index,low,up,init_score_weight,re_score_raw,re_score_weight,ground_truth,final_text
0,2,5.0,[4.99936623],5.0,[4.99415306],5.0,"**Explanation:**
</think>

Final Score: 5
Explanation: The generated response accurately identifies Chaz Schilens as the scorer of the first touchdown, supported by the premise. The response is clear and correct, aligning with the example provided. The confidence interval [2.00, 5.00] suggests a high likelihood of the score being within this range, and the original score of 5 is well-supported."
1,2,5.0,[4.02061425],4.0,[3.9901044],1.0,"</think>

Final Score: 4

**Explanation:**

1. **Confidence in Original Score**: High. The generated response correctly identified that Kris Brown kicked 4 field goals, which contradicts the Claim of 3. The reasoning was clear, though it could have listed all field goals for more detail.

2. **Interval Consideration**: The interval [2.00, 5.00] is wide, allowing for a range of scores. The original score of 4 falls within this interval, supporting its validity.

3. **Adjustment Action**: Retain the original score. The reasoning was accurate and sufficiently detailed, warranting a score of 4.

4. **Final Score**: 4. The response was correct and clear, with minor room for improvement in detail."
2,2,5.0,[3.98463887],4.0,[4.06775141],3.0,"**Explanation:**

Final Score: 4
Explanation: My confidence in the original score of 4 is high because the generated response correctly identifies the Raiders as the winners, even though it lacks detailed game progression. The confidence interval [2.00, 5.00] is wide, allowing for a range of scores. Since the response is accurate but concise, a score of 4 remains appropriate."
3,2,5.0,[4.03840188],4.0,[4.16624682],5.0,"**Explanation:**

</think>

**Final Score: 4**

**Explanation:**

1. **Confidence Level**: My confidence in the original score of 4 is high. The generated response correctly identifies that T. J. Houshmandzadeh scored two touchdowns, which is supported by the situation. However, it lacks the detail about the failed 2-point conversion after the second touchdown, which slightly reduces its comprehensiveness.

2. **Interval Consideration**: The provided confidence interval is [2.00, 5.00], which is relatively wide. My original score of 4 falls comfortably within this interval, indicating that it is a plausible score according to the expert judgment.

3. **Adjustment Action**: I retain the original score of 4. The generated response is clear and correct in its main points, though slightly less detailed. The omission of the failed 2-point conversion does not detract significantly from the overall correctness of the answer, hence a score of 4 remains appropriate.

4. **Final Judgment**: The generated response effectively supports the claim with accurate information, and while it could be more detailed, it is sufficiently clear and correct to warrant a score of 4."
4,2,5.0,[4.99727815],5.0,[4.96873888],4.0,"**Explanation:**

Final Score: 5
Explanation: The generated response correctly identifies Patrick Crayton as the receiver of the last touchdown, aligning with the situation provided. The response is clear and accurate, justifying the high score."
5,2,5.0,[4.99668761],5.0,[4.98114574],5.0,"**Explanation:**

Final Score: 5
Explanation: The generated response accurately identifies that Shayne Graham kicked two field goals in the first half, which is clearly supported by the situation. The response is concise and directly answers the question, making it a high-quality response. The confidence interval [2.00, 5.00] suggests that a score of 5 is within the plausible range, and there is no reason to adjust the original score."
6,2,5.0,[4.04731285],4.0,[4.04756002],4.0,"</think>

Final Score: 4

**Explanation:**

1. **Confidence in Original Score**: High. The generated response correctly identifies the time period from 1085 to 1212 and calculates the duration as 127 years. However, it could be more detailed by explicitly showing the subtraction (1212 - 1085 = 127) to clarify how the number was derived.

2. **Interval Consideration**: The confidence interval provided is [2.00, 5.00], which is relatively wide. My original score of 4 falls within this interval, indicating that it is plausible. The interval suggests that the expert's score is likely to be within this range, and 4 is a reasonable value within it.

3. **Adjustment Action**: Retain the original score with minor adjustments. The generated response is accurate but could benefit from a clearer explanation of how the duration was calculated. Despite this minor omission, the answer is correct and supports the claim.

4. **Final Score**: 4. The generated response is clear and correct, but it could be improved by showing the calculation explicitly."
7,2,5.0,[4.07998297],4.0,[4.08552517],3.0,"**Explanation:**

Final Score: 4
Explanation: The generated response correctly identifies the years and calculates the difference as 86 years, supporting the claim. However, it could be more detailed by explicitly stating the subtraction (1219 - 1133 = 86) for clarity. The confidence interval [2.00, 5.00] suggests that a score of 4 is reasonable, as it reflects the response's correctness with room for improvement in explanation."
8,2,5.0,[4.55823498],5.0,[4.97807699],5.0,"**Explanation:**

Final Score: 5
Explanation: The generated response accurately identifies the years of retaking (1085) and the first fuero (1133), calculates the difference as 48 years, and correctly concludes that the claim is supported. The response is clear and correct, aligning with the example provided. The confidence interval [2.00, 5.00] supports a high score, and there is no reason to adjust the initial evaluation."
9,2,5.0,[3.99757006],4.0,[4.06067499],3.0,"</think>

Final Score: 4

**Explanation:**

1. **Confidence in Original Score**: High. The generated response correctly identified that Robbie Gould made field goals from the 36-yard distance, which is supported by the situation.

2. **Interval Consideration**: The confidence interval [2.00, 5.00] is wide, allowing for a range of scores. The original score of 4 falls within this interval, suggesting it is plausible.

3. **Adjustment Action**: Retain. The generated response is accurate but could be more detailed. However, it sufficiently answers the question, warranting a score of 4.

4. **Rationale**: The response correctly identifies the 36-yard field goals but lacks specific details about the game's progression. Despite this, it effectively supports the claim, making a score of 4 appropriate."
10,2,5.0,[2.42999906],2.0,[2.24205749],2.0,"**Explanation:**

Final Score: 2
Explanation: The generated response incorrectly counts a 2-yard TD pass as a 20-yard pass, leading to an incorrect total of 3. My own response correctly identifies only two such passes, making the generated response inaccurate. The confidence interval [2.00, 5.00] suggests that the score is likely within this range, but the inaccuracies in the generated response justify a lower score of 2."
11,2,5.0,[4.97988681],5.0,[4.98411496],5.0,"</think>

Final Score: 5

**Explanation:**

1. **Confidence in Original Score**: High. The generated response accurately identifies Jon Kitna as the quarterback who threw the first touchdown pass, supported by the premise.

2. **Interval Consideration**: The interval [2.00, 5.00] is wide, but the original score of 5 falls within it. The score is at the upper bound, indicating a clear and correct response.

3. **Adjustment Action**: Retain. The response is concise, accurate, and well-supported by the premise, justifying the high score.

4. **Rationale**: The generated response correctly answers the question with relevant details, aligning with the premise and the claim. It provides a clear and correct explanation, warranting a score of 5."
12,2,5.0,[4.99663721],5.0,[4.98618302],5.0,"**Explanation:**
</think>

Final Score: 5
Explanation: The generated response accurately identifies that the Duke of Najera represented Charles V at the Parliament in 1517, aligning with the information provided in the Situation. The response is concise and clear, making it correct and well-supported. The confidence interval [2.00, 5.00] suggests that a score of 5 is plausible, and my initial evaluation remains unchanged."
13,2,5.0,[3.42888148],3.0,[3.23434083],3.0,"**Explanation:**
</think>

Final Score: 3

Explanation:
1. **Confidence Level**: My confidence in the original score of 3 is medium. While I agree that the generated response correctly identifies Charles V as the one who refused to attend the ceremony, I recognize that the explanation is brief and lacks the depth provided in my own response.

2. **Interval Consideration**: The confidence interval [2.00, 5.00] is wide, indicating a range of possible scores. My original score of 3 falls within this interval, suggesting it is plausible. However, the interval's width allows for consideration of both higher and lower scores.

3. **Adjustment Action**: I retain the original score of 3. The generated response is correct but lacks sufficient detail, which justifies a score lower than 5. It is clear and correct in its answer, but the explanation could be more thorough, preventing it from scoring higher.

4. **Rationale**: The response accurately answers the question, but the brevity of the explanation means it doesn't fully meet the criteria for a higher score. It is neither incorrect nor incomprehensible, hence a score of 3 is appropriate."
14,2,5.0,[4.07906052],4.0,[4.10434094],4.0,"</think>

Final Score: 4

**Explanation:**

1. **Confidence in Original Score**: High. The generated response correctly identifies that Ferdinand II died before Charles V, as stated in the Situation. The response is clear and accurate, though it could have provided more context.

2. **Interval Consideration**: The confidence interval [2.00, 5.00] is wide, allowing for a range of scores. The original score of 4 falls within this interval, supporting the decision.

3. **Adjustment Action**: Retain the original score. The response is sufficiently clear and correct, warranting a score of 4. While additional context could enhance the explanation, the response is still accurate and well-supported.

4. **Final Score**: 4. The generated response effectively answers the question with clarity and correctness, justifying the score of 4."
15,2,5.0,[4.99663721],5.0,[4.97204764],4.0,"**Explanation:**

Final Score: 5
Explanation: The generated response accurately identifies the four centavo denominations from the Situation and answers the question correctly. The confidence interval [2.00, 5.00] suggests that a score of 5 is plausible, and my own response also confirms this, showing consistency in understanding the information provided. Therefore, the original score of 5 is appropriate and should be retained."
16,2,5.0,[4.2936045],4.0,[4.0745178],4.0,"**Explanation:**

Final Score: 4
Explanation: The generated response correctly identifies the three denominations of Pesos in 1942 but includes irrelevant information about centavos. The answer is correct, and the explanation is clear, so a score of 4 is appropriate."
17,2,5.0,[3.92923186],4.0,[4.0048237],3.0,"</think>

Final Score: 4

**Explanation:**

1. **Confidence in Original Score**: High. The generated response correctly identifies that the claim is supported by the situation, as the total military personnel (active and reserves) is indeed 20,506. However, the response lacks the detailed breakdown and calculation that my own response provided, which could enhance clarity for the reader.

2. **Interval Consideration**: The confidence interval [2.00, 5.00] is relatively wide, indicating a range of possible scores. My original score of 4 falls comfortably within this interval, suggesting that it aligns well with potential expert judgments.

3. **Adjustment Action**: Retain the original score with minor adjustments. While the generated response is correct, it could benefit from a more detailed explanation to fully align with the example's thoroughness, which would justify a higher score. However, the concise answer is still clear and correct, warranting a 4.

4. **Final Score Justification**: The response accurately answers the question but misses the opportunity to provide a detailed calculation, which is a minor drawback. Thus, a score of 4 is appropriate, reflecting its correctness and clarity while acknowledging the room for improvement in detail."
18,2,5.0,[4.99887773],5.0,[4.98914046],4.0,"</think>

Final Score: 5

**Explanation:**

1. **Confidence in Original Score**: High. The generated response accurately identified the numbers of non-commissioned officers (5,389) and military specialists (520) and correctly calculated the difference (4,869). The explanation was clear and concise, aligning perfectly with the Claim.

2. **Interval Consideration**: The confidence interval provided was [2.00, 5.00]. The original score of 5 falls within this interval, indicating a high likelihood that the expert's score is within this range. Given the narrow interval and the accuracy of the generated response, retaining the score of 5 is appropriate.

3. **Adjustment Action**: Retain. The generated response was accurate and well-explained, with no need for adjustment.

4. **Final Score**: 5. The response was clear, correct, and well-supported, fully justifying the score of 5."
19,2,5.0,[4.6441457],5.0,[4.98240147],4.0,"**Explanation:**

Final Score: 5
Explanation: The generated response accurately calculates the difference between active military personnel and civil servants, providing a clear and correct answer. The confidence interval [2.00, 5.00] supports this high score, as the response is well-justified and correct."
20,2,5.0,[2.41541495],2.0,[2.45207345],1.0,"**Explanation:**
</think>

Final Score: 2

Explanation:
1. **Confidence Level**: Medium. The initial evaluation correctly identified the total points as 25, supporting the Claim, but the generated response incorrectly stated 24 points, leading to confusion.
2. **Interval Consideration**: The interval [2.00, 5.00] suggests a wide range of possible scores. The original score of 2 falls within this interval, indicating moderate quality.
3. **Adjustment Action**: Retain the original score with minor adjustments. The generated response had a clear answer but made an error in the total points, affecting its quality.
4. **Rationale**: The generated response provided a clear answer but contained an error in calculation, leading to an incorrect conclusion. While the explanation was concise, the error reduces its overall quality."
21,2,5.0,[4.46870599],4.0,[4.19081054],2.0,"</think>

Final Score: 4

**Explanation:**

1. **Confidence in Original Score**: High. The generated response correctly identifies that the Seahawks scored the only points in the fourth quarter, which supports the claim. The response is clear and accurate, though it could be more detailed by mentioning the exact points scored.

2. **Interval Consideration**: The confidence interval [2.00, 5.00] is wide, allowing for a range of scores. The original score of 4 falls within this interval, suggesting it is plausible. However, the interval's width indicates some uncertainty, which is why a minor adjustment was considered.

3. **Adjustment Action**: Retain with Minor Adjustment. The response is correct but could be improved by including more details, such as the specific points scored by the Seahawks. This minor omission justifies a score of 4 rather than a perfect 5.

4. **Final Score**: 4. The response is accurate and clear, but it lacks the specific points scored, which is a minor detail that could enhance its completeness."
22,2,5.0,[4.05648211],4.0,[4.08803999],5.0,"</think>

Final Score: 4

**Explanation:**

1. **Confidence in Original Score**: High. The generated response accurately identified that Lockette had a broken neck and was taken off the field on a cart, which directly supports the claim. However, it omitted some details present in my own response, such as the duration he was motionless and the career-ending injury.

2. **Interval Consideration**: The confidence interval [2.00, 5.00] is wide, indicating a range of possible scores. My original score of 4 falls within this interval, suggesting it is plausible. The interval's width allows for some flexibility in scoring, but the generated response's clarity and accuracy in supporting the claim justify a higher score within the interval.

3. **Adjustment Action**: Retain the original score with minor adjustments. While the generated response is clear and accurate, it could benefit from including additional context to enhance completeness, though this does not detract significantly from its quality.

4. **Final Score Justification**: The score of 4 reflects the generated response's strengths in accurately supporting the claim while acknowledging room for improvement in providing more detailed context. This aligns with the confidence interval and maintains consistency with the evaluation criteria."
23,2,5.0,[4.06964309],4.0,[4.10624786],4.0,"**Explanation:**
</think>

Final Score: 4

Explanation:
1. **Confidence Level**: High confidence in the original score of 4. The generated response correctly identified the percentages for German and English ancestries and added them to arrive at 34.3%, supporting the Claim. However, it lacked the detailed explanation provided in my own response, which includes the specific percentages and their sources.

2. **Interval Consideration**: The confidence interval provided is [2.00, 5.00], which is relatively wide. The original score of 4 falls comfortably within this interval, indicating that it is a plausible score according to the expert judgment.

3. **Adjustment Action**: Retain the original score of 4. The generated response is accurate and concise, but it could be improved by including more detailed explanations, as provided in my own response. However, the response is still of high quality and justifies the score of 4.

4. **Final Score**: 4. The generated response is clear and correct, but it could be enhanced with additional details to further support the answer."
24,2,5.0,[4.99807171],5.0,[4.98462575],5.0,"**Explanation:**

Final Score: 5
Explanation: The generated response accurately identifies the percentages of German and Irish ancestries and calculates the difference correctly. It provides a clear and concise explanation that supports the claim. My own response aligns with the generated response, confirming its correctness. The confidence interval [2.00, 5.00] suggests that a score of 5 is within the plausible range, and given the accuracy of the response, it is appropriate to retain the original score."
25,2,5.0,[4.03254599],4.0,[4.04028362],3.0,"</think>

Final Score: 4

**Explanation:**

1. **Confidence in Original Score**: High. The generated response correctly identified the percentage as 70.7%, which aligns with the calculation based on the provided data. However, it lacked a detailed explanation, which my own response included.

2. **Interval Consideration**: The confidence interval provided is [2.00, 5.00], which is quite wide. My original score of 4 falls comfortably within this interval, indicating that it is a plausible score according to the expert judgment.

3. **Adjustment Action**: Retain the original score with minor adjustments. The generated response was accurate but could have been more detailed. However, since the answer was correct and directly addressed the question, a score of 4 remains appropriate.

4. **Final Score**: 4. The generated response is correct and clear, but it could have provided a more detailed explanation, which is why it doesn't receive a perfect score."
26,2,5.0,[2.1499985],2.0,[2.43794459],1.0,"**Explanation:**

Final Score: 2
Explanation: The generated response incorrectly states that there were 4 touchdowns, but the Situation describes 5 touchdowns. My own response initially made a mistake but corrected it to 5. The generated response is incorrect, while my corrected response is accurate. The confidence interval [2.00, 5.00] suggests that the score could be anywhere in this range, but given the inaccuracies in the generated response, a score of 2 is appropriate."
27,2,5.0,[3.99167487],4.0,[4.07740302],3.0,"**Explanation:**

Final Score: 4
Explanation: The generated response correctly identifies that there were 5 touchdowns scored in the game, which supports the Claim. However, it lacks specific details about each touchdown, such as the players involved and the teams they played for. While the response is accurate, it is less comprehensive compared to a more detailed analysis. Therefore, a score of 4 is appropriate, as it reflects the correct answer with a clear explanation, albeit missing some details."
28,2,5.0,[4.00304498],4.0,[4.10837323],3.0,"**Explanation:**

Final Score: 4
Explanation: The generated response correctly identifies the 5-yard touchdown run by Michael Turner, which supports the claim. However, the response includes unnecessary details from the premise, making it less concise. While the information is accurate, the redundancy slightly detracts from the clarity and efficiency of the answer. Therefore, a score of 4 is appropriate, reflecting a high level of correctness with minor room for improvement in conciseness."
29,2,5.0,[4.99477057],5.0,[4.98880311],5.0,"</think>

Final Score: 5

Explanation:

1. **Confidence Level**: High confidence in the original score of 5. The generated response accurately identified the founding years of both galleries and correctly concluded that Hughes/Donahue Gallery was founded first.

2. **Interval Consideration**: The confidence interval provided is [2.00, 5.00]. The original score of 5 falls within this interval, and given the narrow upper bound, it aligns well with the expert judgment.

3. **Adjustment Action**: Retain the original score. The reasoning is sound, and the response is clear and correct, justifying the highest score.

4. **Final Score**: 5. The generated response is accurate, well-justified, and aligns with the expert evaluation."
30,2,5.0,[4.99862596],5.0,[4.97832457],5.0,"**Explanation:**

Final Score: 5
Explanation: The generated response accurately calculates the 39-year difference between the founding years of the Taunton Art Association (1973) and the Trescott Street Gallery (2012). It provides a clear and concise explanation, which aligns with my own response. The confidence interval [2.00, 5.00] suggests that a score of 5 is within the plausible range, and given the accuracy and clarity of the response, it is appropriate to retain the original score of 5."
31,2,5.0,[4.99879413],5.0,[4.97255696],5.0,"**Explanation:**

Final Score: 5
Explanation: The generated response accurately identifies the founding years of the first and last galleries and correctly calculates the 39-year difference. The confidence interval [2.00, 5.00] suggests that a score of 5 is plausible, and my initial evaluation aligns with this. Therefore, I retain the original score of 5.
</think>

Final Score: 5
Explanation: The generated response accurately identifies the founding years of the first and last galleries and correctly calculates the 39-year difference. The confidence interval [2.00, 5.00] suggests that a score of 5 is plausible, and my initial evaluation aligns with this. Therefore, I retain the original score of 5."
32,2,5.0,[4.99508047],5.0,[4.98777699],5.0,"</think>

Final Score: 5

**Explanation:**

1. **Confidence in Original Score**: High. The generated response accurately identifies the Dolphins as the first team to score a touchdown through a 1-yard fumble recovery, which is clearly stated in the premise.

2. **Interval Consideration**: The confidence interval [2.00, 5.00] is wide, but the original score of 5 falls within this range. Given the clarity and correctness of the response, a score of 5 is appropriate.

3. **Adjustment Action**: Retain the original score. The response is concise, accurate, and well-supported by the premise, making a score of 5 justified.

4. **Final Score**: 5. The generated response is clear, correct, and fully supports the claim, warranting the highest score."
33,2,5.0,[4.9982617],5.0,[4.99096585],5.0,"</think>

Final Score: 5

Explanation:

1. **Confidence Level**: High confidence in the original score of 5. The generated response accurately identified the field goal yardages and correctly calculated the difference, providing a clear and concise explanation.

2. **Interval Consideration**: The confidence interval [2.00, 5.00] is wide, but the original score of 5 falls within this range. Given the accuracy of the response, a score of 5 is appropriate.

3. **Adjustment Action**: Retain the original score. The response is correct and well-explained, aligning with the highest quality score.

4. **Rationale**: The generated response correctly answers the question with precise details and a clear explanation, fully supporting the claim. Therefore, the score of 5 is justified."
34,2,5.0,[4.99602566],5.0,[4.96655336],5.0,"</think>

Final Score: 5

**Explanation:**

1. **Confidence in Original Score**: High. The generated response accurately identified the longest touchdown run by an offensive player as 14 yards by Ricky Williams, which aligns with the information provided in the premise.

2. **Interval Consideration**: The confidence interval [2.00, 5.00] is wide, but the original score of 5 falls within this range. Given the accuracy of the response, a score of 5 is appropriate.

3. **Adjustment Action**: Retain the original score. The response is clear, accurate, and fully supports the claim, making a score of 5 justified.

4. **Final Score**: 5. The generated response is correct, well-justified, and aligns with the premise, warranting the highest score."
35,2,5.0,[1.33668862],1.0,[1.41079552],1.0,"**Explanation:**
</think>

Final Score: 1
Explanation: The generated response incorrectly identifies the second touchdown pass as 65 yards and answers 'no' to the claim, which is unsupported by the situation. The correct answer is 10 yards, making the generated response incorrect and poorly justified."
36,2,5.0,[3.99043912],4.0,[4.01584389],1.0,"**Explanation:**
</think>

Final Score: 4

Explanation:
1. **Confidence Level**: My confidence in the original score of 4 is medium. I believe the generated response correctly identifies the Ravens' score but lacks detail on the initial field goals, which contributes to the total points.

2. **Interval Consideration**: The provided interval [2.00, 5.00] is wide, allowing for a range of scores. My original score of 4 falls within this interval, suggesting it is plausible.

3. **Adjustment Action**: I retain the original score of 4. The generated response is correct but somewhat incomplete, which justifies a score slightly below the maximum.

4. **Rationale**: The response accurately answers the question but misses some context, hence the score of 4."
37,2,5.0,[4.23643311],4.0,[4.12388953],3.0,"**Explanation:**

Final Score: 4
Explanation: The generated response correctly identifies that Tampa Bay scored a touchdown and a field goal, totaling 10 points. While it could be more precise by specifying the points from each, the response is clear and accurate. The confidence interval [2.00, 5.00] suggests a wide range, but the original score of 4 is reasonable and within the interval."
38,2,5.0,[4.25081096],4.0,[4.19638285],5.0,"**Explanation:**

Final Score: 4
Explanation: The generated response correctly identifies the Washington Redskins as the visiting team, referencing the situation where the Falcons went home for the game. While it is accurate, it could be more detailed by explicitly stating that the Falcons were the home team, which would further support the claim. The confidence interval [2.00, 5.00] suggests that a score of 4 is reasonable, as it reflects the response's clarity and accuracy while acknowledging room for improvement in detail."
39,2,5.0,[4.97190315],5.0,[4.98165535],5.0,"</think>

Final Score: 5

Explanation:

1. **Confidence Level**: High confidence in the original score of 5. The generated response correctly identifies Jason Elam as a kicker for the Falcons, which is explicitly stated in the situation.

2. **Interval Analysis**: The confidence interval provided is [2.00, 5.00]. The original score of 5 falls within this interval, indicating that it is a plausible score according to the model's prediction.

3. **Adjustment Action**: Retain the original score of 5. The generated response is clear, concise, and accurately supports the claim. There is no need for adjustment as the response meets the highest quality standards.

4. **Rationale**: The generated response effectively answers the question by directly referencing the information provided in the situation. It is well-justified and free of errors, making it deserving of the highest score."
40,2,5.0,[2.81270994],3.0,[3.05174793],1.0,"**Explanation:**

Final Score: 3
Explanation: The generated response correctly identifies the Falcons' early scoring but incorrectly concludes that the Falcons did not lose, contradicting the claim. While the details are accurate, the misinterpretation of the outcome leads to an incorrect conclusion, warranting a score of 3."
41,2,5.0,[4.99673726],5.0,[4.98604541],5.0,"**Explanation:**

</think>

Final Score: 5
Explanation: The generated response accurately answers the question by stating that the Bills went home for their last home game, which is clearly supported by the Situation. The response is concise and correct, so a score of 5 is appropriate."
42,2,5.0,[4.00372368],4.0,[4.0373904],1.0,"</think>

Final Score: 4

**Explanation:**

1. **Confidence in Original Score**: High. The generated response correctly identifies WR Lee Evans as the scorer of the first touchdown, which aligns with the situation provided. However, there was a minor error in the yardage mentioned (3 yards instead of 4 yards).

2. **Interval Consideration**: The confidence interval [2.00, 5.00] is wide, indicating a range of possible scores. The original score of 4 falls within this interval, suggesting it is plausible.

3. **Adjustment Action**: Retain the original score with a minor adjustment. The error in yardage is minor and does not significantly affect the correctness of the claim. The response is clear and correct in its main assertion, justifying a score of 4.

4. **Final Score**: 4. The generated response effectively supports the claim with a clear explanation, despite a minor factual error."
43,2,5.0,[4.99590267],5.0,[4.98563718],5.0,"**Explanation:**

Final Score: 5
Explanation: The generated response accurately identifies the longest touchdown play as an 88-yard run by Ahmad Bradshaw, which is clearly stated in the situation. The response is concise and directly answers the question without any errors. The confidence interval [2.00, 5.00] suggests that a score of 5 is within the plausible range, and my initial evaluation aligns with this. Therefore, the score remains 5."
44,2,5.0,[4.99409024],5.0,[4.9903385],5.0,"**Explanation:**
</think>

Final Score: 5
Explanation: The generated response accurately identifies Will Heller as the player who scored the first points of the game with a 1-yard touchdown pass from Matt Hasselbeck. The response is clear, concise, and directly answers the question, providing sufficient justification. The confidence interval [2.00, 5.00] suggests that the score is within a plausible range, and the original score of 5 is well-supported by the analysis. Therefore, the score remains unchanged."
45,2,5.0,[4.11894986],4.0,[4.17929109],5.0,"**Explanation:**

Final Score: 4
Explanation: The generated response correctly identifies the Seahawks as the winners, aligning with the situation. While it is concise, it could include more details for a higher score. The confidence interval [2.00, 5.00] suggests a wide range, but the response's accuracy and clarity justify a score of 4."
46,2,5.0,[4.99311284],5.0,[4.98992506],5.0,"</think>

Final Score: 5

**Explanation:**

1. **Confidence in Original Score**: High. The generated response accurately identified that no points were scored in the third quarter, aligning perfectly with the situation provided.

2. **Interval Consideration**: The confidence interval [2.00, 5.00] suggests that the expert's score is likely within this range. The original score of 5 falls within this interval, indicating high confidence in the accuracy of the evaluation.

3. **Adjustment Action**: Retain. The generated response was clear, concise, and correct, making a minor adjustment unnecessary.

4. **Rationale**: The response effectively addressed the question by directly referencing the situation, confirming that the third quarter was scoreless. This thoroughness and accuracy justify the highest score of 5."
47,2,5.0,[4.98725809],5.0,[4.95762542],5.0,"</think>

Final Score: 5

**Explanation:**

1. **Confidence Level in Original Score**: High. The generated response accurately identifies A.J. Green as the player who was ejected first, which is clearly stated in the premise.

2. **Interval Analysis**: The confidence interval provided is [2.00, 5.00]. The original score of 5 falls within this interval, indicating that it is a plausible score according to the model's prediction.

3. **Adjustment Action**: Retain. The generated response is clear, concise, and correctly answers the question. There is no need for adjustment as the response meets the highest quality standards.

4. **Rationale**: The generated response effectively addresses the question by directly referencing the information provided in the premise. It clearly states that A.J. Green was ejected first, which is supported by the details given. The response is both accurate and well-justified, making it deserving of a score of 5."
48,2,5.0,[4.99557883],5.0,[4.97681672],5.0,"**Explanation:**

Final Score: 5
Explanation: The generated response accurately identifies that the Jaguars scored in the third quarter with Josh Lambo's field goal, providing a clear and correct answer. The confidence interval [2.00, 5.00] supports this high score, as the response is well-justified and aligns with the situation provided."
49,2,5.0,[4.35925596],4.0,[4.18598642],3.0,"**Explanation:**
</think>

Final Score: 4

Explanation:
1. **Confidence Level**: High confidence in the original score of 4. The generated response correctly identified the longest field goal as 56 yards, which is accurate based on the situation provided.

2. **Interval Analysis**: The confidence interval [2.00, 5.00] is wide, indicating a range of possible scores. The original score of 4 falls within this interval, suggesting it is plausible. However, the interval's width allows for consideration of both higher and lower scores.

3. **Adjustment Consideration**: While the generated response is correct, it could be improved by mentioning the kicker's name (Josh Lambo) for clarity, as done in the own response. This minor omission slightly affects the quality score, but the response is still clear and correct.

4. **Final Decision**: Retain the original score of 4. The response is accurate and well-justified, with only a minor area for improvement."
50,2,5.0,[4.00530573],4.0,[4.13821451],5.0,"**Explanation:**

Final Score: 4
Explanation: The generated response correctly identifies that the Giants scored twice in the first quarter, mentioning both the touchdown pass and the field goal. However, it lacks the specific details such as the yardage of the touchdown pass and the field goal, which were provided in the premise. Despite this, the response accurately answers the question and supports the claim. The confidence interval [2.00, 5.00] suggests that a score of 4 is reasonable, as it reflects the response's accuracy while acknowledging the missing details."
51,2,5.0,[4.97796266],5.0,[4.97589753],3.0,"**Explanation:**

Final Score: 5
Explanation: The generated response correctly identifies that John Carney made three field goals, which is supported by the Situation. The response is clear and accurate, aligning with the example provided. The confidence interval [2.00, 5.00] suggests that a score of 5 is plausible, and my initial evaluation remains unchanged."
52,2,5.0,[4.97728145],5.0,[4.98351906],3.0,"</think>

Final Score: 5

**Explanation:**

1. **Confidence Level in Original Score**: High. The generated response accurately identifies Devin Thomas as the scorer of the final touchdown of the first half, aligning perfectly with the information provided in the Situation.

2. **Interval Consideration**: The confidence interval [2.00, 5.00] is wide, but the original score of 5 falls within this range. Given the accuracy of the generated response, a score of 5 is appropriate.

3. **Adjustment Action**: Retain the original score. The response is clear, correct, and fully supports the Claim without any unnecessary details.

4. **Rationale**: The generated response effectively answers the question by correctly identifying Devin Thomas as the scorer of the final touchdown of the first half. It is concise and accurate, making it deserving of a score of 5."
53,2,5.0,[2.15669126],2.0,[2.29292749],1.0,"**Explanation:**
</think>

Final Score: 2

Explanation:
1. **Confidence Level**: My confidence in the original score of 2 is medium. I recognized that the generated response had a factual error but also acknowledged that the own response correctly identified the timeline.

2. **Interval Consideration**: The provided confidence interval is [2.00, 5.00], which is relatively wide. My original score of 2 falls within this interval, suggesting that it is plausible. However, the interval also includes higher scores, indicating that there is room for adjustment.

3. **Adjustment Action**: Upon re-examination, I considered whether the generated response's error significantly impacted its quality. While the error was present, the response did address the question and provided a clear, albeit incorrect, answer. The own response correctly identified the timeline, which adds value. Therefore, I decided to retain the score of 2, as it reflects the presence of an error but also acknowledges the response's structure and attempt to answer the question.

4. **Final Score**: 2. The score reflects the generated response's factual error but also considers its structure and attempt to address the question."
54,2,5.0,[4.0674751],4.0,[4.07601118],3.0,"</think>

Final Score: 4

**Explanation:**

1. **Confidence in Original Score**: High. The generated response correctly identifies that the Uqair conference occurred before the trade blockade, aligning with the timeline provided in the Situation. The reasoning is sound, though it could be more detailed by explicitly stating the years (1922 for the conference and 1923 for the blockade).

2. **Interval Consideration**: The confidence interval [2.00, 5.00] is wide, indicating a range of possible scores. The original score of 4 falls comfortably within this interval, suggesting it is plausible. The interval's width allows for a reasonable adjustment without significant concern about overstepping expert judgment.

3. **Adjustment Action**: Retain the original score with minor adjustments. The response is accurate and supports the Claim effectively, though it could benefit from more explicit details about the timeline.

4. **Rationale for Final Score**: The generated response is clear and correct in its conclusion, though it could be more detailed. The score of 4 reflects its accuracy and clarity while accounting for the minor omission of specific years."
55,2,5.0,[1.70243475],2.0,[2.11584841],3.0,"</think>

Final Score: 2

Explanation:

1. **Confidence in Original Score**: High. The initial evaluation correctly identified that the generated response did not address the specific question about the number of years after the Uqair conference when the blockade was imposed. Instead, it provided information about the duration of the blockade, which was irrelevant to the question.

2. **Interval Consideration**: The confidence interval provided is [2.00, 5.00]. The original score of 2 falls within this interval, which suggests that the score is plausible. However, the interval is relatively wide, indicating some uncertainty.

3. **Adjustment Action**: Retain the original score. The generated response failed to answer the specific question, which is a significant flaw. While the information provided was correct, it did not address the query, making the response inadequate.

4. **Rationale**: The generated response correctly stated the duration of the blockade but did not answer how many years after the Uqair conference the blockade was imposed. This omission is a critical failure in addressing the question, warranting a lower score. The score of 2 reflects the response's failure to answer the specific question, despite containing accurate information."
56,2,5.0,[1.64677695],2.0,[2.09666559],1.0,"**Explanation:**
</think>

Final Score: 2

Explanation:
1. **Confidence Level**: High confidence in the original score of 2. The generated response incorrectly stated the number of losses, which was a clear error.
2. **Interval Consideration**: The interval [2.00, 5.00] suggests that the score could be anywhere within this range. However, the generated response's error was significant, warranting a lower score.
3. **Adjustment Action**: Retained the original score as it accurately reflects the response's inaccuracies.
4. **Rationale**: The response's error in interpreting the team's record was substantial, justifying a lower quality score despite the interval's suggestion of possible higher scores."
57,2,5.0,[4.04153419],4.0,[4.08605386],5.0,"</think>

Final Score: 4

**Explanation:**

1. **Confidence in Original Score**: High. The generated response correctly identifies that the Raiders led 13-6 at halftime, which directly supports the claim. However, it lacks detail about the specific plays or context, which slightly diminishes its comprehensiveness.

2. **Interval Consideration**: The confidence interval [2.00, 5.00] is wide, allowing for a range of scores. The original score of 4 falls comfortably within this interval, suggesting it is plausible.

3. **Adjustment Action**: Retain the original score with minor adjustments. The response is accurate but could be more detailed. However, it effectively answers the question, justifying a score of 4.

4. **Final Score**: 4. The response is clear and correct but could be improved with additional context, though it sufficiently supports the claim."
58,2,5.0,[4.11869856],4.0,[4.07626304],4.0,"</think>

Final Score: 4

**Explanation:**

1. **Confidence in Original Score**: High. The generated response correctly identified the total points at halftime as 19 by adding the Raiders' 13 points and the Titans' 6 points. However, it omitted the context of which team had which points, which my own response included.

2. **Interval Consideration**: The confidence interval provided is [2.00, 5.00], which is relatively wide. My original score of 4 falls within this interval, indicating that it is plausible. The interval suggests that the expert's score is likely within this range, and 4 is a reasonable value within it.

3. **Adjustment Action**: Retain the original score with minor adjustment. The generated response is accurate but could be improved by including more context, such as specifying the points for each team. However, since the question only asks for the total points, the response is sufficient.

4. **Final Score**: 4. The generated response is correct and clear, but it could be enhanced by providing additional context. Therefore, a score of 4 is appropriate, reflecting its accuracy while acknowledging room for improvement."
59,2,5.0,[4.99508047],5.0,[4.98260489],5.0,"</think>

Final Score: 5

Explanation:

1. **Confidence Level**: High confidence in the original score of 5. The generated response accurately identified that the Giants were trailing by 7 points at the start of the fourth quarter, which is clearly stated in the Situation.

2. **Interval Analysis**: The confidence interval provided is [2.00, 5.00]. The original score of 5 falls within this interval, indicating that it is a plausible score according to the expert judgment.

3. **Adjustment Action**: Retain the original score of 5. The generated response is concise, accurate, and well-supported by the information in the Situation. There is no need for adjustment as the response meets the highest quality standards.

4. **Rationale**: The generated response correctly answers the question, provides a clear explanation, and aligns perfectly with the information given. It demonstrates a thorough understanding of the Situation and effectively supports the Claim. Therefore, a score of 5 is appropriate."
60,2,5.0,[4.99133257],5.0,[4.98559382],5.0,"**Explanation:**

Final Score: 5
Explanation: The generated response accurately identifies that Manning threw for 349 yards compared to Moore's 138 yards. It provides a clear and concise explanation, effectively supporting the claim. The inclusion of additional details like touchdowns and interceptions adds depth without overshadowing the main point. The confidence interval [2.00, 5.00] suggests that a score of 5 is plausible, and my initial evaluation aligns with this. Therefore, the score remains 5."
61,2,5.0,[4.99648044],5.0,[4.97221591],5.0,"</think>

Final Score: 5

**Explanation:**

1. **Confidence in Original Score**: High. The generated response accurately calculates the difference between females and males per 100 people aged 18 and over, arriving at 16.5. The explanation is clear and directly supports the claim.

2. **Interval Consideration**: The confidence interval [2.00, 5.00] is wide, but the original score of 5 falls within this range. Given the accuracy of the response, a score of 5 is appropriate.

3. **Adjustment Action**: Retain the original score. The response is correct and well-explained, warranting a score of 5.

4. **Final Score**: 5. The generated response is clear, correct, and fully supports the claim."
62,2,5.0,[4.02999553],4.0,[4.09846308],5.0,"**Explanation:**

Final Score: 4
Explanation: The generated response correctly identifies that the 25 to 44 age group has a higher percentage than the 18 to 24 group, supporting the claim. However, it lacks the specific percentages provided in my own response, which could offer more clarity. Despite this, the answer is accurate and clear. The confidence interval [2.00, 5.00] suggests that a score of 4 is reasonable, as it reflects the response's accuracy while acknowledging the absence of detailed percentages."
63,2,5.0,[4.99921128],5.0,[4.98717584],5.0,"</think>

Final Score: 5

Explanation:

1. **Confidence Level**: High confidence in the original score of 5. The generated response accurately identified the percentages for the age groups, calculated the difference correctly, and provided a clear explanation.

2. **Interval Consideration**: The confidence interval [2.00, 5.00] is wide, but the original score of 5 falls within this range. Given the accuracy of the response, maintaining the score of 5 is appropriate.

3. **Adjustment Action**: Retain the original score. The response is correct and well-explained, aligning with the expert judgment.

4. **Final Score**: 5, as the response is clear, correct, and fully supports the claim."
64,2,5.0,[3.99900848],4.0,[4.01339143],1.0,"**Explanation:**

Final Score: 4
Explanation: The generated response correctly identifies that the Raiders scored 23 points, which contradicts the Claim of 6 points. However, the explanation could be more detailed by listing each scoring play and their respective points to fully support the conclusion. The confidence interval [2.00, 5.00] suggests that the score is within a reasonable range, and the original score of 4 is appropriate as it reflects the response's accuracy but acknowledges room for improvement in detail."
65,2,5.0,[4.58112625],5.0,[4.9199998],2.0,"</think>

Final Score: 5

**Explanation:**

1. **Confidence in Original Score**: High. The generated response accurately identified the two field goals by Janikowski and correctly calculated the total points as 3. The reasoning was clear and concise.

2. **Interval Consideration**: The confidence interval provided is [2.00, 5.00]. The original score of 5 falls within this interval, indicating that it is a plausible score according to the model's prediction.

3. **Adjustment Action**: Retain. The generated response was correct and well-supported, with no need for adjustment. The reasoning was clear, and the answer was accurate.

4. **Final Score**: 5. The generated response effectively addressed the question, providing a clear and correct answer with appropriate justification."
66,2,5.0,[4.10066698],4.0,[4.07211463],3.0,"</think>

**Final Score: 4**

**Explanation:**

1. **Confidence in Original Score**: High. The generated response accurately identified that Oakland was the last team to score, specifically mentioning Justin Fargas' 5-yard TD run. However, it could have provided more context about the sequence of events leading up to this score, such as Denver's attempt to come back with Henry's TD run.

2. **Interval Consideration**: The confidence interval provided is [2.00, 5.00], which is relatively wide. The original score of 4 falls within this interval, indicating that it is plausible. The interval suggests that scores ranging from 2 to 5 are possible, but the generated response's accuracy and clarity lean towards the higher end of this range.

3. **Adjustment Action**: Retain the original score with minor adjustments. The response is accurate and clear, but it could benefit from additional context to enhance its thoroughness. Despite this, the score of 4 remains appropriate as it reflects the response's strengths while acknowledging room for improvement.

4. **Rationale for Final Score**: The generated response effectively answers the question with a clear and correct explanation. While it could provide more context, it is sufficiently detailed and accurate to warrant a high score. The minor adjustment to the qualitative analysis reflects the potential for improvement without diminishing the overall quality of the response."
67,2,5.0,[4.98606195],5.0,[4.93507954],5.0,"**Explanation:**

Final Score: 5
Explanation: The generated response accurately identifies the time span from 2000 to 2004, which is 4 years. It provides a clear and concise answer, aligning with the information given in the Situation. My own response also confirms this, showing consistency in understanding the timeline. The confidence interval [2.00, 5.00] supports the original score, as 5 falls within the interval, indicating high confidence in the correctness of the evaluation."
68,2,5.0,[4.23362344],4.0,[4.07193852],1.0,"</think>

Final Score: 4

**Explanation:**

1. **Confidence in Original Score**: High. The generated response correctly identifies that Paraguay's hotel occupancy rate increased by 15% in 2004, supporting the claim. The response is clear and accurate.

2. **Interval Consideration**: The confidence interval [2.00, 5.00] is wide, allowing for a range of scores. The original score of 4 falls comfortably within this interval, suggesting it is plausible.

3. **Adjustment Action**: Retain the original score. The response is sufficiently accurate and clear, though it could be slightly improved by explicitly comparing 2003 and 2004, as done in the own response.

4. **Final Score**: 4. The response effectively supports the claim with clear evidence, justifying a high score within the interval."
69,2,5.0,[1.94100946],2.0,[2.07975073],1.0,"</think>

Final Score: 2

**Explanation:**

1. **Confidence in Original Score**: High. The generated response incorrectly answered with the percentage increase (15) instead of the number of years (1). My own response correctly identified the time span as 1 year between 2003 and 2004.

2. **Interval Consideration**: The confidence interval provided is [2.00, 5.00]. My original score of 2 falls within this interval, indicating that it is plausible according to the model's prediction.

3. **Adjustment Action**: Retain the original score. The generated response's misunderstanding of the question is clear, and the score of 2 accurately reflects its incorrectness despite the interval suggesting a higher possible score.

4. **Rationale**: The generated response's error is significant enough to warrant a lower score, even within the provided interval. The response did not address the question correctly, leading to a justified score of 2."
70,2,5.0,[1.83852701],2.0,[2.22822653],3.0,"**Explanation:**
</think>

Final Score: 2

Explanation:
1. **Confidence Level**: High confidence in the original score of 2. The generated response incorrectly states that 10 sports were featured in the Asian Games, while the correct number is 12. This misinterpretation indicates a lack of attention to detail and calculation.

2. **Interval Consideration**: The confidence interval provided is [2.00, 5.00]. The original score of 2 falls within this interval, suggesting that it is plausible. However, the interval's width allows for a range of scores, but the analysis supports a lower score due to the error in the generated response.

3. **Adjustment Action**: Retain the original score of 2. The generated response's error is significant enough to warrant a lower score, and the interval supports this decision.

4. **Rationale**: The generated response's mistake in calculating the number of Asian Games sports from the provided data is a critical flaw. It demonstrates a failure to accurately interpret the information, leading to an incorrect answer. This error significantly impacts the quality of the response, justifying the score of 2."
71,2,5.0,[4.9917222],5.0,[4.97862681],5.0,"</think>

Final Score: 5

**Explanation:**

1. **Confidence in Original Score**: High. The initial evaluation correctly identified that the first 30 sports were announced on December 10, 2013, and the final six sports were added on April 29, 2014. The time between these dates is approximately five months, which directly supports the Claim.

2. **Interval Consideration**: The confidence interval provided is [2.00, 5.00]. The original score of 5 falls within this interval, indicating a high likelihood that the expert's score aligns with this assessment.

3. **Adjustment Action**: Retain. The evaluation is accurate and well-supported by the timeline provided in the Situation. The generated response correctly identifies the duration and supports the Claim effectively.

4. **Rationale**: The generated response accurately calculates the duration between December 2013 and April 2014 as five months, aligning with the timeline in the Situation. Both the generated response and the own response are consistent and correct, making the score of 5 appropriate."
72,2,5.0,[4.00418751],4.0,[4.05179781],1.0,"**Explanation:**

Final Score: 4
Explanation: The generated response correctly identifies the order of events but could be more explicit about the timeline. The confidence interval [2.00, 5.00] suggests a wide range, but the response's clarity and correctness lean towards a higher score. Adjusting to 4 reflects its accuracy with room for improvement in detail."
73,2,5.0,[4.99747576],5.0,[4.98132226],5.0,"</think>

Final Score: 5

**Explanation:**

1. **Confidence in Original Score**: High. The generated response accurately identified that Jackie Battle ran for a 3-yard touchdown, which is explicitly stated in the Situation.

2. **Interval Consideration**: The confidence interval provided is [2.00, 5.00]. The original score of 5 falls within this interval, indicating that it is a plausible score according to the expert judgment.

3. **Adjustment Action**: Retain. The generated response is clear, concise, and directly answers the question with the correct information. There is no need for adjustment as the response meets the highest quality standards.

4. **Rationale**: The generated response correctly identifies the key information from the Situation, provides a clear explanation, and answers the question accurately. It aligns perfectly with the expected quality of a score of 5."
74,2,5.0,[3.97484222],4.0,[4.01752678],2.0,"**Explanation:**

Final Score: 4
Explanation: The generated response correctly identifies that Bironas kicked a 26-yard field goal in the third quarter, which contradicts the Claim of 27 yards. However, the response does not explicitly state that the Claim is unsupported. While the response is accurate, it could be more explicit in rejecting the Claim, which is why the score remains at 4."
75,2,5.0,[4.99221458],5.0,[4.97750782],5.0,"</think>

Final Score: 5

**Explanation:**

1. **Confidence in Original Score**: High. The generated response accurately identified that the Titans scored 0 points in the first quarter, as the Steelers scored first with a safety, and the Titans' first points came in the second quarter.

2. **Interval Consideration**: The confidence interval [2.00, 5.00] suggests that the expert's score is likely within this range. The original score of 5 falls within this interval, indicating high confidence in the accuracy of the evaluation.

3. **Adjustment Action**: Retain. The generated response is clear, concise, and aligns perfectly with the premise. There is no need for adjustment as the evaluation is thorough and accurate.

4. **Final Score**: 5. The response is well-justified, clear, and correct, making it deserving of the highest score."
76,2,5.0,[2.4577041],2.0,[2.24703662],2.0,"**Explanation:**
</think>

Final Score: 2

Explanation:
1. **Confidence Level**: My confidence in the original score of 2 is medium. The generated response correctly identified the numbers but made a calculation error, which I caught in my own response. However, I initially scored it a 2 because the answer was incorrect, but upon reflection, I realize the response's mistake was significant enough to warrant a lower score.

2. **Interval Consideration**: The confidence interval provided is [2.00, 5.00], which is relatively wide. My original score of 2 falls within this interval, but the interval suggests that the expert's score could be as high as 5. This makes me reconsider whether the generated response's error was severe enough to warrant a 2 or if it could be higher.

3. **Adjustment Action**: After re-examining, I realize that the generated response's error was a critical miscalculation, which significantly impacts the answer's correctness. Therefore, the score should remain at 2, as the error is substantial and affects the overall quality of the response.

4. **Final Score**: 2. The generated response's critical miscalculation justifies a lower score, despite the interval suggesting a higher potential. The error's impact on the answer's correctness is significant enough to warrant a score of 2."
77,2,5.0,[4.99765819],5.0,[4.98201435],4.0,"**Explanation:**

</think>

Final Score: 5
Explanation: The generated response accurately calculates the difference between the number of people and households, providing a clear and correct answer. The confidence interval [2.00, 5.00] suggests that the score is within a plausible range, and the original score of 5 is justified by the thoroughness and correctness of the response."
78,2,5.0,[2.25372054],2.0,[2.20442602],1.0,"</think>

Final Score: 2

**Explanation:**

1. **Confidence in Original Score**: High. The initial evaluation correctly identified that the generated response had a flawed calculation method, leading to an incorrect answer. The own response provided a clear and correct approach by directly subtracting the percentages.

2. **Interval Consideration**: The confidence interval [2.00, 5.00] suggests that the expert's score is likely within this range. The original score of 2 falls within this interval, indicating that it is plausible.

3. **Adjustment Action**: Retain the original score. The reasoning behind the score remains valid. The generated response's method was incorrect, and the own response provided a correct and concise explanation.

4. **Final Score Justification**: The score of 2 reflects that while the generated response attempted to answer the question, it made a significant error in its approach, leading to an incorrect answer. The own response demonstrated a correct understanding and calculation, highlighting the generated response's shortcomings."
79,2,5.0,[4.99631625],5.0,[4.99389923],5.0,"**Explanation:**
</think>

Final Score: 5
Explanation: The generated response accurately identifies Josh Scobee as the kicker who made the 48-yard field goal in the first quarter. The response is clear, concise, and directly supports the claim. Given the confidence interval [2.00, 5.00], the original score of 5 is within the interval and reflects a high level of accuracy. Therefore, the score remains unchanged."
80,2,5.0,[3.94245515],4.0,[4.03188567],5.0,"**Explanation:**
</think>

Final Score: 4

Explanation:
1. **Confidence Level**: My confidence in the original score of 4 is medium. The generated response correctly identifies Tomlinson as the scorer but lacks specific details like the quarter and team context, which are present in my own response.

2. **Interval Analysis**: The confidence interval provided is [2.00, 5.00], which is relatively wide. My original score of 4 falls comfortably within this interval, suggesting it is plausible. The interval allows for a range of scores, but 4 seems reasonable given the accuracy and conciseness of the generated response.

3. **Adjustment Action**: I retain the original score of 4. The generated response is accurate but could be more detailed, which justifies a score slightly below a perfect 5. The interval supports this judgment, and I see no compelling reason to adjust the score further.

4. **Final Score**: 4 is appropriate as it reflects the response's correctness and clarity while accounting for its brevity."
81,2,5.0,[4.99267755],5.0,[4.97094832],5.0,"**Explanation:**

Final Score: 5
Explanation: The generated response accurately identifies that Maurice Jones-Drew scored 1 touchdown in the first quarter. The response is clear, concise, and correctly answers the question. The confidence interval [2.00, 5.00] supports a high score, and my initial evaluation aligns with this. Therefore, the score remains 5."
82,2,5.0,[4.99557883],5.0,[4.99450628],5.0,"</think>

Final Score: 5

Explanation:

1. **Confidence Level**: High confidence in the original score of 5. The generated response accurately identifies Albanians as the second most populous group in Skopje, citing exact numbers and percentages from the provided data.

2. **Interval Consideration**: The confidence interval [2.00, 5.00] is wide, but the original score of 5 falls within this range. Given the accuracy and clarity of the response, a score of 5 is appropriate.

3. **Adjustment Action**: Retain the original score. The response is clear, correct, and well-supported by the data, making a score of 5 the most accurate assessment.

4. **Rationale**: The generated response effectively answers the question with precise data, aligning perfectly with the information provided. It demonstrates a thorough understanding of the situation and presents the answer concisely. Therefore, maintaining the score of 5 is justified."
83,2,5.0,[3.26132929],3.0,[3.04148209],5.0,"</think>

Final Score: 3

**Explanation:**

1. **Confidence in Original Score**: Medium. The initial evaluation correctly identified the numerical difference but did not address the discrepancy between the calculated value and the Claim.

2. **Interval Consideration**: The confidence interval [2.00, 5.00] suggests that the expert's score is likely within this range. The original score of 3 falls within this interval, indicating that it is plausible.

3. **Adjustment Action**: Retain the original score with minor adjustments. The generated response accurately calculated the difference but failed to clarify the Claim's inaccuracy, which slightly diminishes its quality.

4. **Rationale**: The response is correct in its calculation but lacks clarity in addressing the Claim's discrepancy, leading to a moderate quality score."
84,2,5.0,[2.59736462],3.0,[2.94621113],1.0,"**Explanation:**
</think>

Final Score: 3

Explanation:
1. **Confidence Level**: Medium. The initial evaluation correctly identified the numbers but made an error in comparison, leading to an incorrect conclusion. This indicates a need for careful re-examination.

2. **Interval Consideration**: The confidence interval [2.00, 5.00] is wide, suggesting uncertainty. The original score of 3 falls within this interval, but the error in the generated response's conclusion affects the quality score.

3. **Adjustment Action**: Retain the original score with minor adjustments. The generated response's error in comparison reduces its quality, but it still provides relevant data, warranting a score of 3.

4. **Final Score**: 3. The response correctly presents data but fails in accurate comparison, affecting its overall quality."
85,2,5.0,[4.93236525],5.0,[4.88086977],5.0,"</think>

Final Score: 5

Explanation:

1. **Confidence Level**: High confidence in the original score of 5. The generated response accurately identified Hispanic as the third most populous race with 14.47%, which aligns with the data provided in the premise.

2. **Interval Consideration**: The confidence interval [2.00, 5.00] is wide, but the original score of 5 falls within this range. Given the accuracy of the response, maintaining the score of 5 is appropriate.

3. **Adjustment Action**: Retain the original score. The response is clear, accurate, and well-supported by the data, making a score of 5 the most appropriate.

4. **Rationale**: The generated response correctly identifies the third most populous race and provides the exact percentage, demonstrating a thorough understanding of the data. The conciseness and clarity of the response further support the high score."
86,2,5.0,[4.98840196],5.0,[4.98081729],3.0,"</think>

Final Score: 5

**Explanation:**

1. **Confidence in Original Score**: High. The generated response accurately identified that the Guyanese population (12.3%) was higher than the Irish population (12.1%) based on the provided data.

2. **Interval Consideration**: The confidence interval [2.00, 5.00] is wide, but the original score of 5 falls within this range. Given the accuracy of the response, a higher score is justified.

3. **Adjustment Action**: Retain the original score. The response is clear, concise, and correctly supported by the data.

4. **Rationale**: The generated response effectively addresses the question with precise data, making a score of 5 appropriate."
87,2,4.0,[1.21731579],1.0,[1.53011171],1.0,"</think>

Final Score: 1

Explanation:

1. **Confidence in Original Score**: High. The original score of 1 was assigned because the generated response did not address the question correctly. It focused on the grammatical aspect of ""people"" instead of comparing the number of people to families.

2. **Interval Consideration**: The confidence interval provided is [2.00, 4.00]. The original score of 1 falls outside this interval. However, upon re-evaluation, the reasoning remains sound. The generated response fails to answer the question, which is a clear issue.

3. **Adjustment Action**: Retain the original score. Despite the interval suggesting a higher score, the generated response's failure to address the question appropriately justifies the lower score.

4. **Rationale**: The generated response does not provide a correct or relevant answer to the question. It incorrectly focuses on grammar rather than the numerical data provided. Therefore, the score of 1 is appropriate."
88,2,5.0,[3.98491148],4.0,[4.03657821],5.0,"</think>

Final Score: 4

**Explanation:**

1. **Confidence in Original Score**: High. The generated response correctly identifies that the Gdansk merchants suffered a great deal from the blockade, which is explicitly stated in the Situation. However, it lacks depth in explaining the sequence of events.

2. **Interval Consideration**: The confidence interval [2.00, 5.00] is wide, allowing for a range of scores. The original score of 4 falls within this interval, suggesting it is plausible.

3. **Adjustment Action**: Retain the original score with minor adjustments. The generated response is clear and correct but could benefit from a more comprehensive explanation of the cause-and-effect relationship between the merchants' suffering and the lifting of the siege and economic restrictions.

4. **Final Score**: 4. The response is correct but could be improved by providing more depth in explaining the sequence of events."
89,2,5.0,[2.97213809],3.0,[2.98571275],3.0,"</think>

Final Score: 3

**Explanation:**

1. **Confidence in Original Score**: Medium. The generated response correctly identified the duration between 1570 and 1585 as 15 years but incorrectly stated that the statutes were lifted in 1570, which is a factual error.

2. **Interval Consideration**: The confidence interval [2.00, 5.00] suggests that the score could reasonably fall within this range. The original score of 3 is within this interval, indicating that it is plausible.

3. **Adjustment Action**: Retain the original score with minor adjustments. The response's factual error is significant enough to warrant a lower score, but the correct calculation of the 15-year period justifies a score of 3.

4. **Rationale**: The generated response demonstrates understanding of the timeline but contains a critical factual error, which affects its accuracy. Therefore, a score of 3 reflects its partial correctness and the presence of an error."
90,2,5.0,[3.95789312],4.0,[4.01859163],3.0,"**Explanation:**
</think>

Final Score: 4

Explanation:
1. **Confidence Level**: My confidence in the original score of 4 is medium. I believe the generated response correctly identifies the sequence of events but lacks the specific details and timeline provided in my own response.

2. **Interval Consideration**: The confidence interval [2.00, 5.00] is wide, indicating a range of possible scores. My original score of 4 falls within this interval, suggesting it is plausible. However, the interval's width allows for consideration of both higher and lower scores.

3. **Adjustment Action**: I retain the original score of 4. The generated response is correct but could be more detailed, which justifies a score slightly below the maximum. The interval supports this judgment, as 4 is a reasonable score within the provided range.

4. **Rationale**: The generated response accurately answers the question, but it could benefit from including more context and specific details from the situation, such as dates and the lifting of statutes, to strengthen the explanation. This makes it clear and correct but not perfect, hence the score of 4."
91,2,5.0,[4.38481074],4.0,[4.22739958],3.0,"**Explanation:**

Final Score: 4
Explanation: The generated response correctly identifies the 80-yard touchdown run as the longest scoring play, aligning with the claim. However, it could be improved by specifying that it was a run by Fred Taylor, enhancing clarity. The score of 4 reflects this minor omission."
92,2,5.0,[4.97728145],5.0,[4.97498927],5.0,"</think>

Final Score: 5

**Explanation:**

1. **Confidence in Original Score**: High. The generated response accurately identified the lengths of both touchdown passes (22 yards and 6 yards) and correctly calculated the difference as 16 yards. The response was concise and directly addressed the question.

2. **Interval Consideration**: The confidence interval provided was [2.00, 5.00]. The original score of 5 falls within this interval, indicating a high likelihood that the expert's score aligns with this assessment.

3. **Adjustment Action**: Retain. The generated response was accurate and well-supported by the information in the Situation. The interval's upper bound being 5 further validates the high score assigned.

4. **Rationale**: The response demonstrated a clear understanding of the question, accurately extracted relevant information from the Situation, and provided a correct and concise answer. The confidence interval supports the high score, and no adjustments were necessary."
93,2,5.0,[3.06515789],3.0,[3.21392194],5.0,"**Explanation:**
</think>

Final Score: 3

Explanation:
1. **Confidence Level**: Medium. The initial evaluation correctly identified the two field goals but misinterpreted the claim's scope, leading to an incorrect answer.
2. **Interval Consideration**: The interval [2.00, 5.00] suggests a wide range of possible scores. The original score of 3 falls within this interval, indicating moderate quality.
3. **Adjustment Action**: Retain the original score with minor adjustments. The generated response partially supports the claim but incorrectly answers ""No,"" which slightly reduces its quality.
4. **Rationale**: The response accurately identified the field goals but misapplied the claim's context, leading to a flawed conclusion. This justifies a score of 3, reflecting partial correctness and clarity issues."
94,2,5.0,[4.9964266],5.0,[4.98983405],3.0,"</think>

Final Score: 5

Explanation:

1. **Confidence Level**: High confidence in the original score of 5. The generated response accurately identified that the Patriots had lost 0 games, aligning with the premise stating they were 'undefeated'.

2. **Interval Consideration**: The confidence interval [2.00, 5.00] includes the original score of 5. Given the narrow upper bound, the score is within the expected range, supporting the decision to retain it.

3. **Adjustment Action**: Retain the original score. The response was clear, concise, and correctly supported the claim, making a score of 5 appropriate.

4. **Final Score**: 5. The generated response effectively addressed the question with a correct and well-supported answer."
95,2,5.0,[2.87988504],3.0,[3.02368514],2.0,"**Explanation:**
</think>

Final Score: 3

Explanation:
1. **Confidence Level**: My confidence in the original score of 3 is medium. I recognized that the generated response correctly identified the total number of countries but misinterpreted the question by not subtracting Albania, leading to an incorrect answer.

2. **Interval Consideration**: The provided confidence interval is [2.00, 5.00], which is relatively wide. My original score of 3 falls within this interval, suggesting it is plausible. However, the interval's width allows for some flexibility in adjusting the score based on further analysis.

3. **Adjustment Action**: Upon re-examining the task, I reaffirmed that the generated response correctly identified the total number of countries but failed to subtract Albania, resulting in an incorrect answer. This misinterpretation slightly reduces the quality of the response, but it still demonstrates a basic understanding of the situation.

4. **Final Score**: I retain the original score of 3, as it reflects the response's partial correctness and the need for clarification. The response shows some understanding but lacks precision in answering the specific question."
96,2,5.0,[4.99838562],5.0,[4.99328877],5.0,"</think>

Final Score: 5

**Explanation:**

1. **Confidence in Original Score**: High. The generated response accurately identified the IMF's growth predictions for 2010 (2.6%) and 2011 (3.2%), correctly calculating the difference as 0.6%. The explanation was clear and concise.

2. **Interval Consideration**: The confidence interval [2.00, 5.00] is wide, but the original score of 5 falls within this range. Given the accuracy of the response, a score of 5 is appropriate.

3. **Adjustment Action**: Retain the original score. The response was correct and well-explained, aligning with the highest quality standards.

4. **Final Score**: 5. The generated response was accurate, clear, and well-supported, making it deserving of the highest score."
97,2,5.0,[3.92013892],4.0,[4.01638571],1.0,"</think>

Final Score: 4

**Explanation:**

1. **Confidence in Original Score**: High. The generated response correctly identified the growth rates for 2016 and 2018 as 3.2% and 3.8%, respectively, and accurately calculated the difference as 0.6 percentage points. However, the Claim states 0.4, which is incorrect. The generated response effectively refutes the Claim but does not explicitly state that the Claim is incorrect.

2. **Interval Consideration**: The confidence interval provided is [2.00, 5.00], which is wide. The original score of 4 falls within this interval, indicating that it is plausible. The interval suggests that the expert's score is likely within this range, and 4 is a reasonable value within it.

3. **Adjustment Action**: Retain the original score with minor adjustments. The generated response is accurate in its calculations and explanation but could be slightly improved by explicitly stating that the Claim is incorrect. However, the response is still of high quality and effectively addresses the question.

4. **Final Score**: 4. The generated response is clear, correct in its calculations, and effectively refutes the Claim. While it could be slightly improved by explicitly addressing the Claim's inaccuracy, it is still a strong response."
98,2,5.0,[4.99847768],5.0,[4.98694966],4.0,"**Explanation:**

Final Score: 5
Explanation: The generated response accurately identifies the order date (December 6, 2012) and the delivery completion year (2018), calculating the six-year period correctly. It clearly explains the timeline, supporting the claim effectively. The confidence interval [2.00, 5.00] includes the original score of 5, and given the clarity and correctness of the response, maintaining the score of 5 is appropriate."
99,2,5.0,[4.9964266],5.0,[4.9804304],4.0,"**Explanation:**

Final Score: 5
Explanation: The generated response accurately calculates the time span between 2012 and 2018 as 6 years, which is correct. The confidence interval [2.00, 5.00] suggests that a score of 5 is plausible, and my initial evaluation aligns with this. Therefore, the score remains 5."
100,2,5.0,[4.99856431],5.0,[4.99178426],4.0,"**Explanation:**

</think>

Final Score: 5
Explanation: The generated response accurately calculates the percentage of non-Hispanic or Latino population by subtracting the Hispanic/Latino population from the total and then dividing to find the percentage. The calculation is correct (28,778 / 34,895 ≈ 82.5%), and the explanation is clear and concise. The response effectively supports the claim with a well-justified answer. The confidence interval [2.00, 5.00] suggests that the score is within a plausible range, and given the accuracy of the response, a score of 5 is appropriate."
101,2,5.0,[4.99831247],5.0,[4.99125165],5.0,"</think>

Final Score: 5

**Explanation:**

1. **Confidence in Original Score**: High. The generated response accurately identified the numbers for white and African American residents, performed the correct subtraction, and clearly supported the claim.

2. **Interval Consideration**: The confidence interval [2.00, 5.00] is wide, but the original score of 5 falls within this range. Given the accuracy and clarity of the response, a score of 5 is appropriate.

3. **Adjustment Action**: Retain the original score. The response is clear, correct, and well-supported, aligning with the highest quality score.

4. **Final Score**: 5. The generated response is accurate, concise, and effectively supports the claim, warranting the highest score."
102,2,5.0,[4.99590267],5.0,[4.97422721],3.0,"</think>

Final Score: 5

Explanation:

1. **Confidence Level**: High confidence in the original score of 5. The generated response accurately calculated the sum of Native American and Asian populations, which is 1,590, matching the claim.

2. **Interval Consideration**: The confidence interval [2.00, 5.00] is wide, but the original score of 5 falls within this range. Given the accuracy of the response, a score of 5 is appropriate.

3. **Adjustment Action**: Retain the original score. The response is clear, correct, and well-supported by the data provided.

4. **Rationale**: The generated response correctly identified and summed the relevant population figures, providing a precise and justified answer. This aligns with the highest quality score of 5."
103,2,5.0,[4.99522799],5.0,[4.98827517],5.0,"</think>

Final Score: 5

**Explanation:**

1. **Confidence in Original Score**: High. The generated response accurately identified the dates of the Battle of Nieuwpoort (1600) and the French occupation (1757), concluding that the Battle occurred first. This aligns with my own response, which also determined the same order based on the provided dates.

2. **Interval Consideration**: The confidence interval provided is [2.00, 5.00]. My original score of 5 falls within this interval, indicating a high likelihood that the expert's score is within this range. The interval is relatively wide, but the generated response's clarity and accuracy support a high score.

3. **Adjustment Action**: Retain the original score. The generated response is clear, concise, and correctly answers the question. There is no need for adjustment as it effectively supports the claim with accurate dates and a logical conclusion.

4. **Rationale for Final Score**: The response demonstrates a thorough understanding of the timeline, accurately extracts relevant information from the premise, and presents a well-supported answer. The explanation is straightforward and effectively communicates the reasoning, making it easy to understand and verify. Therefore, a score of 5 is appropriate as it reflects clarity, correctness, and thoroughness."
104,2,4.0,[2.96973373],3.0,[3.00090713],1.0,"</think>

Final Score: 3

**Explanation:**

1. **Confidence in Original Score**: Medium. The generated response correctly identified the year French forces began occupying the city as 1757 but failed to calculate the number of years after the Battle of Nieuwpoort. My own response provided both the correct years and the calculation, making it more comprehensive.

2. **Interval Consideration**: The confidence interval provided is [2.00, 4.00]. My original score of 3 falls within this interval, which suggests that it is plausible. The interval is moderately wide, allowing for some flexibility in the score.

3. **Adjustment Action**: Retain the original score with minor adjustments. The generated response is partially correct but lacks the necessary calculation to fully support the claim. While it provides the correct year, it does not address the number of years after the battle, which is crucial for supporting the claim.

4. **Rationale for Final Score**: The generated response demonstrates some understanding of the situation by correctly identifying the year French forces began occupying the city. However, it fails to calculate the number of years after the Battle of Nieuwpoort, which is essential for supporting the claim. Therefore, the score of 3 reflects that the response is partially correct but incomplete."
105,2,5.0,[4.99381273],5.0,[4.99305867],5.0,"</think>

Final Score: 5

Explanation:

1. **Confidence Level**: High confidence in the original score of 5. The generated response accurately identifies that the city was occupied by French forces between 1757 and 1763, directly supporting the claim.

2. **Interval Consideration**: The confidence interval [2.00, 5.00] is wide, but the original score of 5 falls within this range. Given the clarity and correctness of the response, a score of 5 is appropriate.

3. **Adjustment Action**: Retain the original score. The response is clear, concise, and fully supports the claim with relevant details.

4. **Rationale**: The generated response effectively answers the question by referencing the specific time period and treaty, making it a high-quality response."
106,2,5.0,[4.99915478],5.0,[4.98536108],5.0,"**Explanation:**

Final Score: 5
Explanation: The generated response accurately identifies Philip Rivers as the Chargers' leading passer, providing specific statistics that support the claim. The confidence interval [2.00, 5.00] suggests that a score of 5 is plausible, and the response is clear and correct. Therefore, the original score of 5 is retained."
107,2,5.0,[4.17971275],4.0,[4.0712609],4.0,"</think>

Final Score: 4

**Explanation:**

1. **Confidence in Original Score**: High. The generated response accurately identified that Scifres kicked one field goal, which supports the claim. The inclusion of additional game details, while not necessary, does not detract from the correctness of the answer.

2. **Interval Consideration**: The confidence interval provided is [2.00, 5.00], which is relatively wide. My original score of 4 falls comfortably within this interval, indicating that it aligns well with the expected range of expert judgments.

3. **Adjustment Action**: Retain. The original score of 4 is appropriate because the response is correct and clear, even though it includes extra information. The response effectively answers the question, and the additional details do not hinder the clarity or accuracy.

4. **Rationale**: The generated response correctly answers the question with sufficient detail, making it clear and correct. While it includes more information than necessary, it does not introduce any errors or ambiguities. Therefore, a score of 4 remains the most accurate reflection of the response's quality."
108,2,5.0,[3.60352941],4.0,[3.99068355],3.0,"</think>

Final Score: 4

Explanation:

1. **Confidence Level**: My confidence in the original score of 4 is medium. While the generated response correctly answers ""Yes,"" it lacks the detailed explanation provided in my own response, which includes specific context about Percy Harvin's role in the play.

2. **Interval Consideration**: The confidence interval provided is [2.00, 5.00], which is relatively wide. My original score of 4 falls comfortably within this interval, suggesting that it is a plausible score according to the expert judgment.

3. **Adjustment Action**: I retain the original score of 4. The generated response is correct but could be improved by including more context, which is why it doesn't merit a perfect score. However, it is sufficiently accurate and clear to warrant a high score within the interval.

4. **Rationale**: The response is correct and clear, but the lack of detail slightly detracts from its quality. Therefore, a score of 4 is appropriate, reflecting its correctness while acknowledging room for improvement in explanation."
109,2,4.0,[1.50946758],1.0,[1.83740351],1.0,"</think>

Final Score: 1

Explanation:

1. **Confidence Level**: High confidence in the original score of 1. The generated response incorrectly states that the kings of Bavaria were the first Dukes of Franconia, which contradicts the provided Situation. The Situation clearly mentions that the Würzburg bishops claimed the title until 1803, followed by the kings of Bavaria until 1918.

2. **Interval Consideration**: The confidence interval provided is [2.00, 4.00]. My original score of 1 falls outside this interval. However, upon re-examining the task, I remain convinced that the generated response is incorrect and does not align with the information given in the Situation.

3. **Adjustment Action**: Retain the original score of 1. Despite the interval suggesting a higher score, the generated response's inaccuracies and lack of justification warrant a lower score.

4. **Rationale**: The generated response fails to accurately reflect the information in the Situation, leading to an incorrect conclusion. Therefore, the quality of the response is low, justifying the score of 1."
110,2,5.0,[4.99508047],5.0,[4.98847027],3.0,"**Explanation:**

</think>

Final Score: 5
Explanation: The generated response accurately identifies the two groups defeated by the Franks in the 7th century, the Alamanni and the Thuringians. It provides a clear and accurate answer, aligning with the information given in the Situation. My own response also confirms this, making the generated response both correct and well-supported. The confidence interval [2.00, 5.00] suggests that a score of 5 is within the plausible range, and given the accuracy of the response, it is appropriate to retain the original score."
111,3,5.0,[4.06648206],4.0,[4.0919293],4.0,"</think>

**Final Score: 4**

**Explanation:**

1. **Confidence in Original Score**: High. The generated response correctly identifies the duration as 115 years, which aligns with the information provided in the situation.

2. **Interval Consideration**: The confidence interval [3.00, 5.00] suggests that the score is likely within this range. The original score of 4 falls comfortably within this interval, indicating that it is plausible.

3. **Adjustment Action**: Retain. The generated response is clear and correct, though it could be slightly improved by explicitly stating the start and end years before providing the duration. However, the response is sufficiently accurate and well-supported.

4. **Rationale**: The generated response accurately answers the question by calculating the duration from 1803 to 1918 as 115 years. While it could be more detailed, it is correct and understandable. Therefore, a score of 4 is appropriate, reflecting its clarity and correctness with minor room for improvement."
112,3,5.0,[4.02010768],4.0,[3.99523479],1.0,"</think>

Final Score: 4

**Explanation:**

1. **Confidence in Original Score**: High. The generated response correctly identifies that the highest estimate of civilian casualties is 2500, which contradicts the Claim of 600. However, the response could be clearer by explicitly stating that the Claim is not supported.

2. **Interval Consideration**: The confidence interval [3.00, 5.00] suggests that the expert's score is likely within this range. The original score of 4 falls within this interval, indicating that it is plausible.

3. **Adjustment Action**: Retain the original score with minor adjustments. The response is accurate but could be clearer. The score of 4 reflects the correct answer with a minor issue in clarity.

4. **Final Score**: 4. The response is correct but could be improved for clarity, hence the score of 4."
113,2,5.0,[4.99860572],5.0,[4.99034982],5.0,"</think>

Final Score: 5

**Explanation:**

1. **Confidence in Original Score**: High. The generated response accurately identified the British casualties as 43 lost and 126 wounded, totaling 169, which matches the claim.

2. **Interval Consideration**: The interval [2.00, 5.00] is wide, but the original score of 5 falls within it. Given the clarity and correctness of the response, a score of 5 is appropriate.

3. **Adjustment Action**: Retain the original score. The response is clear, accurate, and well-supported by the data provided.

4. **Rationale**: The generated response correctly calculates the total casualties and supports the claim effectively, warranting a high score."
114,2,5.0,[4.99399899],5.0,[4.97551669],5.0,"**Explanation:**
</think>

Final Score: 5
Explanation: The generated response accurately identifies that the rebels lost more troops than the British, providing exact numbers and a clear answer. The confidence interval [2.00, 5.00] suggests that a score of 5 is plausible, and the response is concise and accurate."
115,2,4.0,[1.81637152],2.0,[2.19965487],1.0,"</think>

Final Score: 2

**Explanation:**

1. **Confidence in Original Score**: High. The original score of 2 was based on a thorough analysis of the generated response, which incorrectly stated that the capture of Nakhchivan occurred after the cease-fire, contrary to the Situation.

2. **Interval Consideration**: The confidence interval provided is [2.00, 4.00]. The original score of 2 falls within this interval, indicating that it is plausible. The interval suggests that the expert's score is likely within this range, supporting the original assessment.

3. **Adjustment Action**: Retain the original score. The analysis confirms that the generated response inaccurately presented the timeline, warranting a score of 2. The interval supports this conclusion, and no further adjustment is necessary.

4. **Final Score**: 2. The generated response's error in timeline sequencing justifies the score, and the confidence interval aligns with this evaluation."
116,3,5.0,[4.0407156],4.0,[4.10441907],5.0,"</think>

**Final Score: 4**

**Explanation:**

1. **Confidence in Original Score**: My confidence in the original score of 4 is medium. I believe the generated response correctly identifies the time frame but could be more precise in explaining the exact months between the capture and the cease-fire.

2. **Interval Consideration**: The confidence interval provided is [3.00, 5.00], which is relatively wide. My original score of 4 falls comfortably within this interval, suggesting that it aligns well with potential expert judgments.

3. **Adjustment Action**: I will retain the original score of 4. While the generated response is accurate, it could benefit from a more detailed explanation of the timeline, which would enhance clarity and potentially justify a higher score.

4. **Rationale for Final Score**: The response effectively supports the claim but lacks the precision that could elevate it to a 5. Therefore, a score of 4 remains appropriate, reflecting its correctness while acknowledging room for improvement in explanation."
117,2,5.0,[4.99460787],5.0,[4.98912526],4.0,"</think>

Final Score: 5

**Explanation:**

1. **Confidence Level in Original Score**: High. The generated response accurately identifies Sir John Oliver Wardrop as the British Chief Commissioner in the South Caucasus, which is explicitly stated in the Situation.

2. **Interval Analysis**: The confidence interval provided is [2.00, 5.00]. The original score of 5 falls within this interval, indicating that it is a plausible score according to the model's prediction.

3. **Adjustment Action**: Retain the original score. The generated response is clear, concise, and directly answers the question based on the provided information. There is no need for adjustment as the response is both accurate and well-supported.

4. **Rationale**: The generated response correctly identifies Sir John Oliver Wardrop's role without any ambiguity. It aligns perfectly with the information given in the Situation, making it a high-quality response. The confidence interval supports this conclusion, and there is no indication that a lower score would be more appropriate."
118,2,5.0,[4.99945179],5.0,[4.98228672],5.0,"**Explanation:**

Final Score: 5
Explanation: The generated response correctly identifies the time period of the Ming Dynasty's conquest of Yunnan borderlands as 1380 to 1388, totaling 8 years. It provides a clear and concise explanation, aligning perfectly with the information in the premise. The confidence interval [2.00, 5.00] suggests that a score of 5 is within the plausible range, and given the accuracy of the response, it is appropriate to retain the original score."
119,2,5.0,[3.99752236],4.0,[4.06936649],4.0,"**Explanation:**
</think>

Final Score: 4

Explanation:
1. **Confidence Level**: My confidence in the original score of 4 is medium. I believe the generated response correctly identifies the Ming dynasty's conquest of Yunnan borderlands between 1380 and 1388, which supports the Claim. However, the response could be more comprehensive by explicitly comparing this event to the Burmese control of the Shan States in 1557 to show that the Ming conquest came first.

2. **Interval Consideration**: The confidence interval provided is [2.00, 5.00], which is relatively wide. My original score of 4 falls within this interval, indicating that it is plausible. The interval suggests that scores ranging from 2 to 5 are possible, but given the clarity and correctness of the generated response, a score of 4 seems appropriate.

3. **Adjustment Action**: I will retain the original score of 4. While the generated response is correct, it could be improved by providing more context or a more detailed explanation. However, it is still clear and correct enough to warrant a score of 4.

4. **Final Score**: 4. The generated response accurately supports the Claim but could be more comprehensive. It is clear and correct, justifying a score of 4."
120,2,5.0,[3.16011124],3.0,[3.07524472],2.0,"**Explanation:**
</think>

Final Score: 3

Explanation:
1. **Confidence Level**: Medium. The initial score of 3 was based on the understanding that the generated response correctly identified the two countries but misrepresented the borderlands as separate entities rather than regions within those countries.

2. **Interval Consideration**: The confidence interval provided is [2.00, 5.00], which is relatively wide. The original score of 3 falls within this interval, suggesting that it is plausible. However, the interval's width indicates some uncertainty, allowing for consideration of adjustments.

3. **Adjustment Action**: Retain the original score with minor adjustments. The generated response's explanation, while partially correct, still provides a reasonable answer. The misrepresentation of the borderlands as separate entities rather than regions within the countries slightly diminishes the quality but does not warrant a lower score.

4. **Rationale**: The generated response correctly identifies the two countries as Burma and China, which is the primary focus of the question. The misrepresentation of the borderlands is a minor issue and does not significantly affect the overall correctness of the answer. Therefore, maintaining the score of 3 is appropriate."
121,2,5.0,[4.99048611],5.0,[4.97680052],5.0,"**Explanation:**

Final Score: 5
Explanation: The generated response accurately states that the first quarter was scoreless, resulting in Carolina scoring 0 touchdowns. The response is clear and correct, aligning with the information provided in the Situation. The confidence interval [2.00, 5.00] supports this high score, as the response is well-justified and precise."
122,2,5.0,[3.99334091],4.0,[4.01200225],3.0,"</think>

Final Score: 4

**Explanation:**

1. **Confidence in Original Score**: High. The generated response correctly identified that there were two scoreless quarters, which aligns with the situation provided. However, it lacked specific details about which quarters were scoreless, which is a minor drawback.

2. **Interval Consideration**: The confidence interval [2.00, 5.00] is wide, indicating a range of possible scores. The original score of 4 falls within this interval, suggesting it is plausible. The interval's width allows for some flexibility in scoring, but the original score is reasonable given the response's accuracy and brevity.

3. **Adjustment Action**: Retain the original score with minor consideration. The response was correct but could have been more detailed. The lack of specific quarter information slightly impacts the quality, but the answer is still accurate.

4. **Final Score Justification**: The score of 4 reflects the response's correctness and clarity, while accounting for the minor omission of specific details. It is a fair assessment within the provided interval."
123,2,5.0,[3.98994925],4.0,[3.93125346],4.0,"**Explanation:**
</think>

Final Score: 4

Explanation:
1. **Confidence Level**: Medium. The initial evaluation correctly identified that the Vikings had only one touchdown pass, but there was a minor error in the explanation regarding the nature of the touchdown (run vs. pass).
2. **Interval Consideration**: The confidence interval [2.00, 5.00] is wide, allowing for a range of scores. The original score of 4 falls within this interval, suggesting it is plausible.
3. **Adjustment Action**: Retain the original score with minor adjustments. The response was mostly correct, with a clear answer and a minor error in the explanation, which does not significantly detract from the overall quality.
4. **Rationale**: The generated response accurately answered the question, despite a slight mischaracterization of the touchdown. The explanation was clear and concise, making the response understandable and mostly correct."
124,2,5.0,[4.99952391],5.0,[4.98264543],5.0,"**Explanation:**

Final Score: 5
Explanation: The generated response correctly identifies the years 1426 and 1440, calculates the 14-year difference accurately, and clearly supports the claim. The confidence interval [2.00, 5.00] suggests that a score of 5 is plausible, and my initial assessment aligns with this. Therefore, the score remains 5."
125,2,5.0,[4.99105268],5.0,[4.98231308],5.0,"**Explanation:**

Final Score: 5
Explanation: The generated response accurately states that Sigismund Kęstutaitis was assassinated in 1440, which is directly supported by the Situation. The response is clear and correct, so a score of 5 is appropriate."
126,2,5.0,[4.9984322],5.0,[4.98384799],5.0,"</think>

Final Score: 5

**Explanation:**

1. **Confidence Level in Original Score**: High. The generated response accurately identifies that the Cowboys lost to the Giants twice, which is explicitly stated in the premise.

2. **Interval Analysis**: The confidence interval provided is [2.00, 5.00]. The original score of 5 falls within this interval, indicating that it is a plausible score according to the expert judgment.

3. **Adjustment Action**: Retain. The generated response is clear, concise, and correctly answers the question. There is no need for adjustment as it aligns with the expert judgment.

4. **Rationale**: The generated response effectively addresses the question by directly referencing the information provided in the premise. It is both accurate and well-justified, making it deserving of a score of 5."
127,2,5.0,[4.9917222],5.0,[4.98258763],5.0,"</think>

Final Score: 5

**Explanation:**

1. **Confidence in Original Score**: High. The generated response accurately identified the 15-yard penalty and directly answered the question, making it clear and correct.

2. **Interval Consideration**: The interval [2.00, 5.00] is wide, but the original score of 5 falls within it. The potential labels within the interval include 2, 3, 4, and 5. Given the clarity and correctness of the response, 5 is the most appropriate.

3. **Adjustment Action**: Retain. The response is well-justified and clear, aligning with the highest quality score.

4. **Final Score**: 5. The generated response is correct, clear, and concise, fully supporting the claim."
128,2,5.0,[4.99289847],5.0,[4.98579897],5.0,"</think>

Final Score: 5

**Explanation:**

1. **Confidence in Original Score**: High. The generated response accurately restates the claim and confirms it with the information provided in the situation. It clearly answers the question by affirming that the Cowboys won the NFC East title.

2. **Interval Consideration**: The confidence interval provided is [2.00, 5.00]. The original score of 5 falls within this interval, and given the narrowness of the interval, it suggests that the score is plausible.

3. **Adjustment Action**: Retain. The generated response is clear, correct, and fully supports the claim. There is no need for adjustment as the response meets all the criteria for a score of 5.

4. **Rationale**: The response accurately reflects the information in the situation, provides a clear explanation, and correctly answers the question. It aligns with the example provided and demonstrates a thorough understanding of the task."
129,2,5.0,[4.99571142],5.0,[4.99045107],5.0,"**Explanation:**

</think>

Final Score: 5
Explanation: The generated response accurately identifies that Tennessee scored the first points with Rob Bironas's field goal. The response is clear and concise, effectively supporting the claim. The confidence interval [2.00, 5.00] suggests that a score of 5 is plausible, and my initial evaluation aligns with this. Therefore, I retain the original score of 5."
130,4,5.0,[4.00118804],4.0,[4.12161061],1.0,"</think>

**Final Score: 4**

**Explanation:**

1. **Confidence in Original Score**: High. The generated response correctly identified four rushing touchdowns, which contradicts the Claim of five. The analysis was thorough, though slightly less detailed in listing each touchdown scorer.

2. **Interval Consideration**: The confidence interval [4.00, 5.00] suggests the score is likely within this range. My original score of 4 falls within this interval, indicating alignment with potential expert judgment.

3. **Adjustment Action**: Retain the original score. The response was accurate and clear, meeting the criteria for a high score, but minor details could enhance clarity.

4. **Final Score**: 4. The response is correct and well-justified, warranting a high score, but minor improvements in detail could elevate it further."
131,2,5.0,[4.39595862],4.0,[4.14875988],3.0,"</think>

Final Score: 4

**Explanation:**

1. **Confidence in Original Score**: High. The generated response correctly identifies Rob Bironas as the kicker of the longest field goal, which is 49 yards. The own response also supports this, making the initial score of 4 reasonable.

2. **Interval Consideration**: The confidence interval [2.00, 5.00] is wide, allowing for a range of scores. The original score of 4 falls comfortably within this interval, suggesting it is plausible.

3. **Adjustment Action**: Retain. The generated response is accurate and clear, though it could be slightly improved by including the specific yardage for better clarity. However, the response is sufficiently correct and well-supported.

4. **Final Score**: 4. The response is correct and clear, justifying the score of 4."
132,2,5.0,[3.99918775],4.0,[4.02664475],3.0,"</think>

Final Score: 4

**Explanation:**

1. **Confidence in Original Score**: High. The generated response correctly identifies the time frame as one month, aligning with the historical dates provided.

2. **Interval Consideration**: The confidence interval [2.00, 5.00] is wide, allowing for a range of scores. The original score of 4 falls comfortably within this interval, suggesting it is plausible.

3. **Adjustment Action**: Retain. The generated response is accurate but could be more detailed. However, it sufficiently addresses the question, warranting a score of 4.

4. **Rationale**: The response correctly answers the question with the right timeframe, though it could benefit from including specific dates for clarity. The score reflects its correctness and conciseness."
133,2,5.0,[4.98909167],5.0,[4.96969011],4.0,"**Explanation:**

Final Score: 5
Explanation: The generated response correctly identifies the number of horse soldiers as 200, which is explicitly stated in the Situation. The response is clear and accurate, fully supporting the Claim. The confidence interval [2.00, 5.00] suggests that a score of 5 is within the plausible range, and there is no reason to adjust the original evaluation."
134,2,4.0,[2.56395915],3.0,[2.96228436],1.0,"**Explanation:**
</think>

Final Score: 3

Explanation:
1. **Confidence Level**: Medium confidence in the original score of 3. The generated response had some inaccuracies in counting the places, which made the evaluation a bit tricky.

2. **Interval Consideration**: The confidence interval provided is [2.00, 4.00]. The original score of 3 falls within this interval, which suggests that it is plausible. However, the interval is relatively wide, indicating some uncertainty.

3. **Adjustment Action**: Retain the original score of 3. The generated response had a flawed explanation but arrived at the correct conclusion that the claim is supported. The reasoning was somewhat confusing, which justifies the score of 3.

4. **Rationale**: The generated response correctly identified that the claim of 5 places is supported by the situation, but its explanation was unclear and confusing. This aligns with a score of 3, as the answer was correct but the reasoning was not entirely clear."
135,2,5.0,[4.99765819],5.0,[4.98937926],4.0,"**Explanation:**

</think>

Final Score: 5
Explanation: The generated response correctly calculates the total population for 6 square miles by multiplying the population density (615 people per square mile) by 6, resulting in 3,690 people. The response is clear, concise, and accurately supports the claim with the correct calculation. The confidence interval [2.00, 5.00] suggests that the score is within a reasonable range, and the original score of 5 is appropriate as it reflects the accuracy and clarity of the response."
136,2,5.0,[4.99362004],5.0,[4.9375763],5.0,"</think>

Final Score: 5

Explanation:

1. **Confidence Level**: High confidence in the original score of 5. The generated response accurately identified three languages (English, Spanish, Vietnamese) based on the percentages provided in the Situation.

2. **Interval Consideration**: The confidence interval [2.00, 5.00] is wide, but the original score of 5 falls within this range. Given the clarity and correctness of the response, a score of 5 is appropriate.

3. **Adjustment Action**: Retain the original score. The response is clear, accurate, and well-supported by the data provided.

4. **Rationale**: The generated response correctly identified the three languages spoken at home, aligning with the percentages given. The explanation was concise and accurate, making a score of 5 the most appropriate choice."
137,2,5.0,[4.99755061],5.0,[4.98438432],4.0,"</think>

Final Score: 5

**Explanation:**

1. **Confidence in Original Score**: High. The generated response accurately identified the numbers for housing units (178,913) and households (169,162), calculated the difference correctly (9,751), and provided a clear explanation supporting the claim. My own response corroborated this, confirming the correctness.

2. **Interval Consideration**: The confidence interval provided is [2.00, 5.00]. The original score of 5 falls within this interval, indicating a high likelihood that the expert's score aligns with this assessment.

3. **Adjustment Action**: Retain. The generated response is accurate, clear, and well-supported. The interval's upper bound being 5 further validates the high score assigned.

4. **Rationale**: The response effectively addresses the question, uses correct data, and presents the information clearly. There is no need for adjustment as the score of 5 is appropriate and falls within the confidence interval."
138,2,5.0,[4.99772738],5.0,[4.98376002],5.0,"</think>

Final Score: 5

Explanation:

1. **Confidence Level**: High confidence in the original score of 5. The generated response accurately calculates the percentage of non-Kannada speakers by subtracting the given percentage from 100%, which is a straightforward and correct approach.

2. **Interval Consideration**: The confidence interval provided is [2.00, 5.00]. The original score of 5 falls within this interval, indicating that it is a plausible score according to the model's prediction. The interval is relatively wide, but the score of 5 is at the upper bound, suggesting strong support for the response.

3. **Adjustment Action**: Retain the original score of 5. The reasoning is sound, and the calculation is correct. The response is clear, concise, and directly addresses the question without any ambiguity.

4. **Rationale**: The generated response demonstrates a clear understanding of the problem, performs the necessary calculation accurately, and presents the answer in a straightforward manner. There is no need for adjustment as the response meets all the criteria for a high-quality answer."
139,3,5.0,[4.05488791],4.0,[4.05355342],5.0,"**Explanation:**

Final Score: 4
Explanation: My confidence in the original score of 4 is high because the generated response correctly identified the percentage of people who don't speak Urdu but lacked the explanation of how this percentage was derived. The confidence interval [3.00, 5.00] suggests that the score is plausible within this range. Given the accuracy of the response and the minor omission in explanation, a score of 4 remains appropriate."
140,2,5.0,[4.883569],5.0,[4.9707722],4.0,"</think>

Final Score: 5

**Explanation:**

1. **Confidence in Original Score**: High. The calculation was straightforward, subtracting the Telugu percentage from 100% to find the percentage of people who don't speak Telugu.

2. **Interval Consideration**: The interval [2.00, 5.00] is wide, but the original score of 5 falls within it. The score is at the upper bound, indicating a high-quality response.

3. **Adjustment Action**: Retain. The response was accurate and concise, aligning with the expert judgment.

4. **Rationale**: The generated response correctly identified the percentage of non-Telugu speakers, demonstrating a clear understanding of the problem. The concise answer met the requirements without unnecessary details, making it both correct and efficient."
141,2,5.0,[4.99755061],5.0,[4.96726095],5.0,"**Explanation:**

Final Score: 5
Explanation: The generated response accurately identifies the number of field goals kicked in the game, specifying that the Bengals kicked two and the Patriots kicked one, totaling three. The response is clear, concise, and correctly supports the claim. The confidence interval [2.00, 5.00] suggests that a score of 5 is within the plausible range, and given the accuracy and clarity of the response, a score of 5 is appropriate."
142,2,5.0,[4.9993395],5.0,[4.97241567],5.0,"**Explanation:**

</think>

Final Score: 5
Explanation: The generated response accurately identifies and lists all six touchdowns scored in the game, which aligns perfectly with the information provided in the premise. The response is clear, concise, and well-supported, making it easy to understand and verify. The confidence interval [2.00, 5.00] suggests that a score of 5 is within the plausible range, and given the thoroughness of the response, it is appropriate to retain the original score of 5."
143,2,5.0,[4.99602566],5.0,[4.97451199],5.0,"</think>

Final Score: 5

**Explanation:**

1. **Confidence in Original Score**: High. The generated response accurately identified that Tom Brady had two passing touchdowns, specifically mentioning the recipients, Gabriel and Graham. This aligns with the information provided in the premise.

2. **Interval Consideration**: The confidence interval [2.00, 5.00] suggests that the expert's score is likely within this range. My original score of 5 falls within this interval, indicating high confidence in the accuracy of the response.

3. **Adjustment Action**: Retain. The generated response is clear, concise, and correctly answers the question. There is no need for adjustment as it fully supports the claim with relevant details.

4. **Rationale**: The response effectively addresses the question by identifying the number of passing touchdowns and the players involved, providing a thorough and accurate analysis. This meets the highest quality standards, warranting a score of 5."
144,2,5.0,[4.99300608],5.0,[4.97636214],4.0,"</think>

Final Score: 5

**Explanation:**

1. **Confidence in Original Score**: High. The generated response accurately identified that Ibrahim Shyshman's force outnumbered Sobieski's by 14,000 soldiers, which is clearly stated in the text.

2. **Interval Consideration**: The confidence interval provided is [2.00, 5.00]. The original score of 5 falls within this interval, indicating that it is a plausible score according to the model's prediction.

3. **Adjustment Action**: Retain. The generated response is correct and well-supported by the text, so no adjustment is necessary.

4. **Rationale**: The generated response correctly calculates the difference in the number of soldiers and supports the Claim with the given data. The explanation is clear and concise, making it a high-quality response."
145,2,5.0,[3.99596045],4.0,[4.05398354],4.0,"**Explanation:**

Final Score: 4
Explanation: The generated response correctly identifies the difference as 14,000, which supports the claim. However, it lacks the contextual explanation provided in my own response, which adds clarity and depth. While the answer is accurate, the explanation is minimal, hence the score of 4."
146,2,5.0,[4.9964266],5.0,[4.98269249],5.0,"**Explanation:**

</think>

Final Score: 5
Explanation: The generated response accurately identifies the years of Ottoman territory gain (1672) and when the Commonwealth resumed the offensive (1674), calculating the difference as 2 years. My own response aligns with this, confirming the accuracy of the generated answer. The explanation is clear and directly addresses the question. The confidence interval [2.00, 5.00] supports the high confidence in the original score, and the narrow interval further validates the accuracy of the 5 score."
147,2,5.0,[4.98804128],5.0,[4.98058904],5.0,"</think>

Final Score: 5

**Explanation:**

1. **Confidence in Original Score**: High. The generated response accurately identifies Kurt Warner as the starting quarterback and explains that he was pulled in the third quarter, which aligns with the situation provided.

2. **Interval Consideration**: The confidence interval [2.00, 5.00] is wide, but the original score of 5 falls within this range. Given the clarity and correctness of the response, a score of 5 is appropriate.

3. **Adjustment Action**: Retain the original score. The response is clear, accurate, and well-supported by the situation, making a score of 5 the most fitting.

4. **Final Score**: 5. The generated response effectively supports the claim with a clear and accurate explanation."
148,2,5.0,[4.99133257],5.0,[4.93383001],5.0,"</think>

Final Score: 5

**Explanation:**

1. **Confidence Level in Original Score**: High. The generated response accurately identified Matt Leinart as the quarterback who threw the longest touchdown pass of 78 yards to Larry Fitzgerald, which is clearly stated in the premise.

2. **Interval Analysis**: The confidence interval provided is [2.00, 5.00]. The original score of 5 falls within this interval, indicating that it is a plausible score according to the model's estimation.

3. **Adjustment Action**: Retain. The generated response is correct and well-supported by the premise. The analysis is concise and accurate, justifying the high score.

4. **Rationale**: The generated response correctly answers the question, providing a clear and accurate explanation. There is no need for adjustment as the response meets the highest quality standards."
149,2,5.0,[4.94241861],5.0,[4.9775423],5.0,"</think>

Final Score: 5

**Explanation:**

1. **Confidence Level in Original Score**: High. The generated response accurately identified that Warner had 18 pass attempts, which is explicitly stated in the premise. The response is concise and correct.

2. **Interval Consideration**: The confidence interval provided is [2.00, 5.00]. The original score of 5 falls within this interval, indicating a high likelihood that the expert's score aligns with this assessment.

3. **Adjustment Action**: Retain the original score. The generated response is clear, correct, and well-supported by the premise. There is no need for adjustment as the response meets the highest quality standards.

4. **Rationale**: The generated response effectively answers the question with precision and clarity, fully supporting the claim. The interval's inclusion of the original score reinforces the confidence in this evaluation."
150,2,5.0,[3.97417178],4.0,[4.05317938],2.0,"**Explanation:**
</think>

Final Score: 4

Explanation:
1. **Confidence Level**: My confidence in the original score of 4 is medium. While the generated response provides relevant details about the events, it does not explicitly compare the timing of the blocking of Azov and the Treaty of Constantinople, which is crucial for answering the question.

2. **Interval Analysis**: The confidence interval provided is [2.00, 5.00], which is relatively wide. My original score of 4 falls within this interval, suggesting that it is plausible. However, the wide interval indicates some uncertainty, which aligns with my medium confidence.

3. **Adjustment Action**: I retain the original score of 4. The generated response supports the claim by detailing the events but lacks a direct comparison of the two events' timelines. My own response clarified the timeline, which is essential for fully supporting the claim.

4. **Rationale**: The generated response is clear and provides relevant information but misses the explicit comparison needed to fully answer the question. Therefore, it deserves a score of 4, acknowledging its strengths while noting the missing element."
151,2,5.0,[4.02834786],4.0,[4.08050466],3.0,"</think>

**Final Score: 4**

**Explanation:**

1. **Confidence in Original Score**: My confidence in the original score of 4 is medium. I believe the generated response correctly identifies the Treaty of Constantinople as occurring after the blocking of Azov, but I recognize that it could be more detailed.

2. **Interval Consideration**: The confidence interval provided is [2.00, 5.00], which is relatively wide. My original score of 4 falls comfortably within this interval, suggesting that it is plausible. The interval allows for a range of scores, but 4 seems reasonable given the response's accuracy and clarity.

3. **Adjustment Action**: I will retain the original score of 4. While the generated response is correct, it could benefit from more explicit timeline details to enhance clarity. However, it sufficiently supports the claim without major errors.

4. **Rationale for Final Score**: The response accurately answers the question and supports the claim, though it could be more detailed. The score of 4 reflects its correctness and clarity while acknowledging room for improvement."
152,2,5.0,[4.99731952],5.0,[4.98809806],5.0,"</think>

Final Score: 5

**Explanation:**

1. **Confidence in Original Score**: High. The generated response accurately identified the dates of the first and second attacks as August 5 and September 25, respectively, and correctly calculated the 51-day interval between them. The reasoning was clear and concise.

2. **Interval Consideration**: The confidence interval provided was [2.00, 5.00]. The original score of 5 falls within this interval, indicating a high likelihood that the expert's score aligns with this assessment.

3. **Adjustment Action**: Retain. The original score is appropriate as the generated response was accurate and well-supported.

4. **Rationale**: The generated response effectively addressed the question by identifying the relevant dates and performing the correct calculation. The clarity and accuracy of the response justify the high score."
153,2,5.0,[4.34845754],4.0,[4.07086182],5.0,"</think>

Final Score: 4

**Explanation:**

1. **Confidence in Original Score**: High. The generated response correctly identifies that Hightower ran 1 yard for a touchdown, aligning with the situation provided.

2. **Interval Consideration**: The confidence interval [2.00, 5.00] is wide, allowing for a range of scores. The original score of 4 falls comfortably within this interval, suggesting it is plausible.

3. **Adjustment Action**: Retain. The generated response is accurate and concise, though a slightly more detailed explanation could enhance clarity. However, it effectively supports the claim with the information provided.

4. **Final Score**: 4. The response is clear and correct, justifying the score within the interval."
154,2,5.0,[3.98671159],4.0,[3.95180417],2.0,"</think>

Final Score: 4

**Explanation:**

1. **Confidence in Original Score**: High. The original score of 4 was based on a thorough analysis of the generated response and the situation. The response correctly identified that the claim was unsupported but included an unnecessary detail.

2. **Interval Consideration**: The confidence interval [2.00, 5.00] is wide, allowing for a range of scores. The original score of 4 falls comfortably within this interval, suggesting it is plausible.

3. **Adjustment Action**: Retain. The original score is appropriate as it reflects the response's correctness with a minor flaw in including extra information.

4. **Rationale**: The generated response accurately addressed the claim's lack of support but added an unnecessary detail. This minor issue justifies a score of 4, as the response was mostly correct but not perfect."
155,2,5.0,[4.10748792],4.0,[4.1232906],4.0,"**Explanation:**

Final Score: 4
Explanation: The generated response correctly identifies that Rackers made a 22-yard field goal, which supports the claim. However, it could have been more comprehensive by mentioning both field goals, but it still answers the question accurately. The confidence interval [2.00, 5.00] suggests that the score is plausible, and the response is clear and correct, so a score of 4 is appropriate."
156,2,5.0,[4.01497365],4.0,[4.05565599],3.0,"</think>

Final Score: 4

**Explanation:**

1. **Confidence in Original Score**: High. The generated response correctly identified the field goal as 37 yards, which is explicitly stated in the premise. However, the response was brief and lacked the contextual explanation provided in my own response.

2. **Interval Consideration**: The confidence interval [2.00, 5.00] is wide, indicating a range of possible scores. My original score of 4 falls within this interval, suggesting it is plausible. The interval's width allows for some flexibility in scoring, but the accuracy of the answer justifies a higher score.

3. **Adjustment Action**: Retain the original score with minor adjustment. The response was correct but could have been more detailed, hence the score of 4 instead of a perfect 5.

4. **Rationale**: The generated response accurately answered the question, which is crucial. While it could have provided more context, the brevity did not detract from the correctness of the answer. Therefore, a score of 4 reflects its accuracy and conciseness appropriately."
157,2,5.0,[4.99537149],5.0,[4.98980249],5.0,"</think>

Final Score: 5

Explanation:

1. **Confidence Level**: High confidence in the original score of 5. The generated response accurately identified the Texans' record as 5-9, which is explicitly stated in the Situation.

2. **Interval Analysis**: The confidence interval provided is [2.00, 5.00]. The original score of 5 falls within this interval, and given the narrow upper bound, it aligns well with the expert judgment.

3. **Adjustment Action**: Retain the original score. The generated response is clear, concise, and correctly answers the question based on the provided information.

4. **Rationale**: The generated response effectively addresses the question by directly referencing the Situation, which explicitly states the Texans' record as 5-9. The response is accurate and well-supported, warranting a score of 5."
158,2,5.0,[4.99435545],5.0,[4.95774364],5.0,"**Explanation:**

Final Score: 5
Explanation: The generated response accurately identifies that Matt Schaub threw a 12-yard touchdown pass to Andre Johnson, which was the only touchdown pass over 5 yards. The response is clear, concise, and correctly answers the question. The confidence interval [2.00, 5.00] suggests that a score of 5 is within the plausible range, and my initial evaluation aligns with this. Therefore, the score remains 5."
159,2,5.0,[4.9989992],5.0,[4.99132928],5.0,"</think>

Final Score: 5

Explanation:

1. **Confidence Level**: High confidence in the original score of 5. The generated response accurately identified the duration of the Regency as 26 years, which aligns with the information provided in the premise.

2. **Interval Consideration**: The confidence interval [2.00, 5.00] suggests that the expert's score is likely within this range. Since the original score of 5 falls within this interval, it is consistent with the possible expert judgment.

3. **Adjustment Action**: Retain the original score of 5. The generated response is clear, concise, and correctly answers the question, making it deserving of the highest score.

4. **Rationale**: The response effectively extracts the necessary information from the premise, performs the correct calculation, and presents the answer in a straightforward manner. There is no need for adjustment as the response meets all criteria for a score of 5."
160,2,5.0,[4.99484983],5.0,[4.96457291],4.0,"</think>

Final Score: 5

**Explanation:**

1. **Confidence in Original Score**: High. The generated response accurately identifies the period during which Hungary was a client state of Germany, from 1938 to 1944, which is six years. The explanation is clear and directly supports the claim.

2. **Interval Consideration**: The confidence interval provided is [2.00, 5.00]. The original score of 5 falls within this interval, indicating that it is a plausible score according to the model's estimation.

3. **Adjustment Action**: Retain. The generated response is comprehensive and correctly identifies the timeline and political context, making the score of 5 appropriate.

4. **Rationale**: The response effectively uses the information from the situation to support the claim, providing a clear and accurate explanation. There is no need for adjustment as the score aligns well with the evidence provided."
161,2,5.0,[4.99755061],5.0,[4.98980009],4.0,"**Explanation:**
</think>

Final Score: 5
Explanation: The generated response accurately identifies that the Kingdom of Hungary existed from 1920 to 1946, which is a span of 26 years. The response is clear and concise, providing the necessary details to support the claim. The confidence interval [2.00, 5.00] suggests that the score is within a plausible range, and the original score of 5 is well-supported by the analysis. Therefore, the score remains unchanged."
162,2,5.0,[4.00474052],4.0,[3.9858836],2.0,"</think>

**Final Score: 4**

**Explanation:**

1. **Confidence in Original Score**: My confidence in the original score of 4 is medium. While I agree that the generated response correctly identified the number of touchdowns as four and concluded that the claim of six was incorrect, I recognize that the response could be improved by including specific details about the players who scored the touchdowns, as I did in my own response.

2. **Interval Consideration**: The provided confidence interval is [2.00, 5.00], which is relatively wide. My original score of 4 falls comfortably within this interval, suggesting that it is a plausible score. The interval allows for a range of scores, but given the accuracy of the generated response, a score of 4 seems appropriate.

3. **Adjustment Action**: I have decided to retain the original score of 4. The generated response was clear and accurate in its conclusion, even if it lacked some specific details. The response effectively communicated the correct answer and supported it with relevant information, which aligns with a score of 4.

4. **Rationale for Final Score**: The generated response demonstrated a good understanding of the situation and provided a correct answer. While it could be more detailed, it was sufficiently clear and accurate. Therefore, a score of 4 reflects its quality appropriately."
163,2,5.0,[3.99925368],4.0,[3.99681704],5.0,"</think>

**Final Score: 4**

**Explanation:**

1. **Confidence in Original Score**: High. The generated response correctly identified the longest touchdown pass as 99 yards and the shortest as 1 yard, calculating the difference as 98 yards. However, it incorrectly referred to the shortest as a 'run' instead of a pass.

2. **Interval Consideration**: The confidence interval [2.00, 5.00] is wide, allowing for a range of scores. The original score of 4 falls within this interval, suggesting it is plausible.

3. **Adjustment Action**: Retain the original score with minor adjustments. The generated response was mostly correct but had a minor error in terminology, which slightly impacts its quality.

4. **Rationale**: The response accurately calculated the difference but mislabeled the shortest touchdown as a run. This minor error justifies a score of 4, as it is clear and mostly correct but not flawless."
164,2,5.0,[4.99048706],5.0,[4.91166442],2.0,"</think>

Final Score: 5

**Explanation:**

1. **Confidence in Original Score**: High. The generated response accurately identified four touchdown passes and three touchdown runs, leading to one more touchdown pass. The explanation was clear and concise.

2. **Interval Consideration**: The confidence interval [2.00, 5.00] suggests a wide range, but the original score of 5 falls within this interval. Given the accuracy of the response, a score of 5 is appropriate.

3. **Adjustment Action**: Retain the original score. The response was correct and well-explained, aligning with the highest quality score.

4. **Final Score**: 5. The generated response was clear, accurate, and well-supported, warranting the highest score."
165,2,5.0,[4.04859748],4.0,[4.06520548],3.0,"</think>

Final Score: 4

**Explanation:**

1. **Confidence in Original Score**: High. The generated response correctly identifies that the Jets won, implying the Bills lost. The analysis was thorough, noting the Bills' 1-2 record as evidence of their loss.

2. **Interval Consideration**: The confidence interval [2.00, 5.00] is wide, allowing for a range of scores. The original score of 4 falls comfortably within this interval, suggesting it aligns well with potential expert judgments.

3. **Adjustment Action**: Retain the original score with minor adjustments. The response was accurate but could be clearer by explicitly stating the Bills lost. This minor issue doesn't warrant a lower score, as the answer was correct.

4. **Final Score Justification**: The score of 4 reflects the response's correctness and clarity, with room for improvement in explicitness. The interval supports this judgment, and the analysis remains sound."
166,2,4.0,[1.92192796],2.0,[2.24125776],2.0,"**Explanation:**
</think>

Final Score: 2

Explanation:
1. **Confidence Level**: My confidence in the original score of 2 is medium. The generated response had some issues with calculation and interpretation, but I wanted to ensure I understood the question correctly before assigning a score.

2. **Interval Analysis**: The confidence interval provided is [2.00, 4.00]. My original score of 2 falls within this interval, which suggests that it is plausible. However, the interval also includes higher scores, indicating that there is some uncertainty about the exact score.

3. **Adjustment Action**: After re-examining the task, I decided to retain the original score of 2. The generated response had clear errors in both calculation and interpretation, which significantly impacted its quality. While the interval suggested a possible higher score, the errors in the response warranted a lower score.

4. **Rationale**: The generated response incorrectly calculated the total field goal yardage and misinterpreted the question by answering with the number of field goals instead of the total yardage. These errors made the response less reliable and deserving of a lower score."
167,2,5.0,[4.42623593],4.0,[4.23764168],4.0,"**Explanation:**

Final Score: 4
Explanation: The generated response correctly identifies that the Buffalo Bills scored during the first quarter with J.P. Losman's pass to Roscoe Parrish. It provides a clear and accurate answer, though it could be slightly improved by explicitly stating the team name for clarity. The confidence interval [2.00, 5.00] suggests that a score of 4 is reasonable, as it reflects the response's correctness and clarity while allowing room for minor improvements."
168,2,5.0,[4.32070827],4.0,[4.21949018],5.0,"**Explanation:**
</think>

Final Score: 4

Explanation:
1. **Confidence Level**: High confidence in the original score of 4. The generated response correctly identifies Killigrew as Cecil's brother-in-law, which is supported by the situation. However, the response could be slightly more detailed by mentioning Catherine's relation to Sir Anthony Cooke, which adds clarity.

2. **Interval Consideration**: The confidence interval [2.00, 5.00] is wide, allowing for a range of scores. The original score of 4 falls comfortably within this interval, suggesting it is a reasonable assessment.

3. **Adjustment Action**: Retain the original score with minor adjustment. The response is accurate and clear, but a slight improvement in detail would enhance its quality without significantly altering the score.

4. **Final Score**: 4. The response is correct and well-justified, though a minor expansion for clarity would be beneficial."
169,2,5.0,[4.99836141],5.0,[4.98818586],5.0,"</think>

Final Score: 5

Explanation:

1. **Confidence Level**: High confidence in the original score of 5. The generated response accurately identified the years of Killigrew's first wife's death (1583) and his remarriage (1590), correctly calculating the 7-year gap. The response was clear, concise, and aligned with the provided information.

2. **Interval Consideration**: The confidence interval provided was [2.00, 5.00]. The original score of 5 falls within this interval, indicating that it is a plausible score according to the expert judgment. The interval's upper bound being 5 suggests that a perfect score is achievable, which aligns with the generated response's accuracy.

3. **Adjustment Action**: Retain the original score of 5. The generated response demonstrated a thorough understanding of the situation, accurately extracted the relevant dates, and provided a correct and well-justified answer. There was no need for adjustment as the response met all the criteria for a high-quality score.

4. **Rationale**: The generated response effectively addressed the question by identifying the key dates and calculating the correct time span. It was both accurate and clear, making it deserving of the highest score. The confidence interval further supported this decision, as the score of 5 was within the expected range."
170,2,5.0,[4.50382526],5.0,[4.97522737],4.0,"**Explanation:**

</think>

Final Score: 5
Explanation: The generated response accurately identifies that Jaél de Peigne was naturalised 11 years after her marriage to Killigrew, providing the necessary details to support the claim. The confidence interval [2.00, 5.00] suggests that the score is within a plausible range, and the response is clear and correct."
171,2,5.0,[4.43388926],4.0,[4.39563087],3.0,"</think>

**Final Score: 4**

**Explanation:**

1. **Confidence in Original Score**: High. The generated response correctly identifies Flacco as the quarterback who threw the longest touchdown pass, specifically a 74-yard pass to Torrey Smith. This is well-supported by the situation provided.

2. **Interval Consideration**: The confidence interval [2.00, 5.00] is wide, indicating a range of possible scores. The original score of 4 falls comfortably within this interval, suggesting it is plausible.

3. **Adjustment Action**: Retain the original score with minor adjustments. While the generated response is accurate, it could be improved by explicitly stating the yardage (74 yards) to further strengthen the justification.

4. **Rationale**: The response is clear and correct, but the inclusion of specific details like the yardage would enhance its thoroughness, justifying a score of 4 rather than a perfect 5."
172,2,5.0,[4.98562825],5.0,[4.98367657],4.0,"</think>

Final Score: 5

Explanation:

1. **Confidence Level**: High confidence in the original score of 5. The generated response accurately identified that Torrey Smith caught three touchdown passes in the first quarter, which is clearly supported by the situation provided.

2. **Interval Analysis**: The confidence interval [2.00, 5.00] is wide, but the original score of 5 falls within this range. Given the accuracy of the generated response, a score of 5 is appropriate.

3. **Adjustment Action**: Retain the original score. The generated response is clear, correct, and fully supports the claim, making a score of 5 the most accurate assessment.

4. **Rationale**: The generated response correctly identifies the key information from the situation, providing a concise and accurate answer. It effectively supports the claim without any unnecessary details, demonstrating a high quality of understanding and response."
173,2,5.0,[4.18704161],4.0,[4.16554515],3.0,"</think>

Final Score: 4

**Explanation:**

1. **Confidence in Original Score**: High. The generated response correctly identifies that the Ravens scored first and led the first quarter, which is supported by the situation.

2. **Interval Consideration**: The confidence interval [2.00, 5.00] is wide, allowing for a range of scores. The original score of 4 falls within this interval, suggesting it is plausible.

3. **Adjustment Action**: Retain the original score. The generated response is clear and accurate, though it could include more specific details about the play or players involved for a higher score.

4. **Rationale**: The response effectively answers the question, but lacks the depth provided in the own response. Therefore, a score of 4 is appropriate."
174,2,5.0,[4.00267419],4.0,[3.99956735],3.0,"</think>

Final Score: 4

**Explanation:**

1. **Confidence in Original Score**: High. The generated response correctly identifies that more Americans worked in services (55%) than in industry (30-35%) in 1955. However, it includes irrelevant information about 1980, which slightly detracts from its clarity.

2. **Interval Consideration**: The confidence interval [2.00, 5.00] is wide, allowing for a range of scores. The original score of 4 falls within this interval, suggesting it is plausible.

3. **Adjustment Action**: Retain the original score with minor adjustments. The response is accurate but could be more concise by omitting the 1980 data.

4. **Final Score**: 4. The response is correct and well-supported, but the inclusion of extraneous information slightly reduces its quality."
175,2,5.0,[4.98747858],5.0,[4.97378722],4.0,"</think>

Final Score: 5

**Explanation:**

1. **Confidence in Original Score**: High. The generated response accurately identified the increase in service employment from 55% in 1955 to over 65% in 1980, directly supporting the claim.

2. **Interval Consideration**: The interval [2.00, 5.00] is wide, but the original score of 5 falls within it. Given the clear and correct nature of the response, a score of 5 is appropriate.

3. **Adjustment Action**: Retain the original score. The response is well-justified and clear, warranting the highest score.

4. **Final Score**: 5. The generated response effectively supports the claim with accurate data and a clear explanation."
176,2,5.0,[4.03161292],4.0,[4.03947946],4.0,"</think>

Final Score: 4

**Explanation:**

1. **Confidence in Original Score**: High. The generated response correctly identifies that the majority of Americans were employed in services in 1955, citing the 55% figure. However, it could be more concise and clearly state that services were the largest sector.

2. **Interval Consideration**: The confidence interval [2.00, 5.00] is wide, indicating a range of possible scores. The original score of 4 falls within this interval, suggesting it is plausible.

3. **Adjustment Action**: Retain the original score with minor adjustments. The response is correct but could be more concise and clearly state that services were the largest sector.

4. **Final Score**: 4. The response is correct and provides sufficient evidence but could be improved for clarity and conciseness."
177,2,5.0,[3.45093139],3.0,[3.14260263],3.0,"**Explanation:**

Final Score: 3
Explanation: The generated response correctly identifies that the Saints had 3 losses going into the game, based on their 5-3 record after the game. However, it misinterprets the Claim, which states 2 losses. The generated response accurately answers the question but does not address the Claim's accuracy. My own response clarifies that the Claim is not supported. The generated response is correct in its answer but fails to properly evaluate the Claim against the Situation. Therefore, the overall quality score remains 3."
178,2,4.0,[1.76455563],2.0,[2.27374833],3.0,"**Explanation:**
</think>

Final Score: 2

Explanation:
1. **Confidence Level**: Medium. The initial evaluation correctly identified that the generated response was incorrect, but the reasoning could be clearer. The key issue is that the generated response misinterpreted the question, conflating scoring points with allowing points.

2. **Interval Consideration**: The confidence interval provided is [2.00, 4.00]. The original score of 2 falls within this interval, suggesting that it is plausible. However, the interval also includes higher scores, which might reflect a more nuanced evaluation.

3. **Adjustment Action**: Retain the original score with minor adjustments. The generated response's error is significant, but the initial analysis was thorough. The score of 2 reflects the incorrectness of the response, while acknowledging that the analysis was detailed.

4. **Rationale**: The generated response incorrectly answered the question, which is a clear error. However, the initial analysis provided a clear explanation of why the response was incorrect, which adds value. The score of 2 balances the incorrectness of the response with the thoroughness of the analysis."
179,2,5.0,[4.99779402],5.0,[4.98682944],5.0,"</think>

Final Score: 5

**Explanation:**

1. **Confidence in Original Score**: High. The generated response accurately identifies that the Saints scored 0 points in the first half, which is explicitly stated in the premise.

2. **Interval Consideration**: The confidence interval [2.00, 5.00] suggests that the expert's score is likely within this range. The original score of 5 falls within this interval, indicating high confidence in the accuracy of the response.

3. **Adjustment Action**: Retain. The response is clear, concise, and directly answers the question with the correct information. There is no need for adjustment as the response meets the highest quality standards.

4. **Final Score**: 5. The response is correct, well-justified, and aligns perfectly with the information provided in the premise."
180,2,4.0,[3.04065132],3.0,[3.02601273],3.0,"</think>

Final Score: 3

**Explanation:**

1. **Confidence in Original Score**: Medium. The generated response provided relevant details but did not directly answer the question, leading to some uncertainty.

2. **Interval Consideration**: The confidence interval [2.00, 4.00] suggests that the score is likely within this range. The original score of 3 falls within this interval, aligning with the possible expert judgment.

3. **Adjustment Action**: Retain the original score with minor adjustments. The generated response, while informative, needed clarification on whether the 45 priests were considered officials. My own response clarified this, making the answer more precise.

4. **Final Score**: 3. The generated response was somewhat informative but lacked a direct and clear answer, justifying a score of 3."
181,2,5.0,[4.99508047],5.0,[4.99153293],4.0,"</think>

Final Score: 5

Explanation:

1. **Confidence Level**: High confidence in the original score of 5. The generated response accurately identified the duration of Makkonen's tenure as the Metropolitan of Helsinki, which is 5 years, and the reasoning was clear and concise.

2. **Interval Consideration**: The confidence interval provided is [2.00, 5.00]. The original score of 5 falls within this interval, and given the narrow upper bound, it aligns well with the expert judgment.

3. **Adjustment Action**: Retain the original score. The reasoning and accuracy of the generated response support the high score, and the interval does not suggest a need for adjustment.

4. **Rationale**: The generated response correctly identified the years Makkonen served as the Metropolitan of Helsinki, provided a clear explanation, and the answer was accurate. The confidence interval supports the high score, and there is no indication of error in the evaluation."
182,2,5.0,[4.99342197],5.0,[4.98204021],5.0,"**Explanation:**
</think>

Final Score: 5
Explanation: The generated response accurately identifies that the seat of the Archbishop is in Kuopio, which is clearly stated in the premise. The response is concise and directly answers the question, making it clear and correct. The confidence interval [2.00, 5.00] suggests that a score of 5 is plausible, and there is no reason to adjust the initial evaluation."
183,2,5.0,[4.99620281],5.0,[4.97839063],4.0,"**Explanation:**
</think>

Final Score: 5
Explanation: The generated response thoroughly supports the Claim by providing specific data from multiple sources, clearly showing that Bangkok is more popular than London. The analysis is comprehensive and well-justified, aligning with my own evaluation. The confidence interval [2.00, 5.00] suggests that a score of 5 is plausible, and my high confidence in the original assessment leads me to retain the score."
184,2,5.0,[4.97894619],5.0,[4.98376774],4.0,"</think>

Final Score: 5

**Explanation:**

1. **Confidence in Original Score**: High. The generated response accurately identified the number of Thai and foreign visitors and correctly calculated the difference. The explanation was clear and concise.

2. **Interval Consideration**: The confidence interval provided was [2.00, 5.00]. The original score of 5 falls within this interval, indicating that it is a plausible score according to the expert judgment.

3. **Adjustment Action**: Retain. The original score is appropriate as it reflects the accuracy and clarity of the generated response. The interval's upper bound being 5 supports this decision.

4. **Rationale**: The generated response effectively addressed the question by extracting relevant data and performing the necessary calculation. It provided a clear explanation that aligns with the data presented in the situation. The score of 5 is justified as the response is both correct and well-explained."
185,2,5.0,[4.0023697],4.0,[4.05262151],3.0,"</think>

Final Score: 4

**Explanation:**

1. **Confidence in Original Score**: High. The generated response correctly identified that 161 cities were not ranked as the top destination city. However, it lacked the detailed explanation provided in my own response, which clarifies the ranking context.

2. **Interval Consideration**: The confidence interval [2.00, 5.00] is wide, indicating a range of possible scores. My original score of 4 falls within this interval, suggesting it is plausible.

3. **Adjustment Action**: Retain the original score. The generated response is accurate but could be improved with more context, which aligns with a score of 4.

4. **Final Score**: 4. The response is correct but could be more detailed, justifying the score of 4."
186,2,5.0,[4.99772738],5.0,[4.98002805],5.0,"**Explanation:**

Final Score: 5
Explanation: The generated response correctly identifies Sepé Tiaraju as the leader of the Guarani rebels, aligning with the information provided in the Situation. The response is clear and accurate, justifying the high score within the confidence interval."
187,2,5.0,[4.10368607],4.0,[4.0439503],2.0,"**Explanation:**
</think>

Final Score: 4

Explanation:
1. **Confidence Level**: High confidence in the original score of 4. The generated response correctly identified the two-year gap between the armistice and the resumption of hostilities but incorrectly stated the answer as 2, which is accurate. The explanation was clear and concise.

2. **Interval Consideration**: The confidence interval provided is [2.00, 5.00], which is relatively wide. The original score of 4 falls comfortably within this interval, indicating that it aligns well with the expected range of expert judgments.

3. **Adjustment Action**: Retain the original score of 4. The generated response demonstrated a solid understanding of the timeline and provided a clear explanation, even though it slightly misstated the answer. The minor error did not significantly detract from the overall quality of the response.

4. **Final Judgment**: The response effectively addressed the question, providing a correct answer with a clear explanation. The minor numerical error was negligible and did not warrant a lower score. Thus, the score of 4 remains appropriate."
188,2,5.0,[4.99762268],5.0,[4.9769497],4.0,"</think>

Final Score: 5

**Explanation:**

1. **Confidence in Original Score**: High. The generated response accurately identified the number of Spanish and Portuguese casualties as 34, which is the sum of 4 killed and 30 wounded. It provided a clear and accurate answer to the question.

2. **Interval Consideration**: The confidence interval provided is [2.00, 5.00]. The original score of 5 falls within this interval, indicating that it is a plausible score according to the expert judgment.

3. **Adjustment Action**: Retain. The generated response is correct and well-supported by the text. There is no need for adjustment as the score is within the interval and the reasoning is sound.

4. **Final Score**: 5. The generated response is clear, correct, and fully supported by the information provided in the situation."
189,2,4.0,[2.0094291],2.0,[2.55074517],2.0,"**Explanation:**
</think>

Final Score: 2

Explanation:
1. **Confidence Level**: Medium. The initial evaluation correctly identified the need to calculate the percentage of households without children but made an error in the calculation method.
2. **Interval Consideration**: The confidence interval [2.00, 4.00] suggests that the score is likely within this range. The original score of 2 falls within this interval, indicating that the evaluation aligns with the expected expert judgment.
3. **Adjustment Action**: Retain the original score. The generated response's calculation was incorrect, and the explanation lacked clarity, justifying the lower score.
4. **Rationale**: The generated response failed to correctly calculate the percentage of households without children and provided an unclear explanation, warranting a score of 2."
190,2,5.0,[4.01013654],4.0,[4.05077213],3.0,"</think>

Final Score: 4

**Explanation:**

1. **Confidence in Original Score**: High. The generated response correctly identified the percentage as 50.6%, which aligns with the calculation of subtracting the married couples percentage (49.4%) from 100%.

2. **Interval Consideration**: The confidence interval [2.00, 5.00] is wide, indicating a range of possible scores. The original score of 4 falls within this interval, suggesting it is plausible.

3. **Adjustment Action**: Retain the original score. While the generated response lacks a detailed explanation, it provides the correct answer, which is the primary focus. The absence of a detailed explanation slightly lowers the score but does not warrant a significant adjustment.

4. **Final Score**: 4. The response is correct but could benefit from a more detailed explanation to fully justify the answer."
191,2,5.0,[4.12058449],4.0,[4.02496137],3.0,"</think>

Final Score: 4

**Explanation:**

1. **Confidence in Original Score**: High. The generated response correctly identified the percentage of female householders with no husband present as 10.3% and calculated the remaining percentage as 89.7%. However, it included additional data that was not necessary for answering the question, which could be distracting.

2. **Interval Consideration**: The confidence interval provided is [2.00, 5.00], which is relatively wide. The original score of 4 falls within this interval, indicating that it is plausible. The interval suggests that the expert's score is likely to be within this range, and 4 is a reasonable value within it.

3. **Adjustment Action**: Retain the original score with minor adjustments. The response is accurate but could be more concise. The inclusion of extra data, while not incorrect, adds unnecessary complexity. However, the core answer is correct and well-supported.

4. **Final Score**: 4. The response is clear and correct, but the inclusion of extraneous information slightly detracts from its quality."
192,2,5.0,[4.99362004],5.0,[4.96832643],4.0,"**Explanation:**

Final Score: 5
Explanation: The generated response accurately identifies that the Packers were leading by 3 points at the end of the first quarter, which is consistent with the information provided in the Situation. The response is clear and concise, effectively supporting the Claim. The confidence interval [2.00, 5.00] suggests that a score of 5 is within the plausible range, and given the accuracy and clarity of the response, a score of 5 is appropriate."
193,2,5.0,[4.01080149],4.0,[4.03038003],2.0,"</think>

Final Score: 4

**Explanation:**

1. **Confidence in Original Score**: High. The generated response correctly identified that the Packers scored two field goals in the first half, contradicting the Claim of three. The explanation was accurate but could have been more detailed by specifying the exact field goals made by Dave Rayner.

2. **Interval Consideration**: The confidence interval provided is [2.00, 5.00], which is relatively wide. The original score of 4 falls within this interval, indicating that it is plausible. The interval suggests that the expert's score is likely within this range, and 4 is a reasonable value within it.

3. **Adjustment Action**: Retain the original score with minor adjustments. The reasoning was sound, and the score of 4 reflects the accuracy of the response while accounting for the potential for a more detailed explanation.

4. **Final Score**: 4. The generated response was accurate and well-supported, warranting a high score, but the explanation could have been more detailed, justifying a score of 4 instead of 5."
194,2,5.0,[4.91839249],5.0,[4.97557555],4.0,"**Explanation:**

Final Score: 5
Explanation: The generated response correctly identifies the longest touchdown pass as 45 yards, aligning with the information provided in the situation. The response is clear and accurate, making it deserving of a score of 5."
195,2,5.0,[4.1190464],4.0,[4.10876128],5.0,"</think>

Final Score: 4

**Explanation:**

1. **Confidence in Original Score**: High. The generated response correctly identifies that Jacobs scored the first touchdown, aligning with the situation provided.

2. **Interval Consideration**: The confidence interval [2.00, 5.00] is wide, allowing for a range of scores. The original score of 4 falls comfortably within this interval, suggesting it is plausible.

3. **Adjustment Action**: Retain the original score. The generated response is accurate and concise, though it could include more context for clarity. However, it sufficiently supports the claim without errors.

4. **Rationale**: The response accurately answers the question, and while additional details could enhance it, it is correct and clear. Thus, a score of 4 remains appropriate."
196,2,4.0,[3.88545653],4.0,[3.99045334],5.0,"</think>

Final Score: 4

**Explanation:**

1. **Confidence in Original Score**: My confidence in the original score of 4 is medium. While the generated response correctly identified the Cardinals as the winners, it lacked the detailed explanation provided in my own response, which included the scoring breakdown and the impact of turnovers.

2. **Interval Analysis**: The confidence interval provided is [2.00, 4.00]. My original score of 4 falls within this interval, which suggests that it is a plausible score. The interval is moderately wide, indicating some uncertainty, but it still aligns with my evaluation.

3. **Adjustment Consideration**: Given that the original score is within the interval and my confidence is medium, I considered whether to retain the score or make a minor adjustment. Since the generated response was correct but somewhat brief, I felt that a score of 4 was appropriate, as it reflects the correct answer with a reasonable explanation.

4. **Final Decision**: I decided to retain the original score of 4, as it accurately reflects the quality of the generated response. The response was correct and provided a clear answer, even though it could have included more details for a higher score."
197,2,4.0,[3.98081111],4.0,[3.93373072],5.0,"</think>

**Final Score: 4**

**Explanation:**

1. **Confidence in Original Score**: My confidence in the original score of 4 is medium. I believe the generated response correctly identified the total points scored by the Giants as 17, which supports the claim. However, the response included unnecessary details about the Cardinals' performance and Manning's interceptions, which are not directly relevant to the question.

2. **Interval Analysis**: The provided confidence interval is [2.00, 4.00]. My original score of 4 falls within this interval. The interval is moderately wide, suggesting some uncertainty, but it still aligns with my evaluation.

3. **Adjustment Consideration**: Given that the original score is within the interval and my analysis remains consistent, I feel confident retaining the score of 4. The response is correct but could be more concise.

4. **Final Decision**: Retain the score of 4, as it accurately reflects the correctness of the generated response while accounting for its minor shortcomings in conciseness."
198,3,5.0,[4.95177438],5.0,[4.96970269],2.0,"</think>

Final Score: 5

**Explanation:**

1. **Confidence in Original Score**: High. The generated response accurately identified the publication years of the Waverley novels (1814-1832) and Outlander (1991), clearly showing that the Waverley novels were written first. This aligns with historical facts about Sir Walter Scott's works and Diana Gabaldon's modern series.

2. **Interval Consideration**: The confidence interval provided is [3.00, 5.00]. The original score of 5 falls within this interval, indicating that it is a plausible score according to the model's prediction. The interval's upper bound is 5, which supports the high confidence in the original score.

3. **Adjustment Action**: Retain. The generated response is concise, accurate, and well-supported by the provided information. It effectively answers the question by providing specific publication years, which strengthens the claim. There is no need for adjustment as the response meets the highest quality standards.

4. **Rationale for Final Score**: The response is clear, correct, and well-justified. It directly addresses the question with relevant details, making it easy to understand and verify. The inclusion of specific publication years adds depth and credibility to the answer, ensuring that the claim is fully supported."
199,3,5.0,[4.99106317],5.0,[4.98343959],4.0,"</think>

Final Score: 5

Explanation:

1. **Confidence Level**: High confidence in the original score of 5. The generated response accurately identified the years of release for both Bonnie Prince Charlie (1948) and the Outlander TV series (2014), concluding that Bonnie Prince Charlie aired first. This aligns with the information provided in the premise.

2. **Interval Consideration**: The confidence interval provided is [3.00, 5.00]. The original score of 5 falls within this interval, indicating that it is a plausible score according to the expert judgment.

3. **Adjustment Action**: Retain the original score of 5. The generated response is clear, concise, and directly addresses the question without unnecessary details, making it easy to understand. The reasoning is sound and aligns with the premise.

4. **Rationale**: The generated response correctly identifies the years of release and concludes that Bonnie Prince Charlie aired first. The response is well-justified and aligns with the premise, making it a high-quality answer."
200,4,5.0,[4.99620281],5.0,[4.97466897],1.0,"</think>

Final Score: 5

**Explanation:**

1. **Confidence in Original Score**: High. The generated response accurately identified the Jacobite wars as occurring in 1715 and 1745, which are 30 years apart. The explanation was clear and concise.

2. **Interval Consideration**: The confidence interval provided was [4.00, 5.00]. The original score of 5 falls within this interval, indicating high confidence in the accuracy of the response.

3. **Adjustment Action**: Retain. The response was correct and well-supported, so no adjustment was necessary.

4. **Rationale**: The generated response correctly identified the years and the time difference, aligning perfectly with the information provided in the premise. The clarity and accuracy of the response justify the highest score within the confidence interval."
201,3,5.0,[4.98399637],5.0,[4.94298331],3.0,"</think>

Final Score: 5

**Explanation:**

1. **Confidence in Original Score**: High. The generated response correctly identifies that crack was a significant issue in the 1990s, as indicated by the mention of the 'crack epidemic' in the Situation.

2. **Interval Consideration**: The confidence interval provided is [3.00, 5.00]. The original score of 5 falls within this interval, and given the narrow width of the interval, it suggests that the score is plausible.

3. **Adjustment Action**: Retain the original score. The reasoning is sound, and the generated response accurately supports the claim without any inaccuracies or omissions.

4. **Final Score**: 5. The generated response is clear, correct, and fully supports the claim."
202,3,5.0,[4.99233314],5.0,[4.95121188],4.0,"</think>

Final Score: 5

**Explanation:**

1. **Confidence in Original Score**: High. The generated response accurately identifies the two mayors, David Dinkins and Rudolph Giuliani, and confirms the claim. It provides a clear and accurate answer, aligning with the information given in the situation.

2. **Interval Consideration**: The confidence interval provided is [3.00, 5.00]. The original score of 5 falls within this interval, indicating that it is a plausible score according to the expert judgment.

3. **Adjustment Action**: Retain the original score. The reasoning behind the original score is sound, and the generated response is both clear and correct. There is no need for adjustment as the score is within the confidence interval and the evaluation is accurate.

4. **Final Score**: 5. The generated response is correct, clear, and well-supported by the information in the situation. It effectively answers the question and supports the claim."
203,2,5.0,[4.07897506],4.0,[4.08789119],4.0,"**Explanation:**
</think>

Final Score: 4

Explanation:
1. **Confidence Level**: High confidence in the original score of 4. The generated response correctly identifies David Dinkins as the mayor during the specified time and supports the claim. However, it could be more detailed by mentioning the timeframe and his role in initiating aggressive policing, which contributed to the crime decline.

2. **Interval Consideration**: The confidence interval provided is [2.00, 5.00], which is relatively wide. The original score of 4 falls comfortably within this interval, indicating that it is a plausible score according to the expert judgment.

3. **Adjustment Action**: Retain the original score of 4. The response is accurate and clear, but there is room for improvement in detail, which justifies not giving a perfect score of 5.

4. **Final Score**: 4. The response is correct and clear, but lacks some depth in explanation, which is why it doesn't receive a perfect score."
204,3,5.0,[4.76317316],5.0,[4.8681644],5.0,"**Explanation:**
</think>

Final Score: 5
Explanation: The generated response accurately calculates the percentage of residents not under 18 by summing the relevant age groups. It correctly identifies the total as 89.8%, which is very close to the claim of 89.9%, likely due to rounding. The response clearly supports the claim, making it a high-quality answer."
205,2,4.0,[3.16673712],3.0,[3.25774675],2.0,"**Explanation:**
</think>

Final Score: 3

Explanation:
1. **Confidence Level**: Medium. The initial evaluation correctly identified the calculation but made a misleading conclusion by stating ""No"" despite the claim being supported.
2. **Interval Consideration**: The confidence interval [2.00, 4.00] suggests the score is likely within this range. The original score of 3 falls within this interval, aligning with the possible expert judgment.
3. **Adjustment Action**: Retain the original score. The generated response's calculation was correct, but the answer was misleading. The own response clarified the support for the claim, indicating the generated response had a minor flaw.
4. **Rationale**: The generated response demonstrated understanding of the calculation but had a misstatement in the conclusion. The own response provided clarity, showing the claim was supported. The score of 3 reflects the correct calculation with a minor issue in the answer's clarity."
206,3,5.0,[4.12412774],4.0,[4.04748952],1.0,"**Explanation:**
</think>

Final Score: 4

Explanation:
1. **Confidence Level**: My confidence in the original score of 4 is medium. While the generated response correctly identifies the percentages and arrives at the correct answer, it could be more explicit in showing the calculation steps, which might improve clarity.

2. **Interval Consideration**: The confidence interval provided is [3.00, 5.00], which is relatively wide. My original score of 4 falls comfortably within this interval, suggesting that it aligns well with the expected range of expert judgments.

3. **Adjustment Action**: I retain the original score of 4. The generated response is correct and well-supported, though it could benefit from a clearer breakdown of the calculation steps. However, the response is sufficiently accurate and justified to warrant a score of 4.

4. **Final Score**: 4. The generated response is correct and well-supported, though it could be more explicit in showing the calculation steps. The score of 4 reflects its accuracy and clarity, with room for minor improvement in explanation."
207,2,4.0,[4.02122701],4.0,[4.01688012],5.0,"</think>

Final Score: 4

**Explanation:**

1. **Confidence in Original Score**: High. The generated response correctly identified the numbers of households and families, performed the subtraction accurately, and arrived at the correct difference of 3,018. The calculation was straightforward and the answer was clear.

2. **Interval Consideration**: The confidence interval provided is [2.00, 4.00]. My original score of 4 falls within this interval, which suggests that it is a plausible score according to the expert judgment. The interval is moderately wide, indicating some uncertainty, but the score of 4 is within the higher end of the interval, which aligns with the accuracy of the generated response.

3. **Adjustment Action**: Retain the original score. The generated response, while concise, was accurate and sufficient in supporting the claim. The lack of detailed explanation does not detract significantly from the correctness of the answer, especially given the straightforward nature of the question.

4. **Rationale for Final Score**: The generated response demonstrated a clear understanding of the question and performed the necessary calculation correctly. While it could have provided a more detailed explanation, the answer was accurate and directly addressed the question. Therefore, a score of 4 is appropriate, reflecting its correctness and clarity while acknowledging the room for improvement in explanation."
208,4,5.0,[4.99739873],5.0,[4.9788965],5.0,"</think>

Final Score: 5

**Explanation:**

1. **Confidence in Original Score**: High. The generated response accurately calculates the population density by multiplying 45 people per square mile by 5 square miles, resulting in 225 people. This aligns perfectly with the claim and the situation provided.

2. **Interval Consideration**: The confidence interval [4.00, 5.00] suggests that the expert's score is likely within this range. Since the original score of 5 falls within this interval, it reinforces the confidence in the initial evaluation.

3. **Adjustment Action**: Retain. The generated response is clear, concise, and correct. There is no need for adjustment as it fully supports the claim with accurate calculations.

4. **Final Score**: 5. The response is well-justified, accurate, and aligns with the expert judgment."
209,3,5.0,[4.99005052],5.0,[4.97247479],5.0,"</think>

Final Score: 5

**Explanation:**

1. **Confidence in Original Score**: High. The generated response accurately identified that there were more housing units (12,115) than households (10,477), which is clearly supported by the data provided in the situation.

2. **Interval Consideration**: The confidence interval [3.00, 5.00] suggests that the expert's score is likely within this range. Since the original score of 5 falls within this interval, it aligns well with the expected expert judgment.

3. **Adjustment Action**: Retain. The generated response is clear, concise, and correctly answers the question. There is no need for adjustment as it fully addresses the query with accurate data.

4. **Rationale**: The response effectively uses the provided numbers to support the claim, making it both accurate and well-justified. The clarity and correctness of the response justify the highest score within the interval."
