index,low,up,init_score_weight,re_score_raw,re_score_weight,ground_truth,final_text
0,2,5,[3.93627954],4.0,[3.76926614],3.0,"</think>

Final Score: 4

**Explanation:**

1. **Confidence in Original Score**: High. The initial evaluation correctly identified that the person wants to marry a different individual, supporting the Claim. The conclusion was accurate, though the response could be more detailed.

2. **Interval Consideration**: The interval [2.00, 5.00] is wide, allowing for a range of scores. The original score of 4 falls comfortably within this interval, suggesting it is plausible.

3. **Adjustment Action**: Retain. The original score is appropriate as it reflects the correct conclusion with a minor simplification that doesn't detract significantly from the overall quality.

4. **Rationale**: The generated response accurately supports the Claim, though it could benefit from a more nuanced explanation. The score of 4 remains justified as it balances correctness with room for improvement."
1,2,5,[3.98067567],4.0,[3.90127897],3.0,"</think>

Final Score: 4

**Explanation:**

1. **Confidence in Original Score**: High. The initial evaluation correctly identified that the Situation supports the Claim, noting the person's concern about potential complications if the other woman returns, which implies a prior marriage.

2. **Interval Consideration**: The confidence interval [2.00, 5.00] is wide, allowing for a range of scores. The original score of 4 falls comfortably within this interval, suggesting it is plausible.

3. **Adjustment Action**: Retain. The reasoning aligns well with the provided interval, and the analysis is thorough. While the generated response made an assumption about the religious context, the conclusion remains valid based on the concerns expressed in the Situation.

4. **Final Score**: 4. The evaluation accurately supports the Claim, and the reasoning, though making an assumption, remains sound."
2,2,5,[3.99758146],4.0,[3.90966455],3.0,"</think>

Final Score: 4

**Explanation:**

1. **Confidence in Original Score**: High. The initial evaluation correctly identified that the young man's action supports the Claim, though it could be more explicit in connecting the call to the ambulance arrival.

2. **Interval Consideration**: The interval [2.00, 5.00] is wide, allowing for a range of scores. The original score of 4 falls comfortably within this interval, suggesting it is plausible.

3. **Adjustment Action**: Retain. The reasoning aligns well with the interval and the task requirements. The response effectively addresses the question, and the score accurately reflects its quality.

4. **Final Score**: 4. The generated response supports the Claim adequately, and the score of 4 is appropriate given the analysis."
3,3,5,[3.97994022],4.0,[3.95519995],2.0,"</think>

Final Score: 4

**Explanation:**

1. **Confidence in Original Score**: High. The initial evaluation correctly identified that the Claim is supported by the Situation, as the young man's call likely summoned medical help. However, the introduction of the intoxication factor as a reason for less likelihood of help was unsupported by the Situation.

2. **Interval Consideration**: The confidence interval [3.00, 5.00] suggests that the expert's score is likely within this range. The original score of 4 falls comfortably within this interval, indicating alignment with potential expert judgment.

3. **Adjustment Action**: Retain the original score with minor adjustments. The reasoning remains sound despite the unsupported assumption about intoxication, as the core conclusion that medical personnel would come to help is accurate.

4. **Final Score**: 4. The response effectively supports the Claim, with only a minor flaw in introducing an unsupported factor, which does not significantly detract from the overall correctness of the conclusion."
4,3,5,[3.99597525],4.0,[3.9618925],4.0,"</think>

Final Score: 4

**Explanation:**

1. **Confidence in Original Score**: High. The generated response correctly identifies the likely cause of the old man's condition, which is intoxication leading to a fall. However, it incorrectly states that the man was unconscious, whereas the premise mentions he was conscious but dazed.

2. **Interval Consideration**: The confidence interval [3.00, 5.00] suggests that the expert's score is likely within this range. My original score of 4 falls within this interval, indicating that it is plausible.

3. **Adjustment Action**: Retain the original score with minor adjustments. The generated response's minor error about the man's consciousness does not significantly detract from the overall correctness of the claim's support.

4. **Final Score**: 4. The response is mostly correct, with a minor factual error that does not affect the overall conclusion."
5,2,5,[3.99190797],4.0,[3.92410111],5.0,"</think>

Final Score: 4

**Explanation:**

1. **Confidence in Original Score**: High. The generated response correctly identifies that the school bus was late, which supports the Claim. The reasoning is clear and the conclusion is accurate.

2. **Interval Consideration**: The confidence interval provided is [2.00, 5.00], which is relatively wide. My original score of 4 falls comfortably within this interval, indicating that it aligns well with the expected range of expert judgments.

3. **Adjustment Action**: Retain. The original score of 4 is appropriate because the generated response effectively supports the Claim, albeit with room for more detailed explanation. The reasoning is sound, and the conclusion is correct.

4. **Final Score Justification**: The generated response accurately supports the Claim by identifying the lateness of the school bus. While it could have provided more detailed context, the conclusion is correct and the reasoning is clear. Therefore, a score of 4 is appropriate."
6,1,3,[1.85984823],2.0,[2.16559769],2.0,"</think>

Final Score: 2

**Explanation:**

1. **Confidence in Original Score**: Medium. The initial evaluation considered the serene tone and the feeling of uniqueness, which align with the Claim. However, the generated response misinterpreted the situation as boredom, leading to a 'No' conclusion, which was deemed incorrect.

2. **Interval Consideration**: The confidence interval [1.00, 3.00] suggests that the expert score is likely within this range. The original score of 2 falls within this interval, indicating that it is plausible.

3. **Adjustment Action**: Retain the original score with minor adjustments. The reasoning supports the Claim, and the generated response's error in interpretation was noted, but the overall analysis was still somewhat aligned with the correct conclusion.

4. **Final Score**: 2. The generated response partially supported the Claim but made an incorrect assumption about the cause, leading to a lower score."
7,2,5,[3.9879351],4.0,[3.95321333],5.0,"</think>

Final Score: 4

**Explanation:**

1. **Confidence in Original Score**: High. The generated response correctly identifies that Tater's academic success is important for future success, aligning with the Claim. The reasoning is clear and the answer is accurate.

2. **Interval Consideration**: The confidence interval [2.00, 5.00] is wide, indicating a range of possible scores. The original score of 4 falls comfortably within this interval, suggesting it is a plausible and reasonable assessment.

3. **Adjustment Action**: Retain. The original score of 4 is appropriate as it reflects the generated response's accuracy and clarity, while acknowledging room for more detailed elaboration.

4. **Final Score**: 4. The response effectively supports the Claim, and the score aligns well with the provided interval and the evaluation criteria."
8,2,5,[3.9863418],4.0,[3.84382636],3.0,"</think>

Final Score: 4

**Explanation:**

1. **Confidence in Original Score**: High. The initial evaluation correctly identified the person as a Moderate, noting their balanced perspective. However, the response inaccurately stated that the person concluded the debate was moderate, which isn't explicitly mentioned.

2. **Interval Consideration**: The interval [2.00, 5.00] is wide, allowing for a range of scores. The original score of 4 falls within this interval, suggesting it's plausible.

3. **Adjustment Action**: Retain the original score with minor adjustments. The reasoning aligns with the evidence, and the score reflects the balanced perspective accurately.

4. **Final Score**: 4. The evaluation is mostly correct, with a minor inaccuracy that doesn't significantly affect the overall assessment."
9,1,5,[3.90046544],4.0,[3.87364524],3.0,"</think>

Final Score: 4

**Explanation:**

1. **Confidence in Original Score**: High. The initial evaluation correctly identified that the person's action of pausing to discuss the debate indicates critical thinking, which is a trait of an independent voter. However, the response could be more nuanced in explaining how this action specifically supports the classification as independent.

2. **Interval Consideration**: The confidence interval [1.00, 5.00] is wide, indicating a high level of uncertainty. Since the original score of 4 falls within this interval, it aligns with the possible range of expert judgments.

3. **Adjustment Action**: Retain the original score with minor adjustments. The reasoning is sound, but the explanation could be more detailed to address potential oversimplifications.

4. **Final Score**: 4. The response is clear and correct, but there is room for improvement in the depth of the explanation."
10,3,5,[3.99540214],4.0,[3.97340991],4.0,"</think>

Final Score: 4

**Explanation:**

1. **Confidence in Original Score**: High. The original score of 4 was based on the generated response correctly identifying that watching the debate could lead to informed decisions. However, it could be more detailed by mentioning her discussions with her husband and the learning about Iraq and Afghanistan, which further support the claim.

2. **Interval Consideration**: The confidence interval provided is [3.00, 5.00], which is a wide interval. The original score of 4 falls within this interval, indicating that it is plausible. The interval suggests that the expert's score is likely to be within this range, which includes 4.

3. **Adjustment Action**: Retain the original score with minor adjustments. The generated response is accurate and relevant, but it could be more detailed. However, the response is still of high quality and justifies the score of 4.

4. **Final Score**: 4. The generated response correctly supports the claim that she makes informed decisions by watching the debate. While it could be more detailed, it is still a clear and correct response."
11,2,5,[3.98901204],4.0,[3.90914041],5.0,"</think>

Final Score: 4

**Explanation:**

1. **Confidence in Original Score**: High. The generated response correctly identifies that germs are present and caused the raw throat, aligning with the situation where a virus is mentioned. However, it simplifies the explanation by directly stating 'there are germs' without acknowledging that the virus itself is the cause.

2. **Interval Consideration**: The confidence interval [2.00, 5.00] is wide, allowing for a range of scores. The original score of 4 falls comfortably within this interval, suggesting it is plausible.

3. **Adjustment Action**: Retain the original score with minor adjustments. The response is accurate but could benefit from a more detailed explanation linking the virus to the germs, which would enhance clarity and understanding.

4. **Final Score**: 4. The response is correct but could be improved with a more detailed explanation, hence the score remains at 4."
12,1,3,[2.97574933],3.0,[2.93501995],3.0,"</think>

Final Score: 3

**Explanation:**

1. **Confidence in Original Score**: Medium. The initial evaluation correctly identified that the Claim is supported by the Situation but did not provide a detailed justification, which is a key component for a higher score.

2. **Interval Consideration**: The confidence interval [1.00, 3.00] suggests that the expert's score is likely within this range. The original score of 3 falls within this interval, indicating alignment with the expert's probable judgment.

3. **Adjustment Action**: Retain the original score with minor adjustments. The generated response's brevity and lack of detailed explanation justify a score of 3, as it answers correctly but lacks thoroughness.

4. **Final Score**: 3. The response is correct but could benefit from more detailed analysis to fully support the Claim, hence the score remains at 3."
13,1,4,[3.55587596],4.0,[3.82413024],2.0,"</think>

Final Score: 4

**Explanation:**

1. **Confidence in Original Score**: High. The original score of 4 was based on a thorough analysis of the generated response, recognizing its correct conclusion but noting flawed reasoning regarding the premise's truthfulness.

2. **Interval Consideration**: The confidence interval [1.00, 4.00] suggests that the expert's score is likely within this range. The original score of 4 falls within this interval, aligning with the possible expert judgment.

3. **Adjustment Action**: Retain the original score. Despite the interval's width, the reasoning behind the score remains sound. The generated response correctly supported the claim but had minor flaws in reasoning, which are accounted for in the score.

4. **Final Score Justification**: The score of 4 reflects the response's correct conclusion and adequate analysis, despite minor inaccuracies in reasoning. This aligns with the confidence interval and the evaluation criteria."
14,1,4,[3.73350284],4.0,[3.80386782],3.0,"</think>

Final Score: 4

**Explanation:**

1. **Confidence in Original Score**: High. The initial evaluation correctly identified that the Claim is supported by the Situation, as the individual is shopping for a better deal. The only misstep was the incorrect reasoning about long-term deals, which doesn't detract from the overall conclusion.

2. **Interval Consideration**: The confidence interval [1.00, 4.00] suggests that the expert's score is likely within this range. The original score of 4 falls within this interval, indicating alignment with potential expert judgment.

3. **Adjustment Action**: Retain. Despite the minor error in reasoning, the conclusion is correct, and the score of 4 appropriately reflects the response's quality.

4. **Final Score**: 4. The response correctly answers the question, though with a slight misstep in reasoning, which doesn't significantly impact the overall quality."
15,2,5,[3.98306552],4.0,[3.99357414],5.0,"</think>

Final Score: 4

**Explanation:**

1. **Confidence in Original Score**: High. The generated response correctly identified that the mouse pads were too small for FPS gaming, which is explicitly mentioned in the Situation. However, it only partially addressed the issue, as the Situation also mentions the pads being too small for normal mouse use in a dual-monitor setup.

2. **Interval Consideration**: The confidence interval provided is [2.00, 5.00], which is relatively wide. The original score of 4 falls comfortably within this interval, indicating that it is plausible and aligns with the expert's judgment.

3. **Adjustment Action**: Retain the original score with minor adjustments. The generated response accurately supports the Claim regarding FPS gaming but could be improved by mentioning the dual-monitor setup issue for a more comprehensive analysis.

4. **Final Score**: 4. The response is clear and correct in supporting the Claim, but it could be slightly enhanced by addressing the additional issue mentioned in the Situation."
16,1,4,[3.04739692],3.0,[3.01226609],2.0,"</think>

Final Score: 3

**Explanation:**

1. **Confidence in Original Score**: Medium. The initial evaluation correctly identified that the Claim is not supported by the Situation but made an assumption about the need for special equipment that isn't explicitly stated.

2. **Interval Consideration**: The confidence interval [1.00, 4.00] suggests that the expert score is likely within this range. The original score of 3 falls within this interval, indicating alignment with potential expert judgment.

3. **Adjustment Action**: Retain the original score. The reasoning aligns with the interval, and the analysis correctly identifies the lack of support for the Claim while noting the assumption made.

4. **Final Score**: 3. The evaluation is accurate and within the expected range, reflecting a balanced assessment of the generated response."
17,1,5,[3.91349755],4.0,[3.82535266],4.0,"</think>

**Final Score: 4**

**Explanation:**

1. **Confidence in Original Score**: High. The initial evaluation correctly identified that Amelia wanted the Cinderella costume for Christmas, aligning with the Claim. However, the reasoning tied the frequency of mornings to her desire, which was a minor misconnection.

2. **Interval Consideration**: The interval [1.00, 5.00] is wide, indicating a high level of uncertainty. The original score of 4 falls within this interval, suggesting it is plausible.

3. **Adjustment Action**: Retain the original score with minor adjustments. The reasoning was mostly correct, and the conclusion was accurate. The minor misconnection did not significantly impact the overall quality.

4. **Final Score**: 4. The generated response effectively supported the Claim, despite a minor misconnection, making it a high-quality response."
18,2,5,[3.99430724],4.0,[3.92575974],4.0,"</think>

Final Score: 4

**Explanation:**

1. **Confidence in Original Score**: High. The generated response correctly identifies the Claim and supports it with relevant details from the Situation. The only minor issue is the addition of an assumption about the thief being 'long gone,' which isn't explicitly stated.

2. **Interval Consideration**: The interval [2.00, 5.00] is wide, allowing for a range of scores. The original score of 4 falls comfortably within this interval, suggesting it's a plausible evaluation.

3. **Adjustment Action**: Retain the original score. The reasoning behind the score is sound, and the minor assumption doesn't detract significantly from the overall correctness of the Claim's support.

4. **Final Score**: 4. The response effectively supports the Claim with appropriate reasoning, and the minor addition doesn't warrant a lower score."
19,3,5,[3.99847155],4.0,[3.98241254],5.0,"</think>

Final Score: 4

**Explanation:**

1. **Confidence in Original Score**: High. The generated response correctly identified the connection between interest and the provision of more complete compliments, aligning with the Claim.

2. **Interval Consideration**: The interval [3.00, 5.00] is wide, allowing for a range of scores. The original score of 4 falls comfortably within this interval, suggesting it is plausible.

3. **Adjustment Action**: Retain. The reasoning in the generated response is sound, though it could have more explicitly tied the 'working harder' aspect to the 'more complete compliments' for clarity. However, the conclusion is accurate, and the score of 4 remains appropriate.

4. **Final Score**: 4. The response effectively supports the Claim, with minor room for improvement in clarity, but the overall quality is strong."
20,1,5,[3.94493965],4.0,[3.9631095],5.0,"</think>

Final Score: 4

**Explanation:**

1. **Confidence in Original Score**: High. The initial evaluation correctly identified that the Situation does not explicitly mention losing a well-paying job but rather focuses on the delay in job application responses leading to financial difficulties.

2. **Interval Consideration**: The provided confidence interval is [1.00, 5.00], which is wide. This suggests a high level of uncertainty, but since the original score of 4 falls within this interval, it aligns with the possible range of expert judgments.

3. **Adjustment Action**: Retain the original score. The reasoning behind the score is sound, as the generated response accurately addresses the lack of direct evidence supporting the Claim. The only minor suggestion for improvement was the clarity of explaining the financial trouble's origin, but this does not significantly affect the overall quality.

4. **Final Score Justification**: The score of 4 reflects that the generated response is mostly correct but could be slightly clearer in explaining the financial issues' cause. This aligns well with the evaluation criteria and the confidence interval provided."
21,1,5,[3.92939147],4.0,[3.9598283],2.0,"</think>

Final Score: 4

**Explanation:**

1. **Confidence in Original Score**: High. The initial evaluation correctly identified that the Claim (""I can't get a new job"") is not directly supported by the Situation. The Situation describes challenges in receiving responses from companies and financial struggles, but does not explicitly state an inability to secure a new job.

2. **Interval Consideration**: The confidence interval provided is [1.00, 5.00], which is wide. This suggests a high level of uncertainty, but since the original score of 4 falls within this interval, it aligns with the possible range of expert judgments.

3. **Adjustment Action**: Retain the original score with minor adjustments. The reasoning in the initial evaluation was sound, but it could be more precise in connecting the lack of job offers to financial difficulties without assuming other factors.

4. **Final Score**: 4. The generated response correctly concludes that the Claim is not supported, but the reasoning could be more precise. The score of 4 reflects the correct conclusion with room for improvement in the reasoning."
22,3,5,[4.00017518],4.0,[3.99318913],5.0,"</think>

Final Score: 4

**Explanation:**

1. **Confidence in Original Score**: High. The generated response correctly identifies the legislation's aim to increase access for young women to athletic opportunities, supporting the Claim. The reasoning is clear and aligns with the Situation.

2. **Interval Consideration**: The confidence interval [3.00, 5.00] is wide, allowing for a range of scores. The original score of 4 falls comfortably within this interval, suggesting it is plausible.

3. **Adjustment Action**: Retain the original score. While the response could have explicitly mentioned Title IX, the reasoning is sound and the conclusion correct. The minor omission does not significantly detract from the overall quality.

4. **Final Score**: 4. The response effectively supports the Claim, with a minor area for improvement."
23,3,5,[3.99563303],4.0,[3.95690291],5.0,"</think>

Final Score: 4

**Explanation:**

1. **Confidence in Original Score**: High. The initial evaluation correctly identified that the narrator's motivation to write stems from the dramatic nature of their mother's life. The reasoning was clear and aligned with the provided Situation.

2. **Interval Consideration**: The confidence interval [3.00, 5.00] suggests that the expert's score is likely within this range. The original score of 4 falls comfortably within this interval, indicating that it is a plausible and reasonable assessment.

3. **Adjustment Action**: Retain. The original score of 4 is appropriate because it acknowledges the correctness of the generated response while also pointing out a minor overgeneralization. This balanced evaluation aligns well with the interval and the task requirements.

4. **Rationale for Final Score**: The generated response accurately supports the Claim by linking the dramatic life to the motivation for writing. The slight overgeneralization about the absence of a story without drama does not significantly detract from the overall correctness. Thus, maintaining the score of 4 reflects a fair and thorough evaluation."
24,1,4,[3.14447256],3.0,[3.02811183],4.0,"</think>

Final Score: 3

**Explanation:**

1. **Confidence in Original Score**: Medium. The original score of 3 was based on the generated response correctly identifying the link between frustration and pulling hair out but noting it was oversimplified.

2. **Interval Consideration**: The confidence interval [1.00, 4.00] is wide, allowing for a range of scores. The original score of 3 falls within this interval, suggesting it is plausible.

3. **Adjustment Action**: Retain the original score. The generated response, while correct, lacks depth in explaining the underlying causes of frustration, which aligns with a score of 3.

4. **Rationale**: The response correctly answers the question but does not fully explore the context, making it somewhat oversimplified. This justifies the score of 3 within the provided interval."
25,1,3,[2.58807379],3.0,[2.86133301],3.0,"</think>

Final Score: 3

**Explanation:**

1. **Confidence in Original Score**: Medium. The initial evaluation correctly identified that the Claim is supported by the Situation but made an error in the specifics of the audience size.

2. **Interval Consideration**: The confidence interval [1.00, 3.00] suggests that the expert's score is likely within this range. The original score of 3 falls within this interval, indicating alignment with the expert's probable judgment.

3. **Adjustment Action**: Retain the original score with minor adjustments. The Claim is supported, but the generated response had inaccuracies, warranting a score of 3.

4. **Rationale**: The generated response correctly supported the Claim but contained factual errors, justifying a medium score. The interval supports this conclusion, so the score remains 3."
26,3,5,[4.82884583],5.0,[4.88470299],3.0,"</think>

Final Score: 5

**Explanation:**

1. **Confidence in Original Score**: High. The generated response accurately lists the unpleasant side effects mentioned in the Situation, directly supporting the Claim.

2. **Interval Consideration**: The interval [3.00, 5.00] includes the original score of 5. Given the narrow interval, the score is within the expected range, supporting the high confidence.

3. **Adjustment Action**: Retain. The response is clear, correct, and fully supported by the provided information, making a score of 5 appropriate.

4. **Rationale**: The generated response effectively addresses the question by referencing specific side effects, aligning with the Claim. The analysis is thorough and accurate, warranting the highest score."
27,3,5,[3.99811664],4.0,[3.97969273],4.0,"</think>

Final Score: 4

**Explanation:**

1. **Confidence in Original Score**: High. The generated response correctly identifies the narrator's dissatisfaction with the valet service, noting the delays and the need for additional information. The reasoning is logical and aligns with the situation provided.

2. **Interval Consideration**: The confidence interval [3.00, 5.00] suggests that the expert's score is likely within this range. My original score of 4 falls comfortably within this interval, indicating that it is plausible and aligns with the expert's potential judgment.

3. **Adjustment Action**: Retain. The original score of 4 is appropriate because the response effectively supports the claim with clear reasoning, though it could have included more specific details about the frustrations. However, the response is sufficiently accurate and well-supported.

4. **Final Score Justification**: The score of 4 reflects that the response is clear and correct, with a minor suggestion for improvement in detail. Given the confidence interval and the thoroughness of the analysis, 4 remains the most accurate and fair score."
28,2,5,[3.99944192],4.0,[3.77429144],1.0,"</think>

Final Score: 4

**Explanation:**

1. **Confidence in Original Score**: High. The initial evaluation correctly identified that the Situation supports the Claim by indicating the need to leave due to the child's nap and subsequent attention requirements.

2. **Interval Analysis**: The confidence interval [2.00, 5.00] is wide, allowing for a range of scores. The original score of 4 falls comfortably within this interval, suggesting it is plausible.

3. **Adjustment Action**: Retain. The original score is well-supported by the analysis and falls within the confidence interval, indicating it aligns with expert judgment.

4. **Rationale**: The generated response effectively captures the necessity of leaving due to the child's needs, aligning with the Claim. While it could have explicitly mentioned the child's age, the response sufficiently supports the Claim, warranting a score of 4."
29,1,4,[3.5708432],4.0,[3.88358974],5.0,"</think>

Final Score: 4

**Explanation:**

1. **Confidence in Original Score**: High. The initial evaluation correctly identified that the group's motivation was likely due to the challenge and fun involved, aligning with the Claim.

2. **Interval Consideration**: The confidence interval [1.00, 4.00] suggests that the expert's score is likely within this range. The original score of 4 falls within this interval, indicating that it is plausible.

3. **Adjustment Action**: Retain. The original score is appropriate as it reflects the correct identification of the Claim's support, despite the generated response's simplicity.

4. **Rationale**: The generated response accurately concluded that the Claim is supported, even though it didn't delve into the specific challenges mentioned. The score of 4 appropriately balances the correctness of the answer with the explanation's depth."
30,3,5,[3.99951853],4.0,[3.98293504],4.0,"</think>

Final Score: 4

**Explanation:**

1. **Confidence in Original Score**: High. The initial evaluation correctly identified that Robin's sense of responsibility and duty was a key factor in her taking on multiple tasks despite feeling taxed. The reasoning was clear and aligned with the provided Situation.

2. **Interval Consideration**: The confidence interval [3.00, 5.00] is relatively wide, allowing for a range of scores. The original score of 4 falls comfortably within this interval, suggesting that it is a plausible and reasonable assessment.

3. **Adjustment Action**: Retain. The original score of 4 is appropriate because it accurately reflects the strength of the Claim's support by the Situation. While the generated response could have more explicitly connected Robin's reluctance to burden others to her sense of duty, the overall conclusion was correct.

4. **Final Score Justification**: The score of 4 is maintained as it effectively captures the supported Claim while acknowledging minor areas for improvement in the explanation."
31,1,3,[1.95933418],2.0,[2.05871482],2.0,"</think>

Final Score: 2

**Explanation:**

1. **Confidence in Original Score**: Medium. The initial evaluation correctly identified dissatisfaction with the current school but misapplied the term ""Craft Sequence"" and incorrectly concluded the answer was ""No.""

2. **Interval Consideration**: The confidence interval [1.00, 3.00] suggests the score is likely within this range. The original score of 2 falls within this interval, aligning with the possible expert judgment.

3. **Adjustment Action**: Retain the original score with minor adjustments. The analysis correctly identified the preference for a creative environment but needed clarification on the irrelevant term and conclusion.

4. **Final Score**: 2. The response partially supported the claim but included inaccuracies, warranting a moderate score."
32,2,5,[3.99656891],4.0,[3.98071764],4.0,"</think>

Final Score: 4

**Explanation:**

1. **Confidence in Original Score**: High. The initial evaluation correctly identified that the narrator is on vacation based on the context provided, such as being at a resort and resting in an open-air reception area.

2. **Interval Analysis**: The confidence interval [2.00, 5.00] is wide, indicating a range of possible scores. The original score of 4 falls comfortably within this interval, suggesting it is plausible.

3. **Adjustment Action**: Retain. The original score is well-supported by the analysis and falls within the confidence interval, making it a reasonable and accurate assessment.

4. **Rationale**: The generated response accurately concluded that the narrator is on vacation, supported by the described setting. While it could have included more details, the conclusion was correct and justified. The score of 4 reflects a clear and mostly correct response, aligning with the confidence interval and expert judgment."
33,2,5,[4.30040269],4.0,[3.99113105],3.0,"</think>

Final Score: 4

**Explanation:**

1. **Confidence in Original Score**: High. The generated response accurately interprets the situation by connecting the desire for quiet time alone to wanting a break from family. The reasoning is clear and directly supports the claim.

2. **Interval Consideration**: The confidence interval [2.00, 5.00] is wide, allowing for a range of scores. The original score of 4 falls comfortably within this interval, suggesting it aligns well with potential expert judgments.

3. **Adjustment Action**: Retain. The reasoning and conclusion are sound, and the score of 4 appropriately reflects the clarity and correctness of the generated response.

4. **Final Score**: 4. The response effectively supports the claim with a logical connection between the situation and the hypothesis, making it clear and correct."
34,3,5,[3.99758641],4.0,[3.92780829],4.0,"</think>

Final Score: 4

**Explanation:**

1. **Confidence in Original Score**: High. The generated response correctly identifies that the person went to Starbucks to meet a friend, supporting the Claim. The reasoning is logical, though it makes a minor assumption about the invitation.

2. **Interval Consideration**: The interval [3.00, 5.00] is wide, allowing for scores 3, 4, or 5. The original score of 4 falls within this range, aligning with the interval's guidance.

3. **Adjustment Action**: Retain the original score. The reasoning is sound, and the score appropriately reflects the response's accuracy and minor assumption.

4. **Final Score**: 4. The response effectively supports the Claim with a reasonable assumption, warranting a high score within the interval."
35,1,3,[1.88069983],2.0,[2.18557855],1.0,"</think>

Final Score: 2

**Explanation:**

1. **Confidence in Original Score**: Medium. The initial evaluation correctly identified that the generated response had issues with interpretation but may have overemphasized the inaccuracy.

2. **Interval Consideration**: The confidence interval [1.00, 3.00] suggests that the score is likely within this range. The original score of 2 falls within this interval, aligning with the possible expert judgment.

3. **Adjustment Action**: Retain the original score with minor adjustments. The generated response's conclusion was incorrect, but the analysis provided some understanding of the situation, warranting a score of 2.

4. **Rationale**: The generated response misinterpreted the premise, leading to an incorrect conclusion. However, it demonstrated some comprehension of the context, justifying a moderate score within the interval."
36,2,5,[3.99674773],4.0,[3.93754738],5.0,"</think>

Final Score: 4

**Explanation:**

1. **Confidence in Original Score**: High. The generated response correctly identifies the issue with violence and killing, which is central to the person's discomfort. However, it could have elaborated more on the specific game elements contributing to this discomfort.

2. **Interval Consideration**: The interval [2.00, 5.00] is wide, allowing for a range of scores. The original score of 4 falls comfortably within this interval, suggesting it is plausible.

3. **Adjustment Action**: Retain the original score. The response is accurate and sufficiently justified, though minor improvements could enhance clarity.

4. **Final Score**: 4. The response effectively supports the claim with a clear answer, though additional details could strengthen it further."
37,3,5,[3.99898586],4.0,[3.98129902],4.0,"</think>

Final Score: 4

**Explanation:**

1. **Confidence in Original Score**: High. The generated response correctly identifies the connection between being sought out and the feelings of trust and validation. It aligns well with the Claim that being sought out implies trust and recommendation.

2. **Interval Consideration**: The confidence interval [3.00, 5.00] is wide, allowing for a range of scores. The original score of 4 falls comfortably within this interval, suggesting it is a plausible and reasonable assessment.

3. **Adjustment Action**: Retain the original score. The reasoning behind the score is sound, and the interval supports the conclusion that the Claim is well-supported by the Situation.

4. **Rationale**: The generated response effectively captures the essence of the Situation and the Claim, providing a clear and correct justification. While it could have explicitly connected the recommendations to trust, the overall conclusion is accurate and well-supported. Thus, the score of 4 remains appropriate."
38,3,5,[4.00018481],4.0,[3.98210696],5.0,"</think>

Final Score: 4

**Explanation:**

1. **Confidence in Original Score**: High. The initial evaluation correctly identified that the child's behavior supports the claim of potential parent confusion. The reasoning was clear and aligned with the situation.

2. **Interval Consideration**: The confidence interval [3.00, 5.00] is wide, allowing for a range of scores. The original score of 4 falls comfortably within this interval, indicating that it is a plausible and reasonable assessment.

3. **Adjustment Action**: Retain. The original score is well-supported by the analysis and falls within the provided interval. No adjustments are necessary as the evaluation is thorough and accurate.

4. **Final Score**: 4. The generated response effectively supports the claim with clear reasoning, and the score of 4 accurately reflects its quality."
39,2,5,[3.99965751],4.0,[3.92953367],5.0,"</think>

Final Score: 4

**Explanation:**

1. **Confidence in Original Score**: High. The initial evaluation correctly identified that the writer's nervousness was linked to uncertainty about the shoes' quality, supported by the intention to track mileage.

2. **Interval Consideration**: The interval [2.00, 5.00] is wide, allowing for a range of scores. The original score of 4 falls comfortably within this interval, suggesting it is plausible.

3. **Adjustment Action**: Retain. The reasoning aligns well with the interval, and the score accurately reflects the analysis without needing adjustment.

4. **Rationale**: The generated response effectively supports the claim, with minor room for improvement in explicitly connecting nervousness to quality concerns. However, the score of 4 remains appropriate."
40,3,5,[3.99942326],4.0,[3.97641471],5.0,"</think>

Final Score: 4

**Explanation:**

1. **Confidence in Original Score**: High. The generated response correctly identifies that the person is in a rehabilitation facility due to drug addiction, supported by the mention of swallowing pills and enrolling in a partial hospitalization program.

2. **Interval Consideration**: The confidence interval [3.00, 5.00] is wide, allowing for a range of scores. The original score of 4 falls comfortably within this interval, indicating that it is plausible and aligns with the expert's potential judgment.

3. **Adjustment Action**: Retain the original score. The reasoning behind the score is solid, and while the generated response could have elaborated more on how specific actions indicate drug addiction, the conclusion is accurate and well-supported.

4. **Final Score Justification**: The score of 4 reflects a clear and correct understanding of the situation, with minor room for improvement in the depth of explanation. This aligns well within the provided confidence interval and expert judgment expectations."
41,2,5,[3.99634025],4.0,[3.94830053],4.0,"</think>

Final Score: 4

**Explanation:**

1. **Confidence in Original Score**: High. The original score of 4 was based on a thorough analysis of the Situation and the generated response. The reasoning was clear, and the conclusion that the Claim is supported was justified.

2. **Interval Consideration**: The confidence interval provided is [2.00, 5.00], which is relatively wide. The original score of 4 falls comfortably within this interval, indicating that it aligns well with the expected range of expert judgments.

3. **Adjustment Action**: Retain. Given the high confidence in the original evaluation and the alignment with the provided interval, no adjustment was necessary. The reasoning and conclusion remain sound.

4. **Final Score Justification**: The generated response accurately identified the psychiatric issues and connected the Situation to the Claim. While it could have explicitly tied more details from the Situation to the Claim, the overall reasoning was strong and justified the conclusion. Thus, a score of 4 remains appropriate."
42,2,5,[3.97801212],4.0,[3.95600364],4.0,"</think>

**Final Score: 4**

**Explanation:**

1. **Confidence in Original Score**: High. The generated response correctly identified that the narrator knew how to navigate the hospital's requirements, which supports the claim. However, it introduced assumptions about her emotions, which were not explicitly stated.

2. **Interval Consideration**: The interval [2.00, 5.00] is wide, allowing for a range of scores. The original score of 4 falls comfortably within this interval, suggesting it is plausible.

3. **Adjustment Action**: Retain the original score. The reasoning aligns well with the claim, and while additional assumptions were made, they do not detract from the core support for the claim.

4. **Final Score**: 4. The response effectively supports the claim with relevant details, and the score reflects both the accurate analysis and the minor overreach in assumptions."
43,2,5,[3.99361208],4.0,[3.95869149],3.0,"</think>

Final Score: 4

**Explanation:**

1. **Confidence in Original Score**: High. The generated response correctly identified that the person reread MySpace comments and reminisced, which supports the Claim. The reasoning was logical, though it included unnecessary details about nursing school.

2. **Interval Consideration**: The interval [2.00, 5.00] is wide, allowing for a range of scores. The original score of 4 falls comfortably within this interval, suggesting it is plausible.

3. **Adjustment Action**: Retain the original score. The reasoning was sound, and while the response could be more concise, it effectively supported the Claim.

4. **Final Score**: 4. The response accurately supported the Claim with relevant details, justifying the score."
44,1,3,[1.93683923],2.0,[2.10833774],5.0,"</think>

Final Score: 2

**Explanation:**

1. **Confidence in Original Score**: Medium. The initial evaluation correctly identified the emotional cues suggesting a preference for the other girl but misapplied the answer by stating ""No"" instead of ""Yes.""

2. **Interval Consideration**: The confidence interval [1.00, 3.00] suggests the score is likely within this range. The original score of 2 falls within this interval, indicating alignment with potential expert judgment.

3. **Adjustment Action**: Retain the original score with minor adjustments. The reasoning was sound in identifying the emotional preference but erred in the final answer, which was corrected in the qualitative analysis.

4. **Final Score Justification**: The score of 2 reflects the correct identification of the Claim's support but penalizes the misinterpretation of the answer, aligning with the interval and the evaluation's accuracy."
45,1,5,[3.85335065],4.0,[3.94863667],4.0,"</think>

**Final Score: 4**

**Explanation:**

1. **Confidence in Original Score**: High. The generated response correctly identifies that abdominal muscles may be worked during a spin class. However, it could have provided a more detailed explanation linking the user's actions to the Claim.

2. **Interval Consideration**: The interval [1.00, 5.00] is wide, indicating a high level of uncertainty. The original score of 4 falls within this interval, suggesting it is plausible.

3. **Adjustment Action**: Retain the original score. The response is accurate and the reasoning is sound, though it could be more detailed. Given the interval and the reasoning, 4 remains appropriate.

4. **Final Score**: 4. The response is clear and correct, though it could benefit from a more detailed explanation."
46,2,5,[4.00989055],4.0,[3.97872984],4.0,"</think>

Final Score: 4

**Explanation:**

1. **Confidence in Original Score**: High. The generated response correctly identifies that she would have to quit her job if daycare isn't available, aligning with the Situation.

2. **Interval Consideration**: The interval [2.00, 5.00] is wide, allowing for a range of scores. The original score of 4 falls comfortably within this range, suggesting it's a plausible evaluation.

3. **Adjustment Action**: Retain. The response is accurate and well-supported, though it could slightly elaborate on her reliance on daycare for her job, as mentioned in the Situation.

4. **Final Score**: 4. The response is clear, correct, and well-justified, warranting a high score within the interval."
47,2,5,[4.00354151],4.0,[3.96209651],5.0,"</think>

Final Score: 4

**Explanation:**

1. **Confidence in Original Score**: High. The generated response accurately addresses the question by stating that she would seek a babysitter if daycare wasn't available. This aligns with the premise, which highlights her reliance on daycare for her job.

2. **Interval Consideration**: The confidence interval provided is [2.00, 5.00], which is relatively wide. My original score of 4 falls comfortably within this interval, indicating that it is a plausible score according to the expert judgment.

3. **Adjustment Action**: Retain. The response is clear and logical, directly connecting the premise to the conclusion. While it could be slightly improved by explicitly linking her job and childcare needs to the conclusion, the response is sufficiently accurate and well-supported.

4. **Final Score**: 4. The response effectively answers the question, and the score of 4 reflects its clarity and correctness while allowing room for minor improvements."
48,2,4,[4.68239634],5.0,[4.50139197],5.0,"</think>

Final Score: 5

**Explanation:**

1. **Confidence in Original Score**: High. The generated response accurately identifies that the other moms viewed her nursing job as useful because she helped people with health issues, which directly supports the Claim.

2. **Interval Consideration**: The confidence interval [2.00, 4.00] suggests a wide range, but the original score of 5 falls outside this interval. However, upon re-evaluation, the reasoning remains sound, and the response is clear and correct.

3. **Adjustment Action**: Retain the original score. Despite the interval, the response's clarity and correctness justify the higher score.

4. **Rationale**: The generated response effectively addresses the question, aligning with the Claim without unwarranted assumptions. The explanation is thorough and accurate, warranting a score of 5."
49,2,5,[4.00981192],4.0,[3.99307002],2.0,"</think>

Final Score: 4

**Explanation:**

1. **Confidence in Original Score**: High. The generated response correctly identifies that the nursing job was deemed useful because it involved taking care of sick people, which directly supports the Claim. The reasoning is clear and well-justified.

2. **Interval Consideration**: The confidence interval [2.00, 5.00] is wide, allowing for a range of scores. The original score of 4 falls comfortably within this interval, suggesting it is plausible.

3. **Adjustment Action**: Retain the original score. The reasoning is sound, and the score aligns well with the interval. While the response could be slightly more detailed, it is sufficiently correct and justified.

4. **Final Score**: 4. The response accurately supports the Claim with clear reasoning, justifying a high score within the interval."
50,2,5,[3.99908114],4.0,[3.93983289],4.0,"</think>

Final Score: 4

**Explanation:**

1. **Confidence in Original Score**: High. The initial evaluation correctly identified that the sun aids in drying the paint, supporting the Claim. The reasoning was clear and aligned with the provided Situation.

2. **Interval Consideration**: The confidence interval [2.00, 5.00] is wide, indicating a range of possible scores. The original score of 4 falls comfortably within this interval, suggesting it is plausible.

3. **Adjustment Action**: Retain. The original score is appropriate as it accurately reflects the support for the Claim. While the response could have been more detailed, it sufficiently addressed the key points.

4. **Final Score**: 4. The response effectively supports the Claim with a clear explanation, warranting a high score within the interval."
51,2,5,[3.99516147],4.0,[3.95181344],5.0,"</think>

Final Score: 4

**Explanation:**

1. **Confidence in Original Score**: High. The generated response correctly identifies the inspiration from Summer's project and the use of scrap books for home decor. However, it could have explicitly mentioned the specific action of designing a window, as detailed in the Situation.

2. **Interval Consideration**: The confidence interval [2.00, 5.00] is wide, allowing for a range of scores. The original score of 4 falls comfortably within this interval, suggesting it is plausible.

3. **Adjustment Action**: Retain the original score with minor adjustments. The reasoning remains sound, and the score accurately reflects the generated response's quality.

4. **Final Score**: 4. The generated response effectively supports the Claim, though it could have been more detailed in connecting the inspiration to the specific project."
52,2,5,[3.99407004],4.0,[3.91204265],5.0,"</think>

Final Score: 4

**Explanation:**

1. **Confidence in Original Score**: High. The initial evaluation correctly identified that the Claim is supported by the Situation, as the writer's lack of work was due to their schedule.

2. **Interval Consideration**: The confidence interval [2.00, 5.00] is wide, allowing for a range of scores. The original score of 4 falls comfortably within this interval, suggesting it is plausible.

3. **Adjustment Action**: Retain. The reasoning behind the original score is sound, and the interval supports the conclusion that the score is within a reasonable range.

4. **Rationale**: The generated response accurately concluded that the Claim is supported, though it could have included more context. However, the conclusion was correct, and the score of 4 reflects a high-quality response with minor room for improvement."
53,2,5,[3.99896104],4.0,[3.95168589],3.0,"</think>

Final Score: 4

**Explanation:**

1. **Confidence in Original Score**: High. The initial evaluation correctly identified that the narrator is likely an officer based on the context provided, such as spending time with other officers and referring to cadets.

2. **Interval Analysis**: The confidence interval [2.00, 5.00] is wide, indicating a range of possible scores. The original score of 4 falls comfortably within this interval, suggesting it is plausible.

3. **Adjustment Action**: Retain. The reasoning behind the original score is sound, and the interval supports the possibility of a score within this range. While the generated response could have included more context, such as mentioning the commander of the Air Cadets, the conclusion remains accurate.

4. **Final Score**: 4. The evaluation aligns well with the provided interval and the reasoning is sufficiently justified."
54,1,3,[1.81256264],2.0,[2.11045948],1.0,"</think>

Final Score: 2

**Explanation:**

1. **Confidence in Original Score**: High. The original score of 2 was based on the generated response's failure to recognize the key detail about the 'Air Cadets' and their commander, which clearly points to the Air Force.

2. **Interval Consideration**: The confidence interval provided is [1.00, 3.00]. The original score of 2 falls within this interval, suggesting that it is plausible. However, the interval's width indicates some uncertainty, allowing for consideration of scores 1, 2, or 3.

3. **Adjustment Action**: Retain the original score. Despite the interval's allowance for a lower score, the generated response's failure to identify the specific military branch based on the 'Air Cadets' mention justifies the score of 2. The response did not provide a clear or correct answer, hence it doesn't warrant a higher score.

4. **Rationale**: The generated response incorrectly concluded that the branch was unknown, despite clear indicators in the Situation. This oversight justifies a lower score, but since the score of 2 is within the confidence interval and reflects the response's shortcomings, it remains appropriate."
55,1,5,[3.9407093],4.0,[3.94134426],3.0,"</think>

Final Score: 4

**Explanation:**

1. **Confidence in Original Score**: High. The initial evaluation correctly identified that the Claim is supported by the Situation, noting the stress and concern over travel issues as the cause of elevated blood pressure.

2. **Interval Consideration**: The provided interval [1.00, 5.00] is wide, indicating a high level of uncertainty. However, the original score of 4 falls comfortably within this range, suggesting it is plausible.

3. **Adjustment Action**: Retain. The original score appropriately balances the correct identification of the Claim's support with a minor critique of the generated response's nuance. The reasoning aligns well with the task requirements.

4. **Rationale**: The generated response effectively supports the Claim but could offer a more detailed explanation of the stress factors. The score of 4 reflects this balance, making it a reasonable and accurate assessment."
56,3,5,[3.99550009],4.0,[3.9774888],4.0,"</think>

**Final Score: 4**

**Explanation:**

1. **Confidence in Original Score**: High. The initial evaluation correctly identified that the Claim is supported by the Situation, as the person's intent to be slightly drunk aligns with the goal of lightening up and reducing tension.

2. **Interval Consideration**: The confidence interval [3.00, 5.00] is relatively wide, allowing for a range of scores. The original score of 4 falls comfortably within this interval, suggesting it is a plausible and reasonable assessment.

3. **Adjustment Action**: Retain the original score. The reasoning behind the score is sound, and the interval supports the conclusion that the Claim is well-supported by the Situation.

4. **Rationale**: The generated response accurately captures the essence of the Situation and the Claim, even if it simplifies some aspects. The score of 4 reflects a balance between the correct identification of the Claim's support and the minor simplifications in the reasoning."
57,1,5,[3.97439569],4.0,[3.95382964],5.0,"</think>

Final Score: 4

**Explanation:**

1. **Confidence in Original Score**: High. The generated response correctly identifies that the decision was tough because the person had never been to South Korea. The reasoning aligns with the Claim that moving to South Korea was a crazy idea due to unfamiliarity.

2. **Interval Consideration**: The confidence interval [1.00, 5.00] is wide, indicating a broad range of possible scores. The original score of 4 falls comfortably within this interval, suggesting it is plausible.

3. **Adjustment Action**: Retain the original score. The reasoning is sound, and while the response could be more comprehensive, it sufficiently supports the Claim.

4. **Final Score**: 4. The response accurately supports the Claim, though it could benefit from a more detailed analysis of contributing factors."
58,1,4,[3.15401361],3.0,[3.02293337],4.0,"</think>

Final Score: 3

**Explanation:**

1. **Confidence in Original Score**: Medium. The original score of 3 was based on the assumption that the generated response correctly identified happiness stemming from fairness but noted the lack of explicit mention of compensation.

2. **Interval Consideration**: The confidence interval [1.00, 4.00] is relatively wide, allowing for a range of scores. The original score of 3 falls within this interval, suggesting it is plausible.

3. **Adjustment Action**: Retain the original score with minor adjustments. The reasoning remains sound, as the response correctly identifies the cause of happiness but makes an assumption about compensation.

4. **Final Score**: 3. The generated response is partially correct but makes an assumption not explicitly supported by the Situation."
59,2,5,[3.99350698],4.0,[3.94817891],4.0,"</think>

Final Score: 4

**Explanation:**

1. **Confidence in Original Score**: High. The initial evaluation correctly identified that the Claim is supported by the Situation, noting that the leaves rotted because the writer never used them. The reasoning was clear and aligned with the provided information.

2. **Interval Consideration**: The confidence interval [2.00, 5.00] is wide, indicating a range of possible scores. The original score of 4 falls comfortably within this interval, suggesting that it is a plausible and reasonable assessment.

3. **Adjustment Action**: Retain. The original score of 4 is appropriate because it accurately reflects the support for the Claim. While the generated response could have included more details, such as the refrigerator storage or the passage of time, the core reasoning was sound and sufficient.

4. **Rationale for Final Score**: The generated response effectively addressed the question by connecting the rotting leaves to the writer's inaction. Although there was room for more detailed explanation, the response was clear and correct, warranting a score of 4."
60,1,5,[3.97397722],4.0,[3.98088401],4.0,"</think>

Final Score: 4

**Explanation:**

1. **Confidence in Original Score**: High. The original score of 4 was based on a thorough analysis of the generated response, which correctly identified the professor's tardiness but unnecessarily complicated the explanation.

2. **Interval Consideration**: The confidence interval [1.00, 5.00] is wide, indicating a high level of uncertainty. However, the original score of 4 falls comfortably within this range, suggesting it is plausible.

3. **Adjustment Action**: Retain the original score. The analysis remains valid, and the score accurately reflects the response's quality.

4. **Rationale**: The generated response correctly supported the claim but introduced an unsupported detail. This minor flaw justifies a score of 4, as the response was mostly correct and clear."
61,1,5,[3.99260336],4.0,[3.96540092],5.0,"</think>

Final Score: 4

**Explanation:**

1. **Confidence in Original Score**: High. The generated response correctly identifies that the ex-roommate utilized free internet access to purchase the service. The reasoning aligns with the situation provided.

2. **Interval Consideration**: The confidence interval [1.00, 5.00] is wide, indicating a broad range of possible scores. The original score of 4 falls comfortably within this interval, suggesting it is a plausible evaluation.

3. **Adjustment Action**: Retain. The original score is appropriate as it accurately reflects the support for the claim. While the response could have included more details, it sufficiently addresses the question.

4. **Final Score**: 4. The response is clear and correct, with minor room for improvement in detail."
62,1,4,[3.14847056],3.0,[3.04569534],3.0,"</think>

Final Score: 3

**Explanation:**

1. **Confidence in Original Score**: Medium. The original score of 3 was based on the generated response correctly answering ""Yes"" but lacking detailed reasoning. However, I considered whether the brevity might affect the score more than it should.

2. **Interval Analysis**: The confidence interval [1.00, 4.00] is relatively wide, suggesting uncertainty. The original score of 3 falls within this interval, which aligns with the possibility that the score is correct but leaves room for adjustment.

3. **Adjustment Consideration**: Retain the original score. The generated response, while brief, correctly answers the question. The lack of detailed reasoning doesn't detract enough to lower the score, especially since the answer is accurate.

4. **Final Decision**: The score remains at 3, balancing the correct answer with the absence of detailed explanation."
63,2,5,[3.99982296],4.0,[3.94767598],5.0,"</think>

Final Score: 4

**Explanation:**

1. **Confidence in Original Score**: High. The generated response correctly identifies that the person waited at the concourse area near the stage, aligning with the Claim. The reasoning is logical, though it could have explicitly mentioned the connection between waiting and watching the show.

2. **Interval Consideration**: The interval [2.00, 5.00] is wide, allowing for a range of scores. The original score of 4 falls comfortably within this interval, suggesting it is plausible.

3. **Adjustment Action**: Retain the original score. The reasoning is sound, and the score accurately reflects the quality of the generated response. While minor improvements could be made, the response sufficiently supports the Claim.

4. **Final Score**: 4. The generated response effectively supports the Claim with clear reasoning, justifying a high score within the interval."
64,1,5,[3.99887952],4.0,[3.9920527],5.0,"</think>

Final Score: 4

**Explanation:**

1. **Confidence in Original Score**: High. The generated response correctly identifies that the helicopter ride at a thousand feet allows for bird's-eye view photography, which supports the Claim. The reasoning is clear and directly ties the action (helicopter ride) to the desired outcome (bird's-eye images).

2. **Interval Consideration**: The confidence interval provided is [1.00, 5.00], which is wide. This means the expert's score could be anywhere within this range. However, given the clarity and correctness of the response, a score of 4 seems appropriate as it reflects a high quality without being perfect.

3. **Adjustment Action**: Retain the original score with minor adjustment. The response is accurate but could have included more context, such as the disappointment with previous attempts, to strengthen the justification further. However, this omission does not detract significantly from the overall quality.

4. **Final Score**: 4. The response is clear, correct, and well-supported, warranting a high score. The minor adjustment accounts for the potential for more detailed analysis without diminishing the response's effectiveness."
65,2,5,[3.99773049],4.0,[3.94646106],3.0,"</think>

Final Score: 4

**Explanation:**

1. **Confidence in Original Score**: High. The generated response correctly identifies that Hillel left for work, which aligns with the context of a busy season and travel.

2. **Interval Consideration**: The confidence interval [2.00, 5.00] is wide, allowing for a range of scores. The original score of 4 falls comfortably within this interval, suggesting it is plausible.

3. **Adjustment Action**: Retain. The reasoning behind the original score is sound, and the interval supports the possibility of a score within this range.

4. **Rationale**: The generated response accurately supports the claim with the given situation, and while it could have elaborated more, the conclusion is correct. The interval's width and the original score's position within it reinforce the decision to retain the score of 4."
66,2,5,[3.99517605],4.0,[3.86156056],4.0,"</think>

Final Score: 4

**Explanation:**

1. **Confidence in Original Score**: High. The original score of 4 was based on a thorough analysis of the Situation and the generated response. The reasoning was clear and aligned with the task requirements.

2. **Interval Analysis**: The confidence interval provided is [2.00, 5.00], which is relatively wide. The original score of 4 falls comfortably within this interval, indicating that it is a plausible score according to the expert judgment.

3. **Adjustment Action**: Retain. Given the high confidence in the original evaluation and the alignment with the provided interval, there is no compelling reason to adjust the score. The reasoning behind the score remains sound and consistent with the task's expectations.

4. **Final Score**: 4. The score accurately reflects the quality of the generated response, considering both the explanation and the answer provided. The response correctly identifies the support for the Claim but could have been more explicit in tying the unemployment duration to the concerns expressed. However, the conclusion is accurate, warranting a score of 4."
67,1,5,[3.87223028],4.0,[3.89759822],4.0,"</think>

Final Score: 4

**Explanation:**

1. **Confidence in Original Score**: High. The generated response correctly identifies that the guy broke off the relationship, which is supported by the Situation. The speaker mentions being hurt by Chris lying, indicating the relationship ended.

2. **Interval Consideration**: The interval [1.00, 5.00] is wide, allowing for a range of scores. The original score of 4 falls comfortably within this interval, suggesting it is plausible.

3. **Adjustment Action**: Retain. The generated response is accurate but could benefit from more depth in explaining the breakup's cause. However, it sufficiently answers the question, justifying the score of 4.

4. **Final Score**: 4. The response is correct and clear, though it could provide more context about the reasons behind the breakup."
68,1,4,[3.60220647],4.0,[3.80765333],3.0,"</think>

Final Score: 4

**Explanation:**

1. **Confidence in Original Score**: High. The generated response correctly identifies that the Claim is supported by the Situation, as the man had lived with her and her family for over thirty years, implying cohabitation.

2. **Interval Consideration**: The confidence interval provided is [1.00, 4.00]. My original score of 4 falls within this interval, which is relatively wide. This suggests that while 4 is a plausible score, there is some uncertainty, and scores as low as 1 or as high as 4 are possible.

3. **Adjustment Action**: Retain the original score with minor adjustment. The generated response, while correct, lacks a detailed explanation. However, it sufficiently answers the question, justifying a score of 4.

4. **Rationale**: The response is correct but could be improved with more detailed reasoning. Given the interval and the correctness of the answer, a score of 4 remains appropriate."
69,1,5,[3.83750615],4.0,[3.88367416],4.0,"</think>

Final Score: 4

**Explanation:**

1. **Confidence in Original Score**: High. The initial evaluation correctly identified that the man's interest in his sister's friend could indicate personal interest, supporting the Claim. However, the reasoning was somewhat simplistic.

2. **Interval Consideration**: The interval [1.00, 5.00] is wide, allowing for a range of scores. The original score of 4 falls comfortably within this interval, suggesting it is plausible.

3. **Adjustment Action**: Retain the original score with minor adjustments. The reasoning could be more detailed, but the conclusion is correct.

4. **Final Score**: 4. The response supports the Claim, but the reasoning could be more nuanced."
70,1,4,[1.83411433],2.0,[2.13091733],1.0,"</think>

**Final Score: 2**

**Explanation:**

1. **Confidence in Original Score**: High. The original score of 2 was based on the analysis that the generated response incorrectly assumed a test as the reason for studying, which wasn't supported by the Situation.

2. **Interval Consideration**: The confidence interval [1.00, 4.00] is wide, allowing for a range of scores. The original score of 2 falls within this interval, suggesting it's plausible.

3. **Adjustment Action**: Retain the original score. The analysis remains valid as the generated response lacks evidence for the Claim.

4. **Rationale**: The generated response's assumption about a test isn't supported by the text, justifying the lower score."
71,2,5,[3.9968968],4.0,[3.96603051],4.0,"</think>

Final Score: 4

**Explanation:**

1. **Confidence in Original Score**: High. The generated response correctly identifies the friend's intention to be kind by bringing a Pooh bear balloon. The reasoning is clear and the conclusion is accurate.

2. **Interval Consideration**: The confidence interval [2.00, 5.00] is wide, allowing for a range of scores. The original score of 4 falls comfortably within this interval, suggesting it is plausible.

3. **Adjustment Action**: Retain. The original score is appropriate as it reflects the correct understanding of the situation and the friend's intent. While the response could have elaborated more on the balloon's role, the conclusion is sound.

4. **Final Score**: 4. The response effectively supports the claim with a clear and correct conclusion, warranting a high score within the interval."
72,2,5,[3.99199546],4.0,[3.94377702],4.0,"</think>

Final Score: 4

**Explanation:**

1. **Confidence in Original Score**: High. The initial evaluation correctly identified that the Situation supports the Claim about the necessity of a well-balanced diet. The reasoning was clear, though it could have included more specific details about the health risks of a dairy-only diet.

2. **Interval Consideration**: The confidence interval [2.00, 5.00] is wide, indicating a range of possible scores. The original score of 4 falls comfortably within this interval, suggesting it is plausible. The interval's width allows for a reasonable score without extreme deviation.

3. **Adjustment Action**: Retain the original score with minor adjustments. The reasoning was sound, and while additional specifics could enhance the response, the conclusion aligns well with the Claim.

4. **Final Score**: 4. The response effectively supports the Claim, and the score reflects a high-quality evaluation with room for slight improvement in detail."
73,1,4,[2.59299533],3.0,[3.00514617],3.0,"</think>

Final Score: 3

**Explanation:**

1. **Confidence in Original Score**: Medium. The initial score of 3 was based on the generated response being correct but lacking explanation. However, considering the interval, I need to reassess.

2. **Interval Analysis**: The interval [1.00, 4.00] is wide, suggesting uncertainty. The original score of 3 falls within this range, but the wide interval indicates possible variations in expert judgment.

3. **Adjustment Action**: Retain the original score with minor adjustments. The generated response is correct but lacks depth, which justifies a score of 3.

4. **Rationale**: The response answers correctly but without explanation, aligning with a 3. The interval supports this, as 3 is within the range, and the response's brevity doesn't warrant a higher score."
74,1,5,[3.99134619],4.0,[3.98277217],5.0,"</think>

Final Score: 4

**Explanation:**

1. **Confidence in Original Score**: High. The generated response correctly identifies the main reasons for ripping up the old flooring, which are that it is peeling and looks disgusting. This directly supports the Claim.

2. **Interval Consideration**: The confidence interval is [1.00, 5.00], which is wide. The original score of 4 falls comfortably within this interval, indicating that it is a plausible score.

3. **Adjustment Action**: Retain. The generated response effectively answers the question, though it could have included more details about the specific challenges with the old flooring, such as being glued multiple times. However, the response is sufficiently clear and correct.

4. **Final Score**: 4. The response accurately supports the Claim and provides a clear answer, justifying the score of 4."
75,1,5,[3.97704316],4.0,[3.89645815],4.0,"</think>

**Final Score: 4**

**Explanation:**

1. **Confidence in Original Score**: High. The generated response correctly identifies the possible reason for not having a house key, which is forgetting it. The reasoning aligns with the context provided in the situation.

2. **Interval Consideration**: The confidence interval [1.00, 5.00] is wide, indicating a broad range of possible scores. However, the original score of 4 falls comfortably within this interval, suggesting it is a plausible evaluation.

3. **Adjustment Action**: Retain. The original score of 4 is appropriate because the response effectively supports the claim while acknowledging the possibility of other reasons. The reasoning is clear and justifies the conclusion adequately.

4. **Rationale**: The generated response demonstrates a good understanding of the situation and provides a plausible explanation. While it doesn't explore alternative reasons exhaustively, it sufficiently supports the claim, warranting a score of 4."
76,1,5,[3.96481604],4.0,[3.95136778],4.0,"</think>

Final Score: 4

**Explanation:**

1. **Confidence in Original Score**: High. The original score of 4 was based on a thorough analysis of the generated response and its alignment with the situation and claim.

2. **Interval Consideration**: The provided confidence interval is [1.00, 5.00], which is wide. This means the expert's score could be anywhere within this range. However, given the context and the analysis, a score of 4 seems appropriate.

3. **Adjustment Action**: Retain. The original score of 4 is within the interval and aligns with the evaluation that the generated response correctly supports the claim, albeit with some speculative reasoning.

4. **Rationale**: The generated response correctly identifies that Nathan was brought for entertainment, supporting the claim. While it assumes Nathan can make people laugh, this is a reasonable inference given the context. Therefore, the score of 4 remains justified."
77,1,3,[1.82892638],2.0,[2.09079079],3.0,"</think>

Final Score: 2

**Explanation:**

1. **Confidence in Original Score**: Medium. The original score of 2 was based on the analysis that the generated response made unsupported assumptions and provided an incorrect conclusion. However, the confidence was not extremely high because the situation's ambiguity could be interpreted differently.

2. **Interval Consideration**: The confidence interval provided is [1.00, 3.00], which is a narrow interval. The original score of 2 falls within this interval, suggesting that it is plausible. The interval's narrowness indicates that the expert's score is likely close to 2.

3. **Adjustment Action**: Retain the original score with minor adjustments. The reasoning remains sound: the generated response incorrectly assumed the absence of a summer semester and concluded with an unsupported answer. The situation's ambiguity about the semester attended supports the conclusion that the claim is not definitively supported.

4. **Final Score**: 2. The score remains appropriate as it reflects the generated response's flaws while acknowledging the situation's ambiguity."
78,2,5,[4.66843054],5.0,[4.44714301],4.0,"</think>

Final Score: 5

**Explanation:**

1. **Confidence in Original Score**: High. The generated response correctly identifies the possibility that someone with authority likes their act, which supports the Claim. It also considers another plausible reason, demonstrating a comprehensive analysis.

2. **Interval Consideration**: The confidence interval [2.00, 5.00] is wide, allowing for a range of scores. The original score of 5 falls within this interval, indicating that it is plausible.

3. **Adjustment Action**: Retain. The response is clear, correct, and well-supported, aligning with the Claim and providing a thorough analysis.

4. **Rationale**: The generated response effectively addresses the question, supports the Claim, and considers alternative possibilities, making it deserving of a score of 5."
79,2,5,[3.99468295],4.0,[3.98146011],5.0,"</think>

Final Score: 4

**Explanation:**

1. **Confidence in Original Score**: High. The initial evaluation correctly identified that a larger sample size enhances the likelihood of diverse and reliable results, which supports the Claim.

2. **Interval Consideration**: The confidence interval [2.00, 5.00] is wide, allowing for a range of scores. The original score of 4 falls comfortably within this interval, indicating alignment with potential expert judgments.

3. **Adjustment Action**: Retain. The reasoning behind the original score is sound, and the interval supports the assigned value without necessitating adjustment.

4. **Rationale**: The generated response effectively addresses the question by recognizing the benefits of a larger sample size, though it could have elaborated further on statistical aspects. The score of 4 accurately reflects its clarity and correctness, aligning well within the provided interval."
80,2,5,[3.99818566],4.0,[3.96664364],5.0,"</think>

Final Score: 4

**Explanation:**

1. **Confidence in Original Score**: High. The generated response correctly identifies that the tiny vampire's reaction of horror suggests it felt in danger, supporting the Claim. The reasoning is logical and aligns with the context provided.

2. **Interval Consideration**: The confidence interval [2.00, 5.00] is wide, indicating a range of possible scores. The original score of 4 falls comfortably within this interval, suggesting it is a plausible and reasonable assessment.

3. **Adjustment Action**: Retain the original score. The reasoning is sound, and the score accurately reflects the quality of the generated response. While the response could have elaborated more on Buffy's role, the conclusion is correct and well-supported.

4. **Final Score**: 4. The generated response effectively supports the Claim with clear reasoning, justifying the score of 4."
81,1,4,[3.09597948],3.0,[3.02189301],2.0,"</think>

Final Score: 3

**Explanation:**

1. **Confidence in Original Score**: Medium. The original score of 3 was based on the reasoning that the generated response correctly answered ""No"" but the reasoning was somewhat speculative. However, upon reflection, the reasoning seems sound given the lack of explicit mention of expenses in the Situation.

2. **Interval Consideration**: The confidence interval provided is [1.00, 4.00], which is relatively wide. The original score of 3 falls comfortably within this interval, suggesting that it is plausible. The interval allows for a range of scores, but 3 remains a reasonable middle ground.

3. **Adjustment Action**: Retain the original score. The reasoning behind the score is consistent with the provided interval and the analysis of the generated response. While the reasoning could be more detailed, it sufficiently addresses the lack of explicit support for the Claim in the Situation.

4. **Final Score**: 3. The score reflects that the generated response correctly identified the lack of support for the Claim but did so with reasoning that, while correct, was not fully comprehensive. The score of 3 is appropriate given the interval and the analysis."
82,2,5,[3.99641173],4.0,[3.97157411],5.0,"</think>

Final Score: 4

**Explanation:**

1. **Confidence in Original Score**: High. The generated response correctly identifies that the writer's positive feelings are linked to reducing smoking. It accurately supports the Claim.

2. **Interval Consideration**: The confidence interval [2.00, 5.00] is wide, allowing for a range of scores. The original score of 4 falls comfortably within this interval, suggesting it is plausible.

3. **Adjustment Action**: Retain. The response is accurate and well-supported, though it could be more detailed. However, it sufficiently addresses the Claim.

4. **Rationale**: The response effectively connects the writer's feelings to smoking reduction, aligning with the Situation. While it could elaborate on specific effects, it remains a solid evaluation."
83,1,5,[3.99284252],4.0,[3.97858535],4.0,"</think>

Final Score: 4

**Explanation:**

1. **Confidence in Original Score**: High. The initial evaluation correctly identified that the Claim is supported by the Situation, noting the presence of a supermarket and the stations' operating hours as indicators of shopping activity during commutes.

2. **Interval Consideration**: The provided interval [1.00, 5.00] is wide, allowing for a range of scores. The original score of 4 falls comfortably within this interval, suggesting it is plausible.

3. **Adjustment Action**: Retain. The reasoning behind the original score is sound and aligns well with the evidence provided in the Situation. While the response could have elaborated further on specific details, it sufficiently supports the Claim.

4. **Final Score Justification**: The score of 4 reflects a clear and correct answer with a minor suggestion for more detailed elaboration, which is consistent with the evaluation criteria."
84,1,3,[2.62946541],3.0,[2.99095902],4.0,"</think>

Final Score: 3

**Explanation:**

1. **Confidence in Original Score**: Medium. The original score of 3 was based on the understanding that the generated response partially addressed the anticipation of the girls' arrival but missed the connection to the epidural and childbirth.

2. **Interval Consideration**: The confidence interval [1.00, 3.00] suggests that the expert's score is likely within this range. The original score of 3 falls within this interval, indicating alignment with the possible expert judgment.

3. **Adjustment Action**: Retain the original score. The reasoning remains consistent with the interval, as the generated response correctly identified anticipation but failed to connect it to the medical procedure, justifying a score of 3.

4. **Final Score**: 3. The score reflects the partial support for the Claim, acknowledging the anticipation but lacking the crucial link to childbirth."
85,1,5,[3.99440809],4.0,[3.9820838],5.0,"</think>

Final Score: 4

**Explanation:**

1. **Confidence in Original Score**: High. The generated response correctly identifies that sleep improves mental sharpness and social interactions, which aligns with the Situation. The addition about being 'better at dealing with people' is a reasonable inference, even if not explicitly stated.

2. **Interval Consideration**: The interval [1.00, 5.00] is wide, indicating high uncertainty. However, the original score of 4 falls comfortably within this range, suggesting it's a plausible assessment.

3. **Adjustment Action**: Retain. The reasoning behind the score is solid, and the generated response effectively supports the Claim without overstepping the provided information.

4. **Final Score**: 4. The response is clear, correct, and well-supported, warranting a high score within the interval."
86,1,3,[1.93843992],2.0,[2.31296509],2.0,"</think>

Final Score: 2

**Explanation:**

1. **Confidence in Original Score**: Medium. The initial evaluation correctly identified that the Claim (""I was injured"") is supported by the Situation, as the text explicitly states ""I was hurt."" However, the generated response incorrectly interpreted the reason for the person's fear, leading to a flawed conclusion.

2. **Interval Consideration**: The confidence interval provided is [1.00, 3.00]. The original score of 2 falls within this interval, suggesting that the evaluation aligns with the expected range of expert judgments.

3. **Adjustment Action**: Retain the original score with minor adjustments. The Claim is supported, but the generated response's reasoning was flawed, warranting a score of 2.

4. **Rationale**: The generated response correctly identified the Claim but misinterpreted the cause of fear, leading to an incorrect conclusion. While the Claim is supported, the flawed reasoning justifies a score of 2."
87,2,5,[3.99915859],4.0,[3.90919949],4.0,"</think>

Final Score: 4

**Explanation:**

1. **Confidence in Original Score**: High. The generated response correctly identifies that the narrator supports the idea that clothing can make a statement, though it could have been clearer in explaining the extension beyond hats.

2. **Interval Consideration**: The interval [2.00, 5.00] is wide, allowing for a range of scores. The original score of 4 falls comfortably within this interval, suggesting it is plausible.

3. **Adjustment Action**: Retain. The reasoning supports the claim effectively, and the score of 4 accurately reflects the response's quality.

4. **Rationale**: The response correctly answers the question, though it could have been more detailed. The score of 4 is appropriate given the analysis."
88,2,5,[3.99331121],4.0,[3.93814999],5.0,"</think>

Final Score: 4

**Explanation:**

1. **Confidence in Original Score**: High. The generated response correctly identifies that the writer believes people are interested in the project's outcome, which aligns with the Situation provided.

2. **Interval Consideration**: The confidence interval [2.00, 5.00] is wide, allowing for a range of scores. The original score of 4 falls comfortably within this interval, suggesting it is plausible.

3. **Adjustment Action**: Retain. The reasoning behind the original score is sound, and the interval supports the conclusion that the Claim is well-supported by the Situation.

4. **Rationale**: The generated response accurately captures the writer's intent to update others, indicating belief in their interest. While it could have provided more detail, the conclusion is correct and within the confidence interval."
89,1,5,[3.95838618],4.0,[3.98416928],3.0,"</think>

Final Score: 4

**Explanation:**

1. **Confidence in Original Score**: High. The generated response correctly identified Orlando as the location based on the context provided, specifically mentioning Disney parks like Epcot and the Magic Kingdom, which are located in Orlando.

2. **Interval Consideration**: The confidence interval provided is [1.00, 5.00], which is wide. This means there is a high probability that the expert's score falls anywhere within this range. However, since the generated response was accurate and directly addressed the question, a score of 4 seems appropriate.

3. **Adjustment Action**: Retain the original score. The generated response was correct and the reasoning, while brief, was sufficient. The lack of a detailed explanation slightly detracts from the quality, but the answer is accurate.

4. **Final Score**: 4. The response is clear and correct, but could be improved with a more detailed explanation."
90,1,5,[3.98551059],4.0,[3.93059943],3.0,"</think>

Final Score: 4

**Explanation:**

1. **Confidence in Original Score**: High. The generated response correctly identifies the manager's exaggeration to enhance the hotel's reputation, which aligns with the claim.

2. **Interval Consideration**: The interval [1.00, 5.00] is wide, allowing for a range of scores. The original score of 4 falls comfortably within this interval, suggesting it is plausible.

3. **Adjustment Action**: Retain. The response effectively supports the claim with a clear explanation, though it could have included more context. However, the score of 4 remains appropriate.

4. **Final Score**: 4. The response is clear and correct, with minor room for improvement in providing additional context."
91,1,4,[2.12373538],2.0,[2.33514935],2.0,"</think>

Final Score: 2

**Explanation:**

1. **Confidence in Original Score**: Medium. The initial evaluation considered the key point that the person made up the recipe, which supports the Claim. However, the generated response incorrectly concluded ""No,"" which was a point of confusion.

2. **Interval Analysis**: The confidence interval [1.00, 4.00] is relatively wide, indicating uncertainty. The original score of 2 falls within this interval, suggesting it is plausible. The interval includes scores from 1 to 4, which covers a range of possible evaluations.

3. **Adjustment Action**: Retain the original score with minor adjustments. The reasoning remains sound: the Claim is supported because the person improvised the recipe, leading to their surprise. The generated response's conclusion was incorrect, but the analysis of the situation was accurate.

4. **Final Score**: 2. The generated response correctly identified some elements but failed to connect the improvised recipe to the lack of knowledge, leading to an incorrect conclusion. The score reflects partial understanding and analysis."
92,1,3,[1.80152097],2.0,[2.08703284],2.0,"</think>

Final Score: 2

**Explanation:**

1. **Confidence in Original Score**: Medium. The initial evaluation correctly identified that the claim is supported by the situation but misinterpreted the generated response's reasoning.

2. **Interval Consideration**: The confidence interval [1.00, 3.00] suggests that the expert's score is likely within this range. The original score of 2 falls within this interval, indicating alignment with the expert's probable judgment.

3. **Adjustment Action**: Retain the original score with minor adjustments. The reasoning remains sound, as the generated response incorrectly focused on an unrelated aspect (drugs) rather than the recipe creation, which supports the claim.

4. **Final Score**: 2. The generated response's conclusion was incorrect, but the situation does support the claim, warranting a moderate score."
93,2,5,[3.99380578],4.0,[3.86372845],2.0,"</think>

Final Score: 4

**Explanation:**

1. **Confidence in Original Score**: High. The generated response correctly identified the woman's exhaustion and inability to look into his eyes, which supports the claim that she couldn't take a break with him. The reasoning was logical and aligned with the situation provided.

2. **Interval Consideration**: The confidence interval [2.00, 5.00] is wide, indicating a range of possible scores. The original score of 4 falls comfortably within this interval, suggesting that it is a plausible and reasonable assessment.

3. **Adjustment Action**: Retain. The original score of 4 is appropriate because it accurately reflects the support for the claim based on the situation. While the generated response could have made the connection between her emotional state and inability to take a break more explicit, the conclusion was still correct.

4. **Final Score Justification**: The score of 4 is maintained as it effectively captures the support for the claim, considering both the explicit details in the situation and the logical reasoning applied."
94,2,5,[3.99045231],4.0,[3.93502227],2.0,"</think>

Final Score: 4

**Explanation:**

1. **Confidence in Original Score**: High. The initial evaluation correctly identified that the person feels 'weird' upon returning home, supporting the Claim. The reasoning was clear and aligned with the provided Situation.

2. **Interval Consideration**: The confidence interval [2.00, 5.00] is wide, allowing for a range of scores. The original score of 4 falls comfortably within this interval, indicating that it is plausible and aligns with potential expert judgments.

3. **Adjustment Action**: Retain the original score. The reasoning was thorough, and the conclusion was accurate. While the response could be slightly more detailed, the score of 4 remains appropriate as it reflects a clear understanding of the Situation and Claim.

4. **Final Score**: 4. The evaluation accurately supports the Claim with a well-reasoned analysis, justifying the score within the provided interval."
95,1,3,[1.77826957],2.0,[2.01605068],3.0,"</think>

Final Score: 2

**Explanation:**

1. **Confidence in Original Score**: Medium. The initial evaluation correctly identified that the Claim was not supported by the Situation but misinterpreted the generated response's content.

2. **Interval Consideration**: The confidence interval [1.00, 3.00] suggests that the expert's score is likely within this range. The original score of 2 falls within this interval, aligning with the possible expert judgment.

3. **Adjustment Action**: Retain the original score with minor adjustments. The analysis was accurate in determining the Claim's lack of support but needed clarification on the generated response's misinterpretation.

4. **Final Score**: 2. The generated response's misunderstanding of the question and Claim led to an incorrect conclusion, warranting a score of 2."
96,1,5,[3.92494749],4.0,[3.92373544],4.0,"</think>

Final Score: 4

**Explanation:**

1. **Confidence in Original Score**: High. The initial evaluation correctly identified that the Claim is not supported by the Situation. The reasoning was clear, though slightly abrupt in its phrasing.

2. **Interval Consideration**: The confidence interval [1.00, 5.00] is wide, indicating a high level of uncertainty. However, the original score of 4 falls comfortably within this range, suggesting it is plausible.

3. **Adjustment Action**: Retain. The reasoning was accurate and the conclusion correct. While the phrasing could be improved for clarity, the score of 4 remains appropriate as it reflects the correct evaluation with minor room for enhancement in explanation.

4. **Final Score**: 4. The generated response accurately concludes that the Claim is not supported, though it could benefit from a more detailed explanation. The score of 4 reflects this balance between correct conclusion and room for improvement in presentation."
97,1,3,[2.05602676],2.0,[2.10042791],5.0,"</think>

Final Score: 2

**Explanation:**

1. **Confidence in Original Score**: High. The original analysis correctly identified that the Situation does not support the Claim of Sid Lucero's acting skills declining over time. The generated response, however, introduced an unsupported conclusion about the person losing enthusiasm for Sid Lucero.

2. **Interval Consideration**: The confidence interval [1.00, 3.00] suggests that the expert's score is likely within this range. The original score of 2 falls within this interval, aligning with the possible expert judgment.

3. **Adjustment Action**: Retain the original score. The analysis remains accurate in pointing out the misinterpretation of the Situation by the generated response. The score of 2 appropriately reflects the partial correctness of the response, acknowledging the correct identification of admiration but criticizing the unsupported conclusion about a decline in acting skills.

4. **Final Score Justification**: The score of 2 is maintained as it accurately captures the mixed quality of the generated response—correct in parts but flawed in others. This aligns with the confidence interval and the thoroughness of the qualitative analysis."
98,1,3,[1.40030999],1.0,[1.25774353],3.0,"</think>

Final Score: 1

**Explanation:**

1. **Confidence in Original Score**: High. The initial evaluation correctly identified that the generated response misinterpreted the Situation, leading to an incorrect conclusion.

2. **Interval Consideration**: The confidence interval [1.00, 3.00] suggests that the expert's score is likely within this range. The original score of 1 falls within this interval, indicating high confidence in the initial assessment.

3. **Adjustment Action**: Retain the original score. The analysis confirms that the generated response did not support the Claim accurately, and the score of 1 is appropriate.

4. **Rationale**: The generated response incorrectly concluded that the Claim was supported, while the Situation clearly contradicted it. This misinterpretation justifies the lowest score of 1."
99,1,4,[3.71119005],4.0,[3.8735],3.0,"</think>

Final Score: 4

**Explanation:**

1. **Confidence in Original Score**: High. The initial evaluation correctly identified that the scale was functioning properly, as indicated by the Situation. The conclusion that the Claim is not supported is accurate.

2. **Interval Consideration**: The confidence interval provided is [1.00, 4.00]. The original score of 4 falls within this interval, which suggests that it is a plausible score according to the expert judgment.

3. **Adjustment Action**: Retain. The reasoning in the generated response is accurate, though it could be more concise. However, the conclusion is correct, and the score of 4 appropriately reflects the quality of the response.

4. **Final Score**: 4. The generated response correctly identifies that the scale was functioning properly, leading to the conclusion that the Claim is not supported. While the explanation could be more concise, the overall quality of the response is good."
100,1,4,[3.63987684],4.0,[3.81995686],3.0,"</think>

Final Score: 4

**Explanation:**

1. **Confidence in Original Score**: High. The initial evaluation correctly identified that the Claim is not supported by the Situation, as there is no mention of cooking at different altitudes or traveling.

2. **Interval Consideration**: The confidence interval [1.00, 4.00] suggests that the expert's score is likely within this range. The original score of 4 falls within this interval, indicating alignment with potential expert judgment.

3. **Adjustment Action**: Retain. The original score is appropriate because the generated response accurately answers the question, albeit with a brief explanation. The response correctly identifies the lack of support for the Claim, which is the key aspect of the evaluation.

4. **Rationale**: The generated response effectively addresses the question by concluding that the Claim is not supported. While the explanation could be more detailed, it is sufficient to convey the correct conclusion. Therefore, the score of 4 remains appropriate."
101,1,3,[2.26243335],2.0,[2.10626929],1.0,"</think>

Final Score: 2

**Explanation:**

1. **Confidence in Original Score**: Medium. The initial evaluation correctly identified that the Claim was not supported by the Situation but had flawed reasoning regarding the seasoning and steak knife connection.

2. **Interval Consideration**: The confidence interval [1.00, 3.00] suggests that the expert score is likely within this range. The original score of 2 falls within this interval, indicating alignment with the expected range.

3. **Adjustment Action**: Retain the original score. The reasoning, while flawed in some aspects, correctly concluded that the Claim was not supported. The score of 2 appropriately reflects the partial correctness of the generated response.

4. **Final Score**: 2. The generated response correctly answered ""No"" but had flawed reasoning, justifying a score of 2 within the provided interval."
102,1,3,[1.91539127],2.0,[2.07825288],1.0,"</think>

Final Score: 2

**Explanation:**

1. **Confidence in Original Score**: Medium. The initial evaluation correctly identified that the generated response made an unsupported assumption about causality between waking up and going online. However, the reasoning could be clearer in distinguishing between sequence of events and causation.

2. **Interval Consideration**: The confidence interval [1.00, 3.00] suggests that the expert score is likely within this range. The original score of 2 falls within this interval, aligning with the possible expert judgment.

3. **Adjustment Action**: Retain the original score with minor clarification. The reasoning is sound but could benefit from emphasizing the lack of explicit causation in the Situation.

4. **Final Score**: 2. The generated response incorrectly assumes causation without evidence, but theSituation does not provide enough information to support the Claim, making the score appropriate."
103,2,5,[3.99586837],4.0,[3.95189687],1.0,"</think>

Final Score: 4

**Explanation:**

1. **Confidence in Original Score**: High. The initial evaluation correctly identified that the lack of notice was the primary reason for the prompt payment, aligning with the Claim. The additional inference about not wanting to hassle with it was a minor point that didn't detract from the overall accuracy.

2. **Interval Consideration**: The confidence interval [2.00, 5.00] is wide, indicating a range of possible scores. The original score of 4 falls comfortably within this interval, suggesting it is plausible. The interval's width allows for a reasonable range of expert opinions, but the original score remains within a high-quality range.

3. **Adjustment Action**: Retain. The original score of 4 is appropriate because it accurately reflects the alignment between the Claim and the Situation, while also acknowledging a minor overreach in the generated response. The reasoning provided was thorough and justifies the score.

4. **Final Score**: 4. The evaluation remains consistent with the initial assessment, as the generated response effectively supported the Claim with a minor, acceptable inference."
104,1,5,[3.90282699],4.0,[3.97057989],5.0,"</think>

Final Score: 4

**Explanation:**

1. **Confidence in Original Score**: High. The initial evaluation correctly identified that the Claim is supported by the Situation, as the speaker mentions spending time in their room changing for the ball.

2. **Interval Consideration**: The confidence interval [1.00, 5.00] is wide, indicating a broad range of possible scores. The original score of 4 falls comfortably within this interval, suggesting it is plausible.

3. **Adjustment Action**: Retain. The initial score is appropriate because the generated response correctly concludes that the Claim is supported, even though it omits the specific detail about spending time in their room.

4. **Rationale**: While the generated response misses a specific detail, it accurately supports the Claim. The score of 4 reflects the response's correctness with a minor omission, aligning with the evaluation criteria."
105,1,3,[2.06896772],2.0,[2.26758615],1.0,"</think>

Final Score: 2

**Explanation:**

1. **Confidence in Original Score**: Medium. The initial evaluation correctly identified that the Situation does not explicitly state the reason for the husband ordering the tickets. However, it misinterpreted the Claim, leading to an incorrect conclusion.

2. **Interval Consideration**: The confidence interval [1.00, 3.00] suggests that the expert's score is likely within this range. The original score of 2 falls within this interval, indicating that it is plausible.

3. **Adjustment Action**: Retain the original score with minor adjustments. The reasoning aligns with the interval, and the score of 2 reflects the ambiguity in the Claim's support.

4. **Rationale**: The generated response correctly noted the lack of explicit information but incorrectly concluded the Claim was unsupported. The score of 2 appropriately reflects the partial support and misinterpretation."
106,1,5,[3.93420799],4.0,[3.96809889],1.0,"</think>

Final Score: 4

**Explanation:**

1. **Confidence in Original Score**: High. The generated response correctly identifies that the sister's stomach pains were a reason for her being home. However, it could be more detailed by mentioning the high white blood cell count and the overnight stay.

2. **Interval Consideration**: The interval [1.00, 5.00] is wide, allowing for a range of scores. The original score of 4 falls comfortably within this interval, suggesting it is plausible.

3. **Adjustment Action**: Retain the original score with minor adjustments. The response is accurate but could include more details for a more comprehensive explanation.

4. **Final Score**: 4. The response is correct but could be improved by including additional context from the Situation."
107,1,4,[2.94315284],3.0,[3.00645311],1.0,"</think>

Final Score: 3

**Explanation:**

1. **Confidence in Original Score**: Medium. The initial evaluation correctly identified that the Claim is not directly supported by the Situation but relied on an assumption about the mother's reasoning regarding the chocolate brand.

2. **Interval Consideration**: The confidence interval [1.00, 4.00] suggests that the expert's score is likely within this range. The original score of 3 falls within this interval, indicating that it is plausible.

3. **Adjustment Action**: Retain the original score with minor adjustments. The reasoning in the generated response introduces an assumption not explicitly stated in the Situation, but the conclusion that the Claim is not supported is correct. The score of 3 reflects the partial support and the reliance on an assumption.

4. **Final Score**: 3. The generated response correctly identifies that the Claim is not supported but uses an assumption in its reasoning, which is why the score remains at 3."
108,1,3,[1.71962046],2.0,[2.08936672],1.0,"</think>

Final Score: 2

**Explanation:**

1. **Confidence in Original Score**: High. The initial evaluation correctly identified that the laughter was a result of the kids' actions, not the reason behind them. The generated response incorrectly concluded ""Yes,"" supporting the claim, which was not accurate.

2. **Interval Consideration**: The confidence interval provided is [1.00, 3.00]. The original score of 2 falls within this interval, suggesting that the evaluation aligns with the expected range. The interval's width indicates some uncertainty, but the score of 2 is plausible.

3. **Adjustment Action**: Retain the original score. The analysis remains consistent with the interval and the reasoning is sound. The generated response's error in causation justifies the score of 2.

4. **Final Score**: 2. The evaluation accurately reflects the generated response's misunderstanding of cause and effect, and the score is within the provided confidence interval."
109,1,3,[1.11290914],1.0,[1.04796939],1.0,"</think>

Final Score: 1

**Explanation:**

1. **Confidence in Original Score**: High. The original score of 1 was assigned because the generated response incorrectly supported the Claim despite the Situation clearly stating numerous accidents and deaths. This misinterpretation is a critical flaw.

2. **Interval Consideration**: The confidence interval provided is [1.00, 3.00]. The original score of 1 falls within this interval, suggesting that the score is plausible. However, the interval's width indicates some uncertainty, allowing for scores up to 3. Yet, given the clear contradiction between the Claim and the Situation, a higher score would not be appropriate.

3. **Adjustment Action**: Retain the original score. The reasoning remains sound as the generated response fails to address the explicit information in the Situation, leading to an incorrect conclusion.

4. **Rationale**: The generated response's error is fundamental and not minor. It misinterprets the Situation by asserting safety despite clear evidence of accidents. This warrants the lowest score, as the response is both incorrect and poorly reasoned."
110,1,3,[1.18725986],1.0,[1.03815469],1.0,"</think>

Final Score: 1

Explanation:

1. **Confidence Level**: High confidence in the original score of 1. The generated response incorrectly answered ""Yes"" to whether the Claim is supported by the Situation, despite the Situation explicitly stating that there have been many accidents and deaths on the road.

2. **Interval Consideration**: The confidence interval provided is [1.00, 3.00]. The original score of 1 falls within this interval, which suggests that the score is plausible. However, the interval also includes scores up to 3, which might imply a range of possible evaluations.

3. **Adjustment Action**: Retain the original score of 1. The generated response's error is significant because it directly contradicts the information provided in the Situation. The response fails to consider the explicit details about accidents and deaths, leading to an incorrect conclusion.

4. **Rationale**: The generated response's mistake is fundamental and not minor. It misinterprets the Situation by asserting that the road is safe with no accidents, when the Situation clearly states the opposite. This error undermines the response's credibility and justifies the lowest score of 1."
111,1,3,[1.50430244],2.0,[2.05952214],3.0,"</think>

Final Score: 2

**Explanation:**

1. **Confidence in Original Score**: High. The initial analysis correctly identified that the metaphor compares love to a golf course, not a stained glass window. The generated response incorrectly interpreted the metaphor, leading to an incorrect conclusion.

2. **Interval Consideration**: The confidence interval provided is [1.00, 3.00]. The original score of 2 falls within this interval, which suggests that the score is plausible. The interval is moderately wide, allowing for some uncertainty but not so wide as to suggest a completely different evaluation.

3. **Adjustment Action**: Retain the original score. The analysis remains valid, and the score of 2 accurately reflects the generated response's misunderstanding of the metaphor.

4. **Rationale**: The generated response misinterpreted the metaphor, leading to an incorrect conclusion. The score of 2 appropriately captures the lack of understanding and the flawed reasoning in the response."
112,1,3,[2.02612789],2.0,[2.06809375],1.0,"</think>

**Final Score: 2**

**Explanation:**

1. **Confidence in Original Score**: Medium. The initial evaluation correctly identified that the Claim was not supported by the Situation but introduced irrelevant information about neighbors, which weakened the reasoning.

2. **Interval Consideration**: The confidence interval [1.00, 3.00] suggests that the expert's score is likely within this range. The original score of 2 falls within this interval, aligning with the possible expert judgment.

3. **Adjustment Action**: Retain the original score with minor adjustments. The reasoning was correct in concluding ""No"" but introduced extraneous details. However, the conclusion was accurate, and the score of 2 appropriately reflects the flawed reasoning despite the correct answer.

4. **Final Score**: 2. The generated response correctly answered ""No"" but did so with flawed reasoning, introducing irrelevant information. This justifies a score of 2, as it balances the correct conclusion with the weaknesses in the explanation."
113,1,3,[1.54703124],2.0,[2.01446417],1.0,"</think>

Final Score: 2

**Explanation:**

1. **Confidence in Original Score**: High. The original score of 2 was based on a thorough analysis of the generated response, which incorrectly assumed details not present in the Situation.

2. **Interval Consideration**: The confidence interval [1.00, 3.00] suggests that the expert's score is likely within this range. The original score of 2 falls within this interval, aligning with the possible expert judgment.

3. **Adjustment Action**: Retain the original score. The analysis remains valid as the generated response's unsupported assumptions and incorrect conclusion are accurately reflected in the score.

4. **Rationale**: The generated response made unwarranted assumptions about the men speaking Spanish and the woman's name, which were not mentioned in the Situation. This misinterpretation justifies the score of 2, indicating a partially correct but flawed response."
114,2,5,[3.97153448],4.0,[3.86208132],1.0,"</think>

Final Score: 4

**Explanation:**

1. **Confidence in Original Score**: High. The initial evaluation correctly identified that the Claim is supported by the Situation, as the place being absolutely gorgeous is mentioned as a reason for keeping the cake safe.

2. **Interval Consideration**: The confidence interval [2.00, 5.00] is wide, allowing for a range of scores. The original score of 4 falls comfortably within this interval, suggesting it is plausible.

3. **Adjustment Action**: Retain. The reasoning aligns well with the Claim, and while additional assumptions were made, they do not detract from the core correctness of the answer.

4. **Final Score**: 4. The generated response effectively supports the Claim, with minor assumptions that do not significantly impact the overall correctness."
115,1,3,[1.76146125],2.0,[2.10336212],1.0,"</think>

Final Score: 2

**Explanation:**

1. **Confidence in Original Score**: High. The original analysis correctly identified that the primary reason for the outing was to celebrate Mother's Day, not to watch people at the Market. The generated response misinterpreted the motivation, leading to an incorrect conclusion.

2. **Interval Consideration**: The confidence interval provided is [1.00, 3.00]. The original score of 2 falls within this interval, which suggests that the score is plausible. The interval's width indicates some uncertainty, but the original score aligns well with the analysis.

3. **Adjustment Action**: Retain the original score. The reasoning behind the score is sound, and the interval supports the conclusion that the generated response has a quality score of 2.

4. **Rationale**: The generated response incorrectly assumed the main reason for visiting the Fish Market was to eat swordfish and watch people, which is not supported by the Situation. The primary motivation was celebrating Mother's Day, making the Claim unsupported. The score of 2 accurately reflects the response's partial correctness and misinterpretation."
116,1,3,[1.48874731],1.0,[1.41848387],1.0,"</think>

Final Score: 1

Explanation:

1. **Confidence Level**: High confidence in the original score of 1. The generated response incorrectly interprets the premise, which clearly states the purpose was to have dinner with their mom, not to watch people.

2. **Interval Consideration**: The interval [1.00, 3.00] suggests the score could be 1, 2, or 3. However, the original score of 1 is appropriate as the response is incorrect and misleading.

3. **Adjustment Action**: Retain the original score. The response does not support the claim and misinterprets the situation, warranting the lowest score.

4. **Final Score**: 1. The generated response fails to accurately reflect the premise, leading to an incorrect conclusion."
117,1,3,[1.47684846],1.0,[1.17274982],3.0,"</think>

Final Score: 1

**Explanation:**

1. **Confidence in Original Score**: High. The original score of 1 was assigned because the generated response incorrectly stated that the Fish Market in Byward is in New Brunswick and that they went there to eat with Sam. This is factually incorrect as Byward Market is in Ottawa, and the Situation does not mention eating with Sam in New Brunswick.

2. **Interval Consideration**: The confidence interval provided is [1.00, 3.00]. The original score of 1 falls within this interval, which suggests that the score is plausible. However, the interval also includes scores up to 3, indicating some uncertainty.

3. **Adjustment Action**: Retain the original score. Despite the interval suggesting some uncertainty, the generated response's factual inaccuracies and misinterpretation of the Situation strongly support a score of 1. The response did not correctly analyze the location or the context, leading to an incorrect conclusion.

4. **Rationale**: The generated response made incorrect assumptions about the location and the context of the event, leading to an unsupported conclusion. This demonstrates a lack of understanding of the Situation, warranting the lowest score."
118,1,3,[1.82163599],2.0,[1.95638923],1.0,"</think>

Final Score: 2

**Explanation:**

1. **Confidence in Original Score**: High. The initial evaluation correctly identified that the Claim was not supported by the Situation. The generated response incorrectly assumed Mom couldn't decide and they went home, which contradicts the Situation where they successfully dined out.

2. **Interval Consideration**: The confidence interval [1.00, 3.00] suggests the score is likely within this range. The original score of 2 falls within this interval, aligning with the possible expert judgment.

3. **Adjustment Action**: Retain the original score. The reasoning remains sound as the generated response misinterpreted the premise, leading to an incorrect conclusion. The analysis accurately pointed out the flaws in the generated response.

4. **Final Score**: 2. The generated response demonstrates a partial understanding but contains significant errors in interpretation, warranting a score of 2."
119,1,3,[2.11563349],2.0,[2.1527525],1.0,"</think>

Final Score: 2

**Explanation:**

1. **Confidence in Original Score**: Medium. The original score of 2 was based on the analysis that the generated response made an unsupported assumption about borrowing from friends and family, which wasn't explicitly stated in the Situation. However, the Claim does suggest that borrowing is a potential solution, so there's some ambiguity.

2. **Interval Consideration**: The confidence interval provided is [1.00, 3.00]. The original score of 2 falls within this interval, which suggests that it's a plausible score. The interval is relatively narrow, indicating that the expert's score is likely within this range.

3. **Adjustment Action**: Retain the original score with minor adjustments. The generated response correctly identifies the financial concern but assumes a solution not explicitly mentioned. While the Claim is about borrowing, the Situation doesn't confirm this as the only solution, so the score remains appropriate.

4. **Rationale**: The generated response addresses the issue but makes an assumption about the solution. The Situation doesn't provide enough evidence to fully support the Claim, hence a score of 2 is appropriate."
120,1,3,[1.78065493],2.0,[1.99556203],1.0,"</think>

Final Score: 2

**Explanation:**

1. **Confidence in Original Score**: High. The initial evaluation correctly identified that the Claim (""Because the writer found a shell"") is not supported by the Situation. The shell is mentioned separately and does not explain the positioning of the house keys.

2. **Interval Consideration**: The confidence interval provided is [1.00, 3.00]. The original score of 2 falls within this interval, which suggests that the evaluation aligns with the expected range of expert judgments.

3. **Adjustment Action**: Retain the original score. The reasoning remains sound, and the interval supports the conclusion that the Claim is not supported by the Situation.

4. **Final Score**: 2. The generated response incorrectly links the shell to the placement of house keys, which is unsupported by the text. The analysis correctly identifies this misconnection, warranting a score of 2."
121,1,3,[1.61547568],2.0,[1.93385722],1.0,"</think>

Final Score: 2

**Explanation:**

1. **Confidence in Original Score**: High. The original score of 2 was based on a thorough analysis of the Situation and the Claim. The Situation does not mention a daughter, so the Claim is unsupported.

2. **Interval Consideration**: The confidence interval [1.00, 3.00] includes the original score of 2. This interval suggests that the expert's score is likely within this range, which aligns with the initial assessment.

3. **Adjustment Action**: Retain the original score. The analysis remains consistent with the interval, and there is no compelling reason to change the score.

4. **Rationale**: The generated response incorrectly assumes the presence of a daughter, which is not supported by the Situation. The original evaluation accurately reflects the lack of evidence for the Claim, warranting a score of 2."
122,1,3,[1.72526487],2.0,[1.91502388],1.0,"</think>

Final Score: 2

**Explanation:**

1. **Confidence in Original Score**: Medium. The initial evaluation correctly identified that the generated response introduced unsupported assumptions about the puppy owner's living situation and actions with his wife. However, the score of 2 was based on the response's lack of evidence from the Situation, but the interval provided [1.00, 3.00] suggests a possible lower score.

2. **Interval Consideration**: The interval is narrow (1.00 to 3.00), indicating that the expert's score is likely within this range. The original score of 2 falls within the interval, but the lower bound of 1 suggests that a more critical evaluation might be warranted.

3. **Adjustment Action**: Retain the original score with minor adjustment. The generated response's unsupported assumptions are significant, but the response does attempt to address the question, albeit incorrectly. Therefore, a score of 2 remains appropriate as it reflects the response's flaws without being overly harsh.

4. **Rationale**: The generated response incorrectly assumes details not present in the Situation, which weakens its support for the Claim. However, it does attempt to provide an answer, which is better than a completely incorrect or incomprehensible response. Thus, a score of 2 balances the response's flaws and its effort to address the question."
123,1,3,[1.79634212],2.0,[1.98439778],1.0,"</think>

Final Score: 2

**Explanation:**

1. **Confidence in Original Score**: High. The original score of 2 was based on a thorough analysis of the Situation and the Claim. The Situation does not mention anything about the puppy owner setting up chores for his daughter, which is a key point in the Claim.

2. **Interval Consideration**: The confidence interval provided is [1.00, 3.00]. The original score of 2 falls within this interval, which suggests that it is a plausible score. The interval is relatively narrow, indicating that the expert's score is likely to be within this range.

3. **Adjustment Action**: Retain the original score. The analysis remains consistent with the interval, and there is no compelling reason to adjust the score further. The generated response incorrectly assumes the involvement of a daughter, which is not supported by the Situation.

4. **Rationale**: The generated response makes an unsupported assumption about the daughter's involvement, which is not mentioned in the Situation. Therefore, the Claim is not supported, and the score of 2 accurately reflects the lack of evidence for the Claim."
124,1,5,[3.92625608],4.0,[3.93818255],3.0,"</think>

Final Score: 4

**Explanation:**

1. **Confidence in Original Score**: High. The generated response correctly identifies that the person's current situation involves a job and classes, which are factors that could lead to being busy and tired. However, it simplifies the premise by stating 'Before my life revolved around books and writing I had a job and classes,' which slightly misrepresents the timeline. The original Situation indicates that before, life revolved around books and writing, and now, with a job and classes, they lack energy. The response accurately concludes 'Yes,' but the explanation could be clearer about the transition from past to present circumstances.

2. **Interval Consideration**: The confidence interval provided is [1.00, 5.00], which is wide. This means there is a high probability that the expert’s score lies within this broad range. Given that the original score of 4 falls comfortably within this interval, it aligns well with the possible expert judgment.

3. **Adjustment Action**: Retain the original score with minor adjustments. The reasoning supports the conclusion, and while the explanation could be clearer, the overall quality remains high. The score of 4 reflects the correct conclusion with a minor flaw in the explanation.

4. **Final Score**: 4. The generated response correctly answers the question but could improve by clarifying the timeline and transition in the explanation."
125,1,4,[3.03415309],3.0,[2.98106455],1.0,"</think>

Final Score: 3

**Explanation:**

1. **Confidence in Original Score**: Medium. The original score of 3 was based on the reasoning that the generated response correctly concluded ""No"" but had limited reasoning. However, the analysis could be more thorough.

2. **Interval Consideration**: The confidence interval [1.00, 4.00] is wide, allowing for a range of scores. The original score of 3 falls within this interval, suggesting it is plausible.

3. **Adjustment Action**: Retain the original score with minor adjustments. The reasoning is sound, but the analysis could be more detailed. However, the conclusion remains correct.

4. **Final Score**: 3. The generated response correctly answers ""No"" but could improve in explaining why convincing parents isn't supported by the situation."
126,2,4,[3.99942808],4.0,[3.77169131],1.0,"</think>

Final Score: 4

**Explanation:**

1. **Confidence in Original Score**: High. The generated response correctly identifies that The Dark Knight is a great movie, which supports the Claim. The reasoning is clear and directly ties the movie's awesomeness to their decision to wait.

2. **Interval Consideration**: The confidence interval [2.00, 4.00] suggests that the expert's score is likely within this range. My original score of 4 falls within this interval, indicating alignment with the expert's probable judgment.

3. **Adjustment Action**: Retain. The original score is appropriate as it accurately reflects the response's correctness and clarity, despite minor room for elaboration.

4. **Final Score**: 4. The response is clear, correct, and well-supported, warranting a high score within the provided interval."
127,1,3,[1.84870101],2.0,[2.1387695],1.0,"</think>

Final Score: 2

**Explanation:**

1. **Confidence in Original Score**: High. The initial evaluation correctly identified that the generated response misinterpreted the cause and effect, leading to an incorrect conclusion.

2. **Interval Consideration**: The confidence interval provided is [1.00, 3.00]. The original score of 2 falls within this interval, which is narrow. This suggests that the score is plausible and aligns with the expert judgment.

3. **Adjustment Action**: Retain the original score. The reasoning behind the score is sound, and the interval supports the conclusion that the generated response has a quality score of 2.

4. **Rationale**: The generated response incorrectly attributes the reason for going out to fly a kite as the difficulty in getting the kite off the ground. The Situation explains that they went out to fly a kite, and the hard time was a challenge during the activity, not the reason for going. The generated response misinterprets the cause and effect, leading to an incorrect conclusion. Therefore, the quality score remains at 2, as it reflects the misunderstanding in the generated response."
128,3,5,[3.9931874],4.0,[3.82256002],1.0,"</think>

Final Score: 4

**Explanation:**

1. **Confidence in Original Score**: High. The original score of 4 was based on the generated response correctly identifying the situation and supporting the claim, albeit with a minor lack of context.

2. **Interval Analysis**: The confidence interval [3.00, 5.00] is wide, allowing for a range of scores. The original score of 4 falls comfortably within this interval, suggesting it is plausible.

3. **Adjustment Action**: Retain. The reasoning behind the original score remains sound. The generated response accurately concluded the claim was supported, and while additional context could have strengthened it, the conclusion was correct.

4. **Final Score**: 4. The response effectively addressed the question, and the score aligns well within the provided interval, reflecting a high-quality evaluation."
129,1,3,[1.87480017],2.0,[2.23511812],3.0,"</think>

Final Score: 2

**Explanation:**

1. **Confidence in Original Score**: Medium. The initial evaluation concluded that the Claim was not supported, suggesting the narrator is a manga fan. However, the reasoning could be clearer, as the narrator's actions (visiting a manga store) might not definitively prove they are a fan.

2. **Interval Consideration**: The confidence interval [1.00, 3.00] suggests the expert score is likely within this range. The original score of 2 falls within this interval, indicating alignment with the expert's probable judgment.

3. **Adjustment Action**: Retain the original score with minor adjustments. The reasoning was sound but could be more precise in distinguishing between interest and fandom.

4. **Final Score**: 2. The generated response correctly identified the narrator's interest in manga but oversimplified the conclusion. The score reflects the response's partial correctness and room for improvement in analysis."
130,1,4,[3.17330733],3.0,[3.02859688],1.0,"</think>

Final Score: 3

**Explanation:**

1. **Confidence in Original Score**: Medium. The initial evaluation correctly identified that the narrator is a fan of manga, but the explanation was somewhat unclear and could be improved for clarity.

2. **Interval Consideration**: The confidence interval [1.00, 4.00] suggests that the expert's score is likely within this range. The original score of 3 falls within this interval, indicating that it is plausible.

3. **Adjustment Action**: Retain the original score with minor adjustments. The reasoning was correct, but the explanation could be clearer. However, since the answer is correct and the score is within the interval, it is reasonable to keep the score at 3.

4. **Final Score**: 3. The generated response correctly answers the question, but the explanation could be more precise. The score reflects the correct answer with room for improvement in clarity."
131,1,3,[1.80919783],2.0,[2.13736159],1.0,"</think>

Final Score: 2

**Explanation:**

1. **Confidence in Original Score**: Medium. The initial evaluation considered the bus being full due to the three women boarding, but upon reflection, the reasoning might be oversimplified.

2. **Interval Analysis**: The confidence interval [1.00, 3.00] suggests that the expert score is likely within this range. The original score of 2 falls within this interval, indicating alignment with the expert's probable judgment.

3. **Adjustment Action**: Retain the original score with minor adjustments. The reasoning was sound in questioning the assumption that the bus would remain full without the three women, but the interval supports a score within this range, confirming the initial evaluation's validity.

4. **Final Score**: 2. The generated response incorrectly assumes the bus would still be full, which isn't supported by the situation. The bus was full because of the women, so without them, it likely wouldn't be full. The response also misinterprets the consequence of the doors closing, which was due to the bus being full, not the act of the women boarding. The answer should be 'No' because the Claim is not supported."
132,1,3,[1.65516442],2.0,[2.02178899],1.0,"</think>

Final Score: 2

**Explanation:**

1. **Confidence in Original Score**: High. The initial evaluation correctly identified that the Claim is not supported by the Situation. The generated response misinterpreted the old ladies' reaction as a desire to jump, which is not supported by the text.

2. **Interval Consideration**: The confidence interval provided is [1.00, 3.00]. The original score of 2 falls within this interval, which suggests that the score is plausible. The interval is moderately wide, allowing for some flexibility in scoring, but the original analysis remains sound.

3. **Adjustment Action**: Retain the original score. The reasoning behind the score is solid, and the interval supports the conclusion that the Claim is not supported by the Situation.

4. **Rationale**: The generated response incorrectly assumes the old ladies' intent to jump, which is not stated in the Situation. The analysis accurately points out this misinterpretation, leading to the correct conclusion that the Claim is unsupported. Therefore, the score of 2 remains appropriate."
133,1,4,[3.07118074],3.0,[3.00369798],1.0,"</think>

Final Score: 3

**Explanation:**

1. **Confidence in Original Score**: Medium. The initial evaluation correctly identified that the Claim is not supported by the Situation but could have provided a more detailed explanation.

2. **Interval Consideration**: The confidence interval [1.00, 4.00] suggests that the expert's score is likely within this range. The original score of 3 falls within this interval, indicating alignment with the expert's probable judgment.

3. **Adjustment Action**: Retain the original score with minor adjustments. The reasoning is sound, but the explanation could be more detailed to better justify the score.

4. **Final Score**: 3. The generated response correctly answers ""No"" but lacks a thorough analysis, justifying a score of 3."
134,2,5,[3.97400066],4.0,[3.92669635],4.0,"</think>

Final Score: 4

**Explanation:**

1. **Confidence in Original Score**: High. The generated response correctly identifies that the writer felt natural with the roommate and ordered pizza together. However, it adds the detail about sharing similar interests, which is not explicitly mentioned in the Situation. While the conclusion is correct, the reasoning includes an assumption not supported by the text. Despite this, the answer is accurate.

2. **Interval Consideration**: The confidence interval provided is [2.00, 5.00], which is relatively wide. My original score of 4 falls comfortably within this interval, indicating that it is plausible. The interval suggests that there is a range of possible scores, but 4 remains a reasonable and accurate assessment.

3. **Adjustment Action**: Retain the original score. The reasoning behind the score is sound, and the generated response, while including an assumption, still arrives at the correct conclusion. The interval supports the validity of the score, and there is no compelling reason to adjust it further.

4. **Final Score**: 4. The generated response effectively addresses the question, correctly identifies the reason for ordering pizza, and provides a logical conclusion. The minor assumption about shared interests does not detract significantly from the overall quality of the response."
135,2,5,[3.98901204],4.0,[3.95686848],1.0,"</think>

Final Score: 4

**Explanation:**

1. **Confidence in Original Score**: High. The initial evaluation correctly identified that the narrator's positive description of Lake Michigan does not support the claim that they dislike it. The reasoning was clear and logical.

2. **Interval Consideration**: The confidence interval provided is [2.00, 5.00], which is relatively wide. The original score of 4 falls comfortably within this interval, indicating that it aligns well with the expected range of expert judgments.

3. **Adjustment Action**: Retain. The original score is appropriate as it accurately reflects the strength of the reasoning and the alignment with the provided information. The minor detour in the generated response about listeners' feelings, while unnecessary, does not significantly detract from the overall correctness of the conclusion.

4. **Final Score Justification**: The score of 4 remains the most accurate reflection of the generated response's quality. It acknowledges the correct conclusion while accounting for the minor deviation in reasoning."
136,1,3,[2.02373964],2.0,[2.14540572],3.0,"</think>

Final Score: 2

**Explanation:**

1. **Confidence in Original Score**: Medium. The initial evaluation considered that the supporter's intent was not explicitly stated, but the generated response oversimplified the situation.

2. **Interval Analysis**: The confidence interval [1.00, 3.00] suggests that the expert's score is likely within this range. The original score of 2 falls within this interval, indicating alignment with the possible expert judgment.

3. **Adjustment Action**: Retain the original score. The reasoning supports that the Claim is not directly supported by the Situation, and the generated response did not provide sufficient justification.

4. **Final Score**: 2. The evaluation remains consistent with the initial assessment, as the generated response did not adequately support the Claim."
137,1,4,[2.68069305],3.0,[2.84925071],1.0,"</think>

Final Score: 3

**Explanation:**

1. **Confidence in Original Score**: Medium. The initial score of 3 was based on the generated response's flawed reasoning, despite the correct conclusion. However, the mention of a non-existent third paragraph was a significant error that could have influenced the evaluation.

2. **Interval Consideration**: The confidence interval [1.00, 4.00] suggests that the expert's score is likely within this range. The original score of 3 falls within this interval, indicating that it is plausible. The interval's width (3 points) allows for some flexibility in scoring.

3. **Adjustment Action**: Retain the original score with minor adjustments. The reasoning for the score remains valid despite the error in the generated response. The conclusion was correct, and the analysis, while flawed, did not significantly impact the overall quality assessment.

4. **Final Score**: 3. The generated response correctly answered the question but included an irrelevant and incorrect statement about a third paragraph. This error slightly detracts from the quality but does not warrant a lower score."
138,1,4,[3.10592349],3.0,[3.00750873],3.0,"</think>

Final Score: 3

**Explanation:**

1. **Confidence in Original Score**: Medium. The initial evaluation correctly identified that the Claim is supported but lacked depth in explaining the connection between the pain and the first few months of pill use.

2. **Interval Consideration**: The confidence interval [1.00, 4.00] suggests that the score could reasonably fall within this range. The original score of 3 is within this interval, indicating that it aligns with the possible expert judgment.

3. **Adjustment Action**: Retain the original score with minor adjustments. The reasoning is sound, but the explanation could be more detailed. However, given the interval and the initial assessment, 3 remains appropriate.

4. **Final Score**: 3. The generated response correctly supports the Claim but could improve by providing a more thorough explanation of the pain's relation to the initial months of pill use."
139,1,5,[3.89847458],4.0,[3.8349995],3.0,"</think>

Final Score: 4

**Explanation:**

1. **Confidence in Original Score**: High. The generated response correctly identifies that Heather's tonsillectomy caused the cancellations, which is the main point of the question. However, the mention of ""Emily's post"" introduces an unnecessary detail not present in the original text, which slightly weakens the response.

2. **Interval Consideration**: The confidence interval provided is [1.00, 5.00], which is wide. This means there is a high probability that the expert's score falls within this range. My original score of 4 is within this interval, so it aligns with the possible expert judgment.

3. **Adjustment Action**: Retain the original score with minor adjustments. The core answer is accurate, and the error introduced is minor, not significantly affecting the overall quality.

4. **Final Score**: 4. The response is mostly correct but contains an unnecessary detail, which slightly reduces its quality."
140,1,3,[1.933127],2.0,[2.02737955],4.0,"</think>

Final Score: 2

**Explanation:**

1. **Confidence in Original Score**: High. The original score of 2 was based on a clear analysis of the generated response's inaccuracies. The response incorrectly concluded that Heather did not have a tonsillectomy, despite the Situation explicitly stating she did.

2. **Interval Consideration**: The confidence interval provided is [1.00, 3.00]. The original score of 2 falls within this interval, suggesting it is plausible. The interval's width indicates some uncertainty, but the score remains within the expected range.

3. **Adjustment Action**: Retain the original score. The analysis supports the conclusion that the generated response was incorrect, and the score of 2 accurately reflects its quality.

4. **Rationale**: The generated response misinterpreted the Situation, leading to an incorrect conclusion. While the response addressed the question, its inaccuracies warrant a lower score. The score of 2 aligns with the interval and accurately represents the response's quality."
141,3,5,[3.98053254],4.0,[3.95441226],4.0,"</think>

Final Score: 4

**Explanation:**

1. **Confidence in Original Score**: High. The initial evaluation correctly identified that the Claim is supported by the Situation, as the conversation escalated due to one person stating they didn't want to see the other again.

2. **Interval Consideration**: The confidence interval [3.00, 5.00] is wide, allowing for a range of scores. The original score of 4 falls comfortably within this interval, suggesting it is plausible.

3. **Adjustment Action**: Retain the original score. The reasoning remains sound, and while the explanation could be more detailed, the conclusion is accurate.

4. **Final Score**: 4. The generated response correctly answers the question, though it could benefit from a more detailed explanation referencing the specific statement from the Situation."
142,2,5,[4.00926557],4.0,[3.94618383],3.0,"</think>

Final Score: 4

**Explanation:**

1. **Confidence in Original Score**: High. The generated response accurately captures the essence of the situation, identifying that the person was worried about not having fun due to being sick and their mother's suggestion to stay home.

2. **Interval Consideration**: The confidence interval provided is [2.00, 5.00], which is relatively wide. The original score of 4 falls comfortably within this interval, indicating that it is a plausible score according to the expert judgment.

3. **Adjustment Action**: Retain. The original score of 4 is appropriate because the generated response correctly identifies the worry related to being sick and its impact on having fun, even though it paraphrases the original statement slightly.

4. **Rationale**: The generated response effectively supports the claim by linking the worry about being sick to the concern about not having fun. While it could be slightly more detailed, the conclusion is correct and the reasoning is sound, warranting a score of 4."
143,1,4,[3.38965264],3.0,[3.02674012],3.0,"</think>

Final Score: 3

**Explanation:**

1. **Confidence in Original Score**: Medium. The initial evaluation correctly identified that the Claim is not supported by the Situation but included an irrelevant detail about The Monkees still making music.

2. **Interval Consideration**: The confidence interval [1.00, 4.00] suggests that the expert's score is likely within this range. The original score of 3 falls within this interval, indicating alignment with the possible expert judgment.

3. **Adjustment Action**: Retain the original score with minor adjustments. The reasoning remains sound, and the score appropriately reflects the analysis.

4. **Final Score**: 3. The generated response correctly concludes the Claim is unsupported but includes an unnecessary detail. The score of 3 accurately captures the response's quality."
144,3,5,[3.99924319],4.0,[3.98041315],1.0,"</think>

Final Score: 4

**Explanation:**

1. **Confidence in Original Score**: High. The initial evaluation correctly identified that the situation supports the claim, noting the severity of the accident and the fortunate outcome.

2. **Interval Consideration**: The confidence interval [3.00, 5.00] is wide, allowing for a range of scores. The original score of 4 falls comfortably within this interval, suggesting it is plausible.

3. **Adjustment Action**: Retain. The reasoning aligns well with the interval, and the score accurately reflects the support for the claim.

4. **Rationale**: The generated response effectively supports the claim by highlighting the accident's severity and the fortunate outcome. While there was a minor misinterpretation regarding the 'hurry' to the doctor, the conclusion remains accurate. Thus, the score of 4 is appropriate."
145,2,5,[3.97937841],4.0,[3.88541372],1.0,"</think>

Final Score: 4

**Explanation:**

1. **Confidence in Original Score**: High. The initial evaluation correctly identified that the side entertainment was a factor in waiting for the gold medal match. The reasoning was clear and aligned with the provided information.

2. **Interval Consideration**: The confidence interval [2.00, 5.00] is wide, indicating a range of possible scores. The original score of 4 falls comfortably within this interval, suggesting it is a plausible and reasonable assessment.

3. **Adjustment Action**: Retain. The original score is appropriate given the analysis. While the generated response could have elaborated more on how the side entertainment directly contributed to the waiting time, the conclusion was accurate and well-supported.

4. **Final Score Justification**: The score of 4 reflects a high-quality response that correctly identifies the supporting evidence while acknowledging room for improvement in detail. This aligns with the confidence interval and the thoroughness of the analysis."
146,2,5,[3.99732567],4.0,[3.92951342],1.0,"</think>

Final Score: 4

**Explanation:**

1. **Confidence in Original Score**: High. The generated response correctly identifies that the person might be involved in acting or musical theater, which aligns with the Claim of being a movie star. The reasoning is logical and supported by the mention of an 'International Rockstar career.'

2. **Interval Consideration**: The confidence interval [2.00, 5.00] is wide, allowing for a range of scores. The original score of 4 falls comfortably within this interval, suggesting it is plausible.

3. **Adjustment Action**: Retain. The reasoning is sound, and the score of 4 accurately reflects the quality of the generated response. While the response could have more explicitly connected the 'International Rockstar career' to the Claim, the conclusion is accurate and well-supported.

4. **Final Score**: 4. The generated response effectively supports the Claim with relevant details from the Situation, making it a strong and justified answer."
147,1,3,[1.90738511],2.0,[2.07588653],2.0,"</think>

Final Score: 2

**Explanation:**

1. **Confidence in Original Score**: Medium. The initial evaluation considered the Situation where Heck is exposed to more information supporting the dirty tricks theory, which likely reinforces his belief. However, the generated response incorrectly concluded ""No"" while stating that Heck might stop believing the theory, which is contradictory.

2. **Interval Analysis**: The confidence interval provided is [1.00, 3.00]. The original score of 2 falls within this interval. The interval is relatively narrow, suggesting that the expert's score is likely within this range.

3. **Adjustment Action**: Retain the original score with minor adjustments. The reasoning aligns with the interval, as the generated response's flawed reasoning and contradictory conclusion justify a score within the lower to middle range.

4. **Final Score**: 2. The generated response's reasoning is flawed and inconsistent with the provided information, but it does not warrant the lowest score due to partial understanding of the situation."
148,1,4,[3.88235172],4.0,[3.81432614],3.0,"</think>

Final Score: 4

**Explanation:**

1. **Confidence in Original Score**: High. The original score of 4 was based on a thorough analysis of the generated response, which correctly identified Laura's influence but made an assumption about her direct help when going home.

2. **Interval Consideration**: The confidence interval [1.00, 4.00] suggests that the expert's score is likely within this range. The original score of 4 falls within this interval, indicating alignment with potential expert judgment.

3. **Adjustment Action**: Retain. The original score is appropriate as it acknowledges the correct identification of Laura's role while noting the assumption made. The interval supports this score, and no adjustment is necessary.

4. **Rationale**: The generated response accurately captures Laura's supportive role but assumes her direct involvement in the return home, which isn't explicitly stated. This balanced evaluation justifies the score of 4, which is within the provided interval, reinforcing its validity."
149,1,4,[3.69069466],4.0,[3.8576988],1.0,"</think>

Final Score: 4

**Explanation:**

1. **Confidence in Original Score**: High. The original score of 4 was based on a thorough analysis of the Situation and the generated response. The key point was the phrase ""she will turn me WHITE by two,"" which clearly indicates the child is under two years old, thus the Claim is not supported.

2. **Interval Consideration**: The confidence interval provided is [1.00, 4.00]. The original score of 4 falls within this interval, which suggests that the score is plausible. The interval is relatively wide, covering a range from 1 to 4, indicating some uncertainty but not enough to significantly alter the initial assessment.

3. **Adjustment Action**: Retain the original score with minor clarification. The reasoning behind the score is sound, but the explanation could be slightly refined for clarity. The generated response correctly identifies the child's age but could explain the reasoning more clearly.

4. **Final Score**: 4. The score remains appropriate as it reflects the correct conclusion with a minor adjustment in explanation clarity."
150,1,3,[1.62493345],2.0,[2.0545435],1.0,"</think>

Final Score: 2

**Explanation:**

1. **Confidence in Original Score**: High. The initial evaluation correctly identified that the generated response made an unsupported assumption about the narrator taking a drink from the water glass. The Situation does not provide evidence for this claim.

2. **Interval Consideration**: The confidence interval provided is [1.00, 3.00]. The original score of 2 falls within this interval, which suggests that the score is plausible. The interval is relatively narrow, indicating that the expert's score is likely close to this range.

3. **Adjustment Action**: Retain the original score. The reasoning behind the score is sound, and the interval supports the conclusion that the score of 2 is appropriate. The generated response incorrectly assumes the narrator took a drink, which is not supported by the Situation.

4. **Final Score**: 2. The generated response incorrectly supports the Claim without sufficient evidence from the Situation, leading to a score of 2."
151,1,3,[2.06102121],2.0,[2.10584358],1.0,"</think>

Final Score: 2

**Explanation:**

1. **Confidence in Original Score**: Medium. The initial score of 2 was based on the generated response being too brief and lacking depth. However, upon reflection, the brevity might be acceptable if the question is straightforward.

2. **Interval Consideration**: The confidence interval [1.00, 3.00] suggests that the score is likely within this range. The original score of 2 falls within this interval, which aligns with the possible expert judgment.

3. **Adjustment Action**: Retain the original score with minor adjustments. The generated response's brevity is noted, but it correctly answers the question. The lack of explanation slightly impacts the quality, but it's still within an acceptable range.

4. **Final Score**: 2. The response is correct but could benefit from more detailed reasoning."
152,1,4,[3.26965162],3.0,[3.00762769],1.0,"</think>

Final Score: 3

**Explanation:**

1. **Confidence in Original Score**: Medium. The initial evaluation correctly identified that the Claim is not supported by the Situation but could have provided a more precise explanation.

2. **Interval Consideration**: The confidence interval [1.00, 4.00] is wide, allowing for a range of scores. The original score of 3 falls within this interval, suggesting it is plausible.

3. **Adjustment Action**: Retain the original score with minor adjustments. The reasoning aligns with the interval, and the score reflects the uncertainty in the Claim's support.

4. **Final Score**: 3. The generated response appropriately concludes that the Claim is not supported, though the explanation could be clearer. The score of 3 accurately reflects the response's quality."
153,1,3,[1.25695662],1.0,[1.15786348],1.0,"</think>

Final Score: 1

**Explanation:**

1. **Confidence in Original Score**: High. The original analysis correctly identified that the Claim (""Because I come from Cheryl"") is not supported by the Situation, as the Situation attributes the aspiration to Ron, not Cheryl.

2. **Interval Consideration**: The confidence interval provided is [1.00, 3.00]. The original score of 1 falls within this interval, indicating that it is plausible according to the conformal prediction model.

3. **Adjustment Action**: Retain the original score. The analysis was thorough and accurate, correctly identifying the lack of support for the Claim. The generated response's incorrect ""Yes"" answer was appropriately criticized, and the reasoning was clear and well-supported.

4. **Final Score Justification**: The score of 1 accurately reflects the generated response's failure to address the specific details in the Situation and its incorrect support of the Claim. The analysis was comprehensive and correctly identified the errors in the generated response."
154,3,5,[3.99889281],4.0,[3.98671791],1.0,"</think>

Final Score: 4

**Explanation:**

1. **Confidence in Original Score**: High. The generated response correctly identifies the need for a mascot due to the lack of representation, aligning with the Situation. It connects this to Sackboy's creation, which is accurate.

2. **Interval Consideration**: The interval [3.00, 5.00] is wide, allowing for a range of scores. The original score of 4 falls comfortably within this interval, suggesting it is plausible.

3. **Adjustment Action**: Retain. The response effectively addresses the need for a mascot, though it could be more concise. However, the conclusion is accurate, justifying the score of 4.

4. **Final Score**: 4. The response is clear and correct, with minor room for improvement in conciseness."
155,1,3,[2.0028736],2.0,[2.15285041],1.0,"</think>

Final Score: 2

**Explanation:**

1. **Confidence in Original Score**: Medium. The initial evaluation correctly identified that the Claim is supported by the Situation but made an error in the calorie calculation and misinterpreted the intended calorie intake.

2. **Interval Consideration**: The confidence interval [1.00, 3.00] suggests that the expert's score is likely within this range. The original score of 2 falls within this interval, indicating that it is plausible.

3. **Adjustment Action**: Retain the original score with minor adjustments. The Claim is supported, but the generated response's reasoning was flawed, warranting a score of 2.

4. **Final Score**: 2. The generated response correctly concluded that the Claim is supported but erred in its reasoning, leading to a lower score."
156,1,4,[2.97628008],3.0,[3.04695679],1.0,"</think>

Final Score: 3

**Explanation:**

1. **Confidence in Original Score**: Medium. The initial evaluation correctly identified that the Claim was supported by the Situation but incorrectly concluded ""No."" This contradiction suggests some confusion in the reasoning process.

2. **Interval Consideration**: The confidence interval [1.00, 4.00] is relatively wide, indicating a range of possible scores. The original score of 3 falls within this interval, suggesting it is plausible but not definitively correct.

3. **Adjustment Action**: Retain the original score with minor adjustments. The reasoning was sound in identifying the support for the Claim but erred in the final answer. Correcting the conclusion to ""Yes"" while maintaining the reasoning quality justifies a score of 3.

4. **Final Score**: 3. The response demonstrates understanding of the support for the Claim but fails to correctly answer the question, warranting a moderate score."
157,1,3,[1.26603061],1.0,[1.1831897],2.0,"</think>

Final Score: 1

Explanation:

1. **Confidence Level**: High confidence in the original score of 1. The generated response incorrectly interprets the situation by stating the person feels nervous, which is not supported by the context.

2. **Interval Consideration**: The confidence interval provided is [1.00, 3.00]. The original score of 1 falls within this interval, supporting the decision.

3. **Adjustment Action**: Retain the original score. The analysis confirms that the generated response is incorrect and does not align with the situation.

4. **Rationale**: The situation clearly indicates relief and joy, not nervousness. The generated response introduces unsupported elements, leading to an incorrect conclusion."
158,1,3,[2.5556296],3.0,[2.90437755],1.0,"</think>

Final Score: 3

**Explanation:**

1. **Confidence in Original Score**: Medium. The original score of 3 was based on the recognition that the generated response correctly identified positive emotions but incorrectly labeled them as 'Alert.' However, the reasoning around the label's inaccuracy was clear.

2. **Interval Consideration**: The confidence interval [1.00, 3.00] suggests that the expert's score is likely within this range. The original score of 3 falls within this interval, indicating alignment with the possible expert judgment.

3. **Adjustment Action**: Retain the original score. The reasoning supports that the response had both correct and incorrect elements, warranting a middle score. The interval's upper bound being 3 reinforces this decision.

4. **Rationale**: The generated response accurately captured the positive emotions but incorrectly applied the label 'Alert.' This mix of correct and incorrect elements justifies a score of 3, which is within the provided confidence interval."
159,1,3,[1.67648709],2.0,[2.0169116],1.0,"</think>

Final Score: 2

**Explanation:**

1. **Confidence in Original Score**: High. The initial analysis correctly identified that the speaker's intent was adversarial, not grateful, based on the context provided.

2. **Interval Consideration**: The confidence interval [1.00, 3.00] suggests that the expert's score is likely within this range. The original score of 2 falls within this interval, aligning with the possible range of expert judgment.

3. **Adjustment Action**: Retain the original score. The reasoning behind the score is sound, as the speaker's desire to hunt and cut down the woman indicates a hostile intent rather than gratitude. The generated response misinterpreted the speaker's motivation, leading to an incorrect conclusion of gratitude.

4. **Final Score Justification**: The score of 2 accurately reflects the generated response's misunderstanding of the speaker's intent, which is adversarial rather than grateful. This aligns with the confidence interval and the analysis provided."
160,1,3,[1.8050015],2.0,[2.0234586],1.0,"</think>

**Final Score: 2**

**Explanation:**

1. **Confidence in Original Score**: Medium. The initial evaluation concluded that the Claim was not supported by the Situation, assigning a score of 2. However, upon reviewing the generated response, it's clear that the reasoning was flawed, leading to a potential misinterpretation.

2. **Interval Consideration**: The confidence interval provided is [1.00, 3.00]. The original score of 2 falls within this interval, suggesting that it is plausible. The interval is relatively narrow, indicating that the expert's score is likely within this range.

3. **Adjustment Action**: Retain the original score with minor adjustments. The reasoning in the generated response was incorrect, but the conclusion was accurate. The Claim is not supported by the Situation, so the score remains appropriate.

4. **Rationale**: The generated response incorrectly linked the presence of the body to the act of smoking. However, the Situation only mentions that they were smoking before the altercation, not because of the body. Therefore, the Claim is not supported, and the score of 2 remains correct."
161,3,5,[3.99459767],4.0,[3.79052122],3.0,"</think>

Final Score: 4

**Explanation:**

1. **Confidence in Original Score**: High. The generated response correctly identified that the person did not want to be wasteful and ate everything, supporting the Claim. However, it could have provided more context from the Situation, such as the experience of eating the spicy dish, to strengthen the justification.

2. **Interval Consideration**: The confidence interval [3.00, 5.00] is wide, allowing for a range of scores. The original score of 4 falls within this interval, suggesting it is plausible. The interval's width indicates some uncertainty, but the original score is reasonable.

3. **Adjustment Action**: Retain the original score with minor adjustments. The reasoning is sound, and while additional context could enhance the justification, the conclusion is accurate.

4. **Final Score**: 4. The generated response effectively supports the Claim, and the reasoning aligns with the Situation, warranting a score of 4."
162,1,3,[2.03098922],2.0,[2.05242058],1.0,"</think>

Final Score: 2

**Explanation:**

1. **Confidence in Original Score**: Medium. The initial evaluation correctly identified that the claim was not supported by the situation but incorrectly assumed the phone broke. The reasoning was flawed, but the conclusion was correct.

2. **Interval Consideration**: The confidence interval [1.00, 3.00] suggests that the score is likely within this range. The original score of 2 falls within this interval, indicating that it is plausible.

3. **Adjustment Action**: Retain the original score with minor adjustments. The reasoning was flawed, but the conclusion was correct, so a score of 2 remains appropriate.

4. **Final Score**: 2. The generated response correctly concluded that the claim was not supported but used flawed reasoning, warranting a score of 2."
163,1,5,[4.00031667],4.0,[3.98156338],3.0,"</think>

Final Score: 4

**Explanation:**

1. **Confidence in Original Score**: High. The generated response correctly identifies the key role of the narrator's humor and fun personality in the man's behavior. It logically infers that without these traits, the interaction would likely diminish.

2. **Interval Consideration**: The confidence interval [1.00, 5.00] is wide, indicating a high level of uncertainty. However, the original score of 4 falls comfortably within this range, suggesting that it is plausible.

3. **Adjustment Action**: Retain. The reasoning behind the original score is sound and aligns well with the provided interval. The generated response effectively addresses the question, and the score accurately reflects its quality.

4. **Final Score**: 4. The generated response is clear, logical, and well-supported by the situation, making it deserving of a high score within the given interval."
164,1,3,[1.82845869],2.0,[2.03532003],1.0,"</think>

Final Score: 2

**Explanation:**

1. **Confidence in Original Score**: High. The original score of 2 was based on a thorough analysis of the Situation and the Claim. The Situation explicitly states that the person's life is not hard, which directly contradicts the Claim. The generated response incorrectly assumes that stress implies a hard life, which is not supported by the text.

2. **Interval Consideration**: The confidence interval provided is [1.00, 3.00]. The original score of 2 falls within this interval, which suggests that it is a plausible score. The interval is moderately wide, allowing for some flexibility in scoring, but the original analysis remains strong.

3. **Adjustment Action**: Retain the original score. The analysis holds up under scrutiny, and the generated response's failure to account for the explicit denial of a hard life in the Situation is a significant flaw. The score of 2 accurately reflects the generated response's partial correctness and its failure to consider key details.

4. **Rationale for Final Score**: The generated response partially supports the Claim by focusing on the emotional state of stress but overlooks the explicit statement that the person's life is not hard. This oversight significantly weakens the justification, warranting a score of 2. The response is not entirely incorrect but lacks the necessary attention to detail, making it somewhat flawed."
165,1,5,[3.98673162],4.0,[3.88728043],1.0,"</think>

Final Score: 4

**Explanation:**

1. **Confidence in Original Score**: High. The generated response correctly identifies that the company developed the technology to reduce screen glare because they have new TVs. The reasoning aligns with the provided situation, which mentions the introduction of new TVs and technology.

2. **Interval Consideration**: The confidence interval [1.00, 5.00] is wide, indicating a broad range of possible scores. However, the original score of 4 falls comfortably within this interval, suggesting it is a plausible and reasonable assessment.

3. **Adjustment Action**: Retain. The original score of 4 is appropriate because it acknowledges the correct identification of the claim's support while noting the potential for more detailed explanation. The response is clear and correct, justifying the score without the need for adjustment.

4. **Rationale**: The generated response accurately answers the question by linking the development of OPAL technology to the introduction of new TVs. While it could have provided more detail, the answer is sufficiently clear and correct, warranting a score of 4."
166,1,5,[3.89322612],4.0,[3.87207614],1.0,"</think>

Final Score: 4

**Explanation:**

1. **Confidence in Original Score**: High. The initial evaluation correctly identified that the Claim is supported by the Situation, noting that the woman's routines suggest she has time to kill. However, the interpretation of 'putting aside the sound' as the vent not being important was a minor misstep.

2. **Interval Consideration**: The confidence interval [1.00, 5.00] is wide, indicating a high level of uncertainty. The original score of 4 falls comfortably within this range, suggesting it is plausible.

3. **Adjustment Action**: Retain the original score with minor adjustments. The reasoning aligns well with the expert judgment, and the Claim is adequately supported despite the minor misinterpretation.

4. **Final Score**: 4. The evaluation is mostly accurate, with a slight error in interpreting the vent's importance, but the overall conclusion is correct."
167,1,4,[3.7712748],4.0,[3.88831761],1.0,"</think>

Final Score: 4

**Explanation:**

1. **Confidence in Original Score**: High. The original score of 4 was based on the accurate identification that the generated response correctly supported the Claim, despite an irrelevant error about the bridge's capacity.

2. **Interval Consideration**: The confidence interval [1.00, 4.00] suggests that the expert's score is likely within this range. The original score of 4 falls within this interval, indicating alignment with potential expert judgment.

3. **Adjustment Action**: Retain. The original evaluation was thorough and accurate in assessing the Claim's support, with the error not significantly impacting the overall quality.

4. **Rationale**: The generated response correctly concluded the Claim was supported, despite a minor misinterpretation. The analysis was clear and mostly correct, warranting a score of 4."
168,1,3,[1.7223053],2.0,[2.07075435],1.0,"</think>

Final Score: 2

**Explanation:**

1. **Confidence in Original Score**: High. The initial evaluation correctly identified that the Claim was not supported by the Situation. The generated response misinterpreted the planning time as indicating a minor event, while the context suggested significance.

2. **Interval Consideration**: The confidence interval [1.00, 3.00] includes the original score of 2. This score falls within the narrow interval, supporting the initial judgment.

3. **Adjustment Action**: Retain the original score. The reasoning aligns with the interval, and the evaluation accurately reflects the lack of support for the Claim.

4. **Final Score**: 2. The generated response's misinterpretation and incorrect conclusion warrant a score of 2, as it partially addressed the question but failed to capture the significance of the event."
169,1,5,[3.92295789],4.0,[3.92540098],1.0,"</think>

Final Score: 4

**Explanation:**

1. **Confidence in Original Score**: High. The initial evaluation correctly identified that the narrator admires women with patience and effort, suggesting the narrator may value such traits. However, it made an assumption about the narrator's personal traits, which isn't explicitly stated.

2. **Interval Consideration**: The interval [1.00, 5.00] is wide, indicating high uncertainty. The original score of 4 falls within this range, supporting the initial judgment.

3. **Adjustment Action**: Retain the original score with minor adjustments. The reasoning aligns with the interval's uncertainty, and the conclusion remains reasonable despite the assumption.

4. **Final Score**: 4. The generated response effectively supports the claim, though it makes a slight assumption about the narrator's personal traits. The reasoning is sound and aligns with the context provided."
170,1,3,[1.9243868],2.0,[2.05232864],1.0,"</think>

Final Score: 2

**Explanation:**

1. **Confidence in Original Score**: Medium. The initial evaluation considered Tim's suspicion as a sign of caution rather than eagerness, which seems reasonable. However, the generated response's conclusion that Tim is not afraid to meet Hector's friends might be a stretch.

2. **Interval Analysis**: The confidence interval [1.00, 3.00] suggests that the expert's score is likely within this range. The original score of 2 falls within this interval, indicating that it is plausible. The interval's width is moderate, allowing for some flexibility in scoring.

3. **Adjustment Action**: Retain the original score with minor adjustments. The reasoning aligns with the interval, and while the generated response's conclusion is somewhat speculative, it doesn't warrant a lower score outside the interval.

4. **Rationale**: The generated response correctly identifies that Tim is suspicious but incorrectly concludes that this implies eagerness. The score of 2 reflects that the response has some merit but lacks sufficient evidence to fully support the claim."
171,1,3,[1.51221787],2.0,[2.00231721],1.0,"</think>

Final Score: 2

**Explanation:**

1. **Confidence in Original Score**: High. The initial evaluation correctly identified that the Claim is not supported by the Situation. The generated response made an incorrect assumption about the reason for replacing the water heater, which is not supported by the provided information.

2. **Interval Consideration**: The confidence interval [1.00, 3.00] suggests that the expert's score is likely within this range. The original score of 2 falls within this interval, indicating alignment with the expected expert judgment.

3. **Adjustment Action**: Retain the original score. The reasoning behind the score is sound, and the interval supports the conclusion that the score is appropriate.

4. **Rationale**: The generated response incorrectly assumes the reason for replacing the water heater, which is not supported by the Situation. The Claim is not validated by the provided information, making the generated response flawed. The score of 2 accurately reflects the quality of the response, considering both the explanation and the answer."
172,1,3,[1.64107915],2.0,[2.04703388],3.0,"</think>

Final Score: 2

**Explanation:**

1. **Confidence in Original Score**: Medium. The initial evaluation correctly identified that the generated response misinterpreted the Situation by suggesting that landscaping wouldn't raise home values, which contradicts the explicit information provided. However, the qualitative analysis could have been more detailed in explaining why the generated response was incorrect.

2. **Interval Consideration**: The confidence interval provided is [1.00, 3.00]. The original score of 2 falls within this interval, which suggests that it is plausible. The interval is relatively narrow, indicating that the score is likely within this range.

3. **Adjustment Action**: Retain the original score with minor adjustments. The initial score was appropriate, but the qualitative analysis could be enhanced to better explain the misinterpretation and its implications.

4. **Rationale**: The generated response incorrectly concluded that landscaping wouldn't increase home value, which is not supported by the Situation. The initial evaluation correctly identified this error, but the explanation could be more thorough. However, the score of 2 remains appropriate as it reflects the misunderstanding in the generated response."
173,1,4,[2.00207401],2.0,[2.30023613],1.0,"</think>

Final Score: 2

**Explanation:**

1. **Confidence in Original Score**: Medium. The initial evaluation considered the lack of explicit mention of a birthday in the Situation, which led to the conclusion that the Claim was not supported. However, the reasoning assumed that the delay in making the appointment was due to time constraints around a birthday, which wasn't clearly stated.

2. **Interval Analysis**: The confidence interval provided is [1.00, 4.00], which is relatively wide. The original score of 2 falls within this interval, suggesting that it is plausible. However, the interval also includes scores as low as 1 and as high as 4, indicating a range of possible evaluations.

3. **Adjustment Consideration**: Upon re-examining the task, the key issue is whether the generated response correctly evaluates the support for the Claim. The generated response assumes that the appointment was made late because there was a better time slot available on the birthday, which is not explicitly stated in the Situation. This assumption weakens the justification for the answer ""No."" However, the response does correctly identify that the Claim is not supported by the Situation, albeit through an assumption.

4. **Final Adjustment**: Retain the original score of 2. The response correctly identifies that the Claim is not supported but does so through an unsupported assumption, which limits its quality. The score of 2 reflects that the response is partially correct but lacks sufficient justification."
174,1,4,[2.59967767],3.0,[3.02741082],1.0,"</think>

Final Score: 3

**Explanation:**

1. **Confidence in Original Score**: Medium. The original score of 3 was based on the generated response's brevity and lack of detailed explanation, despite correctly answering ""Yes.""

2. **Interval Consideration**: The confidence interval [1.00, 4.00] suggests that the expert's score is likely within this range. The original score of 3 falls comfortably within this interval, indicating that it is plausible.

3. **Adjustment Action**: Retain the original score. While the generated response could have been more detailed, it correctly identified the claim's support. The brevity, though a weakness, doesn't warrant a lower score given the correct answer and the context provided.

4. **Rationale**: The response accurately answered the question, but the lack of explanation slightly diminishes its quality. However, since the answer is correct and the interval supports a score of 3, it remains appropriate."
175,1,3,[1.75936154],2.0,[2.0265931],1.0,"</think>

Final Score: 2

**Explanation:**

1. **Confidence in Original Score**: High. The original analysis correctly identified that the generated response incorrectly assumed causality between seating and attendance, which isn't supported by the Situation.

2. **Interval Consideration**: The confidence interval [1.00, 3.00] suggests that the expert's score is likely within this range. The original score of 2 falls within this interval, aligning with the possible expert judgment.

3. **Adjustment Action**: Retain the original score. The analysis was thorough and accurate, correctly assessing the lack of support for the Claim. The score of 2 appropriately reflects the generated response's flawed reasoning.

4. **Final Score**: 2. The generated response incorrectly inferred causality, leading to an unsupported conclusion. The analysis was accurate in identifying this flaw, warranting a score of 2."
176,1,3,[1.86977699],2.0,[2.0844616],1.0,"</think>

Final Score: 2

**Explanation:**

1. **Confidence in Original Score**: Medium. The initial evaluation considered the generated response's assumption that the presence of seniors was a determining factor for attending the lunch, which wasn't explicitly stated in the Situation. However, the reasoning that the attendance was already a given was a valid point.

2. **Interval Analysis**: The confidence interval provided is [1.00, 3.00], which is a narrow interval. The original score of 2 falls within this interval, suggesting that it aligns with the expected range of expert judgments.

3. **Adjustment Action**: Retain the original score with minor adjustments. The reasoning was sound in pointing out the generated response's assumption, but the conclusion that the Claim was not supported was accurate. The score of 2 reflects that the generated response had some inaccuracies but was not entirely incorrect.

4. **Final Score**: 2. The generated response made an unsupported assumption but correctly identified that the Claim was not strongly supported by the Situation. The score of 2 is appropriate as it acknowledges the partial correctness of the response."
177,1,5,[4.00805351],4.0,[3.95948134],1.0,"</think>

Final Score: 4

**Explanation:**

1. **Confidence in Original Score**: High. The generated response correctly identifies that Brian was in the hospital based on the presence of stitches and a bandage, which are strong indicators of a hospital setting.

2. **Interval Consideration**: The confidence interval [1.00, 5.00] is wide, allowing for a range of scores. The original score of 4 falls comfortably within this interval, suggesting it is plausible.

3. **Adjustment Action**: Retain. The reasoning is sound, and the score accurately reflects the strength of the evidence supporting the claim.

4. **Rationale**: The generated response effectively uses the details from the situation to support the claim, making a score of 4 appropriate."
178,1,5,[3.9082988],4.0,[3.95970634],1.0,"</think>

Final Score: 4

**Explanation:**

1. **Confidence in Original Score**: High. The original score of 4 was based on the generated response correctly identifying the support for the Claim that doctors are extremely intelligent, as explicitly stated in the Situation. However, the response introduced an extraneous point about their intelligence failing with technology, which wasn't directly relevant.

2. **Interval Consideration**: The confidence interval [1.00, 5.00] is wide, indicating a high level of uncertainty. The original score of 4 falls comfortably within this interval, suggesting it's a plausible score.

3. **Adjustment Action**: Retain the original score with minor adjustments. The reasoning remains sound, and while the extraneous information slightly detracts, it doesn't warrant a lower score.

4. **Final Score**: 4. The response correctly supports the Claim but includes unnecessary details, justifying a score of 4."
179,1,5,[3.94075516],4.0,[3.8757181],1.0,"</think>

Final Score: 4

**Explanation:**

1. **Confidence in Original Score**: High. The original score of 4 was based on a thorough analysis of the generated response, which correctly identified the unsettling nature of the man's actions while making a minor assumption about his emotions.

2. **Interval Consideration**: The confidence interval [1.00, 5.00] is wide, indicating a high level of uncertainty. However, the original score of 4 falls comfortably within this range, suggesting it is plausible.

3. **Adjustment Action**: Retain. The original score is appropriate as it accurately reflects the support for the Claim while acknowledging the minor assumption made in the generated response.

4. **Rationale**: The generated response correctly identifies the unsettling behavior described in the Situation, supporting the Claim. While it adds an assumption about the man's emotions, this does not detract significantly from the overall correctness of the conclusion. Therefore, the score of 4 remains justified."
180,1,4,[3.18309294],3.0,[3.15589999],1.0,"</think>

Final Score: 3

**Explanation:**

1. **Confidence in Original Score**: Medium. The original score of 3 was based on the understanding that the generated response partially addressed the claim but did not fully capture the explicit intent in the situation.

2. **Interval Analysis**: The confidence interval [1.00, 4.00] is relatively wide, indicating a range of possible scores. The original score of 3 falls within this interval, suggesting it is plausible. However, the interval's width allows for consideration of both lower and higher scores.

3. **Adjustment Consideration**: Upon re-examination, the generated response correctly identifies the possibility of trying new items but misses the explicit statement in the situation. While it's somewhat correct, it could be more precise. This aligns with the original reasoning, supporting the score of 3.

4. **Final Decision**: Retain the original score of 3, as it appropriately reflects the partial support of the claim and the need for more precise analysis."
181,1,5,[3.8686929],4.0,[3.91134731],1.0,"</think>

Final Score: 4

**Explanation:**

1. **Confidence in Original Score**: High. The generated response correctly identifies that garnet and crimson are the family's colors, supporting the Claim. However, the explanation is somewhat circular, which is a minor weakness.

2. **Interval Consideration**: The interval [1.00, 5.00] is wide, indicating high uncertainty. The original score of 4 falls within this interval, suggesting it is plausible.

3. **Adjustment Action**: Retain the original score. The reasoning is sound, and while the explanation could be more detailed, it sufficiently supports the Claim.

4. **Final Score**: 4. The response accurately supports the Claim, though it could benefit from a more detailed explanation."
182,1,3,[1.89554335],2.0,[2.07034382],1.0,"</think>

Final Score: 2

**Explanation:**

1. **Confidence in Original Score**: Medium. The initial analysis correctly identified that ""crosses fingers"" typically signifies hope or wishing, but it also correctly pointed out that the generated response conflated this with the speaker's gratitude for being alive. However, the initial score of 2 was based on the generated response's incorrect interpretation, which is accurate.

2. **Interval Consideration**: The confidence interval provided is [1.00, 3.00]. The original score of 2 falls within this interval, which suggests that it is plausible. The interval is relatively narrow, indicating that the score is likely within this range.

3. **Adjustment Action**: Retain the original score. The reasoning remains sound: the generated response incorrectly interprets the phrase, leading to an incorrect conclusion. The score of 2 accurately reflects that the response is partially correct but flawed in its reasoning.

4. **Final Score**: 2. The generated response demonstrates some understanding of the phrase but misapplies it to the context, leading to an incorrect conclusion. The score of 2 is appropriate as it reflects a partially correct answer with flawed reasoning."
183,1,4,[3.34096291],3.0,[3.0325725],1.0,"</think>

Final Score: 3

**Explanation:**

1. **Confidence in Original Score**: Medium. The initial evaluation correctly identified that the Claim was not supported by the Situation but could have provided a more detailed explanation.

2. **Interval Consideration**: The confidence interval [1.00, 4.00] suggests that the expert's score is likely within this range. The original score of 3 falls within this interval, indicating alignment with the expert's probable judgment.

3. **Adjustment Action**: Retain the original score with minor adjustments. The reasoning is sound, and the score appropriately reflects the evaluation's quality.

4. **Rationale**: The generated response correctly answered ""No,"" but the explanation could be more detailed. The score of 3 is fair, as it acknowledges the correct answer while noting room for improvement in explanation depth."
184,1,3,[2.15445048],2.0,[2.10091388],2.0,"</think>

Final Score: 2

**Explanation:**

1. **Confidence in Original Score**: Medium. The initial score of 2 was based on the generated response's lack of explanation, but I recognize that the response did answer the question correctly.

2. **Interval Consideration**: The confidence interval [1.00, 3.00] suggests that the expert score is likely within this range. My original score of 2 falls within this interval, which aligns with the possible scores.

3. **Adjustment Action**: Retain the original score. While the generated response was brief, it correctly identified that the Claim was supported by the Situation. The lack of explanation slightly lowers the quality, but it's still a valid answer.

4. **Final Score**: 2. The response is correct but could be improved with more detailed reasoning."
185,1,3,[1.83946304],2.0,[2.00067626],1.0,"</think>

Final Score: 2

**Explanation:**

1. **Confidence in Original Score**: High. The original analysis correctly identified that the Situation explicitly mentions Daniela's last request was for water, not for her children's schooling. The generated response incorrectly suggested ambiguity, which misrepresents the Situation.

2. **Interval Consideration**: The confidence interval [1.00, 3.00] includes the original score of 2. This score falls within the narrow interval, supporting the initial evaluation.

3. **Adjustment Action**: Retain the original score. The analysis aligns with the interval and accurately reflects the lack of support for the Claim.

4. **Rationale**: The generated response misinterprets the Situation by suggesting uncertainty about Daniela's request, despite clear evidence. This misinterpretation justifies the score of 2, indicating a flawed analysis."
186,1,3,[1.91561803],2.0,[2.15639941],1.0,"</think>

Final Score: 2

**Explanation:**

1. **Confidence in Original Score**: High. The initial analysis correctly identified that the Situation describes mutual feelings of love, not one-sided attachment. The generated response incorrectly assumed a one-sided attachment, leading to an unsupported conclusion.

2. **Interval Consideration**: The confidence interval [1.00, 3.00] suggests that the expert's score is likely within this range. The original score of 2 falls within this interval, aligning with the possible range of expert judgment.

3. **Adjustment Action**: Retain the original score. The analysis remains accurate as the generated response misinterpreted the mutual nature of the relationship, leading to an incorrect support of the Claim.

4. **Rationale**: The generated response failed to account for the mutual realization of love, which contradicts the Claim of one-sided attachment. Thus, the score of 2 accurately reflects the lack of support for the Claim in the Situation."
187,1,4,[3.80238184],4.0,[3.77174251],1.0,"</think>

Final Score: 4

**Explanation:**

1. **Confidence in Original Score**: High. The generated response correctly identified the risk of the stray being hit by traffic, which is a key point in the Situation. However, it incorrectly introduced Horatio as a motivator, which isn't supported by the text.

2. **Interval Consideration**: The confidence interval [1.00, 4.00] suggests that the expert's score is likely within this range. My original score of 4 falls within this interval, indicating alignment with the expert's probable judgment.

3. **Adjustment Action**: Retain the original score with minor adjustments. The response's main strength is correctly supporting the Claim, despite the introduced error regarding Horatio. The overall analysis is sound, warranting a high score.

4. **Final Score**: 4. The response effectively supports the Claim, with a minor error that doesn't detract significantly from its quality."
188,1,3,[1.81347918],2.0,[2.06306629],3.0,"</think>

Final Score: 2

**Explanation:**

1. **Confidence in Original Score**: Medium. The initial evaluation considered the mention of WIC, which is often associated with children, but recognized that the situation does not explicitly confirm or deny parenthood. However, the reasoning about the narrator's behavior leading to the conclusion that they do not have children seemed flawed.

2. **Interval Analysis**: The confidence interval provided is [1.00, 3.00]. The original score of 2 falls within this interval. The interval is relatively narrow, suggesting that the expert's score is likely within this range.

3. **Adjustment Action**: Retain the original score with minor adjustments. The reasoning about the narrator's behavior was weak, but the conclusion that the claim is not supported by the situation remains valid. The score of 2 reflects that the generated response had some correct elements but also significant flaws in reasoning.

4. **Rationale for Final Score**: The generated response correctly identified that the claim is not definitively supported by the situation but used flawed logic to reach this conclusion. The score of 2 balances the correct conclusion with the weak reasoning, aligning with the confidence interval and the need for a fair assessment of the response's quality."
189,1,4,[3.78249503],4.0,[3.83870625],1.0,"</think>

Final Score: 4

**Explanation:**

1. **Confidence in Original Score**: High. The generated response correctly identifies the Claim as supported by the Situation, aligning with the own response and qualitative analysis.

2. **Interval Consideration**: The confidence interval [1.00, 4.00] suggests that the expert's score is likely within this range. The original score of 4 falls within this interval, indicating alignment with potential expert judgment.

3. **Adjustment Action**: Retain. The original score is appropriate as it reflects the correct conclusion while acknowledging the complexity of the Situation.

4. **Rationale**: The generated response accurately supports the Claim, and the score of 4 appropriately balances the correctness with the nuanced challenges mentioned in the Situation."
190,1,4,[3.82386497],4.0,[3.90490645],3.0,"</think>

**Final Score: 4**

**Explanation:**

1. **Confidence in Original Score**: High. The initial evaluation correctly identified that Sam's understanding supports the Claim, though it could have elaborated more on the context.

2. **Interval Consideration**: The interval [1.00, 4.00] is wide, allowing for a range of scores. The original score of 4 falls within this interval, suggesting it is plausible.

3. **Adjustment Action**: Retain. The reasoning aligns with the interval and the evaluation's accuracy, despite minor simplifications.

4. **Rationale**: The generated response accurately concludes that the Claim is supported, though it could have provided more context. The score of 4 reflects this balance between correctness and explanation depth."
191,1,4,[3.99954772],4.0,[3.97687509],3.0,"</think>

Final Score: 4

**Explanation:**

1. **Confidence in Original Score**: High. The generated response correctly identifies that the smell of a firearm is mentioned in the Situation, supporting the Claim. The reasoning is straightforward and accurate.

2. **Interval Consideration**: The confidence interval provided is [1.00, 4.00]. The original score of 4 falls within this interval, which is relatively wide. This suggests that the expert's score is likely within this range, and 4 is a plausible value.

3. **Adjustment Action**: Retain the original score. The reasoning is sound, and the score aligns well with the interval. The generated response effectively supports the Claim, and the analysis is sufficiently detailed.

4. **Final Score**: 4. The generated response is clear and correct, with a minor suggestion for more precise text referencing, but the overall quality is high."
192,1,3,[1.84054628],2.0,[2.02616035],3.0,"</think>

Final Score: 2

**Explanation:**

1. **Confidence in Original Score**: High. The original analysis correctly identified that the generated response incorrectly linked nail pain to depression, which is not supported by the Situation.

2. **Interval Consideration**: The confidence interval [1.00, 3.00] suggests that the expert score is likely within this range. The original score of 2 falls within this interval, aligning with the possible expert judgment.

3. **Adjustment Action**: Retain the original score. The reasoning remains sound, as the generated response's flawed logic is accurately assessed.

4. **Final Score**: 2. The generated response's incorrect assumption about causality justifies a score of 2, as it partially addresses the question but with significant errors."
193,1,3,[1.67953692],2.0,[2.03087023],2.0,"</think>

Final Score: 2

**Explanation:**

1. **Confidence in Original Score**: Medium. The initial evaluation correctly identified that the claim about sandwiches and chips does not support why she is wearing an expensive suit. However, the reasoning could be clearer in distinguishing between the presence of food and the professional context.

2. **Interval Consideration**: The confidence interval [1.00, 3.00] suggests that the score is likely within this range. The original score of 2 falls within this interval, indicating alignment with the expected expert judgment.

3. **Adjustment Action**: Retain the original score with minor adjustments. The reasoning was sound but could be more precise in emphasizing the professional context over the food.

4. **Final Score**: 2. The generated response partially addressed the issue but failed to connect the suit to a professional setting, making a score of 2 appropriate."
194,1,4,[4.01633719],4.0,[3.91097892],3.0,"</think>

Final Score: 4

**Explanation:**

1. **Confidence Level in Original Score**: High. The initial evaluation considered both the harsh tone of the letter and the potential reaction of the friend, leading to a well-reasoned conclusion that the Claim was not supported.

2. **Interval Analysis**: The confidence interval provided is [1.00, 4.00], which is relatively wide. The original score of 4 falls within this interval, indicating that it is plausible according to the conformal prediction model.

3. **Adjustment Action**: Retain the original score. The reasoning behind the score is solid, and the interval supports the conclusion that the Claim is not supported by the Situation.

4. **Rationale**: The generated response correctly identified the lack of support for the Claim, considering the negative tone of the letter and the likely adverse reaction from the friend. The score of 4 reflects a clear and correct analysis, aligning with the expert judgment."
