index,low,up,init_score_weight,re_score_raw,re_score_weight,ground_truth,final_text
0,3,5.0,[4.00021616],4.0,[3.9728535],4.0,"**Explanation:**
</think>

Final Score: 4

Explanation:
1. **Confidence Level**: High confidence in the original score of 4. The reasoning was clear and correct, but the inclusion of unnecessary assumptions slightly detracted from the response's conciseness.

2. **Interval Consideration**: The confidence interval [3.00, 5.00] suggests that the score is within a reasonable range. The original score of 4 falls comfortably within this interval, indicating alignment with potential expert judgment.

3. **Adjustment Action**: Retain the original score of 4. The reasoning was accurate, and while the extra assumptions could be improved, they did not significantly impact the correctness of the answer.

4. **Final Score**: 4. The response correctly answers the question, but the inclusion of unnecessary details slightly reduces its quality."
1,3,5.0,[4.00073094],4.0,[3.98693485],2.0,"</think>

Final Score: 4

**Explanation:**

1. **Confidence in Original Score**: High. The generated response correctly identifies that the Claim is not supported by the Situation. It effectively points out the lack of information about men fighting, which is crucial for the evaluation.

2. **Interval Consideration**: The confidence interval provided is [3.00, 5.00], which is relatively wide. My original score of 4 falls comfortably within this interval, indicating that it aligns well with the expected range of expert judgments.

3. **Adjustment Action**: Retain the original score. The generated response, while including an unnecessary assumption about the women's relationship, still addresses the core issue accurately. The distraction is minor and does not significantly impact the overall quality of the response.

4. **Rationale for Final Score**: The response is clear and correct in its conclusion that the Claim is not supported. The minor distraction does not detract enough from the overall quality to warrant a lower score. Thus, maintaining the score of 4 is appropriate."
2,3,5.0,[3.9626557],4.0,[3.92761329],3.0,"**Explanation:**
</think>

Final Score: 4

Explanation:
The generated response correctly identifies that the Claim is supported by the Situation. However, it lacks a detailed explanation, which slightly reduces its quality. Considering the confidence interval [3.00, 5.00], the score of 4 is appropriate as it reflects the response's correctness with room for improvement in thoroughness."
3,3,5.0,[3.03732789],3.0,[3.10673382],3.0,"**Explanation:**

Final Score: 3
Explanation: My confidence in the original score of 3 is medium. The interval [3.00, 5.00] suggests that the score could be within this range, but the generated response was somewhat brief and missed key details. While the answer was correct, the explanation could have been more thorough. Therefore, I retain the score of 3 as it reflects the response's accuracy but acknowledges the lack of depth in the explanation."
4,3,5.0,[4.88037615],5.0,[4.72879895],5.0,"</think>

Final Score: 5

**Explanation:**

1. **Confidence in Original Score**: High. The generated response accurately identifies that the Situation and Claim are unrelated, providing a clear and correct answer.

2. **Interval Consideration**: The confidence interval [3.00, 5.00] suggests that the expert's score is likely within this range. The original score of 5 falls within this interval, indicating high confidence in the evaluation.

3. **Adjustment Action**: Retain. The response is concise, accurate, and well-supported, aligning with the highest quality score.

4. **Rationale**: The generated response effectively addresses the question without unnecessary assumptions, making it clear and correct. Thus, the score of 5 is appropriate."
5,3,5.0,[3.97704703],4.0,[3.99449653],4.0,"**Explanation:**

Final Score: 4
Explanation: My confidence in the original score of 4 is high because the generated response correctly answers ""Yes"" but lacks justification. The interval [3.00, 5.00] is wide, allowing for scores 3, 4, or 5. Since the response is correct but brief, 4 remains appropriate."
6,3,5.0,[3.99968576],4.0,[4.00374604],4.0,"</think>

Final Score: 4

**Explanation:**

1. **Confidence in Original Score**: High. The generated response correctly identifies that the premise supports the claim by noting the boys are playing football. However, it unnecessarily adds information about safety and responsibility, which is not required for the question.

2. **Interval Consideration**: The confidence interval is [3.00, 5.00], which is relatively wide. The original score of 4 falls within this interval, supporting the decision to retain it.

3. **Adjustment Action**: Retain the original score. The response is clear and correct but could be more concise. The added information, while not incorrect, does not enhance the answer's relevance to the question.

4. **Final Score**: 4. The response effectively answers the question but includes unnecessary details, slightly reducing its quality."
7,3,5.0,[4.02174595],4.0,[4.00658487],4.0,"</think>

Final Score: 4

**Explanation:**

1. **Confidence in Original Score**: High. The generated response correctly identifies that the Claim is unrelated to the Situation. However, it could be more detailed by explaining why the two are unrelated, such as mentioning that the Situation involves human activity while the Claim involves an animal. Despite this, the response is clear and accurate.

2. **Interval Consideration**: The confidence interval provided is [3.00, 5.00]. The original score of 4 falls within this interval, which suggests that it is a plausible score. The interval is relatively wide, indicating some uncertainty, but the original score is well-supported by the analysis.

3. **Adjustment Action**: Retain the original score. The reasoning behind the score is sound, and the response is clear and accurate. While additional details could enhance the response, the core evaluation is correct.

4. **Final Score**: 4. The generated response effectively addresses the question, correctly identifying the lack of connection between the Claim and the Situation. The score of 4 reflects the response's clarity and accuracy, with room for improvement in detail."
8,3,5.0,[4.13561831],4.0,[4.05161338],5.0,"</think>

Final Score: 4

**Explanation:**

1. **Confidence in Original Score**: High. The generated response correctly identifies that the man is wearing a blue shirt and answers ""Yes."" It is clear and correct, though it could be more detailed by referencing the Situation's description.

2. **Interval Consideration**: The confidence interval [3.00, 5.00] is wide, allowing for a range of scores. The original score of 4 falls within this interval, supporting its validity.

3. **Adjustment Action**: Retain the original score. The response is sufficiently clear and correct, and the interval supports the score.

4. **Final Score**: 4. The response is accurate and clear, justifying the score within the provided interval."
9,3,5.0,[3.00472553],3.0,[3.10055791],4.0,"</think>

Final Score: 3

**Explanation:**

1. **Confidence in Original Score**: Medium. The generated response correctly answered ""No,"" but it lacked an explanation, which made it less informative.

2. **Interval Consideration**: The confidence interval provided is [3.00, 5.00]. The original score of 3 falls within this interval, suggesting that it is plausible. However, the interval also includes higher scores, indicating that there is room for the response to be considered better.

3. **Adjustment Action**: Retain the original score with minor adjustments. While the response was correct, the lack of explanation slightly lowers its quality. A more detailed response would have been more informative, but the answer was still correct.

4. **Final Score**: 3. The response is correct but could be improved with additional reasoning."
10,3,5.0,[3.99257028],4.0,[4.00092342],4.0,"</think>

Final Score: 4

**Explanation:**

1. **Confidence in Original Score**: High. The generated response correctly identifies that the child is reaching to touch the propeller, supporting the Claim. However, it includes unnecessary details about the setting, which could confuse the reader.

2. **Interval Consideration**: The confidence interval [3.00, 5.00] suggests that the score is likely within this range. My original score of 4 falls comfortably within this interval, indicating alignment with potential expert judgment.

3. **Adjustment Action**: Retain the original score. The response is correct but could be more concise. The inclusion of extraneous details slightly detracts from clarity but does not warrant a lower score.

4. **Final Score**: 4. The response is accurate and addresses the question, though it could be improved by omitting irrelevant information."
11,3,5.0,[3.99127473],4.0,[3.98282794],5.0,"**Explanation:**

Final Score: 4
Explanation: My confidence in the original score of 4 is high because the generated response correctly answers ""No"" and provides a relevant explanation. The interval [3.00, 5.00] is wide, allowing for scores 3, 4, or 5. Since the response is correct but could be clearer, 4 remains appropriate."
12,3,5.0,[3.9996767],4.0,[4.0000114],4.0,"</think>

Final Score: 4

**Explanation:**

1. **Confidence in Original Score**: High. The generated response correctly identifies that the woman is doing a cartwheel, which directly supports the Claim. The additional details about her wearing a bikini and being on the beach, while not necessary, do not detract from the core answer.

2. **Interval Consideration**: The confidence interval [3.00, 5.00] suggests that the expert's score is likely within this range. My original score of 4 falls comfortably within this interval, indicating alignment with potential expert judgment.

3. **Adjustment Action**: Retain. The original score is appropriate as it reflects the accuracy of the response while accounting for the unnecessary elaboration on the setting.

4. **Rationale**: The response is clear and correct in supporting the Claim, though it could be more concise. The score of 4 balances these factors effectively."
13,3,5.0,[3.99097013],4.0,[3.9772961],4.0,"</think>

Final Score: 4

**Explanation:**

1. **Confidence in Original Score**: High. The generated response correctly identifies that the woman is on the beach and concludes that the answer is ""No."" The reasoning is clear and directly addresses the question.

2. **Interval Consideration**: The confidence interval [3.00, 5.00] suggests that the score is likely within this range. The original score of 4 falls comfortably within this interval, indicating alignment with potential expert judgment.

3. **Adjustment Action**: Retain. The reasoning is sound, and the score of 4 accurately reflects the quality of the generated response. The response is clear and correct, though it could be slightly more detailed in explaining the unrelated nature of the activities.

4. **Final Score**: 4. The generated response effectively answers the question with a clear and correct conclusion, justifying the score of 4."
14,3,5.0,[3.90323953],4.0,[3.89748397],5.0,"**Explanation:**

Final Score: 4
Explanation: My confidence in the original score of 4 is high because the generated response correctly answers the question but lacks a detailed explanation. The confidence interval [3.00, 5.00] suggests that the score is plausible. The interval is wide, allowing for scores 3, 4, or 5. Since the response is accurate but could be clearer, 4 remains appropriate."
15,3,5.0,[4.98049127],5.0,[4.85139742],4.0,"</think>

Final Score: 5

Explanation:

1. **Confidence Level**: High confidence in the original score of 5. The generated response accurately addresses the question by clearly linking the premise to the claim without unnecessary assumptions.

2. **Interval Consideration**: The confidence interval [3.00, 5.00] includes the original score of 5. Given the narrow upper bound, the score aligns well within the interval, supporting the decision to retain it.

3. **Adjustment Action**: Retain the original score. The reasoning is sound, and the response effectively supports the claim without ambiguity.

4. **Final Score**: 5. The response is clear, correct, and directly addresses the question, making it deserving of the highest score."
16,3,5.0,[4.02397729],4.0,[3.9756868],4.0,"</think>

Final Score: 4

**Explanation:**

1. **Confidence in Original Score**: High. The generated response correctly identifies that the situation involves a bicycle race and concludes that the claim about catching fish is not supported. The reasoning is clear and accurate.

2. **Interval Consideration**: The confidence interval [3.00, 5.00] suggests that the expert's score is likely within this range. The original score of 4 falls comfortably within this interval, indicating alignment with potential expert judgment.

3. **Adjustment Action**: Retain. The original score is appropriate as it reflects the accuracy of the generated response. While the response could be more detailed in explaining the lack of connection, it is sufficiently clear and correct.

4. **Final Score**: 4. The generated response effectively addresses the question with a clear and correct answer, justifying the score within the provided interval."
17,3,5.0,[4.01544209],4.0,[4.0058021],4.0,"</think>

Final Score: 4

**Explanation:**

1. **Confidence in Original Score**: High. The generated response correctly identifies that the boy is in a field, supporting the claim. However, it adds unnecessary details about the flowers, which could be seen as extraneous.

2. **Interval Consideration**: The confidence interval [3.00, 5.00] suggests that the score is likely within this range. My original score of 4 falls comfortably within this interval, indicating alignment with potential expert judgment.

3. **Adjustment Action**: Retain. The response is clear and correct, though slightly verbose. The score of 4 accurately reflects its quality, balancing correctness with conciseness.

4. **Final Score**: 4. The response effectively answers the question, though it could be more concise. The score of 4 remains appropriate."
18,3,5.0,[4.96473833],5.0,[4.86303861],4.0,"**Explanation:**

Final Score: 5
Explanation: My confidence in the original score of 5 is high because the generated response accurately identifies the absence of a dog or pool in the situation, leading to the correct conclusion. The interval [3.00, 5.00] includes the original score, and given the narrow width, it reinforces the correctness of the evaluation. No adjustment is needed as the response is clear and correct."
19,3,5.0,[4.05866533],4.0,[4.01310869],5.0,"</think>

Final Score: 4

**Explanation:**

1. **Confidence in Original Score**: High. The generated response correctly identifies that the premise does not mention anything about a restaurant, thus the claim is unsupported. The reasoning is clear and accurate.

2. **Interval Consideration**: The confidence interval [3.00, 5.00] suggests that the expert's score is likely within this range. The original score of 4 falls comfortably within this interval, indicating alignment with potential expert judgment.

3. **Adjustment Action**: Retain. The reasoning is solid, and the score of 4 accurately reflects the clarity and correctness of the generated response. While the response could be slightly more detailed, it is sufficiently accurate and clear.

4. **Final Score**: 4. The generated response effectively addresses the question, providing a clear and correct answer with appropriate reasoning."
20,3,5.0,[4.00147384],4.0,[3.97211365],3.0,"</think>

Final Score: 4

**Explanation:**

1. **Confidence in Original Score**: High. The generated response correctly identifies that the premise does not explicitly state the reason for the line and concludes that the answer is 'No' because the premise specifies an amusement park ride, not a restaurant.

2. **Interval Consideration**: The confidence interval [3.00, 5.00] suggests that the expert's score is likely within this range. The original score of 4 falls comfortably within this interval, indicating alignment with potential expert judgment.

3. **Adjustment Action**: Retain. The reasoning provided is sound and aligns with the interval's guidance. The response effectively addresses the question by referencing the amusement park context, which strengthens the conclusion.

4. **Final Score**: 4. The generated response is clear, correct, and well-supported by the premise, making it deserving of a high score within the provided interval."
21,3,5.0,[3.50318276],4.0,[3.92790341],4.0,"</think>

Final Score: 4

**Explanation:**

1. **Confidence in Original Score**: High. The generated response correctly identified that the answer is ""No"" because the situation involves waiting for a ride, not a movie. However, the brevity of the response was noted as a potential weakness.

2. **Interval Consideration**: The confidence interval [3.00, 5.00] suggests that the expert's score is likely within this range. The original score of 4 falls comfortably within this interval, indicating alignment with the expected expert judgment.

3. **Adjustment Action**: Retain the original score. The reasoning behind the score is sound, and while the response could be more detailed, it sufficiently addresses the question. The interval's inclusion of 4 supports maintaining this score.

4. **Final Score**: 4. The response accurately answers the question, though it could benefit from a more detailed explanation. The score reflects its correctness and clarity, aligning with the provided confidence interval."
22,3,5.0,[3.99994097],4.0,[3.9993777],5.0,"</think>

Final Score: 4

**Explanation:**

1. **Confidence in Original Score**: High. The generated response correctly identifies that the senior is waiting, supporting the Claim. However, the use of ""may mean"" introduces a slight uncertainty, which I noted in my initial evaluation.

2. **Interval Consideration**: The confidence interval provided is [3.00, 5.00], which is relatively wide. My original score of 4 falls comfortably within this interval, indicating that it aligns well with the expected range of expert judgments.

3. **Adjustment Action**: Retain the original score with minor adjustment. The generated response is clear and correct but could be more confident. The interval suggests that a score of 4 is plausible and aligns with the reasoning provided.

4. **Rationale**: The response accurately answers the question, though it could benefit from more assertiveness. The interval supports the score of 4, and after considering the suggestions, I remain confident in this evaluation."
23,3,5.0,[3.33278894],3.0,[3.13436266],2.0,"</think>

Final Score: 3

**Explanation:**

1. **Confidence in Original Score**: Medium. The initial evaluation considered the lack of information about the bus stop and the man's intentions, leading to an ""Unknown"" answer. However, upon reflection, the situation clearly describes a senior waiting at a restaurant window, which is more indicative of waiting for food rather than a bus.

2. **Interval Consideration**: The confidence interval [3.00, 5.00] suggests that the expert's score is likely within this range. The original score of 3 falls within this interval, indicating that it is plausible.

3. **Adjustment Action**: Retain the original score with minor adjustments. The generated response correctly identifies the lack of information but could be clearer in stating that the Claim is not supported by the Situation.

4. **Final Score**: 3. The response is mostly correct but could be more precise in addressing the Claim's inaccuracy based on the given Situation."
24,3,5.0,[3.99912636],4.0,[4.00417709],3.0,"</think>

Final Score: 4

**Explanation:**

1. **Confidence in Original Score**: High. The generated response correctly identifies that the man is wearing a suit, which directly supports the Claim. However, it includes unnecessary details about the man being a musician and playing an instrument, which are not required to answer the question.

2. **Interval Consideration**: The confidence interval provided is [3.00, 5.00], which is a wide interval. The original score of 4 falls within this interval, indicating that it is plausible. The interval suggests that the expert's score is likely to be between 3 and 5, which aligns with the initial assessment.

3. **Adjustment Action**: Retain the original score. The generated response is correct in supporting the Claim but includes extraneous information. While this could be seen as a minor flaw, it does not significantly detract from the overall quality of the response.

4. **Final Score**: 4. The response is clear and correct in supporting the Claim, but the inclusion of unnecessary details slightly reduces its quality."
25,3,5.0,[4.0248079],4.0,[4.00963806],5.0,"</think>

Final Score: 4

**Explanation:**

1. **Confidence in Original Score**: High. The generated response correctly identifies the presence of a man in a suit, leading to the correct conclusion that the Claim is not supported. The reasoning is straightforward and accurate.

2. **Interval Consideration**: The confidence interval [3.00, 5.00] suggests that the expert's score is likely within this range. The original score of 4 falls comfortably within this interval, indicating alignment with potential expert judgment.

3. **Adjustment Action**: Retain. The reasoning in the generated response is clear and correct, though it could be slightly more detailed. However, the score of 4 accurately reflects the quality of the response.

4. **Final Score**: 4. The response is correct and well-justified, warranting a high score within the confidence interval."
26,3,5.0,[4.01312059],4.0,[4.03922701],5.0,"**Explanation:**

Final Score: 4
Explanation: My confidence in the original score of 4 is high because the generated response correctly answers the question but lacks an explanation. The interval [3.00, 5.00] is wide, allowing for a range of scores. The original score falls within this interval, and considering the response's brevity without sacrificing correctness, a score of 4 remains appropriate."
27,3,5.0,[4.02195581],4.0,[4.02138812],5.0,"</think>

Final Score: 4

**Explanation:**

1. **Confidence in Original Score**: High. The generated response accurately identified the discrepancy between two women in the premise and three women in the claim, leading to the correct conclusion that the claim is not supported.

2. **Interval Consideration**: The confidence interval [3.00, 5.00] suggests that the expert's score is likely within this range. The original score of 4 falls comfortably within this interval, indicating alignment with potential expert judgment.

3. **Adjustment Action**: Retain. The reasoning in the generated response is clear and correct, though it could be slightly improved by explicitly stating the number discrepancy. However, this minor point does not warrant a score adjustment.

4. **Final Score**: 4. The response effectively addresses the question with accurate reasoning, justifying a high score within the confidence interval."
28,3,5.0,[4.04757598],4.0,[3.65223973],5.0,"</think>

Final Score: 4

**Explanation:**

1. **Confidence in Original Score**: My confidence in the original score of 4 was medium. I recognized that the generated response correctly identified the presence of a crowd, which invalidates the Claim's assertion of a single man. However, I felt the response could have been more detailed by addressing the other aspects of the Claim, such as the person's proximity to the camera.

2. **Interval Analysis**: The provided confidence interval is [3.00, 5.00], which is relatively wide. My original score of 4 falls comfortably within this interval, suggesting that it aligns well with potential expert judgments. The interval's width indicates a moderate level of uncertainty, but since 4 is within the range, it reinforces the validity of my initial assessment.

3. **Adjustment Consideration**: Given that my original score was within the interval and I had medium confidence, I considered whether to retain the score or make minor adjustments. Reflecting on the generated response, it effectively addressed the key issue of the crowd, which is central to the Claim's validity. While it didn't cover all aspects, the core reasoning was sound. Therefore, I decided to retain the score of 4, as it appropriately reflects the response's strengths and minor omissions.

4. **Final Decision**: Retaining the score of 4 acknowledges the generated response's correct identification of the crowd issue while accounting for its limited scope in addressing other elements of the Claim. This score balances the response's accuracy with its room for improvement, aligning with the confidence interval and my evaluation."
29,3,5.0,[4.21146155],4.0,[4.0390422],5.0,"</think>

Final Score: 4

**Explanation:**

1. **Confidence in Original Score**: High. The generated response correctly identifies that the Claim is not supported by the Situation. It provides a clear explanation that surgeons having lunch contradicts the Situation where they are performing surgery.

2. **Interval Consideration**: The confidence interval [3.00, 5.00] suggests that the expert score is likely within this range. The original score of 4 falls comfortably within this interval, indicating alignment with potential expert judgment.

3. **Adjustment Action**: Retain. The response is accurate and concise, though it could be slightly improved by explicitly linking the roles of doctors and surgeons. However, the existing explanation is sufficient and clear.

4. **Final Score**: 4. The response effectively addresses the question with a logical explanation, justifying the score within the provided interval."
30,3,5.0,[4.24197083],4.0,[4.07431232],5.0,"**Explanation:**

Final Score: 4
Explanation: My confidence in the original score of 4 is high because the generated response accurately answers the question. The interval [3.00, 5.00] is wide, allowing for a range of scores. The original score falls within this interval, and upon re-examination, the response remains clear and correct. No adjustment is needed."
31,3,5.0,[3.98623149],4.0,[3.94947559],5.0,"</think>

Final Score: 4

**Explanation:**

1. **Confidence in Original Score**: High. The generated response correctly identifies that the dog is not swimming underwater and answers 'No.' However, it could be more detailed by explicitly stating that the Situation involves the dog jumping, not swimming, which directly contradicts the Claim.

2. **Interval Consideration**: The confidence interval [3.00, 5.00] suggests that the expert's score is likely within this range. The original score of 4 falls comfortably within this interval, indicating that it is plausible.

3. **Adjustment Action**: Retain the original score with minor adjustments. The response is clear but somewhat brief. While it is acceptable, a bit more explanation could enhance clarity, but the score remains appropriate.

4. **Final Score**: 4. The response is correct and clear, though slightly brief. It effectively addresses the question and provides a logical conclusion."
32,3,5.0,[4.0459001],4.0,[4.01593833],4.0,"</think>

Final Score: 4

**Explanation:**

1. **Confidence in Original Score**: High. The generated response correctly identifies that the dog is jumping to catch an object, supporting the Claim. The only minor issue is the inclusion of unnecessary details about the dog's appearance.

2. **Interval Consideration**: The confidence interval [3.00, 5.00] is wide, allowing for a range of scores. The original score of 4 falls comfortably within this interval, suggesting it is plausible.

3. **Adjustment Action**: Retain the original score. The response is accurate and clear, with only minor room for improvement in conciseness.

4. **Final Score**: 4. The response effectively supports the Claim with a clear answer, justifying the score within the provided interval."
33,3,5.0,[3.92931545],4.0,[3.99470501],5.0,"</think>

Final Score: 4

**Explanation:**

1. **Confidence in Original Score**: High. The generated response correctly identified that the premise and hypothesis are unrelated, leading to the correct answer of ""No."" The reasoning was straightforward and accurate.

2. **Interval Consideration**: The confidence interval provided is [3.00, 5.00], which is relatively wide. My original score of 4 falls comfortably within this interval, indicating that it aligns well with the expected range of expert judgments.

3. **Adjustment Action**: Retain. The generated response was concise and accurate, though it could have provided a bit more detail, as I did in my own response. However, the lack of additional reasoning does not significantly detract from the correctness of the answer.

4. **Final Score Justification**: The response is clear and correct, with only minor room for improvement in terms of detail. Therefore, a score of 4 is appropriate."
34,3,5.0,[4.08482749],4.0,[4.03199025],5.0,"</think>

Final Score: 4

**Explanation:**

1. **Confidence in Original Score**: High. The generated response correctly identifies that ""Kids are on"" implies they are riding, leading to the correct answer of ""Yes."" The reasoning is straightforward and accurate.

2. **Interval Consideration**: The confidence interval [3.00, 5.00] suggests that the score is likely within this range. My original score of 4 falls comfortably within this interval, indicating alignment with potential expert judgment.

3. **Adjustment Action**: Retain. The reasoning is clear and correct, though it could be more detailed. However, the answer is sufficiently accurate, warranting a score of 4.

4. **Final Score**: 4. The response is correct and clear, though slightly brief. It effectively supports the claim, making a score of 4 appropriate."
35,3,5.0,[3.99044869],4.0,[3.96676438],4.0,"</think>

Final Score: 4

**Explanation:**

1. **Confidence in Original Score**: High. The generated response correctly identifies that the Claim is not supported by the Situation. However, it could be more detailed by explaining why the Claim is not supported, such as pointing out the lack of information about Pokemon cards or his girlfriend in the Situation. Despite this, the answer is accurate and clear.

2. **Interval Consideration**: The confidence interval provided is [3.00, 5.00], which is a wide interval. The original score of 4 falls within this interval, indicating that it is plausible. The interval suggests that the expert's score is likely to be within this range, which aligns with the initial evaluation.

3. **Adjustment Action**: Retain the original score with minor adjustments. The generated response is accurate but could be more detailed. However, the answer is clear and correct, so a score of 4 remains appropriate.

4. **Final Score**: 4. The generated response is accurate and clear, but it could be more detailed. The score of 4 reflects the response's correctness while acknowledging room for improvement in detail."
36,3,5.0,[4.97925082],5.0,[4.80767311],5.0,"</think>

Final Score: 5

Explanation:

1. **Confidence Level**: High confidence in the original score of 5. The generated response accurately addresses the question by confirming the Claim is supported by the Situation without unnecessary assumptions.

2. **Interval Consideration**: The confidence interval [3.00, 5.00] includes the original score of 5. Given the narrow interval, the score is within the plausible range, supporting the decision to retain it.

3. **Adjustment Action**: Retain the original score. The response is clear, concise, and directly answers the question, aligning with the highest quality score.

4. **Rationale**: The generated response effectively supports the Claim with relevant information, making it deserving of a 5."
37,3,5.0,[4.01002137],4.0,[3.99544807],4.0,"</think>

Final Score: 4

**Explanation:**

1. **Confidence in Original Score**: High. The generated response correctly identifies that the older gentleman is likely laughing, which supports the Claim. However, it adds an assumption about the reason for the laughter, which is not directly stated in the Situation.

2. **Interval Consideration**: The confidence interval is [3.00, 5.00], which is relatively wide. The original score of 4 falls within this interval, suggesting that it is plausible. The interval allows for a range of scores, but the original evaluation aligns well with the middle of the interval.

3. **Adjustment Action**: Retain the original score. The reasoning behind the score is sound, and the generated response accurately answers the question with a 'Yes.' The additional assumption does not detract significantly from the correctness of the answer.

4. **Final Score**: 4. The response is clear and correct, with a minor addition that does not affect the overall quality."
38,3,5.0,[4.01518534],4.0,[4.00951858],5.0,"</think>

**Final Score: 4**

**Explanation:**

1. **Confidence in Original Score**: High. The generated response correctly identifies the absence of ladies and the activity mentioned in the Claim, leading to the accurate conclusion that the Claim is not supported.

2. **Interval Consideration**: The confidence interval [3.00, 5.00] suggests that the expert's score is likely within this range. The original score of 4 falls comfortably within this interval, indicating alignment with potential expert judgment.

3. **Adjustment Action**: Retain. The response is clear and correct, though it could be slightly more concise. However, the score of 4 appropriately reflects its quality.

4. **Final Score**: 4. The response effectively addresses the question with a correct answer and sufficient reasoning, warranting a high score within the interval."
39,3,5.0,[3.04498175],4.0,[3.64433712],4.0,"**Explanation:**
</think>

Final Score: 4

Explanation:
The generated response correctly answers ""Yes"" to whether the Claim is supported by the Situation. However, it lacks a detailed explanation, which is crucial for a well-justified answer. The confidence interval [3.00, 5.00] suggests that a score of 4 is reasonable, as it balances correctness with the need for better justification. While the response is correct, it could be improved by providing a brief explanation, hence the score of 4."
40,3,5.0,[3.99371389],4.0,[3.98698368],5.0,"</think>

Final Score: 4

**Explanation:**

1. **Confidence in Original Score**: High. The generated response accurately identified that the woman is manually washing laundry at a lake, which contradicts the Claim of using a machine. The reasoning is clear and the answer is correct.

2. **Interval Consideration**: The confidence interval provided is [3.00, 5.00], which is a wide interval. The original score of 4 falls within this interval, indicating that it is plausible. The interval suggests that scores 3, 4, or 5 are possible, but the generated response's accuracy and clarity lean towards a higher score.

3. **Adjustment Action**: Retain the original score. The reasoning is sound, and the response is accurate. While it could be more concise, the explanation is sufficient and the answer is correct.

4. **Final Score**: 4. The response is clear, accurate, and well-supported, warranting a high score within the interval."
41,3,5.0,[3.87396635],4.0,[3.89941647],4.0,"</think>

Final Score: 4

**Explanation:**

1. **Confidence in Original Score**: High. The original score of 4 was based on the generated response correctly identifying that the Claim is not supported by the Situation. However, the response introduced an unnecessary assumption about hockey, which wasn't directly supported by the details provided.

2. **Interval Consideration**: The confidence interval [3.00, 5.00] suggests that the expert's score is likely within this range. The original score of 4 falls comfortably within this interval, indicating that it aligns well with the expected expert judgment.

3. **Adjustment Action**: Retain. The original score of 4 is appropriate because the generated response was clear in its conclusion but included an extraneous detail. This minor flaw doesn't warrant a lower score, especially since the core answer was correct.

4. **Final Score Justification**: The response effectively addressed the question, albeit with an unnecessary assumption. The clarity and correctness of the main answer justify a score of 4, which is within the provided confidence interval and aligns with expert judgment."
42,3,5.0,[4.01791462],4.0,[3.99931963],5.0,"</think>

Final Score: 4

**Explanation:**

1. **Confidence in Original Score**: High. The generated response correctly identifies that the man stumbles because he is in rollerskates, which directly supports the Claim. The inclusion of the collision is extra but does not detract from the correctness.

2. **Interval Consideration**: The interval [3.00, 5.00] is wide, allowing for a range of scores. The original score of 4 falls comfortably within this interval, suggesting it is plausible.

3. **Adjustment Action**: Retain. The response is clear and correct, with minor extra information that does not hinder understanding. Thus, the score remains appropriate.

4. **Final Score**: 4. The response effectively supports the Claim with a clear answer, despite including unnecessary details."
43,3,5.0,[4.15771386],4.0,[4.03425748],5.0,"</think>

Final Score: 4

**Explanation:**

1. **Confidence in Original Score**: High. The generated response accurately identified the absence of a boy or a card trick in the situation, leading to the correct conclusion that the claim is unsupported.

2. **Interval Consideration**: The confidence interval [3.00, 5.00] suggests that the expert's score is likely within this range. The original score of 4 falls comfortably within this interval, indicating alignment with potential expert judgment.

3. **Adjustment Action**: Retain. The response was clear and correct, with only a minor omission regarding the gender of the person performing the trick. This did not detract significantly from the overall quality.

4. **Final Score Justification**: The response effectively addressed the question, providing a correct answer with a relevant analysis. The minor detail about the person's gender, while not mentioned, does not affect the core evaluation. Thus, a score of 4 remains appropriate."
44,3,5.0,[4.9906423],5.0,[4.84288053],5.0,"</think>

Final Score: 5

**Explanation:**

1. **Confidence in Original Score**: High. The generated response accurately addresses the question by directly linking the situation to the claim without unnecessary assumptions. It is clear and correct.

2. **Interval Consideration**: The interval [3.00, 5.00] suggests a range of possible scores. The original score of 5 falls within this interval, indicating high confidence in the evaluation.

3. **Adjustment Action**: Retain. The response is concise, accurate, and directly supports the claim, making a score of 5 appropriate.

4. **Final Score**: 5. The response is clear, correct, and effectively supports the claim."
45,3,5.0,[3.90207892],4.0,[3.9980665],5.0,"</think>

Final Score: 4

**Explanation:**

1. **Confidence in Original Score**: High. The generated response correctly identifies that there are two women wearing headscarves, leading to the conclusion that the Claim is not supported. The reasoning is straightforward and accurate.

2. **Interval Consideration**: The confidence interval provided is [3.00, 5.00], which is relatively wide. The original score of 4 falls comfortably within this interval, indicating that it aligns well with the expected range of expert judgments.

3. **Adjustment Action**: Retain. The original score of 4 is appropriate because the response is correct but could be slightly more detailed. The interval suggests that a score within this range is plausible, and the reasoning behind the score is solid.

4. **Rationale**: The generated response effectively addresses the question by identifying two women wearing headscarves, which directly contradicts the Claim. While it could benefit from a more detailed explanation, the core reasoning is sound. The score of 4 reflects the response's correctness and clarity, making it a reasonable evaluation within the provided interval."
46,3,5.0,[3.96304431],4.0,[3.96185552],4.0,"</think>

Final Score: 4

**Explanation:**

1. **Confidence in Original Score**: High. The initial evaluation correctly identified that the claim is not supported by the situation, as the man is walking in the opposite direction of the SUV.

2. **Interval Consideration**: The confidence interval [3.00, 5.00] suggests that the expert's score is likely within this range. The original score of 4 falls comfortably within this interval, indicating alignment with potential expert judgment.

3. **Adjustment Action**: Retain. The original score is appropriate as it accurately reflects the lack of support for the claim. The reasoning provided is clear and logically sound, though it could be slightly more detailed.

4. **Final Score**: 4. The generated response effectively addresses the question, though minor improvements in explanation could enhance clarity."
47,3,5.0,[3.00102208],4.0,[3.5360777],4.0,"**Explanation:**

Final Score: 4
Explanation: After considering the confidence interval [3.00, 5.00], I realize that my initial score of 3 might be too low. The generated response, while brief, is correct. Given the interval, a score of 4 better reflects that the answer is correct, even without detailed reasoning."
48,3,5.0,[1.58899711],2.0,[2.3819913],3.0,"</think>

Final Score: 2

Explanation:

1. **Confidence in Original Score**: High. The generated response incorrectly concludes that the claim is supported, despite the situation clearly stating people are wearing red shirts. This is a clear error in reasoning.

2. **Interval Consideration**: The provided interval is [3.00, 5.00], which suggests the expert score is likely higher. However, the generated response's error is significant enough to warrant a lower score outside the interval.

3. **Adjustment Action**: Retain the original score. Despite the interval, the error in the response is fundamental and cannot be overlooked.

4. **Rationale**: The response misinterprets the situation by concluding the claim is supported when it is directly contradicted. This error affects both the explanation and the answer, making the score of 2 appropriate."
49,3,5.0,[1.81307466],3.0,[2.74484395],2.0,"</think>

Final Score: 3

Explanation:

1. **Confidence in Original Score**: My confidence in the original score of 2 was medium. I recognized that the generated response incorrectly concluded ""Unknown,"" but I also considered that the response might have been attempting to address ambiguity, albeit incorrectly.

2. **Interval Analysis**: The provided confidence interval is [3.00, 5.00], which is relatively wide. My original score of 2 falls outside this interval, suggesting that it might not align with the expert's judgment. The interval includes scores 3, 4, and 5, which are higher than my initial assessment.

3. **Adjustment Consideration**: Given that the interval suggests a higher score is more likely, I reconsidered the evaluation. The generated response's error in concluding ""Unknown"" is significant, but the structure and attempt to address the question might warrant a slightly higher score than 2.

4. **Final Adjustment**: I adjusted the score to 3, acknowledging the error but also recognizing the response's structure and relevance, even though it was incorrect. This aligns more closely with the provided interval and reflects a more balanced evaluation."
50,3,5.0,[3.99980542],4.0,[4.00521291],4.0,"**Explanation:**

Final Score: 4
Explanation: My confidence in the original score of 4 is high because the generated response correctly identifies the contradiction between the situation and the claim. The confidence interval [3.00, 5.00] suggests that the score is plausible within this range. The interval is moderately wide, allowing for some flexibility. The generated response is clear and correct but could be improved with a brief explanation, which aligns with the reasoning behind the score of 4. Therefore, I retain the original score of 4 as it accurately reflects the quality of the response."
51,3,5.0,[3.00016112],4.0,[3.61578361],4.0,"**Explanation:**

Final Score: 4
Explanation: After considering the confidence interval [3.00, 5.00], I realize that my initial score of 3 might be too low. The generated response correctly answers ""Yes,"" which is accurate. While it lacks detailed justification, it's still a correct answer. Given the interval, a score of 4 better reflects its correctness with room for minor improvements in explanation."
52,3,5.0,[2.00028969],2.0,[2.46405924],3.0,"**Explanation:**

Final Score: 2
Explanation: My confidence in the original score of 2 is high because the generated response incorrectly swapped the roles of the man and woman, leading to flawed reasoning despite the correct answer. The confidence interval [3.00, 5.00] suggests that the score should be higher, but the reasoning's inaccuracies justify a lower score. Therefore, I retain the original score of 2."
53,3,5.0,[4.99772738],5.0,[4.59136219],5.0,"**Explanation:**

Final Score: 5
Explanation: My confidence in the original score of 5 is high because the generated response accurately and concisely supports the claim. The confidence interval [3.00, 5.00] includes the original score, and the narrow interval suggests that the score is plausible. The response is clear and correct, so retaining the score of 5 is appropriate."
54,3,5.0,[4.0965372],4.0,[4.01629072],5.0,"**Explanation:**

Final Score: 4
Explanation: My confidence in the original score of 4 is high because the generated response accurately answers the question. The interval [3.00, 5.00] is wide, allowing for a range of scores. The original score falls within this interval, and upon re-examination, the response is clear and correct, though slightly brief. Therefore, retaining the score of 4 is appropriate."
55,3,5.0,[4.00751794],4.0,[3.86925558],2.0,"</think>

Final Score: 4

**Explanation:**

1. **Confidence in Original Score**: High. The generated response correctly identifies that the premise does not provide enough information to support the claim. It is clear and accurate, though slightly brief.

2. **Interval Consideration**: The confidence interval [3.00, 5.00] suggests that the expert's score is likely within this range. The original score of 4 falls comfortably within this interval, indicating alignment with potential expert judgment.

3. **Adjustment Action**: Retain. The original score is appropriate as it reflects the clarity and accuracy of the generated response, despite minor room for improvement in explicitness.

4. **Final Score**: 4. The response is clear, accurate, and effectively addresses the question, warranting a high score within the provided interval."
56,3,5.0,[4.04139143],4.0,[3.99901873],5.0,"</think>

Final Score: 4

**Explanation:**

1. **Confidence in Original Score**: High. The generated response correctly identifies that the premise and hypothesis do not logically connect, answering the question with a clear 'No.' The analysis points out the minor omission of explicitly stating that the woman is active, but the response remains accurate and to the point.

2. **Interval Consideration**: The confidence interval [3.00, 5.00] is wide, allowing for a range of scores. The original score of 4 falls comfortably within this interval, suggesting it aligns well with potential expert judgments.

3. **Adjustment Action**: Retain. The original score is appropriate given the analysis. The response is clear and correct, with only a minor omission that does not significantly detract from its quality.

4. **Final Score**: 4. The response effectively addresses the question, providing a logical and concise answer. The minor suggestion for improvement does not warrant a lower score, as the response is fundamentally correct and well-justified."
57,3,5.0,[4.97101661],5.0,[4.80016538],4.0,"</think>

Final Score: 5

**Explanation:**

1. **Confidence in Original Score**: High. The generated response accurately identifies that the pregnant lady is making music by singing on stage, directly supporting the Claim without unnecessary assumptions.

2. **Interval Consideration**: The confidence interval [3.00, 5.00] suggests that the expert's score is likely within this range. My original score of 5 falls within this interval, indicating high confidence in the evaluation.

3. **Adjustment Action**: Retain. The response is concise, directly addresses the question, and effectively supports the Claim, justifying the high score.

4. **Final Score**: 5. The response is clear, correct, and effectively supports the Claim, aligning with the highest quality score."
58,3,5.0,[1.79554805],2.0,[2.47932623],4.0,"**Explanation:**

Final Score: 2
Explanation: The generated response incorrectly answers ""Yes"" without justification. The situation doesn't specify the farmers' gender, so the claim isn't supported. The response lacks explanation and makes an unsupported assumption, warranting a low score."
59,3,5.0,[4.0142218],4.0,[4.17614455],5.0,"**Explanation:**
</think>

Final Score: 4

Explanation:
1. **Confidence Level**: High confidence in the original score of 4. The generated response correctly answers the question and aligns with the Claim and Situation.
2. **Interval Consideration**: The confidence interval [3.00, 5.00] includes the original score of 4, which is within the narrow range. This supports the decision to retain the score.
3. **Adjustment Action**: Retain the original score as it accurately reflects the clarity and correctness of the generated response, despite its brevity.
4. **Rationale**: The response is clear and correct, meeting the criteria for a score of 4. The interval's narrow range and inclusion of the original score reinforce this decision."
60,3,5.0,[3.9605942],4.0,[3.93552665],5.0,"</think>

Final Score: 4

**Explanation:**

1. **Confidence in Original Score**: High. The generated response correctly identifies that the two farmers are not making a pool but are working together on equipment. The answer is correct, but the explanation could be more precise.

2. **Interval Consideration**: The confidence interval [3.00, 5.00] suggests that the expert's score is likely within this range. The original score of 4 falls within this interval, indicating that it is plausible.

3. **Adjustment Action**: Retain the original score. The reasoning is sound, and the score aligns well within the provided interval. The generated response effectively addresses the question, albeit with room for clarity in the explanation.

4. **Final Score**: 4. The response is correct and well-supported, with minor room for improvement in explanation clarity."
61,3,5.0,[3.92662904],4.0,[3.86159684],2.0,"</think>

Final Score: 4

**Explanation:**

1. **Confidence in Original Score**: High. The generated response correctly identifies that there is insufficient information to support the Claim. However, it could be more precise by explicitly stating that the details in the Claim (red clothing and lighting things on fire) are not present in the Situation.

2. **Interval Consideration**: The confidence interval provided is [3.00, 5.00], which is a wide interval. The original score of 4 falls within this interval, indicating that it is plausible. The interval suggests that the expert's score is likely to be between 3 and 5, which aligns with the initial assessment.

3. **Adjustment Action**: Retain the original score with minor adjustments. The reasoning is sound, and the score of 4 accurately reflects the generated response's quality. The response is correct but could be clearer, which justifies the score of 4 rather than a higher score.

4. **Final Score**: 4. The generated response is accurate but could be more precise, which is why the score remains at 4."
62,3,5.0,[2.9496685],3.0,[3.29177722],4.0,"</think>

Final Score: 3

**Explanation:**

1. **Confidence in Original Score**: Medium. The generated response correctly answers ""Yes,"" but it lacks any explanation or justification, which makes it less informative.

2. **Interval Consideration**: The confidence interval is [3.00, 5.00], which is relatively wide. My original score of 3 falls within this interval, suggesting it is plausible. However, the interval allows for higher scores, which might be justified if the response were more detailed.

3. **Adjustment Action**: Retain the original score. While the interval suggests a possible higher score, the brevity of the response without any explanation justifies a lower score. A more detailed explanation would have warranted a higher score within the interval.

4. **Rationale**: The response is correct but lacks depth, which is why a score of 3 is appropriate. It meets the basic requirements but doesn't provide the thoroughness expected for a higher score."
63,3,5.0,[3.93440834],4.0,[3.94508383],4.0,"</think>

Final Score: 4

**Explanation:**

1. **Confidence in Original Score**: High. The generated response correctly identifies that the woman is writing on a post-it note and concludes that she is not talking on the phone. However, it assumes that writing precludes talking, which may not necessarily be true.

2. **Interval Consideration**: The confidence interval [3.00, 5.00] suggests that the expert's score is likely within this range. The original score of 4 falls within this interval, indicating alignment with potential expert judgment.

3. **Adjustment Action**: Retain the original score with minor adjustments. The response is concise and answers the question, but it could be improved by acknowledging the absence of information about the phone call.

4. **Final Score**: 4. The response is mostly correct but could be slightly more nuanced."
64,3,5.0,[4.18191464],4.0,[4.03834703],4.0,"</think>

Final Score: 4

**Explanation:**

1. **Confidence in Original Score**: High. The generated response correctly identifies that the woman is writing a note, which directly supports the Claim. The response is clear and accurate.

2. **Interval Consideration**: The confidence interval [3.00, 5.00] suggests that the score is likely within this range. The original score of 4 falls comfortably within this interval, indicating alignment with potential expert judgment.

3. **Adjustment Action**: Retain. The response is concise and correct, with no need for adjustment. The only minor suggestion for improvement is to avoid repeating the premise, but this does not detract from the clarity or correctness of the answer.

4. **Final Score**: 4. The response is clear, correct, and well-supported, warranting a high score within the provided interval."
65,3,5.0,[3.99906593],4.0,[4.00559847],5.0,"</think>

Final Score: 4

**Explanation:**

1. **Confidence in Original Score**: High. The generated response correctly identifies that the baby is wet due to being at the end of a slip and slide. The reasoning is straightforward and accurate.

2. **Interval Consideration**: The confidence interval provided is [3.00, 5.00], which is relatively wide. The original score of 4 falls comfortably within this interval, indicating that it aligns well with the expected range of expert judgments.

3. **Adjustment Action**: Retain. The original score is appropriate as it reflects the accuracy of the generated response while acknowledging the minor lack of detail in the justification.

4. **Rationale**: The generated response effectively answers the question by connecting the slip and slide activity to the baby being wet. While it could benefit from explicitly mentioning the typical use of water in slip and slides, the conclusion is correct and the reasoning is clear. Therefore, maintaining the score of 4 is justified."
66,3,5.0,[3.88725637],4.0,[3.93435484],4.0,"**Explanation:**

Final Score: 4
Explanation: My confidence in the original score of 4 is high because the generated response correctly identifies the baby and concludes ""No."" However, the explanation could be clearer by explicitly stating that the baby replaces the man. The interval [3.00, 5.00] supports a score within this range, and 4 remains the most accurate reflection of the response's quality."
67,3,5.0,[4.05215817],4.0,[4.00944752],4.0,"</think>

Final Score: 4

**Explanation:**

1. **Confidence in Original Score**: High. The generated response correctly identifies that the slip and slide is typically found at a party, supporting the Claim. However, it could be more concise by directly referencing the mention of a party in the Situation.

2. **Interval Consideration**: The confidence interval [3.00, 5.00] suggests that the score is likely within this range. The original score of 4 falls comfortably within this interval, indicating alignment with potential expert judgment.

3. **Adjustment Action**: Retain the original score. The reasoning remains sound, and the score accurately reflects the quality of the generated response.

4. **Final Score**: 4. The generated response is clear and correct but slightly verbose, justifying the score of 4 within the provided interval."
68,3,5.0,[4.01731309],4.0,[3.99341028],4.0,"</think>

Final Score: 4

**Explanation:**

1. **Confidence in Original Score**: High. The generated response correctly identifies that the girl is swinging in the air and thus not laying in the pool, leading to the correct answer of 'No.' The reasoning is clear and directly addresses the question.

2. **Interval Consideration**: The confidence interval provided is [3.00, 5.00], which is relatively wide. The original score of 4 falls comfortably within this interval, indicating that it aligns well with the expected range of expert judgments.

3. **Adjustment Action**: Retain. The original score is appropriate as it reflects the accuracy of the response while noting room for conciseness. The reasoning is sound, and the score accurately represents the quality of the generated response.

4. **Final Score**: 4. The generated response is clear, accurate, and directly addresses the question, warranting a high score. The minor suggestion for conciseness does not detract significantly from its overall quality."
69,3,5.0,[3.91231365],4.0,[3.92762624],4.0,"4

**Explanation:**
The generated response correctly answers ""Yes,"" which is accurate. However, it lacks an explanation, which is a minor drawback. Considering the confidence interval [3.00, 5.00], the original score of 4 is within the interval and reflects the response's correctness despite its brevity. Thus, the score remains 4.
</think>

{""own response"": ""Yes, the Claim is supported by the Situation. The Situation states that a girl is 'swinging high in the air,' which implies that she is on a swing. Therefore, the Claim is accurate."", ""qualitative analysis"": ""The generated response correctly answers 'Yes' but lacks an explanation. While the answer is correct, providing reasoning would enhance clarity and understanding."", ""overall quality"": 4}"
70,3,5.0,[4.42943322],4.0,[3.98916734],5.0,"</think>

Final Score: 4

**Explanation:**

1. **Confidence in Original Score**: High. The generated response accurately identifies the lack of information to confirm or deny the claim, which is crucial for determining the correct answer.

2. **Interval Consideration**: The confidence interval [3.00, 5.00] suggests that the expert's score is likely within this range. The original score of 4 falls comfortably within this interval, indicating alignment with potential expert judgment.

3. **Adjustment Action**: Retain. The response is well-justified and clear, making minor adjustments unnecessary. The reasoning is sound, and the score accurately reflects the quality of the generated response.

4. **Final Score**: 4. The generated response effectively addresses the question by acknowledging the lack of information, providing a clear and correct answer."
71,3,5.0,[3.97698308],4.0,[3.98612536],4.0,"**Explanation:**
</think>

Final Score: 4

Explanation:
1. **Confidence Level**: My confidence in the original score of 4 is high because the generated response correctly answers ""Yes"" to the claim being supported by the situation. However, the unnecessary assumption about the drink being alcoholic slightly complicates the reasoning.

2. **Interval Consideration**: The confidence interval provided is [3.00, 5.00], which is relatively wide. My original score of 4 falls comfortably within this interval, indicating that it aligns well with the expected range of expert judgments.

3. **Adjustment Action**: I retain the original score of 4. The response is correct but could be clearer by avoiding assumptions not supported by the situation. This minor flaw justifies a score slightly below the maximum.

4. **Final Score**: 4. The response is correct and clear, with only a minor issue in reasoning, making it deserving of a high score but not the highest."
72,3,5.0,[4.98942116],5.0,[4.89975056],5.0,"**Explanation:**

Final Score: 5
Explanation: My confidence in the original score of 5 is high because the generated response accurately addresses the question by restating the key elements of the situation and confirming the claim. The confidence interval [3.00, 5.00] includes the original score, and the interval's upper bound aligns with the high quality of the response. The response is clear, correct, and concise, without unnecessary details, which justifies the score of 5."
73,3,5.0,[3.99977259],4.0,[3.9688909],5.0,"**Explanation:**
</think>

Final Score: 4

Explanation:
1. **Confidence Level**: High confidence in the original score of 4. The generated response correctly answers ""No"" and restates the Situation, but lacks detailed explanation.

2. **Interval Consideration**: The confidence interval [3.00, 5.00] suggests the score is within a reasonable range. The original score of 4 falls comfortably within this interval.

3. **Adjustment Action**: Retain the original score. The response is clear and correct, though it could benefit from more detailed reasoning. However, it sufficiently addresses the question without errors.

4. **Final Score**: 4. The response is accurate and understandable, meeting the criteria for a 4."
74,3,5.0,[4.00171308],4.0,[3.9862042],4.0,"</think>

Final Score: 4

**Explanation:**

1. **Confidence in Original Score**: High. The generated response correctly identifies that the man is in a supermarket aisle and concludes the answer is ""No."" The reasoning is accurate, though it includes an unnecessary assumption about shopping intentions.

2. **Interval Consideration**: The interval [3.00, 5.00] suggests the score is likely within this range. The original score of 4 falls comfortably within this interval, indicating alignment with potential expert judgment.

3. **Adjustment Action**: Retain. The response is accurate and clear, with only minor unnecessary details. The score of 4 remains appropriate as it reflects the response's correctness and clarity despite minor flaws.

4. **Final Score**: 4. The response effectively answers the question with accurate reasoning, justifying the score within the provided interval."
75,3,5.0,[4.31702292],4.0,[4.04343783],5.0,"</think>

Final Score: 4

**Explanation:**

1. **Confidence in Original Score**: High. The generated response correctly identifies that the man is inside a supermarket based on the given Situation. It directly addresses the question without unnecessary assumptions or tangents.

2. **Interval Consideration**: The confidence interval [3.00, 5.00] suggests that the expert's score is likely within this range. The original score of 4 falls comfortably within this interval, indicating alignment with potential expert judgment.

3. **Adjustment Action**: Retain. The response is concise and effective, though it could mention the shopping cart and studying shelves for further support. However, the core answer is correct and clear.

4. **Final Score**: 4. The response is accurate and well-justified, warranting a high score within the interval."
76,3,5.0,[4.07338028],4.0,[4.02976753],5.0,"**Explanation:**

Final Score: 4
Explanation: My confidence in the original score of 4 is high because the generated response correctly identifies that the man is sitting, which supports the claim. The interval [3.00, 5.00] is wide, allowing for a range of scores. The original score falls within this interval, and upon re-examination, the response is clear and accurate, though slightly verbose. Therefore, retaining the score of 4 is appropriate."
77,3,5.0,[2.9296442],3.0,[3.08855101],4.0,"</think>

Final Score: 3

**Explanation:**

1. **Confidence in Original Score**: Medium. The generated response correctly answers ""No,"" but it lacks an explanation, which makes it less informative.

2. **Interval Consideration**: The confidence interval is [3.00, 5.00]. The original score of 3 falls within this interval, suggesting it is plausible. However, the interval's width allows for scores up to 5, indicating potential for a higher score if the response were more detailed.

3. **Adjustment Action**: Retain the original score with minor consideration. While the answer is correct, the lack of explanation limits its quality, justifying the score of 3.

4. **Final Score**: 3. The response is correct but lacks the necessary explanation to justify a higher score."
78,3,5.0,[4.00762085],4.0,[4.00821308],5.0,"</think>

Final Score: 4

**Explanation:**

1. **Confidence in Original Score**: High. The generated response correctly identifies that the woman is sitting still and not jumping, leading to the conclusion that the answer is 'No.' It effectively addresses the core issue of the claim not being supported by the situation.

2. **Interval Consideration**: The confidence interval [3.00, 5.00] suggests that the score is likely within this range. The original score of 4 falls comfortably within this interval, indicating alignment with potential expert judgment.

3. **Adjustment Action**: Retain. The response is clear and correct, though it could be slightly improved by addressing the gender discrepancy and absence of jumping more explicitly. However, the response is sufficiently accurate and concise.

4. **Final Score**: 4. The response effectively answers the question with a clear and correct conclusion, justifying the score within the provided interval."
79,3,5.0,[4.97232575],5.0,[4.84519033],5.0,"**Explanation:**

Final Score: 5
Explanation: My confidence in the original score of 5 is high because the generated response accurately and concisely supports the claim. The confidence interval [3.00, 5.00] includes the original score, and given the narrow interval, it reinforces that the score is plausible. The response directly links weaving to working with cloth without unnecessary details, making it clear and correct. Therefore, retaining the score of 5 is appropriate."
80,3,5.0,[4.20397142],4.0,[4.02413445],5.0,"</think>

Final Score: 4

**Explanation:**

1. **Confidence in Original Score**: High. The generated response accurately answers the question by confirming that the person is washing stairs, which is directly supported by the situation. The response is clear and to the point, though slightly repetitive.

2. **Interval Consideration**: The confidence interval [3.00, 5.00] suggests that the score is likely within this range. My original score of 4 falls comfortably within this interval, indicating alignment with potential expert judgment.

3. **Adjustment Action**: Retain. The response is sufficiently accurate and clear, warranting a score of 4. While minor adjustments could improve conciseness, the overall quality remains strong.

4. **Final Score**: 4. The response effectively addresses the question with clarity and accuracy, justifying the score within the provided interval."
81,3,5.0,[4.00046605],4.0,[3.99910259],4.0,"</think>

Final Score: 4

**Explanation:**

1. **Confidence in Original Score**: High. The generated response correctly identifies that the person is cleaning near the pool, supporting the Claim. However, it assumes the person is a worker, which isn't explicitly stated.

2. **Interval Consideration**: The interval [3.00, 5.00] is wide, allowing for scores 3, 4, or 5. The original score of 4 falls within this range, aligning with the interval.

3. **Adjustment Action**: Retain the original score. The response is accurate but could be more concise by omitting the assumption about the person being a worker.

4. **Final Score**: 4. The response effectively answers the question with a minor unnecessary assumption, justifying a score of 4."
82,3,5.0,[4.18459488],4.0,[4.00935419],5.0,"</think>

Final Score: 4

**Explanation:**

1. **Confidence in Original Score**: High. The generated response correctly identifies that the situation does not support the claim, providing a clear and concise answer.

2. **Interval Consideration**: The confidence interval [3.00, 5.00] suggests that the expert's score is likely within this range. The original score of 4 falls comfortably within this interval, indicating alignment with potential expert judgment.

3. **Adjustment Action**: Retain. The reasoning is sound, and the score of 4 accurately reflects the response's quality. While minor improvements could be suggested, the response is sufficiently clear and correct.

4. **Final Score**: 4. The response effectively addresses the question, and the score aligns well with the provided interval and expert judgment."
83,3,5.0,[4.00388138],4.0,[3.97317424],5.0,"</think>

Final Score: 4

**Explanation:**

1. **Confidence in Original Score**: High. The generated response correctly identifies that the claim is not supported by the situation, as there is no mention of falling off the bike. The reasoning is logical and straightforward.

2. **Interval Consideration**: The confidence interval provided is [3.00, 5.00], which is relatively wide. The original score of 4 falls comfortably within this interval, indicating that it aligns well with the expected range of expert judgments.

3. **Adjustment Action**: Retain. The original score of 4 is appropriate because the response accurately addresses the question, though it could be slightly more concise. The interval supports this score, and there is no compelling reason to adjust it further.

4. **Final Score**: 4. The response is clear, correct, and well-supported, warranting a high score within the provided interval."
84,3,5.0,[4.15653831],4.0,[4.01149695],5.0,"</think>

Final Score: 4

**Explanation:**

1. **Confidence in Original Score**: High. The generated response correctly identifies that a person cannot ride a bicycle on a boat and concludes ""No."" It is clear and correct, though slightly brief.

2. **Interval Consideration**: The interval [3.00, 5.00] suggests the score could be 3, 4, or 5. My original score of 4 falls within this range, aligning with the interval.

3. **Adjustment Action**: Retain the original score. The response is accurate and concise, meeting the criteria for a 4.

4. **Final Score**: 4. The response effectively addresses the question with clarity and correctness, warranting a 4."
85,3,5.0,[4.03436137],4.0,[4.00496152],3.0,"**Explanation:**

Final Score: 4
Explanation: My confidence in the original score of 4 is high because the generated response correctly answers the question, albeit with a slightly less clear explanation. The confidence interval [3.00, 5.00] suggests that a score within this range is plausible. Since my initial assessment falls within this interval and aligns with the reasoning, I retain the score of 4."
86,3,5.0,[3.90594352],4.0,[3.99752234],5.0,"**Explanation:**

Final Score: 4
Explanation: My confidence in the original score of 4 is high because the generated response correctly answers the question but lacks detailed justification. The interval [3.00, 5.00] is wide, allowing for scores 3, 4, or 5. Since the response is correct but could be improved with more details, 4 remains appropriate."
87,3,5.0,[2.16097745],3.0,[2.66649769],2.0,"</think>

Final Score: 3

**Explanation:**

1. **Confidence in Original Score**: My initial confidence in assigning a score of 2 was medium. I recognized that the generated response made an assumption not directly supported by the situation, but I was unsure if the score should be lower due to the flawed reasoning.

2. **Interval Consideration**: The provided confidence interval is [3.00, 5.00], which is relatively wide. My original score of 2 falls outside this interval, suggesting that it might not align with the expert's judgment.

3. **Adjustment Action**: Given the interval, I reconsidered the evaluation. While the generated response does make an unsupported assumption, it does correctly answer ""Yes"" to the question. The reasoning, though flawed, still arrives at the correct conclusion. Therefore, a minor adjustment to a score of 3 is appropriate, acknowledging the correct answer but noting the flawed reasoning.

4. **Final Score**: 3. This score reflects that the response answers the question correctly but does so with reasoning that introduces unsupported assumptions, making it less than ideal."
88,3,5.0,[1.87534419],2.0,[2.51924502],3.0,"</think>

Final Score: 2

Explanation:

1. **Confidence in Original Score**: High. The original score of 2 was based on a thorough analysis of the generated response, which incorrectly assumed the presence of grass and sleeping pets without evidence from the Situation.

2. **Interval Consideration**: The provided interval [3.00, 5.00] suggests that the expert's score is likely within this range. However, my original score of 2 falls outside this interval, indicating a potential discrepancy.

3. **Re-examination**: Upon re-evaluating, the generated response's key flaw is its unsupported assumption about the pets sleeping on grass. While the interval suggests a higher score, the response's inaccuracies justify a lower score.

4. **Adjustment Decision**: Retain the original score of 2, as the response's critical errors in interpretation and assumption warrant a lower quality rating despite the interval's suggestion."
89,3,5.0,[4.05464183],4.0,[3.99775535],3.0,"</think>

Final Score: 4

**Explanation:**

1. **Confidence in Original Score**: High. The generated response correctly identifies that the dogs are not swimming but are on the edge of the ocean, and the boats are in the background. It accurately concludes that the answer is ""No.""

2. **Interval Consideration**: The confidence interval provided is [3.00, 5.00]. The original score of 4 falls within this interval, which suggests that the score is plausible. The interval is relatively wide, allowing for some flexibility in the evaluation.

3. **Adjustment Action**: Retain the original score. The reasoning in the generated response is clear and correct, though it could be more concise. However, the key points are well-supported, and the conclusion is accurate.

4. **Final Score**: 4. The response effectively addresses the question, providing a clear and correct answer. While there is room for improvement in conciseness, the overall quality is high."
90,3,5.0,[3.91963317],4.0,[4.00629064],4.0,"</think>

Final Score: 4

**Explanation:**

1. **Confidence in Original Score**: High. The generated response correctly answers ""Yes"" and aligns with the premise that preparing hot air balloons implies being outside.

2. **Interval Consideration**: The interval [3.00, 5.00] is wide, allowing for scores 3, 4, or 5. The original score of 4 falls within this range, supporting its validity.

3. **Adjustment Action**: Retain. The response is accurate and concise, though it could benefit from explicitly linking the activity to the outdoor setting for clarity.

4. **Final Score**: 4. The response is correct and clear, justifying the score within the interval."
91,3,5.0,[3.99077169],4.0,[3.98015579],3.0,"</think>

Final Score: 4

**Explanation:**

1. **Confidence in Original Score**: High. The generated response correctly identifies that the situation involves hot air balloons, not cars, leading to the correct conclusion that the claim is not supported. However, the response introduces an assumption about a race, which is not explicitly stated in the situation.

2. **Interval Consideration**: The confidence interval [3.00, 5.00] suggests that the expert's score is likely within this range. The original score of 4 falls comfortably within this interval, indicating alignment with potential expert judgment.

3. **Adjustment Action**: Retain the original score. The reasoning behind the score is sound, and while the additional assumption in the response could be seen as a minor flaw, it does not significantly detract from the overall correctness of the conclusion.

4. **Final Score**: 4. The response is mostly correct and well-justified, with only a minor unnecessary assumption that does not affect the overall quality."
92,3,5.0,[2.99888234],3.0,[3.16448474],3.0,"</think>

Final Score: 3

**Explanation:**

1. **Confidence in Original Score**: Medium. I initially thought the score might be 3 or 4, but after considering the interval, I feel more confident in 3.

2. **Interval Analysis**: The interval [3.00, 5.00] suggests the score is likely within this range. My original score of 3 falls within this interval, which aligns with the possibility that the generated response is correct but lacks sufficient justification.

3. **Adjustment Action**: Retain the original score. The generated response correctly answers ""Yes"" but fails to provide a detailed explanation, which is necessary for a higher score. The brevity of the response justifies a score of 3, as it is correct but not well-justified.

4. **Rationale**: The response accurately answers the question, but without an explanation, it doesn't meet the higher standards of clarity and justification expected for a score of 4 or 5. Thus, 3 is appropriate."
93,3,5.0,[3.23438463],3.0,[3.05897014],3.0,"</think>

Final Score: 3

**Explanation:**

1. **Confidence in Original Score**: Medium. The initial evaluation correctly identified that the Claim is not supported by the Situation but misinterpreted the focus of the question by discussing steps instead of the golf course or sitting.

2. **Interval Consideration**: The confidence interval [3.00, 5.00] suggests that the expert's score is likely within this range. The original score of 3 falls within this interval, indicating that it is plausible.

3. **Adjustment Action**: Retain the original score with minor adjustments. The reasoning aligns with the interval, and the score reflects the correct conclusion despite some misinterpretation in the analysis.

4. **Final Score**: 3. The response correctly answers the question but could improve by focusing more directly on the Claim's elements without introducing irrelevant details."
94,3,5.0,[3.87264283],4.0,[3.96314351],5.0,"</think>

**Final Score: 4**

**Explanation:**

1. **Confidence in Original Score**: High. The generated response correctly identifies that the young people are playing music and concludes ""No"" to the claim about water polo. However, it lacks a detailed explanation linking the instruments to music.

2. **Interval Consideration**: The confidence interval [3.00, 5.00] suggests the score is likely within this range. The original score of 4 falls within this interval, indicating alignment with potential expert judgment.

3. **Adjustment Action**: Retain the original score. The response is concise and accurate, though it could be improved with more detail. However, it sufficiently addresses the question without errors.

4. **Final Score**: 4. The response is clear and correct, though it could benefit from a more detailed explanation."
95,3,5.0,[4.97862362],5.0,[4.86065048],5.0,"</think>

Final Score: 5

**Explanation:**

1. **Confidence in Original Score**: High. The generated response accurately identifies that a long-beaked bird is a type of bird and that mid-flight implies it is flying. The answer is concise and directly addresses the question.

2. **Interval Consideration**: The confidence interval [3.00, 5.00] suggests that the score is likely within this range. The original score of 5 falls within this interval, indicating high confidence in the evaluation.

3. **Adjustment Action**: Retain. The response is clear, correct, and directly supports the claim without unnecessary assumptions. The reasoning is sound and aligns with the expert judgment.

4. **Final Score**: 5. The response is accurate, concise, and effectively supports the claim, warranting the highest score."
96,3,5.0,[3.92956544],4.0,[3.81322472],5.0,"</think>

Final Score: 4

**Explanation:**

1. **Confidence in Original Score**: High. The initial evaluation correctly identified that the Claim and Situation are unrelated, leading to the conclusion that the Claim is not supported. The reasoning was clear, though slightly vague in its conclusion.

2. **Interval Consideration**: The confidence interval provided is [3.00, 5.00], which is relatively wide. The original score of 4 falls comfortably within this interval, suggesting that it aligns well with potential expert judgments.

3. **Adjustment Action**: Retain the original score with minor adjustments. The reasoning was sound, and the score of 4 appropriately reflects the clarity and correctness of the response, despite minor vagueness.

4. **Final Score**: 4. The response effectively addresses the question, though it could be more precise in its conclusion. The score of 4 remains appropriate as it balances clarity and correctness."
97,3,5.0,[4.23606157],4.0,[4.04269383],5.0,"</think>

Final Score: 4

**Explanation:**

1. **Confidence in Original Score**: High. The generated response correctly identifies that the man is selling corn-on-the-cob from a cart in the Middle East, which directly supports the Claim. The reasoning is clear and accurate.

2. **Interval Consideration**: The confidence interval [3.00, 5.00] suggests that the expert's score is likely within this range. The original score of 4 falls comfortably within this interval, indicating alignment with potential expert judgment.

3. **Adjustment Action**: Retain. The original score of 4 is appropriate as it reflects the clarity and correctness of the response, while acknowledging minor areas for conciseness.

4. **Rationale**: The response effectively supports the Claim without unnecessary assumptions, making it clear and correct. The minor suggestion for conciseness does not detract significantly from its quality, hence retaining the score of 4 is justified."
98,3,5.0,[4.00447262],4.0,[4.00016144],5.0,"</think>

Final Score: 4

**Explanation:**

1. **Confidence in Original Score**: High. The generated response correctly identifies that the man is selling corn, not throwing it, leading to the accurate conclusion of ""No."" The reasoning is clear and directly addresses the question.

2. **Interval Consideration**: The confidence interval [3.00, 5.00] suggests that the expert's score is likely within this range. The original score of 4 falls comfortably within this interval, indicating alignment with potential expert judgment.

3. **Adjustment Action**: Retain. The response is accurate and well-reasoned, with only a minor phrasing issue that does not significantly impact clarity or correctness.

4. **Final Score**: 4. The response effectively addresses the question with a correct answer and clear reasoning, justifying a high score within the provided interval."
99,3,5.0,[2.88539712],3.0,[3.15713829],5.0,"</think>

Final Score: 3

**Explanation:**

1. **Confidence in Original Score**: Medium. The initial score of 3 was based on the reasoning that the generated response was overly cautious and didn't fully support the claim. However, upon reflection, the generated response's uncertainty might be justified given the lack of explicit information about whether the man is playing a specific song or just strumming.

2. **Interval Consideration**: The confidence interval [3.00, 5.00] suggests that the expert's score is likely within this range. The original score of 3 falls within this interval, indicating that it is plausible. The interval's width (2.00) is moderate, allowing for some flexibility in scoring.

3. **Adjustment Action**: Retain the original score with minor adjustments. The reasoning remains that the generated response could have been more definitive, but its cautious approach is not entirely incorrect. The score of 3 reflects a balance between the response's shortcomings and its valid points.

4. **Final Score**: 3. The generated response demonstrates some understanding but could be more assertive in supporting the claim. It is clear and partially correct, warranting a score of 3."
100,3,5.0,[3.5684062],4.0,[3.90270816],3.0,"</think>

Final Score: 4

Explanation:

1. **Confidence Level**: High confidence in the original score of 4. The generated response correctly answers ""No,"" which is accurate given the discrepancy between the black shirt in the situation and the blue shirt in the claim.

2. **Interval Consideration**: The confidence interval provided is [3.00, 5.00], which is relatively wide. The original score of 4 falls comfortably within this interval, indicating that it is a plausible score according to the expert judgment.

3. **Adjustment Action**: Retain the original score of 4. The response is correct but lacks an explanation, which slightly diminishes its quality. However, the answer is clear and correct, justifying the score of 4.

4. **Final Score**: 4. The response is accurate and meets the criteria for a score of 4, as it provides the correct answer without unnecessary elaboration."
101,3,5.0,[2.97080966],3.0,[3.22187252],3.0,"**Explanation:**

Final Score: 3
Explanation: My confidence in the original score of 3 is high because the generated response, while correct in its answer, provides flawed reasoning. The confidence interval [3.00, 5.00] suggests that the score could reasonably be within this range. However, the response's incorrect justification significantly impacts its quality, warranting a score of 3."
102,3,5.0,[3.24919897],3.0,[3.08188632],4.0,"</think>

Final Score: 3

**Explanation:**

1. **Confidence in Original Score**: Medium. The initial score of 3 was based on the generated response being correct in its conclusion but lacking a detailed explanation. However, considering the confidence interval, there's room for adjustment.

2. **Interval Analysis**: The interval [3.00, 5.00] suggests that the expert's score is likely within this range. The original score of 3 is at the lower end, but the interval allows for higher scores, indicating potential for a more accurate evaluation.

3. **Adjustment Consideration**: Retain the score with minor adjustments. The generated response correctly identifies the situation as a parade, which contradicts the claim of a motorcade. However, it could have provided a clearer explanation of the differences between a parade and a motorcade to strengthen the reasoning.

4. **Final Decision**: The score remains at 3 because while the response is correct, it lacks the depth needed to fully justify the answer, which is essential for a higher score."
103,3,5.0,[2.94505751],3.0,[3.19609927],3.0,"</think>

Final Score: 3

**Explanation:**

1. **Confidence in Original Score**: Medium. The generated response correctly answers ""Yes,"" but it lacks a detailed explanation, which is a key component in evaluating the quality of the response.

2. **Interval Consideration**: The confidence interval provided is [3.00, 5.00]. My original score of 3 falls within this interval, which suggests that it is plausible. However, the interval also includes higher scores, indicating that there is room for the response to be considered better.

3. **Adjustment Action**: Retain the original score with minor adjustments. While the response is correct, the lack of explanation slightly diminishes its quality. A more detailed explanation would have warranted a higher score.

4. **Rationale**: The response accurately answers the question, but it does not provide the reasoning that connects the situation to the claim. This omission affects the clarity and thoroughness of the response, justifying the score of 3."
104,3,5.0,[4.05349296],4.0,[4.02165105],5.0,"</think>

Final Score: 4

**Explanation:**

1. **Confidence in Original Score**: High. The generated response correctly identifies that the woman is talking on the phone, which implies she is not sleeping. It directly answers the question with a clear 'No.'

2. **Interval Consideration**: The confidence interval provided is [3.00, 5.00]. The original score of 4 falls within this interval, which suggests that the score is plausible. The interval is relatively wide, indicating some uncertainty, but the original score is well-supported.

3. **Adjustment Action**: Retain. The generated response is accurate and concise. While it could be improved by explicitly referencing the activity mentioned in the Situation, the response is sufficiently clear and correct.

4. **Final Score**: 4. The response effectively addresses the question, providing a clear and correct answer. The minor omission of explicitly referencing the activity does not significantly detract from the overall quality."
105,3,5.0,[1.70652945],2.0,[2.54914188],1.0,"</think>

Final Score: 2

Explanation:

1. **Confidence in Original Score**: High. The generated response incorrectly interprets the Situation by stating that we cannot assume the woman is talking on the phone, despite the Situation explicitly stating she is. This misunderstanding leads to the wrong answer of 'No,' whereas the correct answer should be 'Yes.'

2. **Interval Consideration**: The confidence interval provided is [3.00, 5.00]. My original score of 2 falls outside this interval. This suggests that there might be a misinterpretation or error in my initial evaluation.

3. **Re-examination**: Upon reviewing the task, the generated response does contain a clear error in interpretation. However, the response does provide an answer, albeit incorrect. Considering the interval, it's possible that an expert might view the response as having some merit despite the error, leading to a higher score.

4. **Adjustment Action**: Retain the original score with a brief justification. While the interval suggests a higher score, the fundamental error in the generated response's interpretation is significant enough to warrant a lower score.

Final Score: 2"
106,3,5.0,[4.99221458],5.0,[4.87983722],5.0,"**Explanation:**

Final Score: 5
Explanation: My confidence in the original score of 5 is high because the generated response accurately and concisely answers the question. The confidence interval [3.00, 5.00] includes the original score, and given the narrow upper bound, it reinforces that the response is correct. The response directly addresses the claim without unnecessary details, making it clear and correct. Therefore, the score remains 5."
107,3,5.0,[3.06446682],3.0,[3.09187615],3.0,"</think>

Final Score: 3

**Explanation:**

1. **Confidence in Original Score**: Medium. The generated response correctly answered ""No,"" but it lacked an explanation, which made it less informative. However, the brevity might be acceptable depending on the context.

2. **Interval Consideration**: The confidence interval provided is [3.00, 5.00]. The original score of 3 falls within this interval, suggesting that it is plausible. The interval is relatively wide, indicating some uncertainty, but it still aligns with the initial assessment.

3. **Adjustment Action**: Retain the original score with minor adjustments. The response was correct but could benefit from a brief explanation to enhance clarity and thoroughness.

4. **Rationale**: While the answer was correct, the lack of explanation slightly detracts from its quality. However, given the confidence interval and the correctness of the answer, a score of 3 remains appropriate."
108,3,5.0,[4.06221451],4.0,[4.03803827],5.0,"</think>

Final Score: 4

**Explanation:**

1. **Confidence in Original Score**: High. The generated response correctly identifies that the premise supports the claim by noting the women are sitting around a table. However, it could be more detailed by explicitly mentioning the number of women and their activity, which are relevant to the claim.

2. **Interval Consideration**: The confidence interval [3.00, 5.00] suggests that the score is likely within this range. The original score of 4 falls comfortably within this interval, indicating alignment with potential expert judgment.

3. **Adjustment Action**: Retain the original score. The response is clear and correct, though slightly less detailed. The score of 4 appropriately reflects its quality.

4. **Final Score**: 4. The response is accurate and clear, though it could benefit from more detail. The score of 4 is appropriate given the confidence interval and the response's quality."
109,3,5.0,[4.01109245],4.0,[4.00449229],3.0,"</think>

Final Score: 4

**Explanation:**

1. **Confidence in Original Score**: High. The generated response correctly identifies that the person is a street performer based on their attire, supporting the Claim. However, it could be more concise by directly linking the attire to the performance without the 'usually' qualifier, which introduces a slight assumption.

2. **Interval Consideration**: The confidence interval [3.00, 5.00] suggests that the score is likely within this range. The original score of 4 falls comfortably within this interval, indicating that it aligns well with the expected expert judgment.

3. **Adjustment Action**: Retain the original score. The reasoning behind the score is sound, and the slight assumption introduced by the 'usually' qualifier does not significantly detract from the correctness of the response.

4. **Final Score**: 4. The response is clear and correct, with a minor suggestion for conciseness."
110,3,5.0,[4.0169571],4.0,[3.92450847],3.0,"</think>

Final Score: 4

**Explanation:**

1. **Confidence in Original Score**: High. The initial evaluation correctly identified that the Claim is not supported by the Situation. The generated response accurately concluded ""No"" and provided a relevant explanation about the street performer's role, though it could have been more detailed by explicitly addressing the absence of a child dancing inside.

2. **Interval Consideration**: The confidence interval [3.00, 5.00] suggests that the expert's score is likely within this range. The original score of 4 falls comfortably within this interval, indicating alignment with potential expert judgment.

3. **Adjustment Action**: Retain. The original score of 4 is appropriate as it reflects the clarity and correctness of the generated response, despite minor room for improvement in detail.

4. **Rationale**: The generated response effectively addresses the question, providing a clear and correct answer. While it could be more detailed, the response is sufficiently accurate and concise, warranting a score of 4."
111,3,5.0,[4.13531436],4.0,[4.05419506],5.0,"</think>

Final Score: 4

**Explanation:**

1. **Confidence in Original Score**: High. The generated response correctly identifies that a young boy is a child and answers ""Yes."" It is clear and correct, though slightly brief.

2. **Interval Consideration**: The interval [3.00, 5.00] is wide, allowing for scores 3, 4, or 5. The original score of 4 falls within this range, aligning with the interval's guidance.

3. **Adjustment Action**: Retain the original score. The response is accurate and meets the criteria for a 4, as it is clear and correct but could be more detailed.

4. **Final Score**: 4. The response effectively answers the question, though it could benefit from a more detailed explanation connecting the situation to the claim."
112,3,5.0,[4.95511026],5.0,[4.83521152],5.0,"</think>

Final Score: 5

**Explanation:**

1. **Confidence in Original Score**: High. The generated response correctly identifies that the boy is in the grass, not the sand, leading to the accurate conclusion that the Claim is not supported. The reasoning is clear and directly addresses the question without unnecessary assumptions.

2. **Interval Consideration**: The confidence interval provided is [3.00, 5.00]. The original score of 5 falls within this interval, indicating that it is a plausible score according to the expert judgment.

3. **Adjustment Action**: Retain the original score. The reasoning behind the score is solid, and the interval supports the possibility of a 5. There is no need for adjustment as the evaluation is accurate and well-justified.

4. **Final Score**: 5. The generated response is clear, correct, and directly addresses the question, making it deserving of the highest score."
113,3,5.0,[2.95563206],3.0,[3.40722684],3.0,"**Explanation:**

Final Score: 3
Explanation: My confidence in the original score of 3 is medium. The interval [3.00, 5.00] is relatively wide, suggesting some uncertainty. The generated response correctly answers ""Yes"" but lacks explanation, which is a valid reason for a lower score. However, considering the interval, a score of 3 is plausible as it reflects the response's brevity without justification. I retain the original score as it aligns with the interval and the evaluation criteria."
114,3,5.0,[3.54521236],4.0,[3.93124259],3.0,"</think>

Final Score: 4

**Explanation:**

1. **Confidence in Original Score**: High. The generated response correctly answers ""No,"" indicating the Claim is not supported by the Situation. However, it lacks an explanation, which slightly diminishes the quality.

2. **Interval Consideration**: The confidence interval [3.00, 5.00] suggests the expert score is likely within this range. My original score of 4 falls within this interval, aligning with the possible expert judgment.

3. **Adjustment Action**: Retain the original score. The response is correct but could be improved with an explanation. The score of 4 reflects this balance.

4. **Final Score**: 4. The response is correct but could be clearer with additional reasoning."
115,3,5.0,[2.91432979],3.0,[3.11446797],3.0,"</think>

**Final Score: 3**

**Explanation:**

1. **Confidence in Original Score**: Medium. The generated response correctly answered ""No,"" but it lacked an explanation, which made it less informative. However, the absence of an explanation is a valid reason to lower the score, but I was unsure if the lack of explanation was the only factor affecting the quality.

2. **Interval Analysis**: The confidence interval provided was [3.00, 5.00]. My original score of 3 falls within this interval. The interval is relatively wide, suggesting some uncertainty, but it still provides a useful range for adjustment.

3. **Adjustment Action**: Retain the original score with minor adjustments. The generated response's brevity was a drawback, but it was still correct. Considering the interval, a score of 3 is reasonable as it reflects the correct answer with room for improvement in explanation.

4. **Rationale**: The response was accurate but lacked depth. While a higher score might be warranted for correctness, the lack of explanation justifies a lower score. The interval supports this middle ground, making 3 the most appropriate score."
116,3,5.0,[2.9527421],3.0,[3.33523601],3.0,"</think>

Final Score: 3

**Explanation:**

1. **Confidence in Original Score**: Medium. The generated response correctly answers ""Yes,"" but it lacks any explanation or justification, which makes it less informative.

2. **Interval Consideration**: The confidence interval is [3.00, 5.00], which is relatively wide. My original score of 3 falls within this interval, suggesting it is plausible. However, the interval allows for higher scores, which might be justified if the response were more detailed.

3. **Adjustment Action**: Retain the original score. While the interval suggests a possible higher score, the brevity of the response without any explanation justifies a lower score. A more detailed response would have warranted a higher score within the interval.

4. **Rationale**: The response is correct but lacks the necessary justification, making it less helpful for understanding why the claim is supported. Therefore, a score of 3 remains appropriate."
117,3,5.0,[4.16212257],4.0,[4.01300051],5.0,"</think>

Final Score: 4

**Explanation:**

1. **Confidence in Original Score**: High. The generated response correctly identifies that throwing tomatoes refers to a food fight and not sitting and eating, directly answering the question with ""No,"" which is accurate.

2. **Interval Consideration**: The confidence interval [3.00, 5.00] suggests that the expert's score is likely within this range. The original score of 4 falls comfortably within this interval, indicating alignment with potential expert judgment.

3. **Adjustment Action**: Retain. The response is clear and correct, with only a minor suggestion for more detailed explanation. The score of 4 is appropriate as it reflects the response's accuracy and clarity.

4. **Final Score**: 4. The response effectively addresses the question, and the score aligns with the confidence interval and expert judgment."
118,3,5.0,[4.0700524],4.0,[4.01040149],5.0,"</think>

Final Score: 4

**Explanation:**

1. **Confidence in Original Score**: High. The generated response correctly identifies that throwing tomatoes typically indicates a food fight and answers 'Yes.' It is clear and correct, though it could be more detailed.

2. **Interval Consideration**: The interval [3.00, 5.00] is wide, allowing for a range of scores. The original score of 4 falls within this interval, supporting its validity.

3. **Adjustment Action**: Retain. The response is accurate and clear, meeting the criteria for a score of 4. While it could be more detailed, it sufficiently addresses the question.

4. **Final Score**: 4. The response is correct and clear, justifying the score within the provided interval."
119,3,5.0,[2.00537618],3.0,[2.79177645],2.0,"</think>

Final Score: 3

**Explanation:**

1. **Confidence in Original Score**: My confidence in the original score of 2 was medium. I recognized that the generated response had some flaws, particularly in its interpretation of the situation, but I was unsure if it merited such a low score.

2. **Interval Consideration**: The provided confidence interval was [3.00, 5.00], which suggested that the expert's score is likely within this range. My original score of 2 fell outside this interval, indicating that it might not align with the expert's judgment.

3. **Adjustment Action**: Given the interval, I reconsidered the evaluation. The generated response, while flawed, did address the core of the question by attempting to analyze the situation and claim. However, its reasoning was flawed, leading to an incorrect conclusion. This suggests that the response has some merit but is not entirely correct.

4. **Rationale for Final Score**: Assigning a score of 3 reflects that the response has some understanding of the question but contains significant errors in reasoning and conclusion. It is not as poor as a score of 2 might imply but also does not meet the higher standards of clarity and correctness required for a score of 4 or 5."
120,3,5.0,[2.29946407],2.0,[2.37034741],3.0,"</think>

Final Score: 2

Explanation:

1. **Confidence in Original Score**: High. The generated response incorrectly interprets the premise by stating ""People are not curry,"" which seems to misunderstand the context of a ""beer and curry line."" The response then correctly answers ""No,"" but the initial confusion makes the response unclear.

2. **Interval Consideration**: The confidence interval provided is [3.00, 5.00]. My original score of 2 falls outside this interval. This suggests that there might be a misinterpretation of the task or the response.

3. **Re-examination**: Upon reviewing, the generated response's initial statement is indeed confusing and irrelevant. However, the correct answer is provided. Considering the interval, a score within [3,5] is expected. The response's clarity is low due to the initial confusion, but it does answer correctly. Therefore, adjusting the score to 3 seems appropriate, as it reflects the correct answer despite the confusion.

4. **Adjustment Action**: Adjust the score from 2 to 3, acknowledging the correct answer but noting the lack of clarity.

**Final Score: 3**

The generated response correctly answers ""No,"" indicating the Claim is not supported. However, the initial statement is confusing and irrelevant, affecting clarity. Given the confidence interval, a score of 3 better reflects the response's quality."
121,3,5.0,[4.07121016],4.0,[3.99348823],4.0,"</think>

Final Score: 4

**Explanation:**

1. **Confidence in Original Score**: High. The generated response correctly identified that the answer is ""No"" because the locations in the Situation and the Claim differ. The reasoning, though brief, is accurate.

2. **Interval Consideration**: The confidence interval [3.00, 5.00] suggests that the expert's score is likely within this range. The original score of 4 falls comfortably within this interval, indicating alignment with potential expert judgment.

3. **Adjustment Action**: Retain. The response is clear and correct, though it could be slightly improved by explicitly stating the reason for the answer. However, the core correctness justifies the score of 4.

4. **Final Score**: 4. The response effectively answers the question with a correct conclusion, despite minor room for improvement in explanation."
122,3,5.0,[4.09115502],4.0,[4.02217956],4.0,"</think>

Final Score: 4

**Explanation:**

1. **Confidence in Original Score**: High. The generated response correctly identifies that a man and a woman talking together form a pair of people talking. It directly answers the question with a clear 'Yes.' The only minor omission is not explicitly mentioning the outdoor setting, but this does not detract significantly from the overall correctness.

2. **Interval Consideration**: The confidence interval provided is [3.00, 5.00], which is relatively wide. My original score of 4 falls comfortably within this interval, indicating that it aligns well with the expected range of expert judgments.

3. **Adjustment Action**: Retain. The original score of 4 is appropriate because the response is concise, accurate, and directly addresses the question. While there is room for minor improvement by explicitly mentioning the outdoor setting, this does not warrant a lower score.

4. **Final Judgment**: The response is clear and correct, with only a minor omission that does not significantly impact its quality. Therefore, the score of 4 remains the most accurate reflection of the response's quality."
123,3,5.0,[3.99213358],4.0,[3.93662869],5.0,"**Explanation:**

Final Score: 4
Explanation: My confidence in the original score of 4 is high because the generated response correctly identifies the Claim as incorrect. The interval [3.00, 5.00] is wide, allowing for scores 3, 4, or 5. The original score of 4 falls within this range. While the response could be clearer, it sufficiently addresses the issue, justifying a score of 4."
124,3,5.0,[4.98925794],5.0,[4.81103782],5.0,"</think>

Final Score: 5

**Explanation:**

1. **Confidence in Original Score**: High. The generated response accurately addresses the question by directly linking the Situation to the Claim without unnecessary assumptions. It is clear and correct.

2. **Interval Consideration**: The confidence interval [3.00, 5.00] suggests that the expert's score is likely within this range. My original score of 5 falls within this interval, indicating high confidence in the evaluation.

3. **Adjustment Action**: Retain. The response is concise, directly answers the question, and aligns with the Claim. No adjustments are needed.

4. **Final Score**: 5. The response is clear, correct, and effectively supports the Claim."
125,3,5.0,[2.99014997],3.0,[3.05901313],3.0,"**Explanation:**

Final Score: 3
Explanation: The generated response correctly answers ""No"" but provides an unsupported claim about Number 916 being a baseball player. The reasoning is flawed as the situation mentions a race, not baseball. The score of 3 reflects the correct answer but weak reasoning."
126,3,5.0,[4.11100621],4.0,[4.0190134],5.0,"</think>

Final Score: 4

**Explanation:**

1. **Confidence in Original Score**: High. The generated response correctly identifies that Number 916 is a person and that competing in a race is necessary to win, leading to the correct answer of ""Yes."" The reasoning is sound, though it could be more concise.

2. **Interval Consideration**: The confidence interval [3.00, 5.00] suggests that the score is likely within this range. The original score of 4 falls comfortably within this interval, indicating alignment with potential expert judgment.

3. **Adjustment Action**: Retain. The reasoning in the generated response is correct and effectively supports the claim. While minor adjustments for conciseness could be made, the overall quality remains high.

4. **Final Score**: 4. The response is clear, correct, and effectively supports the claim, warranting a high score within the provided interval."
127,3,5.0,[3.97158684],4.0,[3.97073279],3.0,"</think>

Final Score: 4

**Explanation:**

1. **Confidence in Original Score**: High. The generated response correctly identifies that the girl is playing with letters on the floor, which does not support the claim of playing a video game in the bath. The conclusion is accurate, but the reasoning includes unnecessary speculation about the location, which is not directly relevant.

2. **Interval Consideration**: The confidence interval [3.00, 5.00] suggests that the expert's score is likely within this range. My original score of 4 falls comfortably within this interval, indicating that it aligns well with the expected expert judgment.

3. **Adjustment Action**: Retain the original score. The reasoning is sound, and the score accurately reflects the quality of the generated response. While the response could be more concise, it effectively addresses the question and provides a correct answer.

4. **Final Score**: 4. The generated response is clear and correct in its conclusion, though it could be improved by avoiding unnecessary details."
128,3,5.0,[4.00509633],4.0,[3.99127735],5.0,"</think>

Final Score: 4

**Explanation:**

1. **Confidence in Original Score**: High. The generated response correctly identifies that the girl is likely having fun learning her letters, which aligns with the situation provided. The reasoning is logical and straightforward.

2. **Interval Consideration**: The confidence interval [3.00, 5.00] suggests that the score is likely within this range. The original score of 4 falls comfortably within this interval, indicating that it is a plausible and reasonable assessment.

3. **Adjustment Action**: Retain. The original score of 4 is appropriate because the response is clear and correct, though it could be slightly more detailed. The interval supports this score, and there is no compelling reason to adjust it further.

4. **Final Score**: 4. The response effectively supports the claim with a reasonable justification, and the score aligns well with the provided confidence interval."
129,3,5.0,[3.99661654],4.0,[4.00030693],5.0,"</think>

Final Score: 4

**Explanation:**

1. **Confidence in Original Score**: High. The generated response correctly identifies that the men are making something to eat, aligning with the Situation. However, the explanation could be more concise.

2. **Interval Consideration**: The interval [3.00, 5.00] suggests a wide range of possible scores. The original score of 4 falls within this interval, indicating that it is plausible.

3. **Adjustment Action**: Retain the original score. The reasoning remains sound, and the score appropriately reflects the response's accuracy and clarity.

4. **Rationale**: The response accurately answers the question, though it could be more straightforward. The score of 4 balances correctness with the need for clarity."
130,3,5.0,[4.98605885],5.0,[4.81930987],5.0,"</think>

Final Score: 5

**Explanation:**

1. **Confidence in Original Score**: High. The generated response accurately identifies that the two men are cooking, not running, and correctly concludes the Claim is unsupported. The reasoning is clear and concise.

2. **Interval Consideration**: The interval [3.00, 5.00] suggests a range of possible scores. The original score of 5 falls within this interval, indicating high confidence in the evaluation.

3. **Adjustment Action**: Retain. The response is correct and well-justified, aligning with the highest quality score.

4. **Rationale**: The response effectively addresses the question without unnecessary assumptions, making it clear and correct. The interval supports the high score, confirming the evaluation's accuracy."
131,3,5.0,[3.47178241],3.0,[3.09378169],3.0,"</think>

Final Score: 3

**Explanation:**

1. **Confidence in Original Score**: Medium. The initial score of 3 was based on the generated response's correct conclusion but noted unnecessary metaphorical interpretations.

2. **Interval Consideration**: The interval [3.00, 5.00] suggests the expert score is likely within this range. The original score of 3 falls within this interval, indicating alignment with possible expert judgment.

3. **Adjustment Action**: Retain the original score. The reasoning remains sound: the response correctly answers ""No"" but adds unnecessary complexity. The score of 3 reflects this balance.

4. **Final Score**: 3. The response is correct but could be clearer, justifying the score within the provided interval."
132,3,5.0,[3.98170198],4.0,[3.96596523],4.0,"</think>

Final Score: 4

**Explanation:**

1. **Confidence in Original Score**: High. The generated response correctly identifies that the man is wandering in the desert, supporting the Claim. However, it introduces an unnecessary assumption about being 'lost,' which is not mentioned in the Situation.

2. **Interval Consideration**: The confidence interval [3.00, 5.00] suggests that the score is likely within this range. The original score of 4 falls comfortably within this interval, indicating that it aligns well with potential expert judgments.

3. **Adjustment Action**: Retain the original score. The response is mostly accurate but could be clearer by avoiding additional assumptions. The score of 4 reflects the correct answer with minor flaws in explanation.

4. **Final Score**: 4. The response is correct but could be improved by sticking strictly to the given information without introducing unnecessary assumptions."
133,3,5.0,[4.14585006],4.0,[4.0388789],5.0,"</think>

Final Score: 4

**Explanation:**

1. **Confidence in Original Score**: High. The generated response correctly identifies that there is no evidence supporting the claim that the woman is asleep. It concisely answers ""No,"" which aligns with the analysis.

2. **Interval Consideration**: The confidence interval provided is [3.00, 5.00]. The original score of 4 falls within this interval, indicating that it is a plausible score according to the expert judgment.

3. **Adjustment Action**: Retain. The original score is appropriate as it accurately reflects the clarity and correctness of the generated response. While the response could be slightly improved by explicitly stating that the woman is walking, which implies she is awake, the omission is minor and does not significantly affect the overall quality.

4. **Final Score**: 4. The generated response is clear and correct, with only a minor area for improvement. Therefore, the score remains at 4."
134,3,5.0,[3.99081373],4.0,[3.98679956],4.0,"</think>

Final Score: 4

**Explanation:**

1. **Confidence in Original Score**: High. The generated response correctly identifies that the lady is near a group of people because she is walking in a crowd. However, it unnecessarily introduces the detail about her hair color, which is not relevant to the Claim. This adds unnecessary complexity to the explanation.

2. **Interval Consideration**: The confidence interval provided is [3.00, 5.00], which is a wide interval. The original score of 4 falls within this interval, indicating that it is plausible. The interval suggests that the expert's score is likely to be between 3 and 5, which aligns with the initial assessment.

3. **Adjustment Action**: Retain the original score. The reasoning behind the score is sound, and the interval supports the possibility of a score within this range. The minor issue with the unnecessary detail does not significantly impact the overall quality of the response.

4. **Final Score**: 4. The response accurately answers the question but could be improved by removing irrelevant details."
135,3,5.0,[3.18385586],3.0,[3.08137699],2.0,"</think>

Final Score: 3

**Explanation:**

1. **Confidence in Original Score**: Medium. The generated response correctly identifies that the situation does not provide enough evidence to support the claim, but it could be more direct in its conclusion.

2. **Interval Consideration**: The confidence interval is [3.00, 5.00], which is relatively wide. My original score of 3 falls within this interval, suggesting that it is plausible. However, the interval also includes higher scores, which might reflect a more positive evaluation.

3. **Adjustment Action**: Retain the original score with minor adjustments. While the generated response is cautious and acknowledges the lack of evidence, it could be more explicit in stating that the claim is not supported. However, the response is still correct and clear enough to warrant a score of 3.

4. **Final Score**: 3. The generated response is correct but could be more direct. It acknowledges the uncertainty and provides a reasonable conclusion, which aligns with a score of 3."
136,3,5.0,[4.02694683],4.0,[4.00249529],4.0,"</think>

Final Score: 4

**Explanation:**

1. **Confidence in Original Score**: High. The generated response correctly identifies that the man is standing outside, contradicting the Claim of him sitting inside. The reasoning is clear and accurate.

2. **Interval Consideration**: The confidence interval [3.00, 5.00] suggests that the expert's score is likely within this range. The original score of 4 falls comfortably within this interval, indicating alignment with potential expert judgment.

3. **Adjustment Action**: Retain. The reasoning is solid, and the score of 4 accurately reflects the response's quality. While minor improvements could be made, the response is sufficiently clear and correct.

4. **Final Score**: 4. The response effectively addresses the question with clear reasoning, justifying the score within the provided interval."
137,3,5.0,[4.09412652],4.0,[4.01508768],5.0,"</think>

Final Score: 4

**Explanation:**

1. **Confidence in Original Score**: High. The generated response accurately identifies that the premise does not mention canoeing and correctly concludes ""No."" The reasoning is clear and directly addresses the question.

2. **Interval Consideration**: The confidence interval [3.00, 5.00] suggests that the expert's score is likely within this range. The original score of 4 falls comfortably within this interval, indicating alignment with potential expert judgment.

3. **Adjustment Action**: Retain. The response is concise and accurate, with only minor room for improvement in brevity. However, the clarity and correctness justify the score of 4.

4. **Final Score**: 4. The response effectively addresses the question with clear reasoning, justifying the score within the provided interval."
138,3,5.0,[1.70346389],2.0,[2.53681159],2.0,"</think>

Final Score: 2

**Explanation:**

1. **Confidence in Original Score**: High. The initial evaluation correctly identified that the generated response misinterpreted the situation, leading to an incorrect conclusion. The reasoning was clear and aligned with the task requirements.

2. **Interval Consideration**: The provided confidence interval is [3.00, 5.00], which suggests that the expert's score is likely within this range. However, the original score of 2 falls outside this interval. This discrepancy indicates a potential misalignment between the initial evaluation and the expert's perspective.

3. **Adjustment Action**: Retain the original score with minor adjustments. Despite the interval suggesting a higher score, the generated response's fundamental misunderstanding of the situation and incorrect answer warrant a lower score. The reasoning in the generated response is flawed, which justifies the lower score.

4. **Rationale for Final Score**: The generated response incorrectly interprets the situation, leading to an incorrect answer. While the interval suggests a higher score, the response's inaccuracies and flawed reasoning support retaining the lower score."
139,3,5.0,[4.08754917],4.0,[4.00983244],5.0,"</think>

Final Score: 4

**Explanation:**

1. **Confidence in Original Score**: High. The generated response correctly identifies that the premise involves people, not animals, leading to the conclusion that the claim is unsupported. The reasoning is clear and accurate.

2. **Interval Consideration**: The confidence interval [3.00, 5.00] suggests that the expert's score is likely within this range. The original score of 4 falls comfortably within this interval, indicating alignment with potential expert judgment.

3. **Adjustment Action**: Retain. The original score is appropriate as it reflects the clarity and correctness of the generated response, despite minor room for additional detail.

4. **Final Score**: 4. The response is clear, accurate, and effectively addresses the question, warranting a high score within the provided interval."
140,3,5.0,[3.97629144],4.0,[3.99487379],3.0,"**Explanation:**

Final Score: 4
Explanation: My confidence in the original score of 4 is high because the generated response correctly answers ""Yes"" but lacks an explanation. The confidence interval [3.00, 5.00] suggests that the score is plausible. The interval is wide, allowing for scores 3, 4, or 5. Since the response is correct but could be improved with an explanation, 4 remains appropriate."
141,3,5.0,[4.01131861],4.0,[3.98406137],4.0,"</think>

Final Score: 4

**Explanation:**

1. **Confidence in Original Score**: High. The generated response correctly identifies that the boy is skateboarding and concludes the Claim is not supported. It effectively answers the question, though it could be more concise.

2. **Interval Consideration**: The interval [3.00, 5.00] suggests the score is likely within this range. The original score of 4 falls comfortably within this interval, indicating alignment with potential expert judgment.

3. **Adjustment Action**: Retain. The response is accurate and clear, meeting the criteria for a score of 4. The minor suggestion for conciseness does not warrant a lower score.

4. **Final Score**: 4. The response is clear, correct, and effectively addresses the question, justifying the score within the provided interval."
142,3,5.0,[3.95973499],4.0,[4.01583006],5.0,"**Explanation:**

Final Score: 4
Explanation: My confidence in the original score of 4 is high because the generated response correctly answers the question but lacks detailed justification. The interval [3.00, 5.00] is wide, allowing for scores 3, 4, or 5. Since the response is correct and clear, a score of 4 is appropriate. The response could be improved with more explanation, but it's not necessary for a score of 4."
143,3,5.0,[3.27710942],3.0,[3.11056732],3.0,"</think>

Final Score: 3

**Explanation:**

1. **Confidence in Original Score**: Medium. The initial score of 3 was based on the generated response correctly answering ""No"" but lacking an explanation. However, the brevity of the response made it somewhat unclear if the reasoning was fully captured.

2. **Interval Consideration**: The confidence interval provided is [3.00, 5.00], which is a wide interval. The original score of 3 falls within this range, suggesting that it is plausible. However, the interval also includes higher scores, indicating that there's a possibility the response could be evaluated more favorably.

3. **Adjustment Action**: Retain the original score with minor adjustments. Upon re-evaluation, the generated response's correctness is clear, but the lack of explanation still slightly diminishes its quality. Therefore, maintaining the score of 3 aligns with the interval and the response's characteristics.

4. **Final Score**: 3. The response is correct but lacks the necessary explanation, justifying the score within the provided interval."
144,3,5.0,[4.02515791],4.0,[3.98754528],5.0,"</think>

Final Score: 4

**Explanation:**

1. **Confidence in Original Score**: High. The generated response correctly identifies the discrepancy between children and adults, leading to the correct conclusion of ""No."" The reasoning is straightforward and accurate.

2. **Interval Consideration**: The confidence interval [3.00, 5.00] suggests that the expert's score is likely within this range. The original score of 4 falls comfortably within this interval, indicating alignment with potential expert judgment.

3. **Adjustment Action**: Retain. The reasoning is clear and accurate, though it could be slightly more detailed. However, the response is sufficiently strong to warrant a score of 4 without further adjustment.

4. **Final Score**: 4. The response effectively addresses the question with clear reasoning, justifying the score within the provided interval."
145,3,5.0,[4.03415174],4.0,[4.00921973],5.0,"</think>

Final Score: 4

**Explanation:**

1. **Confidence in Original Score**: High. The generated response correctly identifies that the children are at the beach, which directly supports the claim. The reasoning is straightforward and accurate.

2. **Interval Consideration**: The confidence interval [3.00, 5.00] suggests that the score is likely within this range. The original score of 4 falls comfortably within this interval, indicating alignment with potential expert judgment.

3. **Adjustment Action**: Retain. The reasoning in the generated response is clear and correct, with only a minor suggestion for clearer phrasing. The score of 4 accurately reflects the quality of the response.

4. **Final Score**: 4. The response effectively answers the question with a clear and correct answer, justifying the score within the provided interval."
146,3,5.0,[2.97334491],3.0,[3.26057116],3.0,"</think>

Final Score: 3

**Explanation:**

1. **Confidence in Original Score**: Medium. The generated response correctly answers ""Yes,"" but it lacks an explanation, which makes it less informative.

2. **Interval Consideration**: The confidence interval is [3.00, 5.00]. The original score of 3 falls within this interval, suggesting it's plausible. However, the interval's width allows for higher scores if the response is deemed more thorough.

3. **Adjustment Action**: Retain the original score. While the response is correct, the absence of an explanation limits its quality, aligning with a score of 3.

4. **Rationale**: The response is accurate but lacks depth, which is why a score of 3 is appropriate."
147,3,5.0,[3.97303494],4.0,[4.00005557],5.0,"</think>

Final Score: 4

**Explanation:**

1. **Confidence in Original Score**: High. The generated response correctly identifies that the baby is not in its crib, which directly contradicts the Claim. The reasoning is logical and straightforward.

2. **Interval Consideration**: The confidence interval [3.00, 5.00] suggests that the expert's score is likely within this range. My original score of 4 falls comfortably within this interval, indicating alignment with potential expert judgment.

3. **Adjustment Action**: Retain. The reasoning in the generated response is clear and accurate. While it could be slightly more concise, the answer is correct and well-supported.

4. **Final Score**: 4. The response effectively addresses the question with accurate reasoning, justifying a high score within the provided interval."
148,3,5.0,[4.96525789],5.0,[4.87832832],5.0,"</think>

Final Score: 5

**Explanation:**

1. **Confidence in Original Score**: High. The generated response accurately addresses the question by confirming that the woman is sitting outdoors, which directly supports the Claim. The response is concise and to the point without unnecessary assumptions.

2. **Interval Consideration**: The confidence interval provided is [3.00, 5.00]. The original score of 5 falls within this interval, indicating that it is a plausible score according to the expert judgment.

3. **Adjustment Action**: Retain the original score. The response is clear, correct, and directly answers the question without any ambiguity or errors. There is no need for adjustment as the score aligns well with the interval and the evaluation criteria.

4. **Final Score**: 5. The response is of high quality, providing a clear and correct answer that fully supports the Claim based on the Situation."
149,3,5.0,[3.98343305],4.0,[3.99202089],5.0,"</think>

Final Score: 4

**Explanation:**

1. **Confidence in Original Score**: High. The generated response correctly identifies the key difference between 'outdoor' and 'indoor' and concludes the answer as 'No.' However, it could have provided a more detailed explanation.

2. **Interval Consideration**: The interval [3.00, 5.00] suggests that the score is likely within this range. The original score of 4 falls comfortably within this interval, indicating alignment with potential expert judgment.

3. **Adjustment Action**: Retain. The response is clear and accurate, though slightly brief. The score of 4 remains appropriate as it reflects the response's correctness and clarity, despite the lack of extensive detail.

4. **Final Score**: 4. The response effectively answers the question with a correct conclusion, though it could benefit from a more detailed explanation. The score of 4 accurately reflects its quality."
150,3,5.0,[4.03721091],4.0,[4.00150538],5.0,"</think>

Final Score: 4

**Explanation:**

1. **Confidence in Original Score**: High. The generated response correctly identifies that the Claim is not supported by the Situation, answering ""No."" It succinctly addresses the lack of connection between the two statements.

2. **Interval Consideration**: The confidence interval [3.00, 5.00] suggests that the expert's score is likely within this range. The original score of 4 falls comfortably within this interval, indicating alignment with potential expert judgment.

3. **Adjustment Action**: Retain. The response is clear and accurate, though it could be slightly more detailed. However, the minor omission does not warrant a lower score, especially within the provided interval.

4. **Final Score**: 4. The response effectively answers the question, and the interval supports this score as plausible."
