1,2,3,4,5
-0.0380551439999999,-3.2880552,-11.512925464970229,-11.512925464970229,-11.512925464970229
-11.512925464970229,-4.8773155,-0.1273156899999999,-2.2523158,-11.512925464970229
-9.478686,-0.9786864,-0.4786863999999999,-5.4786863,-11.512925464970229
-11.512925464970229,-3.1908112,-0.0658111999999999,-3.8158112,-11.512925464970229
-11.512925464970229,-4.1902094,-0.0652095299999999,-3.0652096,-11.512925464970229
-4.792198,-0.6671983000000001,-0.9171983,-2.5421982,-8.542198
-11.512925464970229,-8.755981,-2.3809812,-0.1309811799999999,-9.755981
-11.512925464970229,-9.102428,-2.3524282,-0.102428086,-7.477428
-11.512925464970229,-9.698446,-3.823446,-0.073446006,-5.948446
-11.512925464970229,-7.6792088,-1.4292086,-0.3042086,-10.179209
-11.512925464970229,-11.512925464970229,-6.0105734,-0.010573277,-6.1355734
-11.512925464970229,-5.309686,-0.4346859799999999,-1.059686,-11.512925464970229
-11.512925464970229,-11.512925464970229,-9.056256,-0.05625645,-3.8062565
-11.512925464970229,-6.057338,-0.43233842,-1.0573385,-11.512925464970229
-0.47438157,-0.97438157,-9.349381,-11.512925464970229,-11.512925464970229
-11.512925464970229,-4.6829786,-0.0579786379999999,-3.0579786,-11.512925464970229
-1.2257315,-0.3507314599999999,-6.1007314,-11.512925464970229,-11.512925464970229
-11.512925464970229,-11.512925464970229,-5.777101,-0.027100828,-5.152101
-11.512925464970229,-11.146781,-4.396781,-0.0217808149999999,-7.396781
-11.512925464970229,-5.2939615,-0.5439613499999999,-0.91896135,-11.512925464970229
-11.512925464970229,-11.027263,-3.6522624,-0.027262436,-7.027262
-11.512925464970229,-5.834379,-0.70937943,-0.70937943,-11.084379
-11.512925464970229,-11.512925464970229,-6.267553,-0.0175526199999999,-4.642553
-11.142801,-4.2678013,-0.39280146,-1.6428015,-11.512925464970229
-9.246672,-6.371671,-2.3716714,-0.24667135,-2.1216714
-11.512925464970229,-7.258649,-0.6336488,-0.7586488,-11.512925464970229
-11.512925464970229,-5.205864,-0.3308637,-1.3308637,-11.512925464970229
-11.512925464970229,-11.512925464970229,-6.1418357,-0.01683551,-4.2668357
-11.512925464970229,-11.512925464970229,-7.4160857,-0.0410858059999999,-3.5410857
-11.512925464970229,-6.480333,-1.3553327,-0.48033276,-8.605332
-5.671559,-0.04655882,-3.1715589,-11.296558,-11.512925464970229
-11.512925464970229,-11.512925464970229,-3.8959076,-0.0209077149999999,-9.270907
-5.2680483,-0.0180482079999999,-4.3930483,-11.512925464970229,-11.512925464970229
-11.512925464970229,-7.853351,-1.9783509,-0.22835094,-10.728351
-11.512925464970229,-5.6843147,-0.80931467,-0.68431467,-10.184315
-9.335989,-1.7109886,-0.2109886099999999,-4.8359885,-11.512925464970229
-11.230886,-4.105887,-0.4808868999999999,-1.3558869,-10.730886
-11.512925464970229,-5.7704797,-0.77047974,-0.77047974,-11.512925464970229
-11.512925464970229,-9.566633,-3.4416335,-0.0666333699999999,-8.066633
-10.426462,-3.9264624,-0.3014623499999999,-1.4264624,-11.512925464970229
-11.512925464970229,-11.512925464970229,-9.741376,-0.2413757599999999,-1.7413758
-8.528679,-1.2786788,-0.4036787499999999,-5.278679,-11.512925464970229
-11.512925464970229,-10.290777,-4.0407767,-0.04077685,-6.0407767
-11.512925464970229,-11.394301,-4.894302,-0.019301675,-7.269302
-11.512925464970229,-11.512925464970229,-6.8822975,-0.0072973357,-5.1322975
-11.512925464970229,-11.512925464970229,-4.760549,-0.0105490939999999,-7.010549
-11.512925464970229,-3.1937068,-0.068706825,-3.8187068,-11.512925464970229
-7.850201,-0.3502010400000001,-1.225201,-8.225201,-11.512925464970229
-4.6445074,-0.0195074439999999,-4.6445074,-11.512925464970229,-11.512925464970229
-11.512925464970229,-5.980084,-0.2300838199999999,-1.6050838,-11.512925464970229
-11.512925464970229,-11.512925464970229,-5.387532,-0.0125321369999999,-8.012532
-9.105647,-1.2306468,-0.3556468199999999,-5.3556466,-11.512925464970229
-11.512925464970229,-6.3883915,-1.3883917,-0.7633917,-10.5133915
-11.512925464970229,-8.268317,-2.1433172,-0.1433171,-9.018317
-11.512925464970229,-9.5553875,-3.0553875,-0.0553874669999999,-8.0553875
-11.400163,-3.9001627,-0.2751626999999999,-1.9001627,-11.150163
-11.512925464970229,-11.512925464970229,-11.512925464970229,-3.0578907,-0.057890765
-11.512925464970229,-6.5776067,-0.7026066,-0.7026066,-11.512925464970229
-11.512925464970229,-11.266851,-4.5168514,-0.016851572,-5.5168514
-11.512925464970229,-11.397172,-4.272172,-0.022172084,-6.147172
-11.512925464970229,-11.512925464970229,-11.512925464970229,-0.7661618000000001,-0.6411618
-11.512925464970229,-9.184009,-3.1840088,-0.0590087499999999,-7.5590086
-5.547044,-0.04704365,-3.1720436,-10.922044,-11.512925464970229
-11.512925464970229,-5.96325,-0.46325013,-1.0882502,-11.512925464970229
-5.5587907,-0.0587905979999999,-2.9337907,-11.512925464970229,-11.512925464970229
-11.512925464970229,-3.3234942,-0.0734943099999999,-3.4484942,-11.512925464970229
-11.512925464970229,-6.9761705,-0.9761704,-0.47617045,-11.476171
-9.077329,-1.4523288,-0.3273288,-4.7023287,-11.512925464970229
-11.512925464970229,-2.7491055,-0.12410541,-4.7491055,-11.512925464970229
-11.512925464970229,-5.942109,-0.5671092,-1.1921092,-11.512925464970229
-11.512925464970229,-9.6805725,-3.055573,-0.05557298,-6.680573
-11.512925464970229,-11.512925464970229,-7.2822905,-0.1572905599999999,-4.2822905
-11.512925464970229,-11.512925464970229,-7.4304113,-1.0554115,-0.43041146
-7.254808,-0.5048080699999999,-1.0048081,-5.879808,-11.512925464970229
-11.512925464970229,-5.1350503,-0.2600505000000001,-1.5100505,-11.512925464970229
-10.794718,-3.669718,-0.16971794,-2.044718,-11.512925464970229
-11.512925464970229,-11.512925464970229,-9.182933,-0.0579323899999999,-3.3079324
-8.703656,-0.8286559,-0.5786559,-6.2036557,-11.512925464970229
-8.252624,-0.2526234399999999,-1.5026234,-9.377624,-11.512925464970229
-10.237788,-2.362788,-0.1127878999999999,-4.8627877,-11.512925464970229
-7.8220115,-0.6970116,-0.6970116,-6.5720115,-11.512925464970229
-11.512925464970229,-6.8780174,-0.8780176,-0.6280176,-10.003017
-11.512925464970229,-8.452092,-1.7020917,-0.20209174,-9.827092
-8.352282,-1.6022818,-0.4772818,-1.7272818,-9.602282
-11.512925464970229,-8.181687,-1.0566877,-0.4316877,-10.556687
-11.512925464970229,-5.273654,-0.5236541999999998,-1.0236542,-11.512925464970229
-11.512925464970229,-7.695568,-1.8205683,-0.1955683,-8.820568
-11.512925464970229,-11.512925464970229,-7.901881,-0.0268812939999999,-4.401881
-11.512925464970229,-7.3257823,-1.3257824,-0.32578245,-9.700783
-11.512925464970229,-11.512925464970229,-5.7895803,-0.1645803899999999,-6.6645803
-11.512925464970229,-4.9618607,-0.0868606639999999,-2.5868607,-11.512925464970229
-11.512925464970229,-6.629622,-1.629622,-0.254622,-7.504622
-11.512925464970229,-11.512925464970229,-8.258202,-0.008201298,-4.883201
-8.83096,-0.8309605,-0.5809605000000001,-6.8309603,-11.512925464970229
-7.923003,-1.5480032,-0.2980032599999999,-4.423003,-11.512925464970229
-11.512925464970229,-4.1555243,-0.0305244209999999,-4.2805243,-11.512925464970229
-3.5340335,-0.0340336099999999,-5.659034,-11.512925464970229,-11.512925464970229
-5.5222363,-0.022236556,-4.0222363,-11.512925464970229,-11.512925464970229
-11.512925464970229,-6.320516,-0.6955162,-0.6955162,-11.512925464970229
-9.041139,-1.416139,-0.291139,-4.791139,-11.512925464970229
-11.512925464970229,-7.6855965,-2.0605962,-0.18559627,-9.560596
-10.722188,-1.7221884,-0.22218838,-5.3471885,-11.512925464970229
-11.512925464970229,-7.202847,-1.9528469,-0.20284687,-8.077847
-10.775598,-3.0255978,-0.27559772,-3.1505978,-11.512925464970229
-7.4413214,-0.31632134,-1.3163214,-9.191321,-11.512925464970229
-11.487345,-2.9873452,-0.1123450999999999,-2.9873452,-11.512925464970229
-5.667456,-0.042455953,-3.292456,-11.512925464970229,-11.512925464970229
-11.512925464970229,-10.650711,-3.9007108,-0.0257107189999999,-7.4007106
-11.512925464970229,-9.558366,-3.3083658,-0.058365747,-7.683366
-6.4103036,-0.0353036899999999,-3.4103036,-11.512925464970229,-11.512925464970229
-4.8986683,-0.0236684119999999,-4.1486683,-11.512925464970229,-11.512925464970229
-5.147233,-0.022233052,-4.147233,-11.512925464970229,-11.512925464970229
-11.512925464970229,-6.182226,-0.4322259399999999,-1.057226,-10.932226
-11.512925464970229,-11.512925464970229,-4.26627,-0.0162703659999999,-7.39127
-11.512925464970229,-9.790009,-3.7900088,-0.040008727,-6.9150085
-11.512925464970229,-11.512925464970229,-3.9009657,-0.0259657189999999,-8.150966
-11.512925464970229,-11.512925464970229,-5.380809,-0.005808871,-7.880809
-9.159064,-3.1590643,-1.0340643,-0.53406423,-4.1590643
-11.512925464970229,-8.582052,-2.5820527,-0.08205264,-6.5820527
-11.512925464970229,-6.840895,-1.9658952,-0.2158952199999999,-6.465895
-11.512925464970229,-11.512925464970229,-10.157847,-0.2828475,-1.4078475
-11.512925464970229,-6.5291343,-0.9041343,-0.5291343000000001,-10.904135
-11.512925464970229,-9.249311,-2.6243112,-0.12431124,-7.9993114
-11.512925464970229,-11.512925464970229,-5.6417613,-0.016761076,-5.3917613
-11.512925464970229,-11.512925464970229,-9.218832,-0.09383183,-2.4688318
-11.512925464970229,-10.659474,-4.034475,-0.0344746929999999,-7.534475
-3.2074285,-0.0824283699999999,-3.3324285,-11.512925464970229,-11.512925464970229
-11.512925464970229,-7.4537945,-1.7037946,-0.45379457,-8.4537945
-2.5812035,-0.08120348,-6.2062035,-11.512925464970229,-11.512925464970229
-11.512925464970229,-9.715196,-2.840196,-0.09019581,-8.715196
-11.512925464970229,-11.512925464970229,-4.266774,-0.0167743209999999,-7.016774
-11.512925464970229,-4.358639,-0.1086388499999999,-2.6086388,-11.512925464970229
-9.417919,-2.2929192,-0.16791907,-3.0429192,-11.512925464970229
-11.512925464970229,-8.975701,-2.475701,-0.1007011099999999,-9.350701
-11.512925464970229,-9.412832,-3.4128327,-0.037832722,-7.5378327
-8.559271,-0.9342708,-0.5592707999999998,-5.809271,-11.512925464970229
-11.512925464970229,-8.885744,-3.3857443,-0.26074427,-1.6357443
-8.368427,-0.9934274,-0.4934274299999999,-5.4934273,-11.512925464970229
-11.512925464970229,-10.526101,-3.7761014,-0.0261012579999999,-7.401101
-11.512925464970229,-11.512925464970229,-5.1352763,-0.010276455,-5.7602763
-11.512925464970229,-7.292129,-1.9171292,-0.1671291299999999,-8.2921295
-5.5135884,-0.2635882199999999,-1.5135882,-4.8885884,-11.512925464970229
-6.6444697,-0.1444698,-2.0194697,-9.89447,-11.512925464970229
-8.886096,-0.76109624,-0.6360962400000001,-7.511096,-11.512925464970229
-2.8400261,-0.0900262,-3.5900261,-9.965026,-11.512925464970229
-6.179131,-0.0541308,-3.0541308,-10.429131,-11.512925464970229
-7.2058296,-1.5808296,-0.58082956,-1.4558296,-7.2058296
-11.512925464970229,-7.960861,-1.7108613,-0.2108612799999999,-10.460861
-11.512925464970229,-10.421664,-3.2966647,-0.046664633,-8.171664
-11.512925464970229,-8.130479,-1.5054784,-0.2554784,-9.630479
-11.512925464970229,-11.512925464970229,-7.7677917,-0.0177916599999999,-4.1427917
-11.512925464970229,-7.8834667,-0.7584668,-0.6334667999999999,-11.512925464970229
-11.512925464970229,-8.260062,-3.1350622,-0.1350623399999999,-6.635062
-11.512925464970229,-5.0138597,-0.26386,-1.51386,-11.512925464970229
-11.512925464970229,-11.512925464970229,-6.2859125,-0.035912473,-4.5359125
-11.512925464970229,-11.512925464970229,-5.401596,-0.0265961209999999,-4.526596
-11.512925464970229,-11.512925464970229,-10.735054,-0.11005436,-2.6100543
-11.512925464970229,-7.72085,-2.09585,-0.2208500499999999,-8.84585
-11.512925464970229,-5.6877513,-0.4377513,-1.0627513,-11.512925464970229
-11.512925464970229,-7.139862,-1.1398621,-0.3898619999999999,-11.139862
-0.0046669803999999,-5.379667,-11.512925464970229,-11.512925464970229,-11.512925464970229
-4.5154285,-0.1404286899999999,-2.2654288,-8.390429,-11.512925464970229
-11.512925464970229,-10.896992,-4.1469917,-0.0219919199999999,-7.2719917
-4.797523,-0.0475232499999999,-3.2975233,-10.1725235,-11.512925464970229
-10.945622,-3.320622,-0.0706220339999999,-3.445622,-11.512925464970229
-6.8303742,-0.08037407,-2.580374,-11.205374,-11.512925464970229
-11.512925464970229,-9.195924,-3.3209238,-0.0709236859999999,-8.070924
-11.512925464970229,-10.665798,-3.4157984,-0.0407984739999999,-7.4157987
-3.0256164,-0.15061636,-2.6506164,-8.525617,-11.512925464970229
-11.512925464970229,-7.8746996,-1.6246997,-0.24969968,-9.4997
-11.485915,-3.735915,-0.2359148599999999,-1.8609148,-11.512925464970229
-11.512925464970229,-11.148614,-5.2736144,-0.0236142779999999,-4.7736144
-11.512925464970229,-11.512925464970229,-7.7771454,-0.02714561,-3.6521456
-11.262288,-3.7622879,-0.13728791,-2.2622879,-11.512925464970229
-3.3315575,-0.0815575599999999,-3.2065575,-10.081557,-11.512925464970229
-1.4094563,-0.2844562999999999,-6.0344563,-11.512925464970229,-11.512925464970229
-3.300234,-0.0502341579999999,-4.4252343,-11.512925464970229,-11.512925464970229
-11.512925464970229,-4.6617837,-0.1617834699999999,-2.0367835,-11.512925464970229
-10.708511,-2.9585109,-0.083510965,-3.7085109,-11.512925464970229
-5.211523,-0.21152316,-1.7115232,-8.211523,-11.512925464970229
-10.192923,-2.8179226,-0.1929224699999999,-2.3179226,-11.512925464970229
-11.512925464970229,-10.844625,-3.7196257,-0.09462565,-9.219625
-11.512925464970229,-11.512925464970229,-5.5829244,-0.0829243299999999,-8.832924
-11.512925464970229,-9.197719,-2.9477189,-0.07271879,-7.5727186
-11.512925464970229,-11.512925464970229,-5.6917715,-0.06677144,-6.5667715
-11.512925464970229,-11.512925464970229,-7.0181913,-0.018191382,-4.8931913
-10.914565,-3.1645656,-0.1645655299999999,-2.2895656,-11.512925464970229
-10.995836,-4.8708367,-0.37083653,-1.2458365,-9.745836
-11.512925464970229,-11.512925464970229,-4.149771,-0.024771154,-8.399771
-11.512925464970229,-9.038921,-2.7889216,-0.16392149,-9.163921
-0.0625391699999999,-2.812539,-9.687539,-11.512925464970229,-11.512925464970229
-11.512925464970229,-6.444792,-0.31979197,-1.319792,-11.512925464970229
-4.0589085,-0.4339086699999999,-3.5589087,-10.058908,-11.512925464970229
-11.512925464970229,-4.763019,-0.2630192,-1.5130192,-11.26302
-11.512925464970229,-9.22314,-2.84814,-0.0981401059999999,-8.34814
-11.512925464970229,-5.638138,-0.6381379,-0.7631379,-10.638138
-11.512925464970229,-8.122282,-2.247282,-0.1222819099999999,-7.747282
-11.512925464970229,-5.6248684,-0.8748681999999999,-0.6248682,-9.249868
-11.512925464970229,-4.1872168,-0.31221667,-1.4372166,-11.312217
-11.512925464970229,-11.512925464970229,-5.0153856,-0.015385533,-5.1403856
-11.512925464970229,-11.512925464970229,-11.342794,-0.8427943,-0.5927943
-3.5668557,-0.066855736,-3.3168557,-8.816855,-11.512925464970229
-11.512925464970229,-4.871937,-0.121936694,-2.2469368,-11.512925464970229
-11.512925464970229,-11.512925464970229,-5.0144687,-0.014468569,-5.3894687
-11.512925464970229,-11.512925464970229,-11.512925464970229,-0.75851697,-0.63351697
-6.504192,-0.12919173,-2.1291916,-9.504191,-11.512925464970229
-1.5079112,-0.2579111499999999,-6.132911,-11.512925464970229,-11.512925464970229
-11.508175,-3.6331747,-0.1331747599999999,-2.3831747,-11.512925464970229
-1.8132324,-0.18823247,-5.9382324,-11.512925464970229,-11.512925464970229
-8.983099,-1.1080985,-0.6080985,-5.6080985,-11.512925464970229
-11.512925464970229,-4.8609953,-0.23599507,-1.985995,-11.512925464970229
-11.512925464970229,-8.3054085,-1.930409,-0.18040891,-9.6804085
-11.512925464970229,-4.0372686,-0.28726843,-2.2872684,-11.512925464970229
-11.512925464970229,-10.173982,-3.2989814,-0.0489813299999999,-8.548982
-11.512925464970229,-10.41486,-4.9148602,-0.28986022,-6.6648602
-11.512925464970229,-11.512925464970229,-8.398888,-0.0238873829999999,-5.773887
-10.755699,-4.255699,-0.25569916,-1.7556992,-9.505699
-11.512925464970229,-11.512925464970229,-8.035623,-0.0356222729999999,-6.410622
-11.512925464970229,-10.544268,-3.2942674,-0.044267375,-7.669267
-11.512925464970229,-11.512925464970229,-5.0085864,-0.008586203,-7.2585864
-11.512925464970229,-11.512925464970229,-11.512925464970229,-1.4080431,-0.2830432
-4.9432845,-0.19328454,-1.8182845,-5.0682845,-11.512925464970229
-11.086968,-3.3369687,-0.2119686,-2.0869687,-11.512925464970229
-11.512925464970229,-5.4160466,-1.0410464,-1.6660464,-11.512925464970229
-5.823201,-0.07320119,-2.6982012,-10.823201,-11.512925464970229
-11.512925464970229,-7.5490766,-2.0490766,-0.29907665,-10.299077
-11.512925464970229,-10.900356,-4.275356,-0.025355827,-8.400356
-11.512925464970229,-10.784303,-4.0343027,-0.034302495,-7.9093027
-10.983361,-3.4833608,-0.108360775,-2.9833608,-11.512925464970229
-11.512925464970229,-10.820516,-4.1955156,-0.070515506,-7.8205156
-11.512925464970229,-11.512925464970229,-6.033847,-0.033846814,-5.283847
-11.512925464970229,-6.4617777,-0.71177745,-0.71177745,-9.586778
-11.512925464970229,-5.950652,-1.4506524,-0.4506523599999999,-9.700652
-11.512925464970229,-5.689557,-0.8145571,-0.9395571,-9.939557
-4.34654,-0.2215398599999999,-1.7215399,-4.97154,-11.512925464970229
-11.512925464970229,-11.096387,-4.971387,-0.09638691,-8.096387
-11.512925464970229,-11.512925464970229,-8.45228,-0.0772801859999999,-4.20228
-11.512925464970229,-6.6225715,-0.9975714,-0.6225713999999999,-9.997571
-10.096058,-2.9710574,-0.22105746,-2.3460574,-11.512925464970229
-7.228551,-0.35355097,-1.2285509,-7.603551,-11.512925464970229
-11.158881,-4.2838807,-0.1588807299999999,-2.0338807,-11.512925464970229
-11.512925464970229,-11.512925464970229,-6.3841844,-0.009184436,-5.8841844
-11.512925464970229,-8.205022,-2.830022,-0.080022104,-7.5800223
-11.512925464970229,-7.1181374,-1.6181375,-0.24313745,-7.8681374
-11.512925464970229,-11.512925464970229,-5.6484094,-0.023409339,-6.3984094
-11.512925464970229,-8.834729,-2.5847294,-0.084729515,-8.834729
-11.512925464970229,-11.512925464970229,-7.0525513,-0.052551366,-4.3025513
-11.512925464970229,-11.512925464970229,-8.272428,-0.0224273969999999,-4.0224276
-11.512925464970229,-6.3288455,-2.7038455,-0.07884539,-4.9538455
-11.512925464970229,-10.899791,-4.0247903,-0.0247904599999999,-7.1497903
-11.512925464970229,-10.772606,-3.897606,-0.0226058459999999,-6.897606
-11.512925464970229,-10.905491,-3.5304906,-0.030490652,-7.780491
-11.512925464970229,-11.512925464970229,-7.263351,-0.0133510429999999,-5.013351
-11.512925464970229,-11.512925464970229,-8.768373,-0.0183728149999999,-4.018373
-11.512925464970229,-10.525168,-4.150169,-0.0251687999999999,-7.400169
-9.162249,-1.4122481,-0.28724813,-5.412248,-11.512925464970229
-9.642826,-1.3928258,-0.5178257999999999,-5.7678256,-11.512925464970229
-11.512925464970229,-11.512925464970229,-4.885012,-0.010012355,-7.260012
-11.512925464970229,-10.749235,-4.6242356,-0.12423555,-6.4992356
-11.512925464970229,-11.512925464970229,-7.0053134,-0.0053133279999999,-6.2553134
-11.512925464970229,-11.512925464970229,-5.261364,-0.011363751,-6.511364
-11.512925464970229,-10.6639,-3.9139,-0.0388999879999999,-7.5389
-11.512925464970229,-11.512925464970229,-5.6438813,-0.0188814459999999,-6.7688813
-11.512925464970229,-11.512925464970229,-4.761889,-0.011888927,-7.636889
-11.512925464970229,-11.512925464970229,-11.512925464970229,-4.3519144,-0.101914264
-11.512925464970229,-11.512925464970229,-6.190854,-0.06585384,-6.315854
-11.512925464970229,-11.512925464970229,-7.155606,-0.0306056979999999,-5.030606
-11.512925464970229,-7.689621,-1.9396209,-0.18962081,-9.689621
-11.512925464970229,-11.512925464970229,-11.512925464970229,-0.3148844999999999,-1.3148845
-11.512925464970229,-6.49604,-0.74604005,-0.74604005,-11.512925464970229
-11.512925464970229,-8.289861,-1.4148604,-0.2898603999999999,-11.289861
-11.512925464970229,-6.8562818,-0.981282,-0.48128197,-10.606282
-2.8289733,-0.0789734,-4.2039733,-11.512925464970229,-11.512925464970229
-8.205059,-1.4550592,-0.3300592,-4.455059,-11.512925464970229
-11.512925464970229,-4.1082587,-0.10825863,-2.7332587,-11.512925464970229
-9.49187,-1.8668702,-0.24187018,-3.8668702,-11.512925464970229
-11.512925464970229,-11.512925464970229,-4.895734,-0.0207336409999999,-7.395734
-11.512925464970229,-6.811963,-1.9369631,-0.18696313,-8.436963
-11.512925464970229,-8.06007,-1.81007,-0.18507007,-10.56007
-11.512925464970229,-11.512925464970229,-8.360339,-0.1103388099999999,-3.2353387
-3.1533556,-0.1533555199999999,-2.4033556,-7.6533556,-11.512925464970229
-11.512925464970229,-11.512925464970229,-6.515715,-0.0157150029999999,-6.390715
-10.646752,-3.2717528,-0.27175274,-1.7717527,-11.512925464970229
-7.796926,-2.4219263,-0.7969262,-0.7969262,-4.671926
-11.512925464970229,-11.512925464970229,-6.2287683,-0.10376851,-6.4787683
-11.512925464970229,-3.9739783,-0.0989782299999999,-2.5989783,-11.512925464970229
-7.4223185,-0.92231864,-0.54731864,-5.1723185,-11.512925464970229
-11.512925464970229,-3.6559196,-0.15591961,-3.0309196,-11.512925464970229
-2.952381,-0.07738081,-4.0773807,-11.512925464970229,-11.512925464970229
-11.512925464970229,-11.512925464970229,-5.3815026,-0.0065027974,-7.8815026
-9.701629,-2.9516282,-0.20162831,-2.0766282,-11.512925464970229
-6.293611,-0.79361093,-0.66861093,-3.543611,-11.512925464970229
-10.472413,-3.9724126,-0.3474127000000001,-1.4724127,-10.472413
-11.512925464970229,-5.260338,-0.2603379499999999,-1.510338,-11.512925464970229
-11.512925464970229,-4.8765554,-0.1265556,-2.2515557,-11.512925464970229
-11.512925464970229,-11.512925464970229,-5.141295,-0.0162948799999999,-5.891295
-4.0943475,-0.21934736,-1.7193474,-7.8443475,-11.512925464970229
-11.512925464970229,-11.512925464970229,-5.1335344,-0.0085341969999999,-7.0085344
-11.512925464970229,-10.514829,-4.3898287,-0.2648286999999999,-7.8898287
-11.512925464970229,-11.360591,-4.6105905,-0.11059052,-7.9855905
-11.512925464970229,-11.512925464970229,-9.210013,-0.0850133699999999,-4.2100134
-9.116862,-1.3668625,-0.6168625,-4.9918623,-11.512925464970229
-11.512925464970229,-11.060706,-3.8107064,-0.06070628,-8.310706
-8.473516,-1.4735163,-0.3485163699999999,-4.3485165,-11.512925464970229
-8.398823,-0.52382267,-0.89882267,-8.148823,-11.512925464970229
-11.512925464970229,-7.718732,-1.7187318,-0.2187317199999999,-10.718732
-11.512925464970229,-11.512925464970229,-4.7676563,-0.017656518,-7.6426563
-11.512925464970229,-11.512925464970229,-6.1388307,-0.0138308414999999,-6.2638307
-11.512925464970229,-11.512925464970229,-7.254223,-0.0042228782999999,-5.879223
-11.512925464970229,-11.512925464970229,-6.891126,-0.0161261019999999,-5.516126
-11.512925464970229,-11.512925464970229,-6.636093,-0.0110933309999999,-4.886093
-11.512925464970229,-11.512925464970229,-11.512925464970229,-0.35099527,-1.2259953
-10.8218565,-3.321857,-0.07185692,-3.446857,-11.512925464970229
-11.512925464970229,-11.512925464970229,-10.06664,-0.19164027,-1.8166403
-11.512925464970229,-8.293774,-2.9187734,-0.1687733499999999,-8.793774
-11.512925464970229,-11.512925464970229,-8.212146,-0.08714577,-4.837146
-11.512925464970229,-11.512925464970229,-10.136442,-0.011442592,-5.8864427
-11.512925464970229,-11.512925464970229,-7.511317,-0.011316951,-5.011317
-11.512925464970229,-11.512925464970229,-4.8926735,-0.017673492,-7.8926735
-11.512925464970229,-4.803612,-0.0536124329999999,-3.3036125,-11.512925464970229
-7.3276396,-0.20263955,-1.7026396,-9.32764,-11.512925464970229
-11.512925464970229,-7.676356,-2.0513558,-0.17635573,-9.051355
-11.512925464970229,-7.0458064,-1.5458062,-0.2958062299999999,-9.795806
-11.512925464970229,-11.512925464970229,-5.6402416,-0.015241612,-7.3902416
-11.512925464970229,-11.512925464970229,-5.6335745,-0.0085745039999999,-7.0085745
-11.512925464970229,-11.512925464970229,-4.91059,-0.03559041,-6.28559
-11.512925464970229,-6.791409,-1.5414088,-0.29140884,-10.666409
-11.512925464970229,-11.512925464970229,-7.7550707,-0.0050705679999999,-5.6300707
-0.69491,-0.69491,-6.44491,-11.512925464970229,-11.512925464970229
-11.512925464970229,-11.512925464970229,-7.5442924,-0.0442926849999999,-5.1692924
-11.512925464970229,-5.2389207,-0.3639206999999999,-1.2389207,-11.512925464970229
-11.512925464970229,-7.459372,-1.709372,-0.2093719799999999,-9.459372
-11.512925464970229,-11.512925464970229,-9.965211,-0.09021128,-2.4652114
-11.385731,-4.135731,-0.38573113,-1.2607311,-11.512925464970229
-11.512925464970229,-2.584177,-0.08417703,-5.334177,-11.512925464970229
-7.7132864,-0.5882863400000001,-0.83828634,-6.7132864,-11.512925464970229
-3.0549164,-0.0549164699999999,-6.0549164,-11.512925464970229,-11.512925464970229
-11.512925464970229,-5.1861873,-0.4361874799999999,-1.0611875,-10.811188
-11.512925464970229,-11.512925464970229,-8.514837,-0.0148375469999999,-4.5148377
-11.512925464970229,-5.148914,-0.14891395,-2.0239139,-11.512925464970229
-6.416741,-0.7917408,-1.0417408,-5.666741,-11.512925464970229
-11.512925464970229,-5.7765307,-0.5265308,-0.9015308,-11.512925464970229
-11.512925464970229,-7.602798,-1.6027981,-0.22779807,-10.102798
-11.512925464970229,-11.512925464970229,-4.3892593,-0.014259176,-7.7642593
-11.512925464970229,-11.512925464970229,-5.7566824,-0.006682337,-5.8816824
-11.512925464970229,-5.614972,-0.6149720500000001,-0.86497205,-10.614972
-11.512925464970229,-11.161602,-3.911602,-0.036601927,-8.036602
-11.512925464970229,-11.512925464970229,-9.018568,-0.0185682419999999,-4.018568
-11.512925464970229,-11.512925464970229,-6.884711,-0.0097110009999999,-5.384711
-11.512925464970229,-5.695473,-0.3204733,-1.3204733,-11.512925464970229
-5.5492787,-0.049278915,-3.299279,-11.512925464970229,-11.512925464970229
-7.2710543,-0.1460544,-2.0210545,-10.021054,-11.512925464970229
-5.526358,-0.15135798,-2.026358,-9.026358,-11.512925464970229
-11.512925464970229,-10.292304,-3.4173038,-0.0423038799999999,-8.292304
-11.512925464970229,-2.605092,-0.1050921099999999,-3.730092,-11.512925464970229
-11.512925464970229,-11.512925464970229,-6.2959785,-0.045978352,-6.7959785
-6.5602493,-0.18524955,-1.8102496,-8.560249,-11.512925464970229
-7.672984,-0.5479841,-1.0479841,-6.547984,-11.512925464970229
-11.512925464970229,-11.512925464970229,-5.268383,-0.018383002,-7.393383
-11.512925464970229,-11.512925464970229,-6.015053,-0.3900526,-7.265053
-11.512925464970229,-11.512925464970229,-11.056034,-0.5560344000000002,-0.9310344
-11.512925464970229,-11.512925464970229,-8.141722,-0.0167215649999999,-4.1417217
-3.777297,-0.0272970029999999,-5.527297,-11.512925464970229,-11.512925464970229
-11.512925464970229,-10.238708,-4.363708,-0.1137078199999999,-7.613708
-11.512925464970229,-11.512925464970229,-5.9578867,-0.08288659,-6.5828867
-11.512925464970229,-7.20652,-1.5815198,-0.33151984,-9.45652
-11.512925464970229,-3.2208838,-0.095883936,-3.2208838,-11.512925464970229
-5.86042,-0.1104202599999999,-2.6104202,-9.48542,-11.512925464970229
-4.164397,-0.039396808,-3.7893968,-11.512925464970229,-11.512925464970229
-9.036424,-1.4114237,-0.2864237,-5.5364237,-11.512925464970229
-8.069887,-0.9448874,-0.5698874,-5.444887,-11.512925464970229
-7.284226,-0.28422585,-1.4092258,-7.284226,-11.512925464970229
-11.512925464970229,-8.282039,-1.4070387,-0.28203863,-11.032039
-11.512925464970229,-7.63526,-2.38526,-0.13525999,-9.63526
-11.512925464970229,-7.9767604,-1.6017605,-0.2267604599999999,-9.101761
-11.512925464970229,-11.512925464970229,-4.6364894,-0.0114892609999999,-6.7614894
-11.512925464970229,-10.534126,-4.0341263,-0.034126353,-4.1591263
-11.512925464970229,-11.512925464970229,-4.7611365,-0.0111366045,-6.5111365
-10.005947,-3.5059469,-0.6309469000000001,-2.6309469,-11.512925464970229
-11.512925464970229,-11.512925464970229,-4.638328,-0.013327874,-7.888328
-11.512925464970229,-11.512925464970229,-5.641886,-0.0168860279999999,-4.641886
-11.512925464970229,-6.87271,-1.6227105,-0.2477104399999999,-8.62271
-1.31672,-0.3167200699999999,-6.81672,-11.512925464970229,-11.512925464970229
-6.316722,-0.31672195,-1.3167219,-7.566722,-11.512925464970229
-11.512925464970229,-11.512925464970229,-5.1550317,-0.030031858,-7.0300317
-4.5981646,-0.2231644699999999,-1.7231644,-4.4731646,-11.512925464970229
-11.512925464970229,-10.690959,-2.8159587,-0.06595864,-9.190959
-11.512925464970229,-11.512925464970229,-5.507382,-0.007381932,-6.007382
-11.512925464970229,-8.208792,-1.7087916,-0.2087916,-10.708792
-11.512925464970229,-11.512925464970229,-6.664646,-0.0396461599999999,-3.2896461
-11.512925464970229,-10.546045,-3.1710448,-0.0460448379999999,-8.046045
-11.512925464970229,-11.512925464970229,-9.655822,-0.0308218059999999,-3.5308218
-11.512925464970229,-11.512925464970229,-7.7972655,-0.17226563,-2.4222655
-11.512925464970229,-11.512925464970229,-6.0049815,-0.0049816085999999,-6.0049815
-11.512925464970229,-11.512925464970229,-5.3801646,-0.005164497,-8.755164
-11.512925464970229,-11.512925464970229,-5.266421,-0.0164210649999999,-8.766421
-11.512925464970229,-11.512925464970229,-8.918666,-0.0436661799999999,-3.1686661
-11.512925464970229,-11.512925464970229,-9.91521,-0.040210057,-3.41521
-8.88711,-0.3871095999999999,-1.1371096,-10.63711,-11.512925464970229
-11.512925464970229,-7.078057,-0.57805693,-0.82805693,-11.512925464970229
-8.399845,-0.524845,-0.8998449999999999,-7.149845,-11.512925464970229
-11.512925464970229,-9.4564,-2.5814002,-0.0814002099999999,-8.9564
-11.512925464970229,-8.111941,-2.3619413,-0.111941434,-9.361941
-11.512925464970229,-11.512925464970229,-7.7725816,-0.02258149,-5.5225816
-11.512925464970229,-5.3555527,-0.105552495,-2.3555524,-11.512925464970229
-11.512925464970229,-8.378902,-1.503902,-0.25390196,-10.628902
-11.512925464970229,-9.691357,-4.066357,-0.0663569699999999,-7.941357
-11.512925464970229,-10.655555,-4.1555543,-0.030554479,-7.5305543
-11.512925464970229,-10.582203,-5.0822034,-0.5822032700000002,-0.83220327
-11.512925464970229,-6.3174815,-1.0674815,-0.4424815,-10.817481
-11.512925464970229,-7.680617,-1.9306167,-0.1806167199999999,-10.180616
-11.512925464970229,-10.077808,-5.0778084,-0.077808484,-6.5778084
-11.512925464970229,-11.512925464970229,-9.519644,-0.0196439809999999,-4.769644
-11.512925464970229,-11.512925464970229,-4.890077,-0.0150769949999999,-7.140077
-11.512925464970229,-9.41197,-1.9119704,-0.1619704399999999,-11.512925464970229
-7.395311,-0.14531094,-2.0203109,-9.770311,-11.512925464970229
-4.6532373,-0.0282373219999999,-4.0282373,-11.512925464970229,-11.512925464970229
-11.512925464970229,-11.512925464970229,-6.5241766,-0.024176477,-6.1491766
-11.512925464970229,-10.66466,-4.03966,-0.0396601399999999,-6.66466
-11.512925464970229,-7.994311,-2.6193106,-0.11931066,-8.24431
-11.512925464970229,-5.642068,-1.1420677,-0.6420677000000001,-10.517068
-11.512925464970229,-11.512925464970229,-6.167866,-0.042866036,-5.917866
-11.512925464970229,-11.512925464970229,-6.969182,-0.09418179,-5.469182
-11.512925464970229,-9.56558,-2.9405806,-0.065580696,-8.81558
-11.512925464970229,-11.512925464970229,-4.9205794,-0.0455794859999999,-8.54558
-11.512925464970229,-11.512925464970229,-5.833615,-0.083614685,-6.333615
-11.512925464970229,-11.512925464970229,-8.790648,-0.0406487799999999,-3.5406487
-11.512925464970229,-11.512925464970229,-6.2584763,-0.0084764045,-6.2584763
-11.512925464970229,-11.512925464970229,-10.67534,-0.3003396400000001,-1.9253397
-9.075481,-2.575482,-0.32548186,-2.825482,-11.325481
-4.889342,-0.13934173,-2.1393418,-8.264341,-11.512925464970229
-11.512925464970229,-11.319542,-4.9445424,-0.0695421999999999,-7.8195424
-5.0228186,-0.0228184049999999,-4.1478186,-11.512925464970229,-11.512925464970229
-11.512925464970229,-3.1394858,-0.26448593,-2.8894858,-11.512925464970229
-11.17952,-4.6795197,-0.4295197399999999,-1.1795198,-10.80452
-11.512925464970229,-3.5479724,-0.047972504,-4.2979727,-11.512925464970229
-10.476238,-1.2262385,-0.3512385199999999,-6.6012387,-11.512925464970229
-10.076431,-0.8264310000000001,-0.576431,-8.701431,-11.512925464970229
-11.512925464970229,-2.7176495,-0.092649534,-3.8426495,-11.512925464970229
-11.512925464970229,-5.6108885,-0.6108886,-0.8608886,-11.512925464970229
-11.512925464970229,-5.390442,-0.7654421,-0.6404421,-9.515442
-11.512925464970229,-6.853027,-0.4780269,-0.97802687,-11.512925464970229
-11.512925464970229,-4.9208665,-0.29586637,-1.4208664,-11.512925464970229
-11.512925464970229,-4.1565566,-0.40655652,-1.5315565,-10.906556
-11.31884,-0.69383997,-0.69383997,-7.44384,-11.512925464970229
-9.514958,-1.1399589,-0.3899588,-6.389959,-11.512925464970229
-9.363582,-1.2385817,-0.3635817,-5.6135817,-11.512925464970229
-6.7346487,-0.48464864,-0.98464864,-7.6096487,-11.512925464970229
-8.978479,-1.2284791,-0.3534792,-5.8534794,-11.512925464970229
-9.631211,-3.0062113,-0.2562111599999999,-1.8812112,-11.512925464970229
-8.079151,-0.8291512,-0.5791512000000001,-6.454151,-11.512925464970229
-11.512925464970229,-3.5196733,-0.14467323,-2.2696733,-11.512925464970229
-9.975105,-1.2251053,-0.3501053499999999,-6.6001053,-11.512925464970229
-9.9106455,-1.4106452,-0.2856452999999999,-5.5356455,-11.512925464970229
-11.512925464970229,-5.1395717,-0.26457176,-1.5145718,-11.512925464970229
-10.691148,-4.066148,-0.31614766,-1.4411477,-10.941148
-7.6528597,-1.1528599,-0.40285987,-4.2778597,-11.512925464970229
-11.512925464970229,-4.855688,-0.6056883300000001,-0.85568833,-9.480688
-7.9748073,-0.3498072,-1.2248073,-8.599807,-11.512925464970229
-10.870471,-4.3704705,-0.6204707,-0.8704707,-9.370471
-11.512925464970229,-9.800259,-3.0502589,-0.0502587629999999,-8.675259
-11.512925464970229,-3.4214072,-0.04640724,-4.421407,-11.512925464970229
-0.20150903,-1.701509,-9.576509,-11.512925464970229,-11.512925464970229
-9.262155,-0.3871548999999999,-1.1371549,-8.887155,-11.512925464970229
-4.909115,-0.03411483,-3.6591148,-11.512925464970229,-11.512925464970229
-11.512925464970229,-4.9372087,-0.5622086,-1.0622087,-11.312208
-11.512925464970229,-11.512925464970229,-4.651128,-0.026127623,-7.651128
-11.512925464970229,-7.4794173,-0.9794175,-0.4794174999999999,-10.729418
-11.512925464970229,-8.197189,-2.1971893,-0.1971894199999999,-8.697189
-7.1657214,-2.6657212,-0.91572124,-0.6657212399999999,-4.1657214
-11.512925464970229,-6.79259,-1.1675904,-0.4175903199999999,-10.29259
-11.512925464970229,-9.519825,-3.1448247,-0.14482465,-7.6448245
-11.512925464970229,-8.470121,-2.4701216,-0.09512168,-7.595122
-11.512925464970229,-11.512925464970229,-8.06275,-0.0627495649999999,-3.5627496
-11.512925464970229,-4.794455,-0.16945483,-1.9194548,-11.512925464970229
-11.512925464970229,-3.8422954,-0.09229546,-2.7172954,-11.512925464970229
-11.512925464970229,-11.512925464970229,-11.1696415,-0.2946416399999999,-2.4196417
-11.512925464970229,-10.279002,-3.654002,-0.15400192,-7.1540017
-3.6894841,-0.18948402,-1.939484,-5.564484,-11.512925464970229
-6.0652704,-0.4402703299999999,-1.0652703,-5.9402704,-11.512925464970229
-6.89544,-0.14544019,-2.02044,-10.14544,-11.512925464970229
-11.512925464970229,-11.512925464970229,-4.020849,-0.020849345,-8.270849
-10.71597,-2.5909703,-0.0909701959999999,-4.59097,-11.512925464970229
-11.512925464970229,-5.409372,-0.40937194,-1.159372,-11.512925464970229
-11.512925464970229,-9.847862,-2.847862,-0.097862005,-10.097862
-11.512925464970229,-8.43078,-1.0557806,-0.4307806199999999,-11.512925464970229
-11.512925464970229,-9.940388,-3.1903877,-0.0653877499999999,-10.190388
-10.268235,-2.1432354,-0.1432355,-4.3932357,-11.512925464970229
-10.222245,-4.097245,-0.3472454200000001,-1.3472455,-8.972245
-7.3895726,-0.51457244,-1.0145724,-7.1395726,-11.512925464970229
-11.512925464970229,-8.388135,-1.1381353,-0.3881353,-11.263135
-11.512925464970229,-8.632382,-2.3823824,-0.25738242,-9.632382
-11.512925464970229,-11.512925464970229,-7.2715,-0.02150025,-3.8965003
-11.512925464970229,-10.807847,-4.307847,-0.0578471239999999,-6.682847
-7.311234,-0.3112341999999999,-1.4362342,-7.561234,-11.512925464970229
-7.6021566,-0.72715646,-0.72715646,-6.2271566,-11.512925464970229
-4.4003525,-0.025352575,-4.4003525,-11.512925464970229,-11.512925464970229
-11.512925464970229,-11.512925464970229,-5.435024,-0.060023874,-7.185024
-11.512925464970229,-10.176382,-3.426382,-0.051382173,-8.926382
-11.512925464970229,-11.512925464970229,-5.755303,-0.005303131,-6.630303
-9.979067,-1.854067,-0.2290669999999999,-3.729067,-11.512925464970229
-11.512925464970229,-11.512925464970229,-5.276565,-0.026565008,-7.026565
-11.512925464970229,-10.7873125,-3.5373127,-0.03731272,-9.0373125
-11.512925464970229,-11.512925464970229,-7.393809,-0.0188088,-5.518809
-11.512925464970229,-11.512925464970229,-9.849703,-0.9747031,-0.4747030699999999
-11.512925464970229,-11.512925464970229,-4.27197,-0.0219696539999999,-8.14697
-6.6142592,-0.1142591239999999,-2.2392592,-9.614259,-11.512925464970229
-11.512925464970229,-11.512925464970229,-6.134838,-0.0098382559999999,-5.634838
-11.512925464970229,-11.512925464970229,-10.576932,-0.0769316599999999,-2.9519317
-11.512925464970229,-11.030837,-3.5308375,-0.0308375269999999,-7.1558375
-3.4091866,-0.4091866999999999,-1.2841867,-3.6591866,-9.534186
-6.477495,-0.1024952199999999,-2.3524952,-10.852495,-11.512925464970229
-4.392311,-0.017311065,-5.392311,-11.512925464970229,-11.512925464970229
-11.167784,-4.042784,-0.5427842,-0.9177842,-10.292784
-11.512925464970229,-11.512925464970229,-6.6288357,-0.0038357097999999,-6.0038357
-11.512925464970229,-11.512925464970229,-6.0102434,-0.010243412,-5.7602434
-11.512925464970229,-8.631964,-2.1319637,-0.13196366,-8.381964
-11.512925464970229,-11.512925464970229,-4.3880873,-0.013087058,-8.888087
-11.321907,-4.071907,-0.44690686,-1.0719068,-9.696907
-11.512925464970229,-11.512925464970229,-4.63853,-0.0135299389999999,-6.01353
-11.512925464970229,-11.512925464970229,-11.078559,-0.5785591,-0.8285591
-11.512925464970229,-11.512925464970229,-5.518249,-0.0182492169999999,-4.518249
-11.512925464970229,-11.512925464970229,-5.512259,-0.012258977,-6.512259
-11.512925464970229,-11.512925464970229,-6.0069704,-0.0069702784999999,-6.3819704
-11.512925464970229,-11.512925464970229,-11.008647,-0.6336466699999999,-0.7586466700000001
-11.512925464970229,-10.909698,-4.159697,-0.0346972869999999,-7.159697
-4.9031324,-0.0281326619999999,-3.9031327,-11.512925464970229,-11.512925464970229
-11.512925464970229,-5.328298,-0.70329815,-0.70329815,-9.578299
-11.512925464970229,-8.704399,-2.7043986,-0.07939863,-8.704399
-11.512925464970229,-8.447059,-2.6970584,-0.3220584999999999,-9.322059
-11.512925464970229,-6.5147276,-1.1397276,-0.5147275300000002,-11.264728
-11.512925464970229,-8.8945265,-2.0195262,-0.1445262399999999,-10.6445265
-7.4458413,-0.0708412799999999,-2.6958413,-11.512925464970229,-11.512925464970229
-10.014714,-1.1397144,-0.38971436,-6.2647142,-11.512925464970229
-11.512925464970229,-10.427542,-3.802542,-0.0525419819999999,-8.677542
-11.512925464970229,-11.512925464970229,-4.018448,-0.0184479469999999,-8.143448
-11.512925464970229,-11.512925464970229,-11.512925464970229,-1.9167151,-0.1667151
-11.512925464970229,-10.697628,-2.6976275,-0.07262756,-7.9476275
-11.512925464970229,-7.6951075,-1.3201073,-0.32010734,-9.570107
-11.512925464970229,-11.512925464970229,-8.758366,-0.008365162,-5.383365
-11.512925464970229,-11.512925464970229,-10.990931,-0.8659306,-0.6159305999999999
-11.512925464970229,-9.187715,-3.062714,-0.06271418,-8.812715
-11.512925464970229,-8.474328,-1.2243284,-0.3493284300000001,-11.512925464970229
-11.512925464970229,-8.479853,-1.6048527,-0.2298526199999999,-10.354853
-0.8262972,-0.5762971999999998,-8.451297,-11.512925464970229,-11.512925464970229
-11.512925464970229,-6.478542,-0.97854173,-0.4785417599999999,-8.603541
-11.512925464970229,-6.7257175,-1.3507175,-0.3507175,-8.475718
-11.512925464970229,-5.3983116,-0.77331185,-0.64831185,-10.898312
-11.512925464970229,-6.498146,-1.373146,-0.3731460299999999,-9.748146
-11.512925464970229,-11.161939,-3.4119391,-0.03693906,-8.536939
-11.512925464970229,-4.650888,-0.27588797,-1.525888,-10.650888
-11.512925464970229,-8.668134,-3.2931335,-0.043133587,-6.2931337
-8.191251,-1.0662509,-0.44125095,-5.816251,-11.512925464970229
-11.512925464970229,-11.512925464970229,-5.766977,-0.0169766269999999,-5.891977
-11.512925464970229,-9.0820055,-2.7070055,-0.0820055159999999,-8.4570055
-11.512925464970229,-11.512925464970229,-6.466434,-0.0914339699999999,-7.091434
-11.512925464970229,-11.512925464970229,-8.180199,-0.1801987699999999,-1.8051988
-11.512925464970229,-7.6241174,-2.2491174,-0.1241174099999999,-7.1241174
-8.808349,-1.5583483,-0.30834827,-3.4333482,-11.512925464970229
-11.512925464970229,-4.928667,-0.053666893,-3.6786668,-11.512925464970229
-1.8075851,-0.18258508,-6.3075852,-11.512925464970229,-11.512925464970229
-11.512925464970229,-6.570159,-0.6951588,-0.6951588,-11.512925464970229
-11.512925464970229,-5.6033845,-0.7283847,-0.7283847,-10.728385
-11.29637,-3.2963696,-0.17136963,-2.2963696,-11.512925464970229
-10.7893095,-3.1643095,-0.28930944,-1.9143095,-11.4143095
-11.512925464970229,-3.1336915,-0.13369155,-2.7586915,-11.512925464970229
-11.512925464970229,-4.1309743,-0.38097438,-1.6309744,-11.512925464970229
-11.512925464970229,-11.512925464970229,-7.006212,-0.0062121012999999,-5.631212
-6.5319443,-1.1569445,-0.53194445,-3.0319445,-11.512925464970229
-9.930623,-1.9306227,-0.1806226999999999,-3.9306226,-11.512925464970229
-10.25739,-2.75739,-0.1323901099999999,-3.00739,-11.512925464970229
-7.9607253,-0.7107253,-0.7107253,-5.2107253,-11.512925464970229
-11.512925464970229,-11.512925464970229,-6.6352096,-0.0102097799999999,-5.0102096
-11.512925464970229,-7.570634,-1.8206336,-0.1956336799999999,-8.695634
-4.886202,-0.011201899,-5.636202,-11.512925464970229,-11.512925464970229
-11.512925464970229,-3.964724,-0.089723945,-2.714724,-11.512925464970229
-0.63279283,-0.75779283,-9.132792,-11.512925464970229,-11.512925464970229
-11.512925464970229,-9.4869,-3.3618999,-0.23689988,-9.3619
-9.766921,-2.891921,-0.1419210599999999,-2.641921,-11.512925464970229
-11.350642,-3.7256422,-0.1006421399999999,-2.7256422,-11.512925464970229
-4.252617,-0.2526170299999999,-1.627617,-4.377617,-11.512925464970229
-11.512925464970229,-3.1976645,-0.072664484,-3.5726645,-11.512925464970229
-11.512925464970229,-4.9219656,-0.6719655,-1.0469655,-11.046966
-6.8790183,-0.2540184599999999,-1.5040184,-8.004019,-11.512925464970229
-11.15526,-4.78026,-0.6552601999999998,-0.7802602000000001,-9.03026
-11.512925464970229,-4.268855,-0.14385533,-2.6438553,-11.512925464970229
-3.228094,-0.10309401,-2.853094,-7.353094,-11.512925464970229
-11.512925464970229,-4.4660187,-0.5910188600000001,-1.4660189,-11.512925464970229
-11.512925464970229,-9.73845,-4.36345,-0.1134500899999999,-8.11345
-8.452702,-1.452702,-0.32770202,-5.452702,-11.512925464970229
-9.103911,-1.4789115,-0.35391155,-5.3539114,-11.512925464970229
-11.512925464970229,-8.67589,-2.30089,-0.1758899099999999,-9.67589
-1.5023068,-0.2523068,-8.002307,-11.512925464970229,-11.512925464970229
-10.461985,-3.2119844,-0.5869844600000002,-2.7119844,-11.512925464970229
-9.765733,-1.6407328,-0.26573282,-4.640733,-11.512925464970229
-9.824876,-1.824876,-0.1998759699999999,-4.199876,-11.512925464970229
-11.366659,-3.9916594,-0.24165937,-1.7416594,-11.241659
-11.512925464970229,-5.385822,-0.1358215999999999,-2.2608216,-11.512925464970229
-11.034471,-3.7844706,-0.15947068,-2.2844706,-11.512925464970229
-11.512925464970229,-11.512925464970229,-4.146065,-0.021065194,-6.271065
-5.13602,-0.2610203299999999,-1.8860203,-7.63602,-11.512925464970229
-10.928881,-1.5538802,-0.30388027,-5.67888,-11.512925464970229
-11.512925464970229,-8.826845,-2.826845,-0.0768450099999999,-6.576845
-11.512925464970229,-7.2519994,-0.75199944,-0.75199944,-11.512925464970229
-11.512925464970229,-11.512925464970229,-9.730841,-0.2308404699999999,-1.6058404
-10.717802,-4.4678016,-0.59280163,-1.2178016,-9.592802
-2.0241113,-0.1491113499999999,-5.3991113,-11.512925464970229,-11.512925464970229
-5.405817,-0.030817065,-3.655817,-11.512925464970229,-11.512925464970229
-3.3017738,-0.0517739,-4.426774,-11.512925464970229,-11.512925464970229
-11.512925464970229,-8.239418,-2.2394183,-0.11441829,-10.364418
-11.512925464970229,-4.5546827,-0.42968297,-1.179683,-10.429683
-11.512925464970229,-8.528883,-2.0288825,-0.1538825299999999,-9.028883
-11.113933,-3.4889324,-0.23893233,-1.7389324,-11.512925464970229
-11.512925464970229,-5.116949,-0.49194914,-0.99194914,-10.241949
-9.979123,-2.1041234,-0.2291234,-2.7291234,-11.512925464970229
-11.512925464970229,-11.512925464970229,-5.882694,-0.0076935749999999,-7.132694
-2.2448218,-0.11982187,-5.119822,-11.512925464970229,-11.512925464970229
-11.512925464970229,-8.588564,-2.9635644,-0.2135643399999999,-9.588564
-10.013429,-2.7634287,-0.13842858,-2.7634287,-11.512925464970229
-11.512925464970229,-5.116949,-0.49194914,-0.99194914,-10.241949
-11.512925464970229,-11.512925464970229,-7.458262,-0.083262,-5.583262
-8.464743,-1.2147425,-0.58974254,-4.8397427,-11.512925464970229
-9.31071,-1.9357102,-0.18571024,-4.6857104,-11.512925464970229
-8.873296,-0.9982954,-0.4982953999999999,-5.8732953,-11.512925464970229
-10.730348,-2.8553479,-0.1053478049999999,-3.8553479,-11.512925464970229
-11.512925464970229,-10.164426,-3.2894258,-0.03942592,-8.539426
-11.512925464970229,-10.045372,-4.2953725,-0.29537234,-7.7953725
-11.512925464970229,-3.6031125,-0.1031125,-2.7281125,-11.512925464970229
-11.512925464970229,-6.143623,-0.3936227999999999,-1.1436228,-11.512925464970229
-11.512925464970229,-5.602873,-0.3528726,-1.4778726,-11.512925464970229
-11.512925464970229,-8.240847,-2.7408464,-0.1158464249999999,-8.740847
-11.512925464970229,-8.958505,-2.7085052,-0.08350504,-8.458505
-0.1605652,-1.9105651,-8.035565,-11.512925464970229,-11.512925464970229
-11.512925464970229,-11.512925464970229,-8.563989,-0.1889887499999999,-2.8139887
-10.596621,-3.2216206,-0.0966205099999999,-3.0966206,-11.512925464970229
-11.512925464970229,-11.512925464970229,-8.158138,-0.033138636,-3.6581388
-11.512925464970229,-11.512925464970229,-8.293575,-0.043575685,-3.1685758
-11.512925464970229,-11.512925464970229,-5.3883653,-0.0133652714999999,-4.7633653
-11.512925464970229,-10.892734,-4.3927336,-0.0177338099999999,-7.3927336
-11.512925464970229,-7.657173,-1.5321734,-0.2821733999999999,-10.657173
-5.2701297,-0.020129547,-4.2701297,-11.512925464970229,-11.512925464970229
-11.512925464970229,-11.512925464970229,-4.9256644,-0.05066442,-7.9256644
-11.512925464970229,-11.292034,-4.4170346,-0.0420345099999999,-9.042034
-11.512925464970229,-8.385018,-2.3850183,-0.13501827,-9.260018
-11.512925464970229,-6.2198324,-0.8448326,-0.5948326,-11.094832
-11.512925464970229,-9.379235,-2.7542353,-0.3792353600000001,-9.504235
-11.512925464970229,-11.512925464970229,-4.6435933,-0.01859329,-8.268593
-11.512925464970229,-11.512925464970229,-5.0375667,-0.0375667249999999,-6.6625667
-11.512925464970229,-11.512925464970229,-7.162458,-0.1624580799999999,-1.9124581
-11.512925464970229,-8.545896,-2.5458953,-0.17089528,-9.420896
-11.512925464970229,-10.288605,-3.6636052,-0.038605146,-9.538605
-11.512925464970229,-11.159997,-3.409997,-0.0349969599999999,-9.909997
-11.512925464970229,-11.512925464970229,-8.007605,-0.0076042549999999,-5.132604
-11.512925464970229,-8.431306,-2.4313056,-0.18130569,-9.556306
-11.512925464970229,-11.293381,-3.793381,-0.0433809719999999,-10.043381
-4.9605002,-0.2105001799999999,-1.7105002,-6.2105002,-11.512925464970229
-5.674602,-0.1746018199999999,-1.9246018,-8.924602,-11.512925464970229
-11.512925464970229,-6.536559,-0.91155905,-0.5365590500000001,-10.161559
-11.512925464970229,-11.265176,-4.5151753,-0.015175397,-9.640176
-11.512925464970229,-5.9606276,-0.5856278,-0.8356278,-11.210628
-11.512925464970229,-7.3644385,-0.98943853,-0.48943853,-11.512925464970229
-11.512925464970229,-11.512925464970229,-3.2882285,-0.038228538,-10.788229
-11.512925464970229,-11.512925464970229,-6.003856,-0.0038560128,-6.753856
-11.512925464970229,-9.246489,-2.7464883,-0.12148822,-8.621489
-3.6273353,-0.1273353099999999,-2.3773353,-8.877336,-11.512925464970229
-11.512925464970229,-5.8315578,-0.7065577,-0.7065577,-10.581557
-10.95207,-2.95207,-0.0770699599999999,-3.82707,-11.512925464970229
-5.0865555,-1.8365552,-0.7115553,-1.0865552,-5.0865555
-11.512925464970229,-11.512925464970229,-8.642369,-0.0173690579999999,-4.1423693
-11.512925464970229,-8.415283,-2.1652834,-0.16528335,-9.165283
-8.331371,-0.5813715,-0.8313715,-5.3313713,-11.512925464970229
-7.6281776,-0.12817754,-2.1281776,-10.253178,-11.512925464970229
-7.662227,-0.16222721,-1.9122272,-9.912228,-11.512925464970229
-11.512925464970229,-7.3624525,-1.7374525,-0.2374524499999999,-9.2374525
-11.512925464970229,-6.2858377,-0.5358377,-0.9108377,-11.512925464970229
-4.9378605,-0.06286062,-2.9378607,-11.512925464970229,-11.512925464970229
-11.512925464970229,-3.8769338,-0.3769337199999999,-2.1269338,-11.512925464970229
-10.9777565,-1.602757,-0.2277569599999999,-6.602757,-11.512925464970229
-6.131812,-0.5068120399999999,-1.0068121,-3.506812,-11.512925464970229
-11.512925464970229,-9.190335,-1.815335,-0.19033505,-11.065335
-11.512925464970229,-4.7467833,-0.3717832999999999,-1.2467833,-11.246783
-11.512925464970229,-7.4133267,-1.4133266,-0.28832662,-10.288326
-11.512925464970229,-7.233593,-1.483593,-0.35859302,-10.233593
-11.512925464970229,-11.512925464970229,-3.8970442,-0.022044284,-11.022044
-11.512925464970229,-11.512925464970229,-11.512925464970229,-0.43796167,-1.0629617
-11.512925464970229,-9.528284,-2.1532843,-0.15328424,-10.903284
-7.708789,-0.20878889,-1.7087889,-8.708789,-11.512925464970229
-9.177092,-1.1770916,-0.4270915399999999,-6.1770916,-11.512925464970229
-7.2654614,-0.2654614399999999,-1.6404614,-8.265461,-11.512925464970229
-11.512925464970229,-11.512925464970229,-6.3864765,-0.0114762999999999,-6.7614765
-11.512925464970229,-11.512925464970229,-4.931712,-0.0567119419999999,-7.056712
-11.512925464970229,-11.512925464970229,-5.006942,-0.006941745,-8.881942
-10.977518,-2.9775183,-0.1025182459999999,-3.3525183,-11.512925464970229
-5.1999617,-0.9499614,-0.6999614,-2.1999614,-8.199962
-11.512925464970229,-10.406677,-3.531677,-0.15667708,-11.031677
-11.512925464970229,-7.60594,-1.73094,-0.3559399499999999,-9.10594
-11.420066,-8.545066,-3.1700659,-0.2950658500000001,-1.5450659
-9.533352,-0.90835196,-0.53335196,-8.033352,-11.512925464970229
-11.512925464970229,-10.222797,-2.722797,-0.0977970359999999,-10.472797
-11.512925464970229,-11.039225,-3.9142249,-0.0392248899999999,-7.039225
-11.512925464970229,-11.512925464970229,-7.1039143,-0.10391437,-5.8539143
-11.512925464970229,-5.577958,-1.0779583,-1.8279583,-11.512925464970229
-11.512925464970229,-6.155266,-1.2802658,-0.53026587,-9.030266
-11.512925464970229,-4.7482967,-0.37329692,-1.623297,-11.373297
-5.033741,-0.033740792,-3.6587408,-11.512925464970229,-11.512925464970229
-11.475917,-2.3509169,-0.2259168799999999,-4.475917,-11.512925464970229
-11.512925464970229,-8.859403,-1.6094028,-0.2344027799999999,-11.512925464970229
-4.6212053,-0.3712055,-1.2462056,-4.3712053,-11.512925464970229
-5.975068,-0.6000682,-0.8500682000000002,-3.850068,-11.512925464970229
-10.14654,-2.39654,-0.27153993,-4.2715397,-11.512925464970229
-11.512925464970229,-5.2501698,-0.75016975,-0.75016975,-10.00017
-11.512925464970229,-11.512925464970229,-5.707576,-0.0825757799999999,-7.957576
-0.026440214,-3.6514401,-9.526441,-11.512925464970229,-11.512925464970229
-11.512925464970229,-11.512925464970229,-7.800112,-0.050111946,-3.925112
-11.512925464970229,-6.602454,-1.2274542,-0.35245413,-9.477454
-11.512925464970229,-10.032405,-3.532405,-0.0324048139999999,-8.282405
-11.512925464970229,-11.512925464970229,-7.5289717,-0.0289718999999999,-6.1539717
-5.4037743,-0.4037743,-1.1537743,-4.4037743,-11.512925464970229
-10.973638,-2.8486373,-0.09863741,-4.2236376,-11.512925464970229
-11.512925464970229,-4.4926925,-0.6176924999999999,-1.4926925,-11.242693
-11.512925464970229,-4.6972804,-0.0722804139999999,-2.8222804,-11.512925464970229
-11.512925464970229,-5.474502,-0.5995021499999998,-0.84950215,-11.512925464970229
-11.512925464970229,-8.352227,-0.9772272,-0.47722724,-10.852227
-11.512925464970229,-3.8596084,-0.2346084299999999,-1.9846084,-11.512925464970229
-5.167818,-0.1678180799999999,-1.9178181,-6.292818,-11.512925464970229
-8.100971,-0.100971505,-2.3509715,-11.225971,-11.512925464970229
-11.512925464970229,-4.4551487,-0.2051488499999999,-1.8301488,-11.512925464970229
-11.512925464970229,-11.512925464970229,-5.41354,-0.038539656,-7.78854
-11.247851,-2.7478516,-0.1228515,-2.9978516,-11.512925464970229
-11.512925464970229,-11.512925464970229,-4.513561,-0.013560986,-6.888561
-11.512925464970229,-8.034536,-2.5345366,-0.2845365699999999,-9.534536
-11.512925464970229,-4.1707654,-0.4207652799999999,-1.5457653,-11.512925464970229
-11.512925464970229,-11.512925464970229,-8.160948,-0.2859480699999999,-5.4109483
-11.512925464970229,-11.498059,-4.6230593,-0.123059265,-7.9980593
-4.0875516,-0.08755168,-2.7125516,-7.3375516,-11.512925464970229
-11.512925464970229,-5.2217107,-0.22171082,-1.7217108,-11.512925464970229
-11.512925464970229,-11.512925464970229,-3.2895935,-0.039593454,-9.914594
-11.512925464970229,-8.672201,-2.0472012,-0.1722012,-10.672201
-9.061164,-1.8111634,-0.31116346,-3.4361634,-11.512925464970229
-11.323557,-3.573557,-0.3235569,-1.4485569,-11.198557
-11.512925464970229,-9.932685,-2.9326844,-0.05768453,-9.432685
-11.512925464970229,-10.795549,-3.295549,-0.045548957,-8.795549
-11.512925464970229,-10.059317,-3.1843166,-0.0593167199999999,-7.0593166
-11.512925464970229,-11.512925464970229,-10.165953,-0.5409525599999999,-4.0409527
-9.968354,-4.718354,-0.8433542,-0.5933542,-7.843354
-11.512925464970229,-9.480739,-2.4807382,-0.1057382599999999,-9.230739
-11.512925464970229,-9.308138,-3.0581377,-0.058137674,-9.058138
-11.512925464970229,-11.167267,-4.042267,-0.0422668529999999,-6.792267
-11.512925464970229,-11.512925464970229,-7.0032315,-0.003231306,-6.5032315
-11.512925464970229,-9.66142,-4.03642,-0.036419984,-8.03642
-11.512925464970229,-6.0072746,-0.25727457,-1.5072746,-11.512925464970229
-11.512925464970229,-7.0590267,-1.0590266,-0.4340265999999999,-10.309027
-11.512925464970229,-4.424861,-0.17486107,-1.9248611,-11.512925464970229
-11.512925464970229,-11.512925464970229,-7.540681,-0.04068093,-5.040681
-11.512925464970229,-11.512925464970229,-7.1471477,-0.1471478499999999,-5.6471477
-11.512925464970229,-11.512925464970229,-7.142341,-0.017341057,-4.392341
-11.512925464970229,-11.512925464970229,-10.070122,-0.070121825,-2.6951218
-11.512925464970229,-11.512925464970229,-9.915201,-0.040201582,-3.2902017
-11.512925464970229,-11.512925464970229,-3.9004514,-0.0254514739999999,-8.025452
-11.512925464970229,-7.0552816,-3.1802816,-0.43028152,-1.1802815
-11.447314,-4.0723143,-0.19731422,-2.0723143,-11.512925464970229
-11.512925464970229,-11.512925464970229,-7.6029425,-0.102942385,-3.2279425
-11.512925464970229,-9.091618,-2.9666178,-0.09161793,-7.591618
-11.512925464970229,-11.512925464970229,-10.070122,-0.070121825,-2.6951218
-11.512925464970229,-11.512925464970229,-10.776352,-0.15135184,-2.276352
-11.512925464970229,-11.512925464970229,-9.414256,-0.03925653,-3.2892566
-11.512925464970229,-11.512925464970229,-6.912303,-0.037302963,-5.037303
-11.512925464970229,-8.955421,-1.7054218,-0.20542185,-10.580421
-9.33028,-1.2052803,-0.4552803599999999,-5.0802803,-11.512925464970229
-7.59005,-1.3400502,-0.3400501599999999,-4.09005,-11.512925464970229
-11.512925464970229,-4.1319084,-0.1319082799999999,-2.2569082,-11.512925464970229
-11.512925464970229,-4.087416,-0.08741613,-3.4624162,-11.512925464970229
-9.780389,-2.905389,-0.4053891599999999,-3.405389,-11.512925464970229
-7.484458,-0.98445785,-0.48445782,-4.859458,-11.512925464970229
-11.512925464970229,-8.350908,-2.475908,-0.1009080399999999,-9.100908
-11.512925464970229,-7.7266636,-1.6016636,-0.22666365,-9.601664
-11.512925464970229,-11.512925464970229,-8.826609,-0.5766089999999999,-0.826609
-11.512925464970229,-8.636907,-2.8869066,-0.13690667,-7.7619066
-11.512925464970229,-7.6337104,-1.5087103,-0.2587102399999999,-9.50871
-11.512925464970229,-10.805231,-2.9302313,-0.0552313599999999,-10.055231
-11.512925464970229,-8.791924,-1.9169242,-0.16692425,-10.041924
-5.673465,-0.048464604,-3.1734645,-10.798465,-11.512925464970229
-10.903105,-3.2781043,-0.27810434,-2.2781043,-11.512925464970229
-5.7314577,-0.10645795,-2.356458,-9.356458,-11.512925464970229
-8.219027,-0.5940265999999998,-0.9690266,-6.3440266,-11.512925464970229
-11.512925464970229,-5.836826,-0.9618259,-0.7118259,-11.086826
-11.512925464970229,-5.1425967,-0.017596897,-4.5175967,-11.512925464970229
-11.512925464970229,-9.320261,-2.9452608,-0.07026073,-9.320261
-11.512925464970229,-6.2079,-0.58290005,-0.83290005,-11.3329
-11.512925464970229,-8.606054,-1.606054,-0.2310539499999999,-11.106054
-11.512925464970229,-8.430849,-1.8058486,-0.18084866,-10.680849
-11.512925464970229,-10.689259,-4.189259,-0.06425886,-7.939259
-6.4471374,-1.0721374,-0.4471373,-4.5721374,-11.512925464970229
-11.512925464970229,-11.0386915,-3.6636918,-0.0386918559999999,-8.7886915
-11.512925464970229,-10.307049,-2.932049,-0.057049118,-10.182049
-11.512925464970229,-6.953342,-0.82834196,-0.5783419599999999,-11.512925464970229
-11.512925464970229,-11.512925464970229,-6.261553,-0.011553014,-6.886553
-11.512925464970229,-6.7642827,-1.0142826,-0.5142826,-11.264282
-10.893039,-2.2680392,-0.1430391,-3.7680392,-11.512925464970229
-9.336454,-0.83645445,-0.58645445,-7.2114544,-11.512925464970229
-6.2271085,-0.35210848,-1.2271085,-7.2271085,-11.512925464970229
-11.512925464970229,-5.9590397,-0.5840398700000001,-0.83403987,-11.512925464970229
-10.285888,-2.6608872,-0.2858872700000001,-3.0358872,-11.512925464970229
-11.512925464970229,-6.7654295,-1.7654295,-0.7654295,-9.8904295
-11.512925464970229,-7.077727,-1.077727,-0.5777269600000001,-11.202727
-11.512925464970229,-4.137224,-0.2622243000000001,-1.8872243,-11.387224
-10.234453,-1.7344531,-0.23445304,-3.859453,-11.512925464970229
-11.512925464970229,-9.645614,-2.0206137,-0.14561374,-9.145614
-10.496541,-3.8715408,-0.1215407899999999,-2.3715408,-11.512925464970229
-11.512925464970229,-8.379365,-2.5043647,-0.1293646699999999,-7.2543645
-11.512925464970229,-5.296051,-0.5460511000000001,-0.9210511,-11.512925464970229
-11.512925464970229,-11.269787,-4.519787,-0.019786699,-8.769787
-11.512925464970229,-11.512925464970229,-9.863086,-0.11308563,-2.3630857
-11.512925464970229,-10.34038,-2.4653795,-0.09037944,-10.71538
-11.512925464970229,-7.766278,-2.266278,-0.39127794,-8.891278
-11.335461,-3.710461,-0.0854609799999999,-3.085461,-11.512925464970229
-11.512925464970229,-6.003026,-0.12802601,-2.253026,-11.512925464970229
-11.512925464970229,-6.822069,-1.0720694,-0.4470693799999999,-9.822069
-11.512925464970229,-7.849474,-1.224474,-0.34947392,-9.974474
-11.512925464970229,-8.715979,-2.5909789,-0.0909789,-7.965979
-11.512925464970229,-3.7289166,-0.1039165259999999,-3.3539166,-11.512925464970229
-11.512925464970229,-10.228168,-2.3531675,-0.10316755,-9.978168
-4.6001544,-0.10015437,-2.8501544,-10.225154,-11.512925464970229
-11.512925464970229,-10.900289,-4.0252886,-0.025288414,-7.6502886
-6.4563003,-0.0813002,-2.5813003,-10.3313,-11.512925464970229
-11.512925464970229,-11.512925464970229,-6.152206,-0.02720606,-4.527206
-4.7051454,-0.0801452299999999,-2.7051451,-10.955145,-11.512925464970229
-6.664878,-0.03987792,-3.289878,-11.512925464970229,-11.512925464970229
-11.512925464970229,-10.556871,-3.0568714,-0.05687142,-10.306871
-11.512925464970229,-5.5933433,-0.21834321,-1.7183433,-11.512925464970229
-6.438666,-0.06366597,-2.8136659,-11.512925464970229,-11.512925464970229
-5.076684,-0.3266841799999999,-1.3266842,-4.951684,-11.512925464970229
-7.307459,-0.18245903,-1.807459,-9.557459,-11.512925464970229
-10.476165,-2.4761648,-0.1011649149999999,-4.476165,-11.512925464970229
-11.3665285,-3.4915285,-0.1165285299999999,-2.6165285,-11.512925464970229
-7.6525803,-0.6525800999999999,-0.9025801,-6.4025803,-11.512925464970229
-11.512925464970229,-5.9280014,-0.8030014,-0.6780014000000001,-11.303001
-10.980026,-2.4800265,-0.105026424,-5.2300262,-11.512925464970229
-2.7306216,-0.10562156,-3.3556216,-8.855621,-11.512925464970229
-7.229522,-0.4795224,-0.9795224,-6.354522,-11.512925464970229
-11.512925464970229,-11.143082,-4.1430817,-0.0180815759999999,-7.5180817
-11.512925464970229,-8.38986,-2.1398602,-0.13986023,-8.63986
-10.621416,-2.371416,-0.1214162099999999,-4.121416,-11.512925464970229
-11.512925464970229,-3.4562643,-0.08126426,-3.4562643,-11.512925464970229
-11.512925464970229,-5.7618694,-0.88686943,-0.63686943,-10.511869
-8.578002,-0.5780022000000001,-0.8280022,-6.828002,-11.512925464970229
-10.508427,-1.5084264,-0.25842646,-5.6334267,-11.512925464970229
-1.5034829,-0.2534829399999999,-6.628483,-11.512925464970229,-11.512925464970229
-3.9233735,-0.0483735129999999,-4.1733737,-11.512925464970229,-11.512925464970229
-11.512925464970229,-9.081457,-1.7064575,-0.2064575,-10.456457
-11.512925464970229,-4.849296,-0.34929618,-1.3492962,-11.224297
-11.512925464970229,-4.452086,-0.5770858500000001,-0.95208585,-10.0770855
-7.22274,-0.8477401,-0.5977401000000001,-5.09774,-11.512925464970229
-11.512925464970229,-4.3421936,-0.0921938199999999,-2.7171938,-11.512925464970229
-11.512925464970229,-4.249088,-0.2490879599999999,-1.6240879,-11.512925464970229
-11.512925464970229,-11.512925464970229,-6.521103,-0.021102667,-6.521103
-8.361324,-1.2363242,-0.36132416,-4.9863243,-11.512925464970229
-11.512925464970229,-9.46215,-2.8371496,-0.0871497,-8.21215
-9.529169,-2.029169,-0.15416908,-4.529169,-11.512925464970229
-11.512925464970229,-11.512925464970229,-6.25486,-0.0048599034,-7.75486
-11.512925464970229,-11.512925464970229,-11.144479,-0.2694788999999999,-1.6444789
-11.512925464970229,-10.795522,-3.1705213,-0.0455212899999999,-9.045522
-8.310633,-1.4356323,-0.31063235,-4.310632,-11.512925464970229
-11.512925464970229,-5.220325,-0.47032487,-1.2203249,-11.512925464970229
-4.157384,-0.0323840339999999,-4.282384,-11.512925464970229,-11.512925464970229
-11.512925464970229,-8.037468,-2.2874675,-0.1624675999999999,-9.287468
-11.512925464970229,-10.070593,-3.3205929,-0.0705928199999999,-9.445593
-11.512925464970229,-10.462071,-4.0870714,-0.08707146,-8.712071
-11.512925464970229,-6.014777,-0.7647771,-0.6397770999999999,-11.512925464970229
-11.512925464970229,-9.203121,-2.7031217,-0.07812164,-10.453121
-11.512925464970229,-5.231632,-0.35663235,-1.2316324,-11.512925464970229
-11.512925464970229,-11.512925464970229,-5.138514,-0.0135139429999999,-6.388514
-6.6940403,-0.3190404499999999,-1.3190404,-7.6940403,-11.512925464970229
-11.512925464970229,-11.512925464970229,-4.7602754,-0.010275159,-6.8852754
-11.512925464970229,-6.840168,-0.84016776,-0.59016776,-11.215168
-11.512925464970229,-8.134896,-2.1348958,-0.13489589,-9.759896
-11.512925464970229,-11.512925464970229,-9.207326,-0.0823260499999999,-2.582326
-11.512925464970229,-4.906801,-0.906801,-0.781801,-9.531801
-11.512925464970229,-10.292269,-3.6672688,-0.0422687899999999,-8.167269
-11.512925464970229,-3.1515095,-0.1515095199999999,-2.9015095,-11.512925464970229
-6.2188654,-0.34386516,-1.4688652,-7.4688654,-11.512925464970229
-11.512925464970229,-11.512925464970229,-4.2650914,-0.015091437,-7.8900914
-9.388418,-1.5134184,-0.2634184,-5.013418,-11.512925464970229
-11.512925464970229,-11.213766,-4.7137666,-0.088766485,-7.0887666
-11.444815,-4.3198147,-0.3198144699999999,-1.8198144,-11.319815
-5.068474,-0.6934736,-0.8184736,-2.9434736,-10.130974
-8.714169,-1.3391683,-0.3391682999999999,-4.5891685,-11.512925464970229
-11.512925464970229,-11.512925464970229,-5.3839126,-0.0089124789999999,-6.5089126
-11.512925464970229,-11.512925464970229,-11.512925464970229,-2.8367226,-0.086722724
-2.582261,-0.20726097,-2.207261,-6.457261,-11.512925464970229
-8.9061775,-3.2811778,-1.0311778,-0.5311777,-4.0311775
-9.239429,-1.6144298,-0.2394298199999999,-4.86443,-11.512925464970229
-11.512925464970229,-11.512925464970229,-9.530753,-0.0307535589999999,-3.7807536
-8.233479,-1.6084781,-0.3584780699999999,-3.608478,-11.512925464970229
-11.512925464970229,-5.343999,-0.2189990299999999,-2.343999,-11.512925464970229
-11.512925464970229,-3.0886123,-0.08861235,-3.7136123,-11.512925464970229
-9.461074,-0.8360737600000001,-0.5860737599999999,-6.961074,-11.512925464970229
-11.512925464970229,-11.512925464970229,-7.6431932,-0.018193373,-6.3931932
-11.512925464970229,-6.380397,-1.130397,-0.50539696,-11.130397
-11.512925464970229,-10.90235,-4.1523504,-0.0273503599999999,-7.7773504
-11.512925464970229,-11.512925464970229,-5.5198727,-0.019872595,-6.3948727
-11.512925464970229,-11.512925464970229,-5.400555,-0.0255551359999999,-7.650555
-11.512925464970229,-11.512925464970229,-7.1509337,-0.025933543,-6.2759337
-4.0258756,-0.27587575,-1.5258758,-5.1508756,-11.512925464970229
-11.512925464970229,-7.771346,-2.521346,-0.14634597,-8.896346
-11.512925464970229,-6.588952,-0.5889519999999999,-0.838952,-11.512925464970229
-11.512925464970229,-11.512925464970229,-7.4001617,-0.025161827,-6.6501617
-11.512925464970229,-11.512925464970229,-7.2940664,-0.0440664029999999,-7.9190664
-11.512925464970229,-11.512925464970229,-9.313467,-0.0634666199999999,-3.6884665
-11.512925464970229,-11.512925464970229,-5.1471696,-0.022169402,-8.147169
-11.512925464970229,-9.952064,-3.827064,-0.202064,-8.452064
-11.512925464970229,-6.7266006,-0.8516004,-0.6016004,-10.851601
-11.512925464970229,-3.8624778,-0.112477854,-2.4874778,-11.512925464970229
-11.512925464970229,-4.2304974,-0.2304971399999999,-1.8554971,-11.512925464970229
-11.512925464970229,-5.5283294,-0.6533295,-0.9033295,-9.90333
-11.512925464970229,-8.067457,-1.317457,-0.31745702,-9.942457
-11.512925464970229,-8.79277,-1.9177705,-0.1677705,-10.04277
-11.512925464970229,-9.04488,-1.9198803,-0.1698802999999999,-10.16988
-11.512925464970229,-8.624207,-2.624206,-0.12420618,-8.999207
-11.512925464970229,-11.402472,-3.7774715,-0.0274715669999999,-7.2774715
-5.0684633,-0.0684634,-2.8184633,-10.318463,-11.512925464970229
-9.46869,-0.8436896,-0.5936895999999999,-7.0936894,-11.512925464970229
-5.251403,-0.6264027,-0.8764027,-3.1264026,-10.001403
-11.512925464970229,-8.629439,-2.2544394,-0.1294392299999999,-8.754439
-11.512925464970229,-11.512925464970229,-4.89546,-0.020459902,-7.77046
-7.233653,-0.3586529,-1.2336528,-7.483653,-11.512925464970229
-6.74033,-0.4903304,-0.9903304,-6.11533,-11.512925464970229
-11.512925464970229,-7.7829175,-1.4079175,-0.2829174699999999,-11.157917
-3.293145,-0.0431448899999999,-5.2931447,-11.512925464970229,-11.512925464970229
-9.742102,-1.7421017,-0.2421016199999999,-5.2421017,-11.512925464970229
-6.238276,-0.6132760000000002,-0.863276,-3.363276,-11.512925464970229
-5.91584,-0.040840365,-3.2908404,-11.512925464970229,-11.512925464970229
-11.512925464970229,-6.2689767,-0.76897657,-0.76897657,-11.512925464970229
-11.512925464970229,-2.9496307,-0.0746306899999999,-4.0746307,-11.512925464970229
-11.512925464970229,-5.5371456,-0.28714544,-1.4121454,-11.512925464970229
-11.512925464970229,-11.512925464970229,-5.268718,-0.01871755,-6.893718
-0.0297886769999999,-3.5297887,-11.029789,-11.512925464970229,-11.512925464970229
-11.512925464970229,-11.512925464970229,-6.63219,-0.0071903346,-7.38219
-11.512925464970229,-6.469343,-0.844343,-0.5943430000000001,-11.344343
-11.512925464970229,-8.619093,-2.369093,-0.1190929039999999,-10.744093
-11.512925464970229,-11.512925464970229,-7.921339,-0.0463390799999999,-3.796339
-5.208071,-0.8330713,-0.8330713,-2.0830712,-7.583071
-11.512925464970229,-4.034324,-0.0343242619999999,-4.159324,-11.512925464970229
-6.2119646,-0.0869644699999999,-2.8369644,-11.512925464970229,-11.512925464970229
-4.430546,-0.0555455869999999,-3.1805456,-11.430546,-11.512925464970229
-10.87737,-2.6273696,-0.12736975,-3.8773696,-11.512925464970229
-11.512925464970229,-6.1548543,-0.5298541,-0.9048541,-11.512925464970229
-10.861662,-2.8616621,-0.1116621499999999,-3.1116621,-11.512925464970229
-11.512925464970229,-7.690793,-1.8157932,-0.1907931999999999,-9.690793
-11.512925464970229,-8.838809,-2.9638093,-0.2138092699999999,-8.838809
-8.193637,-1.3186373,-0.31863728,-5.4436374,-11.512925464970229
-11.512925464970229,-7.204297,-0.5792969,-0.8292968999999999,-11.512925464970229
-11.512925464970229,-6.978903,-1.6039028,-0.22890286,-6.228903
-8.706812,-1.8318114,-0.20681147,-3.8318114,-11.512925464970229
-11.512925464970229,-7.1087923,-0.9837921,-0.48379213,-11.512925464970229
-10.734964,-3.1099646,-0.10996456,-2.8599646,-11.512925464970229
-11.512925464970229,-11.512925464970229,-9.445021,-0.1950204399999999,-1.8200204
-10.601515,-2.8515153,-0.10151521,-3.6015153,-11.512925464970229
-11.512925464970229,-6.484972,-0.7349717999999998,-0.7349717999999998,-9.859972
-6.5125456,-0.2625454,-1.5125453,-7.6375456,-11.512925464970229
-8.809318,-1.0593176,-0.43431765,-5.9343176,-11.512925464970229
-11.512925464970229,-7.395729,-1.520729,-0.2707289500000001,-9.895729
-11.512925464970229,-10.89979,-4.0247893,-0.0247894149999999,-7.1497893
-11.512925464970229,-11.512925464970229,-6.026696,-0.0266964099999999,-6.901696
-11.512925464970229,-11.512925464970229,-4.0208206,-0.020820621,-8.395821
-11.512925464970229,-11.512925464970229,-6.635405,-0.010404945,-5.135405
-11.512925464970229,-11.512925464970229,-5.8843484,-0.009348373,-6.2593484
-11.512925464970229,-8.433871,-1.8088717,-0.1838717299999999,-11.058871
-11.512925464970229,-9.938159,-2.8131595,-0.0631593539999999,-8.688159
-11.512925464970229,-8.398868,-2.0238676,-0.14886752,-8.898868
-11.512925464970229,-11.512925464970229,-4.883776,-0.0087761199999999,-7.758776
-11.512925464970229,-11.512925464970229,-6.391335,-0.016334876,-5.641335
-11.512925464970229,-9.70868,-2.58368,-0.08367982,-6.9586797
-11.512925464970229,-11.512925464970229,-6.5110188,-0.011018584,-7.0110188
-10.193586,-1.8185866,-0.19358663,-5.193587,-11.512925464970229
-11.512925464970229,-7.908187,-1.4081867,-0.28318667,-11.512925464970229
-4.895035,-0.020034794,-4.395035,-11.512925464970229,-11.512925464970229
-11.512925464970229,-8.288812,-1.4138112,-0.2888112399999999,-10.538812
-11.512925464970229,-4.6642747,-0.4142746600000001,-1.2892747,-11.164274
-9.481219,-2.1062198,-0.2312197,-3.6062198,-11.512925464970229
-11.512925464970229,-9.470862,-2.9708622,-0.09586206,-8.845862
-7.0712414,-0.32124132,-1.3212414,-7.1962414,-11.512925464970229
-6.129963,-0.12996277,-2.1299627,-9.379963,-11.512925464970229
-11.512925464970229,-6.0808887,-0.5808885,-0.8308885,-11.512925464970229
-11.512925464970229,-6.1026154,-0.6026153000000001,-0.8526152999999999,-10.477615
-8.597905,-0.84790516,-0.72290516,-6.347905,-11.512925464970229
-10.36644,-2.3664403,-0.1164402699999999,-4.2414403,-11.512925464970229
-5.3038745,-0.0538745299999999,-3.0538745,-10.803875,-11.512925464970229
-11.512925464970229,-8.619376,-2.3693764,-0.11937636,-7.869376
-11.512925464970229,-5.524029,-1.1490288,-0.7740287,-9.899029
-8.638915,-0.38891548,-1.1389155,-7.8889155,-11.512925464970229
-9.849994,-0.9749938,-0.4749937999999999,-7.2249937,-11.512925464970229
-0.69362104,-0.69362104,-8.068621,-11.512925464970229,-11.512925464970229
-11.512925464970229,-11.315442,-5.1904426,-0.0654423459999999,-5.3154426
-9.530728,-2.0307288,-0.15572876,-4.780729,-11.512925464970229
-4.240487,-0.1154872,-2.365487,-7.240487,-11.512925464970229
-10.150722,-2.1507215,-0.1507215599999999,-4.2757215,-11.512925464970229
-11.512925464970229,-11.459219,-5.3342195,-0.2092193,-5.8342195
-11.267812,-2.6428115,-0.14281146,-3.7678115,-11.512925464970229
-11.512925464970229,-6.6150193,-0.99001926,-0.4900192600000001,-10.990019
-11.512925464970229,-11.512925464970229,-11.512925464970229,-11.512925464970229,-3.1281633002760384e-07
-10.850468,-2.6004677,-0.1004677199999999,-4.1004677,-11.512925464970229
-11.512925464970229,-6.770871,-1.645871,-0.27087107,-9.395871
-11.512925464970229,-11.512925464970229,-7.3978267,-0.022826677,-6.3978267
-11.512925464970229,-11.512925464970229,-6.2165275,-0.09152742,-7.4665275
-11.512925464970229,-9.695459,-2.945459,-0.070458956,-8.070459
-2.81731,-0.0673099999999999,-5.31731,-11.512925464970229,-11.512925464970229
-11.512925464970229,-5.025758,-0.15075786,-2.0257578,-11.512925464970229
-10.766618,-2.141618,-0.1416179399999999,-4.266618,-11.512925464970229
-11.512925464970229,-11.413706,-3.6637058,-0.0387058399999999,-8.663706
-11.512925464970229,-7.454213,-1.3292131,-0.32921308,-11.512925464970229
-11.512925464970229,-4.8132796,-0.18827966,-1.9382796,-11.512925464970229
-11.512925464970229,-4.1264153,-0.1264154799999999,-2.6264155,-11.512925464970229
-11.512925464970229,-5.57883,-0.3288296199999999,-1.3288296,-11.512925464970229
-11.512925464970229,-7.5730305,-0.69803023,-0.69803023,-11.512925464970229
-10.389657,-2.514657,-0.1396569299999999,-3.014657,-11.512925464970229
-11.512925464970229,-10.147917,-4.522917,-0.39791697,-1.147917
-8.023996,-2.6489968,-0.7739967999999999,-0.7739967999999999,-5.023997
-11.512925464970229,-4.8305893,-0.3305895300000001,-1.3305895,-11.455589
-11.512925464970229,-10.669135,-3.6691353,-0.044135418,-9.919135
-11.512925464970229,-11.512925464970229,-6.8554544,-0.1054545499999999,-5.4804544
-11.512925464970229,-8.739812,-2.2398117,-0.2398116,-10.864812
-11.512925464970229,-3.7926466,-0.0426466279999999,-4.0426464,-11.512925464970229
-8.366038,-0.4910386200000001,-0.9910386,-8.241038,-11.512925464970229
-7.825789,-0.4507889,-1.0757889,-6.700789,-11.512925464970229
-7.4119415,-0.16194144,-1.9119414,-8.411942,-11.512925464970229
-11.512925464970229,-5.325846,-0.3258464,-1.3258464,-11.450847
-10.587765,-3.087765,-0.21276504,-2.212765,-11.512925464970229
-11.512925464970229,-11.512925464970229,-5.30411,-0.054110136,-7.55411
-11.512925464970229,-2.8252473,-0.07524729,-5.0752473,-11.512925464970229
-11.352022,-2.9770226,-0.1020225699999999,-3.2270226,-11.512925464970229
-11.512925464970229,-7.913952,-1.4139521,-0.2889520499999999,-9.913952
-11.512925464970229,-8.871784,-2.746784,-0.1217840799999999,-7.746784
-11.365282,-3.2402816,-0.1152816799999999,-3.4902816,-11.512925464970229
-11.512925464970229,-10.289006,-3.414006,-0.0390059299999999,-9.039006
-11.512925464970229,-4.0887165,-0.08871653,-2.7137165,-11.512925464970229
-11.512925464970229,-11.512925464970229,-6.885973,-0.010973185,-6.635973
-11.512925464970229,-7.17635,-2.1763504,-0.1763503299999999,-9.551351
-11.512925464970229,-7.061595,-1.9365951,-0.1865950399999999,-9.811595
-11.512925464970229,-4.042217,-0.04221691,-3.792217,-11.512925464970229
-6.0609527,-0.1859526499999999,-2.1859527,-9.685952,-11.512925464970229
-11.512925464970229,-10.524912,-3.8999119,-0.0249119749999999,-8.024912
-11.243793,-4.3687925,-0.49379236,-1.1187923,-10.243793
-11.512925464970229,-4.3822446,-0.38224474,-1.2572447,-10.757245
-11.512925464970229,-4.917737,-0.16773704,-1.917737,-11.512925464970229
-11.512925464970229,-11.512925464970229,-4.4422483,-0.06724815,-7.6922483
-11.512925464970229,-11.512925464970229,-7.1305127,-0.0055126347999999,-5.3805127
-11.512925464970229,-11.140176,-4.390176,-0.015175624,-7.015176
-11.512925464970229,-11.512925464970229,-11.512925464970229,-1.31363,-0.3136299999999999
-11.512925464970229,-8.614016,-2.239016,-0.1140159999999999,-7.489016
-11.401227,-3.5262272,-0.15122722,-2.4012272,-11.512925464970229
-11.512925464970229,-11.272277,-4.022277,-0.022276772,-7.522277
-11.512925464970229,-11.512925464970229,-7.846299,-0.09629922,-2.4712992
-11.512925464970229,-4.825013,-0.0750132899999999,-2.8250134,-11.512925464970229
-11.512925464970229,-8.969059,-2.5940585,-0.094058536,-8.969059
-11.512925464970229,-5.250553,-0.50055313,-1.0005531,-10.625553
-1.6029068,-0.2279068499999999,-6.9779067,-11.512925464970229,-11.512925464970229
-6.51234,-0.2623401999999999,-1.5123402,-8.387341,-11.512925464970229
-9.170061,-2.1700609,-0.17006093,-3.4200609,-11.512925464970229
-11.512925464970229,-4.429602,-0.1796023,-1.9296023,-11.512925464970229
-10.731803,-2.4818025,-0.106802545,-4.1068025,-11.512925464970229
-8.429513,-0.42951307,-1.0545131,-8.179513,-11.512925464970229
-11.512925464970229,-3.593485,-0.21848522,-2.093485,-11.512925464970229
-11.512925464970229,-11.512925464970229,-7.3925495,-0.0175493379999999,-4.2675495
-8.530322,-8.280322,-4.5303226,-2.0303226,-0.15532252
-11.512925464970229,-5.666139,-0.29113916,-1.4161391,-11.512925464970229
-8.903616,-0.5286158999999999,-1.278616,-7.653616,-11.512925464970229
-11.512925464970229,-5.8873963,-0.76239616,-0.6373961600000001,-10.637396
-11.512925464970229,-11.512925464970229,-4.759584,-0.009583839,-8.259583
-10.73027,-1.6052706,-0.23027068,-6.105271,-11.512925464970229
-0.2271812399999999,-1.6021812,-7.9771814,-11.512925464970229,-11.512925464970229
-1.2550592,-0.38005927,-6.8800592,-11.512925464970229,-11.512925464970229
-3.3172655,-0.06726542,-3.5672655,-11.512925464970229,-11.512925464970229
-11.512925464970229,-4.385335,-0.1353348499999999,-2.260335,-11.512925464970229
-11.512925464970229,-11.512925464970229,-4.635796,-0.010795839,-7.510796
-11.512925464970229,-9.240494,-2.2404938,-0.1154936849999999,-9.865494
-11.512925464970229,-11.512925464970229,-4.8845677,-0.009567543,-7.3845677
-11.512925464970229,-11.512925464970229,-5.948663,-0.0736632,-6.823663
-11.512925464970229,-11.512925464970229,-6.5461335,-0.046133406,-6.4211335
-11.512925464970229,-11.512925464970229,-6.1309786,-0.0059786886,-6.6309786
-9.524674,-2.6496747,-0.1496745799999999,-2.7746747,-11.512925464970229
-11.512925464970229,-7.6432843,-1.1432842,-0.3932841699999999,-11.512925464970229
-11.512925464970229,-10.530934,-4.030934,-0.0309340339999999,-8.155934
-11.512925464970229,-11.512925464970229,-5.8953385,-0.020338772,-6.5203385
-11.512925464970229,-11.512925464970229,-7.5218186,-0.021818839,-5.7718186
-11.512925464970229,-10.9589,-4.9589005,-0.2089005099999999,-7.8339005
-8.598151,-0.09815134,-2.4731514,-11.223151,-11.512925464970229
-4.7695937,-0.0195939479999999,-4.6445937,-11.512925464970229,-11.512925464970229
-5.061709,-0.1867088,-1.8117088,-9.311708,-11.512925464970229
-10.572451,-3.6974506,-0.32245064,-1.6974506,-10.822451
-11.512925464970229,-6.650358,-0.9003582,-0.5253581999999999,-11.512925464970229
-11.512925464970229,-5.343852,-0.8438522,-1.0938523,-10.718852
-11.512925464970229,-7.7372885,-1.6122886,-0.2372885799999999,-10.862288
-7.68953,-0.31452996,-1.3145299,-8.56453,-11.512925464970229
-4.2975283,-0.0475281329999999,-3.422528,-8.797528,-11.512925464970229
-9.243301,-2.7433014,-0.118301466,-3.1183014,-11.512925464970229
-11.512925464970229,-11.512925464970229,-11.512925464970229,-1.1581497,-0.6581498
-11.512925464970229,-8.547114,-2.5471146,-0.1721147,-6.672115
-11.512925464970229,-3.4873402,-0.112340204,-3.4873402,-11.512925464970229
-11.512925464970229,-7.278493,-1.1534929,-0.4034928999999999,-10.653493
-11.512925464970229,-10.174039,-3.0490384,-0.0490384249999999,-10.174039
-11.512925464970229,-7.492191,-1.742191,-0.24219099,-8.367191
-7.061652,-0.43665227,-1.0616523,-7.311652,-11.512925464970229
-7.852133,-0.6021328599999999,-0.85213286,-7.102133,-11.512925464970229
-9.1288595,-1.8788594,-0.2538594,-4.8788595,-11.512925464970229
-8.288475,-0.9134752,-0.5384752,-5.288475,-11.512925464970229
-11.512925464970229,-10.158343,-3.7833436,-0.0333435459999999,-7.7833433
-10.596205,-2.971205,-0.096205026,-3.971205,-11.512925464970229
-11.512925464970229,-4.393683,-0.14368291,-2.268683,-11.512925464970229
-11.512925464970229,-4.781786,-0.031785805,-3.7817857,-11.512925464970229
-7.4235563,-0.2985565,-1.4235566,-7.2985563,-11.512925464970229
-11.512925464970229,-9.458541,-2.708541,-0.0835408939999999,-8.083541
-9.272598,-2.272598,-0.14759803,-3.397598,-11.512925464970229
-11.045068,-3.0450675,-0.17006756,-2.7950675,-11.512925464970229
-11.512925464970229,-4.491113,-0.3661134,-1.2411134,-11.241114
-11.2020645,-3.0770645,-0.07706444,-3.7020645,-11.512925464970229
-11.512925464970229,-11.512925464970229,-6.50776,-0.0077598234999999,-6.13276
-11.512925464970229,-4.079254,-0.079254046,-2.9542542,-11.512925464970229
-10.3859215,-0.6359219599999999,-0.76092196,-7.635922,-11.512925464970229
-5.157525,-0.0325248239999999,-3.6575248,-11.512925464970229,-11.512925464970229
-11.512925464970229,-11.512925464970229,-4.02161,-0.021609807,-5.89661
-11.512925464970229,-11.512925464970229,-9.29025,-0.0402497949999999,-3.4152498
-11.512925464970229,-11.512925464970229,-6.036745,-0.036745228,-7.286745
-11.512925464970229,-11.512925464970229,-5.049975,-0.0499747399999999,-7.549975
-11.512925464970229,-9.058859,-3.183859,-0.05885905,-8.058859
-11.512925464970229,-11.512925464970229,-6.504526,-0.0045260116,-6.379526
-11.512925464970229,-11.512925464970229,-5.7558603,-0.0058604129999999,-6.7558603
-11.512925464970229,-11.512925464970229,-5.9014153,-0.0264151299999999,-7.7764153
-11.512925464970229,-9.671042,-3.171042,-0.0460419999999999,-7.421042
-11.512925464970229,-9.502336,-2.1273353,-0.1273353099999999,-10.752336
-11.512925464970229,-11.512925464970229,-8.526774,-0.026774177,-4.2767744
-11.512925464970229,-11.512925464970229,-8.137297,-0.012296306,-4.512296
-11.512925464970229,-11.512925464970229,-8.158536,-0.0335363079999999,-5.6585364
-11.512925464970229,-11.512925464970229,-8.262866,-0.012865711,-5.1378655
-11.512925464970229,-9.350563,-2.4755628,-0.10056291,-10.225563
-11.512925464970229,-4.0428786,-0.1678786599999999,-3.0428786,-11.512925464970229
-7.984165,-0.23416512,-1.6091651,-9.359165,-11.512925464970229
-11.512925464970229,-7.3056946,-1.0556946,-0.4306946,-9.930695
-11.512925464970229,-9.742607,-2.2426066,-0.1176067139999999,-10.992607
-5.015342,-0.015342106,-4.765342,-11.512925464970229,-11.512925464970229
-11.512925464970229,-8.995724,-2.8707232,-0.12072337,-8.370724
-11.512925464970229,-11.151852,-3.9018514,-0.026851354,-7.651851
-11.512925464970229,-7.367796,-1.2427957,-0.3677957699999999,-11.512925464970229
-8.874732,-1.6247317,-0.2497316199999999,-4.3747315,-11.512925464970229
-9.434653,-1.0596532,-0.43465316,-5.3096533,-11.512925464970229
-9.653596,-3.4035954,-0.9035955,-2.2785954,-10.653596
-11.512925464970229,-7.5639806,-1.3139806,-0.3139806,-9.813981
-11.512925464970229,-10.796118,-3.1711175,-0.046117466,-10.171118
-11.512925464970229,-11.512925464970229,-11.031461,-0.1564604799999999,-2.4064605
-11.512925464970229,-4.3954263,-0.1454262699999999,-2.1454263,-11.512925464970229
-11.512925464970229,-11.512925464970229,-5.905177,-0.03017715,-6.780177
-9.631552,-1.6315521,-0.2565521,-5.506552,-11.512925464970229
-3.053892,-0.053891808,-5.8038917,-11.512925464970229,-11.512925464970229
-10.0571785,-1.8071787,-0.1821788,-6.307179,-11.512925464970229
-11.512925464970229,-5.6976743,-1.0726742,-0.44767419,-10.697674
-11.512925464970229,-6.1022263,-0.4772264,-0.9772264,-11.512925464970229
-11.512925464970229,-4.2994256,-0.17442541,-1.9244254,-11.512925464970229
-7.8046184,-0.4296185,-1.0546185,-8.554619,-11.512925464970229
-11.512925464970229,-3.5523598,-0.0523598529999999,-3.8023598,-11.512925464970229
-11.512925464970229,-8.132913,-0.75791276,-0.6329127600000001,-11.512925464970229
-6.5814376,-0.58143747,-0.83143747,-5.9564376,-11.512925464970229
-7.642332,-0.39233205,-1.1423321,-7.892332,-11.512925464970229
-11.512925464970229,-11.279186,-3.779186,-0.029186117,-9.154186
-11.512925464970229,-9.685647,-3.1856468,-0.060646705,-8.810647
-11.512925464970229,-9.321597,-2.696597,-0.0715971739999999,-8.821597
-8.683681,-1.0586804,-0.43368044,-5.5586805,-11.512925464970229
-7.6806417,-0.43064183,-1.0556419,-8.055642,-11.512925464970229
-7.7259746,-0.1009747299999999,-2.3509748,-10.475975,-11.512925464970229
-8.908807,-1.1588066,-0.40880656,-5.158807,-11.512925464970229
-11.512925464970229,-9.799029,-3.1740294,-0.0490294549999999,-8.174029
-11.512925464970229,-9.430106,-1.8051064,-0.1801064,-10.680106
-11.512925464970229,-4.307204,-0.18220383,-2.0572038,-11.512925464970229
-11.512925464970229,-3.4463346,-0.1963346299999999,-1.9463346,-11.512925464970229
-10.690636,-2.6906354,-0.1906354699999999,-2.4406354,-11.512925464970229
-11.512925464970229,-11.146577,-4.146577,-0.02157679,-7.896577
-11.512925464970229,-10.778804,-4.6538043,-0.0288042029999999,-5.7788043
-11.512925464970229,-11.512925464970229,-9.64442,-0.3944192499999999,-1.6444192
-11.512925464970229,-11.512925464970229,-5.2619505,-0.011950405,-6.5119505
-11.512925464970229,-6.751934,-1.2519339,-0.3769339,-10.501934
-11.512925464970229,-8.44793,-2.6979308,-0.32293072,-7.697931
-11.512925464970229,-11.512925464970229,-8.160075,-0.0350752359999999,-3.4100752
-11.512925464970229,-8.540708,-1.9157077,-0.16570766,-9.165708
-11.512925464970229,-5.717534,-0.5925337999999999,-0.8425338,-11.342534
-9.2304325,-1.8554325,-0.23043248,-4.1054325,-11.512925464970229
-11.512925464970229,-5.855769,-0.4807690700000001,-0.98076904,-11.512925464970229
-11.512925464970229,-10.135203,-3.3852031,-0.2602030599999999,-8.260203
-11.512925464970229,-8.324337,-2.8243375,-0.0743373699999999,-8.074337
-11.512925464970229,-7.795184,-1.7951841,-0.29518414,-9.170184
-11.512925464970229,-10.671133,-3.1711328,-0.046132836,-11.296133
-11.512925464970229,-11.271676,-4.7716756,-0.0216755999999999,-7.3966756
-11.512925464970229,-9.3336115,-2.5836112,-0.08361129,-8.9586115
-11.512925464970229,-5.0312586,-0.7812586,-0.9062586,-9.156259
-11.512925464970229,-7.2751,-2.0251005,-0.15010045,-9.400101
-11.512925464970229,-11.512925464970229,-8.323998,-0.0739981299999999,-4.448998
-11.512925464970229,-11.512925464970229,-5.0308356,-0.030835444,-6.9058356
-11.512925464970229,-11.512925464970229,-6.628567,-0.0035674039,-6.503567
-11.512925464970229,-11.512925464970229,-5.1345987,-0.009598712,-6.5095987
-11.512925464970229,-4.9186535,-0.2936535800000001,-1.4186536,-11.512925464970229
-10.003391,-1.5033914,-0.2533913999999999,-7.7533913,-11.512925464970229
-8.694274,-0.694274,-0.694274,-7.069274,-11.512925464970229
-1.0545543,-0.42955434,-7.1795545,-11.512925464970229,-11.512925464970229
-7.4901466,-0.49014643,-0.9901464,-6.9901466,-11.512925464970229
-11.512925464970229,-6.363081,-1.238081,-0.3630809499999999,-11.113081
-8.7683735,-1.1433737,-0.3933738,-5.518374,-11.512925464970229
-11.512925464970229,-4.761578,-0.1365778999999999,-2.1365778,-11.512925464970229
-11.512925464970229,-3.7296646,-0.10466447,-2.7296646,-11.512925464970229
-11.512925464970229,-6.3100147,-0.43501487,-1.0600148,-11.512925464970229
-11.512925464970229,-11.159957,-3.4099572,-0.03495725,-8.784957
-11.512925464970229,-11.512925464970229,-7.4331665,-0.4331664699999999,-1.0581665
-11.512925464970229,-4.117858,-0.1178579299999999,-3.492858,-11.512925464970229
-11.512925464970229,-5.3100266,-0.1850268699999999,-1.8100269,-11.512925464970229
-11.512925464970229,-9.035853,-1.9108537,-0.16085379,-10.410853
-11.512925464970229,-11.512925464970229,-10.725623,-0.1006233839999999,-2.3506234
-11.512925464970229,-2.9349563,-0.0599562899999999,-5.309956,-11.512925464970229
-10.805855,-1.9308547,-0.18085463,-4.305855,-11.512925464970229
-11.512925464970229,-8.431669,-2.556669,-0.3066689000000001,-9.306669
-0.975526,-0.47552598,-7.600526,-11.512925464970229,-11.512925464970229
-11.512925464970229,-11.512925464970229,-6.5401773,-0.0401775459999999,-7.2901773
-11.512925464970229,-9.224062,-1.2240618,-0.34906182,-11.512925464970229
-11.512925464970229,-10.680191,-3.9301913,-0.1801913199999999,-9.305191
-11.512925464970229,-11.512925464970229,-5.325134,-0.07513383,-8.700134
-10.309561,-1.0595613,-0.43456125,-6.0595613,-11.512925464970229
-9.108886,-0.9838856,-0.4838856,-6.233886,-11.512925464970229
-11.512925464970229,-11.512925464970229,-4.3902225,-0.0152223669999999,-8.265223
-2.504167,-0.1291670999999999,-3.254167,-10.879168,-11.512925464970229
-11.512925464970229,-11.512925464970229,-7.0209565,-0.0209562829999999,-4.1459565
-11.512925464970229,-10.93763,-2.8126295,-0.062629536,-9.93763
-11.512925464970229,-4.3560157,-0.10601556,-2.4810157,-11.512925464970229
-11.512925464970229,-11.512925464970229,-8.488254,-0.113253504,-3.7382536
-11.512925464970229,-11.055678,-2.9306784,-0.0556783,-9.180678
-9.898545,-1.023545,-0.648545,-6.7735453,-11.512925464970229
-6.367525,-0.11752522,-2.242525,-10.117525,-11.512925464970229
-7.2033086,-0.2033085699999999,-1.7033086,-10.828308,-11.512925464970229
-9.001884,-1.0018847,-0.50188464,-7.5018845,-11.512925464970229
-11.512925464970229,-9.367096,-2.2420962,-0.11709619,-10.117096
-7.6147475,-0.1147472999999999,-2.2397473,-10.739747,-11.512925464970229
-5.045981,-0.29598093,-1.4209809,-4.795981,-11.512925464970229
-4.4429984,-0.06799852,-3.8179984,-11.512925464970229,-11.512925464970229
-11.512925464970229,-11.31471,-2.8147101,-0.06471005,-9.31471
-11.512925464970229,-10.529241,-3.654241,-0.0292409839999999,-7.154241
-11.512925464970229,-11.512925464970229,-4.516991,-0.016991042,-6.266991
-10.641376,-3.6413753,-0.14137538,-2.3913753,-11.512925464970229
-11.512925464970229,-5.017188,-0.1421883099999999,-2.1421883,-11.512925464970229
-11.512925464970229,-5.281326,-0.1563257899999999,-2.0313258,-11.512925464970229
-11.512925464970229,-7.819025,-0.69402486,-0.69402486,-11.512925464970229
-6.9889817,-0.48898152,-0.9889815,-6.8639817,-11.512925464970229
-7.7598677,-1.0098677,-0.5098677,-4.2598677,-11.512925464970229
-11.512925464970229,-3.290359,-0.2903588999999999,-3.665359,-11.512925464970229
-10.408253,-2.033253,-0.15825287,-4.5332527,-11.512925464970229
-11.512925464970229,-10.113346,-3.738346,-0.11334611,-8.363346
-11.512925464970229,-11.512925464970229,-10.519609,-0.0196090279999999,-4.144609
-11.512925464970229,-11.512925464970229,-4.7603397,-0.0103399309999999,-8.38534
-11.512925464970229,-11.512925464970229,-6.6338444,-0.0088441875,-7.1338444
-11.512925464970229,-11.512925464970229,-9.779065,-0.0290647729999999,-4.0290647
-11.512925464970229,-11.512925464970229,-9.151759,-0.026758736,-4.7767587
-11.512925464970229,-11.512925464970229,-5.9173846,-0.0423845429999999,-6.4173846
-11.512925464970229,-11.512925464970229,-11.512925464970229,-4.153356,-0.028355986
-11.512925464970229,-11.512925464970229,-5.60441,-0.104410104,-7.60441
-3.180037,-0.0550369729999999,-4.430037,-11.512925464970229,-11.512925464970229
-11.512925464970229,-11.512925464970229,-10.519609,-0.0196090279999999,-4.144609
-11.512925464970229,-11.512925464970229,-11.512925464970229,-0.6335216000000001,-0.8835216000000001
-11.512925464970229,-11.512925464970229,-6.921374,-0.0463739069999999,-6.046374
-11.512925464970229,-6.003576,-0.5035758,-1.0035758,-11.512925464970229
-11.512925464970229,-6.863058,-0.98805803,-0.48805803,-10.238058
-8.218108,-0.5931083,-0.9681083,-6.843108,-11.512925464970229
-11.512925464970229,-4.858795,-0.35879505,-1.233795,-11.512925464970229
-11.512925464970229,-7.782144,-2.0321438,-0.1571438799999999,-9.282144
-7.9116797,-1.0366797,-0.5366796999999999,-5.1616797,-11.512925464970229
-8.732991,-0.48299152,-0.9829915,-6.3579917,-11.512925464970229
-11.512925464970229,-7.560954,-1.810954,-0.18595394,-9.935954
-11.512925464970229,-7.5265303,-1.1515303,-0.40153033,-10.65153
-11.512925464970229,-6.8206964,-1.3206965,-0.3206964999999999,-10.570697
-6.7532554,-3.6282554,-0.37825525,-1.3782552,-4.7532554
-11.512925464970229,-11.014723,-4.389723,-0.014722905,-8.264723
-11.512925464970229,-4.6585016,-0.5335017000000001,-1.1585016,-11.512925464970229
-11.512925464970229,-8.116642,-2.3666422,-0.24164213,-9.116642
-11.512925464970229,-11.512925464970229,-6.631492,-0.0064921384,-5.381492
-11.512925464970229,-4.6460176,-0.1460175399999999,-2.2710176,-11.512925464970229
-11.512925464970229,-4.131605,-0.1316051599999999,-2.2566051,-11.512925464970229
-11.512925464970229,-4.0393453,-0.039345123,-3.914345,-11.512925464970229
-6.456126,-0.081126094,-2.5811262,-9.831126,-11.512925464970229
-11.512925464970229,-3.8984656,-0.2734656299999999,-1.7734656,-11.512925464970229
-11.512925464970229,-8.870028,-2.495028,-0.12002795,-9.370028
-11.512925464970229,-7.318911,-0.69391125,-0.69391125,-11.512925464970229
-11.512925464970229,-11.512925464970229,-6.6069493,-0.1069490999999999,-5.2319493
-11.512925464970229,-11.512925464970229,-6.3918514,-0.016851338,-4.8918514
-11.512925464970229,-11.512925464970229,-5.88236,-0.0073599256999999,-5.50736
-9.007531,-1.0075309,-0.507531,-5.882531,-11.512925464970229
-11.512925464970229,-10.273145,-4.2731447,-0.023144843,-4.7731447
-11.512925464970229,-10.925248,-3.3002484,-0.05024833,-8.925248
-11.512925464970229,-8.438615,-1.3136147,-0.31361476,-11.438615
-11.512925464970229,-11.512925464970229,-7.64834,-0.14834043,-5.27334
-10.371532,-2.496532,-0.2465319999999999,-4.121532,-11.512925464970229
-11.512925464970229,-11.512925464970229,-4.525445,-0.025444854,-8.025445
-7.244863,-0.2448631099999999,-1.6198632,-9.2448635,-11.512925464970229
-11.512925464970229,-4.1226735,-0.1226737299999999,-2.3726737,-11.512925464970229
-11.1944065,-3.0694065,-0.19440661,-2.5694065,-11.512925464970229
-11.512925464970229,-10.6095085,-4.7345085,-0.10950843,-7.7345085
-9.833173,-2.0831728,-0.20817272,-3.2081728,-11.512925464970229
-7.712497,-0.58749706,-0.83749706,-7.087497,-11.512925464970229
-11.329447,-2.8294466,-0.0794466359999999,-4.079447,-11.512925464970229
-11.512925464970229,-9.18202,-3.1820202,-0.0570201799999999,-8.18202
-11.512925464970229,-11.512925464970229,-4.767587,-0.017587172,-8.017587
-11.512925464970229,-10.67883,-3.4288306,-0.053830583,-8.17883
-11.512925464970229,-11.512925464970229,-11.512925464970229,-2.5543978,-1.3043978
-11.512925464970229,-11.512925464970229,-3.7910879,-0.041087754,-9.416088
-11.512925464970229,-4.98239,-0.1073899,-2.35739,-11.512925464970229
-11.512925464970229,-11.512925464970229,-6.388601,-0.013600848,-7.138601
-11.512925464970229,-9.551511,-3.0515103,-0.0515103399999999,-8.676511
-11.512925464970229,-9.192693,-2.8176925,-0.0676925399999999,-10.317693
-5.5189724,-0.018972455,-4.2689724,-11.512925464970229,-11.512925464970229
-11.512925464970229,-7.136213,-0.76121294,-0.63621294,-11.261213
-4.2726836,-0.0226835849999999,-4.7726836,-11.512925464970229,-11.512925464970229
-11.512925464970229,-5.02578,-0.15078032,-2.0257802,-11.512925464970229
-11.512925464970229,-5.2834473,-0.5334474,-0.9084474,-11.512925464970229
-11.512925464970229,-8.893759,-2.0187583,-0.14375839,-10.143759
-11.512925464970229,-5.1611695,-0.5361697000000001,-1.0361698,-11.512925464970229
-11.512925464970229,-11.512925464970229,-7.2567096,-0.0067096859999999,-5.5067096
-11.512925464970229,-11.512925464970229,-7.770474,-0.02047392,-5.520474
-11.512925464970229,-8.397545,-2.022545,-0.14754505,-9.397545
-11.512925464970229,-11.512925464970229,-11.512925464970229,-1.3536963,-0.3536963499999999
-11.512925464970229,-11.512925464970229,-7.004631,-0.004631146,-5.879631
-11.512925464970229,-11.512925464970229,-5.505762,-0.0057622873999999,-6.755762
-11.512925464970229,-11.512925464970229,-6.7529483,-0.0029483399999999,-6.5029483
-11.512925464970229,-10.548892,-3.2988923,-0.0488922199999999,-8.673892
-11.512925464970229,-11.512925464970229,-5.161516,-0.036516417,-6.911516
-11.512925464970229,-6.425392,-1.1753924,-0.8003924,-9.800392
-11.512925464970229,-6.572549,-0.69754887,-0.69754887,-11.512925464970229
-9.403064,-1.1530638,-0.4030638299999999,-5.653064,-11.512925464970229
-7.984762,-0.859762,-0.609762,-6.109762,-11.512925464970229
-11.512925464970229,-10.313006,-3.1880066,-0.0630065899999999,-8.188006
-4.967134,-0.3421342,-1.3421342,-3.8421342,-11.467134
-11.512925464970229,-6.046835,-1.2968352,-0.7968352,-10.671835
-11.512925464970229,-7.8068366,-1.8068365,-0.4318364999999999,-9.931836
-11.512925464970229,-11.512925464970229,-5.135338,-0.010338042,-7.135338
-11.512925464970229,-9.816008,-3.1910071,-0.06600719,-7.316007
-7.0495143,-0.54951435,-1.0495143,-5.9245143,-11.512925464970229
-11.512925464970229,-9.836808,-2.8368084,-0.08680853,-10.461808
-11.512925464970229,-11.512925464970229,-6.8943086,-0.019308574,-4.6443086
-5.087483,-0.2124827799999999,-1.7124828,-5.337483,-11.512925464970229
-11.512925464970229,-11.512925464970229,-9.318382,-0.0683822399999999,-2.8183823
-11.418365,-4.5433645,-0.41836455,-1.4183645,-11.512925464970229
-11.512925464970229,-4.4783096,-0.1033097949999999,-2.4783099,-11.512925464970229
-11.512925464970229,-4.679994,-0.17999388,-2.5549939,-11.512925464970229
-11.512925464970229,-6.5161653,-0.3911652299999999,-1.1411653,-11.512925464970229
-11.512925464970229,-11.512925464970229,-4.765343,-0.015343277,-5.765343
-6.3040524,-0.5540524,-0.9290524,-3.5540524,-11.512925464970229
-11.512925464970229,-6.7945776,-1.4195778,-0.29457778,-10.169578
-11.512925464970229,-11.512925464970229,-3.897536,-0.022536032,-9.397536
-11.512925464970229,-6.8362374,-0.71123755,-0.71123755,-11.086238
-11.512925464970229,-11.512925464970229,-6.635618,-0.010618221,-5.510618
-11.512925464970229,-4.660237,-0.66023695,-0.78523695,-11.512925464970229
-7.954828,-0.8298276,-0.5798276,-5.954828,-11.512925464970229
-11.512925464970229,-9.818677,-2.8186774,-0.0686773399999999,-8.068677
-11.512925464970229,-11.512925464970229,-7.6476436,-0.0226433719999999,-5.5226436
-11.512925464970229,-11.512925464970229,-8.018622,-0.018622313,-4.7686224
-11.512925464970229,-11.512925464970229,-6.515995,-0.015995067,-5.140995
-11.512925464970229,-11.512925464970229,-4.8951683,-0.020168457,-5.1451683
-11.512925464970229,-7.8776836,-2.1276839,-0.12768382,-8.002684
-11.512925464970229,-3.182323,-0.0573230269999999,-4.307323,-11.512925464970229
-2.0215068,-0.14650682,-5.646507,-11.512925464970229,-11.512925464970229
-11.512925464970229,-6.2178607,-0.84286076,-0.5928607599999999,-11.512925464970229
-11.512925464970229,-7.700491,-1.3254907,-0.3254907,-11.512925464970229
-11.512925464970229,-9.490156,-2.240156,-0.11515589,-11.365156
-11.512925464970229,-6.9590135,-0.8340135,-0.5840135,-11.512925464970229
-11.512925464970229,-4.920799,-0.42079887,-1.1707989,-11.295799
-11.512925464970229,-10.660743,-3.535743,-0.0357429399999999,-8.910743
-11.512925464970229,-11.512925464970229,-5.659899,-0.0348993469999999,-5.284899
-4.195908,-0.07090825,-2.9459083,-10.445909,-11.512925464970229
-11.512925464970229,-11.512925464970229,-6.258048,-0.0080479299999999,-6.508048
-10.31039,-2.9353907,-0.1853906,-2.4353907,-11.512925464970229
-11.512925464970229,-11.512925464970229,-7.2516584,-0.0016585168999999,-7.1266584
-11.512925464970229,-11.512925464970229,-10.264228,-0.01422815,-4.5142283
-11.512925464970229,-8.489413,-2.6144135,-0.11441351,-9.489413
-8.204525,-1.3295249,-0.3295249,-4.329525,-11.512925464970229
-10.229987,-1.6049876,-0.2299876,-6.6049876,-11.512925464970229
-2.2390225,-0.1140224859999999,-6.7390223,-11.512925464970229,-11.512925464970229
-11.512925464970229,-8.805586,-1.8055855,-0.1805854699999999,-9.680586
-11.053255,-4.3032556,-0.30325547,-1.4282554,-10.678255
-6.6185565,-0.24355662,-1.6185566,-7.9935565,-11.512925464970229
-9.5731735,-2.4481735,-0.3231734999999999,-3.5731735,-11.512925464970229
-11.512925464970229,-9.60573,-2.3557296,-0.1057296799999999,-9.73073
-11.512925464970229,-5.34935,-0.4743501199999999,-1.0993501,-11.512925464970229
-11.512925464970229,-8.2529335,-1.5029337,-0.2529336799999999,-10.3779335
-11.512925464970229,-10.527471,-4.02747,-0.027470173,-7.15247
-11.512925464970229,-5.653561,-0.52856106,-0.90356106,-11.403561
-11.512925464970229,-9.561468,-2.936468,-0.0614678399999999,-9.061468
-11.512925464970229,-4.1615357,-0.1615356,-2.0365355,-11.512925464970229
-11.512925464970229,-11.512925464970229,-9.863117,-0.11311693,-2.488117
-11.512925464970229,-4.253241,-0.1282408799999999,-2.2532408,-11.512925464970229
-4.2965536,-0.04655358,-4.4215536,-11.512925464970229,-11.512925464970229
-9.89605,-2.6460505,-0.1460504799999999,-3.6460505,-11.512925464970229
-11.512925464970229,-5.1582956,-0.1582954,-2.0332954,-11.512925464970229
-8.501709,-1.5017092,-0.5017091600000001,-4.126709,-11.512925464970229
-9.29639,-1.4213897,-0.2963897,-4.2963896,-11.512925464970229
-11.512925464970229,-10.170575,-3.545575,-0.045574825,-8.545575
-7.8043056,-1.4293054,-0.30430543,-4.4293056,-11.512925464970229
-4.348145,-0.3481449,-1.3481449,-3.848145,-11.512925464970229
-11.512925464970229,-10.036627,-4.1616273,-0.036627207,-8.161627
-11.512925464970229,-11.512925464970229,-5.9566536,-0.0816535799999999,-4.7066536
-6.3521185,-0.10211825,-2.3521183,-9.9771185,-11.512925464970229
-11.512925464970229,-11.512925464970229,-5.5136003,-0.0136001359999999,-5.0136003
-11.512925464970229,-6.191558,-1.1915579,-0.5665578,-10.441558
-11.512925464970229,-5.264095,-0.88909465,-0.76409465,-10.139094
-11.512925464970229,-11.512925464970229,-9.876979,-0.8769785,-3.0019784
-4.8772135,-0.3772135,-1.2522135,-3.8772135,-11.512925464970229
-10.488479,-2.3634787,-0.2384786999999999,-3.7384787,-11.512925464970229
-7.62803,-0.25302997,-1.50303,-8.87803,-11.512925464970229
-0.6938188,-0.6938188,-7.818819,-11.512925464970229,-11.512925464970229
-1.913651,-0.16365097,-5.913651,-11.512925464970229,-11.512925464970229
-6.663501,-0.1635007699999999,-1.9135008,-8.663501,-11.512925464970229
-6.742363,-0.49236283,-0.99236286,-5.992363,-11.512925464970229
-3.9114242,-0.0364242399999999,-4.411424,-11.512925464970229,-11.512925464970229
-7.2028685,-0.2028686599999999,-1.7028687,-8.702868,-11.512925464970229
-6.8172226,-0.3172225,-1.3172225,-7.8172226,-11.512925464970229
-8.536644,-1.4116442,-0.28664416,-5.411644,-11.512925464970229
-8.457857,-3.4578574,-0.3328574000000001,-1.5828574,-8.707857
-10.417801,-1.9178014,-0.16780135,-5.4178014,-11.512925464970229
-9.863593,-1.6135936,-0.2385935599999999,-4.7385936,-11.512925464970229
-6.0378194,-0.16281916,-1.9128191,-9.287819,-11.512925464970229
-5.8012867,-0.5512866,-0.9262866,-6.0512867,-11.512925464970229
-9.010111,-2.2601104,-0.1351104399999999,-4.1351104,-11.512925464970229
-0.0619860629999999,-2.811986,-11.512925464970229,-11.512925464970229,-11.512925464970229
-2.240181,-0.11518096,-6.115181,-11.512925464970229,-11.512925464970229
-4.3892164,-0.0142165114999999,-6.3892164,-11.512925464970229,-11.512925464970229
-8.977186,-0.97718585,-0.47718588,-6.4771857,-11.512925464970229
-11.512925464970229,-4.3224907,-0.07249077,-3.0724907,-11.512925464970229
-11.512925464970229,-3.461167,-0.0861670799999999,-3.086167,-11.512925464970229
-10.474777,-3.9747775,-0.34977755,-1.5997776,-10.224777
-11.512925464970229,-3.3479147,-0.0979146499999999,-2.9729147,-11.512925464970229
-5.030751,-0.0307513589999999,-3.7807515,-11.512925464970229,-11.512925464970229
-7.7525883,-0.25258842,-1.5025884,-9.252588,-11.512925464970229
-6.2997894,-0.92478955,-0.5497895500000001,-3.7997894,-11.512925464970229
-2.2536733,-0.12867324,-4.253673,-11.512925464970229,-11.512925464970229
-11.512925464970229,-4.668365,-0.2933648799999999,-1.4183649,-11.043365
-11.512925464970229,-3.9281733,-0.053173263,-3.5531733,-11.512925464970229
-8.664963,-1.0399631,-0.5399631,-6.1649632,-11.512925464970229
-4.205462,-0.08046217,-2.9554622,-10.330462,-11.512925464970229
-6.342745,-0.0927448299999999,-2.4677448,-10.717745,-11.512925464970229
-3.531979,-0.0319791,-6.531979,-11.512925464970229,-11.512925464970229
-10.231624,-1.9816235,-0.2316235799999999,-4.4816236,-11.512925464970229
-11.512925464970229,-4.1186266,-0.1186266499999999,-2.3686266,-11.512925464970229
-11.512925464970229,-11.512925464970229,-7.767484,-0.0174842099999999,-6.892484
-11.512925464970229,-11.512925464970229,-6.545124,-0.0451238159999999,-7.295124
-11.512925464970229,-11.512925464970229,-4.7601275,-0.010127654,-7.6351275
-11.512925464970229,-8.025094,-1.7750943,-0.2750942399999999,-10.275094
-11.512925464970229,-9.479032,-2.3540318,-0.1040316999999999,-10.229032
-11.512925464970229,-9.93822,-2.9382203,-0.0632203499999999,-9.06322
-11.512925464970229,-9.78957,-3.5395699,-0.0395697359999999,-8.16457
-11.512925464970229,-11.512925464970229,-4.6391616,-0.014161628,-7.1391616
-8.912834,-1.4128339,-0.28783393,-5.162834,-11.512925464970229
-11.512925464970229,-9.315508,-3.190508,-0.0655078959999999,-9.815508
-11.512925464970229,-11.512925464970229,-9.207762,-0.0827619299999999,-2.582762
-11.512925464970229,-11.512925464970229,-4.2738757,-0.023875516,-9.773875
-11.512925464970229,-3.698796,-0.0737960699999999,-3.323796,-11.512925464970229
-10.254866,-1.5048661,-0.2548661199999999,-6.254866,-11.512925464970229
-1.3136299,-0.31362993,-8.43863,-11.512925464970229,-11.512925464970229
-11.512925464970229,-3.8275077,-0.5775078,-2.5775077,-11.512925464970229
-11.512925464970229,-11.512925464970229,-6.293774,-0.0437739,-4.418774
-11.512925464970229,-10.174864,-3.6748636,-0.049863603,-7.049864
-11.512925464970229,-11.512925464970229,-4.8862166,-0.011216523,-7.7612166
-11.512925464970229,-11.512925464970229,-5.507141,-0.0071412169999999,-8.257141
-11.512925464970229,-11.512925464970229,-6.136368,-0.0113679869999999,-6.011368
-11.512925464970229,-11.512925464970229,-4.5158825,-0.0158826759999999,-6.3908825
-11.512925464970229,-4.2850075,-0.0350075549999999,-3.9100075,-11.512925464970229
-11.512925464970229,-11.512925464970229,-6.015771,-0.0157707399999999,-4.640771
-11.512925464970229,-11.512925464970229,-7.0151753,-0.015175158,-5.0151753
-11.512925464970229,-11.512925464970229,-6.70245,-0.07744977,-2.7024498
-11.512925464970229,-11.512925464970229,-8.769788,-0.019788219,-4.0197883
-11.512925464970229,-10.406616,-3.6566157,-0.03161581,-7.1566157
-11.512925464970229,-7.468483,-2.4684827,-0.0934828449999999,-6.593483
-6.8283606,-0.2033608,-1.7033608,-9.453361,-11.512925464970229
-5.3250146,-0.0750144049999999,-2.7000144,-11.200014,-11.512925464970229
-11.512925464970229,-11.02579,-4.52579,-0.025790183,-7.27579
-11.512925464970229,-7.3527317,-1.6027318,-0.3527318,-9.977732
-7.7918453,-1.0418454,-0.91684544,-5.4168453,-11.512925464970229
-5.4289403,-0.4289403299999999,-1.1789403,-3.3039403,-10.241441
-11.512925464970229,-7.7286925,-1.2286928,-0.35369274,-9.978693
-11.512925464970229,-4.5058203,-0.38082004,-1.25582,-11.00582
-11.512925464970229,-6.190456,-0.31545606,-1.315456,-11.512925464970229
-11.512925464970229,-6.690519,-1.8155187,-0.19051874,-9.065518
-6.8895903,-0.7645904,-0.6395904,-5.2645903,-11.512925464970229
-11.512925464970229,-9.43455,-3.4345505,-0.059550475,-7.9345503
-11.512925464970229,-6.800731,-1.1757313,-0.42573127,-10.800732
-11.512925464970229,-11.512925464970229,-5.9312453,-0.0562451899999999,-5.3062453
-5.418454,-0.16845399,-1.9184539,-8.168454,-11.512925464970229
-10.679495,-5.179495,-0.80449486,-1.1794949,-9.179495
-11.512925464970229,-4.48883,-0.23882999,-1.61383,-11.512925464970229
-3.5341187,-0.03411875,-5.5341187,-11.512925464970229,-11.512925464970229
-11.323942,-5.573942,-0.698942,-0.698942,-8.698942
-11.512925464970229,-8.706662,-2.8316622,-0.0816622599999999,-8.956662
-10.073336,-1.8233361,-0.1983361199999999,-4.573336,-11.512925464970229
-11.512925464970229,-7.113861,-1.2388611,-0.3638611,-9.863861
-10.374072,-2.8740723,-0.1240723499999999,-2.8740723,-11.512925464970229
-11.512925464970229,-11.512925464970229,-4.5141754,-0.014175265,-8.014175
-11.512925464970229,-11.512925464970229,-7.6484604,-0.0234604649999999,-3.8984604
-11.512925464970229,-11.512925464970229,-7.9254546,-0.0504546499999999,-3.3004546
-11.512925464970229,-11.512925464970229,-7.010993,-0.0109929945,-4.635993
-11.512925464970229,-7.9516335,-0.82663363,-0.57663363,-11.512925464970229
-11.512925464970229,-6.083808,-0.20880775,-1.7088077,-11.512925464970229
-11.512925464970229,-11.512925464970229,-7.5626097,-0.0626094939999999,-3.0626094
-11.042686,-2.6676867,-0.16768664,-3.0426867,-11.512925464970229
-11.512925464970229,-9.680099,-1.8050983,-0.1800983299999999,-8.680099
-11.512925464970229,-2.9117038,-0.1617037699999999,-3.2867038,-11.512925464970229
-1.338069,-0.338069,-5.838069,-11.512925464970229,-11.512925464970229
-11.512925464970229,-6.5342126,-0.90921277,-0.5342127699999999,-9.284213
-8.191687,-0.5666864500000001,-1.0666864,-6.8166866,-11.512925464970229
-10.906958,-2.031958,-0.1569580399999999,-5.156958,-11.512925464970229
-10.412737,-2.5377374,-0.41273737,-4.1627374,-11.512925464970229
-11.512925464970229,-5.0683193,-0.19331951,-1.8183196,-11.512925464970229
-11.512925464970229,-4.771279,-0.39627898,-1.271279,-11.512925464970229
-8.217164,-1.4671643,-0.34216422,-3.5921643,-11.512925464970229
-10.041813,-5.7918124,-1.4168127,-0.2918126300000001,-5.7918124
-9.509476,-1.5094752,-0.5094753,-5.134475,-11.512925464970229
-11.512925464970229,-11.512925464970229,-6.6824,-0.05740003,-6.6824
-11.512925464970229,-11.512925464970229,-6.6824,-0.0574001449999999,-6.6824
-11.512925464970229,-11.512925464970229,-5.6636066,-0.2886067999999999,-5.5386066
-7.9375114,-0.1875113,-1.8125113,-8.687511,-11.512925464970229
-11.512925464970229,-2.994742,-0.36974186,-3.369742,-11.512925464970229
-11.512925464970229,-4.466542,-0.0915416699999999,-2.5915418,-11.512925464970229
-5.5760126,-0.2010124,-1.9510124,-8.576013,-11.512925464970229
-11.512925464970229,-7.1375327,-1.5125327,-0.2625326499999999,-10.137532
-11.512925464970229,-7.4871383,-1.9871383,-0.2371383199999999,-10.612139
-11.512925464970229,-7.3271446,-0.8271447,-0.5771447000000001,-11.512925464970229
-11.512925464970229,-7.074659,-1.324659,-0.3246589999999999,-9.074659
-11.512925464970229,-11.169745,-3.1697452,-0.0447450949999999,-9.794745
-11.512925464970229,-11.512925464970229,-4.3974633,-0.022463528,-8.147464
-11.512925464970229,-11.025767,-3.7757676,-0.02576765,-7.400768
-11.512925464970229,-11.512925464970229,-11.512925464970229,-11.512925464970229,-3.1281633002760384e-07
-11.512925464970229,-11.512925464970229,-6.4321914,-0.1821914199999999,-7.1821914
-11.512925464970229,-11.512925464970229,-5.263988,-0.0139879019999999,-9.013988
-6.1731663,-1.2981662,-0.79816616,-1.2981662,-6.4231663
-11.512925464970229,-11.512925464970229,-10.164966,-0.1649655,-2.1649654
-11.512925464970229,-10.674017,-4.2990174,-0.1740172,-9.424017
-7.7025766,-0.20257667,-1.7025766,-10.202577,-11.512925464970229
-10.097995,-2.2229943,-0.34799445,-4.9729943,-11.512925464970229
-10.261803,-2.2618027,-0.1368026999999999,-4.3868027,-11.512925464970229
-11.512925464970229,-11.512925464970229,-4.265142,-0.0151421709999999,-7.265142
-11.512925464970229,-8.045459,-2.1704586,-0.1704585899999999,-8.170459
-11.512925464970229,-11.280005,-3.530006,-0.030005828,-8.780005
-11.512925464970229,-7.4985533,-0.9985533,-0.49855328,-10.623553
-11.512925464970229,-7.822955,-1.322955,-0.32295498,-9.072955
-11.512925464970229,-11.512925464970229,-4.900884,-0.0258840579999999,-8.275884
-11.512925464970229,-11.032587,-4.1575866,-0.0325867869999999,-7.2825866
-9.544682,-2.669682,-0.1696819199999999,-2.919682,-11.512925464970229
-11.512925464970229,-11.512925464970229,-4.8874726,-0.012472449,-6.3874726
-11.512925464970229,-10.893533,-4.3935328,-0.0185327879999999,-6.0185328
-11.512925464970229,-11.512925464970229,-4.1417804,-0.0167803039999999,-7.6417804
-11.512925464970229,-11.512925464970229,-9.85045,-0.10044917,-2.600449
-11.512925464970229,-9.679646,-3.0546455,-0.05464551,-8.054646
-11.512925464970229,-8.753448,-2.1284473,-0.1284472299999999,-8.628448
-3.3036263,-0.053626213,-4.178626,-11.512925464970229,-11.512925464970229
-3.6558769,-0.0308768259999999,-5.4058766,-11.512925464970229,-11.512925464970229
-11.512925464970229,-2.8380778,-0.088077836,-4.713078,-11.512925464970229
-11.512925464970229,-8.314546,-1.3145454,-0.31454536,-11.439546
-9.028156,-0.90315646,-0.52815646,-5.9031563,-11.512925464970229
-2.0443232,-0.1693233,-5.6693234,-11.512925464970229,-11.512925464970229
-8.123778,-0.49877816,-0.99877816,-7.6237783,-11.512925464970229
-6.8181415,-0.3181414999999999,-1.3181415,-7.3181415,-11.512925464970229
-11.512925464970229,-7.7168093,-1.7168094,-0.21680939,-9.466809
-6.2147117,-0.5897115,-1.3397114,-6.4647117,-11.512925464970229
-11.512925464970229,-5.580012,-0.7050119,-0.7050119,-10.830012
-10.617989,-3.2429883,-0.24298844,-2.3679883,-11.512925464970229
-11.512925464970229,-5.14896,-0.14896028,-2.0239604,-11.512925464970229
-11.512925464970229,-11.512925464970229,-6.710602,-0.0856019299999999,-5.210602
-6.776666,-0.27666605,-1.526666,-8.026666,-11.512925464970229
-3.6629374,-0.037937507,-4.6629376,-11.512925464970229,-11.512925464970229
-11.512925464970229,-3.444471,-0.1944708,-3.069471,-11.512925464970229
-5.668935,-0.043934666,-3.2939346,-11.512925464970229,-11.512925464970229
-11.512925464970229,-9.569243,-3.194244,-0.0692437899999999,-6.944244
-11.512925464970229,-6.197821,-0.6978212,-0.6978212,-11.512925464970229
-10.083747,-1.7087469,-0.2087468999999999,-5.208747,-11.512925464970229
-11.512925464970229,-11.512925464970229,-4.894594,-0.019594185,-6.894594
-11.512925464970229,-9.093432,-2.468432,-0.0934320199999999,-8.843432
-11.512925464970229,-9.215213,-3.5902126,-0.0902125799999999,-9.090213
-6.4343348,-2.434335,-0.934335,-0.684335,-4.3093348
-11.512925464970229,-11.512925464970229,-11.512925464970229,-3.409532,-0.03453216
-11.512925464970229,-11.512925464970229,-6.6395235,-0.014523557,-6.1395235
-11.384226,-3.134226,-0.134226,-3.259226,-11.512925464970229
-11.512925464970229,-11.512925464970229,-5.5562315,-0.056231543,-4.6812315
-11.512925464970229,-11.512925464970229,-11.01253,-0.3875299400000001,-1.38753
-11.512925464970229,-11.512925464970229,-5.6425533,-0.017553555,-6.5175533
-7.3502593,-0.3502592400000001,-1.2252593,-7.6002593,-11.512925464970229
-11.512925464970229,-7.1972933,-1.3222934,-0.32229337,-8.947293
-9.202762,-0.82776177,-0.5777617699999998,-7.2027617,-11.512925464970229
-11.512925464970229,-7.454198,-1.7041981,-0.20419809,-8.829198
-11.512925464970229,-4.3474803,-0.0974804599999999,-2.5974805,-11.512925464970229
-11.512925464970229,-11.277276,-3.6522758,-0.0272758919999999,-7.652276
-11.512925464970229,-8.519051,-2.0190508,-0.14405094,-9.144051
-11.512925464970229,-5.765381,-0.39038098,-1.140381,-11.512925464970229
-11.2992735,-3.4242735,-0.5492734000000001,-1.9242734,-11.2992735
-11.512925464970229,-5.237542,-0.61254215,-0.86254215,-10.987542
-9.069116,-1.944116,-0.19411604,-3.444116,-11.512925464970229
-7.5560794,-0.18107954,-1.8060795,-9.55608,-11.512925464970229
-11.2982435,-3.9232435,-0.1732435,-2.1732435,-11.512925464970229
-11.512925464970229,-11.512925464970229,-6.6657815,-0.0407816539999999,-6.5407815
-11.512925464970229,-10.788862,-3.2888622,-0.038862262,-8.288862
-7.101548,-0.22654817,-1.6015482,-8.726548,-11.512925464970229
-9.507016,-1.5070162,-0.2570162,-5.632016,-11.512925464970229
-9.4129095,-1.4129095,-0.28790954,-5.4129095,-11.512925464970229
