1,2,3,4,5
-1.1581556,-0.40815556,-4.4081554,-8.533155,-11.512925464970229
-5.1757855,-1.4257857,-0.42578566,-2.6757855,-9.300786
-11.512925464970229,-9.443371,-4.068371,-0.0683706599999999,-3.0683706
-6.4304833,-2.4304836,-0.4304835000000001,-1.4304835,-8.680484
-11.512925464970229,-11.512925464970229,-5.030403,-0.0304033589999999,-3.7804034
-9.28829,-4.0382895,-0.41328964,-1.1632897,-8.78829
-11.512925464970229,-11.512925464970229,-10.37861,-1.5036098,-0.2536097499999999
-11.512925464970229,-7.4590435,-2.5840435,-0.0840434359999999,-7.8340435
-10.562977,-6.687977,-3.6879766,-0.1879766399999999,-1.9379766
-11.512925464970229,-9.230653,-2.3556533,-0.10565321,-6.9806533
-11.512925464970229,-11.512925464970229,-10.877766,-2.1277657,-0.1277656599999999
-11.512925464970229,-11.512925464970229,-8.253323,-0.12832287,-2.1283228
-11.512925464970229,-11.512925464970229,-9.726456,-0.10145566,-2.3514557
-11.512925464970229,-8.189853,-3.0648532,-0.06485307,-4.314853
-2.2891316,-0.16413164,-3.4141316,-7.7891316,-11.512925464970229
-11.512925464970229,-10.266662,-4.5166616,-0.0166614299999999,-5.2666616
-2.2278154,-0.2278153599999999,-3.3528154,-7.727815,-11.512925464970229
-11.512925464970229,-11.512925464970229,-10.036447,-1.9114465,-0.1614464499999999
-8.210965,-5.335965,-0.835965,-0.5859650000000001,-8.960965
-11.512925464970229,-11.322712,-4.6977115,-0.0727114899999999,-2.8227115
-11.512925464970229,-11.512925464970229,-6.176409,-0.051408887,-3.0514088
-11.512925464970229,-9.069346,-2.8193464,-0.0693463499999999,-5.0693464
-11.512925464970229,-11.512925464970229,-11.512925464970229,-3.530033,-0.0300331379999999
-11.512925464970229,-10.519809,-4.2698092,-0.019809138,-5.3948092
-11.512925464970229,-11.512925464970229,-6.889566,-1.1395661,-0.38956606
-11.512925464970229,-11.512925464970229,-5.320437,-0.3204371299999999,-1.3204372
-1.8327202,-0.3327201299999999,-2.58272,-6.3327203,-11.512925464970229
-11.512925464970229,-11.512925464970229,-11.512925464970229,-9.250123,-0.00012272765
-11.512925464970229,-11.512925464970229,-8.036475,-0.16147526,-1.9114753
-9.298796,-3.4237952,-0.29879534,-1.5487953,-10.048796
-3.5229628,-0.14796276,-2.3979628,-7.0229626,-11.512925464970229
-11.512925464970229,-10.522358,-4.0223584,-0.0223582629999999,-6.0223584
-4.244146,-0.3691457,-1.3691456,-4.869146,-11.119145
-11.512925464970229,-11.026578,-4.9015775,-0.026577545,-4.0265775
-11.512925464970229,-11.512925464970229,-9.818682,-0.6936822,-0.6936822
-11.512925464970229,-9.4130335,-1.9130331,-0.16303317,-6.913033
-11.512925464970229,-11.512925464970229,-7.100709,-0.4757088400000001,-0.97570884
-11.512925464970229,-9.050505,-3.0505047,-0.0505046199999999,-6.5505047
-11.512925464970229,-11.512925464970229,-11.512925464970229,-4.2649007,-0.0149005064999999
-11.512925464970229,-11.512925464970229,-8.067166,-0.3171664199999999,-1.3171664
-11.512925464970229,-9.331354,-2.5813537,-0.0813537239999999,-7.7063537
-11.512925464970229,-11.512925464970229,-7.254376,-0.1293759799999999,-2.129376
-11.512925464970229,-11.512925464970229,-11.512925464970229,-7.3757286,-0.0007283978599999
-11.512925464970229,-11.512925464970229,-11.512925464970229,-6.251995,-0.0019948969999999
-11.512925464970229,-11.512925464970229,-7.7997613,-0.0497615299999999,-3.0497615
-11.512925464970229,-7.250908,-3.875908,-0.1259079299999999,-2.375908
-11.512925464970229,-11.512925464970229,-5.0112796,-0.0112793539999999,-6.3862796
-9.509978,-3.2599785,-0.13497859,-2.7599785,-11.259978
-3.6436756,-0.14367548,-2.7686756,-7.1436753,-11.512925464970229
-8.080273,-3.2052724,-0.20527254,-1.9552726,-9.955273
-11.512925464970229,-8.977007,-2.3520072,-0.1020071699999999,-7.2270074
-11.512925464970229,-5.5808673,-0.5808673499999999,-0.83086735,-9.705868
-4.264849,-0.764849,-0.764849,-3.639849,-10.514849
-11.512925464970229,-6.954854,-1.7048538,-0.20485382,-6.829854
-11.512925464970229,-11.512925464970229,-8.813786,-0.31378517,-1.3137852
-11.512925464970229,-11.512925464970229,-6.7066603,-0.0816604999999999,-2.5816605
-11.512925464970229,-11.512925464970229,-7.389281,-0.3892807399999999,-1.1392808
-11.512925464970229,-9.30125,-3.0512502,-0.051250122,-6.42625
-11.512925464970229,-11.512925464970229,-9.701437,-0.8264365,-0.5764365
-11.512925464970229,-11.512925464970229,-7.6893034,-0.31430337,-1.3143034
-11.512925464970229,-11.512925464970229,-7.6356134,-0.010613263,-4.6356134
-11.512925464970229,-5.896789,-1.1467893,-0.3967892799999999,-8.27179
-3.8021123,-0.30211234,-1.5521123,-5.1771126,-11.427113
-11.512925464970229,-9.063634,-2.8136337,-0.063633755,-7.563634
-10.813331,-0.3133302,-1.3133302,-9.938331,-11.512925464970229
-10.595268,-4.845268,-0.22026788,-1.7202679,-10.345268
-11.512925464970229,-10.561577,-4.436577,-0.06157702,-3.061577
-9.646571,-2.3965716,-0.14657158,-3.3965716,-11.512925464970229
-11.446611,-5.196612,-0.3216118,-1.3216118,-9.696611
-11.512925464970229,-9.204298,-3.5792975,-0.07929754,-3.0792975
-11.512925464970229,-11.512925464970229,-6.878457,-0.2534573,-1.5034573
-11.512925464970229,-11.512925464970229,-8.22581,-0.47581032,-0.9758103
-6.5554276,-6.4304276,-3.1804276,-0.3054276000000001,-1.5554276
-11.512925464970229,-4.112769,-2.612769,-0.1127689499999999,-5.362769
-11.512925464970229,-9.84405,-2.594051,-0.0940508399999999,-4.344051
-9.599902,-5.5999017,-1.3499018,-0.3499018300000001,-3.474902
-11.512925464970229,-11.512925464970229,-9.687477,-0.062476903,-2.8124769
-11.512925464970229,-5.8191724,-0.3191725599999999,-1.3191726,-9.819173
-8.107693,-2.9826925,-0.2326924,-1.9826924,-8.607693
-8.754384,-2.629384,-0.12938404,-3.254384,-11.512925464970229
-1.0036707,-0.6286707499999998,-4.6286707,-8.378671,-11.378671
-11.512925464970229,-11.512925464970229,-7.9440975,-0.69409734,-0.69409734
-11.512925464970229,-11.512925464970229,-6.889573,-0.3895732800000001,-1.1395733
-11.512925464970229,-11.512925464970229,-6.410028,-0.035028156,-3.5350282
-11.512925464970229,-11.512925464970229,-6.7872024,-0.16220237,-1.9122024
-11.512925464970229,-11.512925464970229,-11.512925464970229,-3.2882116,-0.0382115499999999
-11.512925464970229,-11.512925464970229,-9.07756,-1.7025604,-0.2025604099999999
-11.512925464970229,-11.195152,-3.3201523,-0.0701521699999999,-3.5701523
-1.6652751,-0.2902750699999999,-3.540275,-7.290275,-11.512925464970229
-11.512925464970229,-11.512925464970229,-6.814622,-0.064622,-2.814622
-11.512925464970229,-11.512925464970229,-6.7033963,-0.5783963999999999,-0.8283964
-11.512925464970229,-11.512925464970229,-7.378907,-0.25390723,-1.5039072
-11.512925464970229,-10.417792,-3.292792,-0.042792026,-9.542792
-11.512925464970229,-10.410607,-3.7856076,-0.035607666,-4.660608
-5.9148817,-1.4148817,-0.4148817399999999,-2.5398817,-10.539882
-11.512925464970229,-11.512925464970229,-7.6285195,-0.0035194145,-6.1285195
-2.920405,-0.170405,-3.045405,-7.170405,-11.512925464970229
-8.239946,-3.8649464,-0.8649463,-0.6149463,-7.6149464
-11.512925464970229,-8.333343,-2.583342,-0.0833421949999999,-5.708342
-9.597941,-4.3479414,-0.5979411999999998,-0.8479412,-9.597941
-11.512925464970229,-11.512925464970229,-9.349594,-0.4745943000000001,-0.9745943
-11.512925464970229,-7.330298,-1.7052981,-0.2052980799999999,-7.080298
-11.512925464970229,-11.512925464970229,-8.628709,-0.2537092999999999,-1.5037093
-11.512925464970229,-7.762097,-1.5120971,-0.26209706,-7.012097
-1.4315583,-0.30655828,-5.556558,-9.931559,-11.512925464970229
-11.512925464970229,-8.04249,-3.5424898,-0.04248966,-4.9174895
-11.512925464970229,-10.911647,-4.4116473,-0.03664709,-3.786647
-11.512925464970229,-11.512925464970229,-6.3795824,-0.2545824299999999,-1.5045824
-11.512925464970229,-11.512925464970229,-6.5507045,-0.0507043079999999,-3.0507042
-3.288264,-0.4132641000000001,-1.413264,-4.0382643,-10.788264
-5.745192,-1.3701923,-0.37019226,-3.9951923,-10.870193
-6.642776,-1.392776,-0.39277604,-2.892776,-11.1427765
-11.512925464970229,-7.266894,-2.1418936,-0.14189366,-8.141893
-11.512925464970229,-7.6945977,-1.3195977,-0.31959775,-8.444598
-11.512925464970229,-11.512925464970229,-9.701787,-0.5767869,-0.8267869
-11.512925464970229,-9.730076,-5.7300763,-0.10507612,-2.355076
-11.512925464970229,-6.4826403,-0.9826405,-0.4826404999999999,-8.35764
-11.512925464970229,-11.512925464970229,-8.887613,-1.1376133,-0.3876132399999999
-11.512925464970229,-11.512925464970229,-9.012719,-1.1377195,-0.38771954
-11.512925464970229,-9.893073,-5.2680736,-0.39307338,-1.1430733
-11.512925464970229,-11.512925464970229,-9.035834,-0.16083421,-1.9108342
-11.512925464970229,-9.209309,-2.5843081,-0.0843081849999999,-7.084308
-11.512925464970229,-10.670939,-4.67094,-0.17093989,-1.9209399
-11.512925464970229,-11.512925464970229,-11.413414,-3.288414,-0.0384140419999999
-11.512925464970229,-11.512925464970229,-5.6356936,-0.1356937899999999,-2.1356938
-11.512925464970229,-8.256998,-1.5069982,-0.25699815,-9.506998
-10.087236,-4.337236,-0.33723602,-1.337236,-9.712236
-11.512925464970229,-11.512925464970229,-7.2598605,-0.0098606799999999,-4.7598605
-1.2320879,-0.4820878,-4.1070876,-8.107088,-11.512925464970229
-11.512925464970229,-11.512925464970229,-8.564838,-0.31483814,-1.3148382
-11.512925464970229,-11.512925464970229,-11.512925464970229,-3.0487826,-0.0487825419999999
-11.512925464970229,-11.512925464970229,-8.077859,-0.20285857,-1.7028586
-11.512925464970229,-10.463177,-5.0881763,-0.21317632,-1.7131764
-11.512925464970229,-11.512925464970229,-8.975744,-0.4757441600000001,-0.9757441
-11.512925464970229,-11.512925464970229,-11.512925464970229,-4.7588425,-0.00884253
-11.512925464970229,-11.512925464970229,-6.8896484,-0.38964832,-1.1396483
-11.512925464970229,-11.317291,-6.1922917,-0.31729162,-1.3172916
-11.512925464970229,-11.512925464970229,-6.1899076,-0.0649076999999999,-2.8149078
-11.512925464970229,-11.512925464970229,-11.512925464970229,-3.5299258,-0.0299258999999999
-11.512925464970229,-11.512925464970229,-11.512925464970229,-7.8754096,-0.0004095811699999
-11.512925464970229,-11.512925464970229,-10.35104,-0.97604024,-0.4760401999999999
-11.512925464970229,-9.981229,-5.7312293,-0.9812291,-0.48122913
-5.940371,-1.690371,-0.44037098,-2.190371,-9.690371
-11.512925464970229,-5.34447,-0.84447026,-0.5944702600000001,-9.96947
-4.0620375,-0.5620373,-1.5620372,-5.0620375,-10.812037
-2.831348,-0.706348,-1.206348,-3.456348,-9.456348
-11.512925464970229,-9.167924,-3.5429244,-0.042924397,-4.5429244
-11.512925464970229,-11.512925464970229,-4.2682395,-0.0182394959999999,-6.0182395
-11.512925464970229,-11.512925464970229,-4.346195,-0.09619529,-2.5961952
-11.512925464970229,-11.512925464970229,-6.2911816,-0.16618177,-1.9161818
-11.512925464970229,-11.512925464970229,-11.512925464970229,-5.5044703,-0.0044701159999999
-11.512925464970229,-11.512925464970229,-4.2897716,-0.03977172,-3.7897718
-4.2084284,-0.08342827,-3.0834284,-8.458428,-11.512925464970229
-11.512925464970229,-11.512925464970229,-7.478317,-0.4783167199999999,-0.9783167
-11.512925464970229,-11.512925464970229,-11.512925464970229,-4.018341,-0.0183412119999999
-11.512925464970229,-11.512925464970229,-11.512925464970229,-5.7532964,-0.0032961785
-11.512925464970229,-11.512925464970229,-8.851264,-0.4762640000000001,-0.976264
-11.512925464970229,-8.989893,-2.3648934,-0.1148933249999999,-4.4898934
-11.512925464970229,-9.77734,-4.40234,-0.027340034,-4.40234
-11.512925464970229,-11.512925464970229,-8.13687,-0.0118700739999999,-4.51187
-0.0096235144999999,-6.6346235,-10.384624,-11.512925464970229,-11.512925464970229
-2.9529061,-0.3279061999999999,-1.5779061,-5.327906,-11.202907
-0.91691685,-0.6669168499999999,-2.7919168,-5.041917,-9.041917
-10.39934,-4.02434,-0.14934003,-2.1493402,-10.27434
-8.436695,-2.0616946,-0.3116947399999999,-2.0616946,-9.811695
-10.296742,-6.046743,-1.9217429,-0.17174289,-6.671743
-5.3442526,-2.0942526,-0.8442527,-0.8442527,-4.9692526
-11.512925464970229,-11.512925464970229,-5.8926525,-0.017652651,-4.2676525
-3.7650418,-1.1400418,-0.8900419,-1.6400418,-7.640042
-11.512925464970229,-11.512925464970229,-6.1927824,-0.3177822999999999,-1.3177823
-1.5472305,-0.2972304499999999,-3.2972305,-7.2972302,-11.512925464970229
-7.3120437,-4.5620437,-1.6870435,-0.4370435200000001,-1.9370435
-11.512925464970229,-11.512925464970229,-8.4755945,-0.4755946,-0.97559464
-0.11494295,-2.364943,-6.864943,-10.114943,-11.512925464970229
-8.7087755,-2.4587755,-0.2087756199999999,-2.4587755,-9.9587755
-2.3089018,-0.30890188,-2.9339018,-6.808902,-11.512925464970229
-1.3567765,-0.35677645,-4.106776,-8.481776,-11.512925464970229
-3.920164,-0.9201641,-0.6701641,-3.170164,-8.670164
-4.3152485,-0.1902487299999999,-1.9402487,-6.1902485,-11.512925464970229
-7.4872384,-2.7372386,-0.4872385999999999,-1.2372386,-8.737239
-8.635314,-3.6353142,-0.51031417,-1.0103142,-8.885314
-6.668114,-2.0431142,-0.2931142400000001,-2.2931142,-7.918114
-11.512925464970229,-9.587342,-4.7123423,-0.2123420399999999,-1.712342
-11.512925464970229,-11.512925464970229,-7.39949,-0.0244900269999999,-3.77449
-4.0272737,-0.15227382,-2.402274,-6.7772737,-11.512925464970229
-2.6262581,-0.1262582,-3.6262581,-8.251258,-11.512925464970229
-7.1121354,-3.4871354,-0.8621354,-0.6121354000000001,-6.2371354
-11.512925464970229,-11.512925464970229,-8.938654,-1.3136543,-0.3136543
-11.512925464970229,-5.859516,-0.98451596,-0.4845159599999999,-9.359516
-5.5236993,-0.7736994,-0.7736994,-2.8986993,-9.2737
-0.50916153,-1.0091615,-5.1341615,-9.009162,-11.512925464970229
-6.756737,-1.3817372,-0.38173723,-3.3817372,-10.381737
-8.462381,-2.5873811,-0.2123810599999999,-2.2123811,-10.962381
-11.512925464970229,-11.512925464970229,-6.8799334,-0.2549334,-1.5049334
-11.512925464970229,-11.512925464970229,-11.512925464970229,-3.7734241,-0.023424245
-11.512925464970229,-10.544105,-5.419105,-0.0441049599999999,-3.294105
-11.512925464970229,-10.101856,-2.3518562,-0.10185635,-7.226856
-11.512925464970229,-8.836444,-3.8364434,-0.0864435299999999,-2.8364434
-11.512925464970229,-4.955338,-1.3303381,-0.3303381000000001,-5.580338
-11.512925464970229,-11.512925464970229,-5.2685895,-0.018589428,-4.3935895
-3.6628542,-0.0378542999999999,-4.787854,-9.787854,-11.512925464970229
-8.122828,-1.9978275,-0.49782747,-1.4978275,-9.122828
-11.512925464970229,-11.512925464970229,-6.2896385,-0.16463864,-1.9146386
-11.512925464970229,-11.512925464970229,-11.398452,-3.7734518,-0.0234517269999999
-11.512925464970229,-11.512925464970229,-8.945332,-0.69533116,-0.69533116
-11.512925464970229,-5.8402114,-0.8402113,-0.5902112999999999,-8.590211
-5.5099115,-1.3849113,-0.38491133,-3.0099113,-10.509912
-9.509071,-3.8840709,-0.50907093,-1.0090709,-9.634071
-0.43753228,-1.1875323,-5.1875324,-8.437532,-11.512925464970229
-8.785797,-3.6607969,-0.28579688,-1.7857969,-9.910797
-11.512925464970229,-11.512925464970229,-11.512925464970229,-3.7736359,-0.0236359419999999
-11.512925464970229,-5.9815245,-0.98152447,-0.48152444,-8.731524
-7.3191905,-1.6941906,-0.3191906,-4.3191905,-11.319191
-11.512925464970229,-9.629081,-2.1290805,-0.12908046,-9.004081
-11.512925464970229,-11.512925464970229,-11.512925464970229,-4.5112805,-0.0112805389999999
-11.512925464970229,-11.512925464970229,-7.5784483,-0.20344815,-1.7034482
-6.8352413,-0.5852413000000001,-0.8352413,-5.7102413,-11.512925464970229
-11.512925464970229,-11.512925464970229,-8.456632,-0.0816319359999999,-2.581632
-11.512925464970229,-11.512925464970229,-11.512925464970229,-2.8127651,-0.06276513
-11.512925464970229,-11.512925464970229,-11.512925464970229,-2.8124228,-0.0624227099999999
-11.512925464970229,-11.512925464970229,-6.914907,-0.039907016,-3.289907
-11.512925464970229,-11.512925464970229,-7.975393,-0.4753928,-0.9753927999999998
-11.512925464970229,-0.8259695000000001,-0.5759694999999999,-10.45097,-11.512925464970229
-11.512925464970229,-9.665263,-3.290263,-0.0402629599999999,-7.165263
-4.1080356,-0.23303562,-1.7330356,-6.2330356,-11.483036
-4.373761,-0.6237613600000002,-0.87376136,-4.498761,-11.373761
-11.512925464970229,-5.4815283,-0.4815282799999999,-0.9815283,-10.231528
-11.512925464970229,-11.512925464970229,-9.813529,-1.3135285,-0.3135286
-11.512925464970229,-7.4055758,-2.0305755,-0.15557551,-4.4055758
-11.512925464970229,-11.512925464970229,-9.438647,-1.3136477,-0.3136477200000001
-11.512925464970229,-11.512925464970229,-8.951455,-0.8264553,-0.5764553
-10.928726,-4.1787257,-0.17872581,-1.9287258,-11.512925464970229
-0.07360661,-2.6986065,-8.5736065,-11.512925464970229,-11.512925464970229
-11.512925464970229,-11.512925464970229,-8.827919,-0.20291859,-1.7029185
-11.512925464970229,-11.512925464970229,-5.5090613,-0.0090614589999999,-5.3840613
-11.512925464970229,-11.512925464970229,-8.943883,-0.6938826,-0.6938826
-11.512925464970229,-11.512925464970229,-6.884844,-0.0098437989999999,-4.759844
-11.512925464970229,-11.512925464970229,-5.010105,-0.0101053559999999,-6.010105
-10.4059515,-4.655951,-0.2809510799999999,-1.530951,-10.7809515
-7.7350416,-2.4850416,-0.2350417199999999,-2.2350416,-10.360042
-10.207633,-5.707633,-1.707633,-0.20763296,-7.207633
-11.512925464970229,-11.512925464970229,-11.512925464970229,-3.0490842,-0.049084157
-11.512925464970229,-11.512925464970229,-8.099988,-0.9749884,-0.4749884
-11.512925464970229,-11.512925464970229,-11.312318,-2.8123176,-0.0623176599999999
-11.512925464970229,-11.512925464970229,-11.512925464970229,-3.2881825,-0.03818241
-11.512925464970229,-11.512925464970229,-9.387341,-1.137341,-0.3873409999999999
-11.512925464970229,-11.512925464970229,-11.512925464970229,-3.7735174,-0.0235172939999999
-11.512925464970229,-11.512925464970229,-10.785438,-1.9104378,-0.1604377799999999
-9.452365,-6.577365,-3.077365,-0.07736493,-3.702365
-11.512925464970229,-10.672928,-4.047928,-0.0479279599999999,-3.5479279
-11.512925464970229,-9.56637,-3.5663698,-0.19136979,-1.9413698
-11.512925464970229,-9.56637,-3.5663698,-0.19136979,-1.9413698
-11.512925464970229,-11.512925464970229,-10.752322,-2.1273224,-0.12732251
-11.512925464970229,-11.512925464970229,-10.035619,-1.9106185,-0.1606186
-11.512925464970229,-11.512925464970229,-11.410506,-1.9105061,-0.1605061
-9.327624,-5.0776243,-1.3276244,-0.32762447,-6.4526243
-6.0009437,-0.87594354,-0.62594354,-4.6259437,-11.512925464970229
-11.512925464970229,-11.512925464970229,-7.476794,-0.1017937899999999,-2.3517938
-11.512925464970229,-11.512925464970229,-11.512925464970229,-5.5041943,-0.004194387
-11.512925464970229,-11.512925464970229,-10.899722,-3.7747223,-0.024722306
-11.512925464970229,-11.512925464970229,-11.512925464970229,-7.126164,-0.0011640304999999
-11.512925464970229,-11.512925464970229,-11.512925464970229,-3.5305219,-0.0305218829999999
-11.512925464970229,-11.512925464970229,-11.512925464970229,-8.875284,-0.0002843384999999
-11.512925464970229,-11.512925464970229,-11.512925464970229,-5.8779445,-0.0029445364999999
-11.512925464970229,-11.512925464970229,-9.312864,-2.8128638,-0.062863864
-11.512925464970229,-11.512925464970229,-11.512925464970229,-7.000969,-0.00096886844
-11.512925464970229,-11.512925464970229,-11.512925464970229,-9.000212,-0.0002114078199999
-11.512925464970229,-11.512925464970229,-11.512925464970229,-8.625227,-0.00022737744
-11.512925464970229,-11.512925464970229,-10.453417,-0.2034163499999999,-1.7034163
-11.512925464970229,-10.927802,-3.0528023,-0.0528024359999999,-9.427802
-11.512925464970229,-11.512925464970229,-5.758163,-0.008162985,-6.133163
-11.512925464970229,-11.512925464970229,-8.280763,-0.0307622349999999,-3.5307622
-11.501946,-0.25194612,-1.5019461,-11.512925464970229,-11.512925464970229
-11.512925464970229,-10.770676,-4.0206757,-0.1456758,-2.145676
-11.512925464970229,-11.512925464970229,-4.653615,-0.0286148149999999,-4.028615
-11.512925464970229,-9.635442,-3.3854415,-0.13544147,-2.3854415
-11.512925464970229,-11.512925464970229,-11.512925464970229,-4.758699,-0.008698717
-11.512925464970229,-11.512925464970229,-8.536179,-1.9111786,-0.1611786299999999
-11.512925464970229,-11.068765,-5.443765,-0.31876513,-1.3187652
-11.512925464970229,-11.512925464970229,-10.5773325,-1.7023324,-0.2023323799999999
-0.3188536999999999,-1.5688537,-6.443854,-9.568853,-11.512925464970229
-11.512925464970229,-11.512925464970229,-10.827007,-0.5770070999999999,-0.8270071
-11.512925464970229,-11.445229,-5.3202286,-0.32022858,-1.3202286
-11.512925464970229,-11.512925464970229,-10.773419,-3.7734191,-0.023419121
-11.512925464970229,-11.512925464970229,-9.439398,-1.3143978,-0.3143978399999999
-11.512925464970229,-10.378195,-3.6281946,-0.1281945299999999,-2.3781946
-11.512925464970229,-9.128959,-2.128959,-0.12895902,-7.253959
-11.512925464970229,-10.537634,-4.912634,-0.037634112,-3.5376341
-4.181114,-0.3061144399999999,-1.5561144,-5.056114,-11.306114
-11.512925464970229,-11.512925464970229,-7.0783534,-0.2033533,-1.7033533
-5.9340563,-2.059056,-0.30905607,-2.434056,-8.434056
-6.0484366,-2.4234369,-0.4234367999999999,-1.4234368,-8.048437
-6.27833,-2.0283298,-0.2783298799999999,-2.2783298,-9.27833
-1.5297798,-0.2797798199999999,-4.27978,-7.65478,-11.512925464970229
-10.199319,-5.324319,-1.3243189,-0.32431886,-8.199319
-11.512925464970229,-11.512925464970229,-9.975755,-0.10075521,-2.3507552
-7.6989985,-2.8239985,-0.3239985000000001,-1.5739985,-9.948998
-11.512925464970229,-11.512925464970229,-10.562817,-2.812817,-0.0628170699999999
-11.512925464970229,-11.512925464970229,-9.937938,-2.8129373,-0.0629373
-11.512925464970229,-11.512925464970229,-10.377901,-2.1279013,-0.12790139
-11.512925464970229,-11.512925464970229,-9.253267,-0.2532676999999999,-1.5032678
-2.1904774,-0.19047745,-3.0654774,-6.9404774,-11.512925464970229
-11.512925464970229,-11.512925464970229,-7.3283744,-0.2033742399999999,-1.7033743
-8.220303,-1.9703027,-0.22030267,-3.0953026,-11.220303
-11.512925464970229,-6.2291784,-0.47917828,-0.9791783,-11.354178
-11.512925464970229,-11.512925464970229,-10.944489,-0.69448835,-0.69448835
-11.512925464970229,-11.512925464970229,-11.512925464970229,-4.0187593,-0.0187591909999999
-11.512925464970229,-11.512925464970229,-9.976182,-0.9761816,-0.47618166
-11.512925464970229,-11.512925464970229,-9.351592,-0.4765916199999999,-0.9765916
-11.512925464970229,-11.512925464970229,-11.512925464970229,-2.1280048,-0.12800482
-11.512925464970229,-11.512925464970229,-11.512925464970229,-5.0068755,-0.0068756876999999
-11.512925464970229,-11.512925464970229,-11.512925464970229,-2.5799897,-0.0799896339999999
-10.802182,-4.177182,-0.17718196,-1.927182,-11.302182
-11.512925464970229,-11.512925464970229,-10.975463,-0.9754631,-0.4754631
-11.512925464970229,-11.512925464970229,-11.512925464970229,-2.5794098,-0.0794097499999999
-11.512925464970229,-11.512925464970229,-11.512925464970229,-4.511401,-0.011400998
-11.512925464970229,-11.512925464970229,-9.725803,-0.4758034599999999,-0.9758035000000002
-11.512925464970229,-11.512925464970229,-10.388124,-1.138125,-0.3881249399999999
-11.512925464970229,-11.512925464970229,-4.761651,-0.011650809,-6.261651
-9.635489,-2.6354897,-0.1354896699999999,-3.2604897,-11.512925464970229
-5.370932,-1.245932,-0.4959319799999999,-3.245932,-10.370932
-11.512925464970229,-11.512925464970229,-11.512925464970229,-4.511163,-0.0111630129999999
-9.839349,-4.964349,-0.83934873,-0.5893487299999999,-7.214349
-11.512925464970229,-11.512925464970229,-11.512925464970229,-3.7735705,-0.0235704979999999
-11.512925464970229,-11.512925464970229,-11.298746,-3.0487459,-0.048745986
-11.512925464970229,-11.512925464970229,-8.724746,-0.97474617,-0.47474617
-11.512925464970229,-11.512925464970229,-11.512925464970229,-3.5301418,-0.0301417499999999
-11.512925464970229,-11.512925464970229,-10.438553,-0.3135532699999999,-1.3135533
-4.9774513,-1.7274512,-0.4774512399999999,-1.7274512,-8.477451
-11.512925464970229,-11.512925464970229,-9.326983,-0.57698303,-0.82698303
-11.512925464970229,-11.512925464970229,-9.951814,-1.7018132,-0.2018132499999999
-11.512925464970229,-11.512925464970229,-11.512925464970229,-5.504142,-0.0041417919999999
-11.512925464970229,-11.512925464970229,-11.512925464970229,-3.0491397,-0.049139775
-11.512925464970229,-11.512925464970229,-6.9763203,-0.47632033,-0.9763203
-11.090873,-4.090873,-0.3408728999999999,-1.3408729,-11.512925464970229
-5.4985995,-0.8735995,-0.6235995,-3.8735995,-10.6236
-4.957623,-0.33262312,-1.3326231,-6.207623,-11.512925464970229
-11.512925464970229,-6.1020694,-0.4770696,-0.9770696,-9.60207
-11.512925464970229,-11.512925464970229,-8.563733,-0.31373307,-1.3137331
-9.647926,-2.022926,-0.272926,-2.272926,-10.647926
-4.035873,-0.28587303,-1.535873,-5.910873,-11.512925464970229
-11.512925464970229,-7.3877254,-2.637725,-0.13772522,-2.887725
-11.512925464970229,-11.512925464970229,-11.512925464970229,-3.2881608,-0.038160723
-11.512925464970229,-11.512925464970229,-7.1404476,-0.0154475149999999,-4.2654476
-6.116396,-0.9913962,-0.4913962,-4.366396,-11.512925464970229
-11.512925464970229,-11.512925464970229,-4.7637515,-0.0137517139999999,-5.3887515
-11.512925464970229,-8.752919,-2.1279197,-0.12791966,-7.7529197
-11.512925464970229,-11.512925464970229,-6.7537093,-0.12870929,-2.1287093
-11.512925464970229,-11.512925464970229,-4.540631,-0.0406308059999999,-3.5406308
-11.512925464970229,-9.800643,-3.0506432,-0.0506431129999999,-6.425643
-11.512925464970229,-9.079525,-1.7045246,-0.2045246,-6.7045245
-11.512925464970229,-7.911463,-1.9114627,-0.1614627,-9.286463
-2.6018894,-0.22688931,-2.6018894,-6.476889,-11.47689
-11.512925464970229,-11.512925464970229,-8.600874,-2.3508737,-0.10087366
-11.512925464970229,-11.512925464970229,-7.952099,-0.827099,-0.5770989999999999
-11.512925464970229,-11.512925464970229,-8.627882,-2.1278822,-0.1278821999999999
-11.512925464970229,-11.512925464970229,-9.579423,-2.579423,-0.0794228539999999
-11.512925464970229,-11.209837,-5.0848374,-0.20983724,-1.7098372
-11.512925464970229,-11.512925464970229,-11.512925464970229,-4.264344,-0.014344018
-11.512925464970229,-11.512925464970229,-6.226935,-0.47693476,-0.9769348
-0.9506301,-0.5756301000000001,-4.32563,-8.07563,-11.512925464970229
-11.512925464970229,-11.512925464970229,-7.7256017,-0.4756014999999999,-0.9756015
-11.512925464970229,-11.512925464970229,-9.785816,-1.9108161,-0.16081604
-11.512925464970229,-11.512925464970229,-11.512925464970229,-3.7733946,-0.0233945549999999
-11.512925464970229,-7.7576213,-2.132621,-0.13262106,-5.3826213
-11.512925464970229,-11.512925464970229,-7.9442964,-0.69429654,-0.69429654
-10.353094,-4.8530946,-0.22809456,-1.7280946,-11.512925464970229
-9.104268,-3.3542686,-0.35426846,-1.3542684,-9.604268
-0.89694846,-0.6469484600000001,-6.2719483,-10.146949,-11.512925464970229
-8.425823,-3.4258227,-0.30082282,-1.5508229,-8.800823
-11.512925464970229,-7.113313,-2.3633132,-0.11331322,-5.113313
-8.620871,-3.495871,-0.87087107,-0.62087107,-7.370871
-6.887894,-1.3878943,-0.38789424,-3.3878942,-10.762895
-11.512925464970229,-7.8216558,-3.0716558,-0.07165565,-3.9466558
-11.512925464970229,-10.802439,-3.0524385,-0.052438475,-5.9274383
-11.512925464970229,-11.512925464970229,-6.06677,-0.3167702599999999,-1.3167703
-4.98859,-4.73859,-2.2385895,-0.2385896099999999,-2.4885895
-11.512925464970229,-7.017107,-1.1421068,-0.3921068,-8.517107
-11.512925464970229,-10.0450735,-4.7950735,-0.1700734,-1.9200734
-11.512925464970229,-11.512925464970229,-7.826994,-0.8269941999999999,-0.5769942
-11.512925464970229,-11.512925464970229,-7.0500712,-0.0500711169999999,-3.050071
-11.512925464970229,-6.8171716,-1.3171716,-0.31717163,-6.6921716
-3.2265427,-0.2265426499999999,-2.2265427,-6.4765425,-11.512925464970229
-10.349378,-0.4743772,-0.97437716,-8.224378,-11.512925464970229
-11.512925464970229,-11.512925464970229,-10.512574,-1.1375741,-0.38757405
-11.512925464970229,-10.528622,-3.7786214,-0.028621538,-6.4036217
-11.512925464970229,-11.512925464970229,-8.377617,-2.1276166,-0.1276166599999999
-11.512925464970229,-11.512925464970229,-9.827659,-1.7026589,-0.20265892
-11.512925464970229,-11.512925464970229,-7.828105,-0.578105,-0.8281049999999999
-11.512925464970229,-11.512925464970229,-3.7786868,-0.0286868719999999,-6.153687
-11.512925464970229,-11.512925464970229,-11.512925464970229,-3.7739084,-0.023908338
-11.512925464970229,-11.512925464970229,-7.3163056,-0.31630546,-1.3163054
-9.319993,-3.5699935,-0.19499347,-1.9449935,-11.444993
-11.47901,-11.47901,-6.729009,-0.47900936,-0.9790094
-11.512925464970229,-11.512925464970229,-10.454429,-2.5794287,-0.0794285799999999
-11.512925464970229,-11.512925464970229,-11.512925464970229,-3.8960152,-0.02101524
-11.512925464970229,-11.512925464970229,-9.475167,-0.97516733,-0.47516733
-11.512925464970229,-11.512925464970229,-8.314671,-0.0646706099999999,-2.8146706
-11.512925464970229,-9.316505,-2.8165052,-0.06650511,-8.066505
-11.512925464970229,-11.512925464970229,-7.1280756,-0.1280755999999999,-2.1280756
-11.512925464970229,-8.454739,-1.7047384,-0.20473842,-8.829739
-11.512925464970229,-11.512925464970229,-7.439753,-0.06475318,-2.8147533
-11.512925464970229,-11.512925464970229,-4.2719884,-0.02198853,-5.0219884
-11.512925464970229,-8.63421,-1.5092093,-0.2592093,-8.00921
-11.512925464970229,-11.189458,-2.814458,-0.0644579299999999,-7.189458
-11.512925464970229,-11.512925464970229,-8.628368,-0.2533686,-1.5033686
-11.512925464970229,-11.512925464970229,-7.6886735,-0.0636735799999999,-2.8136735
-11.512925464970229,-11.512925464970229,-9.655452,-0.0304520369999999,-3.530452
-9.320117,-6.570117,-2.8201172,-0.19511715,-2.1951172
-11.512925464970229,-11.512925464970229,-3.5333614,-0.03336142,-6.9083614
-11.512925464970229,-11.512925464970229,-8.328329,-0.57832927,-0.8283292700000001
-11.512925464970229,-11.512925464970229,-11.512925464970229,-1.7019866,-0.2019865499999999
-11.512925464970229,-11.512925464970229,-5.398845,-0.0238453669999999,-4.023845
-11.512925464970229,-11.512925464970229,-9.690102,-0.3151015599999999,-1.3151016
-11.512925464970229,-11.512925464970229,-7.580813,-0.0808131,-2.5808132
-11.512925464970229,-11.512925464970229,-5.2630787,-0.013078817,-5.0130787
-1.3692623,-0.4942623699999999,-4.119262,-8.244263,-11.512925464970229
-11.512925464970229,-11.512925464970229,-8.327128,-0.5771282999999999,-0.8271283
-11.512925464970229,-11.512925464970229,-9.725773,-0.4757729199999999,-0.9757729
-11.512925464970229,-9.831125,-2.8311257,-0.081125654,-4.3311257
-7.9399395,-2.1899395,-0.1899395099999999,-2.9399395,-10.9399395
-11.512925464970229,-11.512925464970229,-10.127394,-1.5023937,-0.2523937799999999
-11.512925464970229,-11.512925464970229,-11.512925464970229,-5.0068345,-0.006834603
-11.512925464970229,-11.512925464970229,-7.425349,-0.05034911,-3.050349
-0.0536734459999999,-3.0536735,-8.678674,-11.512925464970229,-11.512925464970229
-11.512925464970229,-11.512925464970229,-8.378643,-0.25364298,-1.503643
-11.512925464970229,-11.512925464970229,-10.201834,-0.5768338400000002,-0.82683384
-11.512925464970229,-11.512925464970229,-11.512925464970229,-1.9107809,-0.16078092
-11.512925464970229,-11.512925464970229,-9.451698,-0.8266988,-0.5766988
-0.5776053000000001,-1.3276052,-5.9526052,-10.202605,-11.512925464970229
-3.3693206,-0.1193207099999999,-2.9943206,-7.994321,-11.512925464970229
-11.512925464970229,-11.512925464970229,-6.7901025,-0.0401025269999999,-3.2901025
-3.4711397,-0.22113971,-1.9711397,-5.59614,-11.512925464970229
-7.9727955,-1.9727957,-0.2227957,-2.9727957,-10.4727955
-11.235706,-4.8607063,-0.4857061499999999,-0.98570615,-8.860706
-9.980596,-3.7305958,-0.8555958,-0.6055958,-7.2305956
-11.512925464970229,-6.415467,-1.9154668,-0.16546673,-6.540467
-4.6213984,-0.6213986,-0.8713986,-4.1213984,-10.746399
-4.9381275,-0.93812734,-0.68812734,-3.0631273,-10.0631275
-11.512925464970229,-11.512925464970229,-8.564641,-0.31464076,-1.3146408
-8.1463785,-3.1463783,-0.5213783,-1.0213783,-9.2713785
-11.512925464970229,-11.512925464970229,-5.691513,-0.06651292,-2.8165128
-11.512925464970229,-11.105753,-5.3557534,-0.1057533799999999,-2.3557534
-11.512925464970229,-10.699396,-4.574396,-0.0743959099999999,-2.824396
-11.512925464970229,-11.512925464970229,-4.6444006,-0.019400818,-4.7694006
-9.882117,-5.632117,-2.382117,-0.1321169999999999,-3.882117
-9.969149,-4.344148,-0.71914834,-0.71914834,-9.344149
-7.370533,-1.995533,-0.24553297,-2.745533,-9.995533
-2.3868005,-0.13680063,-4.261801,-8.761801,-11.512925464970229
-11.512925464970229,-11.512925464970229,-6.3895183,-0.38951847,-1.1395185
-10.757598,-5.882598,-1.5075977,-0.25759768,-6.257598
-11.512925464970229,-7.7503986,-2.6253989,-0.12539877,-3.1253989
-4.357654,-0.6076541499999999,-0.85765415,-4.607654,-11.512925464970229
-11.512925464970229,-11.512925464970229,-5.8155336,-0.06553358,-2.8155336
-11.512925464970229,-9.327988,-3.0779877,-0.0779877799999999,-3.5779877
-10.824548,-7.074548,-1.3245475,-0.3245475999999999,-4.824548
-0.6039591400000001,-0.85395914,-6.103959,-10.228959,-11.512925464970229
-11.512925464970229,-11.146214,-4.8962135,-1.1462134,-0.39621344
-10.757598,-5.882598,-1.5075977,-0.25759768,-6.257598
-11.512925464970229,-11.512925464970229,-8.194124,-0.69412434,-0.69412434
-11.512925464970229,-11.512925464970229,-5.566355,-0.06635541,-2.8163555
-9.898975,-5.5239754,-1.1489751,-0.39897516,-5.3989754
-3.3867824,-0.38678247,-1.3867824,-4.5117826,-11.011783
-3.4526129,-0.452613,-1.202613,-3.9526129,-10.952613
-3.4545197,-0.32951966,-1.8295196,-6.0795197,-11.512925464970229
-11.512925464970229,-11.512925464970229,-6.408692,-0.033691805,-3.533692
-11.512925464970229,-11.512925464970229,-7.704795,-0.07979484,-2.579795
-11.512925464970229,-11.512925464970229,-7.3782086,-0.1282088,-2.1282089
-11.512925464970229,-11.512925464970229,-5.382348,-0.007348208,-6.007348
-11.512925464970229,-11.512925464970229,-6.135217,-0.010217332,-4.885217
-11.512925464970229,-11.512925464970229,-8.763008,-0.3880085299999999,-1.1380086
-11.512925464970229,-11.512925464970229,-8.564603,-0.31460327,-1.3146033
-8.487275,-1.9872749,-0.2372749399999999,-3.112275,-11.512925464970229
-11.512925464970229,-11.512925464970229,-8.06307,-0.0630704899999999,-2.8130705
-11.512925464970229,-11.512925464970229,-9.253696,-0.12869608,-2.128696
-11.512925464970229,-11.512925464970229,-10.189949,-0.3149491999999999,-1.3149493
-11.512925464970229,-11.512925464970229,-11.512925464970229,-0.04929548,-3.0492954
-11.512925464970229,-11.512925464970229,-9.315514,-0.3155136399999999,-1.3155136
-11.512925464970229,-11.512925464970229,-6.78129,-0.0312900539999999,-3.53129
-3.5258806,-0.27588063,-2.1508806,-6.150881,-11.512925464970229
-5.4909105,-1.3659106,-0.36591068,-3.8659108,-11.490911
-11.512925464970229,-11.512925464970229,-9.07885,-0.82885027,-0.57885027
-11.512925464970229,-10.566124,-2.8161237,-0.0661236999999999,-7.8161235
-11.512925464970229,-11.512925464970229,-6.4007077,-0.02570781,-3.7757077
-11.512925464970229,-11.512925464970229,-8.101353,-0.10135312,-2.3513532
-11.512925464970229,-11.512925464970229,-9.195389,-0.69538844,-0.69538844
-11.512925464970229,-11.512925464970229,-10.440084,-1.3150849,-0.3150848700000001
-11.512925464970229,-11.512925464970229,-6.5081234,-0.008123258,-5.1331234
-3.2594695,-0.1344694499999999,-2.6344695,-6.8844695,-11.512925464970229
-11.512925464970229,-7.765558,-0.1405576499999999,-2.1405578,-9.265557
-11.512925464970229,-11.512925464970229,-8.476166,-0.9761653,-0.4761653
-11.512925464970229,-11.512925464970229,-8.889234,-1.1392334,-0.3892333
-11.512925464970229,-11.512925464970229,-2.581807,-0.081806935,-7.956807
-11.512925464970229,-11.512925464970229,-9.20558,-1.7055802,-0.2055801699999999
-10.35981,-3.48481,-0.109810226,-2.85981,-11.512925464970229
-4.2582884,-0.50828815,-1.1332881,-6.0082884,-11.512925464970229
-2.1969867,-0.1969867999999999,-3.0719867,-7.3219867,-11.512925464970229
-11.512925464970229,-11.512925464970229,-8.564235,-0.31423485,-1.3142349
-11.512925464970229,-11.512925464970229,-8.076954,-0.8269543,-0.5769542999999999
-11.512925464970229,-10.919946,-3.2949455,-0.0449454799999999,-5.6699457
-11.512925464970229,-11.512925464970229,-2.6785023,-0.17850235,-2.4285023
-11.512925464970229,-11.512925464970229,-7.9757247,-0.4757245999999999,-0.9757246
-11.512925464970229,-11.512925464970229,-7.350953,-0.9759532,-0.4759532500000001
-11.512925464970229,-11.512925464970229,-8.424257,-0.049257014,-3.049257
-0.98571473,-0.4857147299999999,-5.485715,-10.735715,-11.512925464970229
-11.512925464970229,-11.512925464970229,-7.91164,-0.1616399699999999,-1.9116399
-10.336594,-4.961594,-0.5865940000000001,-0.836594,-8.086594
-11.512925464970229,-11.512925464970229,-9.975387,-0.97538614,-0.4753861699999999
-11.512925464970229,-11.512925464970229,-9.664299,-0.039298814,-3.2892988
-11.512925464970229,-11.512925464970229,-7.518947,-0.0189471879999999,-4.018947
-11.512925464970229,-8.756182,-1.5061817,-0.2561817199999999,-7.6311817
-8.708039,-3.208039,-0.2080390199999999,-1.958039,-10.708039
-3.925149,-0.3001490199999999,-1.550149,-5.675149,-11.512925464970229
-11.512925464970229,-11.512925464970229,-5.9547243,-0.20472445,-1.7047244
-11.512925464970229,-11.512925464970229,-7.0160127,-0.3910128499999999,-1.1410129
-11.512925464970229,-10.530489,-3.7804887,-0.0304886879999999,-5.1554885
-11.512925464970229,-11.512925464970229,-8.388463,-1.1384631,-0.38846314
-11.512925464970229,-5.084665,-0.83466494,-0.58466494,-8.459665
-11.512925464970229,-11.512925464970229,-11.512925464970229,-2.8121853,-0.0621853619999999
-11.512925464970229,-11.512925464970229,-11.512925464970229,-3.5300574,-0.030057438
-11.512925464970229,-11.512925464970229,-11.413532,-3.288532,-0.03853197
-11.512925464970229,-11.512925464970229,-9.326369,-0.5763695000000001,-0.8263694999999999
-11.512925464970229,-11.512925464970229,-11.030052,-3.5300527,-0.030052572
-11.512925464970229,-11.512925464970229,-11.030052,-3.5300527,-0.030052572
-11.512925464970229,-8.804059,-4.054059,-0.17905904,-1.929059
-11.512925464970229,-8.938778,-3.8137782,-0.0637781599999999,-3.3137782
-8.171361,-2.4213612,-0.17136121,-3.2963612,-11.512925464970229
-11.512925464970229,-11.512925464970229,-6.830249,-0.0802487659999999,-2.5802488
-9.592774,-3.092774,-0.0927739439999999,-3.467774,-11.512925464970229
-11.512925464970229,-11.512925464970229,-6.6501055,-0.02510532,-3.7751052
-11.512925464970229,-11.512925464970229,-6.395419,-0.0204190259999999,-4.020419
-11.512925464970229,-11.512925464970229,-6.1464233,-0.021423476,-4.0214233
-11.512925464970229,-11.512925464970229,-6.689276,-0.0642763,-2.8142762
-11.512925464970229,-11.264837,-5.6398373,-0.014837428,-4.6398373
-11.512925464970229,-11.512925464970229,-6.656729,-0.0317294499999999,-3.5317295
-11.512925464970229,-11.512925464970229,-11.077079,-0.8270789,-0.5770789
-11.512925464970229,-11.512925464970229,-11.512925464970229,-2.5797825,-0.0797823999999999
-11.512925464970229,-11.512925464970229,-8.128872,-0.2538719,-1.5038719
-11.512925464970229,-11.512925464970229,-6.395419,-0.0204190259999999,-4.020419
-11.512925464970229,-11.512925464970229,-9.069735,-0.69473475,-0.69473475
-11.512925464970229,-11.512925464970229,-11.34948,-0.9744792,-0.4744792
-11.512925464970229,-10.532876,-3.5328758,-0.0328757869999999,-7.282876
-11.512925464970229,-11.512925464970229,-10.502703,-1.5027026,-0.2527026
-11.512925464970229,-11.512925464970229,-8.562699,-0.0626990699999999,-2.812699
-3.9954612,-0.120461114,-2.4954612,-6.995461,-11.512925464970229
-11.512925464970229,-7.486439,-2.3614395,-0.1114394,-4.736439
-11.512925464970229,-11.257288,-5.3822875,-0.25728756,-1.5072875
-11.292229,-6.542229,-1.9172292,-0.1672291799999999,-6.667229
-11.512925464970229,-7.8281026,-3.7031026,-0.0781026799999999,-3.0781026
-11.512925464970229,-10.772667,-4.8976665,-0.022666564,-4.2726665
-9.081672,-4.706672,-1.3316721,-0.33167207,-5.081672
-11.512925464970229,-11.067383,-5.442383,-0.06738299,-2.817383
-6.3653297,-1.6153297,-0.36532977,-2.3653297,-10.49033
-11.512925464970229,-11.512925464970229,-8.077848,-0.20284842,-1.7028484
-11.512925464970229,-9.3268795,-4.3268795,-0.07687956,-2.8268795
-11.512925464970229,-11.456082,-5.7060823,-0.20608252,-1.7060826
-11.512925464970229,-9.761602,-4.761602,-0.13660192,-2.136602
-11.512925464970229,-9.757871,-5.5078707,-0.25787055,-1.5078706
-4.200309,-0.95030874,-0.82530874,-3.0753088,-10.950309
-10.841773,-4.591773,-0.591773,-0.841773,-10.341773
-0.49534443,-0.9953444,-5.6203446,-9.495344,-11.512925464970229
-11.512925464970229,-11.512925464970229,-7.0128875,-0.3878873599999999,-1.1378874
-11.512925464970229,-11.512925464970229,-8.887501,-1.1375009,-0.38750088
-11.512925464970229,-10.445267,-5.0702662,-0.0702664,-2.8202665
-11.512925464970229,-9.794801,-4.2948008,-0.04480096,-3.544801
-11.512925464970229,-10.6959715,-4.8209715,-0.07097155,-2.8209715
-11.512925464970229,-8.476229,-2.3512285,-0.101228364,-7.851228
-11.512925464970229,-9.553709,-3.0537093,-0.0537092499999999,-5.553709
-4.2604895,-0.2604896399999999,-1.6354897,-5.1354895,-11.512925464970229
-6.451588,-1.5765882,-0.3265882,-2.8265882,-10.576589
-11.512925464970229,-11.512925464970229,-5.692292,-0.3172921199999999,-1.3172921
-11.512925464970229,-11.512925464970229,-10.012542,-1.1375418,-0.3875418299999999
-11.512925464970229,-11.512925464970229,-9.262416,-1.1374156,-0.3874156199999999
-11.512925464970229,-7.264897,-1.1398969,-0.38989693,-7.639897
-1.6482621,-0.2732621,-3.398262,-7.523262,-11.512925464970229
-9.105726,-2.8557262,-0.23072614,-1.9807261,-10.480726
-2.173647,-0.1736469999999999,-3.923647,-8.298647,-11.512925464970229
-11.512925464970229,-11.512925464970229,-8.01301,-0.38801038,-1.1380104
-11.512925464970229,-9.112893,-2.3628936,-0.1128935399999999,-4.4878936
-11.512925464970229,-11.512925464970229,-4.400883,-0.0258830099999999,-4.400883
-11.512925464970229,-11.512925464970229,-10.188908,-1.3139073,-0.3139072699999999
-11.512925464970229,-11.512925464970229,-9.193812,-0.69381225,-0.69381225
-11.512925464970229,-11.512925464970229,-5.456069,-0.2060691299999999,-1.7060691
-11.512925464970229,-10.04263,-3.2926302,-0.042630177,-5.66763
-4.6921945,-1.1921945,-0.4421945,-3.1921945,-11.192195
-11.512925464970229,-11.512925464970229,-8.001223,-0.0012224899,-7.3762226
-11.512925464970229,-11.512925464970229,-5.9796166,-0.47961664,-0.97961664
-11.512925464970229,-11.512925464970229,-6.005948,-0.13094814,-2.130948
-11.512925464970229,-11.512925464970229,-10.774034,-0.0240336839999999,-3.7740338
-11.512925464970229,-8.727493,-2.352493,-0.1024929599999999,-8.477493
-5.870212,-1.745212,-0.24521194,-3.7452118,-11.512925464970229
-11.512925464970229,-11.512925464970229,-7.080097,-0.0800971499999999,-2.5800972
-2.7697928,-0.1447927799999999,-2.8947928,-6.6447926,-11.512925464970229
-11.512925464970229,-8.1018,-3.3518002,-0.1018001499999999,-2.8518002
-11.471918,-4.721918,-1.3469179,-0.3469178699999999,-3.7219179
-11.512925464970229,-10.172642,-3.5476422,-0.0476421529999999,-4.172642
-11.512925464970229,-10.938302,-4.563302,-0.06330204,-3.063302
-4.5785875,-1.2035878,-0.4535877,-3.0785878,-9.203588
-11.512925464970229,-10.711198,-3.836198,-0.0861980299999999,-2.836198
-11.512925464970229,-11.512925464970229,-9.690206,-0.31520593,-1.3152059
-3.4832935,-0.35829356,-1.4832935,-5.2332935,-11.512925464970229
-8.3365135,-2.961514,-0.21151398,-2.211514,-9.9615135
-11.512925464970229,-11.512925464970229,-5.9545426,-0.5795427600000002,-0.82954276
-11.512925464970229,-9.139162,-2.6391623,-0.1391624,-2.8891623
-11.512925464970229,-10.691578,-2.8165777,-0.06657761,-5.9415774
-11.512925464970229,-8.1018,-3.3518002,-0.1018001499999999,-2.8518002
-5.050527,-1.175527,-0.4255269799999999,-4.300527,-10.550527
-7.944969,-3.0699692,-0.3199692699999999,-1.5699693,-8.694969
-1.4317248,-0.4317247299999999,-3.6817248,-7.6817245,-11.431725
-11.512925464970229,-11.512925464970229,-11.350895,-2.3508945,-0.1008944599999999
-11.512925464970229,-8.549064,-3.2990634,-0.049063515,-4.9240637
-11.512925464970229,-8.836497,-1.711497,-0.2114968999999999,-5.086497
-11.512925464970229,-11.512925464970229,-11.512925464970229,-3.5298572,-0.0298571699999999
-11.512925464970229,-11.512925464970229,-11.038463,-3.288463,-0.0384630259999999
-11.512925464970229,-11.512925464970229,-10.798903,-3.0489037,-0.0489036849999999
-11.512925464970229,-11.512925464970229,-5.5438914,-0.0438912959999999,-3.2938912
-5.305297,-1.055297,-0.555297,-2.680297,-9.805297
-11.512925464970229,-11.512925464970229,-6.163069,-0.16306883,-1.9130688
-11.512925464970229,-11.512925464970229,-7.1951065,-0.69510627,-0.69510627
-11.512925464970229,-11.512925464970229,-11.038463,-3.288463,-0.0384630259999999
-11.512925464970229,-11.512925464970229,-8.315095,-0.3150946999999999,-1.3150947
-11.512925464970229,-11.512925464970229,-8.314148,-0.31414816,-1.3141482
-11.512925464970229,-7.132265,-1.5072651,-0.2572651,-6.257265
-11.147627,-4.772627,-0.3976267299999999,-1.1476268,-9.772627
-3.0362616,-0.5362615,-1.5362616,-5.1612616,-11.411262
-11.512925464970229,-8.789566,-3.5395656,-0.0395656099999999,-4.9145656
-11.512925464970229,-11.512925464970229,-11.512925464970229,-7.875471,-0.0004711875
-11.512925464970229,-8.090237,-2.5902371,-0.090237096,-4.590237
-9.671646,-5.671646,-1.9216462,-0.1716462,-5.171646
-11.512925464970229,-9.717347,-4.4673476,-0.092347525,-2.5923476
-11.512925464970229,-11.512925464970229,-11.148464,-3.7734644,-0.0234644229999999
-11.512925464970229,-11.512925464970229,-8.725737,-0.47573698,-0.975737
-10.817424,-5.817424,-1.3174238,-0.31742376,-8.442424
-11.512925464970229,-11.512925464970229,-10.076816,-0.57681525,-0.82681525
-8.972488,-4.722488,-0.7224879,-0.7224879,-4.472488
-11.512925464970229,-11.512925464970229,-11.512925464970229,-4.2646832,-0.0146830939999999
-11.512925464970229,-11.512925464970229,-11.512925464970229,-2.5791216,-0.0791216639999999
-11.512925464970229,-11.512925464970229,-7.8506885,-0.47568828,-0.9756882999999998
-11.512925464970229,-11.512925464970229,-8.576951,-0.5769507,-0.8269506999999999
-11.512925464970229,-11.512925464970229,-10.475241,-0.9752406,-0.47524062
-8.511419,-1.7614188,-0.26141882,-3.5114188,-11.512925464970229
-11.512925464970229,-10.676004,-3.0510042,-0.051004097,-7.176004
-11.512925464970229,-11.512925464970229,-7.0311036,-0.0311035719999999,-3.5311036
-11.512925464970229,-11.512925464970229,-7.174848,-0.04984806,-3.049848
-11.512925464970229,-11.512925464970229,-4.266287,-0.01628667,-6.266287
-11.512925464970229,-11.512925464970229,-4.5163174,-0.016317517,-5.3913174
-11.512925464970229,-11.512925464970229,-8.939087,-0.3140870299999999,-1.314087
-11.512925464970229,-11.512925464970229,-6.2597103,-0.0097104149999999,-4.8847103
-7.272858,-2.0228581,-0.27285814,-2.2728581,-11.147858
-11.512925464970229,-11.512925464970229,-6.7656035,-0.015603636,-4.2656035
-11.512925464970229,-11.512925464970229,-6.0327845,-0.032784417,-3.5327845
-11.512925464970229,-11.512925464970229,-11.224469,-0.97446907,-0.47446904
-11.512925464970229,-11.512925464970229,-9.288541,-0.0385405719999999,-3.2885406
-11.512925464970229,-9.816045,-1.316045,-0.31604502,-7.191045
-11.512925464970229,-10.831394,-2.5813944,-0.08139438,-6.706394
-11.512925464970229,-10.895726,-4.020726,-0.0207263939999999,-6.270726
-4.470779,-0.4707790299999999,-1.2207791,-4.845779,-10.970779
-11.512925464970229,-11.512925464970229,-4.763461,-0.0134610129999999,-5.888461
-11.512925464970229,-11.512925464970229,-9.637839,-1.1378393,-0.3878393799999999
-11.512925464970229,-11.512925464970229,-6.5506654,-0.050665446,-3.0506654
-11.512925464970229,-11.512925464970229,-11.512925464970229,-2.579489,-0.07948892
-11.512925464970229,-11.512925464970229,-8.505163,-0.2551635,-1.5051634
-11.512925464970229,-11.512925464970229,-8.7639065,-1.138907,-0.38890693
-11.512925464970229,-11.512925464970229,-5.133453,-0.008452758,-7.258453
-1.6320517,-0.2570517,-5.2570515,-10.132051,-11.512925464970229
-11.512925464970229,-11.512925464970229,-6.517205,-0.0172053779999999,-4.267205
-11.512925464970229,-11.512925464970229,-11.512925464970229,-2.127512,-0.12751193
-11.512925464970229,-11.512925464970229,-9.350374,-0.9753741,-0.4753741
-11.512925464970229,-11.512925464970229,-10.474589,-0.9745897,-0.4745896999999999
-11.512925464970229,-11.512925464970229,-5.543421,-0.0434208069999999,-3.2934208
-11.512925464970229,-11.177799,-3.0527992,-0.0527991579999999,-6.927799
-11.512925464970229,-7.041081,-1.916081,-0.1660809,-8.04108
-11.512925464970229,-9.455994,-2.5809937,-0.0809937399999999,-7.5809937
-11.512925464970229,-11.512925464970229,-5.788892,-0.1638918399999999,-1.9138918
-11.512925464970229,-11.512925464970229,-7.850217,-0.9752167,-0.4752166999999999
-4.986287,-1.8612872,-0.23628727,-3.2362874,-10.236287
-11.512925464970229,-11.512925464970229,-3.5326185,-0.032618523,-6.0326185
-11.512925464970229,-11.512925464970229,-4.517933,-0.017932765,-5.017933
-11.512925464970229,-11.512925464970229,-6.2566752,-0.2566750299999999,-1.506675
-11.512925464970229,-11.512925464970229,-7.2652183,-0.0152181369999999,-4.2652183
-8.3824005,-2.7574,-0.13240014,-2.8824,-11.512925464970229
-10.8111315,-3.8111315,-0.061131485,-3.3111315,-11.512925464970229
-11.512925464970229,-11.512925464970229,-6.205931,-0.2059313699999999,-1.7059314
-11.512925464970229,-11.512925464970229,-6.9406962,-0.31569603,-1.315696
-11.512925464970229,-11.512925464970229,-10.064196,-0.31419525,-1.3141953
-11.512925464970229,-11.512925464970229,-7.25321,-0.12821026,-2.1282103
-11.512925464970229,-6.828968,-0.5789678,-0.8289678,-9.328968
-11.512925464970229,-11.512925464970229,-5.7675548,-0.0175546109999999,-4.2675548
-4.788271,-0.6632712,-0.9132712,-5.163271,-11.163271
-11.512925464970229,-11.512925464970229,-9.503086,-1.5030861,-0.25308612
-11.512925464970229,-11.512925464970229,-11.512925464970229,-0.69406617,-0.69406617
-11.512925464970229,-11.512925464970229,-11.512925464970229,-5.255371,-0.0053713103
-11.512925464970229,-11.512925464970229,-5.8302855,-0.20528537,-1.7052853
-11.512925464970229,-11.512925464970229,-11.511164,-4.511163,-0.011163366
-11.512925464970229,-11.512925464970229,-11.512925464970229,-6.876148,-0.0011483139999999
-11.512925464970229,-11.512925464970229,-9.013014,-1.1380142,-0.3880142
-3.897801,-5.397801,-2.022801,-0.27280086,-2.522801
-11.512925464970229,-11.512925464970229,-8.882185,-0.0071852419999999,-5.0071855
-11.512925464970229,-11.512925464970229,-9.3774185,-2.127418,-0.12741812
-11.512925464970229,-11.512925464970229,-11.512925464970229,-4.8826737,-0.0076735869999999
-11.512925464970229,-11.512925464970229,-11.002562,-1.5025612,-0.2525611999999999
-11.512925464970229,-11.512925464970229,-7.8785,-2.1284997,-0.12849985
-5.66285,-1.28785,-0.41285002,-4.28785,-11.512925464970229
-11.512925464970229,-11.512925464970229,-8.648687,-0.023686927,-3.773687
-2.8028696,-0.1778695299999999,-2.8028696,-8.42787,-11.512925464970229
-10.057698,-3.9326982,-0.0576983699999999,-3.4326982,-11.512925464970229
-11.512925464970229,-11.512925464970229,-5.7621365,-0.0121365,-4.7621365
-11.512925464970229,-9.476972,-2.6019719,-0.1019718649999999,-3.8519719
-11.512925464970229,-11.512925464970229,-3.7783346,-0.028334666,-5.4033346
-8.804039,-3.3040395,-0.3040394,-1.5540394,-9.179039
-10.653583,-4.4035826,-0.40358242,-1.1535825,-7.6535826
-11.512925464970229,-11.512925464970229,-9.030473,-0.030473199,-3.5304732
-11.512925464970229,-8.301598,-3.0515974,-0.0515974129999999,-6.1765976
-11.512925464970229,-11.512925464970229,-6.766537,-0.016537383,-4.266537
-11.512925464970229,-9.481196,-2.3561962,-0.1061962,-5.3561964
-11.512925464970229,-11.512925464970229,-10.660788,-1.9107875,-0.16078742
-11.512925464970229,-11.512925464970229,-5.256794,-0.0067938784999999,-8.006794
-11.512925464970229,-10.208706,-2.5837054,-0.0837054799999999,-5.9587054
-11.512925464970229,-11.512925464970229,-3.7767584,-0.026758388,-5.901758
-11.512925464970229,-8.442551,-2.817551,-0.067550816,-5.9425507
-11.512925464970229,-11.031748,-3.5317478,-0.0317479259999999,-7.656748
-11.46058,-5.21058,-0.58557975,-0.8355797500000001,-9.21058
-11.512925464970229,-11.512925464970229,-5.0151916,-0.0151917159999999,-5.0151916
-10.153566,-4.1535664,-0.27856657,-1.5285666,-11.028566
-11.512925464970229,-7.2167945,-1.7167944,-0.21679442,-7.5917945
-11.512925464970229,-11.512925464970229,-7.42482,-0.04981971,-3.0498197
-11.512925464970229,-9.922556,-3.2975554,-0.0475555359999999,-4.9225554
-11.512925464970229,-11.512925464970229,-11.139527,-0.014527553,-4.2645273
-11.512925464970229,-11.512925464970229,-9.725494,-0.1004946699999999,-2.3504946
-11.512925464970229,-11.512925464970229,-10.788474,-0.03847369,-3.2884736
-11.512925464970229,-11.512925464970229,-5.025546,-0.025546193,-4.025546
-11.512925464970229,-11.512925464970229,-6.4066997,-0.0316996649999999,-3.5316997
-11.512925464970229,-11.512925464970229,-7.756842,-0.0068422994,-5.131842
-11.512925464970229,-11.512925464970229,-9.627233,-0.2522324999999999,-1.5022326
-11.3997135,-4.7747135,-0.39971358,-1.1497135,-10.5247135
-11.512925464970229,-11.512925464970229,-6.8831515,-0.0081513969999999,-5.0081515
-11.512925464970229,-11.512925464970229,-8.827981,-0.57798064,-0.82798064
-11.512925464970229,-11.512925464970229,-7.8902216,-1.1402214,-0.3902214
-11.512925464970229,-11.512925464970229,-7.9398336,-1.3148338,-0.3148337599999999
-11.512925464970229,-11.512925464970229,-5.668444,-0.1684443199999999,-1.9184443
-11.512925464970229,-11.512925464970229,-8.882527,-1.5075276,-0.2575276499999999
-11.512925464970229,-8.474466,-3.0994666,-0.0994664899999999,-3.0994666
-11.512925464970229,-11.512925464970229,-11.512925464970229,-7.375681,-0.0006810996599999
-11.512925464970229,-11.512925464970229,-11.512925464970229,-2.1287029,-0.1287028999999999
-9.005158,-3.7551582,-0.5051582499999999,-1.0051582,-8.630158
-11.512925464970229,-11.512925464970229,-10.33056,-0.08055984,-2.5805597
-11.512925464970229,-11.512925464970229,-11.512925464970229,-6.127329,-0.0023289096999999
-11.512925464970229,-11.512925464970229,-11.512925464970229,-6.127329,-0.0023289096999999
-11.512925464970229,-11.512925464970229,-11.512925464970229,-1.5026574,-0.2526574
-4.083905,-0.58390516,-1.0839052,-4.333905,-11.208905
-11.512925464970229,-11.512925464970229,-9.56443,-1.3144298,-0.31442976
-11.512925464970229,-11.512925464970229,-8.2263775,-0.10137756,-2.3513775
-9.693391,-1.9433906,-0.19339055,-3.9433906,-11.512925464970229
-11.512925464970229,-11.512925464970229,-11.512925464970229,-7.500623,-0.0006233225599999
-11.512925464970229,-11.512925464970229,-11.512925464970229,-6.6264753,-0.001475341
-11.512925464970229,-11.512925464970229,-11.512925464970229,-5.255507,-0.0055071879999999
-11.512925464970229,-11.512925464970229,-11.512925464970229,-6.6264753,-0.001475341
-11.512925464970229,-11.512925464970229,-11.512925464970229,-2.5806189,-0.0806189
-11.512925464970229,-11.512925464970229,-11.512925464970229,-5.5041313,-0.0041313535
-11.512925464970229,-11.512925464970229,-5.5348024,-0.0348026379999999,-3.5348027
-3.3405237,-0.0905238399999999,-3.0905237,-7.5905237,-11.512925464970229
-11.512925464970229,-11.512925464970229,-5.7724257,-0.02242588,-4.0224257
-11.512925464970229,-11.512925464970229,-11.512925464970229,-5.255451,-0.0054511093
-11.512925464970229,-11.512925464970229,-11.512925464970229,-7.500623,-0.0006233225599999
-11.512925464970229,-11.512925464970229,-11.512925464970229,-1.9108067,-0.16080669
-11.512925464970229,-11.512925464970229,-9.31974,-0.6947402,-0.6947402
-11.512925464970229,-11.512925464970229,-4.640421,-0.0154211065,-5.390421
-11.512925464970229,-11.019071,-4.8940706,-0.019070707,-4.5190706
-9.746943,-3.3719435,-0.1219435499999999,-2.6219435,-11.512925464970229
-11.512925464970229,-11.512925464970229,-6.2548213,-0.12982145,-2.1298215
-11.512925464970229,-11.512925464970229,-10.160436,-1.9104353,-0.1604353499999999
-11.512925464970229,-11.512925464970229,-6.3161936,-0.3161938,-1.3161938
-11.512925464970229,-6.1409807,-1.1409807,-0.39098066,-8.015981
-11.512925464970229,-11.351401,-6.226401,-0.97640103,-0.4764010299999999
-11.512925464970229,-11.512925464970229,-8.689882,-1.3148826,-0.31488267
-11.512925464970229,-11.512925464970229,-6.953403,-0.20340322,-1.7034032
-11.512925464970229,-1.5060045,-0.25600445,-5.5060043,-11.512925464970229
-11.512925464970229,-11.512925464970229,-5.541181,-0.16618086,-1.9161808
-11.512925464970229,-11.512925464970229,-6.351661,-0.47666135,-0.9766613
-11.512925464970229,-11.512925464970229,-8.564949,-1.314949,-0.31494907
-11.512925464970229,-11.512925464970229,-7.9058766,-0.0308764799999999,-3.5308764
-7.98827,-3.2382698,-0.3632698,-1.3632698,-9.86327
-11.512925464970229,-10.276078,-4.0260777,-0.026077908,-5.0260777
-10.258909,-5.5089087,-1.5089089,-0.2589089,-6.8839087
-8.070839,-2.5708394,-0.1958393199999999,-2.5708394,-11.070839
-11.512925464970229,-11.512925464970229,-5.4175987,-0.16759863,-1.9175986
-11.512925464970229,-11.512925464970229,-4.783373,-0.03337271,-3.7833726
-11.512925464970229,-10.900043,-3.7750423,-0.025042323,-6.9000425
-11.512925464970229,-10.926336,-3.0513365,-0.05133653,-6.926337
-11.512925464970229,-11.512925464970229,-6.510481,-0.0104810349999999,-4.760481
-11.512925464970229,-11.512925464970229,-7.814193,-0.31419262,-1.3141927
-11.512925464970229,-10.564413,-2.8144126,-0.0644126599999999,-7.4394126
-5.5020742,-1.0020742,-0.5020742,-3.8770742,-11.512925464970229
-11.512925464970229,-11.512925464970229,-11.07696,-0.8269595500000001,-0.5769595500000001
-11.512925464970229,-11.512925464970229,-4.7789135,-0.028913414,-4.0289135
-11.512925464970229,-11.512925464970229,-8.440119,-0.3151187999999999,-1.3151188
-11.512925464970229,-11.512925464970229,-10.826433,-1.7014333,-0.20143333
-11.512925464970229,-11.512925464970229,-7.3521514,-0.4771513999999999,-0.9771514
-11.512925464970229,-11.512925464970229,-4.0224876,-0.0224877739999999,-5.6474876
-8.925615,-2.9256153,-0.17561524,-2.4256153,-10.550615
-3.3324723,-0.33247232,-1.9574723,-5.9574723,-11.332472
-11.512925464970229,-11.512925464970229,-4.0363817,-0.036381703,-4.0363817
-11.512925464970229,-11.512925464970229,-3.5679424,-0.0679422899999999,-3.3179424
-11.512925464970229,-10.072964,-2.8229637,-0.07296362,-4.5729637
-11.512925464970229,-11.512925464970229,-2.8129268,-0.0629266649999999,-10.312926
-11.512925464970229,-8.179655,-3.0546556,-0.05465555,-5.3046556
-11.512925464970229,-11.512925464970229,-11.512925464970229,-2.127283,-0.12728305
-11.512925464970229,-11.512925464970229,-11.350631,-0.1006307149999999,-2.3506308
-8.182799,-9.432799,-4.9328,-0.05779975,-3.0577998
-11.512925464970229,-11.512925464970229,-6.5249567,-0.0249565039999999,-3.7749565
-11.512925464970229,-11.512925464970229,-7.300626,-0.05062578,-3.0506258
-11.512925464970229,-11.512925464970229,-11.512925464970229,-4.7588754,-0.008875378
-11.512925464970229,-11.204684,-4.0796843,-0.079684444,-2.8296845
-11.512925464970229,-9.890713,-1.1407125,-0.39071247,-8.640713
-11.512925464970229,-11.512925464970229,-3.2939732,-0.043973316,-5.2939734
-11.512925464970229,-11.512925464970229,-6.1315403,-0.0065402198,-5.5065403
-11.512925464970229,-10.651174,-3.7761736,-0.02617361,-6.1511736
-11.512925464970229,-11.512925464970229,-8.35076,-0.1007608199999999,-2.350761
-11.512925464970229,-11.512925464970229,-10.85033,-2.3503308,-0.100330785
-11.512925464970229,-11.512925464970229,-8.350463,-0.4754631,-0.9754631
-11.512925464970229,-11.512925464970229,-7.378038,-0.2530381,-1.5030382
-11.512925464970229,-11.512925464970229,-7.4522934,-0.5772935000000001,-0.8272935
-11.512925464970229,-8.129165,-2.1291647,-0.1291647999999999,-6.7541647
-11.512925464970229,-11.512925464970229,-10.63765,-1.1376493,-0.3876493
-3.799398,-0.0493979399999999,-3.799398,-8.299397,-11.512925464970229
-11.512925464970229,-11.512925464970229,-9.725885,-0.10088584,-2.3508859
-11.512925464970229,-8.353156,-2.3531566,-0.10315648,-6.2281566
-11.450312,-5.325311,-0.7003112,-0.7003112,-7.075311
-11.512925464970229,-11.512925464970229,-3.7759132,-0.0259132089999999,-6.0259132
-11.512925464970229,-11.512925464970229,-9.1937065,-0.6937065,-0.6937065
-11.512925464970229,-6.889035,-1.1390352,-0.38903517,-9.139035
-11.512925464970229,-11.512925464970229,-7.1894784,-0.3144786,-1.3144786
-3.0631084,-0.18810834,-2.4381084,-6.1881084,-11.512925464970229
-10.136231,-5.636232,-1.5112318,-0.26123175,-6.761232
-7.1471276,-1.7721276,-0.2721275699999999,-2.7721276,-11.022127
-11.512925464970229,-7.50781,-2.13281,-0.13281012,-5.63281
-11.512925464970229,-8.353894,-2.3538945,-0.1038943999999999,-6.103894
-11.512925464970229,-7.1651244,-1.9151244,-0.16512439,-6.0401244
-6.3344417,-1.9594417,-0.2094417,-3.2094417,-10.834442
-11.512925464970229,-10.270636,-4.270635,-0.020635318,-5.145635
-3.6883056,-0.06330551,-3.5633056,-8.188306,-11.512925464970229
-11.512925464970229,-11.512925464970229,-7.63262,-0.007619876,-5.00762
-10.452703,-4.8277035,-0.70270324,-0.70270324,-8.452703
-11.512925464970229,-11.512925464970229,-9.786269,-1.9112691,-0.1612690199999999
-11.512925464970229,-11.512925464970229,-6.4390364,-0.064036265,-2.8140364
-5.105102,-0.6051019000000001,-0.8551019,-4.230102,-11.512925464970229
-9.592888,-5.592888,-1.717888,-0.21788803,-5.592888
-3.4981813,-0.37318134,-1.3731813,-4.6231813,-10.873181
-2.157578,-0.2825781,-3.032578,-7.032578,-11.512925464970229
-11.512925464970229,-11.512925464970229,-2.3521397,-0.1021397799999999,-6.72714
-11.512925464970229,-11.512925464970229,-7.9748697,-0.9748698,-0.4748697999999999
-8.575605,-5.575605,-2.2006052,-0.9506051,-0.7006051
-10.429048,-4.179047,-0.1790473,-1.9290473,-10.679048
-11.512925464970229,-8.866677,-2.616677,-0.11667705,-3.366677
-11.512925464970229,-11.512925464970229,-6.7257743,-0.4757740999999998,-0.9757741
-11.512925464970229,-11.193375,-5.1933746,-0.06837479,-2.8183749
-11.512925464970229,-9.563744,-2.8137436,-0.0637434799999999,-8.188744
-11.512925464970229,-11.512925464970229,-11.512925464970229,-1.1371346,-0.3871345500000001
-11.512925464970229,-11.512925464970229,-10.002158,-2.1271584,-0.12715845
-11.512925464970229,-11.512925464970229,-9.13741,-1.1374102,-0.3874101299999999
-11.512925464970229,-11.512925464970229,-10.312303,-0.0623021949999999,-2.812302
-11.512925464970229,-10.167143,-3.2921426,-0.0421426199999999,-5.5421424
-3.784282,-0.15928203,-2.659282,-7.284282,-11.512925464970229
-11.512925464970229,-6.476274,-0.4762738999999999,-0.9762739,-10.601274
-2.5064058,-0.2564057399999999,-2.6314058,-7.131406,-11.512925464970229
-11.512925464970229,-11.512925464970229,-11.512925464970229,-4.758924,-0.0089240609999999
-11.512925464970229,-11.512925464970229,-8.503441,-2.1284413,-0.1284412599999999
-11.512925464970229,-11.512925464970229,-5.830946,-0.8309459,-0.5809459
-11.512925464970229,-11.512925464970229,-8.694612,-0.6946116,-0.6946116
-11.512925464970229,-11.512925464970229,-11.454671,-2.579671,-0.0796708999999999
-11.512925464970229,-11.512925464970229,-6.6921945,-0.31719428,-1.3171942
-11.512925464970229,-11.512925464970229,-7.8890514,-0.3890516499999999,-1.1390517
-3.4741964,-0.0991964339999999,-2.9741964,-7.3491964,-11.512925464970229
-11.512925464970229,-11.512925464970229,-10.628164,-1.5031639,-0.2531639599999999
-11.512925464970229,-11.512925464970229,-6.8522053,-0.4772050699999999,-0.97720504
-11.512925464970229,-11.512925464970229,-11.512925464970229,-4.511356,-0.011355852
-11.512925464970229,-11.512925464970229,-11.512925464970229,-0.31373847,-1.3137385
-11.512925464970229,-11.512925464970229,-5.9788427,-0.10384293,-2.353843
-11.512925464970229,-11.512925464970229,-11.512925464970229,-1.1375932,-0.38759315
-5.1705184,-1.0455184,-0.5455184600000001,-3.0455184,-10.420519
-11.2986,-0.0485998649999999,-3.0486,-11.512925464970229,-11.512925464970229
-11.512925464970229,-11.512925464970229,-6.080342,-0.20534167,-1.7053417
-10.837208,-5.4622073,-0.5872072999999999,-0.8372073,-5.9622073
-11.512925464970229,-11.512925464970229,-5.515337,-0.015336826,-4.515337
-11.512925464970229,-11.439469,-2.8144689,-0.0644688799999999,-7.314469
-10.355076,-6.1050754,-1.7300755,-0.23007551,-3.9800756
-11.512925464970229,-11.512925464970229,-6.353259,-0.10325915,-2.353259
-11.512925464970229,-11.512925464970229,-8.280532,-0.030532287,-3.5305324
-9.789634,-9.539634,-6.0396338,-1.9146338,-0.1646338
-11.512925464970229,-11.512925464970229,-6.426251,-0.0512510299999999,-3.051251
-11.512925464970229,-11.512925464970229,-7.830472,-0.5804718,-0.8304718
-11.512925464970229,-11.512925464970229,-11.512925464970229,-3.5300078,-0.0300079169999999
-11.512925464970229,-11.512925464970229,-11.262728,-0.3877273,-1.1377273
-11.512925464970229,-5.8130603,-1.0630604,-0.43806037,-5.0630603
-11.512925464970229,-9.162658,-1.9126576,-0.16265759,-7.5376577
-11.512925464970229,-9.439874,-2.8148735,-0.0648735199999999,-6.1898737
-10.188303,-3.9383032,-0.1883032799999999,-1.9383032,-11.063303
-11.512925464970229,-11.512925464970229,-8.399304,-0.0243047,-3.7743046
-11.512925464970229,-9.851673,-2.3516734,-0.1016734099999999,-10.476673
-11.512925464970229,-11.512925464970229,-5.916162,-0.0411621069999999,-3.291162
-11.512925464970229,-11.512925464970229,-8.827728,-0.8277287,-0.5777286999999999
-11.512925464970229,-11.512925464970229,-7.627999,-0.25299895,-1.502999
-11.512925464970229,-11.512925464970229,-10.077474,-0.8274733,-0.5774733000000001
-11.512925464970229,-11.512925464970229,-5.020106,-0.020105835,-4.395106
-8.380337,-2.3803363,-0.1303362999999999,-3.7553363,-11.512925464970229
-11.512925464970229,-7.7636733,-1.1386733,-0.3886733700000001,-10.263674
-11.512925464970229,-11.512925464970229,-9.262705,-0.38770494,-1.137705
-11.512925464970229,-11.512925464970229,-11.512925464970229,-2.5793238,-0.0793238599999999
-11.512925464970229,-4.7688847,-0.2688849,-1.5188849,-11.512925464970229
-11.512925464970229,-11.512925464970229,-4.041962,-0.0419620279999999,-3.7919621
-11.512925464970229,-11.512925464970229,-7.563057,-0.06305695,-2.813057
-11.512925464970229,-11.512925464970229,-7.5188756,-0.0188755949999999,-4.0188756
-11.512925464970229,-6.383117,-0.25811717,-1.5081172,-10.758117
-11.512925464970229,-11.411642,-4.036642,-0.03664227,-4.036642
-8.542541,-2.1675403,-0.1675403599999999,-3.4175403,-11.512925464970229
-11.512925464970229,-11.512925464970229,-3.7752118,-0.0252116939999999,-6.525212
-11.512925464970229,-9.704853,-2.5798528,-0.0798528499999999,-7.454853
-11.512925464970229,-11.512925464970229,-4.267965,-0.0179647319999999,-5.642965
-6.7825866,-1.5325868,-0.2825867499999999,-3.6575868,-11.512925464970229
-11.512925464970229,-11.512925464970229,-8.299018,-0.049018104,-3.0490181
-0.0145571589999999,-4.6395574,-10.014557,-11.512925464970229,-11.512925464970229
-9.505195,-2.630195,-0.13019481,-3.130195,-11.512925464970229
-7.1826453,-1.5576454,-0.3076454699999999,-3.0576456,-11.512925464970229
-7.708853,-2.2088525,-0.20885253,-2.5838525,-11.512925464970229
-10.615711,-3.3657115,-0.11571138,-2.6157115,-11.512925464970229
-3.4545732,-0.2045730799999999,-2.0795732,-6.829573,-11.512925464970229
-7.2034454,-0.7034454,-0.7034454,-5.4534454,-11.512925464970229
-11.512925464970229,-5.2605906,-0.2605906999999999,-1.5105907,-11.385591
-3.1077175,-0.1077174839999999,-3.2327175,-7.4827175,-11.512925464970229
-11.512925464970229,-11.512925464970229,-8.285824,-0.16082364,-1.9108236
-11.512925464970229,-11.512925464970229,-6.0324206,-0.0324206199999999,-3.5324206
-11.512925464970229,-10.33032,-2.5803204,-0.0803202699999999,-6.9553204
-11.512925464970229,-11.512925464970229,-4.0226173,-0.0226174979999999,-5.5226173
-11.512925464970229,-11.512925464970229,-10.752276,-2.1272762,-0.12727612
-11.512925464970229,-11.512925464970229,-10.387076,-1.1370769,-0.38707682
-11.512925464970229,-11.512925464970229,-6.017469,-0.0174687469999999,-4.267469
-1.7125432,-0.21254331,-5.5875435,-10.7125435,-11.512925464970229
-11.512925464970229,-5.338359,-0.2133588599999999,-1.7133589,-10.338359
-11.512925464970229,-11.512925464970229,-9.076688,-0.8266875,-0.5766875
-11.512925464970229,-11.512925464970229,-9.814045,-1.314045,-0.3140449499999999
-11.512925464970229,-8.129662,-2.1296616,-0.12966147,-9.504662
-10.086205,-3.9612045,-0.3362045999999999,-1.3362045,-9.961205
-10.537156,-3.5371559,-0.2871558999999999,-1.5371559,-10.787156
-11.512925464970229,-11.512925464970229,-7.144915,-0.0199150179999999,-4.019915
-0.797091,-0.797091,-5.047091,-8.797091,-11.512925464970229
-11.512925464970229,-6.227651,-0.4776512999999999,-0.9776513,-10.227652
-11.512925464970229,-9.938627,-2.813627,-0.0636269299999999,-6.813627
-10.580908,-4.7059073,-0.3309075,-1.3309075,-9.580908
-11.512925464970229,-11.022817,-4.0228167,-0.022816543,-5.5228167
-11.512925464970229,-9.438266,-2.8132658,-0.0632658899999999,-7.563266
-11.3846035,-6.2596035,-2.1346035,-0.13460356,-5.5096035
-11.512925464970229,-9.692725,-3.3177254,-0.0677254,-3.5677254
-5.595678,-0.845678,-0.595678,-4.220678,-11.512925464970229
-11.512925464970229,-11.161311,-3.9113116,-0.0363115849999999,-4.2863116
-11.512925464970229,-9.2115965,-2.5865965,-0.08659647,-4.9615965
-11.502062,-8.002062,-2.6270618,-0.12706186,-3.1270618
-11.512925464970229,-11.512925464970229,-10.663447,-0.0384474249999999,-3.2884474
-11.512925464970229,-6.226919,-0.9769191,-0.4769191,-8.851919
-11.512925464970229,-11.512925464970229,-4.267305,-0.0173048639999999,-6.017305
-3.6218483,-0.2468483199999999,-1.7468483,-6.246848,-11.512925464970229
-6.2407236,-0.8657238,-0.6157237999999999,-4.2407236,-11.365724
-11.512925464970229,-11.512925464970229,-8.190528,-0.3155279,-1.3155279
-11.512925464970229,-11.512925464970229,-11.512925464970229,-4.5111723,-0.0111721939999999
-11.512925464970229,-11.512925464970229,-9.877357,-0.2523568299999999,-1.5023568
-11.512925464970229,-11.512925464970229,-6.2636003,-0.0136003739999999,-4.5136003
-11.512925464970229,-11.512925464970229,-9.689781,-1.3147814,-0.31478146
-11.512925464970229,-11.512925464970229,-9.2249365,-0.4749368999999999,-0.9749369
-11.512925464970229,-11.512925464970229,-10.453691,-1.7036904,-0.2036904099999999
-7.0969143,-0.8469142,-0.5969142000000001,-4.0969143,-11.512925464970229
-11.512925464970229,-11.512925464970229,-4.527822,-0.0278218869999999,-4.152822
-11.512925464970229,-11.512925464970229,-11.512925464970229,-3.7733428,-0.023342963
-11.512925464970229,-11.512925464970229,-11.512925464970229,-3.7733936,-0.023393624
-11.512925464970229,-9.435769,-3.1857693,-0.0607694349999999,-5.1857696
-11.512925464970229,-11.512925464970229,-10.076306,-0.5763064,-0.8263064
-11.512925464970229,-8.415709,-1.9157089,-0.1657088699999999,-8.540709
-11.512925464970229,-11.512925464970229,-8.16401,-0.03901029,-3.2890103
-1.158225,-0.6582249999999998,-4.783225,-9.158225,-11.512925464970229
-11.512925464970229,-7.7031107,-0.70311093,-0.70311093,-8.953111
-8.181583,-1.931583,-0.1815830899999999,-4.181583,-11.512925464970229
-11.512925464970229,-10.540234,-3.2902334,-0.04023342,-6.9152336
-11.512925464970229,-7.7031107,-0.70311093,-0.70311093,-8.953111
-11.512925464970229,-6.830567,-0.83056706,-0.58056706,-10.330567
-5.372438,-0.99743813,-0.49743813,-4.247438,-11.372438
-11.512925464970229,-10.957037,-2.5820367,-0.08203671,-6.0820365
-10.89232,-3.2673197,-0.1423197399999999,-2.3923197,-11.512925464970229
-11.512925464970229,-6.5666285,-0.06662836,-2.8166285,-11.512925464970229
-11.512925464970229,-8.256218,-2.1312182,-0.13121812,-6.256218
-2.5906072,-0.7156073,-0.9656073,-3.5906072,-8.965608
-11.512925464970229,-9.002631,-1.5026307,-0.25263077,-10.252631
-11.512925464970229,-9.978274,-2.353274,-0.1032740899999999,-7.478274
-9.82616,-3.451161,-0.076160796,-3.326161,-11.512925464970229
-11.512925464970229,-11.512925464970229,-5.515863,-0.015862854,-4.515863
-1.3346883,-0.3346883,-4.584688,-9.084688,-11.512925464970229
-11.512925464970229,-11.512925464970229,-9.262803,-1.1378027,-0.3878027499999999
-11.512925464970229,-11.512925464970229,-4.267931,-0.017931009,-5.767931
-11.512925464970229,-7.690759,-1.3157592,-0.31575924,-9.81576
-11.512925464970229,-10.532236,-3.5322363,-0.032236412,-7.5322366
-11.512925464970229,-11.512925464970229,-5.5112367,-0.0112365604999999,-5.2612367
-11.512925464970229,-11.512925464970229,-7.8522325,-0.10223234,-2.3522325
-11.512925464970229,-11.512925464970229,-5.901595,-0.026595194,-3.776595
-5.805526,-1.1805259,-0.4305258699999999,-3.3055258,-11.305526
-5.731145,-1.1061449,-0.6061449,-3.106145,-10.731145
-11.512925464970229,-11.512925464970229,-8.314611,-0.31461135,-1.3146113
-11.512925464970229,-11.512925464970229,-11.512925464970229,-6.1276145,-0.0026145399999999
-11.512925464970229,-11.512925464970229,-10.451854,-0.20185329,-1.7018533
-11.512925464970229,-10.696455,-5.071455,-0.3214549,-1.3214549
-4.4850464,-0.3600462,-1.3600461,-4.8600464,-11.512925464970229
-11.512925464970229,-11.512925464970229,-5.5059433,-0.0059433746999999,-6.3809433
-4.82397,-1.0739701,-0.57397,-4.07397,-10.44897
-11.512925464970229,-11.512925464970229,-11.512925464970229,-4.018598,-0.018597854
-11.512925464970229,-11.512925464970229,-10.18783,-2.8128295,-0.0628294999999999
-11.512925464970229,-11.512925464970229,-5.945573,-0.32057288,-1.3205729
-11.512925464970229,-11.512925464970229,-8.036119,-0.1611198799999999,-1.9111199
-11.512925464970229,-11.512925464970229,-7.5367923,-0.16179208,-1.911792
-11.512925464970229,-11.512925464970229,-11.512925464970229,-2.3511646,-0.10116459
-11.512925464970229,-11.472354,-1.7223539,-0.22235392,-4.097354
-6.445794,-4.570794,-2.070794,-0.1957940499999999,-3.445794
-11.512925464970229,-11.512925464970229,-2.183483,-0.1834828599999999,-3.058483
-11.512925464970229,-11.512925464970229,-6.514749,-0.389749,-1.139749
-11.512925464970229,-11.512925464970229,-11.076948,-1.7019485,-0.2019485499999999
-11.512925464970229,-11.512925464970229,-7.301094,-0.0510942679999999,-3.0510943
-11.512925464970229,-11.512925464970229,-7.6384096,-1.1384097,-0.38840973
-9.1303625,-3.005362,-0.13036214,-3.005362,-11.512925464970229
-6.0087433,-1.8837432,-0.3837431999999999,-2.3837433,-10.508743
-5.625369,-0.87536925,-0.6253692499999999,-3.7503693,-11.500369
-11.512925464970229,-8.228811,-2.353811,-0.10381102,-6.478811
-11.512925464970229,-11.512925464970229,-8.3270445,-0.5770448399999999,-0.82704484
-11.512925464970229,-11.512925464970229,-7.080522,-0.20552212,-1.7055221
-11.512925464970229,-10.650101,-4.6501007,-0.0251007879999999,-4.2751007
-11.512925464970229,-6.705415,-1.7054149,-0.20541488,-7.080415
-11.512925464970229,-11.068973,-5.1939726,-0.06897246,-2.8189723
-11.512925464970229,-11.512925464970229,-6.2278514,-0.1028511799999999,-2.3528512
-6.0531435,-0.9281436,-0.6781436,-3.1781435,-11.512925464970229
-11.512925464970229,-9.034137,-3.5341365,-0.034136493,-5.7841363
-11.512925464970229,-11.512925464970229,-9.910551,-1.9105508,-0.16055088
-11.512925464970229,-11.512925464970229,-8.194905,-0.69490504,-0.69490504
-11.512925464970229,-11.512925464970229,-11.204347,-2.5793462,-0.07934622
-6.9037385,-3.5287385,-1.0287385,-0.5287384399999999,-6.2787385
-11.512925464970229,-11.512925464970229,-7.414972,-0.03997173,-3.2899718
-9.462806,-3.337806,-0.2128059999999999,-1.962806,-10.587806
-6.149044,-0.5240438599999999,-1.0240438,-5.399044,-11.024044
-5.480622,-0.6056216399999999,-0.85562164,-4.355622,-11.512925464970229
-6.7212186,-0.8462187,-0.5962186999999999,-3.9712186,-10.846219
-11.512925464970229,-11.512925464970229,-5.1363883,-0.011388264,-5.3863883
-11.512925464970229,-9.313291,-2.8132904,-0.0632904,-7.6882906
-11.512925464970229,-11.512925464970229,-9.975444,-2.3504443,-0.1004442099999999
-11.512925464970229,-11.512925464970229,-10.127673,-1.5026729,-0.25267297
-11.512925464970229,-11.512925464970229,-7.161607,-0.1616068199999999,-1.9116068
-1.5020038,-0.2520037599999999,-9.502004,-11.512925464970229,-11.512925464970229
-11.512925464970229,-9.832288,-1.7072875,-0.2072875199999999,-5.5822873
-11.512925464970229,-11.512925464970229,-7.287209,-0.1622090599999999,-1.912209
-11.512925464970229,-11.512925464970229,-9.45235,-1.7023497,-0.2023497099999999
-11.512925464970229,-11.512925464970229,-9.452112,-1.7021124,-0.2021123899999999
-11.512925464970229,-5.197194,-0.32219413,-1.3221941,-10.322194
-11.512925464970229,-11.141274,-4.516274,-0.0162740029999999,-5.391274
-11.512925464970229,-10.532297,-3.5322974,-0.03229736,-6.532297
-0.0283506499999999,-5.778351,-10.903351,-11.512925464970229,-11.512925464970229
-11.512925464970229,-7.578268,-0.578268,-0.828268,-10.078268
-11.26838,-4.26838,-0.14338022,-2.1433802,-11.39338
-11.512925464970229,-5.76623,-1.1412301,-0.39123005,-7.51623
-11.512925464970229,-10.927839,-3.052839,-0.0528390779999999,-5.6778393
-11.512925464970229,-11.512925464970229,-2.58013,-0.0801300499999999,-7.95513
-11.512925464970229,-11.512925464970229,-3.5673416,-0.06734165,-3.3173416
-11.512925464970229,-11.512925464970229,-10.826942,-0.82694215,-0.57694215
-3.5279357,-3.9029357,-2.4029357,-1.6529356,-0.4029356499999999
-11.512925464970229,-11.512925464970229,-4.389781,-0.1397808199999999,-2.1397808
-11.512925464970229,-4.63768,-0.13768023,-2.1376803,-11.01268
-11.512925464970229,-11.512925464970229,-8.002593,-1.5025934,-0.2525934299999999
-8.15437,-1.1543705,-0.40437052,-4.4043703,-11.512925464970229
-11.512925464970229,-11.512925464970229,-4.5256424,-0.025642283,-4.2756424
-0.4042100299999999,-1.1542101,-6.27921,-10.52921,-11.512925464970229
-9.259715,-2.3847148,-0.1347148399999999,-3.7597148,-11.512925464970229
-4.3651557,-0.2401558599999999,-1.7401558,-6.7401557,-11.512925464970229
-10.488646,-3.1136453,-0.1136453599999999,-2.8636453,-11.512925464970229
-11.512925464970229,-11.512925464970229,-11.512925464970229,-2.5793066,-0.0793065649999999
-11.512925464970229,-11.179523,-3.054524,-0.0545238299999999,-5.554524
-11.512925464970229,-11.512925464970229,-8.953171,-0.20317079,-1.7031708
-11.512925464970229,-11.512925464970229,-7.539308,-0.0393082159999999,-3.2893083
-11.512925464970229,-11.512925464970229,-10.785443,-1.9104437,-0.16044366
-11.512925464970229,-11.512925464970229,-4.88512,-0.010120102,-6.51012
-10.575108,-3.325108,-0.20010795,-1.9501079,-11.512925464970229
-11.512925464970229,-11.512925464970229,-5.7628045,-0.012804514,-4.7628045
-11.512925464970229,-11.512925464970229,-9.502506,-1.5025067,-0.2525066699999999
-11.512925464970229,-11.512925464970229,-11.512925464970229,-3.773375,-0.02337499
-11.512925464970229,-11.512925464970229,-8.25804,-0.0080408329999999,-5.008041
-11.512925464970229,-11.512925464970229,-5.7926865,-0.042686377,-3.2926865
-8.414338,-2.4143379,-0.16433789,-3.0393379,-11.289338
-1.0647002,-0.5647002499999999,-5.0647,-9.3147,-11.512925464970229
-6.338805,-1.5888052,-0.3388051999999999,-2.7138052,-10.463805
-11.512925464970229,-5.771612,-2.3966124,-0.14661235,-3.3966124
-11.512925464970229,-9.191785,-2.816785,-0.06678504,-5.441785
-11.512925464970229,-7.811237,-3.8112369,-0.1862369,-1.9362369
-11.512925464970229,-7.4162474,-3.4162476,-0.1662476,-2.1662476
-10.3848,-5.6347995,-1.5097995,-0.25979948,-6.2597995
-11.512925464970229,-11.512925464970229,-9.576226,-0.8262266500000001,-0.5762266500000001
-11.512925464970229,-11.512925464970229,-5.677354,-0.0523537469999999,-3.0523539
-5.568166,-1.4431657,-0.4431656600000001,-2.4431658,-11.512925464970229
-11.512925464970229,-11.512925464970229,-8.62778,-0.2527801999999999,-1.5027802
-11.512925464970229,-11.512925464970229,-5.956903,-0.081903055,-2.581903
-11.512925464970229,-11.512925464970229,-7.2865114,-0.16151147,-1.9115114
-11.512925464970229,-11.512925464970229,-9.752359,-1.5023597,-0.2523597799999999
-11.512925464970229,-10.527036,-3.7770352,-0.0270352679999999,-5.777035
-4.266981,-0.3919809799999999,-1.391981,-5.141981,-11.512925464970229
-11.512925464970229,-7.41329,-1.91329,-0.1632900799999999,-7.66329
-6.78819,-1.7881896,-0.5381896500000001,-1.5381896,-9.91319
-11.512925464970229,-10.923795,-4.9237947,-0.04879492,-3.298795
-11.512925464970229,-11.512925464970229,-5.3942957,-0.0192958279999999,-4.2692957
-11.512925464970229,-6.584232,-0.8342319,-0.5842318999999999,-8.709232
-11.512925464970229,-11.512925464970229,-6.829632,-0.20463157,-1.7046316
-11.512925464970229,-9.416971,-3.2919717,-0.0419716349999999,-7.5419717
-11.512925464970229,-11.512925464970229,-6.9531217,-0.20312157,-1.7031215
-11.512925464970229,-7.981031,-2.3560312,-0.1060311,-7.731031
-3.1294045,-0.12940447,-2.6294045,-6.7544045,-11.512925464970229
-11.512925464970229,-11.512925464970229,-5.896268,-0.0212680339999999,-4.021268
-11.512925464970229,-11.287491,-6.412491,-0.1624907,-1.9124907
-11.512925464970229,-11.103861,-5.853861,-0.1038606539999999,-2.3538606
-11.512925464970229,-11.512925464970229,-6.0114226,-0.0114226749999999,-4.7614226
-11.512925464970229,-10.893085,-4.6430845,-0.0180846249999999,-5.0180845
-9.490659,-5.365659,-0.9906591,-0.4906590999999999,-6.865659
-1.5474982,-0.2974983,-3.9224982,-7.797498,-11.512925464970229
-9.059652,-3.4346528,-0.18465279,-2.3096528,-10.934652
-11.512925464970229,-11.512925464970229,-10.688957,-1.3139577,-0.3139576999999999
-11.512925464970229,-11.512925464970229,-6.8225155,-0.6975153,-0.6975153
-11.512925464970229,-11.512925464970229,-6.9399385,-0.31493852,-1.3149385
-11.512925464970229,-11.512925464970229,-10.937525,-2.8125246,-0.06252461
-11.512925464970229,-11.512925464970229,-8.327238,-0.5772378399999999,-0.82723784
-11.512925464970229,-11.512925464970229,-11.512925464970229,-5.7532654,-0.0032652919999999
-11.512925464970229,-11.512925464970229,-11.512925464970229,-2.8123896,-0.06238955
-3.5256436,-0.15064354,-2.2756436,-7.1506433,-11.512925464970229
-11.512925464970229,-11.512925464970229,-8.315582,-1.3155823,-0.3155823
-11.512925464970229,-11.512925464970229,-10.627673,-2.127673,-0.1276729
-11.512925464970229,-11.512925464970229,-10.877447,-2.1274476,-0.1274475999999999
-11.512925464970229,-11.512925464970229,-9.312818,-0.0628173,-2.8128173
-11.512925464970229,-11.512925464970229,-8.07773,-0.57772994,-0.82772994
-11.512925464970229,-11.512925464970229,-11.410685,-1.9106842,-0.1606841799999999
-11.512925464970229,-9.455439,-2.5804389,-0.08043885,-6.9554386
-3.2588556,-0.13385558,-3.0088556,-7.883856,-11.512925464970229
-11.512925464970229,-11.512925464970229,-8.6888275,-1.3138274,-0.3138273999999999
-11.512925464970229,-11.512925464970229,-4.3265777,-0.07657784,-2.826578
-11.512925464970229,-11.512925464970229,-7.4751453,-0.4751452999999999,-0.97514534
-11.512925464970229,-11.512925464970229,-8.319196,-0.69419533,-0.69419533
-11.512925464970229,-11.512925464970229,-7.5363383,-0.16133842,-1.9113384
-11.512925464970229,-11.512925464970229,-10.704337,-2.5793374,-0.0793372999999999
-11.512925464970229,-11.512925464970229,-7.128267,-0.1282667799999999,-2.1282668
-3.5685263,-0.06852629,-3.4435263,-8.193526,-11.512925464970229
-11.512925464970229,-11.512925464970229,-8.377763,-1.502763,-0.25276306
-11.512925464970229,-11.512925464970229,-11.512925464970229,-4.2644424,-0.0144422529999999
-11.512925464970229,-11.512925464970229,-10.826696,-1.7016968,-0.20169672
-11.512925464970229,-11.512925464970229,-11.512925464970229,-2.5791552,-0.07915526
-11.512925464970229,-11.512925464970229,-4.267148,-0.0171480799999999,-6.267148
-11.512925464970229,-11.512925464970229,-11.512925464970229,-4.264323,-0.0143234529999999
-11.208157,-6.0831566,-1.7081563,-0.20815636,-5.7081566
-1.8317889,-0.2067888799999999,-4.331789,-8.706789,-11.512925464970229
-10.98931,-5.3643103,-0.98931015,-0.4893101199999999,-8.86431
-11.512925464970229,-11.512925464970229,-6.4560866,-0.08108653,-2.5810866
-11.512925464970229,-11.266769,-5.14177,-0.0167698659999999,-4.64177
-11.512925464970229,-11.512925464970229,-5.279134,-0.0291340089999999,-3.779134
-10.463319,-4.9633183,-0.8383184,-0.5883184000000001,-7.8383183
-11.512925464970229,-9.786855,-3.9118543,-0.036854386,-4.2868543
-11.512925464970229,-11.512925464970229,-6.2764826,-0.0264827009999999,-3.7764826
-5.326681,-1.8266809,-0.57668096,-1.3266809,-8.451681
-11.512925464970229,-7.0852165,-1.7102163,-0.2102162799999999,-6.5852165
-11.512925464970229,-11.512925464970229,-8.203667,-0.57866657,-0.82866657
-11.512925464970229,-11.512925464970229,-8.388612,-0.3886120599999999,-1.138612
-11.512925464970229,-11.512925464970229,-7.378929,-0.2539291399999999,-1.5039291
-11.512925464970229,-8.553785,-3.553785,-0.0537851749999999,-3.803785
-7.624858,-2.2498581,-0.2498581,-2.2498581,-10.874858
-3.9566936,-0.2066937,-1.9566936,-6.2066936,-11.512925464970229
-4.1298285,-0.1298282399999999,-2.3798282,-6.1298285,-11.512925464970229
-11.512925464970229,-11.512925464970229,-5.6668596,-0.0418596,-3.2918596
-11.512925464970229,-11.512925464970229,-10.188742,-1.3137414,-0.3137415
-11.512925464970229,-11.512925464970229,-6.136302,-0.011301981,-4.761302
-11.512925464970229,-7.384276,-2.134276,-0.13427581,-5.634276
-11.512925464970229,-11.512925464970229,-5.2853346,-0.0353344049999999,-3.5353343
-11.512925464970229,-11.512925464970229,-9.451958,-1.7019575,-0.2019574199999999
-11.512925464970229,-11.512925464970229,-7.5496407,-0.0496406099999999,-3.0496407
-11.512925464970229,-11.512925464970229,-8.451663,-0.8266634,-0.5766634
-11.512925464970229,-11.512925464970229,-7.773993,-0.0239929579999999,-3.773993
-11.512925464970229,-11.512925464970229,-9.193752,-0.6937527,-0.6937527
-11.512925464970229,-11.512925464970229,-11.512925464970229,-3.048681,-0.0486809299999999
-11.512925464970229,-11.512925464970229,-9.786526,-0.16152596,-1.911526
-11.512925464970229,-11.512925464970229,-8.878143,-0.2531436999999999,-1.5031437
-9.874965,-4.4999647,-0.4999645399999999,-0.99996454,-10.499965
-9.946029,-3.571029,-0.19602904,-1.9460291,-10.696029
-11.512925464970229,-10.651308,-4.026308,-0.0263080699999999,-5.026308
-11.512925464970229,-11.512925464970229,-5.9407864,-0.0657862,-2.8157861
-11.512925464970229,-11.512925464970229,-10.038319,-3.2883184,-0.03831838
-11.512925464970229,-11.512925464970229,-8.07852,-0.57852024,-0.82852024
-11.512925464970229,-11.512925464970229,-10.937436,-2.8124366,-0.062436484
-11.512925464970229,-11.512925464970229,-9.202468,-1.7024683,-0.2024682999999999
-11.512925464970229,-11.512925464970229,-11.512925464970229,-7.3756895,-0.0006893210999999
-11.512925464970229,-11.512925464970229,-8.702238,-0.20223822,-1.7022382
-6.8120513,-1.8120513,-0.3120513299999999,-2.3120513,-11.512925464970229
-11.512925464970229,-11.512925464970229,-10.349705,-0.9747047399999998,-0.4747047699999999
-11.512925464970229,-11.512925464970229,-11.512925464970229,-3.5300212,-0.03002122
-11.512925464970229,-11.512925464970229,-10.423846,-3.048846,-0.0488460059999999
-11.512925464970229,-11.512925464970229,-11.350797,-2.3507965,-0.1007963899999999
-11.512925464970229,-11.512925464970229,-9.62786,-1.5028598,-0.2528598
-10.327485,-5.202485,-0.7024849,-0.7024849,-8.952485
-11.011244,-6.886244,-2.1362438,-0.13624394,-5.511244
-0.3439234,-1.3439233,-5.7189236,-9.343924,-11.512925464970229
-9.020421,-2.3954208,-0.1454208199999999,-3.7704208,-11.512925464970229
-11.512925464970229,-11.512925464970229,-7.7531056,-0.1281055999999999,-2.1281056
-11.512925464970229,-11.512925464970229,-7.7266498,-0.4766495800000001,-0.9766496
-11.512925464970229,-11.512925464970229,-6.017186,-0.3921862799999999,-1.1421863
-11.512925464970229,-11.512925464970229,-8.725367,-0.97536653,-0.47536653
-11.512925464970229,-11.512925464970229,-11.512925464970229,-9.375135,-0.0001358400499999
-11.512925464970229,-10.90144,-3.7764397,-0.0264397519999999,-6.2764397
-11.512925464970229,-9.306073,-4.0560727,-0.0560727449999999,-3.3060727
-11.512925464970229,-11.512925464970229,-8.024469,-0.024469558,-3.7744696
-11.512925464970229,-11.512925464970229,-11.512925464970229,-5.2553635,-0.0053632483
-11.512925464970229,-11.512925464970229,-11.512925464970229,-7.3756623,-0.0006625185499999
-11.512925464970229,-11.512925464970229,-10.451882,-1.7018826,-0.2018825999999999
-11.512925464970229,-11.512925464970229,-6.413918,-0.16391805,-1.913918
-11.512925464970229,-6.3320065,-1.7070065,-0.2070064,-7.7070065
-11.512925464970229,-9.908566,-3.5335667,-0.0335667429999999,-6.283567
-2.3385053,-0.2135052199999999,-3.5885053,-7.7135053,-11.512925464970229
-11.512925464970229,-11.512925464970229,-6.8955255,-0.0205255409999999,-4.0205255
-11.512925464970229,-11.512925464970229,-4.644578,-0.0195779399999999,-4.769578
-11.512925464970229,-11.512925464970229,-8.063004,-0.063003115,-2.813003
-11.512925464970229,-11.512925464970229,-6.899617,-0.0246173939999999,-3.7746174
-11.512925464970229,-7.638507,-2.1385067,-0.13850676,-5.513507
-11.512925464970229,-11.512925464970229,-10.785607,-1.9106071,-0.1606071299999999
-11.512925464970229,-11.512925464970229,-11.512925464970229,-0.0383603499999999,-3.2883604
-0.1815410399999999,-2.681541,-6.806541,-9.806541,-11.512925464970229
-11.512925464970229,-11.512925464970229,-7.814583,-0.31458306,-1.3145831
-11.512925464970229,-11.1481,-4.0231,-0.023099994,-5.8981
-11.512925464970229,-11.512925464970229,-11.512925464970229,-1.3137814,-0.3137813999999999
-11.512925464970229,-11.512925464970229,-8.913875,-0.03887499,-3.288875
-11.512925464970229,-11.512925464970229,-7.400837,-0.02583677,-3.7758367
-2.7173247,-0.21732473,-2.8423247,-7.0923247,-11.512925464970229
-9.215938,-3.2159374,-0.21593738,-2.2159374,-11.215938
-8.451521,-1.9515212,-0.2015211099999999,-3.7015212,-11.512925464970229
-11.512925464970229,-7.978127,-0.97812694,-0.4781269399999999,-9.103127
-11.512925464970229,-11.343214,-4.3432136,-0.0932136499999999,-2.5932136
-3.433923,-0.1839231,-2.183923,-6.5589232,-11.512925464970229
-11.512925464970229,-8.605316,-2.355316,-0.1053159399999999,-5.855316
-4.5400968,-0.1650968999999999,-2.165097,-6.9150968,-11.512925464970229
-11.512925464970229,-11.06153,-4.5615296,-0.061529722,-3.0615296
-11.512925464970229,-10.55021,-3.0502098,-0.050209675,-7.5502095
-11.512925464970229,-9.913383,-3.5383825,-0.038382497,-4.7883825
-11.512925464970229,-11.512925464970229,-8.377752,-0.2527523300000001,-1.5027523
-11.512925464970229,-7.7039943,-1.7039942,-0.20399415,-8.453994
-11.512925464970229,-8.582361,-2.5823617,-0.08236162,-5.9573617
-11.512925464970229,-11.512925464970229,-5.385064,-0.010064287,-5.385064
-6.467913,-0.59291315,-0.84291315,-5.717913,-11.512925464970229
-11.512925464970229,-9.97602,-2.3510194,-0.1010194599999999,-7.8510194
-11.512925464970229,-11.264247,-4.7642465,-0.014246599,-5.2642465
-11.202648,-6.4526477,-1.3276479,-0.3276479,-7.8276477
-11.512925464970229,-9.713684,-2.5886838,-0.0886838,-6.0886836
-11.512925464970229,-11.512925464970229,-11.512925464970229,-7.125999,-0.0009987517999999
-11.512925464970229,-11.512925464970229,-11.512925464970229,-2.8127096,-0.06270959
-11.512925464970229,-11.512925464970229,-11.512925464970229,-2.8123767,-0.0623767819999999
-11.512925464970229,-11.512925464970229,-11.512925464970229,-5.131653,-0.0066529685
-11.512925464970229,-11.512925464970229,-11.512925464970229,-7.000983,-0.0009830316999999
-11.512925464970229,-11.512925464970229,-11.2523775,-0.2523778399999999,-1.5023779
-3.0871148,-0.21211489,-2.2121148,-5.837115,-11.512925464970229
-11.512925464970229,-11.512925464970229,-10.476441,-0.9764409,-0.47644094
-11.512925464970229,-11.512925464970229,-8.314745,-0.3147445,-1.3147445
-11.512925464970229,-11.512925464970229,-11.512925464970229,-6.376913,-0.0019130533999999
-11.512925464970229,-11.512925464970229,-11.512925464970229,-1.7025903,-0.2025903899999999
-11.512925464970229,-11.512925464970229,-11.512925464970229,-3.2886193,-0.038619254
-11.512925464970229,-11.512925464970229,-5.66048,-0.0354802,-3.5354803
-11.512925464970229,-11.512925464970229,-9.202888,-0.2028872499999999,-1.7028873
-4.993626,-0.86862606,-0.61862606,-4.618626,-11.512925464970229
-11.512925464970229,-11.512925464970229,-6.82834,-0.5783402000000001,-0.8283402
-11.512925464970229,-11.302987,-5.552987,-0.05298719,-3.052987
-11.512925464970229,-11.512925464970229,-5.0368414,-0.0368411729999999,-3.5368412
-11.512925464970229,-7.9695005,-2.5945003,-0.0945003999999999,-4.3445005
-11.512925464970229,-11.512925464970229,-8.475069,-0.9750687,-0.4750686599999999
-11.512925464970229,-11.512925464970229,-11.512925464970229,-5.1312075,-0.0062074815
-10.793083,-6.2930827,-1.918083,-0.16808294,-5.2930827
-6.8669524,-3.3669522,-0.6169522400000002,-0.86695224,-6.4919524
-11.512925464970229,-11.512925464970229,-6.301946,-0.0519461669999999,-3.0519462
-11.512925464970229,-10.955627,-4.080627,-0.08062705,-2.830627
-11.512925464970229,-11.512925464970229,-11.163451,-3.2884507,-0.0384507479999999
-11.512925464970229,-11.512925464970229,-7.5774775,-0.2024772599999999,-1.7024772
-11.130188,-6.505188,-2.3801882,-0.13018823,-3.6301882
-11.512925464970229,-11.512925464970229,-4.859892,-0.10989183,-2.359892
-11.512925464970229,-11.512925464970229,-6.7059565,-0.08095637,-2.5809565
-0.92423815,-0.92423815,-4.424238,-8.674238,-11.512925464970229
-8.177514,-3.802514,-0.30251402,-1.5525141,-10.552514
-11.512925464970229,-10.569147,-5.6941466,-0.0691467999999999,-2.8191469
-11.512925464970229,-10.582029,-2.582029,-0.0820290299999999,-8.582029
-11.512925464970229,-11.512925464970229,-8.627485,-0.2524851000000001,-1.502485
-11.512925464970229,-11.512925464970229,-7.3802614,-0.1302613799999999,-2.1302614
-11.512925464970229,-11.512925464970229,-8.319504,-0.6945038,-0.6945038
-8.174324,-1.7993244,-0.2993244,-2.7993245,-11.512925464970229
-0.09219284,-2.592193,-8.967193,-11.512925464970229,-11.512925464970229
-11.512925464970229,-11.512925464970229,-4.7597585,-0.009758333,-9.384758
-11.512925464970229,-11.512925464970229,-4.7622423,-0.012242493,-6.1372423
-11.512925464970229,-11.512925464970229,-8.849762,-0.4747617999999999,-0.97476184
-11.512925464970229,-5.6050267,-0.48002678,-0.9800268,-10.355027
-11.512925464970229,-11.512925464970229,-6.7999763,-0.04997633,-3.0499763
-1.2589585,-0.5089584599999999,-4.0089583,-8.758959,-11.512925464970229
-6.1860247,-0.6860249,-0.9360249000000002,-4.8110247,-11.512925464970229
-8.513057,-1.763057,-0.26305696,-3.638057,-11.013057
-11.512925464970229,-11.512925464970229,-6.3889785,-0.013978614,-4.5139785
-11.512925464970229,-9.416941,-3.2919405,-0.0419405399999999,-5.7919407
-11.512925464970229,-9.916617,-3.2916174,-0.041617446,-5.7916174
-11.512925464970229,-10.77822,-3.7782207,-0.028220631,-5.4032207
-11.512925464970229,-9.344645,-4.0946445,-0.21964455,-1.7196445
-11.512925464970229,-11.512925464970229,-11.512925464970229,-7.125897,-0.00089681253
-11.512925464970229,-11.512925464970229,-5.2133183,-0.0883185,-2.5883186
-11.512925464970229,-11.512925464970229,-8.95303,-1.70303,-0.20303002
-11.512925464970229,-11.512925464970229,-11.512925464970229,-4.7587543,-0.008754489
-11.512925464970229,-11.512925464970229,-5.7653117,-0.0153119329999999,-4.5153117
-11.512925464970229,-11.512925464970229,-11.512925464970229,-7.2507553,-0.0007554277499999
-11.512925464970229,-11.512925464970229,-11.512925464970229,-4.018367,-0.0183667299999999
-11.512925464970229,-11.512925464970229,-11.512925464970229,-5.006913,-0.0069130993999999
-11.512925464970229,-11.479414,-5.7294135,-0.10441354,-2.3544135
-11.512925464970229,-10.8914795,-4.64148,-0.0164798099999999,-6.26648
-11.512925464970229,-11.512925464970229,-6.014603,-0.014603209,-4.514603
-11.512925464970229,-11.512925464970229,-9.753563,-0.2535629599999999,-1.5035629
-11.512925464970229,-11.512925464970229,-10.827055,-1.702055,-0.20205493
-11.512925464970229,-11.512925464970229,-9.1019125,-2.3519123,-0.10191223
-11.512925464970229,-11.512925464970229,-9.204948,-0.0799487,-2.5799487
-11.512925464970229,-11.512925464970229,-11.512925464970229,-4.7589006,-0.00890043
-11.512925464970229,-11.512925464970229,-11.512925464970229,-3.7740965,-0.0240965369999999
-11.512925464970229,-11.512925464970229,-11.224341,-0.9743415,-0.4743415000000001
-11.512925464970229,-11.512925464970229,-7.329787,-0.0797867999999999,-2.5797868
-11.512925464970229,-11.512925464970229,-11.512925464970229,-2.3504,-0.1004000099999999
-11.512925464970229,-11.512925464970229,-11.512925464970229,-7.7505636,-0.0005633997499999
-11.512925464970229,-11.512925464970229,-11.512925464970229,-6.0026155,-0.0026154901999999
-11.512925464970229,-11.512925464970229,-8.701763,-0.82676286,-0.57676286
-11.512925464970229,-11.512925464970229,-10.265321,-4.265321,-0.0153208569999999
-7.9652658,-2.2152658,-0.2152658099999999,-2.8402658,-11.512925464970229
-11.512925464970229,-9.063753,-2.8137531,-0.0637532099999999,-7.438753
-11.512925464970229,-11.512925464970229,-8.384184,-0.0091840779999999,-4.759184
-11.512925464970229,-11.512925464970229,-5.391794,-0.0167940179999999,-4.516794
-11.512925464970229,-11.512925464970229,-9.762604,-1.1376041,-0.38760415
-11.512925464970229,-11.512925464970229,-9.328016,-0.82801586,-0.57801586
-11.512925464970229,-11.512925464970229,-10.6275835,-1.5025837,-0.2525838000000001
-11.512925464970229,-11.512925464970229,-10.43908,-1.3140802,-0.3140802399999999
-11.512925464970229,-11.512925464970229,-11.512925464970229,-3.5302882,-0.030288298
-11.512925464970229,-11.512925464970229,-9.702025,-0.5770252,-0.8270252
-3.0081449,-0.13314481,-2.8831449,-7.508145,-11.512925464970229
-11.512925464970229,-11.512925464970229,-11.476016,-0.97601634,-0.47601634
-11.512925464970229,-11.512925464970229,-11.512925464970229,-4.264503,-0.0145029975
-11.512925464970229,-11.512925464970229,-11.512925464970229,-3.7735968,-0.0235966999999999
-11.512925464970229,-11.512925464970229,-10.502874,-0.2528741699999999,-1.5028741
-11.512925464970229,-11.512925464970229,-6.03604,-0.03604001,-3.41104
-11.512925464970229,-11.512925464970229,-7.940222,-0.0652220249999999,-2.815222
-9.467759,-4.342759,-0.71775895,-0.71775895,-8.967759
-11.512925464970229,-7.2662563,-1.1412562,-0.39125624,-10.016256
-11.512925464970229,-11.512925464970229,-5.06942,-0.069419645,-2.8194196
-11.512925464970229,-11.512925464970229,-5.6474113,-0.0224111939999999,-4.0224113
-11.512925464970229,-11.512925464970229,-6.017124,-0.0171240599999999,-4.267124
-11.512925464970229,-11.512925464970229,-5.5183716,-0.018371759,-4.2683716
-11.512925464970229,-9.942838,-3.5678375,-0.0678375699999999,-3.3178375
-11.512925464970229,-11.512925464970229,-7.9553733,-0.08037352,-2.5803735
-11.512925464970229,-11.512925464970229,-4.6443543,-0.01935416,-4.7693543
-6.3488894,-0.84888923,-0.59888923,-4.0988894,-11.512925464970229
-11.512925464970229,-11.512925464970229,-6.426435,-0.051434934,-3.051435
-11.512925464970229,-11.512925464970229,-8.225072,-0.47507194,-0.9750719
-11.512925464970229,-11.512925464970229,-8.387908,-0.3879077000000001,-1.1379077
-11.512925464970229,-10.02873,-3.7787309,-0.02873077,-5.278731
-11.512925464970229,-11.512925464970229,-8.599882,-0.9748825,-0.47488245
-11.512925464970229,-11.512925464970229,-4.019192,-0.019192455,-7.394192
-11.512925464970229,-11.512925464970229,-7.7865024,-0.16150224,-1.9115022
-2.1584527,-0.1584526999999999,-4.2834525,-8.783453,-11.512925464970229
-11.512925464970229,-11.512925464970229,-11.512925464970229,-2.3517709,-0.101770975
-11.512925464970229,-11.512925464970229,-7.957884,-0.20788401,-1.7078841
-11.512925464970229,-11.512925464970229,-8.814029,-0.3140285,-1.3140285
-11.512925464970229,-11.512925464970229,-11.512925464970229,-2.8124576,-0.06245766
-11.512925464970229,-11.512925464970229,-11.512925464970229,-4.0186048,-0.018604523
-11.512925464970229,-11.512925464970229,-11.512925464970229,-5.0067706,-0.006770553
-11.512925464970229,-11.512925464970229,-6.5089293,-0.008929375,-5.0089293
-7.7654843,-2.0154843,-0.2654841999999999,-2.5154843,-11.015484
-11.512925464970229,-11.512925464970229,-8.831893,-0.08189327,-2.5818932
-11.512925464970229,-10.650292,-5.1502924,-0.025292484,-4.0252924
-11.512925464970229,-11.512925464970229,-11.512925464970229,-7.1258597,-0.0008597694999999
-11.512925464970229,-11.512925464970229,-11.512925464970229,-2.8126755,-0.0626755599999999
-11.512925464970229,-10.328605,-2.8286045,-0.0786044199999999,-4.453604
-7.093908,-1.8439081,-0.3439079999999999,-3.718908,-11.468908
-11.512925464970229,-11.512925464970229,-5.6322985,-0.0072986176,-6.0072985
-6.9131656,-1.5381656,-0.2881656,-3.5381656,-11.512925464970229
-11.512925464970229,-8.06786,-1.3178593,-0.3178593199999999,-6.692859
-11.512925464970229,-11.512925464970229,-8.768957,-0.018957598,-4.0189576
-8.641591,-2.8915908,-0.14159085,-2.6415908,-11.016591
-11.512925464970229,-9.20684,-2.58184,-0.08184,-6.70684
-11.512925464970229,-11.418119,-3.293119,-0.043118976,-5.543119
-11.512925464970229,-11.512925464970229,-10.535828,-1.9108275,-0.1608275
-11.512925464970229,-11.512925464970229,-10.954355,-0.57935536,-0.82935536
-1.7064203,-0.20642035,-5.8314204,-10.58142,-11.512925464970229
-11.512925464970229,-11.512925464970229,-9.446759,-0.6967596,-0.6967596
-11.512925464970229,-8.316839,-1.3168387,-0.3168387699999999,-7.5668387
-9.329524,-3.0795245,-0.0795244799999999,-3.5795245,-11.512925464970229
-11.512925464970229,-11.512925464970229,-11.3883095,-1.1383094,-0.3883094
-11.512925464970229,-5.111185,-0.48618484,-0.98618484,-8.611185
-7.887355,-2.0123546,-0.2623547,-2.5123546,-11.012355
-11.512925464970229,-11.512925464970229,-6.1662235,-0.0412235449999999,-3.2912235
-10.513924,-3.8889241,-0.1389241199999999,-2.3889241,-10.388924
-11.512925464970229,-7.359169,-2.359169,-0.1091690299999999,-4.984169
-11.512925464970229,-8.616161,-2.6161618,-0.1161617039999999,-3.3661618
-11.512925464970229,-11.512925464970229,-7.2254095,-0.47540936,-0.9754094
-3.7673833,-0.39238343,-1.3923835,-4.6423836,-10.892384
-11.512925464970229,-11.512925464970229,-5.23104,-0.10604022,-2.3560402
-11.512925464970229,-11.512925464970229,-5.3328485,-0.2078483599999999,-1.7078483
-11.512925464970229,-11.512925464970229,-4.88733,-0.012330099,-5.63733
-6.3002663,-1.6752663,-0.4252662400000001,-2.1752663,-9.925266
-11.512925464970229,-11.512925464970229,-7.577843,-0.2028429799999999,-1.702843
-11.512925464970229,-11.512925464970229,-6.2066135,-0.0816134799999999,-2.5816135
-11.512925464970229,-11.512925464970229,-6.9771585,-0.10215851,-2.3521585
-11.512925464970229,-11.512925464970229,-7.536557,-0.1615573999999999,-1.9115574
-11.512925464970229,-10.536272,-4.036272,-0.036271915,-4.036272
-10.044689,-3.9196894,-0.16968946,-2.0446894,-11.512925464970229
-11.233054,-4.9830537,-0.4830537,-0.9830537,-9.483054
-5.8985243,-1.3985243,-0.39852428,-2.6485243,-10.148524
-9.979526,-3.8545253,-0.22952527,-1.7295253,-9.854526
-11.512925464970229,-7.4825597,-2.3575594,-0.1075594899999999,-5.2325597
-11.512925464970229,-8.0593605,-3.0593603,-0.0593602959999999,-5.0593605
-7.897816,-2.7728162,-0.27281612,-1.7728162,-9.397816
-11.512925464970229,-11.512925464970229,-6.196959,-0.69695896,-0.69695896
-11.512925464970229,-9.063165,-3.0631645,-0.06316439,-4.313164
-11.512925464970229,-11.512925464970229,-6.1523466,-0.02734665,-3.7773466
-1.8074808,-0.9324809,-0.9324809,-3.4324808,-8.307481
-11.512925464970229,-11.512925464970229,-3.778477,-0.028476946,-5.6534767
-8.876547,-4.001547,-1.0015466,-0.5015467,-5.251547
-11.512925464970229,-11.512925464970229,-10.687178,-2.8121774,-0.0621775199999999
-11.512925464970229,-9.8183775,-3.5683777,-0.0683776799999999,-3.3183777
-11.512925464970229,-8.455437,-1.7054365,-0.2054364199999999,-7.455436
-1.3435954,-0.3435954199999999,-4.3435955,-8.8435955,-11.512925464970229
-7.487109,-1.7371093,-0.23710935,-3.4871094,-11.487109
-5.51172,-0.26172012,-1.5117202,-6.26172,-11.512925464970229
-7.73088,-1.48088,-0.48087996,-1.98088,-7.35588
-11.512925464970229,-6.894231,-1.1442308,-0.3942308,-5.644231
-7.0682726,-1.8182728,-0.3182728,-2.3182728,-8.193273
-11.512925464970229,-8.49877,-1.9987696,-0.2487696399999999,-2.4987698
-7.1132665,-1.6132663,-0.36326635,-2.3632665,-7.9882665
-5.3740344,-1.3740344,-0.37403437,-3.1240344,-8.499034
-8.07368,-1.9486797,-0.19867969,-3.5736797,-11.512925464970229
-4.6283355,-0.8783354,-0.6283354000000001,-3.6283355,-10.503335
-9.313689,-2.313689,-0.3136889,-1.8136889,-8.813689
-11.512925464970229,-8.161715,-1.7867141,-0.28671408,-2.536714
-11.512925464970229,-10.090023,-3.715023,-0.340023,-1.340023
-10.172822,-4.6728215,-0.17282169,-1.9228216,-10.297822
-8.205949,-3.3309493,-0.20594922,-1.9559492,-8.705949
-9.110157,-3.7351565,-0.23515661,-1.7351567,-8.110157
-6.2292824,-1.7292825,-0.2292825399999999,-3.9792826,-11.512925464970229
-4.0022697,-0.1272695,-2.7522695,-7.7522697,-11.512925464970229
-11.512925464970229,-8.354218,-0.9792173,-0.47921726,-8.104218
-11.512925464970229,-11.512925464970229,-11.512925464970229,-2.579265,-0.07926506
-11.512925464970229,-11.512925464970229,-4.5155435,-0.0155433089999999,-5.7655435
-11.512925464970229,-11.512925464970229,-5.508882,-0.0088821109999999,-5.383882
-11.512925464970229,-7.8510337,-0.47603378,-0.9760338,-11.226034
-11.512925464970229,-11.512925464970229,-7.4753275,-0.4753276399999999,-0.9753276
-11.512925464970229,-11.512925464970229,-5.534159,-0.034159306,-3.5341594
-7.8338327,-1.3338327,-0.33383268,-4.2088327,-11.512925464970229
-11.512925464970229,-11.512925464970229,-5.384897,-0.0098970389999999,-5.384897
-11.512925464970229,-10.040917,-3.2909179,-0.0409178319999999,-7.290918
-11.512925464970229,-11.512925464970229,-10.911208,-1.9112084,-0.16120845
-11.512925464970229,-11.512925464970229,-6.9142494,-0.03924931,-3.2892494
-11.512925464970229,-10.851041,-2.3510408,-0.1010407949999999,-8.476041
-4.998306,-0.623306,-1.123306,-5.248306,-11.373306
-11.512925464970229,-11.512925464970229,-6.890389,-0.0153890579999999,-4.265389
-2.8525221,-0.1025222239999999,-3.8525221,-8.727522,-11.512925464970229
-11.512925464970229,-11.512925464970229,-7.763217,-0.38821682,-1.1382169
-11.512925464970229,-11.298399,-4.673399,-0.0483989599999999,-3.298399
-5.3649874,-2.6149871,-0.48998713,-1.2399871,-5.7399874
-11.512925464970229,-11.512925464970229,-6.5368834,-0.1618832299999999,-1.9118832
-11.36404,-6.989041,-2.3640406,-0.1140406699999999,-4.614041
-11.512925464970229,-7.381753,-2.131753,-0.13175303,-6.006753
-11.512925464970229,-8.191184,-1.3161838,-0.3161838,-9.566184
-11.512925464970229,-11.512925464970229,-11.512925464970229,-2.3502715,-0.1002714699999999
-11.512925464970229,-9.54118,-3.2911794,-0.0411794969999999,-6.0411797
-11.512925464970229,-7.9577346,-2.5827346,-0.0827344899999999,-6.4577346
-11.512925464970229,-11.512925464970229,-7.203587,-0.5785871,-0.8285871
-11.512925464970229,-11.512925464970229,-6.537424,-0.1624243299999999,-1.9124243
-10.761233,-6.0112333,-1.5112336,-0.2612335,-6.2612333
-11.512925464970229,-10.6573925,-3.532392,-0.0323921139999999,-6.407392
-7.2564664,-2.5064666,-0.2564665400000001,-2.0064666,-9.756467
-11.512925464970229,-6.0676866,-1.3176866,-0.31768653,-8.317686
-11.512925464970229,-11.512925464970229,-11.512925464970229,-3.5300398,-0.03003973
-11.512925464970229,-11.512925464970229,-11.512925464970229,-4.5112395,-0.011239396
-5.849567,-1.974567,-0.47456706,-1.474567,-7.474567
-11.512925464970229,-11.512925464970229,-11.45424,-2.5792398,-0.07923995
-11.512925464970229,-11.512925464970229,-11.512925464970229,-3.2884765,-0.03847656
-11.512925464970229,-11.512925464970229,-10.829223,-2.579223,-0.079222985
-11.512925464970229,-11.512925464970229,-8.629085,-0.12908466,-2.1290846
-2.2604136,-0.2604135999999999,-2.3854136,-5.2604136,-11.512925464970229
-11.083474,-7.083474,-2.583474,-0.0834739999999999,-6.833474
-11.512925464970229,-11.512925464970229,-10.600761,-2.350762,-0.10076189
-11.512925464970229,-11.512925464970229,-11.512925464970229,-7.1259265,-0.0009264685
-11.512925464970229,-11.512925464970229,-11.512925464970229,-3.7736108,-0.0236109099999999
-7.8013344,-2.8013341,-0.5513342000000001,-1.0513341,-5.4263344
-11.512925464970229,-11.512925464970229,-7.514464,-1.1394639,-0.3894639599999999
-10.36168,-4.8616805,-0.98668045,-0.48668045,-8.48668
-5.0764956,-0.20149559,-1.8264956,-6.7014956,-11.512925464970229
-11.32648,-5.07648,-0.7014798,-0.7014798,-6.70148
-11.512925464970229,-11.512925464970229,-7.3788366,-0.25383648,-1.5038365
-9.785907,-5.0359073,-1.5359073,-0.28590724,-3.6609073
-11.512925464970229,-11.512925464970229,-4.6414776,-0.016477816,-5.1414776
-11.512925464970229,-10.657441,-4.782441,-0.0324409299999999,-3.907441
-11.512925464970229,-11.512925464970229,-11.512925464970229,-4.018542,-0.0185419099999999
-11.512925464970229,-11.512925464970229,-7.0368648,-0.16186479,-1.9118648
-11.512925464970229,-11.512925464970229,-11.512925464970229,-3.0488548,-0.0488547569999999
-11.512925464970229,-11.512925464970229,-11.512925464970229,-2.8122497,-0.06224955
-11.512925464970229,-11.512925464970229,-10.475794,-2.3507936,-0.1007936999999999
-11.512925464970229,-11.512925464970229,-9.502687,-2.1276877,-0.12768771
-11.512925464970229,-11.512925464970229,-11.512925464970229,-4.5111594,-0.011159474
-11.512925464970229,-11.512925464970229,-6.789617,-0.0396172849999999,-3.2896173
-11.512925464970229,-10.649318,-3.899318,-0.0243180859999999,-6.024318
-11.512925464970229,-6.0195675,-1.1445674,-0.3945674,-8.1445675
-0.0355617599999999,-6.6605616,-10.785562,-11.512925464970229,-11.512925464970229
-11.512925464970229,-11.512925464970229,-5.405157,-0.0301572569999999,-3.7801573
-11.512925464970229,-11.512925464970229,-3.7927167,-0.04271664,-4.0427165
-11.512925464970229,-6.3297057,-0.5797057,-0.8297057,-7.4547057
-3.019686,-0.14468603,-2.769686,-7.519686,-11.512925464970229
-11.512925464970229,-11.512925464970229,-4.7686872,-0.01868701,-4.6436872
-11.512925464970229,-11.512925464970229,-5.266565,-0.016565057,-4.516565
-11.512925464970229,-10.64481,-4.01981,-0.0198100749999999,-6.76981
-5.804577,-2.4295766,-0.6795767,-0.9295767,-5.304577
-11.512925464970229,-11.512925464970229,-6.2761517,-0.026151894,-3.776152
-11.512925464970229,-11.512925464970229,-7.1009064,-0.97590625,-0.4759062499999999
-11.512925464970229,-11.512925464970229,-7.828423,-1.703423,-0.2034230399999999
-11.512925464970229,-11.512925464970229,-5.505248,-0.0052482258,-6.880248
-10.477471,-3.977471,-0.1024710239999999,-2.602471,-10.727471
-11.512925464970229,-10.539954,-1.9149544,-0.16495448,-5.9149547
-11.512925464970229,-11.512925464970229,-6.1302924,-0.0052924574999999,-6.2552924
-0.7766913,-0.7766913,-4.9016914,-8.526691,-11.512925464970229
-9.414127,-4.539128,-0.41412774,-1.1641277,-8.789127
-11.512925464970229,-11.512925464970229,-9.628405,-1.5034044,-0.25340438
-7.697198,-2.1971982,-0.19719814,-3.0721982,-11.072198
-11.512925464970229,-11.512925464970229,-7.3273983,-0.2023982099999999,-1.7023982
-11.512925464970229,-11.512925464970229,-9.314392,-1.3143923,-0.31439227
-11.512925464970229,-11.512925464970229,-11.512925464970229,-3.7738948,-0.0238947199999999
-11.512925464970229,-11.512925464970229,-9.887286,-0.3872862199999999,-1.1372862
-4.1504126,-5.7754126,-3.1504126,-0.15041249,-2.6504126
-11.512925464970229,-11.512925464970229,-9.6632805,-0.03828051,-3.2882805
-11.512925464970229,-11.512925464970229,-5.9141397,-0.16413961,-1.9141396
-11.512925464970229,-11.512925464970229,-9.628405,-1.5034044,-0.25340438
-11.512925464970229,-7.7045045,-1.7045047,-0.20450467,-8.704505
-11.512925464970229,-11.512925464970229,-4.535196,-0.0351956229999999,-3.7851956
-6.773073,-1.773073,-0.2730729999999999,-4.148073,-11.512925464970229
-7.8739557,-3.748956,-0.6239559699999999,-0.87395597,-8.998956
-9.132678,-3.6326776,-0.5076777,-1.0076777,-9.257678
-11.512925464970229,-7.79398,-1.9189802,-0.16898026,-5.66898
-11.512925464970229,-6.211025,-0.8360252,-0.5860252,-5.711025
-11.512925464970229,-8.679319,-3.5543196,-0.054319706,-3.8043196
-11.512925464970229,-11.512925464970229,-5.511451,-0.0114508369999999,-5.011451
-11.512925464970229,-8.679319,-3.5543196,-0.054319706,-3.8043196
-11.512925464970229,-11.512925464970229,-8.6002445,-0.9752445,-0.47524455
-11.512925464970229,-9.776074,-3.7760742,-0.026074192,-6.1510744
-3.8142362,-0.31423625,-1.5642363,-4.314236,-11.512925464970229
-11.512925464970229,-7.79398,-1.9189802,-0.16898026,-5.66898
-11.512925464970229,-7.543529,-1.9185293,-0.16852924,-5.043529
-11.512925464970229,-11.512925464970229,-5.830597,-0.5805966999999999,-0.8305967
-11.512925464970229,-7.413657,-1.9136571,-0.16365705,-6.538657
-11.512925464970229,-8.234582,-2.359582,-0.10958183,-5.484582
-11.512925464970229,-11.434997,-4.5599966,-0.0599965859999999,-3.0599966
-6.3228283,-1.1978285,-0.4478284699999999,-3.0728285,-11.322828
-0.71031874,-1.2103188,-5.2103186,-9.085319,-11.512925464970229
-10.467039,-4.467039,-0.2170389299999999,-1.7170389,-10.967039
-11.168876,-6.2938757,-1.1688759,-0.41887587,-3.668876
-11.275194,-5.0251946,-0.4001946,-1.1501946,-9.900194
-1.7762088,-0.27620873,-3.7762086,-8.151209,-11.512925464970229
-11.512925464970229,-9.787626,-1.9126263,-0.16262628,-7.1626263
-11.512925464970229,-11.512925464970229,-9.160841,-1.910841,-0.160841
-11.512925464970229,-11.512925464970229,-6.1572824,-0.0322824679999999,-3.5322824
-3.4829912,-0.10799125,-2.8579912,-8.107991,-11.512925464970229
-11.512925464970229,-11.512925464970229,-9.388535,-1.138535,-0.388535
-11.512925464970229,-9.609213,-2.8592124,-0.1092124199999999,-3.1092124
-11.512925464970229,-11.512925464970229,-5.3191514,-0.069151245,-2.8191512
-11.512925464970229,-11.512925464970229,-8.252861,-0.12786068,-2.1278608
-11.512925464970229,-5.7582493,-0.25824943,-1.5082494,-10.508249
-7.556715,-1.5567148,-0.3067148,-3.6817148,-11.512925464970229
-6.741054,-1.7410539,-0.24105394,-4.241054,-11.512925464970229
-11.512925464970229,-11.512925464970229,-5.008184,-0.0081839149999999,-7.133184
-11.512925464970229,-11.512925464970229,-10.014037,-0.3890367,-1.1390367
-11.512925464970229,-11.512925464970229,-8.134579,-0.009578765,-4.7595787
-11.512925464970229,-8.704346,-1.7043453,-0.20434532,-7.079345
-11.512925464970229,-11.512925464970229,-8.752544,-0.12754469,-2.1275446
-11.512925464970229,-11.512925464970229,-7.9764633,-0.1014632,-2.3514633
-11.512925464970229,-11.512925464970229,-11.512925464970229,-8.750275,-0.0002749214
-11.512925464970229,-11.512925464970229,-7.9143195,-0.0393193329999999,-3.2893193
-7.089469,-1.9644687,-0.46446875,-1.5894687,-11.512925464970229
-11.512925464970229,-9.416289,-4.1662893,-0.0412893149999999,-3.7912893
-11.512925464970229,-10.902584,-3.7775836,-0.027583713,-6.1525836
-11.512925464970229,-11.512925464970229,-11.512925464970229,-8.25031,-0.00031031753
-11.512925464970229,-11.512925464970229,-8.788851,-0.0388512539999999,-3.2888513
-11.512925464970229,-11.512925464970229,-11.190038,-1.3150381,-0.31503806
-3.095681,-0.22068104,-1.9706811,-6.470681,-11.512925464970229
-11.512925464970229,-11.512925464970229,-9.258164,-0.0081641689999999,-4.8831644
-8.487099,-3.7370987,-0.8620987,-0.6120987000000001,-9.112099
-3.2364843,-0.23648423,-2.4864843,-5.986484,-11.512925464970229
-11.512925464970229,-11.512925464970229,-6.580974,-0.08097407,-2.580974
-11.512925464970229,-11.512925464970229,-6.551209,-0.051209122,-3.0512092
-11.512925464970229,-11.512925464970229,-6.065856,-0.06585574,-2.8158557
-11.512925464970229,-11.512925464970229,-6.8796353,-0.2546354800000001,-1.5046355
-11.512925464970229,-11.512925464970229,-10.535829,-1.9108291,-0.16082904
-11.512925464970229,-11.512925464970229,-6.2909675,-0.040967494,-3.2909675
-4.7396126,-1.4896123,-0.48961234,-1.9896123,-10.864613
-9.046344,-5.1713443,-1.9213443,-0.1713442199999999,-6.0463443
-11.512925464970229,-8.277402,-4.0274014,-0.027401634,-4.7774014
-11.512925464970229,-11.512925464970229,-9.512624,-1.1376234,-0.3876234599999999
-11.512925464970229,-11.415821,-6.2908206,-0.040820792,-3.2908208
-11.512925464970229,-8.912959,-1.9129586,-0.1629586499999999,-7.1629586
-9.386683,-5.5116835,-1.5116835,-0.26168352,-6.8866835
-11.512925464970229,-10.019013,-4.2690134,-0.019013517,-5.5190134
