1,2,3,4,5
-0.0232485069999999,-3.7732484,-11.512925464970229,-11.512925464970229,-11.512925464970229
-10.32656,-0.2015596199999999,-1.7015597,-11.32656,-11.512925464970229
-9.063481,-0.3134812999999999,-1.3134813,-9.313481,-11.512925464970229
-6.7587905,-0.0087904149999999,-4.8837905,-11.512925464970229,-11.512925464970229
-11.512925464970229,-6.3782053,-0.0032051617999999,-6.7532053,-11.512925464970229
-10.127498,-0.25249758,-1.5024976,-10.877498,-11.512925464970229
-11.512925464970229,-6.438618,-0.0636183099999999,-2.8136184,-11.512925464970229
-11.512925464970229,-6.8898253,-0.014825334,-4.7648253,-11.512925464970229
-5.266435,-0.01643491,-4.516435,-11.512925464970229,-11.512925464970229
-11.512925464970229,-6.254253,-0.0042526773,-6.379253,-11.512925464970229
-11.512925464970229,-10.388828,-1.1388285,-0.3888284599999999,-10.888828
-11.512925464970229,-8.849412,-0.4744119599999999,-0.97441196,-9.974412
-11.512925464970229,-11.512925464970229,-1.9111121,-0.1611120599999999,-11.512925464970229
-10.012093,-0.3870921,-1.1370921,-9.262093,-11.512925464970229
-0.2519554199999999,-1.5019554,-10.876955,-11.512925464970229,-11.512925464970229
-11.512925464970229,-2.127724,-0.1277239899999999,-8.377724,-11.512925464970229
-0.12693693,-2.126937,-11.512925464970229,-11.512925464970229,-11.512925464970229
-11.512925464970229,-4.0192056,-0.019205553,-6.8942056,-11.512925464970229
-7.53584,-0.16083989,-1.9108399,-9.53584,-11.512925464970229
-10.704013,-0.07901317,-2.579013,-11.512925464970229,-11.512925464970229
-7.4136868,-0.038686916,-3.288687,-11.512925464970229,-11.512925464970229
-7.5303254,-0.030325646,-3.5303257,-11.512925464970229,-11.512925464970229
-11.512925464970229,-6.7622337,-0.0122336619999999,-4.5122337,-11.512925464970229
-0.6931656,-0.6931656,-10.943166,-11.512925464970229,-11.512925464970229
-0.029753957,-3.529754,-11.512925464970229,-11.512925464970229,-11.512925464970229
-10.0353,-0.16030018,-1.9103001,-11.512925464970229,-11.512925464970229
-7.14904,-0.024040317,-3.7740402,-11.512925464970229,-11.512925464970229
-11.512925464970229,-9.451308,-0.826308,-0.5763079999999999,-9.201308
-11.512925464970229,-2.5797122,-0.07971207,-8.079712,-11.512925464970229
-0.2519481800000001,-1.5019481,-11.126948,-11.512925464970229,-11.512925464970229
-0.38689014,-1.1368902,-11.26189,-11.512925464970229,-11.512925464970229
-11.512925464970229,-0.69321114,-0.69321114,-10.068212,-11.512925464970229
-6.3834376,-0.008437864,-5.0084376,-11.512925464970229,-11.512925464970229
-11.512925464970229,-7.2046647,-0.0796646249999999,-2.5796647,-11.512925464970229
-11.512925464970229,-6.524941,-0.0249410479999999,-3.774941,-11.512925464970229
-11.512925464970229,-3.53017,-0.030169977,-8.40517,-11.512925464970229
-11.512925464970229,-4.5292006,-0.029200703,-4.0292006,-11.512925464970229
-11.512925464970229,-6.0075727,-0.0075727886999999,-5.3825727,-11.512925464970229
-11.512925464970229,-10.4440565,-0.6940561,-0.6940561,-10.5690565
-11.512925464970229,-2.583068,-0.083067946,-5.708068,-11.512925464970229
-11.512925464970229,-1.9121351,-0.1621351699999999,-6.787135,-11.512925464970229
-11.512925464970229,-0.0792309199999999,-2.579231,-11.329231,-11.512925464970229
-11.512925464970229,-10.568849,-0.69384843,-0.69384843,-9.318849
-11.512925464970229,-11.512925464970229,-1.5031295,-0.25312945,-7.6281295
-9.812057,-0.0620565269999999,-2.8120565,-11.512925464970229,-11.512925464970229
-8.143454,-0.018453328,-4.018453,-11.512925464970229,-11.512925464970229
-11.512925464970229,-5.878774,-0.0037739549999999,-7.128774,-11.512925464970229
-8.387819,-0.0128188689999999,-4.387819,-11.512925464970229,-11.512925464970229
-0.12693861,-2.1269386,-11.512925464970229,-11.512925464970229,-11.512925464970229
-7.8293104,-0.07931064,-2.5793107,-10.95431,-11.512925464970229
-11.512925464970229,-1.3136213,-0.3136212999999999,-8.3136215,-11.512925464970229
-8.829117,-0.079116486,-2.5791166,-11.512925464970229,-11.512925464970229
-8.758853,-0.008853047,-4.758853,-11.512925464970229,-11.512925464970229
-9.502083,-0.25208324,-1.5020833,-10.877083,-11.512925464970229
-11.512925464970229,-1.5021923,-0.2521921999999999,-8.3771925,-11.512925464970229
-11.512925464970229,-2.3512118,-0.101211675,-6.9762115,-11.512925464970229
-11.512925464970229,-7.005447,-1.5054468,-0.25544682,-6.005447
-11.512925464970229,-2.1270967,-0.12709661,-9.377096,-11.512925464970229
-11.512925464970229,-2.3512895,-0.1012894499999999,-6.9762893,-11.512925464970229
-11.512925464970229,-3.5435247,-0.0435247869999999,-4.2935247,-11.512925464970229
-11.512925464970229,-10.701623,-0.5766227,-0.8266227,-11.512925464970229
-11.512925464970229,-0.57606715,-0.82606715,-9.701067,-11.512925464970229
-0.47411805,-0.97411805,-10.474118,-11.512925464970229,-11.512925464970229
-11.512925464970229,-1.1370893,-0.3870892199999999,-8.887089,-11.512925464970229
-0.1269326199999999,-2.1269326,-11.512925464970229,-11.512925464970229,-11.512925464970229
-9.752045,-0.2520447999999999,-1.5020448,-10.502045,-11.512925464970229
-7.7019873,-0.2019873399999999,-1.7019874,-9.076987,-11.512925464970229
-0.8259976,-0.5759975999999999,-9.825997,-11.512925464970229,-11.512925464970229
-4.51625,-0.016250312,-5.26625,-11.512925464970229,-11.512925464970229
-5.384231,-0.0092309779999999,-5.384231,-11.512925464970229,-11.512925464970229
-11.512925464970229,-1.5023358,-0.2523358,-7.8773355,-11.512925464970229
-11.512925464970229,-7.1440063,-0.019006254,-4.0190063,-11.512925464970229
-0.0003807449,-7.8753805,-11.512925464970229,-11.512925464970229,-11.512925464970229
-8.3781,-0.0031002387,-5.8781004,-11.512925464970229,-11.512925464970229
-9.826627,-0.20162666,-1.7016267,-11.326627,-11.512925464970229
-7.5639925,-0.3139926199999999,-1.3139926,-8.5639925,-11.512925464970229
-11.512925464970229,-4.521989,-0.021988764,-4.521989,-11.512925464970229
-5.6427226,-0.017722687,-4.2677226,-11.512925464970229,-11.512925464970229
-4.7599344,-0.009934338,-6.6349344,-11.512925464970229,-11.512925464970229
-5.1376176,-0.012617478,-5.0126176,-11.512925464970229,-11.512925464970229
-4.7632117,-0.013211527,-5.3882117,-11.512925464970229,-11.512925464970229
-11.512925464970229,-6.770776,-0.0207757969999999,-4.020776,-11.512925464970229
-11.512925464970229,-3.776065,-0.0260650199999999,-5.901065,-11.512925464970229
-11.512925464970229,-3.5308754,-0.030875556,-8.405875,-11.512925464970229
-11.512925464970229,-4.0205026,-0.020502415,-6.1455026,-11.512925464970229
-11.512925464970229,-6.275214,-0.025214134,-3.7752142,-11.512925464970229
-11.512925464970229,-4.27846,-0.0284601489999999,-4.27846,-11.512925464970229
-11.512925464970229,-0.82868123,-0.57868123,-9.453681,-11.512925464970229
-7.8499765,-0.4749766599999999,-0.97497666,-7.5999765,-11.512925464970229
-11.512925464970229,-3.0491219,-0.04912184,-8.549122,-11.512925464970229
-11.512925464970229,-3.5351665,-0.0351663899999999,-5.2851663,-11.512925464970229
-11.512925464970229,-10.3263855,-0.8263856,-0.5763856000000002,-11.2013855
-11.512925464970229,-4.637215,-0.0122149399999999,-6.137215,-11.512925464970229
-6.0084705,-0.0084704919999999,-5.1334705,-11.512925464970229,-11.512925464970229
-5.7712884,-0.021288346,-4.0212884,-11.512925464970229,-11.512925464970229
-3.5306444,-0.0306444339999999,-7.0306444,-11.512925464970229,-11.512925464970229
-0.47412834,-0.97412837,-10.849129,-11.512925464970229,-11.512925464970229
-0.8260917,-0.5760917,-8.826092,-11.512925464970229,-11.512925464970229
-11.512925464970229,-3.7775593,-0.0275592489999999,-5.5275593,-11.512925464970229
-5.3820963,-0.007096235,-6.0070963,-11.512925464970229,-11.512925464970229
-11.512925464970229,-5.0091844,-0.009184436,-6.2591844,-11.512925464970229
-11.512925464970229,-0.82601756,-0.57601756,-9.951017,-11.512925464970229
-11.512925464970229,-5.6521873,-0.027187493,-3.7771876,-11.512925464970229
-11.512925464970229,-1.1370667,-0.3870667199999999,-9.387067,-11.512925464970229
-6.8941736,-0.019173624,-4.0191736,-11.512925464970229,-11.512925464970229
-7.1289926,-0.0039925617,-5.7539926,-11.512925464970229,-11.512925464970229
-3.0491233,-0.049123205,-7.5491233,-11.512925464970229,-11.512925464970229
-11.512925464970229,-3.0568402,-0.05684012,-4.80684,-11.512925464970229
-10.637323,-0.3873234399999999,-1.1373234,-10.262323,-11.512925464970229
-1.5020598,-0.2520598199999999,-9.00206,-11.512925464970229,-11.512925464970229
-3.5310411,-0.03104105,-6.656041,-11.512925464970229,-11.512925464970229
-5.879505,-0.0045053692999999,-6.379505,-11.512925464970229,-11.512925464970229
-7.1439676,-0.01896743,-4.0189676,-11.512925464970229,-11.512925464970229
-5.259298,-0.0092979379999999,-5.509298,-11.512925464970229,-11.512925464970229
-11.512925464970229,-5.552509,-0.0525090659999999,-3.052509,-11.512925464970229
-6.2541175,-0.004117342,-6.1291175,-11.512925464970229,-11.512925464970229
-2.3505526,-0.1005524499999999,-7.9755526,-11.512925464970229,-11.512925464970229
-11.512925464970229,-6.4001083,-0.025108347,-3.7751083,-11.512925464970229
-11.512925464970229,-5.0298443,-0.029844325,-3.7798443,-11.512925464970229
-8.878324,-0.0033233883,-5.7533236,-11.512925464970229,-11.512925464970229
-11.512925464970229,-9.475351,-0.1003515939999999,-2.3503516,-11.512925464970229
-6.261672,-0.0116720199999999,-4.636672,-11.512925464970229,-11.512925464970229
-11.512925464970229,-2.1285768,-0.1285768,-6.5035768,-11.512925464970229
-11.512925464970229,-6.205942,-0.0809421839999999,-2.5809422,-11.512925464970229
-11.512925464970229,-3.2886903,-0.0386903619999999,-7.5386906,-11.512925464970229
-7.2992787,-0.0492788,-3.0492787,-11.512925464970229,-11.512925464970229
-0.4741174999999999,-0.9741175,-10.349117,-11.512925464970229,-11.512925464970229
-8.273526,-0.023526018,-3.773526,-11.512925464970229,-11.512925464970229
-1.1369426,-0.3869426000000001,-10.136943,-11.512925464970229,-11.512925464970229
-11.512925464970229,-5.7650943,-0.015094263,-4.5150943,-11.512925464970229
-11.512925464970229,-6.189036,-0.0640357059999999,-2.8140357,-11.512925464970229
-7.53858,-0.0385800259999999,-3.28858,-11.512925464970229,-11.512925464970229
-8.898396,-0.023395954,-3.773396,-11.512925464970229,-11.512925464970229
-11.512925464970229,-7.0780354,-0.5780355300000001,-0.8280355299999999,-8.703035
-11.512925464970229,-11.512925464970229,-3.5436397,-0.04363959,-4.2936397
-0.5759972300000001,-0.82599723,-10.075997,-11.512925464970229,-11.512925464970229
-0.0031941128,-5.7531943,-11.512925464970229,-11.512925464970229,-11.512925464970229
-5.510773,-0.010773194,-5.010773,-11.512925464970229,-11.512925464970229
-11.512925464970229,-6.0256763,-0.025676439,-3.7756765,-11.512925464970229
-11.512925464970229,-7.813717,-0.3137167999999999,-1.3137168,-10.188717
-8.377444,-0.25244415,-1.5024441,-9.002444,-11.512925464970229
-3.2886653,-0.0386653599999999,-7.4136653,-11.512925464970229,-11.512925464970229
-5.510777,-0.0107770869999999,-5.010777,-11.512925464970229,-11.512925464970229
-10.252094,-0.25209466,-1.5020946,-10.002094,-11.512925464970229
-4.5120745,-0.012074674,-6.8870745,-11.512925464970229,-11.512925464970229
-0.4741461599999999,-0.9741461,-9.974146,-11.512925464970229,-11.512925464970229
-8.252279,-0.252279,-1.502279,-9.377279,-11.512925464970229
-2.8149583,-0.06495831,-5.814958,-11.512925464970229,-11.512925464970229
-11.512925464970229,-3.2889504,-0.038950436,-7.5389504,-11.512925464970229
-10.724214,-0.47421378,-0.9742138,-9.224214,-11.512925464970229
-11.512925464970229,-5.2620106,-0.0120106079999999,-5.0120106,-11.512925464970229
-11.512925464970229,-4.513862,-0.013861994,-7.013862,-11.512925464970229
-2.5796425,-0.0796426099999999,-7.204643,-11.512925464970229,-11.512925464970229
-6.899292,-0.024291905,-3.774292,-11.512925464970229,-11.512925464970229
-11.512925464970229,-4.021285,-0.0212849559999999,-5.771285,-11.512925464970229
-11.512925464970229,-6.3519998,-0.10199953,-2.3519995,-11.101999
-11.512925464970229,-6.1304545,-0.0054544285,-5.7554545,-11.512925464970229
-7.5238667,-0.02386644,-3.7738664,-11.512925464970229,-11.512925464970229
-4.887211,-0.0122108149999999,-5.387211,-11.512925464970229,-11.512925464970229
-11.512925464970229,-1.5026283,-0.2526283299999999,-7.7526283,-11.512925464970229
-1.0325924000002588e-05,-11.5000105,-11.512925464970229,-11.512925464970229,-11.512925464970229
-1.7025042,-0.20250414,-6.827504,-11.512925464970229,-11.512925464970229
-5.954151,-0.20415132,-1.7041513,-9.079151,-11.512925464970229
-0.5761368,-0.8261368,-8.576137,-11.512925464970229,-11.512925464970229
-8.752217,-0.1272169199999999,-2.1272168,-9.627217,-11.512925464970229
-5.637192,-0.012191617,-4.762192,-11.512925464970229,-11.512925464970229
-11.512925464970229,-3.566798,-0.06679798,-3.316798,-11.512925464970229
-11.512925464970229,-4.265622,-0.015622299,-6.765622,-11.512925464970229
-0.69556665,-0.69556665,-6.0705667,-11.512925464970229,-11.512925464970229
-11.512925464970229,-8.548933,-0.048933312,-3.0489333,-11.512925464970229
-0.16028506,-1.910285,-9.785285,-11.512925464970229,-11.512925464970229
-11.512925464970229,-6.8279905,-0.57799053,-0.82799053,-6.9529905
-11.512925464970229,-5.584945,-0.08494504,-2.584945,-11.512925464970229
-0.0011716522,-6.7511716,-11.512925464970229,-11.512925464970229,-11.512925464970229
-2.1278582,-0.1278582799999999,-7.002858,-11.512925464970229,-11.512925464970229
-0.00071207434,-7.250712,-11.512925464970229,-11.512925464970229,-11.512925464970229
-2.812273,-0.0622730739999999,-8.187273,-11.512925464970229,-11.512925464970229
-2.127338,-0.1273379499999999,-7.877338,-11.512925464970229,-11.512925464970229
-3.0502226,-0.0502227139999999,-6.425223,-11.512925464970229,-11.512925464970229
-1.1369962,-0.38699612,-9.011996,-11.512925464970229,-11.512925464970229
-1.5022042,-0.2522041499999999,-8.252204,-11.512925464970229,-11.512925464970229
-6.0094376,-0.0094376589999999,-5.0094376,-11.512925464970229,-11.512925464970229
-11.512925464970229,-5.270799,-0.0207991399999999,-4.270799,-11.512925464970229
-11.512925464970229,-3.5306587,-0.0306586469999999,-7.9056587,-11.512925464970229
-11.512925464970229,-3.0492709,-0.049270973,-7.549271,-11.512925464970229
-7.7884703,-0.0384703649999999,-3.2884703,-11.512925464970229,-11.512925464970229
-8.002442,-0.2524424799999999,-1.5024425,-8.877442,-11.512925464970229
-8.443647,-0.6936477,-0.6936477,-8.318647,-11.512925464970229
-9.377064,-0.12706335,-2.1270633,-10.627064,-11.512925464970229
-4.2652493,-0.015249127,-6.8902493,-11.512925464970229,-11.512925464970229
-0.0002975663999999,-8.125298,-11.512925464970229,-11.512925464970229,-11.512925464970229
-8.143457,-0.0184577739999999,-4.018458,-11.512925464970229,-11.512925464970229
-6.879307,-0.004306922,-5.754307,-11.512925464970229,-11.512925464970229
-11.512925464970229,-7.8900228,-0.0150228794999999,-4.2650228,-11.512925464970229
-11.512925464970229,-10.696988,-0.6969878,-0.6969878,-11.512925464970229
-11.0789795,-0.07897968,-2.5789797,-11.512925464970229,-11.512925464970229
-11.318701,-0.69370115,-0.69370115,-9.943701,-11.512925464970229
-10.53548,-0.1604795199999999,-1.9104795,-9.16048,-11.512925464970229
-9.410459,-0.16045839,-1.9104583,-9.285459,-11.512925464970229
-11.512925464970229,-0.82644325,-0.5764432500000001,-10.576444,-11.512925464970229
-8.910438,-0.16043788,-1.9104378,-10.160438,-11.512925464970229
-8.663235,-0.0382350719999999,-3.2882352,-11.512925464970229,-11.512925464970229
-11.512925464970229,-6.6328583,-0.0078584649999999,-5.3828583,-11.512925464970229
-11.512925464970229,-5.4181046,-0.0431046999999999,-3.2931046,-11.293105
-11.512925464970229,-5.878378,-0.0033779268,-7.628378,-11.512925464970229
-4.5122485,-0.012248383,-6.7622485,-11.512925464970229,-11.512925464970229
-3.530174,-0.03017403,-7.7801743,-11.512925464970229,-11.512925464970229
-11.512925464970229,-0.9744338,-0.4744337799999999,-9.099434,-11.512925464970229
-0.023249088,-3.7732491,-11.512925464970229,-11.512925464970229,-11.512925464970229
-3.5300908,-0.030090747,-8.03009,-11.512925464970229,-11.512925464970229
-11.512925464970229,-7.327118,-0.20211804,-1.702118,-11.512925464970229
-9.887112,-0.3871117,-1.1371117,-8.762112,-11.512925464970229
-9.377104,-0.1271036399999999,-2.1271036,-11.127104,-11.512925464970229
-11.512925464970229,-1.9107516,-0.1607515799999999,-8.410751,-11.512925464970229
-11.512925464970229,-8.224421,-0.4744205199999999,-0.97442055,-11.224421
-11.512925464970229,-5.013424,-0.0134237349999999,-5.013424,-11.512925464970229
-0.3132961,-1.3132961,-10.313296,-11.512925464970229,-11.512925464970229
-11.512925464970229,-6.938912,-0.06391213,-2.8139122,-11.512925464970229
-11.512925464970229,-6.924593,-0.0495930719999999,-3.049593,-11.512925464970229
-11.512925464970229,-7.2259593,-0.10095943,-2.3509595,-11.512925464970229
-11.512925464970229,-6.519783,-0.019782841,-4.019783,-11.512925464970229
-8.877383,-0.2523833999999999,-1.5023835,-8.502383,-11.512925464970229
-7.655269,-0.0302692069999999,-3.5302691,-11.512925464970229,-11.512925464970229
-11.512925464970229,-1.3137702,-0.3137701699999999,-7.9387703,-11.512925464970229
-4.2658434,-0.01584361,-6.3908434,-11.512925464970229,-11.512925464970229
-4.8950276,-0.020027548,-4.3950276,-11.512925464970229,-11.512925464970229
-11.512925464970229,-1.5021331,-0.2521332,-8.627133,-11.512925464970229
-11.512925464970229,-7.663523,-0.03852337,-3.2885234,-11.512925464970229
-9.285347,-0.1603470899999999,-1.9103471,-11.160347,-11.512925464970229
-11.512925464970229,-8.877231,-0.2522309399999999,-1.5022309,-11.512925464970229
-11.512925464970229,-7.9517817,-0.20178178,-1.7017817,-11.512925464970229
-11.512925464970229,-5.2573323,-0.0073323482999999,-6.2573323,-11.512925464970229
-5.1489835,-0.0239836459999999,-4.0239835,-11.512925464970229,-11.512925464970229
-11.512925464970229,-5.256659,-0.0066591306,-6.756659,-11.512925464970229
-11.512925464970229,-4.0196304,-0.0196304199999999,-6.5196304,-11.512925464970229
-11.512925464970229,-7.1277437,-0.12774351,-2.1277435,-11.512925464970229
-11.512925464970229,-4.019223,-0.0192229839999999,-6.894223,-11.512925464970229
-11.512925464970229,-0.9742043,-0.4742042699999999,-9.349204,-11.512925464970229
-9.079018,-0.079017356,-2.5790174,-11.512925464970229,-11.512925464970229
-4.6362476,-0.0112475249999999,-6.5112476,-11.512925464970229,-11.512925464970229
-10.849763,-0.9747632000000002,-0.4747632,-7.3497634,-11.512925464970229
-11.512925464970229,-6.531304,-0.031303924,-3.531304,-11.512925464970229
-10.628884,-2.1288843,-0.12888421,-6.2538843,-11.512925464970229
-11.512925464970229,-7.0628643,-0.06286442,-2.8128643,-11.512925464970229
-11.512925464970229,-6.531304,-0.031303924,-3.531304,-11.512925464970229
-11.512925464970229,-7.725834,-0.1008338899999999,-2.350834,-11.512925464970229
-11.512925464970229,-7.2021856,-0.8271856,-0.5771856,-8.577186
-11.512925464970229,-10.576052,-0.5760514,-0.8260514,-11.512925464970229
-9.188785,-0.31378445,-1.3137845,-8.438785,-11.512925464970229
-11.512925464970229,-3.2901497,-0.0401497099999999,-6.1651497,-11.512925464970229
-4.6701503,-0.17015013,-1.9201502,-9.29515,-11.512925464970229
-7.7633853,-1.1383854,-0.3883854,-7.1383853,-11.512925464970229
-11.512925464970229,-7.910643,-0.16064318,-1.9106432,-11.512925464970229
-11.512925464970229,-8.502164,-0.25216368,-1.5021636,-11.512925464970229
-11.512925464970229,-9.724535,-0.4745348700000001,-0.97453487,-11.512925464970229
-8.627177,-0.2521776599999999,-1.5021777,-9.752177,-11.512925464970229
-10.377013,-0.2520135,-1.5020134,-10.127013,-11.512925464970229
-11.512925464970229,-4.266243,-0.0162429209999999,-6.266243,-11.512925464970229
-11.512925464970229,-5.642772,-0.017772224,-4.267772,-11.512925464970229
-11.512925464970229,-11.512925464970229,-1.9105043,-0.16050439,-9.410504
-11.512925464970229,-7.8126326,-0.06263267,-2.8126326,-11.187633
-11.512925464970229,-8.56244,-0.0624402869999999,-2.8124404,-11.512925464970229
-11.512925464970229,-10.474677,-0.9746775,-0.4746775,-8.099677
-11.512925464970229,-11.512925464970229,-5.2562885,-0.0062887566,-6.8812885
-11.512925464970229,-2.1297467,-0.12974669,-5.879747,-11.512925464970229
-11.512925464970229,-11.512925464970229,-5.007344,-0.0073439422999999,-7.382344
-11.512925464970229,-11.512925464970229,-2.3509285,-0.100928515,-7.3509283
-11.512925464970229,-8.563742,-0.31374168,-1.3137417,-11.438742
-11.512925464970229,-10.313449,-0.31344932,-1.3134494,-11.512925464970229
-11.512925464970229,-1.7016835,-0.2016835699999999,-8.951684,-11.512925464970229
-11.512925464970229,-6.386616,-0.0116160649999999,-4.761616,-11.512925464970229
-10.943346,-0.69334555,-0.69334555,-8.943346,-11.512925464970229
-1.3134027,-0.3134027,-8.938403,-11.512925464970229,-11.512925464970229
-8.1606245,-0.16062419,-1.9106241,-11.0356245,-11.512925464970229
-10.9383545,-0.31335425,-1.3133543,-11.4383545,-11.512925464970229
-11.512925464970229,-2.8128772,-0.062877074,-7.062877,-11.512925464970229
-11.512925464970229,-8.140897,-1.1408972,-0.39089713,-5.6408973
-11.512925464970229,-7.3299546,-0.0799544199999999,-2.5799544,-11.454954
-11.512925464970229,-3.2902231,-0.0402231099999999,-6.290223,-11.512925464970229
-11.512925464970229,-9.161787,-0.16178662,-1.9117866,-11.512925464970229
-0.2521093,-1.5021093,-8.62711,-11.512925464970229,-11.512925464970229
-11.512925464970229,-11.512925464970229,-2.1274278,-0.12742779,-11.377428
-11.512925464970229,-2.1298976,-0.12989765,-7.6298976,-11.512925464970229
-11.512925464970229,-9.345582,-1.7205822,-0.2205822799999999,-3.9705822
-11.512925464970229,-2.8123999,-0.0623997499999999,-7.9374,-11.512925464970229
-11.512925464970229,-4.020302,-0.020301744,-6.270302,-11.512925464970229
-11.512925464970229,-2.350442,-0.100441836,-8.725442,-11.512925464970229
-11.512925464970229,-1.7019663,-0.2019662899999999,-7.9519663,-11.512925464970229
-6.51125,-0.0112498879999999,-4.63625,-11.512925464970229,-11.512925464970229
-11.512925464970229,-2.5795066,-0.0795065399999999,-7.5795064,-11.512925464970229
-0.4743162,-0.97431624,-8.349317,-11.512925464970229,-11.512925464970229
-0.16026597,-1.9102659,-10.285266,-11.512925464970229,-11.512925464970229
-0.029758822,-3.529759,-11.512925464970229,-11.512925464970229,-11.512925464970229
-4.3984976,-0.023497611,-4.5234976,-11.512925464970229,-11.512925464970229
-10.099344,-0.4743446,-0.9743446,-9.099344,-11.512925464970229
-11.512925464970229,-7.539262,-0.0392619069999999,-3.2892618,-11.512925464970229
-1.7028166,-0.2028166,-6.5778165,-11.512925464970229,-11.512925464970229
-11.512925464970229,-10.576025,-0.5760250999999998,-0.8260251,-10.951025
-11.512925464970229,-11.512925464970229,-1.1369593,-0.3869592799999999,-10.386959
-11.512925464970229,-11.512925464970229,-1.1369593,-0.3869592799999999,-10.386959
-11.512925464970229,-10.564539,-0.3145387,-1.3145387,-11.512925464970229
-0.57613504,-0.82613504,-8.576135,-11.512925464970229,-11.512925464970229
-11.512925464970229,-3.5304725,-0.0304725019999999,-7.2804723,-11.512925464970229
-4.759526,-0.0095257409999999,-7.009526,-11.512925464970229,-11.512925464970229
-11.512925464970229,-1.5030329,-0.2530329199999999,-8.628033,-11.512925464970229
-11.512925464970229,-11.512925464970229,-2.5794315,-0.079431556,-10.454432
-11.512925464970229,-11.512925464970229,-7.3827653,-0.00776527,-5.0077653
-11.512925464970229,-9.8269205,-0.2019207899999999,-1.7019207,-11.512925464970229
-11.512925464970229,-11.512925464970229,-2.1278596,-0.12785953,-10.877859
-11.512925464970229,-8.95449,-0.2044901,-1.7044901,-11.512925464970229
-11.512925464970229,-11.512925464970229,-8.204264,-0.07926395,-2.579264
-11.512925464970229,-11.512925464970229,-6.378736,-0.0037358261,-6.378736
-11.512925464970229,-2.1274314,-0.1274313499999999,-7.7524314,-11.512925464970229
-11.512925464970229,-11.512925464970229,-3.2885613,-0.038561445,-9.163562
-11.512925464970229,-11.512925464970229,-0.9754541,-0.47545406,-11.225454
-11.512925464970229,-11.512925464970229,-9.600458,-0.1004585499999999,-2.3504586
-11.512925464970229,-11.512925464970229,-2.1366913,-0.13669124,-10.636691
-11.512925464970229,-7.665895,-0.04089495,-3.290895,-11.512925464970229
-11.512925464970229,-6.506917,-0.0069170069999999,-7.131917,-11.512925464970229
-11.512925464970229,-0.8261731,-0.5761730999999999,-9.201173,-11.512925464970229
-0.25195196,-1.5019519,-10.751952,-11.512925464970229,-11.512925464970229
-11.512925464970229,-6.387745,-0.01274484,-4.512745,-11.512925464970229
-11.512925464970229,-4.763529,-0.013528996,-5.388529,-11.512925464970229
-11.512925464970229,-6.0139804,-0.0139804939999999,-4.5139804,-11.512925464970229
-11.512925464970229,-10.475328,-0.47532818,-0.9753282,-10.850328
-11.512925464970229,-4.760006,-0.0100059759999999,-6.635006,-11.512925464970229
-11.512925464970229,-5.8960123,-0.0210122019999999,-4.0210123,-11.512925464970229
-11.512925464970229,-7.6566844,-0.031684186,-3.5316842,-11.512925464970229
-7.517271999999665e-05,-9.500075,-11.512925464970229,-11.512925464970229,-11.512925464970229
-11.512925464970229,-11.512925464970229,-2.5793009,-0.07930084,-11.329301
-11.512925464970229,-0.97445965,-0.4744596799999999,-8.47446,-11.512925464970229
-11.512925464970229,-11.32739,-1.7023902,-0.20239013,-7.70239
-11.512925464970229,-11.512925464970229,-3.0493352,-0.0493351899999999,-8.4243355
-11.512925464970229,-1.9105326,-0.16053261,-8.160533,-11.512925464970229
-10.06211,-0.06211031,-2.8121104,-11.512925464970229,-11.512925464970229
-8.173897,-0.0488972139999999,-3.0488973,-11.512925464970229,-11.512925464970229
-1.7016048,-0.2016048399999999,-8.576605,-11.512925464970229,-11.512925464970229
-11.512925464970229,-5.522852,-0.02285173,-4.022852,-11.512925464970229
-11.512925464970229,-11.512925464970229,-4.5122895,-0.012289591,-6.7622895
-2.350555,-0.10055504,-7.975555,-11.512925464970229,-11.512925464970229
-0.0067164367,-5.0067163,-11.512925464970229,-11.512925464970229,-11.512925464970229
-11.512925464970229,-6.081195,-0.081194796,-2.5811949,-11.512925464970229
-11.512925464970229,-11.512925464970229,-3.531764,-0.0317640939999999,-6.281764
-11.512925464970229,-11.512925464970229,-2.8124425,-0.0624425369999999,-11.062443
-10.725036,-0.97503537,-0.47503537,-6.975035,-11.512925464970229
-11.512925464970229,-4.638429,-0.013429377,-5.638429,-11.512925464970229
-11.512925464970229,-10.762196,-1.1371956,-0.3871956,-10.012196
-11.512925464970229,-11.512925464970229,-3.773544,-0.023544068,-8.148544
-11.512925464970229,-6.00922,-0.009220344,-5.00922,-11.512925464970229
-11.512925464970229,-4.020391,-0.020391105,-6.145391,-11.512925464970229
-3.049575,-0.049575146,-6.9245753,-11.512925464970229,-11.512925464970229
-9.377052,-0.1270527399999999,-2.1270528,-10.377052,-11.512925464970229
-3.048918,-0.0489179899999999,-8.048918,-11.512925464970229,-11.512925464970229
-11.512925464970229,-4.0325365,-0.0325364839999999,-4.2825365,-11.512925464970229
-11.512925464970229,-3.7739124,-0.023912406,-8.148912,-11.512925464970229
-11.512925464970229,-3.2993593,-0.0493593659999999,-4.5493593,-11.512925464970229
-5.009875,-0.009874965,-5.759875,-11.512925464970229,-11.512925464970229
-6.1757097,-0.0507097399999999,-3.0507097,-11.512925464970229,-11.512925464970229
-11.512925464970229,-10.762679,-1.1376791,-0.3876791299999999,-9.387679
-8.939036,-0.3140365999999999,-1.3140366,-11.512925464970229,-11.512925464970229
-2.8149574,-0.06495742,-5.8149576,-11.512925464970229,-11.512925464970229
-11.512925464970229,-5.389664,-0.014664177,-4.639664,-11.512925464970229
-1.137668,-0.3876680399999999,-7.137668,-11.512925464970229,-11.512925464970229
-11.512925464970229,-10.563842,-1.3138415,-0.3138414299999999,-8.813842
-7.508163,-0.008162985,-4.883163,-11.512925464970229,-11.512925464970229
-11.512925464970229,-3.289744,-0.039743885,-6.539744,-11.512925464970229
-9.451725,-0.2017254499999999,-1.7017255,-10.451725,-11.512925464970229
-8.023614,-0.023614394,-3.7736144,-11.512925464970229,-11.512925464970229
-4.883688,-0.0086879679999999,-6.883688,-11.512925464970229,-11.512925464970229
-9.693487,-0.69348764,-0.69348764,-9.318487,-11.512925464970229
-5.303608,-0.0536077949999999,-3.0536077,-10.928608,-11.512925464970229
-5.6321898,-0.007189739,-5.6321898,-11.512925464970229,-11.512925464970229
-11.3273945,-1.702394,-0.2023940199999999,-7.077394,-11.512925464970229
-11.512925464970229,-1.5056185,-0.2556184499999999,-5.6306186,-11.512925464970229
-11.512925464970229,-8.437234,-0.062233638,-2.8122337,-11.512925464970229
-11.512925464970229,-11.512925464970229,-0.9746693,-0.4746692800000001,-10.974669
-6.5064716,-1.0064716,-0.5064716,-3.5064716,-8.131472
-11.512925464970229,-2.127417,-0.12741707,-7.752417,-11.512925464970229
-4.5891614,-0.0891616049999999,-2.5891616,-9.839162,-11.512925464970229
-11.512925464970229,-8.474823,-0.9748234,-0.4748234199999999,-7.5998235
-11.512925464970229,-10.252075,-0.2520753,-1.5020753,-11.512925464970229
-11.512925464970229,-1.313529,-0.313529,-8.813529,-11.512925464970229
-2.8122568,-0.0622568299999999,-8.187257,-11.512925464970229,-11.512925464970229
-4.0209227,-0.020922428,-5.8959227,-11.512925464970229,-11.512925464970229
-11.512925464970229,-11.512925464970229,-4.0190563,-0.0190560849999999,-8.144056
-11.512925464970229,-2.3673635,-0.1173633599999999,-4.1173635,-11.512925464970229
-11.512925464970229,-4.5150867,-0.0150868659999999,-5.5150867,-11.512925464970229
-11.512925464970229,-3.7846513,-0.034651227,-4.5346513,-11.512925464970229
-11.512925464970229,-11.512925464970229,-1.7019969,-0.20199688,-9.576997
-11.512925464970229,-5.256316,-0.0063162394999999,-6.881316,-11.512925464970229
-11.512925464970229,-7.8788624,-1.5038621,-0.25386217,-6.6288624
-11.512925464970229,-5.878948,-0.0039481482999999,-6.878948,-11.512925464970229
-11.512925464970229,-1.9117583,-0.1617583199999999,-6.9117584,-11.512925464970229
-3.7772977,-0.0272978129999999,-5.527298,-11.512925464970229,-11.512925464970229
-11.512925464970229,-6.515664,-0.01566419,-4.265664,-11.512925464970229
-11.512925464970229,-11.512925464970229,-4.513554,-0.013554046,-6.013554
-11.512925464970229,-5.0364246,-0.0364244699999999,-3.5364244,-11.512925464970229
-11.512925464970229,-7.010083,-0.010083277,-6.010083,-11.512925464970229
-5.6301126,-0.005112561,-6.5051126,-11.512925464970229,-11.512925464970229
-9.752016,-0.12701641,-2.1270163,-11.252016,-11.512925464970229
-11.512925464970229,-0.9743128,-0.4743128,-9.349313,-11.512925464970229
-11.512925464970229,-8.14414,-0.019140176,-4.0191402,-11.512925464970229
-11.512925464970229,-3.7763934,-0.02639331,-6.9013934,-11.512925464970229
-11.06364,-1.3136394,-0.31363943,-8.43864,-11.512925464970229
-11.512925464970229,-3.2891746,-0.0391744499999999,-8.289174,-11.512925464970229
-11.512925464970229,-4.884022,-0.0090220009999999,-7.259022,-11.512925464970229
-11.512925464970229,-7.0151753,-0.015175158,-4.8901753,-11.512925464970229
-11.512925464970229,-6.3820143,-0.0070143209999999,-5.2570143,-11.512925464970229
-6.162561,-0.16256092,-1.9125609,-8.41256,-11.512925464970229
-11.512925464970229,-4.018706,-0.018705614,-7.643706,-11.512925464970229
-11.512925464970229,-5.6314025,-0.0064023575,-6.1314025,-11.512925464970229
-11.512925464970229,-10.077117,-0.20211706,-1.7021171,-11.512925464970229
-11.512925464970229,-3.288672,-0.038671892,-7.663672,-11.512925464970229
-11.512925464970229,-8.656579,-0.031578854,-3.5315788,-11.512925464970229
-11.512925464970229,-3.7744107,-0.024410807,-7.3994107,-11.512925464970229
-11.512925464970229,-1.5021251,-0.25212514,-8.627125,-11.512925464970229
-1.3134212,-0.3134212499999999,-8.813421,-11.512925464970229,-11.512925464970229
-11.512925464970229,-7.850836,-0.1008356139999999,-2.3508356,-11.512925464970229
-11.512925464970229,-9.576998,-0.20199735,-1.7019974,-11.512925464970229
-11.512925464970229,-2.351278,-0.10127814,-7.4762783,-11.512925464970229
-11.512925464970229,-3.0500357,-0.0500356259999999,-7.1750355,-11.512925464970229
-11.512925464970229,-9.077617,-0.20261687,-1.7026169,-11.512925464970229
-11.512925464970229,-11.512925464970229,-7.2539206,-0.0039205994,-5.7539206
-11.512925464970229,-4.7592597,-0.009259553,-7.5092597,-11.512925464970229
-5.5062795,-0.1312793799999999,-2.1312795,-9.506279,-11.512925464970229
-11.512925464970229,-10.653154,-0.0281544549999999,-4.2781544,-11.512925464970229
-11.512925464970229,-11.512925464970229,-2.8126194,-0.06261935,-8.937619
-11.512925464970229,-11.512925464970229,-5.5083184,-0.008318581,-5.5083184
-11.512925464970229,-11.512925464970229,-2.1280012,-0.12800124,-10.128001
-6.0404434,-0.040443636,-3.2904437,-11.512925464970229,-11.512925464970229
-0.47416,-0.97415996,-10.09916,-11.512925464970229,-11.512925464970229
-11.512925464970229,-5.38383,-0.008830119,-5.63383,-11.512925464970229
-5.1345205,-0.0095203164999999,-5.6345205,-11.512925464970229,-11.512925464970229
-7.877778,-0.12777802,-2.127778,-11.252778,-11.512925464970229
-10.350157,-0.97515714,-0.4751571700000001,-8.100157,-11.512925464970229
-4.018392,-0.0183918869999999,-8.393392,-11.512925464970229,-11.512925464970229
-5.137617,-0.012617128,-5.012617,-11.512925464970229,-11.512925464970229
-5.7584743,-0.008474393,-5.2584743,-11.512925464970229,-11.512925464970229
-7.06305,-0.0630497859999999,-2.8130498,-10.813049,-11.512925464970229
-10.4391575,-1.3141572,-0.3141571999999999,-7.064157,-11.512925464970229
-4.7695756,-0.0195753689999999,-4.5195756,-11.512925464970229,-11.512925464970229
-9.252118,-0.2521178,-1.5021179,-10.752118,-11.512925464970229
-11.387697,-1.1376972,-0.3876971999999999,-7.262697,-11.512925464970229
-11.387697,-1.1376972,-0.3876971999999999,-7.262697,-11.512925464970229
-11.512925464970229,-0.9742645,-0.4742645000000001,-8.724264,-11.512925464970229
-2.1271088,-0.1271088999999999,-8.627109,-11.512925464970229,-11.512925464970229
-10.349334,-0.47433344,-0.9743334,-8.724334,-11.512925464970229
-5.6338325,-0.0088326049999999,-5.2588325,-11.512925464970229,-11.512925464970229
-2.127316,-0.1273159,-7.877316,-11.512925464970229,-11.512925464970229
-11.512925464970229,-4.278169,-0.0281690489999999,-4.278169,-11.512925464970229
-5.2693315,-0.0193314939999999,-4.2693315,-11.512925464970229,-11.512925464970229
-7.939348,-0.3143481,-1.3143481,-7.939348,-11.512925464970229
-3.77568,-0.0256800429999999,-6.02568,-11.512925464970229,-11.512925464970229
-11.512925464970229,-3.0529945,-0.052994546,-5.4279947,-11.512925464970229
-11.512925464970229,-1.9107254,-0.1607253799999999,-7.6607256,-11.512925464970229
-6.954859,-0.07985878,-2.5798588,-11.512925464970229,-11.512925464970229
-1.7026455,-0.2026455799999999,-6.702646,-11.512925464970229,-11.512925464970229
-7.7524195,-0.2524195000000001,-1.5024195,-9.752419,-11.512925464970229
-4.8911643,-0.0161642259999999,-4.7661643,-11.512925464970229,-11.512925464970229
-11.512925464970229,-5.5420012,-0.0420010129999999,-3.292001,-11.512925464970229
-11.512925464970229,-2.350641,-0.1006409599999999,-7.975641,-11.512925464970229
-11.224807,-0.4748063699999999,-0.97480637,-8.474807,-11.512925464970229
-0.57608175,-0.8260817500000001,-9.076082,-11.512925464970229,-11.512925464970229
-6.7997284,-0.0497285159999999,-3.0497286,-11.174728,-11.512925464970229
-6.1331115,-0.008111552,-5.1331115,-11.512925464970229,-11.512925464970229
-11.512925464970229,-1.1370364,-0.38703644,-9.137036,-11.512925464970229
-11.512925464970229,-11.512925464970229,-0.578249,-0.828249,-11.512925464970229
-11.512925464970229,-6.627936,-0.002935864,-7.127936,-11.512925464970229
-11.512925464970229,-4.265477,-0.015476974,-6.890477,-11.512925464970229
-11.512925464970229,-3.7781363,-0.0281361399999999,-7.9031363,-11.512925464970229
-11.512925464970229,-4.2648487,-0.014848475,-7.3898487,-11.512925464970229
-11.512925464970229,-10.039947,-0.039946083,-3.289946,-11.512925464970229
-11.099347,-0.9743475,-0.47434744,-8.599347,-11.512925464970229
-11.512925464970229,-11.335113,-0.08511278,-2.5851128,-11.512925464970229
-11.512925464970229,-10.637158,-0.3871580999999999,-1.1371582,-11.512925464970229
-11.512925464970229,-10.637158,-0.3871580999999999,-1.1371582,-11.512925464970229
-11.512925464970229,-8.0408,-0.0408001899999999,-3.5408,-11.512925464970229
-11.512925464970229,-9.451572,-0.20157267,-1.7015727,-11.512925464970229
-11.512925464970229,-1.3134133,-0.31341323,-9.188414,-11.512925464970229
-4.51384,-0.013840127,-5.88884,-11.512925464970229,-11.512925464970229
-11.068387,-0.6933874,-0.6933874,-9.068387,-11.512925464970229
-11.512925464970229,-11.512925464970229,-0.4740866399999999,-0.97408664,-11.512925464970229
-11.512925464970229,-5.261934,-0.011933681,-6.511934,-11.512925464970229
-11.512925464970229,-11.512925464970229,-0.4886208000000001,-0.98862076,-11.512925464970229
-11.512925464970229,-9.443258,-0.31825796,-1.3182579,-11.512925464970229
-11.512925464970229,-11.286375,-0.16137484,-1.9113748,-11.512925464970229
-11.512925464970229,-8.76481,-0.3898092,-1.1398091,-11.512925464970229
-11.512925464970229,-5.7623935,-0.0123934459999999,-4.7623935,-11.512925464970229
-2.825305,-0.07530489,-4.325305,-11.075305,-11.512925464970229
-1.7018611,-0.2018611699999999,-7.8268614,-11.512925464970229,-11.512925464970229
-11.512925464970229,-9.023461,-0.023461279,-3.7734613,-11.512925464970229
-11.512925464970229,-11.081951,-0.20695086,-1.7069509,-10.581951
-11.512925464970229,-1.1375394,-0.38753936,-8.762539,-11.512925464970229
-11.512925464970229,-11.036698,-0.1616983,-1.9116983,-11.512925464970229
-6.510131,-0.0101307239999999,-4.760131,-11.512925464970229,-11.512925464970229
-10.252113,-0.2521131,-1.5021131,-10.502113,-11.512925464970229
-0.8260583999999999,-0.5760584,-9.201058,-11.512925464970229,-11.512925464970229
-11.512925464970229,-11.512925464970229,-0.97460073,-0.4746007300000001,-11.224601
-11.512925464970229,-9.576846,-0.20184627,-1.7018462,-11.451846
-11.512925464970229,-7.0085278,-0.008527814,-5.0085278,-11.512925464970229
-11.4527645,-0.5777649999999999,-0.827765,-10.9527645,-11.512925464970229
-11.512925464970229,-9.12747,-0.12746975,-2.1274698,-11.512925464970229
-11.512925464970229,-0.97481465,-0.47481465,-8.724814,-11.512925464970229
-11.512925464970229,-7.271602,-0.0216023379999999,-4.021602,-11.512925464970229
-2.816945,-0.0669451499999999,-5.316945,-11.512925464970229,-11.512925464970229
-11.512925464970229,-5.258035,-0.008035159,-6.133035,-11.512925464970229
-0.2519643,-1.5019643,-10.376965,-11.512925464970229,-11.512925464970229
-11.512925464970229,-11.512925464970229,-1.9106191,-0.16061911,-8.535619
-11.512925464970229,-6.8791294,-0.004129219,-6.2541294,-11.512925464970229
-11.512925464970229,-1.5022533,-0.25225335,-8.127254,-11.512925464970229
-5.2593045,-0.0093046709999999,-5.5093045,-11.512925464970229,-11.512925464970229
-6.1382127,-0.013212822,-4.5132127,-11.512925464970229,-11.512925464970229
-6.758774,-0.008773635,-4.883774,-11.512925464970229,-11.512925464970229
-11.512925464970229,-8.579533,-0.07953295,-2.5795329,-11.512925464970229
-11.512925464970229,-9.202033,-0.20203261,-1.7020326,-11.512925464970229
-11.512925464970229,-1.138855,-0.38885498,-6.263855,-11.512925464970229
-11.512925464970229,-11.512925464970229,-0.974839,-0.474839,-10.724839
-10.3770075,-0.1270073799999999,-2.1270075,-10.2520075,-11.512925464970229
-11.512925464970229,-7.188826,-0.0638262499999999,-2.8138263,-11.512925464970229
-11.512925464970229,-11.512925464970229,-5.754419,-0.0044187247,-6.754419
-11.512925464970229,-8.314097,-0.3140978199999999,-1.3140979,-11.512925464970229
-11.512925464970229,-9.687435,-0.062435362,-2.8124354,-11.512925464970229
-11.512925464970229,-9.660578,-0.1605781,-1.9105781,-11.512925464970229
-11.512925464970229,-9.660578,-0.1605781,-1.9105781,-11.512925464970229
-11.512925464970229,-1.5026443,-0.25264436,-7.2526445,-11.512925464970229
-11.512925464970229,-1.1384088,-0.3884087500000001,-6.7634087,-11.512925464970229
-8.451692,-0.2016913599999999,-1.7016914,-9.951692,-11.512925464970229
-11.512925464970229,-7.1557584,-0.030758413,-3.5307584,-11.512925464970229
-11.512925464970229,-5.011326,-0.0113260309999999,-5.386326,-11.512925464970229
-11.512925464970229,-11.512925464970229,-5.5042877,-0.004287573,-9.879288
-11.512925464970229,-11.512925464970229,-4.264318,-0.014318044,-11.014318
-11.512925464970229,-11.512925464970229,-3.5299907,-0.029990684,-11.029991
-11.512925464970229,-6.260586,-0.0105858999999999,-4.760586,-11.512925464970229
-11.512925464970229,-7.9134393,-0.0384390499999999,-3.288439,-11.512925464970229
-11.512925464970229,-11.512925464970229,-4.264298,-0.014298196,-10.514298
-11.512925464970229,-9.002314,-0.1273137999999999,-2.1273139,-11.512925464970229
-11.512925464970229,-11.512925464970229,-4.2642426,-0.0142427189999999,-10.139243
-11.512925464970229,-10.688377,-0.3133769,-1.3133769,-11.512925464970229
-11.512925464970229,-11.512925464970229,-3.5299907,-0.029990684,-11.029991
-11.512925464970229,-11.512925464970229,-6.751797,-0.0017971579999999,-7.376797
-11.512925464970229,-11.512925464970229,-3.2882338,-0.03823381,-9.538234
-11.512925464970229,-1.9106222,-0.16062225,-8.160623,-11.512925464970229
-11.512925464970229,-8.764395,-0.014394781,-4.2643948,-11.512925464970229
-11.512925464970229,-11.512925464970229,-0.9741367,-0.47413668,-11.512925464970229
-0.9741589000000002,-0.4741589,-9.599159,-11.512925464970229,-11.512925464970229
-8.538783,-0.0387832599999999,-3.2887833,-11.512925464970229,-11.512925464970229
-11.512925464970229,-4.0214777,-0.0214778539999999,-6.0214777,-11.512925464970229
-11.512925464970229,-2.1273615,-0.1273614499999999,-7.8773613,-11.512925464970229
-5.1350045,-0.0100044449999999,-5.5100045,-11.512925464970229,-11.512925464970229
-11.512925464970229,-2.127792,-0.12779188,-8.127792,-11.512925464970229
-8.26249,-0.3874898299999999,-1.1374898,-8.76249,-11.512925464970229
-11.512925464970229,-7.889559,-0.0145585629999999,-4.264559,-11.512925464970229
-5.510002,-0.0100023209999999,-5.135002,-11.512925464970229,-11.512925464970229
-11.512925464970229,-7.9057283,-0.030728353,-3.5307283,-11.512925464970229
-6.937974,-0.0629740099999999,-2.812974,-11.437974,-11.512925464970229
-11.512925464970229,-2.5804982,-0.08049815,-6.455498,-11.512925464970229
-11.512925464970229,-0.5762975,-0.8262975,-8.326298,-11.512925464970229
-11.512925464970229,-1.7019924,-0.20199239,-7.8269925,-11.512925464970229
-11.438613,-1.3136132,-0.31361312,-8.063613,-11.512925464970229
-11.188309,-0.3133086,-1.3133086,-10.688309,-11.512925464970229
-0.47410512,-0.9741051,-10.599105,-11.512925464970229,-11.512925464970229
-11.512925464970229,-11.512925464970229,-5.508144,-0.0081437179999999,-5.508144
-11.512925464970229,-1.7017394,-0.20173939,-8.076739,-11.512925464970229
-11.512925464970229,-6.3284054,-0.8284052999999999,-0.5784053000000001,-7.5784054
-11.512925464970229,-9.443816,-2.8188162,-0.06881612,-5.068816
-11.512925464970229,-8.079383,-1.7043833,-0.20438322,-6.4543834
-11.512925464970229,-8.079303,-0.0793025,-2.5793025,-11.512925464970229
-11.512925464970229,-9.079171,-0.0791714499999999,-2.5791714,-11.512925464970229
-4.7695765,-0.0195764209999999,-4.5195765,-11.512925464970229,-11.512925464970229
-11.512925464970229,-3.2883477,-0.0383477319999999,-8.163348,-11.512925464970229
-11.512925464970229,-2.1276076,-0.1276075399999999,-7.3776073,-11.512925464970229
-11.512925464970229,-8.938846,-1.3138459,-0.3138458699999999,-7.8138456
-11.512925464970229,-11.512925464970229,-6.0050035,-0.0050034323,-6.0050035
-11.512925464970229,-10.127773,-0.1277728799999999,-2.1277728,-11.512925464970229
-4.763206,-0.01320612,-5.388206,-11.512925464970229,-11.512925464970229
-11.512925464970229,-1.1369832,-0.3869831000000001,-9.261983,-11.512925464970229
-0.061973844,-2.8119738,-11.512925464970229,-11.512925464970229,-11.512925464970229
-11.512925464970229,-1.1373844,-0.38738438,-7.7623844,-11.512925464970229
-10.637108,-0.387108,-1.137108,-9.887108,-11.512925464970229
-10.974355,-0.974355,-0.47435495,-8.974355,-11.512925464970229
-11.512925464970229,-3.774464,-0.024463855,-7.0244637,-11.512925464970229
-11.512925464970229,-4.0213223,-0.02132242,-5.7713223,-11.512925464970229
-11.512925464970229,-3.049436,-0.0494361739999999,-7.424436,-11.512925464970229
-11.512925464970229,-1.3140074,-0.3140074,-8.439008,-11.512925464970229
-5.9396567,-0.06465686,-2.814657,-10.314657,-11.512925464970229
-11.512925464970229,-5.257068,-0.0070681819999999,-6.382068,-11.512925464970229
-11.512925464970229,-2.3514497,-0.1014498299999999,-6.97645,-11.512925464970229
-11.512925464970229,-4.7618184,-0.0118182359999999,-5.7618184,-11.512925464970229
-11.512925464970229,-4.512962,-0.0129617449999999,-6.387962,-11.512925464970229
-10.474381,-0.4743810600000001,-0.9743811,-8.474381,-11.512925464970229
-3.28918,-0.039180066,-6.7891803,-11.512925464970229,-11.512925464970229
-9.326544,-0.20154382,-1.7015438,-10.201544,-11.512925464970229
-4.76031,-0.010310203,-6.38531,-11.512925464970229,-11.512925464970229
-6.006549,-0.006548871,-5.506549,-11.512925464970229,-11.512925464970229
-9.701915,-0.2019148499999999,-1.7019148,-10.576915,-11.512925464970229
-3.0489554,-0.04895544,-7.9239554,-11.512925464970229,-11.512925464970229
-6.887079,-0.0120786749999999,-4.512079,-11.512925464970229,-11.512925464970229
-8.564248,-0.3142485299999999,-1.3142486,-10.939248,-11.512925464970229
-11.512925464970229,-3.5357656,-0.0357655999999999,-5.1607656,-11.512925464970229
-11.512925464970229,-5.7763915,-0.026391447,-3.7763915,-11.512925464970229
-0.0297563929999999,-3.5297563,-11.512925464970229,-11.512925464970229,-11.512925464970229
-11.512925464970229,-2.1272624,-0.12726237,-9.627262,-11.512925464970229
-11.512925464970229,-3.7748249,-0.02482488,-6.524825,-11.512925464970229
-11.512925464970229,-6.130863,-0.005863025,-6.130863,-11.512925464970229
-10.076589,-0.20158875,-1.7015887,-11.512925464970229,-11.512925464970229
-4.5126586,-0.0126586829999999,-6.5126586,-11.512925464970229,-11.512925464970229
-0.0232624839999999,-3.7732625,-11.512925464970229,-11.512925464970229,-11.512925464970229
-0.5760537000000001,-0.8260537,-9.201054,-11.512925464970229,-11.512925464970229
-0.16023813,-1.9102381,-11.512925464970229,-11.512925464970229,-11.512925464970229
-11.512925464970229,-8.187653,-0.0626521559999999,-2.812652,-11.512925464970229
-7.53582,-0.16081978,-1.9108198,-10.66082,-11.512925464970229
-7.898922,-0.023921957,-3.773922,-11.512925464970229,-11.512925464970229
-11.512925464970229,-7.6274624,-0.2524626,-1.5024626,-11.512925464970229
-11.512925464970229,-9.035883,-0.16088292,-1.910883,-11.512925464970229
-11.512925464970229,-10.100373,-0.47537312,-0.97537315,-9.850373
-11.512925464970229,-7.394058,-0.019058079,-4.019058,-11.512925464970229
-0.0110630279999999,-4.511063,-11.511063,-11.512925464970229,-11.512925464970229
-11.512925464970229,-6.0044055,-0.0044055515999999,-6.3794055,-11.512925464970229
-9.201357,-0.8263573,-0.5763573,-8.326357,-11.512925464970229
-11.512925464970229,-9.035883,-0.16088292,-1.910883,-11.512925464970229
-11.512925464970229,-11.512925464970229,-1.3140279,-0.3140278799999999,-11.512925464970229
-11.512925464970229,-7.937684,-0.0626841799999999,-2.812684,-11.512925464970229
-11.512925464970229,-1.3136058,-0.3136058,-8.563606,-11.512925464970229
-11.512925464970229,-0.97425187,-0.4742518699999999,-8.724252,-11.512925464970229
-8.704138,-0.07913807,-2.579138,-11.454138,-11.512925464970229
-11.512925464970229,-3.291116,-0.0411160139999999,-5.791116,-11.512925464970229
-7.877443,-0.25244287,-1.5024428,-9.627443,-11.512925464970229
-4.767165,-0.0171649549999999,-4.767165,-11.512925464970229,-11.512925464970229
-7.2023,-0.20230015,-1.7023002,-10.2023,-11.512925464970229
-9.826336,-0.8263358999999999,-0.5763358999999999,-8.701336,-11.512925464970229
-9.4385605,-0.31356084,-1.3135608,-9.6885605,-11.512925464970229
-11.512925464970229,-5.2663493,-0.0163491779999999,-4.5163493,-11.512925464970229
-3.5453322,-0.04533231,-4.1703324,-11.512925464970229,-11.512925464970229
-11.512925464970229,-5.393731,-0.018731354,-4.268731,-11.512925464970229
-7.726072,-0.10107183,-2.3510718,-11.351071,-11.512925464970229
-11.512925464970229,-6.891336,-0.016335815,-4.266336,-11.512925464970229
-11.512925464970229,-10.076134,-0.82613415,-0.57613415,-11.512925464970229
-11.512925464970229,-4.514814,-0.014813936,-5.639814,-11.512925464970229
-11.512925464970229,-4.762755,-0.0127548389999999,-5.512755,-11.512925464970229
-11.512925464970229,-3.0502577,-0.05025763,-6.4252577,-11.512925464970229
-9.413373,-0.0383732019999999,-3.2883732,-11.512925464970229,-11.512925464970229
-11.512925464970229,-5.634558,-0.009558218,-5.759558,-11.512925464970229
-11.512925464970229,-8.81704,-0.06704025,-2.8170402,-11.512925464970229
-11.512925464970229,-5.2567167,-0.0067167943,-6.6317167,-11.512925464970229
-11.512925464970229,-4.763088,-0.0130882319999999,-7.013088,-11.512925464970229
-11.512925464970229,-6.8850193,-0.0100194364999999,-4.7600193,-11.512925464970229
-11.512925464970229,-8.37866,-0.12865981,-2.1286597,-11.512925464970229
-11.512925464970229,-10.295402,-0.045401562,-3.2954016,-11.512925464970229
-11.512925464970229,-1.9129529,-0.1629529599999999,-5.912953,-11.512925464970229
-11.512925464970229,-9.152869,-0.0278689469999999,-3.777869,-11.512925464970229
-11.512925464970229,-4.0198784,-0.0198784379999999,-6.3948784,-11.512925464970229
-11.512925464970229,-11.202748,-0.5777484,-0.8277484,-11.512925464970229
-11.512925464970229,-8.812708,-0.06270803,-2.8127081,-11.512925464970229
-11.512925464970229,-6.896799,-0.0217991299999999,-5.021799,-11.512925464970229
-11.512925464970229,-1.5036085,-0.25360847,-9.128609,-11.512925464970229
-11.512925464970229,-2.129944,-0.1299441499999999,-8.504944,-11.512925464970229
-5.6301517,-0.0051519236999999,-6.5051517,-11.512925464970229,-11.512925464970229
-11.512925464970229,-5.012327,-0.0123272749999999,-6.012327,-11.512925464970229
-11.512925464970229,-6.176266,-0.0512662099999999,-3.0512662,-11.512925464970229
-11.512925464970229,-3.0502388,-0.050238807,-6.8002386,-11.512925464970229
-11.512925464970229,-7.4066463,-0.0316460699999999,-3.531646,-11.512925464970229
-11.512925464970229,-5.383013,-0.0080128129999999,-5.758013,-11.512925464970229
-11.512925464970229,-7.5038133,-0.2538131,-1.503813,-11.512925464970229
-11.512925464970229,-6.136163,-0.011163366,-4.761163,-11.512925464970229
-3.0516253,-0.05162526,-5.8016253,-11.512925464970229,-11.512925464970229
-11.512925464970229,-4.0201316,-0.0201314169999999,-6.2701316,-11.512925464970229
-10.064279,-1.3142786,-0.31427857,-7.1892786,-11.512925464970229
-11.512925464970229,-6.055924,-0.055923853,-3.055924,-11.512925464970229
-11.512925464970229,-8.726429,-0.10142894,-2.351429,-11.512925464970229
-11.512925464970229,-1.5024074,-0.2524074,-8.377407,-11.512925464970229
-10.568261,-0.69326097,-0.69326097,-9.693261,-11.512925464970229
-8.812249,-0.06224887,-2.812249,-11.512925464970229,-11.512925464970229
-11.512925464970229,-0.9742683,-0.4742682999999999,-8.849268,-11.512925464970229
-11.512925464970229,-10.318544,-0.6935439,-0.6935439,-11.512925464970229
-11.512925464970229,-6.141863,-0.016862705,-4.266863,-11.512925464970229
-1.5036374,-0.2536374,-6.3786373,-11.512925464970229,-11.512925464970229
-11.512925464970229,-4.2669635,-0.0169633829999999,-6.2669635,-11.512925464970229
-11.512925464970229,-7.6749206,-0.04992064,-3.0499206,-11.512925464970229
-11.512925464970229,-10.252947,-1.5029469,-0.2529468199999999,-8.627947
-11.512925464970229,-11.440599,-0.31559935,-1.3155993,-11.512925464970229
-8.752208,-0.2522073000000001,-1.5022073,-9.127208,-11.512925464970229
-11.512925464970229,-2.1273973,-0.12739722,-8.502398,-11.512925464970229
-11.512925464970229,-5.75827,-0.0082697519999999,-5.50827,-11.512925464970229
-11.512925464970229,-11.512925464970229,-2.1273549,-0.12735493,-8.752355
-11.512925464970229,-11.512925464970229,-2.5793915,-0.079391584,-10.0793915
-11.512925464970229,-11.1890335,-0.3140338,-1.3140337,-11.512925464970229
-6.7744093,-0.024409525,-3.7744095,-11.512925464970229,-11.512925464970229
-10.06341,-0.3134101000000001,-1.31341,-10.43841,-11.512925464970229
-6.8782244,-0.0032241757,-6.1282244,-11.512925464970229,-11.512925464970229
-11.512925464970229,-10.95125,-0.5762496999999999,-0.8262497,-10.95125
-11.512925464970229,-6.4385943,-0.06359438,-2.8135943,-11.512925464970229
-11.512925464970229,-11.512925464970229,-1.1369796,-0.3869796,-9.38698
-11.512925464970229,-1.9104635,-0.16046347,-8.410463,-11.512925464970229
-11.512925464970229,-9.976615,-0.10161536,-2.3516154,-11.512925464970229
-11.512925464970229,-11.512925464970229,-6.0050683,-0.005068199,-6.0050683
-11.512925464970229,-6.635413,-0.0104131939999999,-4.760413,-11.512925464970229
-0.0052394452999999,-5.2552395,-11.512925464970229,-11.512925464970229,-11.512925464970229
-11.512925464970229,-1.9103885,-0.1603884199999999,-8.785388,-11.512925464970229
-11.512925464970229,-11.444776,-0.6947759,-0.6947759,-10.569776
-11.512925464970229,-11.512925464970229,-2.5791714,-0.0791714499999999,-8.204171
-11.512925464970229,-9.079749,-0.07974905,-2.579749,-11.512925464970229
-11.512925464970229,-6.1339006,-0.00890043,-5.2589006,-11.512925464970229
-6.1413226,-0.0163224449999999,-4.2663226,-11.512925464970229,-11.512925464970229
-11.512925464970229,-4.7611055,-0.011105711,-6.0111055,-11.512925464970229
-3.2884686,-0.03846853,-7.7884684,-11.512925464970229,-11.512925464970229
-8.002306,-0.1273064499999999,-2.1273065,-11.512925464970229,-11.512925464970229
-11.512925464970229,-7.379883,-0.004882908,-5.504883,-11.512925464970229
-7.8293133,-0.0793130599999999,-2.579313,-11.512925464970229,-11.512925464970229
-11.512925464970229,-4.018516,-0.018515933,-8.018516,-11.512925464970229
-4.270799,-0.020799022,-5.020799,-11.512925464970229,-11.512925464970229
-5.4092436,-0.034243513,-3.5342436,-11.512925464970229,-11.512925464970229
-11.512925464970229,-10.974538,-0.4745383,-0.9745383,-11.512925464970229
-0.014168919,-4.2641687,-11.512925464970229,-11.512925464970229,-11.512925464970229
-11.512925464970229,-5.2559605,-0.0059603224999999,-7.7559605,-11.512925464970229
-9.443308,-0.6933074,-0.6933074,-9.943308,-11.512925464970229
-11.512925464970229,-11.512925464970229,-3.049022,-0.049021855,-7.9240217
-11.512925464970229,-3.0491745,-0.049174614,-7.549175,-11.512925464970229
-7.038938,-0.0389379369999999,-3.288938,-11.512925464970229,-11.512925464970229
-11.512925464970229,-4.264849,-0.0148492949999999,-7.389849,-11.512925464970229
-7.413668,-0.0386680029999999,-3.288668,-11.512925464970229,-11.512925464970229
-11.512925464970229,-2.350636,-0.1006360049999999,-8.225636,-11.512925464970229
-8.410529,-0.16052917,-1.9105291,-9.910529,-11.512925464970229
-11.512925464970229,-4.7597976,-0.00979753,-6.7597976,-11.512925464970229
-4.2672997,-0.017299704,-5.7672997,-11.512925464970229,-11.512925464970229
-7.5025115,-0.12751172,-2.1275117,-10.627512,-11.512925464970229
-11.512925464970229,-5.3856063,-0.0106063069999999,-5.1356063,-11.512925464970229
-11.512925464970229,-2.350883,-0.10088304,-7.350883,-11.512925464970229
-11.512925464970229,-11.512925464970229,-1.704365,-0.2043650399999999,-11.512925464970229
-11.512925464970229,-11.512925464970229,-3.773874,-0.02387412,-11.023874
-11.512925464970229,-11.512925464970229,-0.97583675,-0.47583675,-11.512925464970229
-11.512925464970229,-4.5135164,-0.013516294,-6.0135164,-11.512925464970229
-11.512925464970229,-7.4379625,-0.0629625999999999,-2.8129625,-11.512925464970229
-11.512925464970229,-8.405344,-0.030344266,-3.5303442,-11.512925464970229
-11.512925464970229,-6.2538614,-0.003861236,-6.2538614,-11.512925464970229
-7.392117,-0.0171167939999999,-4.142117,-11.512925464970229,-11.512925464970229
-11.326074,-0.5760736000000001,-0.8260736,-9.951074,-11.512925464970229
-11.512925464970229,-8.160605,-0.1606056999999999,-1.9106057,-11.512925464970229
-11.512925464970229,-9.318602,-0.6936013,-0.6936013,-8.818602
-11.512925464970229,-2.127584,-0.1275840299999999,-7.377584,-11.512925464970229
-11.512925464970229,-6.6561937,-0.031193584,-3.5311935,-11.512925464970229
-11.512925464970229,-9.445273,-0.6952738,-0.6952738,-7.695274
-11.512925464970229,-2.3525772,-0.1025771,-6.102577,-11.512925464970229
-11.512925464970229,-7.3271985,-0.20219868,-1.7021987,-10.202199
-11.512925464970229,-11.512925464970229,-4.264633,-0.0146333959999999,-7.889633
-5.029854,-0.0298540399999999,-3.779854,-10.904854,-11.512925464970229
-11.512925464970229,-5.0137196,-0.0137194919999999,-5.0137196,-11.512925464970229
-11.512925464970229,-8.701695,-0.57669526,-0.82669526,-8.576695
-11.512925464970229,-8.099922,-0.4749224999999999,-0.97492254,-9.224922
-11.512925464970229,-11.313947,-1.3139467,-0.31394672,-11.512925464970229
-9.688476,-0.31347564,-1.3134756,-9.188476,-11.512925464970229
-11.512925464970229,-7.549219,-0.04921933,-3.0492194,-11.512925464970229
-11.512925464970229,-5.0134344,-0.013434555,-5.0134344,-11.512925464970229
-11.512925464970229,-0.97446847,-0.4744684399999999,-8.599468,-11.512925464970229
-11.512925464970229,-11.512925464970229,-2.3541408,-0.1041408399999999,-5.8541408
-11.512925464970229,-11.512925464970229,-2.3541408,-0.1041408399999999,-5.8541408
-11.512925464970229,-10.262734,-0.38773414,-1.1377342,-10.387734
-11.512925464970229,-11.512925464970229,-2.3541408,-0.1041408399999999,-5.8541408
-11.512925464970229,-11.512925464970229,-1.3138033,-0.3138033,-10.938804
-11.512925464970229,-7.689991,-0.3149910999999999,-1.3149911,-10.564991
-11.512925464970229,-4.511893,-0.0118929179999999,-8.136893,-11.512925464970229
-11.512925464970229,-2.8153899,-0.06538976,-5.6903896,-11.512925464970229
-11.512925464970229,-4.5114007,-0.011400878,-8.386401,-11.512925464970229
-11.512925464970229,-4.2714815,-0.021481706,-5.0214815,-11.512925464970229
-11.512925464970229,-10.814743,-1.3147428,-0.3147427400000001,-6.6897426
-11.512925464970229,-7.0286503,-0.02865049,-3.7786505,-11.512925464970229
-11.512925464970229,-5.258627,-0.0086267519999999,-5.758627,-11.512925464970229
-11.512925464970229,-6.129225,-0.0042248974,-6.629225,-11.512925464970229
-8.45169,-0.2016897,-1.7016897,-9.95169,-11.512925464970229
-10.262459,-0.3874584999999999,-1.1374586,-9.512459,-11.512925464970229
-11.512925464970229,-1.9108436,-0.16084355,-7.5358434,-11.512925464970229
-11.512925464970229,-4.761483,-0.011483137,-5.886483,-11.512925464970229
-11.512925464970229,-2.843692,-0.0936921299999999,-3.593692,-11.512925464970229
-6.2629848,-0.0129846789999999,-4.5129848,-11.512925464970229,-11.512925464970229
-10.828115,-0.5781151,-0.8281150999999999,-7.953115,-11.512925464970229
-11.512925464970229,-9.328843,-0.82884276,-0.57884276,-8.453843
-11.512925464970229,-5.2605367,-0.0105365939999999,-5.2605367,-11.512925464970229
-8.688608,-0.3136084999999999,-1.3136085,-8.688608,-11.512925464970229
-11.512925464970229,-7.9760523,-0.1010523199999999,-2.3510523,-11.512925464970229
-11.512925464970229,-4.2727656,-0.022765733,-4.7727656,-11.512925464970229
-11.512925464970229,-8.951698,-0.5766983,-0.8266983,-9.951698
-11.512925464970229,-9.878911,-0.2539106599999999,-1.5039107,-11.512925464970229
-6.95247,-0.2024697699999999,-1.7024698,-9.32747,-11.512925464970229
-11.512925464970229,-2.1273801,-0.12738013,-7.7523804,-11.512925464970229
-7.7043676,-0.07936769,-2.5793676,-10.954368,-11.512925464970229
-10.849515,-0.47451463,-0.9745146,-9.224515,-11.512925464970229
-10.387613,-1.1376135,-0.3876135,-8.512613,-11.512925464970229
-11.512925464970229,-3.049287,-0.04928708,-7.799287,-11.512925464970229
-11.512925464970229,-0.6937352,-0.6937352,-8.068735,-11.512925464970229
-11.188361,-0.31336114,-1.3133612,-11.188361,-11.512925464970229
-11.512925464970229,-6.5084233,-0.0084234409999999,-5.2584233,-11.512925464970229
-11.512925464970229,-7.0150876,-0.0150875659999999,-4.2650876,-11.512925464970229
-11.512925464970229,-3.0497127,-0.0497126399999999,-8.299712,-11.512925464970229
-2.3590515,-0.1090515599999999,-4.7340517,-11.512925464970229,-11.512925464970229
-11.512925464970229,-9.879455,-0.2544545200000001,-1.5044545,-11.512925464970229
-11.512925464970229,-6.13191,-0.0069100255999999,-6.25691,-11.512925464970229
-11.512925464970229,-7.261775,-0.0117748779999999,-4.511775,-11.512925464970229
-11.512925464970229,-7.511972,-0.011971848,-4.511972,-11.512925464970229
-11.439038,-1.314038,-0.31403798,-8.439038,-11.512925464970229
-11.319922,-0.6949226,-0.6949226,-9.194922,-11.512925464970229
-11.512925464970229,-0.5761489000000001,-0.8261489,-10.076149,-11.512925464970229
-7.1463704,-0.0213706229999999,-3.8963706,-11.512925464970229,-11.512925464970229
-11.512925464970229,-0.5760416000000002,-0.8260416,-10.326041,-11.512925464970229
-11.512925464970229,-4.7613645,-0.0113643315,-6.0113645,-11.512925464970229
-11.512925464970229,-1.3136103,-0.31361032,-8.68861,-11.512925464970229
-11.512925464970229,-6.005786,-0.00578587,-5.755786,-11.512925464970229
-10.262885,-0.38788533,-1.1378853,-8.637885,-11.512925464970229
-11.512925464970229,-7.1492076,-0.024207545,-3.7742076,-11.512925464970229
-11.512925464970229,-8.326757,-0.20175703,-1.7017571,-11.512925464970229
-1.506006,-0.25600594,-5.506006,-11.512925464970229,-11.512925464970229
-11.512925464970229,-5.5059543,-0.0059542762999999,-6.5059543,-11.512925464970229
-11.512925464970229,-7.1309004,-0.005900473,-5.6309004,-11.512925464970229
-11.512925464970229,-11.512925464970229,-3.2885,-0.038499963,-8.6635
-11.512925464970229,-1.313707,-0.3137070199999999,-7.938707,-11.512925464970229
-11.512925464970229,-4.5119023,-0.0119024629999999,-7.7619023,-11.512925464970229
-11.512925464970229,-0.97444737,-0.47444737,-9.474447,-11.512925464970229
-8.704074,-0.07907375,-2.5790737,-11.512925464970229,-11.512925464970229
-11.512925464970229,-1.7023128,-0.2023128099999999,-8.452312,-11.512925464970229
-11.512925464970229,-5.3835754,-0.008575216,-5.8835754,-11.512925464970229
-11.512925464970229,-9.002437,-0.25243646,-1.5024364,-11.512925464970229
-11.512925464970229,-8.544854,-0.16985445,-1.9198544,-11.419854
-11.512925464970229,-5.390847,-0.0158470119999999,-4.515847,-11.512925464970229
-11.512925464970229,-9.068399,-0.0683996159999999,-2.8183997,-11.512925464970229
-6.425259,-0.0502591019999999,-3.050259,-11.050259,-11.512925464970229
-11.512925464970229,-11.512925464970229,-1.9111212,-0.1611213,-11.286121
-1.7037096,-0.20370966,-6.0787096,-11.512925464970229,-11.512925464970229
-11.512925464970229,-11.512925464970229,-1.137112,-0.38711205,-11.512925464970229
-8.048931,-0.048931044,-3.0489311,-11.512925464970229,-11.512925464970229
-9.701903,-0.5769031600000001,-0.82690316,-8.076903,-11.512925464970229
-11.512925464970229,-1.1370281,-0.3870281,-9.512028,-11.512925464970229
-11.512925464970229,-7.0102224,-0.0102225259999999,-4.7602224,-11.512925464970229
-11.350127,-0.4751270699999999,-0.9751271,-9.225127,-11.512925464970229
-11.512925464970229,-2.1288383,-0.1288383,-6.3788385,-11.512925464970229
-0.8260265,-0.5760264999999999,-9.451027,-11.512925464970229,-11.512925464970229
-11.512925464970229,-2.8128998,-0.06289992,-7.6879,-11.512925464970229
-9.562073,-0.062072553,-2.8120725,-11.512925464970229,-11.512925464970229
-11.512925464970229,-1.1383576,-0.38835764,-9.138357,-11.512925464970229
-11.512925464970229,-2.3507335,-0.10073354,-8.100734,-11.512925464970229
-11.512925464970229,-1.1429557,-0.3929557,-8.642956,-11.512925464970229
-5.6410723,-0.016072143,-4.3910723,-11.512925464970229,-11.512925464970229
-11.512925464970229,-2.5797439,-0.0797438799999999,-7.079744,-11.512925464970229
-8.660519,-0.1605189,-1.9105189,-9.785519,-11.512925464970229
-11.512925464970229,-4.8867083,-0.011708428,-5.8867083,-11.512925464970229
-11.512925464970229,-1.1374589,-0.3874589199999999,-8.887459,-11.512925464970229
-11.512925464970229,-3.049637,-0.04963698,-6.924637,-11.512925464970229
-11.512925464970229,-2.580189,-0.080189034,-6.830189,-11.512925464970229
-1.502181,-0.25218108,-8.752181,-11.512925464970229,-11.512925464970229
-7.3882823,-0.013282344,-4.3882823,-11.512925464970229,-11.512925464970229
-0.048593387,-3.0485933,-11.512925464970229,-11.512925464970229,-11.512925464970229
-2.579109,-0.0791089899999999,-8.454109,-11.512925464970229,-11.512925464970229
-11.512925464970229,-4.511973,-0.0119727909999999,-7.511973,-11.512925464970229
-11.512925464970229,-5.7557425,-0.0057423752999999,-6.0057425,-11.512925464970229
-5.1341186,-0.0091185149999999,-5.7591186,-11.512925464970229,-11.512925464970229
-3.7739508,-0.023950823,-7.273951,-11.512925464970229,-11.512925464970229
-11.512925464970229,-1.9105499,-0.16054986,-8.16055,-11.512925464970229
-11.512925464970229,-4.7598295,-0.0098296409999999,-6.7598295,-11.512925464970229
-11.512925464970229,-2.5795748,-0.079574786,-7.4545746,-11.512925464970229
-11.512925464970229,-5.634687,-0.009686922,-5.134687,-11.512925464970229
-11.512925464970229,-10.002886,-0.25288537,-1.5028853,-11.512925464970229
-11.512925464970229,-1.3136408,-0.31364083,-7.9386406,-11.512925464970229
-11.512925464970229,-11.512925464970229,-1.5020483,-0.2520482499999999,-10.2520485
-11.512925464970229,-7.780779,-0.0307786869999999,-3.5307786,-11.512925464970229
-11.512925464970229,-3.5307767,-0.0307768399999999,-6.905777,-11.512925464970229
-6.3803263,-0.0053261429999999,-5.6303263,-11.512925464970229,-11.512925464970229
-8.048932,-0.0489316059999999,-3.0489316,-11.512925464970229,-11.512925464970229
-3.7738624,-0.0238623619999999,-7.3988624,-11.512925464970229,-11.512925464970229
-11.512925464970229,-11.512925464970229,-2.8123772,-0.062377118,-8.562377
-11.512925464970229,-7.656877,-0.0318769139999999,-3.5318768,-11.512925464970229
-11.512925464970229,-6.8796573,-0.0046573723999999,-6.2546573,-11.512925464970229
-11.512925464970229,-11.512925464970229,-1.9104729,-0.1604728099999999,-9.910473
-11.512925464970229,-11.512925464970229,-2.579377,-0.0793769359999999,-9.329377
-11.512925464970229,-3.776362,-0.026361845,-5.776362,-11.512925464970229
-11.512925464970229,-6.254885,-0.0048850462999999,-6.879885,-11.512925464970229
-11.512925464970229,-2.582339,-0.0823391149999999,-5.7073393,-11.512925464970229
-11.512925464970229,-5.2823253,-0.0323252859999999,-5.5323253,-11.512925464970229
-11.512925464970229,-9.877365,-0.12736523,-2.127365,-11.512925464970229
-11.512925464970229,-11.512925464970229,-1.3133497,-0.31334972,-10.18835
-11.512925464970229,-10.353298,-0.4782983999999999,-0.9782984,-11.512925464970229
-11.512925464970229,-1.3134305,-0.31343058,-9.438431,-11.512925464970229
-11.512925464970229,-11.512925464970229,-1.3138669,-0.31386685,-11.512925464970229
-8.312241,-0.06224092,-2.8122408,-11.512925464970229,-11.512925464970229
-7.905289,-0.030289106,-3.5302892,-11.512925464970229,-11.512925464970229
-11.512925464970229,-7.788656,-0.0386561859999999,-3.2886562,-11.512925464970229
-6.0410357,-0.0410358049999999,-3.291036,-11.512925464970229,-11.512925464970229
-11.512925464970229,-7.010196,-0.010196341,-5.510196,-11.512925464970229
-11.193818,-0.69381845,-0.69381845,-10.443818,-11.512925464970229
-9.451403,-0.5764027000000002,-0.8264027,-8.076403,-11.512925464970229
-11.512925464970229,-4.2659407,-0.015940519,-6.7659407,-11.512925464970229
-11.512925464970229,-5.5095224,-0.009522432,-5.2595224,-11.512925464970229
-3.3349595,-0.0849596,-3.0849595,-9.33496,-11.512925464970229
-11.512925464970229,-9.762791,-0.0127909809999999,-4.512791,-11.512925464970229
-11.512925464970229,-7.007304,-0.007304303,-5.257304,-11.512925464970229
-11.512925464970229,-11.512925464970229,-2.5818334,-0.0818333,-7.9568334
-11.512925464970229,-11.512925464970229,-2.350499,-0.1004989739999999,-10.850499
-8.826621,-0.2016214899999999,-1.7016215,-10.451621,-11.512925464970229
-10.7016115,-0.5766113,-0.8266113,-10.5766115,-11.512925464970229
-11.349319,-0.9743197999999998,-0.47431985,-8.849319,-11.512925464970229
-10.7524,-0.2524004299999999,-1.5024004,-10.0024,-11.512925464970229
-11.512925464970229,-11.512925464970229,-1.7069168,-0.20691682,-11.512925464970229
-11.512925464970229,-6.634948,-0.0099476799999999,-5.009948,-11.512925464970229
-11.512925464970229,-8.388186,-0.0131863539999999,-4.5131865,-11.512925464970229
-11.512925464970229,-11.512925464970229,-2.1272984,-0.12729825,-8.877298
-11.512925464970229,-6.5280747,-0.0280749439999999,-4.0280747,-11.512925464970229
-11.512925464970229,-11.512925464970229,-4.7600017,-0.0100017279999999,-7.0100017
-11.512925464970229,-5.6312423,-0.006242311,-6.6312423,-11.512925464970229
-11.512925464970229,-1.137094,-0.387094,-8.887094,-11.512925464970229
-11.512925464970229,-6.0049677,-0.0049678473999999,-6.7549677,-11.512925464970229
-11.512925464970229,-11.512925464970229,-3.2883673,-0.038367234,-8.788367
-11.512925464970229,-11.512925464970229,-4.265609,-0.0156089179999999,-8.140609
-11.512925464970229,-4.2666626,-0.01666272,-6.5166626,-11.512925464970229
-11.512925464970229,-8.147948,-0.0229485519999999,-4.2729487,-11.512925464970229
-11.512925464970229,-6.2556524,-0.0056522903,-5.7556524,-11.512925464970229
-11.512925464970229,-5.3808446,-0.005844651,-6.7558446,-11.512925464970229
-11.512925464970229,-1.1371967,-0.3871966999999999,-10.387197,-11.512925464970229
-11.512925464970229,-3.0490313,-0.0490312729999999,-7.9240313,-11.512925464970229
-7.9755735,-0.1005733699999999,-2.3505733,-10.850574,-11.512925464970229
-11.512925464970229,-3.530733,-0.030733097,-8.155733,-11.512925464970229
-11.512925464970229,-3.0494623,-0.0494623799999999,-7.1744623,-11.512925464970229
-11.512925464970229,-3.5308301,-0.0308301279999999,-6.90583,-11.512925464970229
-11.512925464970229,-5.0134063,-0.0134063204999999,-5.0134063,-11.512925464970229
-11.512925464970229,-5.5063515,-0.006351654,-6.1313515,-11.512925464970229
-0.02977028,-3.5297704,-11.02977,-11.512925464970229,-11.512925464970229
-11.512925464970229,-3.5315003,-0.03150042,-6.7815003,-11.512925464970229
-11.512925464970229,-6.1454725,-0.0204723979999999,-4.0204725,-11.512925464970229
-11.512925464970229,-6.7695,-0.0194996069999999,-4.0195,-11.512925464970229
-11.512925464970229,-4.0188813,-0.018881211,-7.2688813,-11.512925464970229
-9.826489,-0.20148917,-1.7014892,-11.201489,-11.512925464970229
-11.318232,-0.6932311,-0.6932311,-10.193232,-11.512925464970229
-11.512925464970229,-2.3505657,-0.10056572,-8.100566,-11.512925464970229
-0.16023478,-1.9102348,-11.512925464970229,-11.512925464970229,-11.512925464970229
-11.512925464970229,-9.349219,-0.4742193199999999,-0.9742193,-11.512925464970229
-11.512925464970229,-5.008774,-0.0087739889999999,-6.258774,-11.512925464970229
-11.512925464970229,-1.3136349,-0.3136348,-9.438635,-11.512925464970229
-11.512925464970229,-1.5023731,-0.25237313,-9.252373,-11.512925464970229
-11.512925464970229,-11.512925464970229,-2.3504412,-0.1004411899999999,-8.475441
-11.512925464970229,-11.512925464970229,-4.265201,-0.0152011099999999,-6.890201
-11.512925464970229,-4.0189557,-0.0189554969999999,-7.1439557,-11.512925464970229
-3.292907899973163e-06,-11.512925464970229,-11.512925464970229,-11.512925464970229,-11.512925464970229
-11.512925464970229,-1.1369288,-0.38692877,-10.511929,-11.512925464970229
-11.512925464970229,-6.2820415,-0.032041445,-3.5320415,-11.512925464970229
-11.512925464970229,-11.512925464970229,-2.5798485,-0.0798484399999999,-8.454848
-11.512925464970229,-3.0493693,-0.049369235,-7.5493693,-11.512925464970229
-5.5100055,-0.0100053839999999,-5.1350055,-11.512925464970229,-11.512925464970229
-11.512925464970229,-1.5020926,-0.2520926,-9.002092,-11.512925464970229
-11.193417,-0.6934165,-0.6934165,-9.193417,-11.512925464970229
-2.3506012,-0.1006012799999999,-7.850601,-11.512925464970229,-11.512925464970229
-9.535341,-0.1603411,-1.9103411,-11.410341,-11.512925464970229
-11.512925464970229,-4.2667823,-0.016782174,-6.6417823,-11.512925464970229
-5.389384,-0.0143838549999999,-4.639384,-11.512925464970229,-11.512925464970229
-11.512925464970229,-3.0496652,-0.0496651099999999,-6.924665,-11.512925464970229
-11.512925464970229,-4.26544,-0.0154398879999999,-7.14044,-11.512925464970229
-11.512925464970229,-3.2897892,-0.0397892559999999,-6.664789,-11.512925464970229
-11.512925464970229,-5.6323185,-0.00731827,-5.7573185,-11.512925464970229
-2.5868645,-0.08686449,-4.8368645,-11.461864,-11.512925464970229
-11.512925464970229,-5.7576723,-0.0076725184999999,-5.6326723,-11.512925464970229
-11.512925464970229,-3.289093,-0.0390930619999999,-7.289093,-11.512925464970229
-11.512925464970229,-2.5807385,-0.08073866,-6.4557385,-11.512925464970229
-11.512925464970229,-5.509401,-0.00940092,-5.259401,-11.512925464970229
-11.318261,-0.6932607,-0.6932607,-9.818261,-11.512925464970229
-11.512925464970229,-5.1323915,-0.0073912832999999,-6.8823915,-11.512925464970229
-4.5129595,-0.0129593869999999,-6.2629595,-11.512925464970229,-11.512925464970229
-4.264734,-0.0147337219999999,-7.514734,-11.512925464970229,-11.512925464970229
-11.512925464970229,-4.765648,-0.0156477599999999,-5.015648,-11.512925464970229
-11.512925464970229,-11.512925464970229,-6.0092587,-0.009258722,-5.0092587
-11.512925464970229,-7.6396723,-0.0146725159999999,-4.2646723,-11.512925464970229
-11.512925464970229,-4.511758,-0.0117579189999999,-7.261758,-11.512925464970229
-11.512925464970229,-8.002978,-0.25297847,-1.5029784,-11.512925464970229
-11.512925464970229,-9.326436,-0.8264364,-0.5764364,-9.826436
-11.512925464970229,-5.0085473,-0.008547434,-6.3835473,-11.512925464970229
-11.512925464970229,-4.7603645,-0.0103645869999999,-6.5103645,-11.512925464970229
-11.512925464970229,-2.3518589,-0.10185883,-7.7268586,-11.512925464970229
-11.512925464970229,-11.512925464970229,-7.0119605,-0.0119606589999999,-4.5119605
-11.512925464970229,-11.512925464970229,-6.887164,-0.012164291,-4.512164
-10.326351,-0.5763513400000001,-0.82635134,-9.951351,-11.512925464970229
-11.512925464970229,-7.5386596,-0.038659513,-3.2886596,-11.512925464970229
-8.913266,-0.03826582,-3.2882657,-11.512925464970229,-11.512925464970229
-11.512925464970229,-2.3505926,-0.100592665,-8.600593,-11.512925464970229
-0.0380474549999999,-3.2880476,-11.512925464970229,-11.512925464970229,-11.512925464970229
-11.512925464970229,-4.2646356,-0.0146353969999999,-8.639635,-11.512925464970229
-5.6299295,-0.0049294119999999,-6.6299295,-11.512925464970229,-11.512925464970229
-7.7887497,-0.03874977,-3.2887497,-11.512925464970229,-11.512925464970229
-11.512925464970229,-4.2646356,-0.0146353969999999,-8.639635,-11.512925464970229
-5.5093,-0.009300301,-5.2593,-11.512925464970229,-11.512925464970229
-4.5290365,-0.029036397,-4.0290365,-11.512925464970229,-11.512925464970229
-6.5125546,-0.0125545105,-4.5125546,-11.512925464970229,-11.512925464970229
-11.512925464970229,-5.880983,-0.0059830699999999,-6.005983,-11.512925464970229
-6.1324186,-0.0074188449999999,-5.2574186,-11.512925464970229,-11.512925464970229
-9.599338,-0.47433794,-0.97433794,-9.349338,-11.512925464970229
-0.0067222337,-5.0067225,-11.512925464970229,-11.512925464970229,-11.512925464970229
-11.512925464970229,-3.0497224,-0.0497225079999999,-7.4247227,-11.512925464970229
-11.512925464970229,-2.8122942,-0.06229413,-8.812294,-11.512925464970229
-7.26191,-0.0119098809999999,-4.51191,-11.512925464970229,-11.512925464970229
-10.974186,-0.47418585,-0.9741858,-9.724186,-11.512925464970229
-0.0297524579999999,-3.5297525,-11.512925464970229,-11.512925464970229,-11.512925464970229
-11.512925464970229,-5.83234,-0.08233978,-2.5823398,-11.512925464970229
-11.512925464970229,-1.7019155,-0.20191544,-8.201916,-11.512925464970229
-11.285416,-0.1604156299999999,-1.9104156,-11.512925464970229,-11.512925464970229
-11.512925464970229,-2.3511746,-0.1011746099999999,-8.351174,-11.512925464970229
-11.512925464970229,-3.5327022,-0.0327022799999999,-5.9077024,-11.512925464970229
-11.512925464970229,-7.385726,-0.010726138,-4.760726,-11.512925464970229
-11.512925464970229,-3.0490932,-0.0490933539999999,-8.424093,-11.512925464970229
-1.3134309,-0.3134309399999999,-8.688431,-11.512925464970229,-11.512925464970229
-8.600423,-0.1004226399999999,-2.3504226,-11.512925464970229,-11.512925464970229
-11.512925464970229,-8.655708,-0.0307078959999999,-3.5307078,-11.512925464970229
-11.512925464970229,-11.512925464970229,-4.265157,-0.0151571949999999,-7.015157
-11.512925464970229,-3.2892895,-0.0392894149999999,-7.1642895,-11.512925464970229
-10.627639,-1.5026389,-0.25263897,-7.377639,-11.512925464970229
-5.382099,-0.0070993122999999,-6.007099,-11.512925464970229,-11.512925464970229
-11.512925464970229,-1.7018607,-0.2018606,-8.32686,-11.512925464970229
-11.451307,-0.82630765,-0.57630765,-8.951307,-11.512925464970229
-11.512925464970229,-7.769053,-0.019052811,-4.019053,-11.512925464970229
-11.512925464970229,-7.8975286,-0.0225285719999999,-4.0225286,-11.512925464970229
-11.512925464970229,-3.289145,-0.0391449899999999,-7.789145,-11.512925464970229
-11.512925464970229,-7.385726,-0.010726019,-4.760726,-11.512925464970229
-11.512925464970229,-5.5222006,-0.0222004149999999,-4.0222006,-11.512925464970229
-11.512925464970229,-11.512925464970229,-2.3507495,-0.100749396,-10.100749
-11.512925464970229,-6.5021367,-0.0021369366,-8.127137,-11.512925464970229
-1.9300948,-0.1800948399999999,-3.9300947,-10.430095,-11.512925464970229
-11.512925464970229,-5.257489,-0.0074892579999999,-8.007489,-11.512925464970229
-11.512925464970229,-5.5074687,-0.0074689049999999,-6.3824687,-11.512925464970229
-11.512925464970229,-11.512925464970229,-2.351432,-0.10143207,-10.601432
-11.512925464970229,-8.531086,-0.031086352,-3.5310864,-11.512925464970229
-11.512925464970229,-7.009792,-0.009791976,-5.009792,-11.512925464970229
-9.127255,-0.12725554,-2.1272554,-11.512925464970229,-11.512925464970229
-6.505134,-0.0051340159999999,-5.630134,-11.512925464970229,-11.512925464970229
-10.063399,-0.31339905,-1.3133991,-10.063399,-11.512925464970229
-11.512925464970229,-2.3511267,-0.101126775,-7.9761267,-11.512925464970229
-10.563715,-1.3137155,-0.31371546,-7.8137155,-11.512925464970229
-11.512925464970229,-7.141635,-0.0166348139999999,-4.266635,-11.512925464970229
-11.512925464970229,-4.808053,-0.058052983,-3.058053,-11.512925464970229
-11.512925464970229,-1.9107988,-0.16079877,-7.9107985,-11.512925464970229
-11.512925464970229,-6.051411,-0.05141138,-3.0514114,-11.512925464970229
-11.512925464970229,-9.079516,-0.0795164499999999,-2.5795164,-11.512925464970229
-7.785699,-0.1606990999999999,-1.9106991,-10.285699,-11.512925464970229
-11.512925464970229,-6.008423,-0.00842273,-5.133423,-11.512925464970229
-11.512925464970229,-6.0190425,-0.0190425199999999,-4.2690425,-11.512925464970229
-11.512925464970229,-5.3907022,-0.015702214,-4.5157022,-11.512925464970229
-11.512925464970229,-8.70281,-0.2028107599999999,-1.7028108,-11.512925464970229
-11.512925464970229,-1.3139982,-0.3139982,-7.938998,-11.512925464970229
-11.512925464970229,-5.3884673,-0.013467131,-5.0134673,-11.512925464970229
-11.512925464970229,-1.1373779,-0.38737783,-9.012378,-11.512925464970229
-4.1414347,-0.0164344419999999,-7.8914347,-11.512925464970229,-11.512925464970229
-11.512925464970229,-4.0196114,-0.019611366,-6.6446114,-11.512925464970229
-11.512925464970229,-4.7629514,-0.0129515029999999,-5.5129514,-11.512925464970229
-11.512925464970229,-5.5063405,-0.0063404029999999,-6.1313405,-11.512925464970229
-10.438532,-0.3135315799999999,-1.3135316,-9.688532,-11.512925464970229
-11.512925464970229,-5.015566,-0.015565961,-4.765566,-11.512925464970229
-11.512925464970229,-7.924717,-0.0497171769999999,-3.0497172,-11.512925464970229
-11.512925464970229,-6.627863,-0.0028631276999999,-6.502863,-11.512925464970229
-7.9373612,-0.062361218,-2.8123612,-10.312361,-11.512925464970229
-9.82649,-0.20149052,-1.7014905,-11.512925464970229,-11.512925464970229
-11.512925464970229,-5.2571774,-0.0071771909999999,-6.6321774,-11.512925464970229
-11.512925464970229,-10.951937,-0.8269371999999999,-0.5769372000000001,-10.701937
-11.512925464970229,-10.474338,-0.47433734,-0.97433734,-10.724338
-11.512925464970229,-1.3140663,-0.3140663000000001,-8.939066,-11.512925464970229
-11.512925464970229,-2.1276174,-0.12761739,-8.127618,-11.512925464970229
-8.53829,-0.038289566,-3.2882895,-11.512925464970229,-11.512925464970229
-0.12695447,-2.1269546,-10.626954,-11.512925464970229,-11.512925464970229
-10.849874,-0.47487342,-0.9748734,-10.474874,-11.512925464970229
-8.10057,-0.10056927,-2.3505692,-10.97557,-11.512925464970229
-11.137221,-0.3872214,-1.1372213,-8.762221,-11.512925464970229
-7.3126497,-0.0626495799999999,-2.8126495,-11.512925464970229,-11.512925464970229
-9.127116,-0.25211623,-1.5021162,-11.377116,-11.512925464970229
-11.512925464970229,-6.630578,-0.0055780793,-5.505578,-11.512925464970229
-11.512925464970229,-8.512283,-0.3872833,-1.1372833,-11.512283
-0.00055398635,-7.500554,-11.512925464970229,-11.512925464970229,-11.512925464970229
-11.512925464970229,-5.0078883,-0.007888274,-7.5078883,-11.512925464970229
-3.0492659,-0.049265746,-7.299266,-11.512925464970229,-11.512925464970229
-11.37947,-2.12947,-0.12947014,-6.5044703,-11.512925464970229
-11.512925464970229,-4.7611284,-0.0111285829999999,-6.0111284,-11.512925464970229
-9.701166,-0.5761659,-0.8261659,-8.826166,-11.512925464970229
-4.561020999999004e-05,-10.000046,-11.512925464970229,-11.512925464970229,-11.512925464970229
-4.019049,-0.0190492999999999,-7.019049,-11.512925464970229,-11.512925464970229
-5.507256,-0.0072560159999999,-5.757256,-11.512925464970229,-11.512925464970229
-10.2619705,-0.3869705999999999,-1.1369706,-10.6369705,-11.512925464970229
-11.512925464970229,-9.70169,-0.20168991,-1.70169,-11.512925464970229
-10.849268,-0.4742675999999999,-0.9742676,-11.349268,-11.512925464970229
-11.512925464970229,-7.6488776,-0.02387773,-3.7738776,-11.512925464970229
-11.512925464970229,-7.8507824,-0.100782156,-2.6007822,-11.512925464970229
-11.512925464970229,-11.099385,-0.9743854,-0.4743854,-10.599385
-11.512925464970229,-6.010342,-0.010342055,-5.010342,-11.512925464970229
-11.512925464970229,-6.007451,-0.0074510337,-5.507451,-11.512925464970229
-11.512925464970229,-3.5305192,-0.0305193359999999,-7.4055195,-11.512925464970229
-11.512925464970229,-7.8936315,-0.018631315,-4.0186315,-11.512925464970229
-11.512925464970229,-11.512925464970229,-2.3503404,-0.100340374,-9.100341
-11.512925464970229,-6.900045,-0.02504487,-3.775045,-11.512925464970229
-6.769452,-0.019452265,-4.019452,-11.512925464970229,-11.512925464970229
-6.010077,-0.010076917,-4.885077,-11.512925464970229,-11.512925464970229
-3.5305426,-0.0305426829999999,-7.155543,-11.512925464970229,-11.512925464970229
-3.5299814,-0.0299814269999999,-8.404982,-11.512925464970229,-11.512925464970229
-8.636242,-0.0112421049999999,-4.511242,-11.512925464970229,-11.512925464970229
-11.512925464970229,-3.0504298,-0.05042982,-6.30043,-11.512925464970229
-10.812071,-0.0620712039999999,-2.8120713,-11.187071,-11.512925464970229
-9.413155,-0.038154177,-3.2881541,-11.512925464970229,-11.512925464970229
-6.769306,-0.019306231,-4.019306,-11.512925464970229,-11.512925464970229
-11.512925464970229,-6.0643163,-0.06431642,-2.8143165,-11.512925464970229
-11.512925464970229,-1.9106005,-0.16060053,-7.9106007,-11.512925464970229
-11.512925464970229,-2.3510633,-0.1010633099999999,-7.1010633,-11.512925464970229
-11.512925464970229,-8.45519,-0.0801896899999999,-2.5801897,-11.512925464970229
-11.512925464970229,-4.2663713,-0.0163711119999999,-6.1413713,-11.512925464970229
-11.512925464970229,-4.51392,-0.0139197279999999,-5.88892,-11.512925464970229
-11.512925464970229,-7.0128527,-0.0128526585,-4.5128527,-11.512925464970229
-11.512925464970229,-1.7015375,-0.2015375,-9.076537,-11.512925464970229
-5.381809,-0.0068091572999999,-6.131809,-11.512925464970229,-11.512925464970229
-10.160294,-0.16029327,-1.9102932,-11.285294,-11.512925464970229
-11.512925464970229,-1.3135498,-0.3135497,-8.43855,-11.512925464970229
-11.512925464970229,-6.8850665,-0.010066288,-4.7600665,-11.512925464970229
-11.512925464970229,-9.599591,-0.4745908000000001,-0.9745908,-11.512925464970229
-11.512925464970229,-2.1285927,-0.12859273,-8.8785925,-11.512925464970229
-11.512925464970229,-4.268045,-0.018044814,-5.643045,-11.512925464970229
-11.512925464970229,-1.5023768,-0.2523768199999999,-8.502377,-11.512925464970229
-11.512925464970229,-4.8889184,-0.013918547,-5.1389184,-11.512925464970229
-11.512925464970229,-7.6492,-0.024199866,-3.7742,-11.512925464970229
-3.0495744,-0.049574357,-6.9245744,-11.512925464970229,-11.512925464970229
-11.512925464970229,-7.899158,-0.0241582019999999,-3.7741582,-11.512925464970229
-11.512925464970229,-5.011315,-0.0113150629999999,-5.511315,-11.512925464970229
-11.512925464970229,-4.765897,-0.015896635,-5.015897,-11.512925464970229
-11.512925464970229,-5.8837657,-0.008765722,-5.7587657,-11.512925464970229
-11.512925464970229,-4.7623158,-0.012315617,-5.7623158,-11.512925464970229
-10.16044,-0.1604403099999999,-1.9104403,-11.512925464970229,-11.512925464970229
-4.512083,-0.0120829189999999,-6.887083,-11.512925464970229,-11.512925464970229
-11.512925464970229,-5.136898,-0.0118978685,-5.136898,-11.512925464970229
-11.512925464970229,-11.512925464970229,-3.2881324,-0.0381323769999999,-9.663133
-11.512925464970229,-7.6489487,-0.0239487289999999,-3.7739487,-11.512925464970229
-11.512925464970229,-2.1277773,-0.1277773,-7.502777,-11.512925464970229
-11.512925464970229,-2.3541403,-0.1041401999999999,-5.8541403,-11.512925464970229
-11.512925464970229,-8.8775015,-0.12750186,-2.127502,-11.512925464970229
-11.512925464970229,-11.512925464970229,-2.8133843,-0.0633842699999999,-6.813384
-11.512925464970229,-10.451975,-0.5769746000000001,-0.8269745999999999,-9.951975
-4.5340533,-0.0340531949999999,-3.784053,-11.512925464970229,-11.512925464970229
-11.512925464970229,-2.3541088,-0.1041088299999999,-5.604109,-11.512925464970229
-11.512925464970229,-10.076325,-0.8263251,-0.5763250999999999,-8.951325
-11.512925464970229,-10.688646,-1.3136466,-0.3136465,-8.313646
-11.512925464970229,-10.660445,-0.1604453899999999,-1.9104455,-11.512925464970229
-11.512925464970229,-5.7551975,-0.0051974669999999,-6.2551975,-11.512925464970229
-11.512925464970229,-4.7598,-0.009799769,-6.7598,-11.512925464970229
-11.512925464970229,-3.0491366,-0.0491365939999999,-7.6741366,-11.512925464970229
-3.8961215,-0.021121578,-7.5211215,-11.512925464970229,-11.512925464970229
-10.951039,-0.5760396999999999,-0.8260397,-9.701039,-11.512925464970229
-11.512925464970229,-5.2570124,-0.0070125447,-6.3820124,-11.512925464970229
-6.8992624,-0.0242624619999999,-3.7742624,-11.512925464970229,-11.512925464970229
-11.512925464970229,-0.5761209000000002,-0.8261209,-8.951121,-11.512925464970229
-11.451049,-0.8260486,-0.5760486000000001,-9.576049,-11.512925464970229
-11.512925464970229,-4.2708435,-0.0208435039999999,-5.0208435,-11.512925464970229
-11.512925464970229,-3.5301716,-0.0301717149999999,-8.030171,-11.512925464970229
-6.1569095,-0.031909592,-3.5319097,-11.512925464970229,-11.512925464970229
-11.512925464970229,-0.57651293,-0.82651293,-7.826513,-11.512925464970229
-11.512925464970229,-4.269199,-0.0191991179999999,-5.394199,-11.512925464970229
-11.512925464970229,-11.512925464970229,-4.5139995,-0.013999546,-5.8889995
-11.512925464970229,-11.512925464970229,-5.5066395,-0.0066397022,-6.0066395
-11.512925464970229,-6.754596,-0.0045961495,-6.254596,-11.512925464970229
-11.512925464970229,-5.506075,-0.006074791,-6.256075,-11.512925464970229
-8.502165,-0.12716475,-2.1271648,-11.377165,-11.512925464970229
-0.38692448,-1.1369245,-10.011925,-11.512925464970229,-11.512925464970229
-11.512925464970229,-2.3544054,-0.104405485,-7.6044054,-11.512925464970229
-11.512925464970229,-3.2907698,-0.0407698679999999,-5.91577,-11.512925464970229
-11.512925464970229,-6.025731,-0.025731284,-3.7757313,-11.512925464970229
-11.512925464970229,-4.0267196,-0.0267195099999999,-4.7767196,-11.512925464970229
-9.2621155,-0.38711593,-1.137116,-9.3871155,-11.512925464970229
-11.512925464970229,-4.2752132,-0.0252130899999999,-4.5252132,-11.512925464970229
-11.512925464970229,-6.507563,-0.007563084,-5.632563,-11.512925464970229
-2.350852,-0.1008520999999999,-7.350852,-11.512925464970229,-11.512925464970229
-11.512925464970229,-1.1374114,-0.38741142,-10.137411,-11.512925464970229
-11.512925464970229,-11.512925464970229,-0.97883546,-0.4788354999999999,-11.512925464970229
-11.512925464970229,-11.512925464970229,-0.974818,-0.47481802,-11.512925464970229
-11.512925464970229,-10.600646,-0.47564572,-0.9756456999999998,-11.512925464970229
-11.512925464970229,-2.5797942,-0.0797940639999999,-7.329794,-11.512925464970229
-9.938497,-0.3134962999999999,-1.3134964,-9.438497,-11.512925464970229
-7.764642,-0.0146417469999999,-4.264642,-11.512925464970229,-11.512925464970229
-7.975604,-0.1006039799999999,-2.350604,-10.350604,-11.512925464970229
-11.512925464970229,-4.020391,-0.0203908739999999,-6.145391,-11.512925464970229
-11.512925464970229,-5.646732,-0.0217320679999999,-4.021732,-11.512925464970229
-11.512925464970229,-1.9109433,-0.1609433099999999,-8.410943,-11.512925464970229
-4.7726626,-0.0226624849999999,-4.2726626,-11.512925464970229,-11.512925464970229
-10.512234,-1.137234,-0.3872339,-8.012234,-11.512925464970229
-11.512925464970229,-3.2992816,-0.0492815229999999,-4.5492816,-11.512925464970229
-11.512925464970229,-11.127571,-0.2525706599999999,-1.5025706,-11.512925464970229
-11.452237,-0.8272372,-0.5772372,-6.702237,-11.512925464970229
-11.512925464970229,-8.89871,-0.0237106769999999,-3.7737107,-11.512925464970229
-9.818669,-0.69366896,-0.69366896,-8.943669,-11.512925464970229
-11.512925464970229,-8.953332,-0.2033323999999999,-1.7033324,-11.512925464970229
-11.512925464970229,-11.512925464970229,-2.8149796,-0.06497954,-10.68998
-11.512925464970229,-10.627336,-0.2523359700000001,-1.502336,-11.512925464970229
-10.576097,-0.5760968,-0.8260968,-9.076097,-11.512925464970229
-8.850446,-0.10044572,-2.3504457,-10.725446,-11.512925464970229
-11.512925464970229,-3.5312598,-0.0312597859999999,-6.78126,-11.512925464970229
-11.512925464970229,-5.2560897,-0.0060897119999999,-7.3810897,-11.512925464970229
-11.512925464970229,-3.7817726,-0.0317725239999999,-4.7817726,-11.512925464970229
-11.512925464970229,-1.9109765,-0.1609764999999999,-8.535976,-11.512925464970229
-11.512925464970229,-7.413764,-0.038764104,-3.288764,-11.512925464970229
-11.512925464970229,-5.8894424,-0.0144422529999999,-4.5144424,-11.512925464970229
-11.512925464970229,-10.475244,-0.9752437,-0.4752437,-9.475244
-11.512925464970229,-8.002528,-0.1275284099999999,-2.1275284,-11.512925464970229
-9.0994215,-0.47442147,-0.9744215,-8.4744215,-11.512925464970229
-11.512925464970229,-11.512925464970229,-2.127175,-0.1271751399999999,-11.127175
-11.512925464970229,-3.0510342,-0.051034234,-6.1760345,-11.512925464970229
-11.512925464970229,-3.0508385,-0.0508384699999999,-6.3008385,-11.512925464970229
-11.512925464970229,-10.063386,-1.3133863,-0.31338632,-10.313386
-11.512925464970229,-7.789903,-0.0399033579999999,-3.2899034,-11.512925464970229
-8.637701,-0.012701292,-4.3877015,-11.512925464970229,-11.512925464970229
-5.5099998,-0.0099996089999999,-5.1349998,-11.512925464970229,-11.512925464970229
-0.0028076059999999,-5.8778076,-11.512925464970229,-11.512925464970229,-11.512925464970229
-0.5760578999999999,-0.8260579,-9.701057,-11.512925464970229,-11.512925464970229
-11.512925464970229,-7.174526,-0.04952616,-3.0495262,-11.512925464970229
-11.512925464970229,-2.127317,-0.12731704,-7.877317,-11.512925464970229
-11.512925464970229,-4.7600107,-0.0100107,-7.0100107,-11.512925464970229
-11.512925464970229,-4.271399,-0.0213990879999999,-5.021399,-11.512925464970229
-11.512925464970229,-11.512925464970229,-3.0495842,-0.049584113,-6.924584
-11.512925464970229,-4.511415,-0.01141478,-8.261415,-11.512925464970229
-2.5798583,-0.079858236,-6.9548583,-11.512925464970229,-11.512925464970229
-11.512925464970229,-5.6366014,-0.0116013339999999,-5.8866014,-11.512925464970229
-11.512925464970229,-11.512925464970229,-3.5301006,-0.030100571,-8.030101
-11.512925464970229,-11.512925464970229,-2.5796766,-0.0796765099999999,-7.2046766
-11.512925464970229,-10.349234,-0.47423342,-0.9742334,-10.224234
-11.512925464970229,-4.5132155,-0.013215411,-6.3882155,-11.512925464970229
-11.512925464970229,-1.5024797,-0.2524797,-7.6274796,-11.512925464970229
-9.951574,-0.2015743299999999,-1.7015743,-10.576574,-11.512925464970229
-3.2883692,-0.03836907,-8.038369,-11.512925464970229,-11.512925464970229
-11.512925464970229,-5.7563534,-0.0063533117,-5.8813534,-11.512925464970229
-11.512925464970229,-1.1370373,-0.38703734,-9.387037,-11.512925464970229
-11.512925464970229,-11.512925464970229,-1.3135462,-0.3135461199999999,-11.512925464970229
-11.512925464970229,-9.664101,-0.0391006249999999,-3.2891006,-11.512925464970229
-11.512925464970229,-5.6670403,-0.042040568,-3.2920406,-11.512925464970229
-11.512925464970229,-9.535451,-0.1604504699999999,-1.9104505,-11.512925464970229
-11.512925464970229,-10.326031,-0.82603097,-0.5760309699999999,-11.512925464970229
-1.5044084,-0.2544083299999999,-6.0044084,-11.512925464970229,-11.512925464970229
-9.701612,-0.2016124399999999,-1.7016125,-11.512925464970229,-11.512925464970229
-11.512925464970229,-5.2573066,-0.0073067876999999,-6.3823066,-11.512925464970229
-11.512925464970229,-11.512925464970229,-3.5298913,-0.0298913,-9.029891
-11.512925464970229,-3.288764,-0.03876399,-7.663764,-11.512925464970229
-11.512925464970229,-8.774545,-0.0245451689999999,-3.7745452,-11.512925464970229
-8.579114,-0.079113506,-2.5791135,-11.454114,-11.512925464970229
-9.877349,-0.12734917,-2.1273491,-11.512925464970229,-11.512925464970229
-8.7987795,-0.0487791399999999,-3.0487792,-11.512925464970229,-11.512925464970229
-11.512925464970229,-2.812503,-0.0625029999999999,-7.687503,-11.512925464970229
-11.512925464970229,-2.3506072,-0.100607105,-7.850607,-11.512925464970229
-2.1272252,-0.1272252199999999,-8.127225,-11.512925464970229,-11.512925464970229
-11.512925464970229,-5.257582,-0.0075822549999999,-6.257582,-11.512925464970229
-2.5792463,-0.0792462299999999,-7.954246,-11.512925464970229,-11.512925464970229
-11.512925464970229,-9.943732,-0.69373196,-0.69373196,-10.818732
-11.512925464970229,-11.512925464970229,-0.97635454,-0.4763545399999999,-10.601355
-9.724283,-0.47428343,-0.97428346,-8.849283,-11.512925464970229
-11.512925464970229,-11.512925464970229,-4.2650948,-0.0150947244999999,-8.890095
-11.512925464970229,-5.771288,-0.021288112,-4.021288,-11.512925464970229
-11.512925464970229,-7.85071,-0.10070985,-2.35071,-11.512925464970229
-11.512925464970229,-8.288978,-0.0389777239999999,-3.2889776,-11.512925464970229
-5.1319866,-0.006986503,-6.8819866,-11.512925464970229,-11.512925464970229
-11.512925464970229,-6.004277,-0.0042772459999999,-6.504277,-11.512925464970229
-11.512925464970229,-1.1371096,-0.3871095999999999,-8.63711,-11.512925464970229
-11.512925464970229,-0.6935478,-0.6935478,-10.193548,-11.512925464970229
-11.512925464970229,-2.8129196,-0.06291951,-7.9379196,-11.512925464970229
-11.512925464970229,-11.512925464970229,-4.7598567,-0.009856784,-7.3848567
-11.512925464970229,-10.813282,-0.31328228,-1.3132823,-11.512925464970229
-11.512925464970229,-9.002388,-0.12738769,-2.1273878,-11.512925464970229
-11.512925464970229,-11.512925464970229,-2.1272569,-0.12725681,-9.627256
-11.512925464970229,-11.512925464970229,-4.018921,-0.0189211029999999,-7.393921
-11.512925464970229,-11.512925464970229,-2.580476,-0.0804760299999999,-11.455476
-1.1390808,-0.3890807299999999,-6.1390805,-11.512925464970229,-11.512925464970229
-11.512925464970229,-11.512925464970229,-2.5791647,-0.07916484,-9.7041645
-7.4242077,-0.049207643,-3.0492077,-11.512925464970229,-11.512925464970229
-11.512925464970229,-11.512925464970229,-5.504825,-0.0048252647,-7.379825
-11.512925464970229,-11.512925464970229,-7.00137,-0.0013698805999999,-8.001369
-11.512925464970229,-9.535622,-0.16062143,-1.9106214,-11.512925464970229
-11.512925464970229,-5.8787804,-0.0037803623999999,-7.0037804,-11.512925464970229
-11.512925464970229,-4.7609243,-0.010924262,-6.1359243,-11.512925464970229
-7.1383195,-0.0133194059999999,-4.3883195,-11.512925464970229,-11.512925464970229
-7.9755845,-0.1005846899999999,-2.3505847,-10.975585,-11.512925464970229
-11.512925464970229,-4.5132947,-0.0132945789999999,-8.013294,-11.512925464970229
-11.262023,-0.3870227599999999,-1.1370227,-10.387023,-11.512925464970229
-8.280593,-0.030592518,-3.5305924,-11.512925464970229,-11.512925464970229
-11.512925464970229,-3.2897887,-0.0397887969999999,-6.4147887,-11.512925464970229
-11.512925464970229,-11.512925464970229,-4.01829,-0.0182898269999999,-9.26829
-5.755651,-0.0056509822999999,-6.005651,-11.512925464970229,-11.512925464970229
-0.0181586069999999,-4.0181584,-11.512925464970229,-11.512925464970229,-11.512925464970229
-10.188769,-0.3137695799999999,-1.3137696,-10.063769,-11.512925464970229
-11.512925464970229,-0.9744235,-0.4744235,-10.099423,-11.512925464970229
-11.512925464970229,-7.635123,-0.0101225794999999,-4.760123,-11.512925464970229
-11.512925464970229,-9.025502,-0.0255019099999999,-3.775502,-11.512925464970229
-4.0184865,-0.018486682,-8.018487,-11.512925464970229,-11.512925464970229
-7.015282,-0.015282113,-4.265282,-11.512925464970229,-11.512925464970229
-11.318296,-0.69329625,-0.69329625,-9.193296,-11.512925464970229
-3.5304453,-0.0304454499999999,-7.2804456,-11.512925464970229,-11.512925464970229
-8.535445,-0.16044489,-1.9104449,-10.785445,-11.512925464970229
-11.512925464970229,-3.7756708,-0.025670744,-6.1506705,-11.512925464970229
-11.512925464970229,-5.5063796,-0.0063797296,-6.2563796,-11.512925464970229
-11.512925464970229,-9.455543,-0.08054291,-2.5805428,-11.512925464970229
-11.512925464970229,-6.38205,-0.007049837,-5.75705,-11.512925464970229
-11.512925464970229,-10.474136,-0.4741368,-0.9741368,-11.512925464970229
-8.148545,-0.023545349,-3.7735453,-11.512925464970229,-11.512925464970229
-0.2520878999999999,-1.5020878,-8.752088,-11.512925464970229,-11.512925464970229
-11.512925464970229,-3.5309052,-0.0309052559999999,-7.9059052,-11.512925464970229
-11.512925464970229,-4.2648067,-0.0148068939999999,-7.3898067,-11.512925464970229
-11.512925464970229,-10.387116,-1.1371162,-0.3871161599999999,-9.762116
-10.826029,-0.5760284000000001,-0.8260284000000001,-9.826029,-11.512925464970229
-11.512925464970229,-7.387,-0.0119998809999999,-4.512,-11.512925464970229
-7.024147,-0.024147147,-3.774147,-11.512925464970229,-11.512925464970229
-11.451264,-0.826264,-0.5762640000000001,-8.451264,-11.512925464970229
-7.2543373,-0.0043373102999999,-5.6293373,-11.512925464970229,-11.512925464970229
-11.512925464970229,-7.3127327,-0.06273266,-2.8127327,-11.512925464970229
-7.174378,-0.049377743,-3.0493777,-11.174377,-11.512925464970229
-6.145307,-0.0203072349999999,-4.020307,-11.512925464970229,-11.512925464970229
-6.156886,-0.03188627,-3.5318863,-11.512925464970229,-11.512925464970229
-6.5634203,-0.06342008,-2.81342,-10.18842,-11.512925464970229
-11.512925464970229,-7.8269253,-0.5769251999999999,-0.8269252,-8.201925
-11.512925464970229,-3.7763882,-0.0263880749999999,-5.776388,-11.512925464970229
-5.2912803,-0.16628042,-1.9162804,-6.9162803,-11.512925464970229
-11.512925464970229,-2.3514507,-0.101450704,-6.976451,-11.512925464970229
-6.649554,-0.024553891,-3.7745538,-11.512925464970229,-11.512925464970229
-11.512925464970229,-6.129928,-0.12992802,-2.129928,-11.004928
-11.512925464970229,-6.4252367,-0.05023677,-3.0502367,-11.512925464970229
-11.512925464970229,-6.6284,-0.1283998499999999,-2.1283998,-11.512925464970229
-7.4242177,-0.0492176299999999,-3.0492177,-11.424217,-11.512925464970229
-8.937163,-0.062163293,-2.8121634,-11.512925464970229,-11.512925464970229
-11.512925464970229,-3.774521,-0.0245212039999999,-7.1495214,-11.512925464970229
-11.512925464970229,-7.5058527,-0.0058527089999999,-5.6308527,-11.512925464970229
-11.512925464970229,-10.93904,-0.31404015,-1.3140402,-11.512925464970229
-11.512925464970229,-4.0254374,-0.0254375299999999,-5.9004374,-11.512925464970229
-11.512925464970229,-8.918639,-0.04363936,-3.5436394,-11.512925464970229
-11.512925464970229,-11.512925464970229,-2.589147,-0.089147106,-10.089148
-11.512925464970229,-11.262313,-0.38731283,-1.1373129,-11.512925464970229
-11.512925464970229,-3.7745209,-0.024520855,-6.774521,-11.512925464970229
-11.512925464970229,-11.512925464970229,-0.1629438499999999,-1.9129438,-11.512925464970229
-11.512925464970229,-11.512925464970229,-0.57854545,-0.8285454499999999,-11.512925464970229
-11.512925464970229,-11.512925464970229,-2.1287413,-0.12874137,-7.6287413
-11.512925464970229,-11.512925464970229,-4.020834,-0.020833813,-6.270834
-11.512925464970229,-7.3874664,-0.0124662079999999,-4.5124664,-11.512925464970229
-11.512925464970229,-3.5327647,-0.032764696,-6.032765,-11.512925464970229
-11.512925464970229,-0.5770599,-0.8270599,-10.82706,-11.512925464970229
-8.298891,-0.0488914179999999,-3.0488913,-11.512925464970229,-11.512925464970229
-11.512925464970229,-4.511649,-0.0116490619999999,-7.511649,-11.512925464970229
-10.035889,-0.1608883999999999,-1.9108884,-11.512925464970229,-11.512925464970229
-11.512925464970229,-1.7017441,-0.2017440799999999,-8.576744,-11.512925464970229
-11.512925464970229,-6.633567,-0.0085668219999999,-5.758567,-11.512925464970229
-11.512925464970229,-5.0134716,-0.013471841,-5.3884716,-11.512925464970229
-11.512925464970229,-6.006806,-0.006805722,-5.506806,-11.512925464970229
-11.512925464970229,-9.701994,-0.20199405,-1.7019941,-11.512925464970229
-11.512925464970229,-3.288992,-0.038991947,-7.163992,-11.512925464970229
-7.062916,-0.06291604,-2.812916,-11.312916,-11.512925464970229
-11.512925464970229,-7.9248214,-0.0498211829999999,-3.0498211,-11.512925464970229
-11.512925464970229,-10.1281395,-0.2531391700000001,-1.5031391,-11.512925464970229
-11.512925464970229,-7.2661715,-0.016171379,-4.2661715,-11.512925464970229
-11.512925464970229,-4.759571,-0.009571206,-7.134571,-11.512925464970229
-11.512925464970229,-0.97434926,-0.4743493,-9.849349,-11.512925464970229
-11.512925464970229,-6.2547812,-0.0047814766999999,-5.8797812,-11.512925464970229
-8.884913,-0.0099132089999999,-4.6349134,-11.512925464970229,-11.512925464970229
-10.31215,-0.0621496249999999,-2.8121495,-11.512925464970229,-11.512925464970229
-11.099258,-0.97425795,-0.4742579800000001,-8.849258,-11.512925464970229
-11.512925464970229,-7.674583,-0.04958309,-3.0495832,-11.512925464970229
-11.512925464970229,-3.5315888,-0.03158879,-7.9065886,-11.512925464970229
-11.512925464970229,-4.264965,-0.0149652039999999,-7.889965,-11.512925464970229
-9.975679,-0.100679554,-2.3506796,-11.512925464970229,-11.512925464970229
-11.512925464970229,-8.938512,-0.063512266,-2.8135123,-11.512925464970229
-10.511957,-0.3869572600000001,-1.1369573,-10.886957,-11.512925464970229
-6.851075,-0.4760753,-0.9760753,-6.976075,-11.512925464970229
-11.512925464970229,-3.773845,-0.0238450199999999,-7.523845,-11.512925464970229
-11.512925464970229,-9.205798,-0.20579815,-1.7057981,-11.512925464970229
-11.512925464970229,-9.535472,-0.160472,-1.910472,-11.512925464970229
-8.88186,-0.0068601746999999,-5.0068603,-11.512925464970229,-11.512925464970229
-11.512925464970229,-1.9114013,-0.16140132,-8.161402,-11.512925464970229
-11.512925464970229,-1.1369574,-0.3869574399999999,-10.136957,-11.512925464970229
-9.785323,-0.16032353,-1.9103235,-10.285323,-11.512925464970229
-0.3868968,-1.1368968,-10.761897,-11.512925464970229,-11.512925464970229
-11.512925464970229,-11.512925464970229,-1.7020165,-0.20201646,-10.827017
-11.512925464970229,-5.507708,-0.007707893,-6.007708,-11.512925464970229
-11.512925464970229,-7.769053,-0.019052811,-4.019053,-11.512925464970229
-11.512925464970229,-10.943483,-0.69348365,-0.69348365,-11.512925464970229
-11.512925464970229,-7.8773546,-0.1273544099999999,-2.1273544,-11.512925464970229
-11.512925464970229,-11.512925464970229,-4.2647448,-0.014744528,-8.764745
-11.512925464970229,-8.204563,-0.0795629,-2.579563,-11.512925464970229
-5.5182657,-0.0182655919999999,-4.2682657,-11.512925464970229,-11.512925464970229
-11.512925464970229,-5.009703,-0.009703203,-6.509703,-11.512925464970229
-10.377327,-0.2523270000000001,-1.502327,-10.627327,-11.512925464970229
-11.512925464970229,-11.512925464970229,-6.504177,-0.0041770524999999,-6.004177
-11.512925464970229,-11.512925464970229,-5.5047436,-0.004743399,-8.629744
-11.512925464970229,-2.3513153,-0.1013153049999999,-8.7263155,-11.512925464970229
-11.512925464970229,-3.2896993,-0.0396993199999999,-7.1646996,-11.512925464970229
-11.512925464970229,-5.5075765,-0.0075765779999999,-6.1325765,-11.512925464970229
-1.3134483,-0.3134482799999999,-8.688448,-11.512925464970229,-11.512925464970229
-3.775395,-0.025394995,-6.150395,-11.512925464970229,-11.512925464970229
-11.512925464970229,-4.764524,-0.014524151,-5.139524,-11.512925464970229
-4.020327,-0.020327209,-6.145327,-11.512925464970229,-11.512925464970229
-10.012099,-0.38709894,-1.1370989,-9.387099,-11.512925464970229
-8.437261,-0.0622609669999999,-2.8122609,-11.512925464970229,-11.512925464970229
-11.512925464970229,-4.763889,-0.013889037,-5.263889,-11.512925464970229
-11.512925464970229,-9.393565,-0.0185653179999999,-4.018565,-11.512925464970229
-11.387283,-1.1372837,-0.3872837,-8.262283,-11.512925464970229
-11.512925464970229,-4.019673,-0.019672854,-7.019673,-11.512925464970229
-6.914147,-0.039146937,-3.289147,-11.512925464970229,-11.512925464970229
-7.351181,-0.10118119,-2.3511813,-11.512925464970229,-11.512925464970229
-11.512925464970229,-9.951235,-0.5762346400000001,-0.8262346400000001,-11.512925464970229
-7.6740813,-0.0490810949999999,-3.049081,-11.512925464970229,-11.512925464970229
-4.63669,-0.01168993,-6.26169,-11.512925464970229,-11.512925464970229
-6.26297,-0.012969741,-4.51297,-11.512925464970229,-11.512925464970229
-11.512925464970229,-1.3140751,-0.31407508,-9.439075,-11.512925464970229
-7.3866777,-0.011677795,-4.5116777,-11.512925464970229,-11.512925464970229
-6.550074,-0.0500742979999999,-3.0500743,-11.512925464970229,-11.512925464970229
-11.512925464970229,-1.9119041,-0.16190404,-6.536904,-11.512925464970229
-3.2907574,-0.040757503,-5.9157577,-11.512925464970229,-11.512925464970229
-11.512925464970229,-2.585188,-0.0851878749999999,-5.460188,-11.512925464970229
-11.512925464970229,-4.2939205,-0.043920625,-3.5439205,-11.512925464970229
-11.512925464970229,-7.6488,-0.02379985,-3.7738,-11.512925464970229
-7.1743917,-0.049391706,-3.0493917,-11.512925464970229,-11.512925464970229
-11.512925464970229,-6.385323,-0.0103228184999999,-4.760323,-11.512925464970229
-11.512925464970229,-5.0109076,-0.010907627,-5.5109076,-11.512925464970229
-11.512925464970229,-3.7765086,-0.026508477,-5.7765083,-11.512925464970229
-11.512925464970229,-7.387574,-0.012574164,-4.512574,-11.512925464970229
-11.512925464970229,-2.817716,-0.067715935,-5.192716,-11.512925464970229
-11.512925464970229,-0.97421634,-0.4742163399999999,-9.599216,-11.512925464970229
-9.313424,-0.31342414,-1.3134241,-10.063424,-11.512925464970229
-9.648336,-0.023336558,-3.7733366,-11.512925464970229,-11.512925464970229
-10.60009,-0.4750897,-0.97508967,-10.35009,-11.512925464970229
-8.704112,-0.079112075,-2.579112,-11.512925464970229,-11.512925464970229
-10.048689,-0.0486884229999999,-3.0486884,-11.512925464970229,-11.512925464970229
-6.165164,-0.040163804,-3.2901638,-11.512925464970229,-11.512925464970229
-11.512925464970229,-1.1407682,-0.3907682,-8.015768,-11.512925464970229
-11.512925464970229,-2.8146162,-0.0646163,-6.189616,-11.512925464970229
-11.512925464970229,-5.008501,-0.008500874,-6.758501,-11.512925464970229
-0.9747628000000002,-0.47476277,-7.599763,-11.512925464970229,-11.512925464970229
-11.512925464970229,-2.8120556,-0.0620555199999999,-9.562056,-11.512925464970229
-9.437082,-0.062082298,-2.8120823,-11.512925464970229,-11.512925464970229
-9.003935,-1.5039346,-0.2539346,-6.5039344,-11.512925464970229
-11.512925464970229,-4.267018,-0.017017648,-7.267018,-11.512925464970229
-7.780526,-0.0305263939999999,-3.5305264,-11.512925464970229,-11.512925464970229
-0.1002169099999999,-2.3502169,-11.512925464970229,-11.512925464970229,-11.512925464970229
-6.88708,-0.012079971,-4.51208,-11.512925464970229,-11.512925464970229
-5.381551,-0.006550767,-6.256551,-11.512925464970229,-11.512925464970229
-5.5060143,-0.0060141179999999,-6.2560143,-11.512925464970229,-11.512925464970229
-10.01223,-1.1372296,-0.3872296,-8.13723,-11.512925464970229
-5.3882113,-0.013211057,-4.7632113,-11.512925464970229,-11.512925464970229
-9.974361,-0.9743615,-0.47436148,-8.849361,-11.512925464970229
-5.3882113,-0.013211057,-4.7632113,-11.512925464970229,-11.512925464970229
-1.702092,-0.2020920499999999,-7.327092,-11.512925464970229,-11.512925464970229
-6.010095,-0.0100952029999999,-4.885095,-11.512925464970229,-11.512925464970229
-1.5038667,-0.2538667,-6.2538667,-11.512925464970229,-11.512925464970229
-5.759886,-0.009885826,-5.009886,-11.512925464970229,-11.512925464970229
-9.974361,-0.9743615,-0.47436148,-8.849361,-11.512925464970229
-11.512925464970229,-2.1282322,-0.1282322899999999,-8.253232,-11.512925464970229
-9.76214,-0.3871404,-1.1371404,-8.76214,-11.512925464970229
-0.16025369,-1.9102536,-11.160254,-11.512925464970229,-11.512925464970229
-5.636258,-0.0112581399999999,-4.886258,-11.512925464970229,-11.512925464970229
-6.5247664,-0.024766384,-3.7747664,-11.512925464970229,-11.512925464970229
-7.149054,-0.024054172,-3.7740543,-11.512925464970229,-11.512925464970229
-8.535726,-0.160726,-1.910726,-11.512925464970229,-11.512925464970229
-11.512925464970229,-11.512925464970229,-1.5034342,-0.2534341499999999,-11.512925464970229
-9.252112,-0.12711225,-2.1271122,-11.512925464970229,-11.512925464970229
-11.512925464970229,-3.0491612,-0.0491611179999999,-8.299161,-11.512925464970229
-8.143467,-0.018466907,-4.018467,-11.512925464970229,-11.512925464970229
-11.512925464970229,-2.8136048,-0.0636049,-6.438605,-11.512925464970229
-11.512925464970229,-3.530903,-0.030903175,-6.7809033,-11.512925464970229
-11.512925464970229,-7.5491858,-0.0491857339999999,-3.0491858,-11.512925464970229
-11.512925464970229,-2.8129625,-0.0629625999999999,-6.9379625,-11.512925464970229
-5.017693,-0.017692821,-4.517693,-11.512925464970229,-11.512925464970229
-11.512925464970229,-9.201663,-0.20166299,-1.701663,-11.512925464970229
-11.512925464970229,-6.6323557,-0.007355902,-5.1323557,-11.512925464970229
-10.8492775,-0.4742775000000001,-0.9742775,-10.3492775,-11.512925464970229
-4.6383276,-0.013327755,-5.6383276,-11.512925464970229,-11.512925464970229
-11.512925464970229,-2.1274896,-0.12748958,-8.25249,-11.512925464970229
-0.0024770816999999,-6.002477,-11.512925464970229,-11.512925464970229,-11.512925464970229
-11.512925464970229,-3.0594783,-0.0594783599999999,-4.5594783,-11.512925464970229
-11.512925464970229,-4.269338,-0.0193382759999999,-5.269338,-11.512925464970229
-2.1284685,-0.1284683999999999,-6.5034685,-11.512925464970229,-11.512925464970229
-11.512925464970229,-2.5796428,-0.0796427099999999,-7.204643,-11.512925464970229
-11.512925464970229,-5.13298,-0.13297993,-2.1329799,-11.50798
-11.512925464970229,-3.0498936,-0.049893655,-6.674894,-11.512925464970229
-11.512925464970229,-2.8122275,-0.0622275999999999,-8.312227,-11.512925464970229
-11.512925464970229,-8.326747,-0.2017472,-1.7017472,-11.512925464970229
-9.264262,-0.0142624679999999,-4.2642627,-11.512925464970229,-11.512925464970229
-11.512925464970229,-3.530564,-0.0305640799999999,-7.1555643,-11.512925464970229
-11.512925464970229,-11.512925464970229,-1.9107093,-0.1607092499999999,-8.535709
-11.512925464970229,-5.013438,-0.013438199,-5.013438,-11.512925464970229
-11.512925464970229,-0.25205094,-1.5020509,-9.252051,-11.512925464970229
-11.349181,-0.97418106,-0.4741810999999999,-9.474181,-11.512925464970229
-5.5150847,-0.0150846309999999,-4.5150847,-11.512925464970229,-11.512925464970229
-11.512925464970229,-2.1274345,-0.12743439,-7.6274343,-11.512925464970229
-11.512925464970229,-6.60158,-0.1015802599999999,-2.3515801,-11.512925464970229
-11.512925464970229,-10.069439,-0.6944389,-0.6944389,-11.512925464970229
-1.7021729,-0.20217288,-7.2021728,-11.512925464970229,-11.512925464970229
-11.512925464970229,-10.201506,-0.82650536,-0.5765053599999999,-11.201506
-11.512925464970229,-10.012153,-1.1371523,-0.38715228,-10.262153
-11.512925464970229,-6.189032,-0.064032234,-2.8140323,-11.512925464970229
-11.512925464970229,-3.2901874,-0.0401872769999999,-6.2901874,-11.512925464970229
-3.7828357,-0.032835755,-4.657836,-11.512925464970229,-11.512925464970229
-11.512925464970229,-1.1372646,-0.3872646,-8.512264,-11.512925464970229
-11.512925464970229,-5.7911844,-0.0411841869999999,-3.2911842,-11.512925464970229
-11.512925464970229,-11.512925464970229,-4.0267315,-0.026731476,-4.7767315
-11.512925464970229,-9.724306,-0.4743056600000001,-0.9743056,-11.512925464970229
-0.4741254200000001,-0.9741254,-10.099126,-11.512925464970229,-11.512925464970229
-11.076074,-0.82607365,-0.57607365,-9.701074,-11.512925464970229
-11.512925464970229,-2.1272671,-0.1272671999999999,-8.502267,-11.512925464970229
-0.100227594,-2.3502276,-11.512925464970229,-11.512925464970229,-11.512925464970229
-8.404988,-0.029988246,-3.5299883,-11.512925464970229,-11.512925464970229
-11.512925464970229,-9.725713,-0.1007124199999999,-2.3507123,-11.512925464970229
-6.630408,-0.0054078307,-5.505408,-11.512925464970229,-11.512925464970229
-11.512925464970229,-1.1370943,-0.38709432,-9.7620945,-11.512925464970229
-11.512925464970229,-1.9115176,-0.16151766,-6.6615176,-11.512925464970229
-11.512925464970229,-11.512925464970229,-6.2544656,-0.004465489,-6.0044656
-11.512925464970229,-7.0077085,-0.0077086003,-5.0077085,-11.512925464970229
-11.512925464970229,-5.9779615,-0.10296164,-2.3529615,-11.512925464970229
-11.512925464970229,-8.289291,-0.039291024,-3.289291,-11.512925464970229
-11.512925464970229,-11.512925464970229,-5.009189,-0.009189272,-6.009189
-11.512925464970229,-11.512925464970229,-5.009189,-0.009189272,-6.009189
-11.512925464970229,-11.262025,-1.1370248,-0.3870247999999999,-9.637025
-11.512925464970229,-3.7741966,-0.0241966059999999,-7.0241966,-11.512925464970229
-11.512925464970229,-2.3505929,-0.10059278,-7.9755926,-11.512925464970229
-7.424226,-0.0492260269999999,-3.049226,-11.424226,-11.512925464970229
-0.029754074,-3.5297542,-11.512925464970229,-11.512925464970229,-11.512925464970229
-11.512925464970229,-6.256596,-0.0065960019999999,-5.756596,-11.512925464970229
-11.512925464970229,-2.350718,-0.1007181259999999,-7.975718,-11.512925464970229
-8.079262,-0.079261534,-2.5792615,-11.512925464970229,-11.512925464970229
-6.1453185,-0.020318685,-4.0203185,-11.512925464970229,-11.512925464970229
-11.512925464970229,-3.775011,-0.0250111599999999,-8.150011,-11.512925464970229
-11.512925464970229,-4.763085,-0.013084938,-5.513085,-11.512925464970229
-11.512925464970229,-2.35079,-0.10079013,-7.47579,-11.512925464970229
-5.568416,-0.3184162,-1.3184162,-6.693416,-11.512925464970229
-11.512925464970229,-5.5079503,-0.007950126,-5.7579503,-11.512925464970229
-11.512925464970229,-11.512925464970229,-4.5151653,-0.0151651789999999,-5.5151653
-11.512925464970229,-11.512925464970229,-4.5151653,-0.0151651789999999,-5.5151653
-11.512925464970229,-7.8990955,-0.02409537,-3.7740953,-11.512925464970229
-6.512549,-0.0125489739999999,-4.512549,-11.512925464970229,-11.512925464970229
-11.512925464970229,-2.127281,-0.12728095,-8.002281,-11.512925464970229
-11.512925464970229,-1.7019116,-0.2019115399999999,-7.9519114,-11.512925464970229
-1.9105538,-0.16055383,-8.035554,-11.512925464970229,-11.512925464970229
-11.512925464970229,-4.266337,-0.016336871,-6.141337,-11.512925464970229
-11.512925464970229,-8.201824,-0.2018238799999999,-1.7018238,-11.512925464970229
-11.512925464970229,-4.512182,-0.012182082,-7.012182,-11.512925464970229
-11.512925464970229,-8.312252,-0.06225179,-2.8122518,-11.512925464970229
-11.512925464970229,-8.93881,-0.3138099,-1.3138099,-11.31381
-11.512925464970229,-9.512506,-0.38750544,-1.1375054,-11.262506
-11.512925464970229,-7.759127,-0.009127024,-4.759127,-11.512925464970229
-0.1605384999999999,-1.9105384,-8.160539,-11.512925464970229,-11.512925464970229
-11.512925464970229,-9.664384,-0.039383512,-3.2893834,-11.512925464970229
-11.512925464970229,-4.513007,-0.0130070479999999,-6.263007,-11.512925464970229
-11.512925464970229,-8.100781,-0.1007813,-2.3507812,-11.512925464970229
-11.512925464970229,-4.0205235,-0.020523675,-6.2705235,-11.512925464970229
-11.512925464970229,-2.1270692,-0.12706932,-9.002069,-11.512925464970229
-11.512925464970229,-2.1271293,-0.12712938,-8.62713,-11.512925464970229
-6.2586365,-0.008636555,-5.0086365,-11.512925464970229,-11.512925464970229
-8.543342,-0.0433420499999999,-3.168342,-11.512925464970229,-11.512925464970229
-11.512925464970229,-3.049386,-0.04938603,-7.299386,-11.512925464970229
-11.512925464970229,-2.350537,-0.100537136,-8.350537,-11.512925464970229
-11.512925464970229,-2.5796814,-0.0796814599999999,-7.5796814,-11.512925464970229
-11.512925464970229,-5.7610326,-0.0110327299999999,-5.0110326,-11.512925464970229
-11.512925464970229,-2.1276824,-0.12768245,-7.2526827,-11.512925464970229
-11.512925464970229,-6.3004436,-0.05044365,-3.0504436,-11.512925464970229
-11.512925464970229,-5.020838,-0.0208377859999999,-4.270838,-11.512925464970229
-7.1877613,-0.0627613199999999,-2.8127613,-11.062761,-11.512925464970229
-11.512925464970229,-4.0198283,-0.019828185,-6.6448283,-11.512925464970229
-11.512925464970229,-4.0198283,-0.019828185,-6.6448283,-11.512925464970229
-11.512925464970229,-5.7563868,-0.0063865995,-5.7563868,-11.512925464970229
-11.512925464970229,-2.350668,-0.10066801,-8.225668,-11.512925464970229
-11.512925464970229,-3.0500433,-0.05004345,-6.5500436,-11.512925464970229
-11.512925464970229,-3.7738144,-0.02381452,-7.5238147,-11.512925464970229
-4.5138326,-0.013832723,-5.8888326,-11.512925464970229,-11.512925464970229
-0.97421086,-0.4742108599999999,-8.974211,-11.512925464970229,-11.512925464970229
-11.512925464970229,-2.350676,-0.100675985,-7.725676,-11.512925464970229
-6.580399,-0.0803991499999999,-2.580399,-11.3303995,-11.512925464970229
-8.45172,-0.20171982,-1.7017198,-10.07672,-11.512925464970229
-1.5021145,-0.25211447,-8.627114,-11.512925464970229,-11.512925464970229
-11.512925464970229,-0.9753523,-0.4753522999999999,-9.725352,-11.512925464970229
-10.6295185,-2.1295187,-0.1295187299999999,-6.1295185,-11.512925464970229
-11.512925464970229,-11.512925464970229,-1.314524,-0.3145240499999999,-11.314524
-0.5761567000000001,-0.8261567,-8.451157,-11.512925464970229,-11.512925464970229
-11.512925464970229,-7.5097857,-0.0097856049999999,-4.7597857,-11.512925464970229
-7.6875324,-0.06253223,-2.8125322,-11.512925464970229,-11.512925464970229
-11.512925464970229,-6.7076693,-0.5826695000000001,-0.8326695,-7.3326693
-11.512925464970229,-11.512925464970229,-1.7047677,-0.20476776,-11.079768
-6.531296,-0.031295948,-3.531296,-11.512925464970229,-11.512925464970229
-10.813837,-0.3138374999999999,-1.3138375,-10.813837,-11.512925464970229
-5.75781,-0.0078100855,-5.38281,-11.512925464970229,-11.512925464970229
-8.798836,-0.04883569,-3.0488358,-11.512925464970229,-11.512925464970229
-11.512925464970229,-10.4176,-0.16759984,-1.9175998,-11.512925464970229
-11.512925464970229,-11.512925464970229,-1.1396573,-0.3896572,-11.512925464970229
-9.226192,-0.1011926,-2.3511927,-11.101192,-11.512925464970229
-11.512925464970229,-11.512925464970229,-2.5799904,-0.0799903,-10.95499
-11.512925464970229,-1.9110637,-0.16106366,-8.161063,-11.512925464970229
-11.512925464970229,-8.577562,-0.2025620599999999,-1.7025621,-11.512925464970229
-11.512925464970229,-6.504484,-0.0044843581999999,-5.879484,-11.512925464970229
-11.512925464970229,-2.1361592,-0.1361591499999999,-4.761159,-11.512925464970229
-9.654936,-0.0299357289999999,-3.5299358,-11.512925464970229,-11.512925464970229
-11.512925464970229,-5.8846645,-0.0096647199999999,-5.8846645,-11.512925464970229
-11.512925464970229,-10.871578,-1.3715782,-0.3715781599999999,-10.996578
-11.512925464970229,-11.512925464970229,-0.8314433,-0.5814433000000001,-11.512925464970229
-11.512925464970229,-10.335489,-0.21048889,-1.7104889,-11.512925464970229
-2.12711,-0.12710996,-8.62711,-11.512925464970229,-11.512925464970229
-11.512925464970229,-6.1389146,-0.0139144299999999,-4.5139146,-11.512925464970229
-8.923763,-0.0487631369999999,-3.048763,-11.512925464970229,-11.512925464970229
-6.300456,-0.0504560059999999,-3.050456,-11.300456,-11.512925464970229
-11.512925464970229,-1.7017477,-0.20174769,-8.201748,-11.512925464970229
-11.512925464970229,-3.5305443,-0.0305441819999999,-7.2805443,-11.512925464970229
-11.512925464970229,-4.765353,-0.015353381,-5.390353,-11.512925464970229
-10.568814,-0.69381434,-0.69381434,-8.193814,-11.512925464970229
-11.512925464970229,-5.515134,-0.0151338359999999,-4.515134,-11.512925464970229
-11.512925464970229,-4.884874,-0.0098740189999999,-6.134874,-11.512925464970229
-10.725073,-0.97507334,-0.4750733399999999,-6.9750733,-11.512925464970229
-8.018506,-0.018505871,-4.018506,-11.512925464970229,-11.512925464970229
-9.002212,-0.12721145,-2.1272116,-11.127212,-11.512925464970229
-11.512925464970229,-5.760011,-0.0100111699999999,-5.010011,-11.512925464970229
-11.512925464970229,-2.5802302,-0.0802301699999999,-6.70523,-11.512925464970229
-7.273964,-0.023963744,-3.7739637,-11.512925464970229,-11.512925464970229
-5.381337,-0.0063369679999999,-6.381337,-11.512925464970229,-11.512925464970229
-11.035359,-0.16035919,-1.9103591,-10.410359,-11.512925464970229
