group,COT1,COT2,COT3,COT4,COT5
0_0,1.7092767553995958,1.1829223817596513,1.8024986396087,2.120585704422787,1.4336743804126038
0_1,2.095398679657693,3.373095852217787,3.247978417800423,3.15726418756072,3.078938543518996
0_2,2.8960677777097965,3.0,3.099451160341152,3.0408965930093954,2.705490510344193
0_3,2.660304066288822,3.464076492014226,3.140776949565215,3.1562621947788925,2.879993615013817
0_4,3.5042534968636128,3.5471613493635172,3.4701569372594085,3.237758068034969,2.938197619840315
0_5,2.9427218851468813,3.0,3.3172530746269024,2.559673831014202,2.8303189779019893
0_6,3.728888194625862,3.514901831335163,3.5343200576161746,3.292383888804416,3.3681117442609367
0_7,3.1786164057783326,3.0,3.3416789236886033,3.2197064293355537,3.250929904244481
0_8,2.535167408028952,3.0572841565024507,3.0558790268229563,2.4751978956882916,2.760031260877813
0_9,3.337691339382646,3.4049068194123535,3.226242056296366,3.199200638902926,3.176644149839129
0_10,3.043121852861143,3.615410962088031,3.5429502993643633,3.3136983500181545,3.309182901677447
0_11,3.442836221642932,3.0,3.4824072184316965,3.1668191788521742,3.3016105952979258
0_12,3.785639508581689,3.8413315602055436,3.4904232422609835,3.30483745769924,3.245493598481469
0_13,2.8354735170819696,3.4307662692154524,3.117135189990954,3.0411259722009745,2.8622351831406077
0_14,1.1121907349161544,3.0,2.463126892698246,2.0393348386156416,1.2871755047415883
0_15,3.086198469825964,3.3996900744555894,3.3110957380118338,3.1999932892276037,3.282334789384389
1_0,1.316382370348469,3.0,2.5545331680582315,2.9564337120631627,1.0495331170041025
1_1,3.3360769927445477,3.4794655781457897,3.391997716829088,3.3233723024432837,3.1014764606180143
1_2,3.163268444702195,3.5762737334478163,3.453328892761777,3.30922636764005,2.9992160535618773
1_3,2.6295734912995794,3.0,3.0620415742867477,2.8823930682080094,2.3848306204802987
1_4,2.519629564476402,3.0,3.100182002463899,3.0,2.9860321394547027
1_5,2.6844661775380017,3.0,3.0,2.283964881817472,2.545326407539607
1_6,3.449264237760278,3.5530112777241065,3.472889385815424,3.0817619254475486,3.149008029895001
1_7,1.6015042823503298,3.0,2.825824864564205,2.4572539648392095,1.685691014381774
1_8,1.931847534468769,3.0,2.6057378604764794,1.3445542087804303,1.5323161232885656
1_9,2.558245670108161,3.0,3.3126240660566775,3.147800360974106,2.7811058116946628
1_10,2.474296036296702,3.0,3.183562861026307,2.698045447041857,2.6490592623086275
1_11,4.0476732534675115,3.9282782439818953,3.675763530314983,3.595311387457321,3.4060011488217605
1_12,2.9212399222123016,3.309153342317743,3.2752938906175366,2.980175720082171,2.5329471908037937
1_13,1.835724737829785,3.0,2.608012217905005,2.3350709242908523,1.9304559650104103
1_14,1.3887611459524825,3.0,1.9339260021552032,1.7453559862969836,1.9586821166320427
1_15,2.6823514162805027,3.0,3.2459967217316357,3.08873498583489,2.4449492543120432
2_0,2.6275326131595027,2.0549184607937545,2.9662684468281726,2.8959104320033004,2.0150808083230376
2_1,3.0422004566956247,3.898608833198187,3.4247484125346666,3.4141508393443467,3.084378389270411
2_2,2.9708580783535354,3.550287713792708,3.234527940859877,3.180778327746399,3.057050137043909
2_3,2.3558838910995843,3.0,2.9359524173678357,1.5534302990646074,2.4836275054262535
2_4,2.8861819062898952,3.0,3.3175082041778516,3.040642181381641,3.1958577342330763
2_5,3.0595222718509336,3.0,3.415622891119035,3.3908862345065245,3.130711223498402
2_6,3.6872239370537767,3.643181094470716,3.664842600928037,3.37091106440634,3.4761289789289553
2_7,2.9900016573827832,3.5297632285289726,3.3829798254864785,3.0307434700012017,2.9928017235969433
2_8,3.5881398842536556,3.0,3.3139333750996167,3.2343057869453418,3.2607582568544777
2_9,3.1628011172803463,3.3006158641198,3.147717110554041,2.9787322972076815,1.9594260695627135
2_10,3.5911510624058076,3.576192225991771,3.543026044536651,3.429822544656003,3.3044273890904723
2_11,3.710023826819964,3.5663678693825354,3.545523056249424,3.3726332557641725,3.223733562104724
2_12,2.489688118126704,3.0,3.1774174056010764,3.003055747819075,3.0404406384849723
2_13,2.59652479528032,3.4383999231187863,2.8799857912383313,2.1327358542554777,2.4347536206739595
2_14,3.13305811744914,3.510991064638795,3.659676979531214,3.2707569654387614,3.1040238299795444
2_15,2.9668561096338295,3.0,3.320206926962316,2.710332036545387,2.909667523398918
3_0,2.4810280579755455,2.9999999999999996,3.082143495412739,2.9999999999999996,2.0082895283249926
3_1,2.938188268058441,2.6235827894425063,3.3688107808806094,2.78219476215341,2.823660777789253
3_2,3.201344225192964,3.0,3.436686588981795,3.256846144522453,3.004720415064691
3_3,2.735720334306107,3.0,3.1252571655582755,2.6922304788222102,2.8919456084645248
3_4,1.965734012459976,3.0,2.826445499712258,1.8598404423636228,2.4406179114202313
3_5,2.6449872585475487,3.0,3.140819430102674,2.145296646896949,2.807138276918712
3_6,3.2424877366478477,3.4482942887716526,3.4727968923085553,3.147028688881687,3.094012422402411
3_7,3.1430078300309137,3.0,3.250180383619601,2.063422134840046,2.443631187761881
3_8,3.242051661503443,3.560734969658788,3.3614550912103334,3.0517004502373672,3.1908343346033177
3_9,2.4294940464477577,3.0,3.3939787508632997,3.2415822095589815,3.01726855084542
3_10,3.042872251743135,3.3681720247191733,2.9313994609548253,2.59199651711129,3.0882838237496912
3_11,3.392414628142845,3.534662424796244,3.1552360439578435,3.2150665773831983,2.8968620644675465
3_12,3.9244979744008863,3.7345851824347522,3.881915889673447,3.6462298428392153,3.6159864599331937
3_13,2.8774057964275177,3.445077903267734,3.2355004977038924,2.9999999999999996,2.359075005476463
3_14,1.329604572255867,3.0,2.143107395435917,1.720412454036344,1.7441553282447713
3_15,3.1587709656119776,3.0,3.270111046637662,3.3174865424908875,3.1036966677513127
4_0,1.0686212385836753,1.2329740329859251,1.405157785069308,1.1985660993451899,1.4095955622235325
4_1,2.369073910752382,3.0,3.1407289879614892,2.300036509101663,2.889366746168127
4_2,2.9029637564111206,3.4559179618075513,2.5986947599821515,2.8412677364633474,2.727977820328152
4_3,1.4742775325301456,1.1807719460179618,2.5683051093737976,1.3749231426006239,1.186904673362885
4_4,2.0422921758980617,3.0,2.315027046664186,2.218646483063403,2.086828831217277
4_5,2.280452013128192,3.3642798166214236,3.2376395940422684,2.4726027572694846,2.70923198371784
4_6,2.7513263506614614,3.427639909126194,3.2103147657470834,3.085582375315242,3.228881051334911
4_7,3.707207106077646,3.7147495799807113,3.5559961985877644,3.4167818549482374,3.4418298387333266
4_8,1.044652209460768,1.0230445966013713,1.1245438894763307,1.0743834044432943,1.1335155624451694
4_9,2.4128750161711,2.706238940629868,2.723806420056569,1.9597271812708241,2.582254552306486
4_10,2.3632577101429613,3.0,3.059029384027556,2.3294633080547773,2.41877608836505
4_11,2.062650933754779,3.376252696835407,3.128376452286334,1.9561096974453185,2.1959629947360417
4_12,3.430309034788221,3.0,3.4343456103987577,3.179723076289039,3.0410428741694395
4_13,1.6343685864729498,1.8693833963790512,1.6647627345102198,1.8929975605278107,2.2877718549286383
4_14,1.277498370365874,2.1204769614407826,1.37336648426164,1.5490980841090545,1.2473205548915898
4_15,1.8565385538498418,1.9211234000079391,2.8214664040465998,2.865468478815638,2.549616202341262
5_0,2.1558518244749694,1.0973728065107542,2.2128808339778545,1.3706274985538571,2.2772871199036353
5_1,3.046387625449706,3.3860400443714584,3.4561593438681744,3.217632016872587,3.1528895933898147
5_2,3.161117547945297,3.5310480118214826,3.401829320067817,3.237404102736938,3.196477746614744
5_3,2.851830551169066,3.0,3.326113296283302,2.9874354416448283,3.031109053802719
5_4,2.9452000307795108,3.5485279345794107,3.528784409625023,3.308065224130283,3.323244039666391
5_5,3.4124491693126284,3.763156759355117,3.5213853390523506,3.300426106090206,3.21717119150515
5_6,2.823739112682903,3.649419316143445,3.370772120201714,3.063928873872511,3.260264154276239
5_7,2.9292023736660657,3.411000561014025,3.397682746640707,3.0553889248117385,3.2212080745666123
5_8,2.409793622802155,3.0,2.7617501049334114,3.0410334407287634,2.988706268126935
5_9,3.174303904368165,3.5627180678739534,3.3321246338870094,3.048870923974057,3.1124463104815443
5_10,2.743486251457254,3.0,3.411818742946888,3.1203495835116293,2.9782945282633704
5_11,3.8189988587373094,3.904619951740052,3.6224159105694818,3.595956063260887,3.4298938868251723
5_12,3.506124764534756,3.677985795192366,3.5228120703734596,3.3409605191123077,3.537039482146634
5_13,2.4424757692891874,3.0,1.1383986256046468,2.6706572825584636,2.0768185367000145
5_14,2.9294797471592777,2.8207151383289104,2.55691676069706,2.952123308628693,2.6222640604984218
5_15,2.1739489820641977,3.0,3.1641102533482526,1.8717171108918147,2.901862259507902
6_0,1.4439781582903508,1.3925240674816626,1.642737817505141,2.4372202929031186,1.1446492996323683
6_1,1.3704877398939348,3.0,2.253939298770214,3.0,1.4065770257509584
6_2,2.7524834901007127,3.4876665994894007,3.2611435052675937,3.0989908539900686,2.6808220282773947
6_3,2.28895067437072,3.000000000000001,2.667074184779389,2.8418719449107934,1.843305774755148
6_4,3.1012698940265078,3.4105298003348534,2.9887118906026053,2.9335912149218446,2.694487032091231
6_5,3.006629055289359,3.515531815845944,3.217292970485881,3.2319838752353847,2.6449005270603423
6_6,2.657535386596771,3.0,3.3239056194016783,3.0528826611142463,3.18106730852671
6_7,2.9732874424266407,3.2771664390863635,3.2725120228332436,2.6701966310433063,2.522493874491678
6_8,1.4930791248725412,1.4223911189506018,1.7118978189842735,1.4417028712971605,1.382906448410589
6_9,2.1685156421666565,1.9021964924904327,2.0745494867183716,2.9498187358493926,1.338565429977216
6_10,2.2202258099329084,1.7305668257208897,2.809118372151053,2.352239018685217,1.9021135541760978
6_11,3.1293290064353747,3.4855242179120154,3.35554045747716,2.7165728099260815,2.8608260809278874
6_12,2.2857541279758222,3.0213891399011215,3.307372638963234,2.4563676550965843,2.595057238825039
6_13,1.0867644315725058,1.0614450215860116,2.228530758491027,1.1627820191717435,1.131316644853517
6_14,1.4963286997648646,3.0,2.6196091211976746,1.3995569773537553,1.741175723805033
6_15,2.535587966941031,2.2380995910512116,3.0782340945821964,1.8634655264574438,1.9894492475518222
7_0,2.8911824900452885,3.556432018653398,3.1595901265031756,3.0596968603878696,2.3170476251276977
7_1,2.6087363808613757,3.5724742649110652,3.1361502329855573,2.8642887528246668,2.815899062214994
7_2,3.3384425399184985,3.693285999090065,3.492713420452933,3.35862095577749,3.385427343772199
7_3,2.339776210688514,3.5739026650273087,3.195087504496068,3.0505081915296555,2.7761498365102697
7_4,2.857449953110365,3.0,3.422052421692633,2.853890231787205,2.2767602281428534
7_5,3.209816747327344,3.0,3.484894611834925,3.2527159110609567,3.1378077196624035
7_6,3.1397864141272547,3.6095832012275397,3.7024202081172506,3.359400173231865,3.4287823010115512
7_7,2.0482603932049694,3.0238157976724804,2.806512213893284,2.348770375627937,2.678175780206153
7_8,3.7059535695849712,3.728464905386043,3.4807653208663765,3.6275313933998174,3.382709741768551
7_9,2.956116368789404,3.0,3.3066736015682903,3.241878765680353,2.981075806206753
7_10,2.990840750280334,3.0,3.1473771998258977,3.072176826518556,2.854122133380801
7_11,3.494860704143136,3.697950889718168,3.4953615681598813,3.4418338255584855,3.213200726124384
7_12,3.171823272552395,3.6742077677658984,3.301533068460543,3.3319591192470948,3.209050356251272
7_13,2.538616866507001,3.5189695569618036,3.271294919235677,3.0298365725924183,2.7782501877747716
7_14,2.0993400324684135,1.1298716536785558,3.0390495800481023,2.628892075463675,2.3833897635036263
7_15,3.1325685683434727,3.7369543743492017,3.487393633951866,3.151108721992281,3.078901581969207
8_0,1.3644607830804554,3.0,2.5079187465692563,1.8216209528900358,1.2711372895443134
8_1,2.9566529450082637,3.0,3.4350523632651053,3.151857493088707,2.9053281612969375
8_2,3.3431806989079136,3.7388167711300144,3.4417964106270227,3.606457452696127,3.3529604033139297
8_3,2.345951563444367,3.367087585303089,3.0117557838736184,2.6404102286563567,1.971711329859364
8_4,2.0801141243084893,3.0,2.8490595954551265,2.108990639104319,1.5908823238024485
8_5,3.565741797961271,3.8876437105487844,3.7286187501132906,3.6111241686375286,3.4194231925820184
8_6,3.5297499978023343,3.710586215408398,3.697373828658815,3.4727551997375445,3.5374079366236186
8_7,1.3423670806545613,2.4553100691012135,2.1753278448201336,1.2277194949877148,1.743198060543343
8_8,1.1736818505873392,1.1553031908343059,2.0424224640130055,1.2030354206320515,1.1628316275856243
8_9,3.0358006671699713,3.0,3.157901339235923,3.163847844870747,2.6353477350347947
8_10,3.499907601792507,3.5868326677573164,3.5860125000037235,3.3297493583175695,3.054550003229999
8_11,3.7853876923712004,3.794302267302414,3.5741405856240154,3.524409356708802,3.3809320413478563
8_12,2.5579501475185737,3.0,3.0000000000000004,3.0686822991001583,2.2658836192472287
8_13,2.6132933191294407,3.0,3.012878864719883,1.710372079298067,1.900056633352008
8_14,2.6307833680872403,1.0587741875018082,3.2986550118608475,3.0,1.5594470504650426
8_15,2.9822402398554826,3.0,3.083948944625041,2.7587017400887515,3.1884422497746625
9_0,2.7440954085479485,1.9615289357606938,2.988350349454723,2.8280465284142267,2.4216441798537423
9_1,1.8490737353014293,1.7125378067646666,2.675882953569813,2.2819632089246737,1.2050332080319959
9_2,3.156679562480203,3.482698665934859,3.4393097525569694,3.192678719210737,3.001993808364253
9_3,2.2162873909056295,1.7151446304503057,2.875226020178042,2.8022626667278088,1.9055731311065343
9_4,3.155687392437782,3.0,3.1041419163377655,3.1188751060463082,2.729141076347691
9_5,2.405423480209744,3.0,3.036906842717836,2.005875431119209,1.4862167547575884
9_6,3.6228218226518205,3.6088310302552973,3.4915732075460473,3.4399425897703857,3.354043837353959
9_7,3.0417924265949017,3.4001185489432695,2.8892173878608296,2.899528029124128,2.747750369328857
9_8,1.2493631651430166,1.0515869258300279,1.2650527299572978,1.317580205869487,1.0714293190544797
9_9,3.0190323328351423,3.0,3.042650823735941,2.739277645827502,2.0799080084745736
9_10,3.3411898553265496,3.735888117821531,3.352091617795961,3.0897475053711805,2.9325678843596643
9_11,3.6893361620606946,3.0,3.477439070331885,3.286720196968149,3.064940916333693
9_12,3.591106752583161,3.5883561232105183,3.3456521066589646,3.16894293996576,3.1320682300914666
9_13,1.9047174594722962,2.4218415497918295,2.938108238998974,2.3700093385995453,1.4411193975650374
9_14,3.0722001375025156,1.85675930305733,2.88310323200479,2.274780933535747,1.9199661850073932
9_15,3.435796772597004,3.505607076549559,3.315448187098442,3.24865843474073,2.7317236391576913
10_0,1.0652963605714911,1.0427665930200203,1.513583014838973,1.3119137125268867,1.026811969054291
10_1,2.169451140970506,1.2539635288682673,3.030270520647305,2.190001883721091,1.4450748513011435
10_2,3.3704760871643695,3.5500920200994153,3.3658682080522992,3.3137370512803535,3.4262647863171645
10_3,1.4715546640352468,2.2674859440619013,3.0429162579596096,1.8580852024187962,1.8602703084539625
10_4,3.015233195076206,2.851101450937842,3.343161986270669,2.6890257368374666,2.3904586947540256
10_5,1.9544742833159978,2.9436729196149356,2.9672483526584936,2.70384761518041,2.014433378888908
10_6,3.3968697002863726,3.637645531591919,3.5665712162165994,3.2240016898846604,3.356015596445759
10_7,3.56697156884355,3.6169015805430997,3.4184873418872974,3.360932863813591,2.9385205117870234
10_8,1.3698692252581508,3.0,3.0,1.6331709606939353,1.5716398970505725
10_9,3.43449245731942,3.0,3.543312727109205,3.4113562446061487,3.190723599075887
10_10,2.231694284137057,1.0649151654616258,2.5871330385081106,1.868425758485547,1.3054458398066255
10_11,3.9184098079698573,3.8644028675107576,3.6350776985369957,3.7516812420649317,3.575060996147486
10_12,3.31605463742609,3.6243606703543882,3.4420050813530234,3.2708731720489816,3.367868774358783
10_13,1.0236964713086503,3.0,1.291080981535547,1.4159305755448486,1.0605344221842141
10_14,2.694352640608445,3.0,2.5646926989077006,2.686220602705363,2.1550714443000984
10_15,1.2830032281189816,1.3835562803446713,1.2071962524313418,1.1163253684083418,1.2023884868741843
11_0,1.8606742004826864,1.2231277659985944,2.1727649121677666,2.176990395011865,2.15108138575254
11_1,2.0461306878248116,1.897232948335616,2.0336942477773268,1.2344608585161994,1.8609068729049294
11_2,2.421218158847254,1.8460961992608471,2.8632227643677246,2.626655203941135,1.768729071948641
11_3,1.4217486074988213,3.0,1.990001539224151,2.0283632330175756,1.8167217865026293
11_4,2.4184369296033754,2.5547895199755217,2.978721342399129,1.481562516671691,1.428452000117411
11_5,2.537533613890212,3.0,3.0175346176188316,2.1836568480242238,2.5348345612154843
11_6,3.399999116345569,3.0,3.3671122240579803,3.2937996054066088,3.1487226557777617
11_7,3.046591686014095,3.5874513496334055,3.436999580783805,3.0596642416813356,3.155443145782514
11_8,3.219165990618188,3.0,3.0024064444130856,3.1667245019834422,2.960315778956791
11_9,2.3822396147281646,2.213014360530003,3.042799107082559,2.9488219460267886,2.2709636329396807
11_10,3.1070176672199197,2.7959091391904907,3.2651370761166048,2.993960429154841,2.722045831710551
11_11,3.563507702411513,3.0957834706542933,3.395862896558183,3.2906516800613796,3.058279848103682
11_12,3.175228573845103,3.4657775665576738,3.285796918883856,3.2260686269755094,2.996683949432115
11_13,2.5209965668721708,2.1624905606259546,3.034029395604599,2.1957601178166466,2.069604193100561
11_14,1.1716832704980795,3.0,1.3575344105641354,1.3433597423838002,1.0659046649592927
11_15,2.363760154303008,3.0,2.374762058715478,2.2720465821359275,2.0540323042423676
12_0,2.3974656338950053,3.0,2.6470449669414777,2.9999999999999996,2.015624912572633
12_1,3.373489702081212,3.702765300569172,3.422593574434305,3.267330685847276,3.2457615361834176
12_2,3.7154827153773753,3.0,3.5783112670633237,3.433577907757992,3.415501948417975
12_3,3.1138092788649936,3.4839705568591124,3.5010563170591382,3.1390060945041722,2.9598023902462773
12_4,3.0911456376801794,3.5562721853466464,3.4362282875234746,3.169939464581543,3.162297396809434
12_5,3.0250219478392726,3.9366742330302693,3.278508396843291,3.100436501202201,3.2538016972441586
12_6,2.993766126219557,3.0,3.429294247583558,3.276362220011577,2.7391686412252176
12_7,3.047893094716725,3.5258836011398995,3.4783931660022356,3.269914938239235,3.1337499451713704
12_8,1.5957266729702255,3.0,2.8252270638453973,2.7992604794403846,2.439969818034478
12_9,3.189457613284612,3.5441480913327714,3.3184942550282384,3.112246727194963,3.026631409479545
12_10,3.345355442486386,3.550492773691505,3.4250830362315456,3.293352275748273,3.2772431754027123
12_11,3.4048814468139694,3.0,3.475734392550069,3.456841778760281,3.2200820170772904
12_12,3.266154325060002,3.599366911904018,3.405851034812149,3.2439427567013146,3.1374144241715807
12_13,2.095912158608242,3.0,2.9678249090413,2.3024408355873947,2.384354107275311
12_14,1.4611194522581235,3.0,1.906853788941892,2.106253937425168,1.354693970826112
12_15,2.644374970515813,3.0,2.811680059383221,2.7628117509694827,2.730125265657837
13_0,1.2104158100640228,3.0,1.6993083711318928,2.4747862095651043,1.904805998388823
13_1,2.044062409895249,2.9170293687669338,2.4894188137284834,2.47780715110131,1.923197983768187
13_2,3.462363076187466,3.6427058630750007,3.5697833986814214,3.569213564898028,3.6131045263103148
13_3,2.63900065006391,3.402946908265039,3.1636678360796764,2.9507905721441827,2.96806340040644
13_4,2.7392526093873406,3.924237519313539,3.1115413169180193,3.126265064701134,2.825089392589129
13_5,2.8479170697010545,3.0,3.2464934164369557,3.3213590407037015,2.660831317801456
13_6,3.462253066846036,3.6418092169776344,3.539786443371115,3.330297767814404,3.178618551936528
13_7,3.434408594870043,3.0,3.5741345362772465,3.3796222628445594,3.401750427701025
13_8,1.3510418750477606,1.0376850371976747,2.459864569952409,2.10948204657869,2.417266631004853
13_9,3.491367703190712,3.558786591217075,3.271424678918676,3.3939044427832066,3.3436414698316708
13_10,3.5074393647954736,3.521407512556436,3.2238367631349276,3.3693791412330145,3.0590211583910545
13_11,3.1422600765719064,3.0,3.2238367631349276,3.2868650706183704,3.4720987144043947
13_12,3.5013108879889248,3.520298651561621,3.32745959270302,3.4157954181161716,3.3779508907763858
13_13,2.9101504103576543,3.0,3.2582652622458688,3.3204526220531037,2.9134170117341824
13_14,2.494533656905983,3.0,3.005584267340993,3.0481620392288753,2.2617635302919683
13_15,2.967502554562073,3.441136619199389,3.2103520741820013,3.08059909359469,3.0194305552245377
14_0,2.00440244759153,3.0,2.893362685307474,2.7861685419143543,2.3179505680390595
14_1,3.2388884020958355,3.961028591977011,3.241697114330164,3.1822551060883923,3.216934446473351
14_2,3.3028797486991373,3.4663349302935944,3.5099370682100766,3.2699536958300293,3.274517916087409
14_3,3.499956138792704,3.6941900283640923,3.404603037100472,3.4794826371209813,3.3968780667384366
14_4,3.156221847110779,3.0,3.1736718892972533,2.954055710806141,2.7732613458323674
14_5,3.5596678375150894,3.701623699765867,3.4506228644138366,3.4305989880378878,3.498421042143878
14_6,3.467971419827272,3.9354549273222332,3.5391334599984043,3.545980050576671,3.4786935271981947
14_7,3.254136107783321,3.365906898012548,3.3201666295372614,3.1624206765356235,3.047938926463726
14_8,1.550490988802569,3.0,2.7725060864880335,2.3412728873433193,2.635956626958759
14_9,3.0419027332998496,3.0,3.3452066086467913,3.1474707858600963,2.9801952395650395
14_10,3.4979374242954666,3.6163278356286606,3.4139233040733297,3.5315869655338967,3.3044847049814146
14_11,3.4795130636916594,3.9157579933129636,3.576572095285703,3.607734948888892,3.342376964323554
14_12,3.33905914781045,3.0,3.538868920503351,3.3196778700865317,3.4973485609876733
14_13,2.8572487810898983,2.8437248392247247,3.2793008010558187,3.1169293295530482,3.0704175817968737
14_14,2.9554778447401056,3.2598493670289352,3.2335680156341087,3.0133499961910344,3.0047296258244174
14_15,3.053500109102844,1.0444566054016358,3.231482527812553,3.057663246574289,2.9813533020546257
15_0,3.058317441766685,3.8970152131706017,3.531733899057536,3.3089052736716997,2.989239988047349
15_1,3.6353383650790225,3.5844779012064154,3.4518257774093835,3.343387750452704,3.2727385356509147
15_2,3.624520765489072,3.706798989821194,3.417709248151711,3.47898519513675,3.389957941229373
15_3,3.3732757784168785,3.6398182805217547,3.462348492813209,3.2939524209115008,3.3202029290282673
15_4,3.316174097089173,3.619863337356856,3.38707731506195,3.272581363947461,3.3476551439688143
15_5,3.5635896758718544,3.6314430180942754,3.653963102492046,3.43897343785925,3.4667055586947773
15_6,3.2589924970544795,3.6063313719909305,3.518531857620473,3.488560352657092,3.3549220615754165
15_7,3.624831875132597,3.876347994741877,3.557650906137304,3.474884110396287,3.421716369290876
15_8,2.3415706948055015,3.0238425496480366,2.853489335091165,2.868942240138178,1.9597199693904626
15_9,3.1041782744151125,3.567708613436614,3.496346632445374,3.1639031332120693,3.169315447370426
15_10,3.277033390429116,3.4637165828167173,3.3715925321660767,3.2692513548431164,3.4137013044511635
15_11,3.1614424868758046,3.4637165828167173,3.3715925321660767,3.338435408713787,3.0954639663458523
15_12,2.9884407987227877,3.52145552839738,3.513139657730113,3.4167613586567165,3.1983856521688487
15_13,3.7253949672952995,3.7108890779861223,3.7114809770382142,3.5467230722460257,3.4179167747511228
15_14,3.5670279724206457,3.7049695664710423,3.5923895464235702,3.4252865920248174,3.2727268005967476
15_15,2.791485322207595,3.0642823121865086,3.165882524990187,3.1517377926046084,2.963769956304695
16_0,3.024593392823786,3.0,3.360033646367726,3.319317864517932,3.102786563488128
16_1,2.940658226091665,3.2375809141293783,3.39517829636876,3.192826666598589,3.247126802871471
16_2,3.3103419261261102,3.8092135283037534,3.3422304942055097,3.572074532182318,3.240234071657847
16_3,3.4976226026990944,3.0,3.5444728561397523,3.5349730176838845,3.377231216559267
16_4,3.3464073624579496,3.9519612825242505,3.5657482699910448,3.3999257605522817,3.3310374081079903
16_5,3.432536843541759,3.950686681208622,3.3787063779630184,3.4929516160994494,3.0377087179625017
16_6,3.444116964991969,3.9445068177683913,3.410675659212179,3.4671203206654075,3.3774522752507954
16_7,3.7572641945973957,3.8626307040547876,3.741121141020094,3.4726289249358433,3.4627107345636605
16_8,3.6836491940789386,3.9438863241474214,3.5062586084749587,3.5331813027679746,2.9957511035571
16_9,3.7572641945973957,3.8626651201351407,3.615052535222432,3.4726289249358433,3.3435035060876808
16_10,3.401170980925267,3.665909065948109,3.612850176908129,3.4656997217237757,3.4381411906306547
16_11,3.253274229072068,3.9484584635895823,3.502013758821777,3.547285284561478,3.3087851301112843
16_12,3.7588561667746774,3.889899121495187,3.742847930466783,3.595204048620724,3.473335079775532
16_13,2.896217660375418,3.0,3.3170565346730574,3.2480920870035908,2.7945937544046164
16_14,3.3718334072531255,3.0,3.597760785191067,3.527150237346034,3.2746525807578957
16_15,3.0593802377910424,3.690683581194135,3.4661796914866003,3.393041784300033,3.2330030485052847
17_0,1.4757996184016138,1.1009679867100846,2.080076107949451,2.131381224329099,1.3094541265926873
17_1,2.5669126605358286,1.0676862949511308,3.0787377731274894,2.594080895557939,2.0118683430534303
17_2,2.6217701097828847,3.0,3.1740180178219513,3.0000000000000004,2.8119827466168577
17_3,2.8681614292161934,3.0,2.9478000264842947,3.076414370396391,3.174910423914449
17_4,3.368170031527227,3.4841495000268847,3.536513872757975,3.3756359756123713,3.3867745697406013
17_5,2.9879035342096807,3.902491909770529,1.0712331177920256,3.230006945859437,3.148993712805677
17_6,3.2131483366863907,3.8808483686639343,3.3304918690031964,3.08855860085305,3.0952695212530528
17_7,2.974003642539896,3.3853038833218867,3.4718685538577057,3.0944012267698575,3.204698706956379
17_8,1.5999722394256461,1.0808131771066865,2.254122253966109,2.309604640378132,1.4382804162277876
17_9,3.6240705775734523,3.804350282231536,3.6104647679676556,3.4809473171390732,3.1746014845306783
17_10,2.7300795427325855,3.0,3.078123694155237,2.7361833027823708,2.802243366118046
17_11,3.270546542061925,3.497672961186471,3.5054076910692826,3.4311826104391474,3.379047644765402
17_12,2.9634565629591783,3.0,3.2363990333112875,1.8591047568163623,3.1314977153610863
17_13,2.453557363478373,3.0,3.5432634311928766,2.7515599194095093,2.955484648600136
17_14,1.9876111095291509,1.7619127449685594,2.6652829411985315,2.6683438666868193,1.656254750502965
17_15,3.307605527048725,3.0,3.394215430636084,3.1342926503590727,3.5130520224006343
18_0,2.9296645559246524,3.0,3.1208033722868533,2.803394149374938,3.134375171433563
18_1,3.31239674054063,3.5425506993924687,3.5060863037337895,3.385359979211888,3.345470363315271
18_2,2.1190843411912454,3.0,2.6698058593515115,2.618116069006703,3.0
18_3,2.4130611371635458,3.0,3.213069372587189,3.041010001419698,2.0823796306569093
18_4,2.3429846566503114,3.0,3.095432275296989,3.041010001419698,2.0823796306569093
18_5,2.829541996459113,3.0,3.3233430573443576,3.1457250600725235,2.996758603438169
18_6,3.208313924995499,3.0,3.061490113884474,3.2785124165268353,3.3333738873238676
18_7,3.7137760462430203,3.6455290884372875,3.503679532985482,3.474644830395246,3.342906898275185
18_8,1.6784639475923517,3.0,2.626269326667109,3.0,1.8416442212329254
18_9,3.8828148916911567,3.620552839218431,3.6371248885407157,3.6835110501061066,3.566241189647274
18_10,3.9793211165949396,3.7303699909770525,3.6774633956323663,3.6055116897507005,3.531677817244965
18_11,3.9793211165949396,3.735311092860962,3.6774633956323663,3.708008074781184,3.4783937557308087
18_12,3.991212347434422,3.7359000647856857,3.627662867099364,3.654713930124884,3.5155410922969317
18_13,1.7195741933622202,2.7070807005794495,2.5129722530251626,2.528345993438964,2.5774023383407294
18_14,3.5954499237232085,3.6754583735147563,3.3961176372979454,3.4573855194275014,3.2869700775038564
18_15,2.4630071846286126,3.0000000000000004,3.229820254493835,3.077834156332611,2.525635716208764
19_0,3.193913170288572,3.0,3.181674404484416,3.112846268778037,3.1203679890633005
19_1,3.787379009316174,3.7068313425543886,3.4636969018679644,3.473865403470441,3.461438229265955
19_2,3.977349072924743,3.735779580618398,3.854166598520265,3.6686408112329456,3.756360366754774
19_3,3.3566698076390917,3.9551087028814758,3.524668197540264,3.3607579992704304,3.7574942636356092
19_4,3.5756890447415297,3.855854520466258,3.6865451916065792,3.5363879289632587,3.6423556014606073
19_5,3.510214610074338,3.551884203153054,3.624045470176924,3.3177393194288007,3.5623548922014465
19_6,3.767179722157285,3.83818871344789,3.8088734307276972,3.6113033410423543,3.5735427219101052
19_7,3.791321551814942,3.0,3.627688418767044,3.555548171593377,3.5726051814181745
19_8,2.9371073000053136,3.0,3.188087693605163,3.1328243616543467,2.8413906312825454
19_9,3.8364433218867586,3.0,3.619980338259588,3.3839752452131835,3.5238398505800563
19_10,3.6560965806612544,3.6727712125928194,3.4604650862515314,3.4791994869813863,3.366309108329944
19_11,3.9397981073029227,3.7447995756552266,3.8853900001144828,3.702068646909199,3.6062564651413465
19_12,3.675882558496546,3.90702712528575,3.6399795870604663,3.28425617141445,3.557909738072785
19_13,3.5078516052413997,3.7184465528657835,3.706862118766887,3.335529669838359,3.4770522123244025
19_14,3.3692419882272913,3.9167578671770515,3.4507607123409363,3.4100954266056154,3.4204159229192292
19_15,3.300467245152556,3.9105150304256315,3.4999650618329787,3.236711090392323,3.1774285858715854
20_0,2.6882919252012862,3.3090269409602997,3.1633773793333857,2.8095149444273915,2.8983136954433846
20_1,3.203162648751766,3.611239583304971,3.424778087392315,3.22964582617874,3.3612886481176125
20_2,3.208044470562938,3.516728463274885,3.483641848106287,3.2588081112252723,3.1031332617337677
20_3,3.212214043378526,3.3987358670166445,3.257503304813373,3.0870979888474017,2.9999999999999996
20_4,3.6536160976333223,3.494373443613898,3.428325131744732,3.380531256220238,3.34404106123356
20_5,3.496678579946413,3.7123372344803514,3.4400346025541073,3.2512299916060092,3.0841854094040566
20_6,3.2020066531933935,3.4507029105667035,3.1329124537914406,3.2489866869724366,3.0884958423559765
20_7,3.3696004478181267,3.550084271417666,3.5266592430821935,3.2861794658069226,3.3031878831346675
20_8,1.2381141719967694,1.2206632888069655,1.4671471042612843,1.430781069578999,1.1804759920824746
20_9,3.8288659345375198,3.6364595473077888,3.6404500977199614,3.480310060196068,3.395689195471671
20_10,3.2160384586494817,3.4661848827149697,3.335905576537043,3.2712584469611734,2.878741150973142
20_11,3.713335674414216,3.625280295247201,3.483860522671063,3.4928617752963755,3.3188684691175614
20_12,3.8432298550994863,3.669116339964024,3.542086684720971,3.5234862372348825,3.313444741174915
20_13,3.313667835047209,3.383590311632903,3.4046099755681505,3.3501466587299467,3.399418761713839
20_14,2.872270919427193,2.13356769154434,3.2230294968836324,3.013611386406679,2.9323413139826773
20_15,2.3450375637557896,2.4180650984989533,3.1289787785667333,2.7499658725743936,2.4180619143366946
21_0,1.924843871570317,3.0,2.466317695803729,2.0122020684867454,1.839544074538838
21_1,2.9814804528357124,3.0,3.4220988024361088,3.193074049876874,2.6511008419039013
21_2,3.9115771850008776,4.26563644809439,3.775191437975966,3.5373992474800047,3.3994987024846752
21_3,1.8141494798772297,2.0488375612385656,2.3953576274389348,1.7637272482259958,2.390759113221565
21_4,1.1993549437331443,3.0,1.250632898596151,1.2141968848244757,1.1300453410110283
21_5,3.119554090351646,3.0,3.599824232879657,3.2548520112907484,2.825963632698728
21_6,3.757988568364656,3.9728641574296937,3.630313259660099,3.478513899003273,3.3965553191482636
21_7,3.4567637341856194,3.0,3.6713709252565194,3.5249249224358126,3.4208633171997835
21_8,3.0966129233734843,3.0,3.2542099064528203,3.296712185976591,2.5469193301384845
21_9,3.1158341891998305,3.0,3.4270087281680537,3.47195158621459,3.1373002585178784
21_10,3.4289454148557343,3.6264088558798226,3.5504933049983762,3.4393379498449157,3.279645647564016
21_11,3.932007478644217,3.946988260236046,3.697032842632555,3.591911832999163,3.3517700815779112
21_12,3.282825267024383,3.8028950125375705,3.4349466574708183,3.313923594965997,3.2147951442851594
21_13,3.0773957332123456,3.0,3.2662916946159175,3.2493468272287123,3.0746189830141124
21_14,2.637563809033517,3.0,2.6529213910708265,2.6725590370648544,2.415133804775519
21_15,2.756013685602256,3.0,3.0734671666917373,3.0269434640098885,2.728556798405221
22_0,2.8271008620987153,3.065395910226764,3.199080292167523,3.021797739744827,3.1123097971524634
22_1,2.853273011378945,3.633249697982709,3.355525856475215,3.23755151390836,3.3311308204402823
22_2,2.8436553061199814,1.0564070776301095,3.2242189338394596,3.07558478227297,3.1087945663548378
22_3,3.336030423567078,3.5864406135424707,3.5090489129087086,3.2578244342413876,3.4201816863871897
22_4,2.2791218797372563,3.0,3.1346461038667592,1.7889236507887711,2.917564185908698
22_5,3.271677960956179,3.4416994754225403,3.2160540287166213,3.0082166246372353,2.6971600469606902
22_6,3.180097147077583,3.0,3.26612584196645,3.28247670394879,3.6604887568571014
22_7,3.0898256983341508,3.0,3.2389275429719073,3.3045281132162883,3.267127524579092
22_8,2.38945189904172,1.4649558752388372,1.7136404387191455,1.3597634200522772,1.7270613557302423
22_9,3.6631732306271454,3.6558447488426413,3.631753776189717,3.492801442308619,3.49833026038815
22_10,2.3717120105550826,1.439582615650899,2.7516749513596017,2.52395708617935,2.458296542154094
22_11,3.685850357309381,3.0,3.5650192750550938,3.3893785517485178,3.425739526872737
22_12,2.5328269407885973,2.3908288305475542,2.716574432625997,2.4974255161026,2.50168053671086
22_13,3.0302122445476587,3.4522627967486534,3.4541204979001745,3.2680160881152958,2.9051506793006445
22_14,3.0656433212158753,2.907620621597735,3.2000309586780307,3.333204148875379,3.1373533537834333
22_15,2.5610916215270865,3.3341140984896,3.176569654886072,3.024731625297312,2.9133548671648386
23_0,2.028100158291698,3.0,2.9219680944736552,2.3810106964473015,2.6214155709388955
23_1,3.0387961814141926,3.0,3.359737539617342,2.8593030130621084,3.0473582379516286
23_2,2.79026974535457,3.0,2.783782561071217,2.3430638388918417,2.6348771862469724
23_3,2.0221767072311483,3.0,3.0034326588385323,1.8410678314782,2.7001973892371995
23_4,2.773594775513779,3.0,3.2198573643638224,2.9898277765416306,3.0350890609303014
23_5,2.939487331089535,3.0,3.010127230142223,2.6912901480358107,2.8355142852203277
23_6,3.100538536416235,3.0,3.360152810800219,3.119241747295004,3.2015140966992215
23_7,3.2040379153264413,3.7117326672898088,3.275882164663712,3.2620042651882186,3.102589978275899
23_8,2.6869305474445238,2.774116060247417,3.1356856216235363,1.8607183254483344,2.4781758854848586
23_9,3.090922282852691,3.856135920121334,3.4443289143503484,3.4678789259825953,3.619802765035023
23_10,2.6610312297524454,3.0,3.0177244826856406,3.0428210977909362,2.836195602140593
23_11,3.1665909705012703,3.8600703785173884,3.559967387969943,3.0872423377548195,3.4590670563148476
23_12,3.160953757797117,3.5790398729737305,3.2693264280061842,3.258882606243584,3.4614813842687004
23_13,2.9909054583957007,3.0,3.2071739238318475,2.8368830099281266,2.833272360023019
23_14,1.6908765473353262,3.0,2.317911313541967,1.8982227891974908,2.221262559596476
23_15,2.883355458523009,3.0,3.4021658543869524,2.9918695140360696,3.023492447524526
24_0,3.8530627703443576,3.7045474805989436,3.7090248478016545,3.572986241756075,3.3671387729279307
24_1,3.433047656214203,3.6655915370095133,3.3934092509960663,3.2023187288127226,3.450251850117815
24_2,3.4300878741266834,3.7000097671469163,3.430837301912962,3.4657696408181855,3.3462851111847534
24_3,3.139778392653928,3.0,3.5136697112274753,3.347666062398083,3.0848220722541577
24_4,3.791590997527345,3.0,3.59811976102171,3.550300177585875,3.4731864453201036
24_5,3.0559188692878103,3.0,3.3799964425348157,3.4199527895268655,2.9986480951939494
24_6,3.652148994734255,3.0,3.6227613719644154,3.5259285184751996,3.5095491560362353
24_7,3.010335533079275,3.381325652070164,3.242758963409499,3.258804406208728,3.15993462434342
24_8,2.9953125376513423,3.145991004760104,2.607563685731009,2.970535037161572,2.6473900951808957
24_9,1.6125385783314732,2.1391656942289656,2.0278708064800135,1.6315438703814444,2.348317503752885
24_10,3.4994349513415046,3.0,3.4492171737009847,3.527673805308301,3.313031708543105
24_11,3.866234598365937,3.0,3.6291992058400213,3.6752006563359343,3.568114903242275
24_12,3.2402454483549605,3.7110697888011424,3.3038769740373923,3.08570950515643,3.029473307303027
24_13,3.128215497171291,3.855971358204466,3.3946606108344457,3.3691208593395316,3.2440563705114283
24_14,2.216279623601111,2.6351513895130037,2.5683439241145405,3.230313404455024,2.4510188402717015
24_15,2.886392771057504,3.0,3.1315382803697975,3.2207740783701744,3.0359312092533215
25_0,2.7699124197231653,3.0,3.1173463645255572,2.815088468900657,2.6155793561902105
25_1,3.2585274750043727,3.556979465601332,3.412304365576294,3.331576195859941,3.092869251467488
25_2,3.285004853158428,3.5428247303381624,3.2481941213183014,3.287016999498687,2.9304962495530527
25_3,2.909300560730941,3.0,2.924661171829727,3.0507287211872836,2.459980302759356
25_4,3.1234414900532586,3.653679497146544,3.0119276452171118,3.2355404581617417,3.174580253434052
25_5,2.9997951440151107,3.444942601228688,3.3291134370524667,3.1982996509415855,2.7626978392628243
25_6,3.2563379447249114,3.614598932818879,3.2770358769449355,3.311307547932206,3.45655689546692
25_7,3.3675015446817995,3.580763192918057,3.3706324881507563,3.3293063526094753,3.1475733153367105
25_8,2.806031143868435,2.178737145569986,2.615257728846266,2.904877974591637,2.0373112376630007
25_9,3.273361346362483,3.0,3.4790359885435658,3.442887574045919,3.483827314324203
25_10,3.1950888303681255,3.7402801028920902,3.2209841724479125,3.247855222962923,3.09933096009234
25_11,3.693872330297048,3.609135586202849,3.3677481711049913,3.4808337499741584,3.258365107757229
25_12,3.0480906901576557,3.4934784950033597,3.320700938928509,3.112171338795653,3.0452199762271817
25_13,3.6211870418934247,3.6324478363492823,3.5359277261025217,3.3416026086313484,3.3158259686373697
25_14,3.4327700264503784,3.0,3.286495868308115,3.124352212953436,3.0751781668708915
25_15,2.993452677970366,2.917833135023857,2.972725632547098,3.032326313197146,2.8197919141106107
26_0,1.9814117437711445,1.4473792989396574,2.7284849019480117,1.958321184486731,1.3810090876445456
26_1,3.3395410109884582,3.6007114344057385,3.4381537318257696,3.3300068781337466,3.220230938717012
26_2,3.7579480069282667,3.9570579253127702,3.5193316597696227,3.5139952003905632,3.372150739081836
26_3,2.595294499347641,3.0,3.1283967967664186,2.7860037815460723,2.3450330082227557
26_4,3.013672262705685,3.0,3.3893045449789794,2.977911123726768,2.7425110582423056
26_5,3.5256588780187204,3.7170809565762726,3.6637497901774294,3.4213389713147833,3.3667169053682358
26_6,3.9767759824254685,3.8955347927491037,3.6658944003283715,3.624305493780567,3.5476920773415035
26_7,3.23221131946415,3.0,3.4661722108369015,3.329100899041888,3.0061583316151093
26_8,2.2932319722170673,3.0,3.1508455998770506,2.894495180008622,2.104865945918342
26_9,3.828055363915535,3.0,3.3012070055432328,3.323102035117982,3.0891682986420053
26_10,3.780020560695613,3.899395172629025,3.8362927307527883,3.4847812070076745,3.587193538322063
26_11,3.5010001299225375,3.0,3.574217750788087,3.399557230410369,3.4430985254357003
26_12,3.6235134257831785,3.0,3.4893084212992376,3.300843252830972,3.3813869146781874
26_13,1.9370591183033539,1.3895947728478442,2.6420291967066665,2.341966965651476,1.8737859238479413
26_14,2.290661263910007,3.0,2.957535239888807,3.238569924138593,2.378803665079986
26_15,3.3392215595391472,3.0,3.494376347248896,3.2383782939504138,3.0724459722490987
27_0,3.0659861434881246,3.3982979339245394,3.0245738032619323,2.8981964911812996,2.896586890282555
27_1,3.206199021050798,3.7623518220992085,3.4260933688048776,3.255315442953151,3.2296801689084202
27_2,3.0388885304150572,3.5701844668349336,3.264053435386518,3.0467532000327644,3.092994453950251
27_3,2.1089188906616756,2.9544634766922147,2.8575683503364204,2.4732067763091092,1.9453560890361388
27_4,2.907116790599015,3.0,3.250266938199229,3.220903704222472,3.0
27_5,2.530870258228167,3.0,3.376637771954961,2.9689377397468797,2.4415190214661115
27_6,3.0071854289688353,3.435609876070652,3.229904806335709,3.2210833185847374,3.240464886938893
27_7,3.0661634368092274,3.491083514400194,3.436110735075041,3.272662052656777,3.1360715043607974
27_8,1.8387155340826598,3.0,3.1390834679881445,3.0,1.7171477485930402
27_9,3.0885134850722156,3.438254425421194,3.4806625669405697,3.0034270955999585,2.8836181259082814
27_10,3.307661106433603,3.0,3.5205185694453833,3.369565577902556,3.2605043402331533
27_11,3.307661106433603,3.8579661748046017,3.5205185694453833,3.4157939900071326,3.390434151654977
27_12,2.8646263261330365,3.0,3.389989662406624,3.1221873938474407,2.6622881034474704
27_13,2.0867482636706627,3.407759123308646,3.0856489666208686,2.853830737223302,2.079973312106149
27_14,2.9998581123150596,3.3933407331183134,3.237023311072611,3.0779102174575925,3.241321494836172
27_15,3.031597494505204,3.3849642858776443,3.365713439524738,3.2464122228546692,2.956531629265592
28_0,1.499736975550628,3.0,2.79600813581653,1.89839526400519,2.2131024078659194
28_1,3.654202182071987,3.502369166746903,3.4582695527250027,3.484102929032984,3.4035381509993656
28_2,2.21472092634867,2.2871325437535397,2.964112208517527,2.115092976539743,2.763813386352282
28_3,2.188555724071788,3.0,2.570936706878134,2.7329236568358146,2.5016746693734944
28_4,1.486244612256353,1.2722016097346367,2.9556078521289666,2.688360779935873,2.009166935388715
28_5,3.803108060069319,3.5812914733657593,3.5118729696915625,3.4473698604741356,3.230591795480389
28_6,2.432947358521388,2.9999999999999996,2.961412971011709,2.958776687288538,3.0269634935483105
28_7,3.012453993145306,3.4214088809909944,3.191320063411517,3.287099636586413,2.991685800394781
28_8,1.4666750256557917,3.0,2.672627539485902,2.149687840140779,2.6247112202515512
28_9,2.623759853317244,3.4768980617047194,3.141137131815025,3.066179347984869,3.019466313789412
28_10,1.924497000886829,2.1239120274921346,3.0857706885214737,2.8928744209354145,2.6923119667024817
28_11,3.8247989353602168,3.6356829295528064,3.379692776202409,3.386371629324191,3.449217313042581
28_12,3.180331379552369,3.873726161701031,3.3989735451794143,3.066145593222184,3.2132951166807726
28_13,2.9653082343513604,2.091458979243297,2.9286187416163214,2.817558498447249,2.2422580747324585
28_14,1.0217796978680047,1.0720156881995113,2.480646670871914,2.2307035577356897,2.3700719366350134
28_15,2.2630769989184683,3.0,3.048301807915424,2.9230170192269154,2.445574697407323
29_0,2.6233930141327675,3.0,1.048979043829914,2.409906279704172,1.9283082372685398
29_1,2.9655641510590374,3.0,3.2779663654409092,2.8013576110080742,2.7976248972795292
29_2,3.567667649676801,3.0,3.6472478032818305,3.5501815805531636,3.3961767318584255
29_3,2.9636119017101525,3.5209963111795144,3.0626232965426525,3.162999794568343,2.706504923131063
29_4,3.071912357649558,3.0,3.1836595068214377,2.9502857032236465,2.8608142465619384
29_5,3.231570583173496,3.0,3.4271712831669,3.444681712532155,3.101111861222834
29_6,3.2112947994493695,3.3795853939157223,3.374734832761091,3.1200050536762722,3.028114758397632
29_7,3.5283273792208343,3.6154851886462818,3.5255222926915444,3.3004197021797523,3.2418372466151553
29_8,3.0726689567673033,3.0,3.477582258160638,3.281965746779402,3.0155347409787767
29_9,3.6272164129798266,3.9055538939019776,3.4775126071630473,3.3581350720421916,3.3353960135579475
29_10,3.340742798767121,3.616250551061679,3.50731769641461,3.292956244994695,3.2584142096278232
29_11,3.3166238211581978,3.558623600659976,3.682843081447216,3.4331837286155014,3.2584142096278232
29_12,3.6739953529760774,3.9532302336171754,3.4814281769963054,3.4214301688346844,3.3399684220347345
29_13,3.623362757653759,3.854380464919174,3.617094404328239,3.398012185156463,3.246573872074632
29_14,3.0064275856193015,3.0,3.422962863008877,2.9009551477524984,3.0826821670139837
29_15,2.8141403407767824,3.0,2.4594718236704103,3.2959589601378254,2.456813348875094
30_0,2.4090732561191284,3.0,3.003606628049167,3.0888857681079336,2.743498039429418
30_1,3.594038186681905,3.7516782645152613,3.679071297343875,3.459182125639435,3.2589817729063624
30_2,3.093029518209941,3.0,3.380049823223621,3.281027011160469,3.1296993179687815
30_3,3.432683449295502,3.9211279573782916,3.5104632986526534,3.355776129031677,3.215290777836043
30_4,3.559981385384954,3.6362831830291578,3.63603409041223,3.503649353323491,3.35408695115951
30_5,3.3418995851926057,3.8491200527283125,3.7178416510913066,3.4987992960278773,3.2765427523505726
30_6,3.4646245299012333,3.0,3.2855047899865775,3.525672985998994,3.67928372518553
30_7,3.3710559757996084,3.42792274004271,3.1856353712547385,3.1806906056407507,3.1706752144958603
30_8,1.5969763304208993,1.0749269633652832,2.3425959430061445,2.014357305741725,1.190250016679576
30_9,2.5805725345156976,3.0,2.9965400049046598,2.4669786429582734,2.3559065654336884
30_10,3.331030238374217,3.0,3.2901593477809215,3.3155568081428406,3.2331569181639312
30_11,3.4340300836082145,3.529166303301653,3.2988990066191475,3.512523363042507,3.2629819786818697
30_12,2.8700640771028234,3.451999453345143,3.179000105975927,2.9700435943527226,3.0572645035958104
30_13,3.899042324384361,3.856332746162218,3.401357210543229,3.462617934016491,3.2759182423339235
30_14,2.8970095751234974,3.0,3.040025745159039,2.8096751829698445,2.8968304522437047
30_15,3.0300125905288007,3.0682183593027244,3.2076813898299217,3.164751311341384,2.7619096734339896
31_0,2.226309671962356,1.1480522831197393,2.70173672645077,1.6048342498123658,1.2688398018975446
31_1,3.5939846130290016,3.7883556043503495,3.677899746092128,3.3294137221419833,3.3327216490978278
31_2,3.477763545450302,3.873990287699683,3.650564799285598,3.437592476737124,3.343671713819186
31_3,3.3743818518189297,3.523251548508528,3.6269833072904625,3.2647192042460764,3.0996326659262508
31_4,2.477201333837615,3.0,2.8046774976636546,2.504235948375641,2.134925656194525
31_5,3.531872682877694,3.6029304186465887,3.620845963249242,3.4913397353138236,3.315969884923697
31_6,3.0625955629041703,3.386047488338732,3.241856865103495,3.2985473301635095,2.7949727486133193
31_7,3.435515197586986,3.541661745107642,3.4085170225494763,3.1075344740008064,3.1757913848220385
31_8,1.2829661103072094,1.1303034651878057,2.1933053873583304,1.5800525571020654,1.315155251728299
31_9,3.4390105873903365,3.493635383302061,3.3318564377543307,3.3792133326981246,2.922671848140993
31_10,2.184502132647419,1.6618490782103799,2.8146964201385187,1.9910561209811137,2.000922418292547
31_11,3.725281653549842,3.6524356824873867,3.754348839879087,3.662162332253871,3.4307565922006162
31_12,3.6791566493843932,3.545496194848272,3.458741561065699,3.3579309754353908,3.2848494913752004
31_13,3.1054958880637096,3.564559753178455,3.2177867402745957,3.1921287495004735,3.3318916216729333
31_14,2.4821188886798295,1.1558629380290193,2.886037627847603,2.2367124934766935,1.8766666914416488
31_15,3.0344822890075163,3.0000000000000004,3.073125131037242,3.0998278727043154,2.820295171285112
32_0,2.0492068509138206,1.1259474320890828,2.5253490569737105,2.8908706506358883,2.5021167179803627
32_1,2.9965435406393923,3.5064231928666767,3.2604545394285678,2.8417179293542207,2.960130950244294
32_2,3.225083299539961,3.7020006891495925,3.517346678254427,3.4410169027386455,3.136246448890594
32_3,2.7211811795497867,3.042023887607189,3.390699757193989,3.0003683568321455,2.886529881023007
32_4,3.2144834005911394,3.5972605950302525,3.5121750353660826,3.386058183078928,3.102758428334106
32_5,2.3052399404823554,2.7436489983514094,2.623769474597583,2.6112078168139004,2.6060473292562563
32_6,3.6528066665224146,3.6342286681292277,3.5348246763433586,3.420988440653857,3.3205582304370194
32_7,3.8635084747555624,4.018241951651831,3.8450230786539588,3.448458232693159,3.5606730117882384
32_8,3.5746301911560914,3.6474565497165004,3.658849087036839,3.5201817159762716,3.4370624917812793
32_9,3.130738668951503,3.504189205020971,3.4760040991141823,3.3454561798071407,3.2094056951608785
32_10,3.87456261508924,3.7757880690322665,3.6729497429707783,3.3894653776951422,3.5948930281953393
32_11,3.625693968896246,3.0,3.5193367108585893,3.3894653776951422,3.64100282444808
32_12,3.0971246220848263,3.6096684551560436,3.7227924596697406,2.8489356896033016,2.8572190719081383
32_13,2.62888204057925,3.1834651970382892,3.3855710299501043,2.9991645591154037,3.0273485911415285
32_14,2.4852115516279225,3.0,2.91547810183517,2.900341819774998,2.9506760726067265
32_15,3.0962856893707413,3.0,3.3184459876667463,3.152251732041227,3.030277951401407
33_0,3.402681404984117,3.593156657002923,3.3165171428064655,3.355073645768886,3.2376693489618242
33_1,3.7863167843018593,3.55436191822768,3.5179664335165346,3.3923047564805877,3.3137200096968265
33_2,3.5642390742350565,3.0,3.4571853256067104,3.407680392191557,3.4480756875725267
33_3,3.7453595391890517,3.839872846362272,3.5549472359247383,3.399835495879464,3.448077287299088
33_4,2.965521735955002,3.4835053147116986,3.142041097324827,3.037531646522824,3.368862458785284
33_5,2.9707999346624328,3.0,3.230459276938997,3.081052974530649,2.7047945525008843
33_6,3.6970997968972292,3.839872846362272,3.5549472359247383,3.399835495879464,3.4480756875725267
33_7,3.5781164777048136,3.681551331495336,3.4965100729529777,3.5811675251112143,3.503600793554219
33_8,3.592051730745113,3.6977420041281803,3.6690289981644773,3.505338077547919,3.4218306605832525
33_9,3.9298926938600287,3.625527348805022,3.7756689825102256,3.7008968583750894,3.5455722608744695
33_10,3.752846429118829,3.669236758227419,3.592141413362898,3.407680392191557,3.448077287299088
33_11,3.953709616883631,3.914285864946161,3.6641978855275497,3.6958754972983567,3.7207768515624013
33_12,3.824965275273599,3.9296453806657454,3.676868664393438,3.7031714064839196,3.5224902669571834
33_13,3.296223238693612,3.63541621469287,3.2874559722012235,3.3677583842797993,3.2331174099418356
33_14,3.187133778241616,3.9573718494024135,3.4189747660870715,3.4524111000914366,3.0735363551380854
33_15,3.2794190232193365,3.8447894969580374,3.511542528844457,3.37195592669949,3.269839379124227
34_0,2.0250328212036264,2.35534446832797,2.515629518050563,2.300854602110468,1.7129869967496694
34_1,2.635146345959486,2.7618805680073804,2.592826054304286,2.9306119121329037,2.056605031127607
34_2,3.2061314962951886,3.0,3.2597256455607004,3.0633195152603796,3.144660610294065
34_3,2.9028901144369295,3.0,3.3285106711382397,3.109122211482264,2.7985310733338618
34_4,2.183229184405753,3.0,3.128787820340383,2.9267264552296104,2.749579729446421
34_5,2.957168431260562,3.0,3.265667134683285,3.182984263771253,2.9756037202805805
34_6,2.908145359717284,3.49826597168194,3.313472611168375,3.0450621013325976,2.8876060108410457
34_7,3.7083571871423318,3.0,3.4914428205506964,3.320204180907351,3.166374495269504
34_8,2.5442392215527017,3.0,2.89652237442434,2.9662997396321047,2.712286431195471
34_9,3.51090100889955,3.9049108976732487,3.6145942211812097,3.303048087673901,3.304657139801552
34_10,3.129473675084903,3.0,3.0441484062258106,3.1230177990037373,3.0775213055542
34_11,3.310293676969475,3.6464241467838474,3.117409356703129,3.116443473529355,3.1059911669542197
34_12,3.227770274389057,3.0,3.437861215985391,3.149027198746573,2.988658867178442
34_13,3.198903236437203,3.6852179487537864,3.2861399604883452,3.0447864258637574,3.0098510452961165
34_14,2.968243024669905,3.5659886938560565,3.370334715254463,3.139556323331013,2.7713488744763097
34_15,3.1572528871642094,3.334537983739199,3.4802384811031524,2.7843651487687158,3.146493865494227
35_0,1.5879589603246524,3.0,2.0855741490664363,2.263863806340919,1.4129356069816572
35_1,3.711878620430298,3.0,3.6840559141394738,3.6190465026048297,3.449370480502179
35_2,3.4390290078856887,3.0,3.493441104713112,3.3177535462103163,3.1968798495353394
35_3,3.36602769429374,3.6553099252371317,3.727582229770208,3.2321645769736254,3.0848002687370126
35_4,3.478152016883313,3.0,3.686820610518141,3.1019609312703498,3.128372783994866
35_5,3.462988185191636,3.0,3.4147332750545885,3.2511703750760996,3.0475074975822607
35_6,3.477563452943099,3.97771437648012,3.720473478039355,3.4340068547416225,3.3004627623938503
35_7,3.4310244778953507,3.0,3.527879606275467,3.677526551702794,3.2640217501541864
35_8,2.4681249141340835,3.0,2.9620491499343933,1.2243329624849995,1.560274856268783
35_9,3.2177253916850295,3.0,3.465525362650899,3.2703536030672193,3.236278766263229
35_10,3.352960598508982,3.0,3.549990558968061,3.555409267013819,3.3778962947718885
35_11,3.759486888643694,3.0,3.55418806065452,3.47845902605432,3.512831202771783
35_12,3.860961896388843,3.0,3.6593439412410596,3.4740019142096603,3.566177836923972
35_13,3.6985126387504974,3.940417905465015,3.7808665167542532,3.533389432251891,3.2580308892784204
35_14,1.5543257879327863,3.0,1.6938300185121655,1.1970715480549337,1.7193720669364883
35_15,3.3640849781749202,3.0,3.4412195868713136,3.322555490613829,2.9662580894341337
36_0,1.2601309590079979,1.068558804792768,2.2128558441307526,1.8429758921423767,1.368678593341592
36_1,3.221941851709554,2.939864306202748,3.0575032633253936,3.148379302115973,2.9072412895924953
36_2,2.5783784160903704,1.2142162734375934,3.207062740350941,3.0000000000000004,1.8953613152098026
36_3,2.834811002948363,3.1376549742082918,3.3425607220364024,3.305295948069511,2.988791992692773
36_4,2.9629648124242416,3.0,2.0773419236285497,2.999999999999999,2.394362652451498
36_5,3.1323063174292614,1.1431999982897816,3.3105570104743833,3.236108772626732,3.125222618978789
36_6,2.8463166255758816,3.068759213474594,3.229597358263373,2.7002390091551747,2.81181548325555
36_7,3.2742704929595967,2.0380598584654996,3.151136466130142,2.7722167123973804,2.861031584505537
36_8,1.957398933935228,1.0511201773769183,2.5782217690999554,1.9214602127537188,1.9380685586570232
36_9,3.1966073185708432,3.5371251082304975,3.5787337370324686,3.195248356259708,3.0779000000885746
36_10,3.3892829978811245,3.355675457279715,3.290502825390868,3.2445091279548937,3.0254444598634262
36_11,3.1067813391324144,2.548390333533631,3.3701080108132198,3.2172641335912715,3.362198693673836
36_12,3.196084338230903,3.2863956996992543,3.379809109111677,3.332607545342116,3.132512014703094
36_13,2.7680637453632504,2.900661581700527,3.1466886639115423,2.8296604587499536,2.779555990574109
36_14,2.2116257926131,1.0162010877126524,2.2545832286456626,2.1962120450420737,1.3216377152251007
36_15,2.970678614901242,3.4255716623187147,3.112416951139442,2.872724712341966,2.95707214563807
37_0,1.615355198177898,1.0609730904887917,1.7878864335926625,1.121641464655832,2.058582072352377
37_1,3.147079830879908,3.0,2.832642303715369,3.088431186962262,2.9421513689194803
37_2,3.117472257130293,3.8706322399921675,3.0765124720390786,3.1230268784417405,2.925028685812145
37_3,2.8374308713617853,2.1184501876071606,2.970891377130631,2.771981337198878,2.376501510205869
37_4,2.986162771531605,3.0,3.0619460280597415,3.0246695213592707,2.9882943577706755
37_5,2.9060273579225626,3.0,3.6063568084049042,3.2134671266063433,3.379944063415674
37_6,3.1799924983285863,3.0,3.1819801470966373,2.9381702723744865,2.375260057217817
37_7,3.5327289925924923,3.0,3.479363250763371,3.2848402445580027,3.46648516242954
37_8,1.604448424824931,1.0208304347524113,1.931656110079063,1.4516615968915354,1.1018155171294068
37_9,3.1708142447865604,3.0,3.1845376135526013,3.38605374630672,2.9482569860725296
37_10,2.87002406924171,3.0,3.0647561028480035,3.2875983684710754,2.964693039384383
37_11,3.3895185667319425,3.953667126908983,3.413632088765772,3.3637267127671406,3.482109060287918
37_12,3.3415526201997636,3.0,3.312354821439396,2.892806185929727,3.0428708452422746
37_13,3.1050753914727185,3.0,2.9787415993324102,3.0151947975789772,3.0011848538085104
37_14,1.5970458991964898,3.0,2.359577500038368,1.5510639524339078,1.4755585774576652
37_15,2.638689887527048,1.3225262560179003,3.1421696762115565,2.7568404816618806,2.6809879530057796
38_0,2.2143238859443675,1.0618484939101438,2.86775775143539,1.3753503950904555,1.836626953127949
38_1,3.4665441950742415,3.4624508055251986,3.597794461386299,3.3294698673588408,3.4581928236367214
38_2,2.853972185069179,1.1223546999746494,2.853075603823108,2.576182327145097,2.6113728001031125
38_3,3.1321438030758353,3.0,3.3889102416681673,3.2080571055792535,2.9290615974861645
38_4,3.6209491710104884,3.8818348147130766,3.528394016260399,3.342116575105034,3.4343576029610148
38_5,3.6147308245686736,3.933776905010294,3.6235511769236775,3.45837898830682,3.3362000986156435
38_6,3.5688180441635917,3.9454091969566694,3.6242463318302125,3.457548773476867,3.4590688579108075
38_7,3.147067091861433,3.4053526475836464,3.2202743604390274,3.2471381391648895,3.0322889571883254
38_8,1.8052742915156035,1.5251677076044385,2.8093355629692565,1.2463089631421487,1.292696820300065
38_9,3.1747087899972692,2.9999999999999996,3.1470351517311097,2.8838279408794882,2.951326461163613
38_10,2.696740274832014,3.0,3.0735766441023396,3.2555083536106193,2.4541843675477546
38_11,3.7070234499595447,3.6646207700214597,3.702614603594882,3.5346036636038702,3.3362000986156435
38_12,3.5968612775951256,3.0,3.5226176668459086,3.492066589683862,3.3979567332417364
38_13,3.3385393667384036,3.65233536723253,3.4519371878330154,3.362015284921816,3.0628472551051362
38_14,2.758457240982379,3.0,2.884546184331609,3.001497322888941,2.722331130773909
38_15,2.792955752223248,3.0,3.2029210226063656,2.997517882632763,2.285042922870635
39_0,2.5529612101672052,3.0,3.149778389944821,2.6315938041879847,2.880041159108993
39_1,3.1776432081191017,3.0,3.3788297620940586,3.061721141438512,3.382937655581512
39_2,3.0465019205430552,3.0,3.4036021845988604,3.0824268134826065,3.052858566836707
39_3,2.867380567249294,1.8430372983732048,3.1900516949942093,3.0547006479759853,2.9984524332267695
39_4,3.0970950483989985,3.4814242081966436,3.46911434053012,3.1509033664093895,3.220809810504108
39_5,3.0725954041564107,3.583368536347785,3.4948240751490554,3.128205565386335,3.3788950263072737
39_6,2.9044687847443016,3.0,2.9958688019737005,3.107853944329826,3.3619873203323634
39_7,3.5808337761941367,3.682383635816496,3.5242392175152752,3.2674097397624013,3.4009267325862065
39_8,1.8233427483410654,3.0,3.2851266140537003,2.3555742768549255,2.330892815007428
39_9,3.506153108966583,3.649400245922654,3.5476524677818486,3.3214353854117262,3.4701797850226925
39_10,2.8157534210270487,3.0,3.0192038635106226,2.9273866160391644,2.627554491400207
39_11,3.397806640698686,3.966481479596834,3.446233424183249,3.4993557489075644,3.318097297586541
39_12,3.3360099710365057,3.5724120037429925,3.459773651620723,3.2265216706697335,3.2868161237096722
39_13,3.5036213377648107,3.796165067994102,3.520374501498321,3.173085462327405,3.429922684270758
39_14,3.5062029792517575,3.0,3.3730833487921004,3.1900027628514906,3.2028386271392235
39_15,3.4849157426048287,3.0,3.467041518346077,3.2818272107311417,3.214792546385838
40_0,2.8419430732714943,3.0,3.166092143037998,2.499259463050809,2.4988466352096257
40_1,3.039082406112173,3.0,3.43895793082482,3.243624596673237,3.1096324463070317
40_2,3.2707619280869427,3.0,3.3366415752724214,3.189989120241153,3.1844366677263833
40_3,3.0478894963960497,3.0,3.300101303375867,2.943910681112026,2.8457433132888004
40_4,3.251203258343155,3.46032185573776,2.972388500248214,2.888186426170308,2.81043710969397
40_5,3.172213816253714,3.1600096303632723,3.4936851264275974,2.9948367785902983,3.0633671197676717
40_6,3.364398952252532,3.573700302354798,3.552423954464867,3.290260290764836,3.0535529555850514
40_7,3.5918906628369034,3.452389094172399,3.2844532560973603,3.2135748903372754,3.0999466739698596
40_8,2.9668969459094923,2.6701395558549232,2.805561115517085,1.806718691992393,2.634848010699005
40_9,3.128300922964198,3.4598043497866917,3.3360730819308166,3.1020206024112116,3.19826817324258
40_10,3.2423156068133765,3.0,3.4590475029138767,3.2032029556221295,3.0661379567129297
40_11,3.6566235214928793,3.0,3.514546887642744,3.3835073281573473,3.3560581163638044
40_12,3.565050805008055,3.0,3.4874711935153844,3.2872526376595395,3.294996993770559
40_13,3.109187821949186,3.0956808919509227,3.204337818017796,3.3082850301683204,2.6240783363888744
40_14,3.158339498832227,3.0,3.4033159080319213,3.3331172928312216,2.73576581690358
40_15,2.9913375360327574,3.0,3.285439391783192,2.8190456309060417,2.7282225249809966
41_0,2.987082187319791,3.0,2.5992718848091854,2.3558495466646874,1.4525474549236583
41_1,3.033715879105342,3.6401267156431545,3.447312741267653,3.3501374025135884,3.223763671467921
41_2,3.5474257079265574,3.0,3.4695675256968785,3.4016223587303247,3.376720248502769
41_3,3.0240029338863272,3.9463449389311123,3.2361301677152543,3.283394104986925,3.0947152326449316
41_4,3.572817380253796,3.5823412441739073,3.5045451973881567,3.541711592512753,3.17999603053175
41_5,3.508907646099809,3.588176534206588,3.3358857846618353,3.308746436473771,3.1408063918269074
41_6,3.856940933317972,3.676170458815861,3.6784506497818956,3.3513785610205953,3.4910569534377816
41_7,3.3126370734093165,3.978494660740801,3.5195699168602603,3.373084293804914,3.1585119824184575
41_8,2.3370598087029713,3.0,2.4242505533170333,2.245749172350149,2.5152826205039673
41_9,3.452259832554043,3.9548519029187896,3.4892984851485607,3.451666072468543,3.0829104084222902
41_10,3.131769400585133,3.5495753682286995,1.673919548154154,3.0284332434538532,2.876860901567418
41_11,3.46908402528971,3.8862262146394824,3.8362330717618995,3.7455339537731303,3.376720248502769
41_12,3.566480667398997,3.0,3.4331861387186127,3.3692103734935523,3.309862079576586
41_13,3.216001819655172,3.0,3.127511532809915,3.3792680279355203,3.0684819977856495
41_14,2.659542685479897,3.1088713013458436,3.21974224052511,2.9097728497088764,1.7825086011363729
41_15,2.4336590454022278,2.2986411405591634,2.891110908176137,2.5590984753777923,2.397649183067138
42_0,3.2220323872327885,3.0,3.3957803439328025,3.092717883721522,3.1923056350539913
42_1,3.659124705888752,3.0,3.7451710360678394,3.4894349316624167,3.5598629725750905
42_2,3.397633555500965,3.9171466726621684,3.762546439469107,3.5245945973691315,3.486104392369212
42_3,2.8977007137647193,3.0,1.032960732531097,2.8339988296343073,2.585614845742717
42_4,3.452259855948795,3.0,3.388836005977263,3.2584014213129615,3.1768150354152325
42_5,3.464623499763882,3.0,3.61970174221366,3.4074120595389163,3.3960874989996794
42_6,3.7798986354189945,3.0,3.892589478009193,3.7318568623474575,3.3622172230875007
42_7,3.76244030854667,3.0,2.760412938745467,3.5452055331795203,3.954611551296361
42_8,3.055104304819885,3.0,3.2937602202275804,2.7193084068179822,3.0
42_9,2.9026624526410143,3.0,3.0,3.0254342995695427,2.9148714360113264
42_10,3.410423565566571,3.0,3.4714349841719327,3.497176227687119,3.021396138913279
42_11,3.7114364529487553,3.9179832711525373,3.6593554341240355,3.6758477505965064,3.6803919580833235
42_12,3.62698141780464,3.635221920900616,3.45078364284743,3.4949975006566607,3.4953313358291505
42_13,3.730512015953167,3.0,3.8475104492983636,3.5526861841623454,3.4399883564811886
42_14,2.774143828720047,3.0,2.598895370473108,3.0020341206405523,3.1343406023761444
42_15,3.4867506805855033,3.0,3.489056379565663,3.4763155176451317,1.1012787151812466
43_0,2.6544272908101623,3.0,2.8876976698684707,1.971483175644498,2.285207481051685
43_1,3.3054173366907067,3.635966629479226,3.8482886972009105,3.1527485983718235,3.411306927544393
43_2,3.249209978605314,3.0,3.6758646465860254,3.229379379334253,3.258101084638371
43_3,3.127974354564312,3.0,3.2936409400518385,3.3048198541932923,3.217556949583977
43_4,2.9938577207368455,3.0,2.948378692919495,3.0901459450362787,3.0
43_5,3.367037223103355,3.0,3.4231465107173893,3.0217593212699754,3.111496456606942
43_6,3.7309170671686593,3.7514160808258636,3.4755879669719416,3.481505198257635,3.27676474856508
43_7,3.4372800508326553,3.0,3.532499457114389,3.3323989486220675,3.1486279052670922
43_8,1.0268547849081697,3.0,1.0638806263088003,1.0680681808968888,1.0858045311418079
43_9,3.3085361718576562,3.508907157442499,3.2851583537261266,3.3229241662086846,3.2586549731887264
43_10,3.308514937414513,3.934846167672367,3.5873193451592282,3.3463618102614077,3.1959802103854154
43_11,3.6699182883324983,3.770068767768777,3.4287841047644645,3.4476153478303746,3.2997752903808926
43_12,3.6013919042733393,3.0,3.56300537055697,3.434931824487133,3.4649511874664203
43_13,3.5398995706357077,3.0,3.424232397575294,3.2771210861547635,2.8278180761456477
43_14,2.189262406224991,1.1471811159331136,2.386822791124277,2.3349877780236565,2.2343884569751897
43_15,3.181224587648315,3.0,3.6182109122813726,3.2583694275070094,3.1500042783882702
44_0,2.2142873117130155,1.231865479051828,2.958440458021585,2.474390179409833,2.2020422342183674
44_1,2.235285328689872,2.0923377683620012,2.9079730044725927,2.84555545228149,2.261546335480755
44_2,3.256397410872739,3.519810884486302,3.4707854306162433,3.3052961663271203,3.0897301331162175
44_3,2.7567846433608874,2.516597397932734,2.6810507202812413,2.428134209501125,1.8369147774989463
44_4,3.1330955731872905,3.0,3.149545057128346,2.992271541706291,2.8024151065443608
44_5,2.4869130953133034,3.0000000000000004,2.584672210928625,2.9264629317306285,1.1386947223133836
44_6,3.3543509719315394,3.412471323044487,3.444739209328507,3.256763736299217,3.2321808090258073
44_7,3.434691233626213,3.0,3.4365251562220087,3.398038578741409,3.450208901432481
44_8,1.0511954800511296,1.0929973891069646,1.853831893603622,1.2991406539410741,1.705389796735427
44_9,3.237518789119434,3.356458444859686,3.306748238822416,3.3633849369859594,3.1603447419425588
44_10,2.9473381397999834,3.4339802177501824,3.2130955503942524,3.256714289736732,3.2392190747796703
44_11,3.990322461663663,3.867654875892544,3.6952355355160105,3.6487255060303614,3.4851919139650374
44_12,3.3738187901512005,3.0,3.420609486112323,3.392277149769362,3.341892326169633
44_13,1.9061315031036692,3.298524843902207,3.186338178125119,2.1263888419684753,2.4785836025176433
44_14,3.119468831924194,3.3855083138174824,3.0941745344303095,3.134124337857298,3.045153404407493
44_15,2.93801294039036,3.364240036994729,3.0394317070382817,3.0453193658876945,2.61140350711605
45_0,3.059611340804594,3.9374193625392295,3.385342573959826,3.285443099446236,3.084385375514218
45_1,2.65806960520503,2.938262082824681,2.9820510178308197,2.7083357525092864,2.7937885332758525
45_2,2.9083998833537823,3.0,3.107926674797316,2.9162608726192203,2.7683402567616207
45_3,2.3590926167670796,2.320263918135276,2.9651787205707056,2.646553144726584,2.5931793770847107
45_4,1.9823573214068857,2.057345647347274,3.0588318140958037,2.446557478909912,2.2967543943580386
45_5,3.1804563789243234,3.6317552781880016,3.5471500361037682,3.3420972339320363,3.453900933054695
45_6,2.914977704317715,3.4067196616622275,3.327270401452859,3.1221672545809946,3.0899556767087577
45_7,3.6232779423033983,3.6118329225639947,3.369152548899954,3.259957134107719,3.303272384661078
45_8,3.2673183682808435,3.943556362959028,3.4369618731859504,3.268839935808809,3.607784142433109
45_9,3.651034196897199,3.5849591949339104,3.36071410472179,3.3603388297261825,3.35407808538748
45_10,3.1915891042173854,3.4504379301542705,3.3034368266316823,3.2384540706459,3.1643399145725155
45_11,3.7070235436861707,3.9489280393104575,3.909524841098538,3.6701999484147914,3.672436439709419
45_12,3.5224652240459005,3.0,3.3431375241794887,3.4695804756409205,3.381570646273758
45_13,3.1287784199543145,3.802249284669363,3.2967889519628657,3.0913066724941523,3.202996319059569
45_14,2.95812166212381,2.855960497177506,3.1456498191030127,3.000000000000001,2.700464904093761
45_15,2.7223790896884066,2.8307044046084027,3.0729846873560076,2.77011849846232,2.435598601593835
46_0,3.4983314163970936,3.0,3.5932659388765313,3.44681075200548,3.364639962729384
46_1,3.438576578113499,3.6559617161951032,3.6077526311645935,3.580527741731959,3.5741345362772456
46_2,3.373956209514479,3.498816753793589,3.4777996666924844,3.482017237708829,3.1419913753046775
46_3,3.468502005878351,3.854591341222847,3.549817233314598,3.6126292536301525,3.64627147046363
46_4,3.650645263817976,3.714705766531582,3.546230185699136,3.5751939778661503,3.638031421218938
46_5,3.433864305780423,3.5458230779713054,3.3683638951123447,3.4521562853986785,3.4294726178057306
46_6,3.709847806705733,3.899559759718311,3.606326153769313,3.5320942082607347,3.5321449674853524
46_7,3.807302389527723,3.0,3.734324489417798,3.7074022669916715,3.7770410223063684
46_8,2.43650971155253,3.0,3.0543259653647,2.818962095117284,2.636331285842867
46_9,3.0916089447537356,3.417306753593873,3.141381753987678,3.1714599960895957,3.084340112871084
46_10,3.708941517736989,3.6741001142603777,3.7072675884697555,3.386736063892984,3.459817251402077
46_11,3.708941500402598,3.6256659122191737,3.6101362569266526,3.386736063892984,3.459817251402077
46_12,3.747229205198628,3.9259120267629717,3.6765469190525444,3.808699998050132,3.6819069384411307
46_13,3.4742058603664403,3.634968372231194,3.5815753344760504,3.5542357353768876,3.297646686852392
46_14,3.480149360065396,3.614087398943412,3.4803799474034833,3.4851195275398164,3.2439407339587474
46_15,3.3712511483055305,3.539352015736274,3.431958691149339,3.4582302318045475,3.3450802983393166
47_0,2.7766890958747346,3.0,3.1059969229168236,3.0989917939826213,2.6179157290105257
47_1,3.7089473070276364,3.668601771111846,3.50721793767716,3.2701052614757846,3.207909515817224
47_2,3.6622219286453075,3.644738989017668,3.496819832642529,3.3922907673389853,3.2901364780651083
47_3,3.4999363198609,3.5759800638740264,3.497559385762313,3.2392282085337976,3.317996303951582
47_4,3.5338852037282034,3.7840059777753376,3.366991142423412,3.420423012714969,3.244951128328497
47_5,3.83572419092509,3.777259480058597,3.524002006005203,3.5687173771682827,3.429883779620899
47_6,3.106983701637382,3.5693847096213336,3.4270375638827173,3.288799860704096,3.3406712118963946
47_7,3.3778734228588307,3.7175730680151373,3.317324950466226,3.382164954403016,3.1470367481843597
47_8,2.4832945514232105,2.7214282726608126,3.249049235842594,2.508197241441485,2.627667881523953
47_9,3.3410196861522365,3.5537614935480897,3.4475188484699886,3.1196884090453323,2.9844968053678023
47_10,3.179736846031935,3.8039773629452456,3.2915858590482436,3.1298550834204404,3.0
47_11,3.682345956490364,3.518261230914823,3.48000875392405,3.3714292298475703,3.244951128328497
47_12,3.8699400227682936,3.6249803839201697,3.64937318998151,3.5198761303558253,3.3167033079819004
47_13,3.800022162627239,3.7115080159386293,3.42581167787496,3.2843713740328324,3.1709979940623967
47_14,3.3972800195066353,3.7549390277524113,3.2584562706062195,3.3102984009767824,3.109235465113596
47_15,3.072353141904492,3.0,3.2473000175939593,3.0493878855685863,3.0433181483663097
48_0,2.8815363313390288,3.0,3.2149470666791964,3.2888126591283866,3.0767608556584443
48_1,2.7901526776453256,3.0,3.087742263538858,3.1912507040612565,3.1977397863302284
48_2,3.2852940288407773,3.5424704357790553,3.5060770644107295,3.2976573667958307,3.3831485344345875
48_3,3.249962498118227,3.0,3.3411253564475576,3.253007709126338,2.9375784634836952
48_4,2.8973423357705905,3.0,3.074455142125784,3.260829638127718,3.0488014923040816
48_5,2.7485924628065894,3.224726990969419,2.7464959364446773,2.7177295035977216,2.794920881987264
48_6,3.570086216945911,3.7276150434291933,3.57580063902639,3.5051160761755966,3.291527188041109
48_7,3.2249943485866335,3.8579467858303325,3.5209367400803044,3.3221849380827435,3.190804094733177
48_8,3.0080189749005917,3.0,3.2626443243240195,2.996460717999133,2.8080430068115194
48_9,3.5308896428026357,3.635238316100307,3.503200584946084,3.4768084957306717,3.2417952157936543
48_10,3.1990550040122767,3.5726233653513635,3.2178749684366807,3.3095273373628142,2.8912724386684707
48_11,3.6376208276671678,3.614744797413234,3.4686300293534598,3.433375673507158,3.278895037097512
48_12,3.6834233714211564,3.0,3.665441567145459,3.443518569579034,3.435760363769091
48_13,2.9279515893132264,3.4787266554720415,3.0946567308934307,3.1214601315486643,3.065407584792841
48_14,2.943450604818927,3.456867864201385,3.288900848647897,3.425804023164305,2.8965387211468037
48_15,2.095407872527049,1.0930114834122135,3.1276968159084304,3.0818205821590285,2.4501738480629442
49_0,2.817404514733268,3.0,2.8790355137538355,3.0,2.741657613139474
49_1,3.0885916029041134,3.0,3.5925206553523763,3.175397986406005,3.1786265039859263
49_2,3.3714861151092235,3.7262497164810124,3.450083778088223,3.506344662399236,3.4240633680694255
49_3,2.986655187548113,3.0,3.4989116543896044,3.1395812120449915,3.195368711193224
49_4,3.167835147173409,3.0,3.2904386542222386,3.334726239054956,3.281377310962328
49_5,3.4940376750235864,3.0,3.7678699181123627,3.4841959345969515,3.4813107860313584
49_6,3.8124928803193936,3.0,3.5885595394096894,3.4387029394899877,3.449259564235877
49_7,3.1182254828131497,3.0,3.415131018211402,3.123800071769379,2.962267053287788
49_8,1.3773555770364698,3.0,2.468750204983392,1.9797502232769606,3.0
49_9,3.719457696341795,3.877080703194808,3.6175544738115786,3.416046383390771,3.4580029119734434
49_10,3.539899573733991,3.0,3.4917651969417913,3.4175566301354436,3.521106935775051
49_11,3.5646535274597673,3.0,3.508714680161682,3.5371486201813704,3.4255306931652467
49_12,3.796718418945802,3.7656532933641143,3.760206868351697,3.58790835582078,3.505440752978648
49_13,2.893622120694561,3.0,3.4022304013286186,3.4569367897365333,3.1831260464315525
49_14,3.089409508002445,3.0,3.0599091947585144,3.331135742249443,2.9181228386962563
49_15,3.0248696222970994,3.9609334090704427,3.35449923698643,3.8454744124342044,3.1669041487761476
50_0,2.7702484210340135,3.0,3.2573329244908664,3.4159265843884747,3.224233214720705
50_1,2.8217127165189155,1.1325986694891361,3.112660504185713,2.7319531466234905,2.8190449358891807
50_2,2.945727684111083,3.519363515282118,3.3797812331316632,3.0441832600185164,3.214691167497213
50_3,2.8019806844829436,3.0,2.918862509359059,3.0463379001041813,2.9912448810561165
50_4,3.368744892893219,3.0,3.78377595500433,3.3641798006111716,3.3625928066700266
50_5,3.0521748995883553,3.6037264648793568,3.4264313252897067,3.329773904782479,3.283323716044195
50_6,3.3949419094201865,3.612243611042024,3.277143092646506,3.3124989054752794,3.2558841732767587
50_7,3.532966740055932,3.0,3.4302447186388063,3.352710388162463,3.4624549541016862
50_8,1.3510308409133687,1.6538155637705254,2.353929668805456,2.448621626831069,1.2824378544546304
50_9,2.9021124001313376,3.6956614841010955,3.433529139751919,3.157463769612914,3.018901810974312
50_10,3.4591166663775867,3.0,3.7365830443470003,3.4390841247264117,3.3321821322711482
50_11,3.9740764352708537,3.945846899078628,3.702847650403186,3.7725208570536175,3.4936469785853816
50_12,2.866108225065393,3.0,3.170422038981047,3.1171651875733106,2.9863229014869335
50_13,3.073418674242097,3.0,3.246695471773263,3.372980850416839,3.3392971645898486
50_14,3.0871463485297395,3.0,2.9684526120448362,2.964420095202363,2.916924156877464
50_15,2.887089295295248,3.0,3.414230744773415,2.976156906734563,2.7151869383964424
51_0,3.2770333743499833,3.0,3.365781180915195,3.074306092923839,3.2001161097264563
51_1,3.2813011497171334,3.8662432345323277,3.463516054713156,3.3309462206181277,3.238803096701163
51_2,3.214758037981422,3.0,3.4251641303012126,3.395712936443323,3.030165012013983
51_3,3.3061523434199036,3.824348849025193,3.406477134961465,3.3311640818955053,2.879375689357537
51_4,3.413486880709223,3.5392083316679788,3.450964666335039,3.3032931245649055,2.9963819884377547
51_5,3.5152963324884503,3.0,3.608954499515081,3.3293582347880326,3.224615413887306
51_6,2.2430675637233106,3.0,2.5920729477695446,3.0000000000000004,2.6771438362751856
51_7,3.7808506196021727,3.741521087921315,3.6955268165913813,3.5398740222069955,3.4055198008594814
51_8,2.1356131086760897,1.0896302897079035,2.7745996418425047,2.132826763295787,1.9629416708275547
51_9,3.7406737818247624,3.0,3.6040386073185906,3.463125047780678,3.4001491248577183
51_10,2.4506614285809443,2.8041587661893086,2.8855518615343247,2.6752056919281415,2.7741009257872236
51_11,3.0070547684523365,3.5077402850296897,3.288085934305404,3.1360244030415574,2.880045031452022
51_12,3.30225560917921,3.0,3.70002584325837,3.3641764502250973,3.1832677644553318
51_13,3.229325897292425,3.5526502190268587,3.3507134775940504,3.3919897945262134,3.3072164572175518
51_14,2.9155712073755997,3.3136910687331933,3.250479333717413,2.955153919260885,2.698332028990329
51_15,3.051488605764193,3.0,3.1491314706189204,3.21458176529283,3.1217023937078507
52_0,2.453553708781011,1.7744413490159443,2.550408676627545,2.292993757395834,2.0954953372310055
52_1,3.1117952902613806,3.6253724040052666,3.4170965120644885,3.0359639870462525,2.8109725734221223
52_2,2.8277602549353684,2.832402196953128,3.0647600630422116,2.9076195571349883,2.837672892942173
52_3,3.2674081632905962,3.458430917367312,3.156933079007062,2.9541704098820745,3.0420942123117696
52_4,3.0660130295341603,3.5160363404487085,3.221126598931611,2.969407507505693,3.195675183639001
52_5,3.1506618175211503,3.517452586106205,3.156933079007062,3.0923766343392263,3.0752552205858326
52_6,2.9542724418154767,2.6255442885247198,3.0981565995792644,3.313863133906632,3.0
52_7,2.7668392123924566,3.386146041253046,3.3203288104859308,3.0052054776307706,2.9543138759376433
52_8,2.8035590279423874,3.4109747817637848,3.2450997590151656,3.0495705976743146,3.0554136301636827
52_9,3.711806570448734,3.5782647062323956,3.401277897319261,3.280428910084771,3.464301964044412
52_10,3.144802805838308,3.345145512035151,3.2006182363597544,2.818233324141276,2.6020239226097264
52_11,3.71631230513253,3.6133819545027888,3.4470322076681152,3.359036706040052,3.3707578369562676
52_12,3.3950945717511294,3.6440707043865483,3.4466314199708874,3.2638999596061926,3.3665591250001485
52_13,2.014678557556111,1.1752573589229809,3.0085817952972453,2.280827552126109,2.5651624029192748
52_14,3.0367960367759115,3.0,3.29199761030408,2.914535555583157,3.1338964741751116
52_15,1.918415329765188,3.0,2.7688850788711683,1.7777315858099993,1.899494637000717
53_0,2.2083388015603522,1.0972470752132875,2.716757226414026,2.6088046174705553,1.2264679668271712
53_1,3.3699015894894755,3.0,3.641984529520399,3.5056646318318734,3.2349236739304104
53_2,3.243303920043889,3.870864361392617,2.5484116090633697,3.4629676448419975,3.338255102257833
53_3,2.24112934219873,3.0,3.3535191528541772,1.7348293236619061,2.686013652181416
53_4,2.356863159301183,3.0,2.7441625696599505,1.9454781105336068,1.8779053218990234
53_5,2.3754180186324745,3.2868799663983133,3.1025448483200075,2.7956924545046475,2.5543800367830944
53_6,3.4295360738616614,3.0,3.5025142640127775,3.3860609921341824,3.4133846276992723
53_7,3.3412546227594055,3.93535216042809,3.330973610313821,3.4056617662944273,3.2973592899284765
53_8,2.7279550621233493,3.0,2.96367452083614,3.0438648466642815,2.697656593476811
53_9,3.9050812428049833,3.6740575235023183,3.707617915528764,3.3760627775947403,3.3579273730051793
53_10,3.147053790761443,3.0,3.474011973814841,3.230900158351004,3.005590434617415
53_11,3.9022198245575703,3.0,3.7936403197146693,3.6483353510989303,3.485762706949747
53_12,3.8247980188903625,3.0,3.6384580855365956,3.5501783553960715,3.6565913045878933
53_13,3.0348516418648797,3.5852855720457657,3.493698513429112,3.3073416663031394,3.282911750442804
53_14,1.6984673102862409,3.0,3.0083267084333225,2.2683165840434447,1.72475723596815
53_15,2.976731905489795,3.9118613775633015,3.4289390797891044,2.9045840159791254,2.8774205315799173
54_0,2.3732730552050016,3.0,2.8478096165480706,1.7894525089372353,2.6491793883961012
54_1,3.6812677046666478,3.945653382574185,3.614076160006065,3.447904353497979,3.35714439410385
54_2,3.3633413428082575,3.0,3.8141311793295287,3.372555721221419,3.2815279954817926
54_3,3.220400507690985,3.0,3.6775280560367944,3.2936423705237434,3.1762571025817703
54_4,3.722598659416563,3.9341087124693543,3.460162366967211,3.656072602280078,3.5694750357823146
54_5,3.5297100549492906,3.0,3.484824393779036,3.478120669058947,3.371453292157422
54_6,3.062803111758963,3.0,3.142980707802044,3.373986182756852,3.103543515456365
54_7,3.3712958742510972,3.923920576389509,3.551431925350649,3.35869567642923,3.1577251580509023
54_8,2.2893796460602074,3.0,2.9964860032498626,3.321737382923887,2.8181734716854656
54_9,3.137481741602647,3.4840320143635872,3.4195416981799425,3.100639138521941,3.224331240730876
54_10,2.965727555162794,3.0,3.296970536191688,3.562454201570966,3.0580572382061133
54_11,3.5954727712195442,3.679981203801553,3.5450350033650406,3.6076350915730853,3.3035469371744846
54_12,3.782217595745549,3.0,3.5484021561751966,3.3857245402608624,3.4740807239597826
54_13,3.27003817421426,2.479500745245842,3.1290306251055613,2.9509656408710727,3.3453186920158897
54_14,3.5065445302904252,3.664957157639789,3.7190814758938235,3.4890080383561917,3.614776245698018
54_15,2.6559771963842276,3.0,3.0722812635298182,3.144329746006699,2.601910599079247
55_0,2.6637225672943505,3.0,3.2031258422148707,3.097150262101407,3.3796904831971064
55_1,3.196786389909833,3.0,3.5343100937381586,3.406852953696824,3.520115002064596
55_2,2.4096762821559223,3.0,2.921839288588991,2.607688837250078,3.0177211889702784
55_3,3.2716781582888013,3.8957925660271937,3.518581842634518,3.3547525675293217,3.4685386982042075
55_4,3.200826577391766,3.5672468516266096,3.517907340284962,3.484345271699978,3.0
55_5,2.7713052329506636,3.0,3.291722406280119,2.9999999999999996,3.6032138302096723
55_6,2.934581487638562,3.0,3.1952164280040463,3.424310589180513,3.129348761656064
55_7,3.5016760622249143,3.5750426472137136,3.4612463717602377,3.4708605357856257,3.627551596870446
55_8,1.5369234321088068,1.1547488197048046,2.6529350995708043,2.1727905061321247,1.2747358964008766
55_9,3.62841188197368,3.5776805996701606,3.5423017147698417,3.0,3.3583671940650093
55_10,3.0274659876825654,3.5483033900179506,3.1821647372257296,3.3267031844652113,3.1213619946399724
55_11,3.7861031319512173,3.6598608876199004,3.6232814674177063,3.5250614931129496,3.400070733911246
55_12,3.7680841603009174,3.926441633522548,3.8204375941680997,3.5190790685164566,3.4285299893572705
55_13,2.8095944156881587,2.276590322817179,3.1793379903358674,3.1935273195213623,3.064096679255954
55_14,2.9255847266764743,3.0,3.1593309522777817,3.262061912257348,2.9806619477420284
55_15,3.0425442939937275,3.0,3.1655061354842124,2.9824539129412573,3.0187076909256483
56_0,2.6639462457380114,1.8690369248402579,2.681831385431215,2.8328575192056826,2.0778925974661804
56_1,3.9005283973332463,4.029394915311432,3.666914466709255,3.689821624015493,3.5788674256703334
56_2,3.6803445594182276,3.0,3.6178897966549277,3.466864082651328,3.14815389491763
56_3,3.851895351594346,3.8581423976285274,3.525045364336763,3.274493644049872,3.2792258849083376
56_4,3.9181723666795434,3.9281984739505873,3.705198591628861,3.5948863794190773,3.450259800789424
56_5,3.625029267040193,3.5755317093221315,3.752387435933253,3.1929288689177464,3.2003198191039623
56_6,3.8910680892677316,3.0,3.642305431304847,3.6953566216494647,3.5873226544441024
56_7,3.5593379338976647,3.479921453723494,3.346380843087193,3.2167233281928813,3.1522816952978765
56_8,2.8502009783429796,2.30319307093765,3.2756530526870784,2.21638895499315,1.66892414007475
56_9,3.2180151068359657,3.0,2.868648980016269,3.528186369407411,2.9685858239585663
56_10,3.9568270689338005,3.0,3.4500456940704707,3.7052999947251464,3.823157424509022
56_11,3.94533182853317,3.0,3.799515899993213,3.6795683191742183,3.9555780791357127
56_12,3.5526104122644,3.495724994218749,3.354706842702342,3.345994916744674,3.1837885729238193
56_13,3.495135612318799,3.6832442343142904,3.5564746806664034,3.472045927398115,3.2025250690608575
56_14,3.308918832873023,3.943094960050333,3.542617830810803,3.3321786644518854,3.1927456994391576
56_15,3.3916568645417735,3.5845175183293487,3.1911761893394153,3.247660421921196,3.1420309154112958
57_0,2.883723347343537,3.457741440380942,3.1366225415658877,2.64318213170816,3.0092623431224315
57_1,3.245268278374364,3.92000607335686,3.465027565425825,3.192230676390676,3.14923339706161
57_2,2.329300797760322,2.6335295378809476,2.6766426049795946,1.8838284150460267,2.613513629655627
57_3,3.0300932617131027,3.4852713015056977,3.1950671826573185,2.839557470016114,2.963068213565065
57_4,2.988102829953288,3.517407649501675,3.3251508760758064,3.201917432898453,3.201306924043848
57_5,3.228080292970139,3.9621462252759674,3.1715411509891314,3.093914422622095,3.0
57_6,3.2708527180224563,3.5726647738146213,3.3773414147047602,3.289277176667012,3.4130096084001145
57_7,3.655047034774949,3.0,3.3095516023148037,3.1721720196028462,2.978533468573907
57_8,1.2710634285472193,3.0,2.993240596366225,1.6564969933412457,2.03650238406263
57_9,3.2550375291690123,3.0,3.21749852921576,3.037378926732947,3.212815757305815
57_10,3.207645970002069,3.946375464514584,3.4056563633759414,3.2757028182899646,3.219531077401743
57_11,3.6966018745913503,3.0,3.5743674546295674,3.547357572204632,3.3317932115720086
57_12,3.1709408630226408,3.0,3.2213001915874337,2.4467758964651267,2.353423043533355
57_13,2.812011776468354,1.963340203509938,2.662457088029888,2.7488224680642834,2.31626223998352
57_14,3.140476951018906,3.0,3.2996073797312397,3.0206602486051124,3.0602736665700703
57_15,3.1825943534176258,3.0,2.872288338479752,2.8000687257102417,2.7776815409923516
58_0,1.532686012972755,1.1062574107084515,2.1353376179145296,2.0726328844869024,2.3016356028700953
58_1,3.073185262403809,3.380554473070246,3.491939983922172,3.3488827575703373,3.0391782620523684
58_2,3.277350739302251,3.515343970591218,3.299836165592394,3.3221688449966367,3.102001060498392
58_3,2.99970086789253,2.713771729623695,3.167036211407422,2.8800282262454227,2.448136831649428
58_4,3.051672048001695,3.22211894723594,3.2939972234251758,3.0969324479010183,2.9666121166006394
58_5,3.549532456074983,3.425096849972134,3.404603037100472,3.391860919002713,3.2736567110855517
58_6,3.6628268301290987,3.4543334034149904,3.5166361280685807,3.3528625631382343,3.3292657242978887
58_7,2.9870404763860767,3.4816821632595176,3.1781188105490465,2.8995255271487412,2.999148247127545
58_8,1.0020674600378916,1.0713884470002486,1.1106443243165283,1.0785516983990766,1.1219854149175201
58_9,3.124452125055521,3.3199152216438748,3.3259483718661067,3.2560794924990097,3.038081630797765
58_10,2.999523996908523,3.088536995615492,3.1588638105751383,3.213109066067965,2.9244591962447823
58_11,3.6273190715991683,3.474829706658926,3.5804042419064634,3.5064558353910207,3.386283008487361
58_12,3.71078905268595,3.6154263732289986,3.4512193646502474,3.350926218234895,3.389962826947922
58_13,2.9767420271597476,3.2593274034888027,3.0865338468330075,2.7146431568203773,2.7152309497633125
58_14,3.0464822298306498,3.425759087090622,3.3890908100922807,3.200797572144529,3.0791677019011123
58_15,2.8904935672044108,3.3708498209006708,3.1042040483411903,2.923652335690953,2.7721921912962206
59_0,2.0089435790615653,3.0,2.8711188267409007,2.2097048823105863,1.0560978056594106
59_1,3.020598293300483,3.0,3.163327251085611,3.413807433335022,3.3745201549228154
59_2,3.2655731580266547,3.0,3.249694731313208,3.219533781520786,3.0
59_3,2.803967590966802,3.0,2.734016958900179,3.0398748266572415,3.2192635978220623
59_4,3.2762302209993406,3.0,3.4791829537244507,3.3836302823678768,3.0
59_5,3.4678095104103366,3.0,3.462263550268653,3.491988794568693,3.52013850667174
59_6,3.25855942257157,3.0,3.399492093392675,3.5110410885483736,3.0
59_7,3.6223563611746816,3.0,2.755751686572901,3.4763364954318106,3.0
59_8,1.217178399063159,3.0,1.4964477096876734,2.0671510235621993,1.950535497870863
59_9,3.027675267335643,3.0,3.2215531812944853,3.203182278295983,1.080481997271609
59_10,3.040963018516639,3.0,3.1476360755470467,3.2250725276339995,3.0709816784009423
59_11,3.3802272692798625,3.0,1.068460468995508,3.0,3.0
59_12,3.443372489105772,3.8374417930783133,3.8325419729826153,3.0,3.3220065032107433
59_13,3.054859655554496,3.0,3.3073889913745336,3.1225567310202975,3.0
59_14,3.226506411669563,3.0,3.0162192533369874,3.0917728839361875,3.147248490678091
59_15,2.7963355592308696,3.0,3.0,3.0,2.038158662004908
60_0,2.4841876004313166,2.9999999999999996,2.818267355157899,2.8158769896904117,2.898877058177172
60_1,3.649605084800124,3.6679830757101497,3.3338672469859403,3.426402531500104,3.256517836184802
60_2,3.925549459623456,3.8416645592758485,3.719115754169117,3.791998489135606,3.797136119067275
60_3,3.3716255682307876,3.4898200348420065,3.574029089720993,3.2703549436705863,3.215356385319458
60_4,3.1256350641629917,3.8058240466496316,3.357795915305471,3.153883719657739,3.4297221867294017
60_5,3.4467609319400867,3.554063570528707,3.292588221599056,3.473414908472445,3.4620434460374514
60_6,3.7379210600796138,3.6815767490212887,3.517171763296564,3.7086255872834535,3.5770175161945614
60_7,3.2289367634955592,3.4272119802366636,3.4081301115454763,3.4352088852447094,3.3078879028732633
60_8,3.1700821745117382,3.9646740114506223,3.3375913146900924,2.8830957146114957,3.1649011439096597
60_9,3.565652889028125,3.0,3.3495553508995877,3.338397170513682,3.1628999057106633
60_10,3.907894809887482,3.7763100595804073,3.7231179552814404,3.790220372434671,3.7318644829517
60_11,3.907894809887482,3.7763100595804073,3.7174969944837835,3.790220372434671,3.6647665247080425
60_12,3.435503275943627,3.0,3.6407681230912146,3.3055665937732086,3.3184558564234847
60_13,3.4699505508574373,3.513326278831525,3.4818628698393237,3.4604883696879,3.3509245353386694
60_14,2.902510234189957,3.314323157030924,3.0249241581251676,3.037088852420907,2.9431893546347285
60_15,3.048035936110999,3.0,3.3584205239500977,3.3112736924951545,3.364904838494291
61_0,1.644348817375748,1.0736817226148365,2.439641571191639,2.1392603882310435,1.4809739354045677
61_1,2.9412979406135156,3.2295983460379967,3.4230466570210507,3.1753180540200923,2.843109526868901
61_2,2.5980179970381747,2.494906496576752,2.905986316565036,2.7446595576966266,2.7462786804745813
61_3,2.3257670766149916,3.457150434925457,2.7938695911893188,2.3385678398269176,1.8759520466352817
61_4,3.1228927959346633,3.2295983460379967,3.4230466570210507,3.1581467422533853,2.8665747911944184
61_5,2.00193397347583,3.427918622803825,3.234918878022061,2.520086678215216,2.6548154191085938
61_6,2.0334677353314916,2.698167042642605,3.1835877805597317,2.8567359228080025,2.8778103899718506
61_7,2.9001134581952615,3.0,3.304947281722495,2.9465232828115737,2.6238571156889563
61_8,2.912249532982497,3.0,3.2332498076787184,2.979011995708146,3.108465541678637
61_9,2.7758073801387475,2.6358742521618614,3.033013443239048,2.7281831291359775,2.3389051499990656
61_10,2.8332537938495697,3.0,3.05945766823179,2.947344868335557,2.836632187329574
61_11,1.0173732580865227,1.011113367356571,1.6556353786181568,1.5402355219652553,1.5231129141843074
61_12,3.2111225679611803,3.0,3.349876245460312,3.20241879147213,3.151578079104787
61_13,2.560902649902601,3.4426821266467993,3.244671929344455,2.974742734388027,2.800632431039163
61_14,2.3603579417405824,2.828238439800825,2.9674280064103637,2.631218756857376,2.717456785748934
61_15,2.3510636063777515,3.430342279621746,3.1967379658782726,2.9288989272220998,2.6879455624352837
62_0,1.260012242579792,3.0,2.8305284357423357,2.0598839729986675,2.4543074286323994
62_1,3.667359337099336,3.0,3.7091854201025067,3.484013226298043,3.9475588414811202
62_2,3.4125781166945623,3.0,3.3339588835744545,3.248976090970308,3.0
62_3,3.232179950341085,3.950714213518846,3.2706160712372787,3.0907049938544113,3.370798784807853
62_4,3.0304244886400307,3.0,3.2465101018044114,3.109589360663032,2.9611235599814885
62_5,3.762716400796105,3.0,3.593035979311309,3.5237891907786243,3.551744518536847
62_6,3.3760813365387774,3.0,3.59544652894225,3.310269674485357,3.5502319452504736
62_7,3.4319974570932823,3.0,3.4483695302282285,3.2468884390735697,3.458652942806389
62_8,1.1872400161775072,1.1571465463522843,1.7410278916681636,1.427439684508772,2.3362385971167585
62_9,3.0719103501964358,3.0,3.3043721417884697,2.9565803098974137,3.12782364644472
62_10,3.591237637410955,3.0,3.3993898854026567,3.472520187792229,3.69143230477921
62_11,3.800104035414116,3.0,3.8376985842474345,3.65597241675824,3.61294324423763
62_12,3.1257728136450376,3.0,3.1834450203684073,3.0511833816747322,3.30471443175717
62_13,3.176025606813726,3.0,3.5158214248300883,3.3691854940032147,3.367836924419457
62_14,2.4027087680656707,3.0,2.4949702053425,2.2520247345810134,1.0531326204625646
62_15,3.0121958606852153,3.0,3.2697969243669283,3.2111161597969398,2.8195245254988497
63_0,2.497741397514241,3.5193610977128853,3.1070161014792848,3.0,2.624717394953794
63_1,3.8042610983935106,3.8254299260452136,3.524998059749316,3.451610900685985,3.273175234553622
63_2,3.6068302072228557,3.0,3.304026274697761,3.6388365998514973,3.2575249139167295
63_3,3.1282008474601533,3.9146165994620072,2.6504314898612296,3.237639576756252,2.7778564050680896
63_4,3.4282974806475814,3.8358049469800175,3.475271661119601,3.492129761611123,3.337618047030038
63_5,3.5798396063917926,3.0,3.5312609953928686,3.7701986217463586,3.2252451583592476
63_6,3.879172725004469,3.0,3.626465610933887,3.63771636306562,3.6075494943836857
63_7,3.367828246253036,3.5374799333427904,3.5815161386336847,3.688170504488726,3.3157838169464435
63_8,2.7679489678695255,3.0,1.8857474266485017,2.5338489794121903,3.0
63_9,3.4998581539026756,3.0,3.4443600838249706,3.2753681748630643,3.3524413436153964
63_10,3.2239562522994087,3.0,3.576375782306629,3.1021497633015067,2.825970876453099
63_11,3.885912467221548,4.313492461130458,3.707256862486097,3.7316064758710277,3.5252946266057643
63_12,3.5402272057549475,3.0,3.931800297202092,3.628533137442788,3.705782892807252
63_13,3.393989955437161,3.8964313556125867,3.4982014539097275,3.4467184084988185,3.0
63_14,3.0491981978753038,3.0,3.204165077017375,2.4392661569607377,2.3578481354326715
63_15,2.8523109838810257,2.0162703071454464,2.087977489377953,2.8343491961990575,2.655987527587552
64_0,2.961407908714508,3.0,3.2029421614760922,3.077415944028071,2.985215670186489
64_1,3.28029704074984,3.856808509051727,3.3950406105021527,3.203872620660508,3.154170426726095
64_2,3.1016522482457485,3.5861215012319816,3.3494750380870006,3.029345141731036,3.1530706891852804
64_3,3.3394269893921185,3.571851234762822,3.467304828510958,3.2686198591560633,3.4349447817348007
64_4,3.497320498284748,3.6391052187301827,3.3876234726251067,3.1700869081160192,3.0969593154558517
64_5,2.900286104861892,3.0,3.2502576856084957,3.120555279748269,2.859113658906381
64_6,3.250768253432628,3.464783491232676,3.3589569820496403,3.1120792034713483,2.982839709089763
64_7,3.5336387093409494,3.6986067169973507,3.558981031281893,3.458303350968903,3.3290950738188525
64_8,2.474240650400445,1.1958084801538855,2.5849557938755092,2.155819949200445,2.626950023088733
64_9,3.4027254655030643,3.0,3.461295592770499,3.3416278265298085,3.2305897394653766
64_10,3.37565586380441,3.697353159362457,3.374590499892048,3.145378156328216,3.1394394167658715
64_11,3.4112331396340445,3.897982325563725,3.4317634268159245,3.1246900305522947,3.148436225037197
64_12,3.4349251419142957,3.6004679685726635,3.583647206664286,3.4092111027336878,3.377332023870603
64_13,2.8706859283975756,2.9999999999999996,3.268705122990501,2.80808724150072,2.734771469690066
64_14,3.7943374762981574,3.7721837911587324,3.462757953178775,3.5103729878651015,3.3604879399051497
64_15,3.08239946607442,2.8413830893699656,3.237076901204399,3.3053228808011874,2.693806668391688
65_0,2.6216437974036304,3.0,2.9964327873196863,3.333138052870457,2.818405457884625
65_1,3.2847893599351097,3.8005366845672217,3.645012329681733,3.459593133372911,3.4638527015105316
65_2,3.119952104218105,3.0,3.4588474169439993,3.506060605153781,3.270841212076943
65_3,3.314248036720275,3.0,3.540420348509363,3.439445722986433,3.199419941780727
65_4,3.0194492254884064,1.0826439783986281,3.0599159026699274,2.929540743419107,2.993133845146251
65_5,3.623277028206735,3.6507335488759485,3.6395109007788267,3.6368904021890023,3.3714010665780303
65_6,3.810202451675911,3.738366333045957,3.637230242063736,3.646513392694985,3.4542023626675427
65_7,3.2123762878858324,3.5931366736539037,3.4608316405754507,3.3386977453756193,3.274105565476029
65_8,2.8786366030071298,3.0,3.2575655881451224,3.0538270601652315,3.0184290333451695
65_9,2.7674032391354775,3.0,3.296115617481275,2.857108640736881,2.4112834783122
65_10,3.1775818798963487,3.8026205543667895,3.3694205097181156,3.4472792929114866,3.3661395676053227
65_11,3.8165897824989656,3.9064803662564347,3.7031032893288742,3.730312405644188,3.521285770566603
65_12,3.498714451747223,3.0,3.542892528097988,3.3929012235257985,3.366077967172716
65_13,2.8217856508865826,3.4872868396363086,3.38647426596072,3.1742511752390383,3.0843758685940172
65_14,3.1289209900514603,3.5226582104708117,3.35941861895359,3.294816597676382,3.2736808734620046
65_15,2.462942513745122,3.0,2.990112669611695,3.2348237943432534,3.0677178317154867
66_0,1.8186658381398608,1.0741879335426243,2.175938335833948,1.1250257621784312,1.3908246882318536
66_1,3.0155891654462565,3.0,3.0072120106674793,3.1993751506384918,3.115442718034713
66_2,2.9518660766873035,1.9853000783206176,2.5945624249630517,2.5057745696629823,2.761245636587367
66_3,3.1453901923696272,3.0,3.4772227587706754,3.4845561242499086,3.1994819017990133
66_4,2.9671046703563664,3.5455300037187563,3.1443501007833214,3.185821117872328,3.068121838422297
66_5,3.2315160527454676,3.5493508280525443,3.332506250019089,3.4177079515388518,3.497214332657744
66_6,3.403034767957825,3.5545436667416674,3.4434374001102674,3.4885009090324006,3.3647789453569903
66_7,3.807742901744391,3.947004990909927,3.8672893914613455,3.568608870834135,3.5037203547678457
66_8,1.4268676126702966,3.0,1.0339366505884917,1.7621569435023972,3.0
66_9,3.259812393708018,3.0,3.3600385094477696,3.3944954891242274,3.262539801022859
66_10,2.917803715697599,3.0,3.4806644412279466,3.174893826565703,3.3991061910097633
66_11,3.1566963801592034,3.9023176005107545,3.3632072681737157,3.1916189741116336,3.134169835224524
66_12,3.393898696856093,3.0,3.558285858161703,3.4158659212873275,3.385502656566395
66_13,3.2467298459416667,3.0,3.232060804586555,3.3178271800145245,3.3598566054394783
66_14,1.3683919562323676,3.0,2.333549854053781,1.642243333994458,1.687946047453405
66_15,2.8250146433938097,3.0,3.302858313365571,2.600813603626793,2.342647222384265
67_0,2.369277437798019,3.0,2.541797192009636,2.0437415864928745,2.511693360225234
67_1,3.054006953150312,3.39774515167241,3.299504099067393,2.9852897923818467,2.766106101145188
67_2,3.328736997585403,3.6505828181996978,3.5732237958577886,3.3008784116952117,3.2106939228602918
67_3,3.009309419422594,3.0,3.246897874856825,2.7583209335799252,2.215541596503626
67_4,3.566314381750348,3.9524249033027004,3.562220536215274,3.42093201759447,3.4386437083526973
67_5,3.377509426877394,3.69490065713178,3.62875288932888,3.44437114141385,3.4956739641032377
67_6,3.8253806364601353,3.7411125341275,3.6565833757202864,3.5670600018943346,3.5086125017784977
67_7,3.367836826998208,3.5690204519662823,3.668802218876967,3.320980018699237,3.261074419171522
67_8,3.081117911629936,3.0,3.4524062823335315,3.1407912102033286,3.3378090643282583
67_9,3.4367973271522114,3.5422083965276623,3.4375858386556106,3.345857304420587,3.1697452752381245
67_10,3.2455835606283423,3.5862222013967586,3.4236933225005823,3.2984218552812425,3.2428150442325374
67_11,3.7981732304427984,3.6953257777467385,3.711920206791459,3.5534715556094376,3.615743673322322
67_12,3.65583877220321,3.0,3.6434434298398335,3.3176093444381705,3.372272934443022
67_13,3.1179298686042856,3.4515429930894572,3.266358150521256,3.237955229278611,2.779115374388894
67_14,2.7451571447244563,3.0,3.1771280197752936,2.46284315672545,2.8466018947605702
67_15,2.3495534517516017,3.372096494582285,2.7288216716297042,1.9138769616719682,2.395932800169477
68_0,2.290822120759158,3.0,3.055548435050763,2.65814017690695,1.981105833469183
68_1,2.3485523950538236,3.0,3.003428123199336,2.861532757743872,2.916598991650007
68_2,3.3007334246953,3.0,3.4534087581434494,3.415995588826533,3.0172973665862393
68_3,2.3485523950538236,3.0,3.0034281189834875,2.9954539981346553,2.916598991650007
68_4,2.3485523950538236,3.0,3.0034281189834875,2.8615327836133737,2.9165965144256343
68_5,2.818747650815401,1.0742479937502005,3.0953455889130197,1.9052668694036217,2.6724900595788457
68_6,3.282414642739921,3.0,3.4576031937768024,3.419030719675208,3.430376061363229
68_7,3.302697809126756,3.0,3.3567202109076817,2.94894777354425,2.9677948501727163
68_8,2.997477605045357,3.0,3.2204198814970284,3.3432385919112684,3.2302809041776492
68_9,3.65583685644156,3.74508662538234,3.5589991546897886,3.4153068646677744,3.3592868872214448
68_10,3.4344393137440408,3.0,3.565143349845844,3.4336026845219703,3.288950818257854
68_11,3.2593860602587648,3.610773591528228,3.4618745236032984,3.5422696511961465,3.4162664215292926
68_12,3.315128417455834,3.6716580656499795,3.4630174538064757,3.3469749631008487,3.4735946999961564
68_13,3.11627808221991,3.0,3.38814671064376,3.3882529280055627,3.2792732024543225
68_14,2.857999694459994,3.0,3.263441945518175,3.253769090556177,2.857027496123669
68_15,3.100852775208769,1.102571378360187,3.228879057670694,2.93880552043583,2.900635248613742
69_0,3.0430466679137465,3.0,3.2552525868174436,3.035184013213033,3.0566654394271375
69_1,3.465912712788231,3.0,3.505995958693795,3.253509832253971,3.397921368821424
69_2,3.6571268617650716,3.6566235980111967,3.471287926183476,3.5229954761366207,3.430479696688173
69_3,3.0654019841648297,3.4446217297994792,3.31860557106037,3.1699929592389746,2.944126259006073
69_4,3.1887014921410617,3.0,3.2916614057905482,3.296336522942075,3.3404132080955526
69_5,3.0948558229162724,3.521212230718662,3.386076070359616,3.1168316846171122,3.119232775670155
69_6,3.5228061508046276,3.0,3.4569132505956306,3.2067156605213296,3.1033735360002552
69_7,3.3746236945865697,3.648109772699631,3.4147589269151735,3.1548552084420565,3.347266826180501
69_8,1.5335080704118185,1.219111600453042,2.238161256361042,1.343607925404458,1.350507129728425
69_9,3.3699177443354844,3.641539760415183,3.366707741370985,3.345538495820445,3.1935314106892765
69_10,3.365395142921541,3.0,3.577097077160677,3.2485512712004074,2.92309266434614
69_11,3.365395142921541,3.0,3.577097077160677,3.2485512712004074,2.92309266434614
69_12,3.6206871863120016,3.0,3.4045316685750455,3.404465600248439,3.309104990169036
69_13,3.281793761275474,3.553952155831321,3.456271277904239,3.2264279018452866,3.43074856322642
69_14,3.0270939099108403,3.0,3.2612895596348612,2.036081275680039,2.5316572230599266
69_15,2.9772956975031133,3.0,3.106010763186585,2.982968108208219,2.884776542783942
70_0,2.6981563034596183,3.923172814102827,3.5151642969949872,3.1795990154117915,2.951267628363398
70_1,3.844053826875933,3.0,3.7348762192461367,3.623402411555294,3.599460661754635
70_2,3.4297449193829657,3.0,3.478223798609906,3.566068007970684,3.4594740242459814
70_3,3.30616983204824,3.9417247540133378,3.67631524253701,3.359897795850193,3.3435554113080537
70_4,3.4365146876649515,3.8361738249780775,3.280841341521741,3.3761579936231048,3.317833979554638
70_5,3.3108844097373864,3.0,3.411502139658194,3.4351559612355445,3.221546260900927
70_6,3.9908087685269593,3.625663420232213,3.683766437689127,3.5199728197003353,3.470492770507487
70_7,3.6666775275569807,3.652513525830446,3.490841358124881,3.5881225825344103,3.493726708183032
70_8,2.4810669163468977,3.0,2.9279871778631335,2.2883382145767075,2.1016902311924044
70_9,3.2800974226548707,3.0,3.2588336346977544,3.237057236185563,3.0462878148527084
70_10,3.8406437819584487,3.0,3.627772725374856,3.7106571702334623,3.65060159005488
70_11,3.816017711229533,3.0,3.736318416766214,3.6931918889872266,3.55800270400952
70_12,3.316404573819213,3.693279033113764,3.583314836270615,3.6470020739846793,3.4141966481663646
70_13,3.721030782188368,3.7186373462261213,3.610818806961208,3.323184150609516,3.3933731604542414
70_14,3.281525243922803,3.557649221185608,3.423274789445651,3.4493353014897994,3.273385579779222
70_15,3.3404788805541745,3.0,3.2220598026656773,3.0000000000000004,3.5357768520779596
71_0,2.57428504511103,3.0,2.9515162750539425,2.1781371625414754,2.2099363069422058
71_1,3.124300114054881,3.5505176355343533,3.2459584271816477,2.7267570957511578,3.010163081127772
71_2,3.4002718602263626,3.6276179629220016,3.4639323047449695,3.2832744455116982,3.0979592370940088
71_3,3.0519095950636506,2.632531803817785,3.143316499254582,2.8337011352111867,2.520970668535079
71_4,3.009024061928586,3.0,3.2581663250932635,3.1650488410713584,3.000545196556364
71_5,3.4023784541495536,3.8551907806625736,3.402233800049061,3.1486993729238613,3.2758064125456023
71_6,2.992061252168363,3.0,3.2419157063052704,3.1723586392436074,3.108750737187892
71_7,3.346972437960389,3.6387724239535504,3.3179629106490522,2.944657097168873,3.077613518786855
71_8,1.3023915699230495,1.1095979896878807,2.5587638600252367,2.2922713748358583,1.9829738541221968
71_9,3.410289783063509,3.4952295038145182,3.1864798970191197,3.0240391972591434,2.889915331260153
71_10,3.046440899031808,1.093676687709644,3.340513135158016,3.1642298303219856,3.0032928759316677
71_11,3.8343394862888074,3.9165112235441515,3.660422987322265,3.5229667464242542,3.555156879935458
71_12,3.999367222747865,3.8806219816956253,3.5549519566691337,3.4396936397018223,3.4403319000314982
71_13,3.6893899102858327,3.594651073340337,3.4539886016905585,3.4033438735244084,3.2137493225789475
71_14,3.7615636799868266,3.0,3.360928439324541,3.2937589846634174,2.910966454922703
71_15,3.3587075249159533,3.585255230882575,3.309278003886099,3.215781014335968,2.8388656739066036
72_0,1.4116613926282717,3.0,2.669836572352812,2.203423761934439,2.374174996022888
72_1,3.1234626308740303,3.0,3.401173557002608,3.2459257673990183,3.312434398259715
72_2,3.2601567419505026,3.0,3.5683855186226014,3.3624261189763294,3.3137365472899254
72_3,3.372850299773048,3.896092783389448,3.6483062049649417,3.3329995320663213,3.1278112081753773
72_4,3.3492564838816103,3.543636604036327,3.4594782987448105,3.270879573870207,3.3422833786520956
72_5,3.069775180995988,3.4326300895946376,3.3415543929652993,3.3402259242100785,2.906793376879633
72_6,3.283612614700386,3.5265081765142465,3.3715538422691185,3.5104478469187157,3.298146342860948
72_7,3.437368570798855,3.0,3.0,3.2994546213866234,3.1706651407413795
72_8,2.832702806438928,2.222718218587555,2.6961649522708377,2.618226015643784,2.3990857037405093
72_9,3.257928375802188,3.0,2.982451222708265,3.231689209105071,3.093369155256237
72_10,3.8328219708512847,3.7235672032592952,3.717823930001024,3.571146916478701,3.606541459149586
72_11,3.9131833361576183,3.736658248742354,3.63118649388699,3.7061407440954723,3.736661537560404
72_12,3.626430384317209,3.5203071374466752,3.612009117366572,3.446145187098331,3.55712826938875
72_13,3.176068222584911,3.4752984257552035,3.4270907201135583,3.2952026846312545,2.505006882464021
72_14,2.9388005018063925,3.0,3.054629376309165,2.9999999999999996,3.0366613418714032
72_15,2.919043330466328,3.0,3.1785568892294047,2.5089696175898633,2.613439967923916
73_0,2.5805065234310374,3.0,2.9548779825330316,2.905274862921332,2.379754984142012
73_1,3.410171999386523,3.6199982099917607,3.567657812905272,3.3279476548000146,3.216652698767794
73_2,3.60890565575331,3.0,3.5071942775939293,3.4866911089695587,3.4465741767285687
73_3,3.340348013893025,3.0,3.2431273038345156,3.255611170228776,3.3095018739476414
73_4,2.6296890914348303,3.0,3.172497095865331,2.938733669240148,2.991863807047584
73_5,3.107717141538561,3.0,3.086228754901394,3.321024358409525,2.9894989438253114
73_6,3.3285772986116506,3.556527065690369,3.354457013777166,3.327679041425498,3.0479162052049733
73_7,3.4035704691564543,3.558503610544368,3.305173388979053,3.2188559968032284,3.248014046671891
73_8,2.7534380418754747,1.1624116183798587,3.1730198044124136,2.7973837078623522,2.600878430457259
73_9,3.435511776700553,3.8599984126934306,3.693330908446331,3.4811518354431428,3.3769342533535265
73_10,2.445710646754956,3.0,3.3393617421798387,3.2917978482041006,2.949745121911612
73_11,3.831484397817781,3.0,3.6266487662288376,3.558003715899091,3.4818553906184238
73_12,3.925019210210905,3.6875805131418287,3.6847590565158095,3.5561393513788437,3.5559971436592557
73_13,3.8448454938302348,3.642294679794513,3.5947711157070468,3.576973619201542,3.3957979864401544
73_14,3.112193959162458,3.0,3.2578327890470917,3.1036138766770103,2.991576896437325
73_15,2.91275453733683,3.0,3.092746216479386,2.975608227982606,2.7248176583494352
74_0,3.3130416066417854,3.554777397447653,3.3715859037934095,3.0058767731617606,2.949784726285271
74_1,3.3713588537313206,3.569104410958557,3.467456127668151,3.239207837917031,3.183175692159431
74_2,3.0805672598075873,3.410520672069494,3.268028353839104,2.7011859973667964,2.9110927035256924
74_3,3.2116736086733297,3.6529060726917955,3.421988080126757,3.314914936530714,3.197991905452369
74_4,3.041991626707772,3.525308853991194,3.5192650027767702,3.3452641635226974,3.0105976107203296
74_5,3.1450884194163997,3.6421741748952448,3.4715509497375425,3.3633056497335203,3.13861499774474
74_6,3.4982278190463747,3.6361085564607984,3.559907950119873,3.286154318015504,3.5186970434575824
74_7,3.3711769146763686,3.785272843262351,3.467366998737029,3.2718337392913104,3.1974069172363966
74_8,2.836372150282135,3.0,3.1882955558545865,3.281326100050028,2.9886757098267553
74_9,3.783815538367508,3.782800590806458,3.5829869324011123,3.5268124583031235,3.4176392527165103
74_10,3.1080272100932897,3.4292407432586742,3.3293921131115605,3.0896404769022805,3.1264388155629916
74_11,3.086496181614531,3.0,3.4185648357696103,3.189363504430248,3.0236010973723673
74_12,3.650757677831395,3.649088748535051,3.5834342380395054,3.2839260193732245,3.1748271438402482
74_13,3.708166318278524,3.6088711168004792,3.4291284082553286,3.5888098775230564,3.269937781183292
74_14,2.7206815203818815,2.2854877428435088,3.2481066230800897,2.844461259006658,2.4996672147961547
74_15,2.824432400236757,3.1093157819950235,2.9360558687740994,2.9577473429550425,2.6656983018723213
75_0,1.217981534337552,1.1339138840859924,2.5340186989611886,1.9039051642178761,1.4808799069873388
75_1,2.6219167410575976,1.9046129195836088,2.9454190565496674,3.1058120030505667,2.5797090684921615
75_2,3.13616415006378,3.0,3.482099122598431,3.338770261758498,3.314515374106857
75_3,2.626891085714067,3.0,3.192253424722931,2.687652153083861,2.1146469598758433
75_4,3.0417954163546166,3.0,3.3594274409996157,2.954294998153947,2.904745873154148
75_5,3.530847452764513,2.875484770138412,3.501044798606855,3.3692474319615195,3.2090400858033075
75_6,3.7311173847780403,3.688753632983842,3.4249416495805183,3.5095519339675816,3.4723017501153244
75_7,3.308468641194651,3.450301906103893,3.176880810638755,3.0445260440945945,3.1093240545256435
75_8,2.8677480747080106,1.2492394220607044,3.054472291573316,2.584554021646768,2.4567584162818004
75_9,3.3710458708701827,3.3948452329820373,3.333703490781443,3.28233909224153,3.270617417571709
75_10,3.5635182899063587,3.0,3.4139247309111,3.418942252960362,3.3746671749698764
75_11,3.6791666900286435,3.7240844142450302,3.5945908585025474,3.5548441328429212,3.47831016756527
75_12,3.444847220844791,3.5833029180339637,3.326657855474462,3.3053467140959802,3.392042921806033
75_13,3.2592005619252853,3.0,3.330382736389688,3.0170183716392858,3.0896399020888756
75_14,3.031595933024716,3.0,3.204044903207025,3.1255357937395973,3.418837158234168
75_15,2.8696300511719413,3.0,3.2111141725245793,2.9503117754406034,3.001953656480784
76_0,1.4042495966819566,1.6173013715313407,2.4605192484580125,2.441132529148433,2.46199616574408
76_1,3.0421207174445093,3.486040509693997,3.4931147687255413,3.2251844449237823,3.1846819667942587
76_2,3.057884867748953,3.5554492624019014,3.420651011781612,3.102794920195252,2.7259093948275117
76_3,3.497184357635556,3.849140005440828,3.684371237528067,3.4558758271193084,3.426889590306686
76_4,3.4324171638808796,3.736315229078615,3.6178912774482166,3.3251811905453614,3.3917724857742897
76_5,3.1620521627462717,3.8326188951707136,3.4108432072026744,3.26050307283953,3.059257601762064
76_6,3.258025881708224,3.6008417122341836,3.270262559842519,3.3302675363830296,3.2777590151188045
76_7,3.2190813077862126,3.585050674027726,3.5102934937436556,3.3334095901765703,3.3471066837112815
76_8,1.7622119193769648,3.0,3.0522367872856178,2.104653453252453,2.0087128645406485
76_9,2.8227100016202593,3.0294015422954823,3.1158616864861153,3.128471265257085,2.885565854945463
76_10,2.5647467395422776,3.427184070298723,3.465575339796224,3.309865872943893,3.051736674321747
76_11,3.848194115033663,3.671272904074895,3.6568275895166207,3.573759594731106,3.4110758632382323
76_12,3.399232752704809,3.283788187340865,3.3156266323413193,3.1694635270002247,3.1908786077270896
76_13,3.2791450686677472,3.657558168396042,3.541055130608065,3.240497096264679,3.4117562296093595
76_14,2.3126508727101296,1.1019857574865095,3.20836586110155,2.76820855358613,2.6157491143827065
76_15,2.4990627611339917,3.388982932672857,3.132770924988702,3.049336252619014,3.027544376506119
77_0,2.9239554994187347,3.0,3.368028600161306,3.125823833088859,2.80138134140287
77_1,3.0461586451087643,3.0,3.446048214963236,3.2805406261219123,3.17027374683787
77_2,2.9768118637543384,3.0,3.230499454964598,3.124760331091273,3.19838421766112
77_3,2.090377898126581,3.0,2.4546500124056276,1.9515153957164943,2.847795617261653
77_4,3.2453096868692146,3.8714572964803144,3.3661736820246118,3.329636493381798,3.2592618497785613
77_5,2.276607563694436,3.0,2.9182104718860633,2.01804141852317,2.4110385571052837
77_6,3.4089025339958354,3.0,3.5572603335674726,3.378101609429527,3.294393245430734
77_7,3.2271699463041745,3.0,3.403825680927672,3.3794825132646564,3.372993997822695
77_8,3.029030729668577,3.5136395359176453,3.2393851511114287,3.075523207075471,2.931855244045594
77_9,3.1609951584871467,3.0,3.4845365901410936,3.3243235323475515,3.389050942728583
77_10,3.0388586238673176,3.0,3.24360273542991,2.9946011586064727,2.90033497015736
77_11,3.195810441574564,3.0,3.695791941244665,2.9879041571983067,3.1164579666302585
77_12,3.4989912757091477,3.8149632480047377,3.5300127900498057,3.3454234905300857,3.2672140351311927
77_13,1.6651511769610317,1.1393762433290822,2.1633207499283578,1.9121567949891711,1.4080854786107186
77_14,2.9537607483011583,3.0,3.4231454245056665,3.1494164652247294,3.034929760572067
77_15,2.667430899405103,3.0,3.128694090733972,3.1163947454122574,2.9804290835360003
78_0,2.8351360516475275,3.0,3.061284157317848,2.9624680790502724,2.9667216748614997
78_1,2.9059794631070974,3.0,3.2655348188142392,3.119897522748315,3.046832356950669
78_2,3.7508030630092795,3.6404092865829094,3.545427472300423,3.4823280168813584,3.4649207826488633
78_3,3.5382582702320424,3.0,3.667825027019627,3.6301097004849443,3.36408938479917
78_4,3.4334750487649077,3.0,3.5226427040730544,3.3910823926505183,3.27049989982313
78_5,3.608117355381498,3.7222024835070617,3.539931655673318,3.699598428577566,3.457237505205491
78_6,3.902991601782882,3.695290751571228,3.675383399665887,3.5351497706386743,3.582053748141705
78_7,3.6218843952914583,3.0,3.601919271231543,3.42274675530134,3.392990397642858
78_8,2.488406617622569,3.0,2.9553007230587838,3.065456811746274,3.2350872059506313
78_9,3.8415674254683356,3.9108429354279592,3.5831485200309534,3.409495685370272,3.291523258509111
78_10,2.4854001233986676,3.0,3.1526078556804022,2.8820316456535338,2.241868932388637
78_11,3.7508030630092795,3.6677853266230813,3.570595044149473,3.574346935633986,3.5281539906989816
78_12,4.065611852578241,3.9403639318924397,3.7978681140386845,3.6561828681199557,3.494326650553256
78_13,3.376960956713772,3.0,3.464938760890505,3.5311835664412747,3.27882960126344
78_14,3.104256004365956,3.5214003075064344,3.6401472972329167,3.063330478229671,3.1505196902055896
78_15,3.3434098749642205,3.4254325612752057,3.4524705022260265,3.395422491182624,3.074211243557428
79_0,2.945994002745422,3.3797910872930177,3.220142859288527,2.777174608146902,2.615669763040881
79_1,2.6269445291173925,3.0,2.971668591334113,2.5097379302296705,2.3680213444332674
79_2,2.916982428734274,3.442544260244924,3.2626197586442416,3.1086192269420407,2.8030708957840735
79_3,2.2191078458457487,2.8658134813305525,2.945040346924318,2.010308158121677,1.8729614201128955
79_4,2.5545607643309753,2.9999999999999996,3.2502507105079204,2.809637807847632,2.587034536733207
79_5,3.0179080257408044,3.4583133576570106,3.466009452358013,3.18961605164379,3.0127680620729245
79_6,3.6213955684836274,3.6591888214956008,3.5951411402426445,3.440212284722494,3.3899482067111593
79_7,1.9829638241667844,2.5980574007666535,2.9945567738378167,1.405060744658601,1.916968232171317
79_8,2.1282911565764784,1.676472915420837,2.260702267292311,1.1790258977535606,2.0861214302868203
79_9,3.0304828364052607,3.438992486038286,3.3643295956059855,3.130841829310785,3.327377438767549
79_10,2.847604913113648,3.0170703535568997,3.226040528655674,2.9962344470533124,3.054615348468386
79_11,3.254511048120506,3.6310619365447128,3.4190764087566334,3.256696049896354,3.13646721151794
79_12,2.99824227359151,3.537745404190893,3.3671664765026867,3.11155639113752,3.1641463809672494
79_13,2.2779213334103976,1.2320319491358809,3.1126950581028203,2.1966635945730664,2.404554970672172
79_14,2.5609512553334794,2.8617693205077828,3.086761779012366,1.7359384339892256,1.7381063241002117
79_15,2.7381840167420357,3.655146995424153,3.1229222772120204,2.938574993380006,2.9016221841806846
80_0,2.077368422033248,1.032898048435949,2.3716072160936887,1.8506669188686102,1.3165101931928116
80_1,2.5644382566417456,2.9999999999999996,3.205973994998804,3.312378773148208,2.720969199095925
80_2,3.37587014653693,3.685776835927937,3.3204456073004804,3.425703384734088,3.322393123910831
80_3,3.301839411427322,3.57569312447817,3.330616768129286,3.4015964507884635,3.1620542524515853
80_4,3.6628464371798675,3.921559763893117,3.503818641285879,3.6275922461601002,3.5668753297397866
80_5,3.4706290548692382,4.244831756689338,3.737834631901616,3.472618386413686,3.197906185288207
80_6,3.4001543882862877,3.0,3.8346032517833217,3.554220400115904,3.456740535622497
80_7,3.1911375540809215,3.0,3.416190950327735,3.087485019143561,3.222717552731278
80_8,1.1938447221918005,1.0329063508046492,2.3250063144052224,1.5327937052332832,1.7618247953717563
80_9,3.315213687241085,3.0,3.358935059759042,3.2813133104501193,3.228662630956844
80_10,3.370998276822327,3.5761981957079128,3.522191764401955,3.2473546039493018,3.2614605387152285
80_11,3.9397060637652177,3.744302003431049,3.837934202537094,3.6027827583138823,3.4873457761791373
80_12,2.8486126648451804,2.5553028160121913,2.9181871829192163,2.959342957811232,3.1729177673614255
80_13,3.4298625288167286,3.0,3.6514606461793937,3.439626880529182,3.462813816284609
80_14,2.3568631539932006,3.0,2.779637147266886,2.0127489131588137,1.7426182052581185
80_15,3.185916753161116,3.0,3.525417949265202,3.1340086515761363,3.1468525240144465
81_0,3.438690499403571,3.0,3.459047117553414,3.254667276532714,3.2085536052800108
81_1,3.4979114336594015,3.936365854464674,3.5884400504890683,3.3246734105819664,3.192003666358736
81_2,3.0389175374810526,3.0,3.2226636888264784,3.168022148446155,2.783166493330554
81_3,2.661279771359524,3.0,3.141790715819547,3.1464258514757293,2.761640770273487
81_4,2.986265301589164,3.0,3.0619324332924513,3.079818012387826,2.8111082583219704
81_5,3.1506511953673506,3.0,3.336234254124236,3.0537946231377964,2.9296912608084793
81_6,3.434245296097788,3.0,3.5193410962508094,3.434094462296863,3.2150959510500474
81_7,3.4999071476427908,3.0,3.6123595439211393,3.4626324083309417,3.162549758993188
81_8,1.9468218418901562,3.0,3.026825814005727,2.9636413564828166,2.8524461721891687
81_9,3.5149319577275557,3.6603879647118225,3.468884069114215,3.310618822288967,3.3976177759030293
81_10,3.056477650606681,3.0,3.1323682511341056,3.0065498149078715,2.621436346666418
81_11,3.4730423171110605,3.0,3.4521040563875505,3.5656548589259196,3.3454793019905087
81_12,3.3677896154690994,3.0,3.509785134026923,3.6045808198337794,2.9999861903247376
81_13,3.7135087564662532,3.0,3.8429341493633933,3.619893234808253,3.4657535194069684
81_14,3.1012990392659363,3.0,3.340817663821579,3.2026859697384022,2.863638677935128
81_15,2.9312931136012836,3.0,3.4164356310967428,3.220710188910021,3.0656520863197776
82_0,3.1284383932237443,3.0,3.364420951072198,3.2922095859168903,3.0683916370459503
82_1,3.123105707930587,3.0,3.435471078387365,3.2861519532357413,3.2880181524972825
82_2,3.868575305433666,3.68211536674168,3.675124435943782,3.5549179666899624,3.3731193401409163
82_3,3.1821475075565346,3.740890052712193,3.3091599261806497,3.3014352656542005,3.2287601445851526
82_4,3.5277884588665245,3.0,3.5676075904043847,3.0164077728033267,3.4164311117538473
82_5,3.828371341887414,3.862529612801335,3.6680464995111217,3.5077082462367257,3.5137309396338616
82_6,3.545386162580348,3.900159326288571,3.6698178055189405,3.5492594525902037,3.394413106393503
82_7,3.3230064708822167,3.0,3.6164657286198807,3.3507215406107433,3.3521550706125067
82_8,3.4342913773366335,3.0,3.435036043366396,3.1699432454634024,3.0374864174867597
82_9,3.373893800863399,3.7773910210635275,3.4850564579837457,3.373957755291343,3.1442555097963485
82_10,3.946189265099714,3.932864338057116,3.6236732172139607,3.573751327012855,3.533805633481614
82_11,3.965845415240627,3.0,3.6704543518544996,3.6840009809684213,3.7473578860337433
82_12,2.9081460650562803,3.921837506455306,3.344531089079376,3.1349045472097012,3.4606213596272846
82_13,3.4083639260145944,3.0,3.294324807217762,3.383647280212783,3.4127691775609006
82_14,2.882685625488153,3.0,3.22615455515433,3.10145251413772,2.888698076566335
82_15,2.530517973614196,3.0,2.8540082828821958,3.1114789103104163,3.0
83_0,3.154948563805319,3.3235278123704703,3.324095625528764,3.318949811814663,3.3760405650917544
83_1,2.471896815550636,1.710493255767893,2.745499925766697,2.5863792092197624,2.361854317662831
83_2,3.034227623428798,3.5798988215522054,2.930601492669297,3.3968271749901278,3.4110562657327845
83_3,3.310355698915437,3.3017510329450235,3.1309604646860816,3.3129717890271273,2.942139015071132
83_4,2.9379767068838807,3.4321021756246632,3.4404157027004154,3.388373645154005,2.961959856807454
83_5,3.0076055060304023,3.4583948747456383,3.214201718661857,3.3993336152746414,3.240443359870068
83_6,3.5295985752900214,3.6654867953040955,3.365372226014471,3.440491552419386,3.270471179115378
83_7,3.0336206743704888,3.4285539894963577,3.4260454809966174,3.2521501125415058,2.5837168786605873
83_8,2.696520182864036,3.371384925533282,2.99449666218778,2.9999999999999996,2.9636332489010146
83_9,3.0723258415183774,3.6979927753085193,3.4586153104697783,3.4123699092000996,3.2580630150878727
83_10,3.3733084930690658,3.823267709595962,3.5942183992146624,3.5267255624196,3.300251418456282
83_11,3.1227177439607736,3.6145139905285597,3.3599036040839145,3.390263433428218,3.1041958314996823
83_12,2.9568997246551607,3.868516492892461,3.51679689394509,3.274578928606839,3.308844340591622
83_13,2.794929974848467,3.288127521768764,2.9727627808218084,2.775031595091165,2.314600288123957
83_14,2.6889044407034906,3.0,3.0403282624981562,3.2167151450182634,3.1153536128965316
83_15,3.0532656934690023,3.0,3.4776720652009967,3.2200370096544506,2.8912316358309025
84_0,3.565213630340501,3.545135189457849,3.523336055418883,3.2934124372620377,3.302254919683987
84_1,3.264023215786827,2.851896704631099,3.2672929849260868,3.366995371339959,3.1031396888668428
84_2,3.3734768937430974,3.9702642621007183,3.623747812493917,3.453026045486397,3.4100457572635876
84_3,3.207953736345506,3.3750101812129762,3.3601881096179675,3.303857239163719,3.241442957402991
84_4,3.1121868354155353,3.551018618123067,3.3871409148301708,3.264554401365821,3.250735170356119
84_5,3.128318044943845,3.0,3.25966987836355,3.149747453962368,3.0101324427194207
84_6,3.795062962947192,3.9241684972192954,3.678906071043018,3.532274624367371,3.274683565231522
84_7,3.2179042748142264,3.965669134166938,3.7311300921620507,3.326080037833729,3.0233351059756606
84_8,2.5449734410787244,3.0,2.7247808852993374,3.0000000000000004,2.837131202111042
84_9,3.499179942309316,3.0,3.6484073192816115,3.305864084524424,2.9902702719455374
84_10,3.9529152607400437,3.9501473231202544,3.809766623558283,3.4625477987617805,3.4669131196217093
84_11,3.861449347776417,3.0,3.6204985633355733,3.438739021987295,3.4669131196217093
84_12,3.1586659804832675,3.0,3.344260216185618,3.286330696224522,3.0539994167642948
84_13,3.0242501669980313,3.5563460197519867,3.350995226609758,3.2640703016514063,3.2710622439012282
84_14,3.369081971382635,3.0,3.5277128367976642,3.335644998279447,3.1187911381462863
84_15,3.0375836446224436,3.6109676409936444,3.1270355661960827,3.2693866230859743,3.1515101184160534
85_0,1.887901051645658,3.0,3.052918932943122,3.0000000000000004,2.169777702018885
85_1,3.5263164174306767,3.8606307951080625,3.7303944024344236,3.440407229277412,2.9999999999999996
85_2,3.514724380072633,3.8379241259450207,3.502369572931062,3.3638666266680683,3.2962539197147405
85_3,3.6972684482409495,3.8563222366143677,3.6009103846540826,3.388458811997468,3.3334427624880187
85_4,3.4707691652480355,3.9355917217968175,3.6106071160825244,3.2347548035140887,3.3178617886570736
85_5,3.663344374036587,3.6743726477719894,3.376606734099715,3.498067698826998,3.3069956399057188
85_6,3.948364737554747,3.7447860413327834,3.7746756196446767,3.618389584910818,3.7378363578681153
85_7,3.5857292922524775,3.0,3.5142545722040106,3.4742490143194016,3.3445975042231515
85_8,2.5212466172275394,3.0,3.2785261813370066,2.8272869199045254,2.6845649063768606
85_9,3.4024291216076046,3.0,3.5796054219998283,3.255736281061548,3.4192634131519184
85_10,2.994975937265757,3.0,3.432612259067124,2.7070697764579754,2.82815586824779
85_11,4.072698314188214,3.904135737397902,3.729595262653599,3.7186781714154855,3.75527610839634
85_12,3.7231841226355735,3.916833240996205,3.6284475591876957,3.3058432631492716,3.600718108236886
85_13,3.2756581646180094,3.0,3.3806115940755666,3.248866805509934,2.9826113298337713
85_14,3.4851012800963463,3.0,3.3671487188247,3.0,3.238316145389485
85_15,3.4184124463924124,3.0,3.22689537707984,3.113725509054454,3.3282242894839005
86_0,2.080247730339118,3.0,2.9373032273711033,2.135944975529115,2.516300295447201
86_1,2.950475992581351,3.443512454836337,3.188550853076065,2.965877133477101,3.029756232879103
86_2,2.8918131349477765,3.459973702089765,3.3475947963667374,3.0828311638578154,3.068852122347605
86_3,1.8588541628622266,2.6323813012679054,2.69263528165342,1.547746829638524,2.4130481011882416
86_4,2.5532725539190855,3.0000000000000004,3.223201868708748,2.9220676338142613,2.7909420335077373
86_5,2.9627360995988314,3.5503417423822405,3.2742549918960804,3.0372412438910477,3.0894292396745167
86_6,3.02486962595025,3.638874775665069,3.418623050475285,3.305296157569973,2.9226843506391735
86_7,3.3400241197578753,3.7368274772166137,3.2913410752089587,3.0883106125093245,3.1179014282735973
86_8,2.087023718970634,1.1169415682293022,2.9588098821034596,2.195036479111391,2.6100701968269067
86_9,3.059421318254761,3.473485000978399,3.284400979222979,3.1743019158624866,3.0823343982574207
86_10,2.9336612432558584,3.367226546193496,3.13201620355101,2.9374661669888424,2.6357194500028602
86_11,2.832438262480835,3.432445409694707,3.2077624776712073,2.875909856527026,2.9838178636150046
86_12,3.6827382797429062,3.868310106209706,3.613574674833703,3.3821334811376746,3.460758893010985
86_13,2.485108370809633,1.0876612443514362,2.8778847320818177,2.5072639967205026,2.9999999999999996
86_14,1.795157079839017,1.8908193431429354,2.9327708676942525,1.5507433515003617,2.4441328707978704
86_15,2.7836639294746326,3.127035979305467,3.2548409047663034,2.9994569218068485,3.0280003831964124
87_0,3.1212411706665946,3.7591445099664993,3.2411601644032304,3.0654962971386692,3.2078509760862857
87_1,2.3257486225894013,3.0,2.799559807972111,2.8186938977630587,2.55271522720982
87_2,2.8098180040998586,3.0,2.744315978441018,3.0,2.794259193146141
87_3,3.181560751145235,3.0,3.4503153062712473,3.1010003715621823,3.3026397063421267
87_4,2.9960829858193194,3.0,3.179981132953247,3.0,2.6861700849029613
87_5,3.1379287604952832,3.0,3.2497917660228293,3.183976453263046,3.262757875159573
87_6,3.5100373890365715,3.0,3.249233161789382,3.0553414517469806,3.28766514404821
87_7,3.256415772390651,3.0,3.695539186989709,3.3339086763618253,3.4729274605538185
87_8,1.9110990578532834,3.0,2.4444275992893103,2.530667516255575,2.0862463226778267
87_9,3.433022910811114,3.937905179618771,3.5047828383416015,3.3172974002493674,3.3296698492425136
87_10,3.6840463425973353,3.0,3.4353093614795434,3.2911254983060774,3.4266323308310764
87_11,3.4098205430377613,3.0,3.4353093614795434,3.338972209871835,3.499573298189298
87_12,3.064831823683749,3.0,3.4352739008549316,3.126428201497987,3.0440222852776495
87_13,3.140929542819422,3.0,3.3100241590497683,3.2435511461387407,3.2319927663373376
87_14,3.1005069346287226,3.0,3.3347956046145275,3.283871316517955,3.1084925633623266
87_15,2.7689000271487365,2.534297821567036,3.2970774353585925,2.5061213734898278,2.1450462505103496
88_0,2.512159311589837,3.0,3.1780092744815587,2.84920052235608,3.209360418731272
88_1,2.996876274637779,3.0,3.0174174181739852,3.1890058331318087,3.4296278001935807
88_2,2.6862606691814355,3.0,2.8538560438153953,3.1613944853066296,2.8912368588799895
88_3,3.128617491408453,3.0,3.203572964620989,3.3350621466241575,3.4031350113251952
88_4,2.816776520674243,3.0,3.1255322733279267,2.777480346564896,2.7428386202647825
88_5,3.2243629989256486,3.0,3.6414703152905625,3.120749663848043,2.9999999999999996
88_6,3.162324272284826,3.0,3.2250146761600043,2.805827467491684,3.0
88_7,3.30645179007008,2.69635622188024,3.48990696781463,3.372978834918389,3.606370487164317
88_8,1.2989381862201361,3.0,1.646752931242656,2.433006993700638,2.2086285597292923
88_9,3.098757190052608,3.4531355960918066,3.4400331192814493,3.710241300992628,3.0
88_10,2.805779903979643,3.0,2.8393610655919206,3.3177157066570473,2.9188714072363844
88_11,2.671755939504899,2.9999999999999996,3.0874626959493376,3.3159372486588614,3.0
88_12,3.1932795712895023,3.0,2.7431911129663393,2.933853920227882,3.0776387172419115
88_13,3.1080445750990666,3.0,3.2320362517231747,3.3411119695020965,2.9333223726036164
88_14,1.3179608810597867,1.0384429669527078,2.7809395983935294,2.1146802860173084,2.513928653720957
88_15,3.082538657062392,1.067367550714879,3.1442449242167907,2.999271687306947,3.372804411783623
89_0,2.2967834833455263,1.127408322604615,2.132045157383726,2.2595018300938254,2.417894308219942
89_1,2.2384749335575234,3.0752557380098033,2.9576796314364286,2.6662433386893243,2.127073396349061
89_2,2.927751504340477,3.8969531663029495,3.337770452587056,3.1276003323737065,3.0418409035395833
89_3,2.919128255727973,3.135458416867012,3.0318620270304892,2.8819702037948742,2.496729244594526
89_4,2.9292268415472447,3.0,3.01844263020023,2.793055033782359,2.8113807963626694
89_5,2.7816751732144525,3.135458416867012,3.16522572264524,2.9717737721657547,2.115979654165957
89_6,1.8896695018115623,3.0,2.210213514599131,1.762392444708458,1.477364204961777
89_7,2.56143593332775,2.9960390759937527,2.799980240654272,2.5587518473091335,2.748087317930792
89_8,1.5280054695523009,3.0,2.4092251936422264,2.80336500338292,2.4518815363488735
89_9,2.066128880518606,2.8321823813606577,2.8694149819943853,2.7498717364161185,2.161755764195313
89_10,2.960735079175691,1.9040519090672783,3.1946540044487444,2.62884696311271,2.745315127411216
89_11,2.809334531115084,3.0,3.2733239311830498,2.95725533992989,2.969110554187798
89_12,2.871493078072529,3.1103702849934414,3.3704125608322353,3.0103204514779986,3.010362794540229
89_13,1.817723892917564,2.569035418238533,2.548644079178781,1.5610814036827192,2.331552145830358
89_14,2.4788191207459533,2.6097655328343734,2.6004561063137546,2.2711863630608717,2.2566065681201137
89_15,2.7698308191076557,3.0,3.062041578540435,2.9282552994819104,3.0199172258961733
90_0,2.663671201961955,1.167058194815141,3.082637979929453,2.8339500513519646,2.8283839731324623
90_1,3.2701361297159957,3.5785983159707078,3.41268707009974,3.428208149251554,2.8676839237604623
90_2,3.7584307951306175,3.973219843786006,3.6836069445780018,3.66025174197939,3.494843607180734
90_3,3.398624636821241,3.582257358824579,3.662462921032117,3.388928041031926,3.4865002003621846
90_4,3.6633343960241938,3.961667095548554,3.6981868637574555,3.3120187574292954,3.3170242713981697
90_5,2.932164941383627,3.960443872822975,3.2977976021980795,2.6560128014289206,2.9630039739345078
90_6,3.3993220612355426,3.9685245426408553,3.236926422451368,3.4296729994415194,3.173278614151029
90_7,3.128161969843647,3.0,3.4489057989068406,3.297725186937632,3.282479062726256
90_8,3.059034037499092,3.0,2.911249864588716,3.1799960337077837,3.338469483821613
90_9,3.4347014231940323,3.0,3.7338084235261366,2.858289377358233,3.1106370340272287
90_10,2.525272562557612,1.1524435199698357,2.641737061248551,2.8070816393261357,2.7603856988680837
90_11,3.5302028764132194,3.6957586354860745,3.529119652598268,3.2965713452781675,3.358586546477173
90_12,3.8023672331721077,3.7205948161716984,3.687393845667974,3.505874550642514,3.4961772253515173
90_13,3.661496025736466,3.0,3.64746425383569,3.24240039894165,3.3144362372282563
90_14,2.7383534453710285,3.0,2.951601895549894,2.6026096232703804,3.374804982665141
90_15,3.3682666838353588,3.0,3.2740995288319463,2.9974803550971667,3.1900885348155814
91_0,1.448969380491431,1.3438374439053662,2.296087805069027,1.8155317109489209,1.2726070388418762
91_1,3.3703942030997056,3.6014951299293667,3.386892528487089,3.3370512671891843,3.1437624084414724
91_2,3.6553891120365414,3.4457757252583834,3.512978162171503,3.350149914620201,3.1239968509902085
91_3,2.3838468729617612,2.8046453226498453,3.0924721351698503,1.6629762144262399,1.9854505830875024
91_4,3.2111039894157902,3.9241905331475624,3.394249023740432,3.319916619469847,3.351454203494741
91_5,3.366550196783587,3.639637962528023,3.411570792558795,3.157764057423235,3.043603890473368
91_6,3.2554759961169597,3.62898546513531,3.5652588640883627,3.248675931263127,3.0709456062611458
91_7,3.1015480687624355,3.616615904805581,3.4571140756752836,3.2077294554053646,3.162202140426602
91_8,3.641239288527147,3.751479093547273,3.6814486724236617,3.506123095899629,3.2787770855183154
91_9,2.9789594650562754,3.4741261922341384,3.461989108093546,2.552144780381995,2.899221315262351
91_10,3.0224118733450256,3.612018562551958,3.497319448056103,3.321809418451444,3.089711080053432
91_11,3.792821266642039,3.769215889284602,3.7045287196497476,3.570464562660977,3.4153439307447577
91_12,3.4362292523707683,3.5050252638475548,3.4358792694734457,3.072284795085502,2.7965217566201375
91_13,2.953659450145718,3.470740530114276,3.2290058431823296,2.686687351145915,2.6175385396077497
91_14,2.7525892270780346,3.289261451048655,3.292515129523029,2.969423351243416,2.4653181188500737
91_15,2.7388696452460866,3.0,3.2378113634509793,3.0000000000000004,2.5158508143013854
92_0,2.978394310020616,3.3992037650988345,3.197012271701493,3.1391304608915545,2.6947210036236875
92_1,3.1543828064517023,3.577563457105997,3.405312864490362,3.4911244889141413,3.341615097172874
92_2,3.3729455074979513,3.486093731116231,3.3334457608224923,3.407950242591889,3.1373704181498567
92_3,1.8337200035997827,2.2629207882636324,2.472595019118799,1.9237632479908628,1.5005008010919636
92_4,3.2059333292168906,3.5189458903242206,3.26755398122594,3.224871771703849,3.1213832451898424
92_5,3.4014403490937917,3.5783749755210286,3.3527312221780887,3.4080194682271507,3.3001605005694166
92_6,3.433615742700623,3.537422117665009,3.4379832064069498,3.3540510205720575,3.4455941703478032
92_7,3.0316672765412855,3.549130576255374,3.367901364056734,3.1983652854314033,3.177247513853581
92_8,2.3715072450830728,1.049084091007626,2.6874285872155603,2.4144450032113753,2.716852910347162
92_9,3.3729402986661503,3.554992466940703,3.3020226157951305,3.3836801609594085,3.1690052455889246
92_10,3.470313979480727,3.6623099353633255,3.2790055050547107,3.2840389613741388,3.2798330082002076
92_11,3.7124448314607372,3.8872460747969857,3.4676378291905725,3.6960513929747605,3.4618790342732453
92_12,3.0695593533388688,3.6201059325948393,3.4612400528921494,3.213324551258757,3.143803079168628
92_13,1.1105915698063853,2.120947637864469,2.0658566988016025,1.1392373933387552,1.588838029346612
92_14,2.9920814844459724,3.3213470002527754,3.2176178954730887,2.933380728849723,2.8979869033199837
92_15,2.7966385280260186,3.488943187196352,3.370610274998775,3.269938793321932,3.1046014296037665
93_0,1.9306315190828305,3.0,2.6831587032970154,1.7789563843058582,1.815040040608177
93_1,3.0189336532601905,3.2610742879759593,3.1621265269278296,2.842586804131956,2.1831030066715984
93_2,3.566315052287766,3.6122283158613886,3.500838637709241,3.501955628738497,3.3817392970627163
93_3,2.1721096971893727,1.9667815800815094,2.7485228301955136,2.768206879928953,2.330144356313804
93_4,3.4410303596025926,3.9168144217738172,3.3835681523818306,3.382317516389062,3.343616962834697
93_5,3.3373952946906464,3.553572649948292,3.2645617545558583,3.180281651537408,3.0711769116316594
93_6,3.6938621321682543,3.6650798716283584,3.559839945887827,3.7081945507425265,3.4822096570286094
93_7,3.435387301918163,3.7527159211088224,3.310206332939469,3.460970203218747,3.2461237971256836
93_8,3.2188257901452486,3.5386816507164056,3.4712692940866443,3.0955262947117945,3.0302326844146323
93_9,3.5059057669416225,3.5265376594672966,3.499055951297498,3.3298596816090966,3.283981716725386
93_10,3.7088948184907666,3.8508698718222085,3.688890208900286,3.7204550328527897,3.6125160861166057
93_11,3.918085325865351,3.889030778243008,3.806187815413658,3.6783037745253413,3.6004094148224444
93_12,3.5399669133568747,3.672115366391481,3.6975805369052477,3.441731462783842,3.4826675560616986
93_13,3.0891465884182843,3.40705078155107,3.369572710238601,3.1152135335219158,2.954837338035677
93_14,3.1801703286192455,3.0,3.297366680630829,3.2936472509108983,2.8989343743405147
93_15,2.9147134219529107,3.0,3.047951081471258,3.163387111640926,2.582422418016887
94_0,1.2405958489559932,1.1321397749932312,1.022831300641594,1.3562676994582872,1.3669008772628137
94_1,3.1068005537157557,3.0,1.9742577716034728,3.079874405933009,3.2025764314149052
94_2,2.8753102625011913,3.0786093276742155,3.177302843521189,3.0240969119552674,3.0895890497488936
94_3,3.009680401032789,3.0,3.375802667354659,2.7437371602520706,2.798565254259574
94_4,2.1249825587248123,3.0,2.9792316127960454,2.8451604257824483,2.559316989599837
94_5,3.019371420130839,3.0,3.267284823349611,3.058147001883841,2.6698284681731157
94_6,3.470948181225472,3.9643443895896042,3.49279779449299,3.5996943522053484,3.3433790641391266
94_7,3.372939415907494,3.0,3.3080469246953492,3.470009220444821,3.3310985219142992
94_8,2.182968927842223,2.0276392251424746,2.6594551264570083,1.958961527991112,1.7166870921151272
94_9,3.2302958635949284,3.0,3.7919737340638893,3.223799696825679,3.3975682412645294
94_10,3.469033448801177,3.0,3.613376088716817,3.4637251183526465,3.582378706343002
94_11,3.5587956251838007,3.6045358471293127,3.590872329966209,3.4637251183526465,3.346327855329009
94_12,3.6850295430274325,3.0,3.80277448804423,3.3999042808442175,3.504072840495208
94_13,2.855830416765066,3.0,3.181372326948451,2.3804791123685316,2.537202894558178
94_14,2.8237522735085925,3.0,3.160295064299545,3.0323912226718974,2.9715962417475343
94_15,3.1156625025235485,3.0,3.0824541978243554,2.920586313050394,3.1464365662835427
95_0,2.798481271820229,1.2072399363690671,2.87057482962874,3.234104876905013,2.2654701969383906
95_1,3.3420601315033633,3.0,3.3217826599546134,3.3804241846941636,3.0814536292814565
95_2,3.7497260645556665,3.6866825375412415,3.475550396912312,3.5364018507660804,3.49857914475907
95_3,3.267963723892508,3.0,3.161791762199425,3.433315605058535,3.1359803364733745
95_4,3.541210257500382,3.0,3.281344231667099,3.4899750647603778,3.314083222751246
95_5,3.7728865554564828,3.6837860859762293,3.4422093546069767,3.453776874929887,3.4957959188393177
95_6,3.836978434454323,3.735888529205241,3.4646813832125556,3.574083916831539,3.4756790244155837
95_7,3.5747541290918114,3.9212307793852053,3.688266185975774,3.4974448463855965,3.5065418003911826
95_8,2.155384609823096,2.6588623962480025,3.1552793926254616,2.1281311509419703,2.486752575125647
95_9,3.6124418886894585,3.576612888589154,3.382600420006247,3.457404317912362,3.4522236348560966
95_10,3.1625853073546355,3.572545654158025,3.3019144066402966,3.3125585363957035,3.4239551844463865
95_11,3.8206059092799523,3.9800862046124093,3.552215295372458,3.4349618119276624,3.513056509359368
95_12,3.427886319887663,3.949185889767545,3.3649041710838246,3.308518633123873,3.2453341039747876
95_13,3.307632729127984,3.530669175328688,3.370571200601339,3.271103716773168,3.0535388420324865
95_14,3.3649898314176845,3.0,3.141094133865015,3.085676495807259,2.809738511918812
95_15,2.7999368853892204,3.0,3.121798833756472,2.895246939179782,2.823641092124888
96_0,2.740177680013171,3.0,3.248702283192252,3.226225912115896,3.081363340067767
96_1,3.3720342820999876,3.582527555638493,3.4119885548363293,3.3760163617632246,3.1709334519383297
96_2,3.3094310505698186,2.5221921963313223,3.431544381375825,3.2840031262154845,3.192556960816605
96_3,3.1869948451856054,3.9158864733492775,3.388448698221113,3.246495520888981,3.277702593716389
96_4,3.505540553936138,3.902280106561895,3.3252629216547978,3.335509387549095,3.1147214015115967
96_5,3.1869948451856054,3.9158864733492775,3.388448698221113,3.246495520888981,3.277702593716389
96_6,3.7337601425747793,3.9274041801013904,3.6115661656061793,3.493771408849484,3.690780896588788
96_7,3.62294994174774,3.932989553219315,3.4544404984608317,3.407418469913101,3.2797780101983856
96_8,2.398911427912191,3.0,2.9917633739276184,2.299470940333281,2.0225472472321697
96_9,3.135980545313036,3.0,3.384048546931623,3.308308092449392,3.1709334519383297
96_10,3.372172952265242,3.0,3.2880781824464473,3.2019879200534818,3.1709334519383297
96_11,3.2865281361239,3.0,3.5674373042462832,3.4229811768507963,3.4420055432258616
96_12,3.465412103747315,3.524088355759391,3.53951216185101,3.30290097133051,3.2111315109748633
96_13,3.1014745881555053,3.1363285694610816,3.3940596080231127,3.2417646921989256,3.1862785206958515
96_14,3.565949522470966,3.5124036900380577,3.3129245204450766,3.3719462403971217,3.1751672406143334
96_15,2.7794536146960156,3.0000000000000004,2.5594146193790177,2.742066166936256,2.740194399398762
97_0,1.4583974122643728,1.0937007741730842,1.9261812293507574,1.8622680012948096,3.0
97_1,2.9738128497127416,3.4838814592709264,3.445325399582255,3.203246099200269,3.3548630298436515
97_2,2.836601767031729,1.209839139535358,2.913355534633715,2.730753042558724,3.0497292722410334
97_3,2.745822676066223,3.0,3.144327448150668,2.629790714490512,2.8986312681552335
97_4,1.8075510399662273,3.0,2.6466305482426877,2.797741183056467,3.0
97_5,3.3899133267330797,3.5367529044961503,3.3725656965837336,3.4287751455897126,3.34215402314946
97_6,2.601425322221126,3.435151510253617,3.6938397370946014,3.1594967939753538,3.151667165238298
97_7,3.84242906770582,3.782674848945495,3.547940633138705,3.601201231872351,3.481148331462847
97_8,1.412307453171394,1.1409647578606126,2.388390948168204,1.965523468703807,1.896567678436116
97_9,3.096647037566075,3.0,3.285326983479457,3.227447036482486,2.7376369160472596
97_10,2.732357165866514,3.3728064450379036,3.118314440245579,2.8470670506104585,2.8781973026793097
97_11,3.362558668003816,3.6116851853313396,3.512862940535981,3.4922852494985115,3.445232005958873
97_12,3.710887897173019,3.783829572257929,3.6998457686131037,3.5900812035093885,3.6167925281402127
97_13,3.0509486512697137,3.382923302159905,3.3621942975380814,3.2211346965574297,2.9398444294867883
97_14,1.8072239633775211,3.0,2.744471843264078,1.772335398582755,2.850587736123551
97_15,2.284602276330679,2.056895731167893,3.0221364836454265,2.9244142386038936,2.8800215647622074
98_0,3.2520776993793903,3.440427423737419,3.542107130820405,2.3720564641287125,2.3824887310202674
98_1,3.511469407785768,3.0,3.5969851751685193,3.365211947714324,3.515692147098233
98_2,3.701294181148482,3.0,3.868024669664714,3.4075779570154894,3.54819346418229
98_3,2.780327643588051,3.0,3.2823785086055524,2.8994418865896003,3.0675359897354304
98_4,3.6979739780887737,3.0,3.639217729472047,3.4353160817707837,3.318118047642063
98_5,3.1924482523804687,3.6173969445909613,3.2988039548847685,3.2053283493444282,3.4864613177714228
98_6,3.712183236702488,3.0,3.5355697111341438,3.5765266725767058,3.584949745189938
98_7,3.311964996622879,3.6622197634481735,3.3790465463902155,3.418825611654147,3.441595275992334
98_8,3.060133005137018,2.325304196916116,3.3750101884759305,3.1903797325857264,3.144764827968479
98_9,2.7964209687263244,4.893229733751243,3.3230570560263732,3.19547933138851,3.454214373140629
98_10,3.4998835268422344,3.0,3.5449852130263917,3.370873408427069,3.220375522713617
98_11,3.5746933499485674,3.0,3.845684802603125,3.5551403804403003,3.453046739078751
98_12,3.9714779128068676,3.982405885572993,3.9162460698309056,3.6361723728740794,3.5725427691282183
98_13,3.5071262338856077,3.880919590629364,3.7085213617656207,3.4418742579020773,3.15629858632558
98_14,2.564991700856049,1.0399452230513637,2.6971756770233504,1.6868770451145405,1.8753429599853864
98_15,3.4370526737972256,3.9119365786060287,3.573212200515255,3.2922064455089854,3.415063536127668
99_0,2.8899631869238855,3.0,3.192858181937142,2.9666677598897424,2.9500838319837066
99_1,3.1061011162643757,3.0,3.2979298291909394,3.1517507386062276,2.88388344340288
99_2,3.1812527475207992,3.0,3.4107017595197546,3.3653351021778093,3.0
99_3,3.1895907811004665,3.0,3.067538992124151,3.4225283232575476,3.0471183759318694
99_4,3.4551059283299543,3.0,3.5265484802029596,3.453588206461791,3.091273143946853
99_5,2.90869946778695,3.0,3.0,3.30300377300229,2.9867638666237477
99_6,3.623710980177368,3.0,3.5462480305198527,3.492843368848387,3.479623663404681
99_7,3.368889712375557,3.0,3.452010527676922,3.3830372873685812,3.1103912225825847
99_8,2.839173286454073,3.0,2.246988967556438,3.122038346387013,2.822806004917657
99_9,2.381069291404481,3.0,3.18812184964722,3.136809032426237,2.7306797645134466
99_10,3.1302875870199816,3.0,3.3583662679791004,3.3016893222624777,3.0551704140558247
99_11,3.7900806669007783,3.0,3.5332681279343428,3.4211022053839395,3.461657818750124
99_12,3.139435470454908,3.0,3.3946311790113874,3.2398704656303634,3.428755318109946
99_13,2.483216983243386,3.0,3.221680742655442,2.655605082056308,2.266883435188156
99_14,3.007875753209237,3.0,3.0019116254756564,3.151324879623948,2.6403130665523893
99_15,2.8904769214073833,3.0,3.293479538734994,3.1877316553739647,2.7458260831037555
