group,COT1,COT2,COT3,COT4,COT5
0_0,1.6958982358469339,1.7531529269285293,1.139226337981381,1.697886629591702,1.4395794102415143
0_1,2.811409814526898,3.374391715799193,2.247779079687687,3.123695177690205,2.9751693840874043
0_2,4.029273292675001,4.01503930305889,3.9804334380843867,4.042005330316948,3.9506142729825706
0_3,3.1514714749709887,3.1005510222239403,2.483319744204964,3.241571656837309,3.162718523629719
0_4,4.016236665611463,3.981654936289289,3.9295272352601986,3.5061506389451913,3.73635339236003
0_5,3.297387631847857,3.673709423022896,3.294032200193533,3.130447825018985,3.027922387212027
0_6,4.77717886977794,4.622013088247645,4.319713479658606,4.561408717510156,4.678681486785306
0_7,3.923426968787635,3.997459563252631,3.958124672966751,4.117250697954546,4.014339958258881
0_8,4.116528729494693,4.610739679095817,4.236624104732044,2.941969413936974,3.057592180088451
0_9,3.9054567453199005,3.6162474812538714,3.9077834183488047,3.9067218606552707,3.979438914670644
0_10,4.880693887124572,4.777041134360317,4.182004093096858,4.9705985352436866,4.730928768396171
0_11,4.118858730746982,4.730872333199659,4.11638734366915,4.776986133580131,4.77695316069307
0_12,4.095232043018052,4.147795262759258,4.037072646395859,4.377377121671212,4.320639083574017
0_13,3.9660387518451365,3.9332078131136834,3.6022889816302794,3.9414275494226447,3.6770092563489265
0_14,1.9312619861336175,1.7722124093320213,1.3429464705282967,1.974068894025358,1.9102993895676972
0_15,3.9941335259933415,4.013864337235609,3.9886175574299996,3.9718835068770444,3.9884960851594684
1_0,1.9235026228371728,1.3340361661930944,1.5105024430474716,1.9422391642850343,2.0101718420694543
1_1,4.851804528252896,4.7769862870629005,4.074488278196136,4.923879568812014,4.020745207698261
1_2,3.554104255205719,3.3793389332350627,3.7222240568216187,3.3664549672289055,3.815741393426419
1_3,4.050352188807917,4.047600790304721,3.1063007096883073,4.209223419366571,4.031372038328799
1_4,4.045196903221793,4.01600970206735,3.9261604160371277,4.499062194864637,3.4989431683407086
1_5,3.94633088449636,3.941563746053174,3.8515887741324506,3.855564729593926,3.6787866611192195
1_6,4.970598622164855,4.851862493097899,4.730855419701834,4.996737380382581,4.939825074573297
1_7,3.990461601742098,4.318798903072146,3.9063676796565843,4.316623483316469,4.014339911557073
1_8,4.677402186352456,4.47512406991634,2.9698055188649843,3.2172189680786403,2.300974810509125
1_9,4.262666072053315,3.990941628564108,4.021339780328051,4.134210337980707,4.218773501419488
1_10,1.915304515557792,1.8701777989501336,2.799805075853311,2.2298318690750376,2.970513844795223
1_11,4.999813900797907,4.99874052514159,4.998740448386524,4.999825191424326,4.9998011062224
1_12,4.147622514379237,4.094274633945743,3.991941823729943,4.181685543659898,4.035351794598164
1_13,3.182198531001359,3.146092165620707,2.2901264802045382,2.9998792213748624,2.952285997418536
1_14,2.0642455594553217,2.0739332781692297,1.9153231839214564,2.0430608513965045,1.960387816095589
1_15,3.9844022979233245,3.924222029869408,3.9248332597993802,3.9751659896486884,3.9565406480044056
2_0,2.2639069182247535,2.062795494669923,2.281183087321472,2.3767929204483274,2.4381612320452235
2_1,4.010347528696644,4.009343039942344,3.9638799899902963,4.071758621923697,4.014352263546794
2_2,4.499858296848457,4.268643707217217,4.118668689601734,4.622058002684101,4.679029695944582
2_3,3.8529167171075964,3.9551819740174317,3.8194886501535605,4.056454044293735,3.9999499611795692
2_4,4.376346369246444,4.56188584212619,4.2212171388389255,4.851635652244807,4.952409348068508
2_5,3.9538131344148484,3.9972662066966462,3.9412425516336227,3.9746268699446623,4.018858517375348
2_6,4.985846734191677,4.993217349746761,4.880670270983097,4.999422150789193,4.998998973038026
2_7,4.2684863949162155,4.005704123480019,3.9883562345173953,4.5616292984657925,4.777063747399244
2_8,3.9244267308274847,3.8805874570374055,3.3655467260154612,3.5614280480723948,3.49892026239104
2_9,4.118357725224452,4.377113862197284,3.9920757353386023,4.319575456388192,4.268433333454135
2_10,4.999283678291708,4.998877800698134,4.880632403881744,4.998877753203312,4.939800223866737
2_11,4.997983320071596,4.998740525775431,4.851732999022326,4.939813648812616,4.991332743339033
2_12,4.046945299159954,4.074313949663725,3.9910826259876506,4.437317581289781,4.0744890033802195
2_13,4.071023842951075,4.108035353947401,3.664361788348236,3.9526530605150576,3.9574992615060274
2_14,3.9949577731476094,4.004933888385128,3.991097283425065,4.057859822406619,3.9930731366572343
2_15,3.025403735728585,3.6756910172213875,3.370227483104616,3.108355684067211,3.2660124328689406
3_0,2.039962254784734,1.9844020907038555,1.9934818608378368,2.037608539210079,2.0408706445238094
3_1,3.100770626350858,3.5446694780075143,3.244327965047328,3.2010849217256245,3.0556043666900257
3_2,3.905177446688768,3.96694860230126,3.618538332296072,3.732202141642241,3.5612783792961418
3_3,3.4324689561885733,3.2773117082241257,3.728438526612851,3.8179045190807512,3.077494586710159
3_4,2.518917143773528,2.378856194424091,2.564531582385039,2.3711189371038497,2.6297426422657177
3_5,3.8170898912051836,3.2118870546783214,3.4283051218752685,3.4334940167750783,2.9557158753715957
3_6,4.268697297392226,4.77717156120983,4.147664334594136,4.9705901182994605,4.939817612794861
3_7,4.074489080289445,4.043762129245491,4.022513253791084,4.091735271584851,4.436692939405993
3_8,4.31994726892344,4.268304879365171,4.091255136303111,4.093611462596485,4.817009689627047
3_9,3.954062981731468,4.057242643644722,3.9998913069028226,4.178895605856015,4.114603877543389
3_10,4.562019593957428,4.621764167307249,4.377064252428183,4.851635685724184,4.8174097737302155
3_11,4.268304887448337,4.678484553137066,4.499163363502952,4.952365823746535,4.817346252946398
3_12,4.009170459593612,4.0951896047737115,4.003999808369656,4.562040388012692,4.924054081435982
3_13,3.6748450289859513,3.77072788395518,2.909732286121793,3.3098326285951982,3.2076564737382367
3_14,2.2050979050336186,1.983535183858278,2.4766208610417024,2.434222122180812,2.1743330530306197
3_15,3.94020977521959,3.939898418869014,3.5463325017403386,3.9815590683543896,3.6784844367974023
4_0,2.3794575182357236,2.0819210039044327,2.0478359428354143,2.3897235297049084,2.6260471534914283
4_1,3.173027857309238,3.099083299945877,3.082109567169514,3.0830274868066767,2.9684505568006476
4_2,4.034931740484648,3.994850342422371,3.946821436946716,3.8319180043924423,3.856355624902828
4_3,2.9416639835724503,2.713262561515556,2.8578320361884595,2.7052023895457027,2.8640383102903253
4_4,3.261980819273914,3.071981943794077,3.0478590531734095,3.0751115077552797,3.002646199192908
4_5,4.017905117576607,3.6836574212013757,3.237834624119193,3.4992171260770495,3.680868278603598
4_6,4.221386004472505,4.377064688962858,3.9772455368559942,4.317915507351273,3.988562094603552
4_7,4.377113799922906,4.0320501526595764,4.0559760418701,4.621679701723115,4.042774656212357
4_8,4.163263522465767,3.5160360303580354,1.8888345565791358,3.625918039821376,3.0666782117992466
4_9,3.8973442099452558,3.7524971188618235,2.3972464772413757,3.2712745646166375,3.035497304990906
4_10,3.9380069728103,3.8590235035669327,3.286972624796767,3.447072276296606,3.218424856197211
4_11,3.7638051476338874,3.943767682074436,3.8339077247239652,3.3590055337798654,3.932861575218654
4_12,4.059969614123567,4.075321579192801,4.00772710463373,4.094870836274852,4.022300903078005
4_13,3.2652334553027935,2.926818670123471,2.765108594985486,3.0098892302775204,2.9276811327571943
4_14,3.088464706453308,3.3353489850306355,2.8547047522276605,2.9358078235138936,3.082205810543192
4_15,2.9658284635751464,3.286801037208019,2.641666336377153,3.0156961830498803,2.949578838086454
5_0,1.6084258631779118,1.6498177630429198,1.7149296536389176,1.9475443151423493,1.9720890451864403
5_1,4.4994075344943845,4.6223301577074745,4.2685317789333475,4.924047026562446,4.7307364219277375
5_2,4.319417492832606,4.939805455795627,4.146983208872405,4.939750584870501,4.9045133346908
5_3,4.027562148534694,4.009435699318212,3.9954392305320896,4.035096008254558,4.026790760928987
5_4,4.146697980502733,4.075183904430732,4.021601699544022,4.561629626050673,4.320327084639924
5_5,4.962584221799416,4.679063347902739,4.5619351199186085,4.997109123411753,4.981924286863262
5_6,4.817300278800127,4.817421486522146,4.37634383646464,4.817300208529846,4.962582146873767
5_7,3.991919077929828,3.4884254704199655,3.308608159400891,3.7368269090756563,3.176889968849941
5_8,1.8358258421931668,1.9015372950945844,1.8840155659308577,2.066871166251834,2.1678594594248173
5_9,4.0588700234053405,4.043313227794849,4.005023688698799,4.436692376444778,4.040695063785506
5_10,4.43599870633993,4.4372582642110014,4.115603156848463,4.904416720154074,4.851635756463657
5_11,4.221881288642938,4.3204640180189315,4.1820037159129,4.222236330756132,4.437600180820217
5_12,3.9626591378908427,3.9901235505806647,3.9627468908666996,3.978141837476777,3.880772205588977
5_13,3.986638200314818,3.996490741041327,3.9048364688557955,4.111674080112943,4.054143696921256
5_14,2.827991724938577,2.8692409332183404,3.413937494628778,2.0465052667212245,3.2416266584401803
5_15,4.001644785671191,4.000739843163435,3.9843052623745825,3.9975307251332413,4.002632757067009
6_0,1.9949589344118117,1.9345919261783442,1.9925612121320346,1.8331836325376347,1.9951716417093162
6_1,3.528909626521462,3.3017185252969523,2.8765177684146526,3.10780001909178,3.3001982592451458
6_2,3.927222636942366,3.907442726586829,3.9785204984735763,3.886659554251413,3.8598586359637586
6_3,3.419004528453109,3.467721149170776,3.0807844982461003,3.7304129463084714,3.4346818957315137
6_4,4.377363198140016,4.880683815221562,4.046749148350562,4.880619956675766,4.92403965423661
6_5,3.81734960910372,3.6141668384838175,3.48316508543977,3.8184791394296376,3.5614541377235054
6_6,4.222426517079674,4.7309103471117515,4.267654800913988,4.995839928318792,4.9889233754056725
6_7,3.7776201050921943,3.676676505371746,3.0660593213291314,3.735588841340353,3.4982370236059355
6_8,1.7599722131441493,1.5823587201681997,1.0788073085008794,1.5085194192788276,1.9821233024624525
6_9,3.9775910271440185,3.9547165758133933,2.9743293876777077,4.064853859789071,3.854041507761192
6_10,4.010481873113032,4.074313944298979,3.1864803188648296,4.030538833582735,4.130258838276516
6_11,4.220570207875015,4.265549153581939,4.089432194616774,4.119071867676102,3.976619526664854
6_12,4.045877013449931,3.9999410024003206,3.729655444507175,4.03332219558324,4.0038734759731005
6_13,2.251454983480661,2.4485454728996574,2.154255180063645,2.9456386840054325,2.9909255424097902
6_14,2.749542339630557,2.768261467513919,2.4142227280509383,2.781526688048359,2.562978309887865
6_15,2.8005308844878853,2.6938035302852477,2.615198165359822,2.769563080204023,2.917446725248319
7_0,3.8797664502783946,3.942136142870847,3.7761632066527926,3.921900723434702,3.6787918809426867
7_1,3.730512964139382,3.5559212216453604,3.1053658230515295,3.498274923574359,2.999957187375965
7_2,4.437676672654261,4.7309201749347904,4.0216022642550255,4.924029964840452,4.730936361268926
7_3,4.091631772482223,4.116369778258657,3.9816504270078488,4.496000738140573,4.171688762133125
7_4,3.620259435369495,2.9470650088282317,3.1233365531164043,2.9713360766755468,2.7851334238063785
7_5,4.678883080145728,4.939817666592444,4.376872229413091,4.998408842055274,4.9398100269109
7_6,4.678910309242565,4.85173411689753,4.117471804769269,4.993217314184255,4.622013048067077
7_7,4.313857214555808,4.039339021396074,3.3519618678192082,3.7821265785481835,3.115569326262381
7_8,4.147857455820576,4.222284526279464,4.074779617226889,4.094138520605639,4.094814071465237
7_9,3.9248247381348573,3.926704845583082,3.5579787715592017,3.731118005990194,3.7783405433858355
7_10,4.137202477912402,4.116388511219533,3.9999407600434074,4.851521837786132,4.115136269069623
7_11,4.962582146316858,4.985846789606445,4.777170779216306,4.997983267771067,4.996737380003132
7_12,4.115136094883354,4.010310979515456,4.0457902661432845,4.375078704990609,4.069926966321267
7_13,3.776899998827643,3.247570019149355,3.2447373770975743,3.2611194393223157,2.955749425674102
7_14,3.252187277422707,2.995218337337144,3.145728516862786,2.940206056492102,3.022654734451483
7_15,4.007817680747084,4.021895183866169,3.9990617126795174,4.036567265229401,4.075511424978567
8_0,1.7034433290087814,1.5727157777088012,1.780314446137113,1.7667989589777948,1.9308901923275967
8_1,4.268643644314558,4.268433402134129,3.9787884466373002,4.43731774317931,4.268304183917535
8_2,4.952485537585713,4.777211254937116,4.319575574107557,4.996737412039912,4.993217330184732
8_3,4.18200445405951,4.094138552480594,3.943264768957005,4.179302991176697,4.1167123450218055
8_4,4.174995884920565,3.9851854648119964,3.55251848988609,4.36192071328055,3.1387653529792012
8_5,4.377308603468369,4.924043644987064,4.035775175321745,4.730702143298302,4.981924283371229
8_6,4.991332753881378,4.962584229494675,4.904555889626259,4.976933214857574,4.988923297722867
8_7,4.31941749780327,4.115596690383626,3.668865166512568,4.677780776458941,3.999895613678694
8_8,4.266280787473288,4.175799913355293,4.023081747328136,4.3519535692398605,4.452847279236407
8_9,4.057860320521517,4.264604655476183,3.7772725193345607,3.1397432036503736,4.014290958217243
8_10,4.970598632804673,4.904563391142595,4.56149062172242,4.998740513010867,4.998740525299567
8_11,4.999530026934769,4.962584233084492,4.377113106423948,4.996737404251061,4.999200347751299
8_12,4.622344819709852,4.4366931026612475,4.027935990040323,4.9397714132474135,4.730448836301592
8_13,4.617019184779062,4.0894027912779425,2.603408270101534,3.279639454334205,3.9982645662596883
8_14,2.917572321865528,3.4589172481111956,3.2241783957896706,3.27776190781339,3.1601576308090444
8_15,3.5546578790436776,3.776395061219214,2.964132495671439,3.730847615608802,3.2677063591308464
9_0,2.255464621105679,2.067795253212023,2.107007685028553,2.383449516843995,2.1724856439996056
9_1,2.343805376860535,2.136270551408396,2.08444756650329,2.451524505865325,2.3087204627512365
9_2,3.981431685701252,3.882990166731845,3.881071214005698,3.781295217685413,3.2146426204003418
9_3,3.988358744461638,3.853130275844544,3.236241673508236,3.9257539387114946,3.8528622595724826
9_4,4.061809098356533,4.437317789390438,3.965768485526083,4.318247502516297,4.320423868817555
9_5,4.145858493711738,3.981532273813679,3.6213221903776986,3.859060658603381,3.317574826040809
9_6,4.995839952622756,4.991332760823203,4.7769488602256835,4.999529992114401,4.939780030717408
9_7,4.00886630848645,3.8197475514664814,3.853216699780933,4.2196279102815915,4.029412611624253
9_8,2.031999208383895,1.9452516095330497,1.9148763756498974,2.021481076042821,2.046378966561384
9_9,4.3767014665008475,4.03229773694973,3.768807798299814,4.045730594889408,3.8905783874970252
9_10,4.9819243114509355,4.97693329880994,4.777152531674415,4.99899896206057,4.999614049290552
9_11,4.996737405086098,4.996737411814714,4.994689663967573,4.999895260373872,4.999200340821952
9_12,4.377285337178255,4.320499359239163,4.001574032821186,4.851751303434534,4.777204588421802
9_13,3.916714773511067,3.5406062493070327,3.012713304817388,3.922207735526781,3.0582416802613475
9_14,3.9998562091324255,4.062801311516557,3.9552217466952975,4.015147084561425,3.494685138055573
9_15,4.010640781648567,4.009010216157779,3.996495044864797,4.622286607491427,4.5619364682934425
10_0,1.0014578539074779,1.0005779606691287,1.0049284867898962,1.0007230986095796,1.0002003597903864
10_1,2.1666526253806535,2.049548153496256,1.9475768911465874,2.5612207332250896,1.9339447558022567
10_2,1.668507347278518,2.7680677526274575,1.807180134541307,2.248832634006476,2.3510627671678717
10_3,3.0991124408653734,3.164449053295041,2.2722442056670302,3.1013252948107097,2.6368510525860085
10_4,2.999671800946163,3.2827451666346033,2.891002519202169,3.6236703482126615,2.9107615263290962
10_5,3.8489055922720268,4.011863288857886,3.5465029778149098,3.7312147869769374,3.315625387898061
10_6,3.312737170316318,3.591015389726583,2.857926459107059,2.8676989485441147,2.288712646326592
10_7,4.011212884797487,4.0251945880173645,3.8170960075408296,3.999949876500506,3.9407412526239503
10_8,2.819415708832822,2.131080345112236,1.7474729100292934,3.359763554650154,1.6924456562317778
10_9,4.266285663012161,4.034478845206181,3.9055270237249786,4.3761948025071735,4.084399179903553
10_10,1.8243714110659466,1.9408694905596449,1.2857288089174241,1.1508019637781264,1.0297723633211495
10_11,3.9352898488750325,4.310806413885816,3.7901069320740053,3.964065319971398,3.96378066033087
10_12,4.377195453338319,4.036108225275794,3.98941362905693,4.4366928523346365,4.02809303165154
10_13,1.0975234457387746,1.1505405682684078,1.2167672351334846,1.0389234046892393,1.096988449892824
10_14,2.999760253506461,3.196952158959753,2.645299319645851,3.119307189161192,2.9612781680919538
10_15,1.9505100590708886,2.084723977650684,1.6568579914790904,2.0854203713390818,1.9156675485585712
11_0,1.7530179924003646,1.6406869188641333,1.7470780105099029,1.7892876163822253,1.8211174656288598
11_1,2.592844673116192,2.2595826486627275,2.019731462343091,2.0014648106586366,2.1671603619361344
11_2,2.136363958332404,2.266429220770901,2.2592951337562894,2.1110122568034044,2.1743321762821823
11_3,3.23158975730004,2.956581268296272,2.262286423979278,2.8917664590655154,2.4400096045769546
11_4,3.3406812372725105,3.1243595919972575,2.116981337082745,2.6391576503468546,2.9641840403490325
11_5,2.9688326990875002,2.708047262596621,2.1929898412365283,2.099112576440271,2.134418421968309
11_6,4.171601883388453,4.620678200283907,4.435997566897967,4.223818065450633,4.675492897549901
11_7,4.022300880080071,4.008781122037314,3.998207068995591,4.057860324824657,4.181490926987496
11_8,2.077458077749658,2.0510883313489012,2.257466578411008,2.110455954511455,2.2194524420891923
11_9,1.9539259713641008,1.9349483892358974,2.088466924196597,2.247366431569509,2.010842066251422
11_10,3.515011814236022,4.246919234583463,3.8747319728306837,3.8957244279282737,3.9865048200248325
11_11,4.7307667417843895,4.880570261905191,4.8806774586555655,4.621214950199155,4.952439300180296
11_12,3.6178895232637447,3.489391270771057,3.423289492865024,3.6778003313939185,3.217070430583591
11_13,2.5783167435568726,2.6483702378151768,2.4502656836089507,2.308777783428705,2.363278549127218
11_14,1.3877475038990548,1.6349528790611734,1.6527091136268244,1.5724451757294455,1.680964685702521
11_15,2.7735625591758026,2.6760208870413873,3.0521923600827954,2.689681886927364,2.920312399260682
12_0,3.0340550710811502,2.8495769114693905,2.4605994474675628,2.8692977295202433,2.792031964814655
12_1,4.22138592441152,4.318545033164601,4.012733036042904,4.850256729872927,4.620449426566134
12_2,4.976933302868054,4.939825145676096,4.904553384987993,4.996316495345446,4.999200347560803
12_3,4.032638925569186,4.008700396852087,3.949130730730736,3.9934247826730216,3.729129909237234
12_4,3.905340081446436,3.944980762229269,3.3112213999433835,4.046598500979242,3.887109230934978
12_5,4.036833337210759,4.42976027659587,3.986454369066028,3.8721798717698217,4.648930539483807
12_6,3.723574612716053,3.8995031989348927,3.655317574411572,3.1546884620856255,3.2334453600623543
12_7,4.0071618037349195,4.072232811096021,3.9421921544575,4.313950841603095,4.088661344088175
12_8,1.9827601104556174,1.9613759748733557,1.9382646240701038,1.9424205283509652,1.968648837007675
12_9,3.090553664667903,3.768880192452263,3.3246922668855325,3.6745367462422953,3.257547593988566
12_10,4.145858584539099,4.776123291149404,4.042086876456779,4.92339741955801,4.5599411812441515
12_11,4.976930907205135,4.976930913973065,4.851602379764341,4.976825474135007,4.994690008617148
12_12,4.499743963642392,4.904534993845557,4.009908658731676,4.924010285719834,4.8518225153410235
12_13,3.5578268953092715,3.4966445115266844,3.3407123610281477,3.5598074990009136,2.9611352378193367
12_14,2.787560790835055,2.829093524248004,2.6660747306323107,3.129620337740764,3.019339336608904
12_15,3.348744754581386,3.558222607038095,3.241459797304776,3.6772229583598826,3.4951602939018813
13_0,1.3312734453034072,1.061479648309005,1.0627186674235978,1.0679420764787317,1.1483098499993758
13_1,3.149995662152568,3.034334282881197,2.5159836810212646,2.9998353144448306,2.9666088302796867
13_2,4.976933286269013,4.8518593851099965,4.117470013909163,4.9240176983609025,4.851822411964586
13_3,3.6185402921606387,3.4138832384743174,3.304872011964209,3.9570363360464813,3.499256519771671
13_4,2.8142305467272895,2.344653883822059,2.6541989193227544,2.6335682518297925,2.9277171725827023
13_5,3.880782070100956,3.880592326518242,3.122170161637818,3.777185860540783,3.5615805388593476
13_6,4.988923368368066,4.976933295311409,4.99631626433078,4.999851697396694,4.995839853065534
13_7,4.181766239855516,4.043313195910318,3.979196998851813,4.777063723081507,4.045876847292238
13_8,2.4414947407854104,2.027766949505588,2.0194414724068075,2.3172326625261985,2.0334799185818366
13_9,4.075577349269378,4.021757968113585,3.99994589220077,4.1183576885316135,4.006866855583376
13_10,4.939825083012386,4.993999086112454,4.880683186293446,4.99874048700491,4.998408831098341
13_11,4.939825120006357,4.976933279237489,4.880683186293446,4.998408812120849,4.999357226300707
13_12,4.036245286224648,3.9932862418978345,3.904850369467378,4.075183796973579,3.997530718785316
13_13,4.377008986587407,4.923969680911272,4.177901866569226,4.952076126246877,4.880016122576091
13_14,2.192647683100476,2.4121752257605626,1.9773747410101714,2.325879482343581,2.2702899839033774
13_15,3.963321675041331,3.9713458142691054,3.729162759260841,3.9944632205694792,3.972316250287218
14_0,2.166380216717564,2.3354434718321015,2.033875603223092,2.1355550211811094,2.5664413280517318
14_1,2.4370898660488,2.2540533320723357,2.2626091221921762,2.296710381382396,2.266567811073616
14_2,3.371822291615876,3.233893533899654,3.123120895025447,3.7306670298218276,3.0421451483208064
14_3,4.730899207116423,4.777063830111521,4.0588699700924025,4.988923375571646,4.320582353036051
14_4,3.9406854705244374,3.4952615345756985,3.1458546410983885,3.678454496561314,3.375740724499253
14_5,4.730856124030007,4.939810049842493,4.904513262016258,4.9819243084417195,4.904493784588025
14_6,4.561912783113832,4.320043381744712,4.268433137134971,4.9889233882804005,4.976933316766548
14_7,3.130388666976995,2.7557734548933346,3.168776230183143,2.639011722142027,2.637092231888128
14_8,1.0679821424759341,1.0067884914307517,1.0686370733675181,1.0125631116651839,1.053556403957327
14_9,4.1821982612820285,4.0154639637772656,4.015146385938015,4.319417561495253,4.0744891480892225
14_10,4.000489415796302,3.9998817204767807,4.002086792383775,4.011934636913251,4.0162366692467595
14_11,4.4997440505762345,4.678852215329453,4.561564922015657,4.923992606580128,4.317915883374395
14_12,4.007495159475378,4.018853256279531,3.9992684248215546,4.116998210480421,4.056873659980567
14_13,3.9957297398220333,3.9410058346839505,3.851845549380361,3.926191660530401,3.8175855830494037
14_14,3.210821992506036,3.07622350926855,3.0901325413066303,3.1112603097496385,3.085718627839705
14_15,3.0232895989374207,3.2656281364664683,2.9885635137379016,3.2121446131481743,3.0315426462734814
15_0,3.812300233297123,3.953066338556318,3.9008447560094783,4.070594355644045,4.011190011763554
15_1,4.952485510184286,4.952485544222732,4.319834070311801,4.997983309655016,4.9989989736351665
15_2,4.62190407000594,4.776470556191451,4.436692614792857,4.993217336519211,4.9913327560326435
15_3,4.939820810211033,4.9769333145427925,4.5616848007757165,4.998740513411768,4.995839981560401
15_4,4.9625842258268,4.985846789801623,4.4374147123885805,4.9974374034752564,4.996737405809746
15_5,4.678974362684162,4.77716323394427,4.073887346883202,4.988923369829871,4.993217338356384
15_6,4.976933300190528,4.923992604098,4.817163994217973,4.999105915189148,4.99583992374121
15_7,4.851847414132448,4.985846784225715,4.0750981669821655,4.991332754857366,4.997437449536279
15_8,3.9755114060103645,3.9618092823410342,3.8760541262629022,4.559315559157477,3.944937579411106
15_9,4.011255254547716,3.9909267178586956,4.113998085497806,4.985846738269622,4.776770989407898
15_10,4.115347347419501,3.9471830690446983,4.106321004739549,4.939233037808058,4.880016092937125
15_11,4.115347347419501,3.978184012506212,3.929699874614551,4.985777697529403,4.976825469860074
15_12,4.880689171485926,4.851767663245722,4.817324244847377,4.981924315392867,4.9769333100374995
15_13,4.851804564863001,4.939805429402645,4.880662325635312,4.999200338940202,4.998408859442949
15_14,4.851865224121486,4.904534983458333,4.094674210094192,4.991332761028893,4.988923376103921
15_15,3.72196554767772,3.9261331875426344,3.4233495916976806,4.017999680826335,3.7788254264933565
16_0,2.5728027018765736,2.893901864721478,2.578877237937202,2.889079494755079,2.9286761710776363
16_1,4.094676840753923,4.730766742929047,4.367999460712843,4.952365781506497,4.376701362940035
16_2,4.995839976311116,4.999479457259275,4.996316176714184,4.9997865938256085,4.999614048279926
16_3,4.976916434376433,4.999283686116489,4.952430101293439,4.99977018185775,4.99133276223057
16_4,4.99910590850054,4.99982519306501,4.99710895582678,4.999843931395439,4.999751557006334
16_5,4.9705985829969235,4.994690031523857,4.952430137777377,4.999283661181156,4.95248549404417
16_6,4.999770171766339,4.99978661112658,4.998877726793839,4.999900000797946,4.999770178829522
16_7,4.997109147096601,4.9998746469226605,4.999105845231495,4.99989526093691,4.9998646048392175
16_8,4.939669267990503,4.9858467943534714,4.498082824789991,4.998584998742532,4.981890552478036
16_9,4.9989989737915215,4.9998746469226605,4.990200837345094,4.99989106828576,4.999900000917144
16_10,4.9997866039786585,4.99985856118715,4.999679351759281,4.99989999871196,4.999851700494919
16_11,4.999730475743919,4.99990000283621,4.999614009200178,4.999899999045721,4.9998788000037715
16_12,4.182337598674364,4.499858303175723,4.499834244200084,4.999200334362466,4.730949094110894
16_13,3.9525938946469683,3.9829833624640076,3.9628368672861827,3.987211349346065,3.9710156953909213
16_14,3.998959907071072,3.992541978502177,3.9525293750535764,4.147453456673551,3.999268142094521
16_15,4.0290006456666205,4.075321598563847,3.999949349441431,4.817467077487509,4.02733633815849
17_0,2.0863186616813745,1.9109611490382883,2.00372409042899,2.0311810599571234,2.0702267451893586
17_1,4.099035626656322,3.9769085789144523,3.82010381908793,4.357597232364369,4.012470027132184
17_2,4.008228968765192,3.991911368548509,3.679158374026911,4.218773936277289,3.975244468652977
17_3,4.058064579332391,4.0464423105157,4.005483556614968,4.489308555987829,4.0528831902189255
17_4,4.991332769450186,4.976927953877925,4.970577219412625,4.939619525007763,4.991332682253141
17_5,4.851522016575381,4.729687289317102,4.730199998432051,4.664825908654301,4.904004596741437
17_6,4.263381148123189,4.166823746874952,4.055377187215391,3.6782473893983534,3.6886345531238476
17_7,4.817461704249679,4.730936464614219,4.044575687041196,4.93982356664649,4.377157167344301
17_8,1.2259641900181562,1.0608055314346716,1.5159768092577173,1.0376315024507419,1.564803378335753
17_9,4.437736103519553,4.924054099560849,4.268838079904192,4.976933304963709,4.962584229855865
17_10,4.262664506389548,4.028254007076746,4.038163323032488,4.373988512710839,4.059116239090806
17_11,4.976911657767062,4.817009637419937,4.923879360005469,4.851013481439085,4.994690019417267
17_12,4.73085607171784,4.904521523050725,4.221662572420771,4.904504168378063,4.904481981843398
17_13,4.0661272920071125,4.313950979171443,3.7787643317464736,3.636800494637157,3.6853578002924845
17_14,3.8813566038628853,3.7279713356220876,3.620107446578071,3.908347224788926,3.8535310149139863
17_15,4.021655945958197,4.089406166845637,3.614130138477024,4.180727238933672,4.069141747058515
18_0,2.215136436013243,2.022553444491688,2.2347757649673357,2.532352014774719,2.628820622424565
18_1,4.181373770357851,4.039688157561774,3.67687889141342,4.050265652000477,3.9909266178071756
18_2,2.9530016453876398,2.577070353703543,2.180528980399395,2.675384167392464,2.4973797172898884
18_3,3.1501398707976334,2.8630521492620815,2.5111990899136862,3.0714648718065667,2.9394762120026834
18_4,2.9671045421741487,2.7261120479253917,2.5111990899136862,3.0714648718065667,2.9394762120026834
18_5,1.7955540971818083,1.5109423811900669,1.8314675397262232,1.7003800604328592,1.6861313747422364
18_6,3.722824758161484,3.811875672034191,3.940965977623419,3.964641775078277,3.851984897908315
18_7,4.095246559975348,4.094870905137508,4.028708458687435,4.095069002698352,4.222426495814781
18_8,3.14847078395682,3.583778774281706,1.7633493065459827,2.986236737492158,3.67122687156607
18_9,4.939794286002439,4.851691078065355,4.776915208325539,4.994690018356568,4.999357239261058
18_10,4.939750693989928,4.851751946184731,4.320201456993155,4.996737388473667,4.939794328521211
18_11,4.880670819921,4.817272682089892,4.268226531781187,4.996737388473667,4.939794328521211
18_12,4.222528325155098,4.147453530531719,4.004160036344919,4.8518364196670705,4.8174762351512825
18_13,1.9358379699270145,1.3298878186543706,1.7831812730484908,1.1886352996451754,1.8642720134844863
18_14,4.181594372408327,4.181241061890114,3.940259116263043,4.025194559072222,4.561491785507363
18_15,2.904111121076049,2.514714376957513,2.408749265618342,2.8278980374691955,2.8196398849453534
19_0,3.3748122286708124,3.308162321152589,3.3131471731007895,3.2646583277856664,3.221078706951284
19_1,4.499913404632576,4.939825146807928,4.437676372769181,4.988923380936767,4.562063924714151
19_2,4.981924279714678,4.999200339072528,4.9889233226047365,4.999706576553232,4.999357238621115
19_3,4.622321151595588,4.777171582013285,4.011786195511453,4.7306192996141565,4.118450766794512
19_4,4.3773630878200755,4.437711326735396,4.036896354749136,4.561855255719639,4.437664802353249
19_5,4.880710561452004,4.985846790270891,4.622271582761836,4.9979833088188625,4.7771788637509145
19_6,4.993217336908823,4.981924314533467,4.952485450717664,4.999530018345707,4.998998976643109
19_7,4.924054006446903,4.952485541663199,4.9524854254620525,4.9625842196762155,4.981924324021542
19_8,3.130387923891242,3.419067972170471,2.9107435279026244,3.2558831246023243,2.9950068801940586
19_9,4.622368989276584,4.880710606147765,4.32068832219307,4.880698060947293,4.880693888525767
19_10,4.924054056233438,4.9913327648684005,4.7309101971978045,4.98192428756927,4.970598621275119
19_11,4.988923358009403,4.998584998959306,4.981924178004898,4.999648817302149,4.999770183459615
19_12,4.377400608094278,4.6790564407992665,4.015559938971853,4.118605372494426,4.320463978607527
19_13,4.679063277801852,4.499744067130342,4.0350940820390875,4.904528631930303,4.561885778960956
19_14,3.99329921851266,4.014343197495923,3.9847627211857835,4.072232818168853,4.01121286761605
19_15,2.9660113791869622,2.5400473042787706,2.841497650369513,2.8914597129474084,2.909793290135499
20_0,2.72564040771743,2.9456150977117077,2.6499750464602565,2.862928427858848,2.839087303806245
20_1,4.988923379190357,4.976933315447939,4.6786232193573145,4.976916486632207,4.952459844699173
20_2,3.55213446862242,3.6079201140348856,3.9801979257752236,4.313951012182888,3.4964058986351403
20_3,4.976933293103255,4.777178961766255,4.31971140510062,4.9913327487087855,4.9524205544252915
20_4,4.952480870317374,4.988923384006069,4.985846314550519,4.994690018269367,4.988923361563402
20_5,4.622133050834014,4.678934396671693,4.373986285047812,4.816576560798521,4.97059864106614
20_6,4.97059861783112,4.981924328746066,4.924029739524849,4.999530021143745,4.996737405928498
20_7,4.26884885765065,4.094920990473193,4.036723335935264,4.562030779375215,4.437687017572109
20_8,2.986400952439361,3.480993455875324,2.834274542050465,2.4821261847779854,2.2205404132086457
20_9,4.437636615713085,4.059656795457168,4.07448838925854,4.67895552128074,4.562006855910492
20_10,4.8174214751063635,4.85183653543893,4.3171062718973445,4.8173652028459335,4.952439312037244
20_11,4.995839982234044,4.999614052397695,4.994689871979439,4.999843944223268,4.999648818982397
20_12,4.952485499925319,4.96258422590466,4.851851528137983,4.998740520493811,4.998740521240077
20_13,4.376195138372656,4.146850179765046,4.1068239006647485,4.1740552787895,4.265548809711624
20_14,3.247476527156225,3.1012233857064118,2.9057877106757246,3.0725295177307315,3.026141453674447
20_15,2.5862464350565926,2.5344765783506253,2.753823656173253,2.9036545417635993,2.9654678237227174
21_0,2.263479666686215,2.096355099597405,2.1341849797096293,2.0511308081402615,2.117713611489225
21_1,3.3745412823203718,3.6202596136079443,3.8183687568134235,3.77757310455901,3.4359607491772155
21_2,4.2686437114717,4.320378578583842,4.851822255068136,4.988923375857605,4.952485529502561
21_3,2.9705582435269138,2.271222926296395,2.10815497506498,2.117831310856142,2.2668393542781455
21_4,2.2057181680849602,2.1894906933642475,1.8309949316202128,2.0210054921151004,1.924941900290477
21_5,3.9828975939887443,4.923922521590949,4.939689794176661,4.223818913954835,4.674467284017462
21_6,4.9625842272874,4.904557040903523,4.730816529490918,4.994690023769999,4.952485536479483
21_7,4.013209401070992,4.027080702743144,4.118725837894233,4.118923286768224,4.0084643654364935
21_8,2.636425362056521,2.211782989237229,2.691633422317095,2.6939229453175018,2.565629801936567
21_9,3.995981981606407,3.880756334572653,3.9412044171673974,3.994463231790168,3.978670566870681
21_10,3.880951853037891,3.9240506715183563,4.003048600897109,4.007343447925991,3.993555216735227
21_11,4.117844130910766,4.622272253773502,4.817396467625196,4.988923375857605,4.561912771176131
21_12,4.018280820581395,4.088657899832363,3.998098163410603,3.9998874044703996,3.999810025961645
21_13,3.954133273585857,3.6172567149354604,3.729595814330733,3.8521817435629195,3.3141082184862722
21_14,3.8187901685165433,2.925409841212462,2.9981196574134694,3.0377305150830254,2.981725954993494
21_15,3.8513514360755137,3.6750950410455734,3.165550570868298,3.559741349762882,3.4341167898852665
22_0,2.00328284668698,2.0465124774612886,2.00467360686166,2.1384287137514013,2.069448924821115
22_1,4.904231900878812,4.976911642197834,4.3119767300370215,4.985752439309832,4.976560140238133
22_2,4.561565010745108,4.561408853454901,4.176650719482126,4.81706828345468,4.952465172840991
22_3,4.880392412226505,4.988923338321708,4.6776021817877185,4.970434476192164,4.985777750967886
22_4,4.9239402288330565,4.9889233876033705,4.113288907339618,4.981830667034364,4.851522003104549
22_5,4.17502897811792,4.176635225085908,3.9863506944551106,4.030596160446158,4.0125134532926605
22_6,4.985846781128468,4.997727348236521,4.97693316896707,4.997983303885841,4.999200339342983
22_7,4.374759393498198,3.9999499804828247,3.969296145774293,4.619565145342472,4.144010930443888
22_8,1.6128195785614068,1.2258525216491145,1.7068480698352044,1.7135511515963004,1.68801090890123
22_9,4.376874389887274,4.37700902880538,4.621353386267921,4.998408845509337,4.9819243228562655
22_10,4.851781521451638,4.880644229002936,4.104877678654931,4.939738229345889,4.621353998578849
22_11,4.976933309784833,4.939825142803097,4.9524806947101885,4.999105916863,4.99840886370049
22_12,3.885110638835818,4.125246419549506,3.9447598357543674,3.9261061583454513,4.012547421568329
22_13,4.499407522377013,4.6789909046299405,4.181239070321962,4.776953175250582,4.880588939773822
22_14,3.1729714814977337,3.4776120510703707,3.0069880456161435,3.1501520630554736,3.1406248773654517
22_15,3.2242492215897816,3.200754305173452,3.2339670072028635,3.052961351867267,3.031542644172292
23_0,1.5652248744205752,1.121946476411583,1.8651477526223017,1.3517547414553668,1.8533064584038654
23_1,3.1821137384946145,3.8153133663874614,3.3579284945449444,3.250483873048951,3.0079978202871804
23_2,3.9096916439555387,3.816942123963762,3.731406359078006,4.047792377666056,3.5639075337310078
23_3,3.5146418661244625,3.809695623888484,2.9451127426243815,3.0815988878853116,3.308932670057401
23_4,2.7737904692193376,2.9990576176074146,2.923178389887359,3.0112344638685125,2.6302272610246864
23_5,3.972057032672613,4.057716770939475,3.838909437169713,3.864827984196223,3.5436579252196596
23_6,3.9552997020168736,4.05786033466155,3.9893204303469054,4.372403029737383,3.9130498014559394
23_7,4.26594031056181,4.4997179995017085,3.9529076160391297,4.621584503890225,4.021426475940269
23_8,3.9380329883594936,4.851473611232752,4.327747897735365,4.566167449074513,3.2910926133625082
23_9,3.6779056137095933,3.9718836092373473,3.7305298876813406,3.9846905122790695,3.854251660240132
23_10,4.138413465134747,3.999271259629981,4.61468327951469,4.976742589790969,4.224096367546822
23_11,4.5614917910889465,4.145858663396555,4.030272422125994,3.8890822635542057,3.7314169380013116
23_12,4.046465876541691,4.147573086670484,4.0917294750902435,4.730792897109272,4.880677772702042
23_13,3.730709764156564,3.7250925136922906,3.186616716592299,3.5557514444813108,3.3686069136842516
23_14,2.0753511573138055,1.9643389402820222,1.9502218572067647,2.0011087082729953,2.0273267142281637
23_15,2.462559308108791,2.3270904243407555,2.6778724908547447,2.511001523934272,2.738161301153033
24_0,4.679069393970955,4.851829947548906,4.376595064979386,4.988923282239724,4.9819241758192865
24_1,3.9786394761392287,4.14525345509754,4.011889254657705,4.31824982204502,3.9925783500733485
24_2,4.880296733383597,4.776825417211452,4.729512866967557,4.981855696891522,4.939761706696849
24_3,4.817409891076258,4.730793402201792,4.013567522033976,4.729513278302165,4.1151360135432755
24_4,4.437190839055736,4.880683792355379,4.0437872034894635,4.939810007425804,4.851690949247057
24_5,3.979154554364997,3.9999498159692464,3.678000852912864,3.905905815808659,3.8526062944537975
24_6,4.97693326426424,4.970598638142009,4.0660803265288585,4.7306192199108015,4.9625759410660875
24_7,4.26804057825313,4.0260914247633295,3.777055456283766,3.9909438589930084,3.88179638652651
24_8,3.1153566808995214,3.0912394260628737,2.997196773444949,3.7736190829721306,3.209288644270385
24_9,4.375827629221862,4.499062243296096,4.025511170242085,4.114318819901262,4.406877591245431
24_10,4.924017830378197,4.952485546948874,4.117841379446277,4.988923269355801,4.851521839794751
24_11,4.979578216193629,4.952485513383076,4.49951973948182,4.996737338060251,4.970598603207595
24_12,4.622272198561426,4.730816975214054,4.116017825637492,4.851665016317502,4.622012935007875
24_13,4.059775077971016,4.059484631768137,4.011240065497465,4.009403852461607,4.036108035117431
24_14,3.9400427745382167,3.7246197981579696,3.6139732691420186,3.776958340996081,3.4982704127492807
24_15,4.118252335614426,4.034806771901785,3.9478856795293464,4.268040454564481,4.058714960438049
25_0,3.8173316474384684,3.9241817276004833,3.7768245678114045,3.9815639309110646,3.8808835437348894
25_1,4.059411246165005,4.43737028083981,4.03206143958877,4.924010394647679,4.851829949220837
25_2,3.9925786174748454,4.146984494844665,3.984525459159864,4.436550422344318,4.2674928575986435
25_3,3.777362714662828,3.679001726384934,3.0074525249210318,3.9090773532841965,3.071272089206245
25_4,3.9406582529451986,3.9917638941387295,3.4980421005542377,3.9752443793125716,3.9050679520847704
25_5,4.222426535590765,4.817365305668997,4.0288311604013884,4.99321731912772,4.970598599975319
25_6,4.059549289765703,4.679069414159207,4.094867339114269,4.88070175807327,4.939825098718496
25_7,4.029195620111607,4.013717446264723,3.9988489667254727,4.147929364659081,4.182266537353479
25_8,4.048910520094091,3.945973274333848,3.4429805409290704,3.9934330420077835,3.567727718948173
25_9,3.9716695815365477,4.009404470399773,3.991144648410236,4.044579865511318,3.971669661481397
25_10,4.43741653491529,4.678910367017544,4.817409628219687,4.939780029841774,4.998585003757037
25_11,4.817489910483346,4.981924329167609,4.90456272439564,4.9992836678096,4.999574657708387
25_12,4.013327426917613,4.001228541678074,3.9577227942983937,3.989401273322501,3.6792004399259772
25_13,4.268807260357882,4.924054090770811,4.622236464520379,4.996737393642452,4.996737406096775
25_14,4.075256974280305,4.437190924465993,4.057243598638952,4.939787550110938,4.499688385690776
25_15,4.001422690104934,3.989024842333094,3.968880551934789,4.014352331182811,3.9630032741757653
26_0,1.7303922967612992,1.3837889493055495,1.8104905203546342,1.2709083814264073,1.564241763022379
26_1,4.437416605567674,4.817431670583025,4.091261912564344,4.98892337118945,4.924050187949749
26_2,4.377400624001427,4.777163239451237,4.004725902259925,4.904528567775133,4.499654879921037
26_3,3.9538027073717465,4.17297001281064,3.433136036322171,4.551118913715256,3.175565763671411
26_4,2.9397973711376744,3.2339652582343197,3.065697062191601,2.927412322186331,2.9293058734481603
26_5,4.777163208265966,4.880620006758464,4.499469664802837,4.988923337711042,4.985846790410418
26_6,4.993217341161514,4.939825147660633,4.0598561391319645,4.9240396256608445,4.993217346848744
26_7,4.04674993974712,4.028093115378637,3.992541620610466,4.182119348149518,4.01271699686987
26_8,1.047829173925621,1.0068534373046107,1.098935948447832,1.0125555706436375,1.0231243105685044
26_9,4.222364309675996,4.320268915354275,4.046572237747724,4.437600180753231,4.222452321613195
26_10,4.4377113023141455,4.622286887791995,4.028635097703587,4.952485520388671,4.90452866453549
26_11,4.851867195781857,4.952485542856776,4.730962895177674,4.994690004747342,4.99133275379017
26_12,4.5619924173251825,4.880689194473454,4.095038408302976,4.981924271868847,4.73092885290062
26_13,1.326250050118579,1.6001061224478161,1.8501869873606125,1.0962588489312142,1.884863907733096
26_14,2.016827583316005,1.7879912176473818,1.8815428437879598,2.0377293723808774,2.0064146035775146
26_15,4.036108186915765,4.059234214560602,3.9938736361426055,4.1178441221410464,4.020127279944858
27_0,2.118550771389998,2.1274433876572374,2.121812008080216,2.2661001421709246,2.2697400509666736
27_1,2.9106447097738766,3.154132167741285,3.330557867933834,3.3600959943523163,3.038610709770987
27_2,3.3670319029865614,3.088142091808334,3.1298459767605293,3.1013358745066406,3.0466376947871985
27_3,3.525476167510184,4.002312078257083,3.9768719502368337,3.862536524832608,3.8321418099863296
27_4,3.8505489571837432,3.904503322415928,3.8152885073029728,3.9104191506904304,3.678002954615371
27_5,2.4492835920334186,2.394444080866517,2.3252742455443047,2.3836575495107084,2.4407868291726116
27_6,2.6213770416699886,2.8403726428959297,2.6546575774401893,2.8000745465888075,2.565453654538599
27_7,4.268643659282976,4.1820476619106355,3.989168595988414,4.621961822884116,4.267492642192359
27_8,3.317591238650981,3.3463205314531344,2.9131067013244474,3.034822749008899,3.1491044584560237
27_9,4.056454067210611,4.036359675577097,3.891258572343381,3.9816313370422236,3.9885519647457017
27_10,4.090111863641055,4.139551651762664,3.9805058467965804,4.313042084012265,4.558954146052192
27_11,4.049055267908637,4.265549169649052,4.039631157787739,4.214446598345225,4.259827701140678
27_12,3.99881888243258,4.034806779018731,3.9751018612116615,3.925877719736262,3.9537110781640354
27_13,3.9203663147596974,4.045594026745889,2.309106994855135,3.9455810026578066,3.6163639609573632
27_14,3.480293004028125,3.9035293107559292,3.7746141529658876,3.3668733108872706,3.817087033455889
27_15,2.9258532742022463,3.125160298180497,3.398612979893634,3.290927193355689,3.1133694527590072
28_0,1.9208005935757133,1.7673470054516922,1.8950959236364318,1.9289444922991135,2.0237183258346376
28_1,4.318544982399947,4.376701663956233,4.434854540793998,4.904369592317727,4.9705934360209145
28_2,3.7746264913875684,3.2509989196765843,3.600102633606192,3.773431863003405,3.0872042076849873
28_3,3.9705855143155957,3.571170823285104,3.6081676982364232,3.949852498046311,3.610994610664543
28_4,2.434992062013478,2.2571670605888436,1.9747497007050145,2.456501759488103,2.5117161558255208
28_5,4.056873651091777,4.0581154735729745,4.01829117756859,4.115603480751781,4.730663263060717
28_6,3.981654938269016,3.8177536213228254,3.9197550446957115,4.105211316816478,3.8764306277714433
28_7,3.7397491186008365,3.970023632874496,3.537760108811493,3.9331771869383787,4.05800324945016
28_8,1.4415356564456088,1.0765288934878545,1.121861088859612,1.1836873181071754,1.44035300883625
28_9,4.666528893066683,4.282011006283009,4.009709512918537,4.8462128684658,4.7293165715344605
28_10,3.7746264913875684,3.447792924028102,3.657765981127831,3.729229273493838,3.0719056337585977
28_11,4.499525268710313,4.730886625854954,4.117842798821536,4.880643973414538,4.981924289888377
28_12,4.055979060610351,4.018213001482466,3.9866105493953117,4.179302914724049,4.0672719711647956
28_13,3.6783129824578387,3.8171239428127994,3.3895553806405774,3.979414826222778,3.9992300283013016
28_14,2.244440648298119,2.185799599034335,2.626718106524087,2.5216627853122646,2.6402505051047624
28_15,2.3111720797380997,2.1485433196290558,2.372840829119642,2.410011744533575,2.801277869084874
29_0,2.1461117868664963,2.016334283183203,2.232424973329605,2.197681780505902,2.680004814093194
29_1,4.0275622125860995,4.094394717916613,3.9786702306060757,4.181766278151258,4.012717010726771
29_2,4.075321571334842,4.036366338964744,3.9975256794211846,4.268486531694468,4.027937722053196
29_3,4.118450862386088,4.057571424821236,3.9507930642662443,4.560795842610811,4.320530518719963
29_4,3.9978130567434045,4.000370913405397,3.904722402085329,4.0094044265546644,3.953011776467848
29_5,4.005344486741928,4.006866970868103,3.9875864873147413,4.146330363872897,4.020455299804482
29_6,4.320558022125755,4.09413857003373,4.027080516001811,4.976924590841365,4.09215279565857
29_7,4.268643663204248,4.094274616296029,4.0005515230686735,4.376945850665143,4.059912461423199
29_8,2.904219080465442,2.8102295214546515,2.636441583562443,2.9997117030080824,2.957830654113053
29_9,4.059701268967976,4.11860557814558,4.00602561520551,4.377308605825357,4.147900196275347
29_10,4.119043110939063,4.059006878873742,4.181954948701615,4.939787652878343,4.622058142754828
29_11,4.268838211406251,4.094274641245284,4.222396605312944,4.777117123881811,4.880698064798129
29_12,4.047364412350251,4.182360021279756,4.060022213750573,4.880710546115698,4.777216530235387
29_13,4.268771460702633,4.678910380036738,4.047195087211977,4.8518422714401055,4.985846791523797
29_14,4.028093104473146,3.99303037305809,3.9711633406571467,4.145253523469614,3.9815782367809733
29_15,2.100621585600028,2.1187456787030445,2.081104833471359,2.0356658819538516,2.1818641782681745
30_0,2.7510429938063723,2.2527866508419905,2.8192695736892874,2.8729084508716642,2.981654591172528
30_1,4.56193642128313,4.181685480524016,4.02446152954469,4.952446903813426,4.851847377847308
30_2,3.940262653173527,3.851952985280246,3.62176869495042,3.9535471280442915,3.8520440642707507
30_3,4.021227016407251,4.003307394327367,3.9892606220094544,4.181955571514862,4.147622543917452
30_4,4.094965202963648,4.851862467513287,4.268824227245809,4.985846773695645,4.81748994874735
30_5,4.499787290085925,4.094594062405935,4.024654792069349,4.939787559041655,4.499717952753008
30_6,4.7309431482387305,4.9240540744253,4.499820751461206,4.9524855319227585,4.985846793864902
30_7,4.004359802779585,3.993868220306575,3.9860352974842232,3.9781294612331894,3.994182928630344
30_8,2.035951018012636,1.8551452658888803,1.523216564526616,2.2063746821194696,2.112617209055818
30_9,3.1188808549234897,3.2182904134461383,2.8093618181693305,3.0929659583029045,3.026366021774467
30_10,4.622058054812847,4.851781495946535,4.267306859147778,4.678558515160648,4.375609950142097
30_11,4.6788829859310805,4.77677090855125,4.021716262534995,4.962572202830292,4.8805249945086295
30_12,3.9244710193065035,3.9050440032048237,3.3772389822642155,3.941029670630323,3.8811738652325216
30_13,4.8173244950549865,4.817205767590487,4.1815935574882594,4.985837744882766,4.777015370073561
30_14,3.0270092496352583,2.9800525073781605,2.9370861055574498,3.046061025587344,2.9723461860934886
30_15,2.3326974992993077,2.804605449961897,2.1242565427964877,2.322254288392794,2.6233363147203157
31_0,1.9352044237494253,2.0322573728340805,1.8309884961918155,1.6381175204769387,1.9756070908558818
31_1,4.268643679792775,4.7308992425696506,4.3204989015219715,4.319838563070295,4.730702226537055
31_2,4.561629646848115,4.939825151791378,4.678955090220532,4.904394761134318,4.730569519133484
31_3,3.9661967271940397,4.678852208912631,3.9066375054492353,4.006277217492704,3.882640381632958
31_4,4.019582565386055,4.48250554329861,3.1806302856791633,4.336108179115023,3.563281072038449
31_5,4.377008967426839,4.880588960578733,4.923879440267608,4.952459867112654,4.96254490288623
31_6,4.621353943129803,4.5606205616889595,3.8286066346859733,4.090056480031111,3.9457562449289862
31_7,4.047144917198514,4.851862498095345,4.0063443443303335,4.4996549108116035,4.118775953528907
31_8,1.6282986888721245,1.7355524049096152,1.5694167538286081,1.323719235904753,1.909272030562882
31_9,4.147573052855299,4.679005494801549,4.019998596945091,4.621679822990432,4.147666187754713
31_10,3.428126166262602,3.814942812733842,3.1863387516710686,3.85271600895236,3.0600265855544353
31_11,4.622321208437757,4.976933315253887,4.776708893724774,4.904369816998722,4.981924327330451
31_12,4.0372101227624615,4.320654182433596,4.019985717532623,4.730949106301232,4.62233797533162
31_13,4.017383247405377,4.222554356399444,3.9640320811447305,4.007764351694681,3.9911456822938054
31_14,3.7775863321497085,3.9815536042693283,3.4367242001117435,4.006280976837447,3.777647046787186
31_15,3.101026164236279,3.1077854426989564,2.5000790928902905,3.0384990339221067,3.220625465083545
32_0,2.2042482829967347,2.210500766628976,2.2185894450493757,2.440787154561693,2.181824394203561
32_1,4.179303031464157,4.117997480056809,3.992702991413279,4.020689460075937,4.093611976407288
32_2,4.319575566906996,4.376195202378852,3.989468269038755,3.996024119350354,4.071221860647031
32_3,3.9828484723824196,3.9826214305659464,3.9942268331773656,3.247726872160794,4.057896048312141
32_4,4.678732533599806,4.561208323025481,4.018326755914795,4.110684395169112,4.0350962107757296
32_5,3.552762684487072,3.4191332156505454,3.2244953061950747,3.255906140567351,2.9999999999999996
32_6,4.939825132362296,4.939825146158576,4.622055025132787,4.9705586125268795,4.985846794584642
32_7,4.970598622843672,4.976933316329838,4.320376610758787,4.99468996051986,4.9946900161685805
32_8,4.962582140735333,4.970598643199332,4.377360517569574,4.999422149598816,4.993217347005304
32_9,4.4376366517221,4.437114558016091,4.018856397632766,4.219628088074835,4.147573080885888
32_10,4.970586392751995,4.985846788073853,4.499251449330068,4.970519877902086,4.962584206277403
32_11,4.970586392751995,4.97059346343507,4.499251449330068,4.952347121098898,4.962584206277403
32_12,4.127749290858383,4.1702461791065835,3.8476586676867037,3.2835269713775066,3.9093475111196985
32_13,4.0140664582500865,3.9357225139029604,3.5333763634040585,3.8608487131538025,3.9626131412149554
32_14,2.945976889276774,2.6794380248918164,3.027451676553331,2.9801815304306376,3.0534142025906563
32_15,4.074643787210595,4.008464371782765,3.992679649949398,4.020127001998259,4.01434314437054
33_0,2.98552085712708,2.878424789877705,2.68939946789554,2.9060576724353844,2.884310727652058
33_1,4.02160254913948,4.021227049026923,3.9954000117100104,4.058340570724544,4.117670433439916
33_2,4.016235631355263,3.9934627167590935,3.971972430068283,4.073021074810247,4.011943201903545
33_3,4.0157537448455605,3.9947642807517942,3.9530860696114414,4.024043069620824,4.018272437966896
33_4,4.058715083057966,4.016435144313914,4.002368910185891,4.268304704108256,4.2222361997731355
33_5,4.006059233676795,4.00534245946985,3.948006063756522,4.05597449935538,3.9653158859016027
33_6,4.027937699612612,3.9934627167590935,3.96346990679773,4.073021074810247,4.018272437966896
33_7,4.5620910075371395,4.904563379809973,4.059804269718242,4.985846746210932,4.981924294789024
33_8,4.9240540270266075,4.561976104942389,4.118972491463147,4.970598569802349,4.6789743046115895
33_9,4.222284433793472,4.074900767857316,3.9878045095233863,4.055978553840026,4.179303025541839
33_10,4.016235631355263,3.9934627167590935,3.9530860696114414,4.024043069620824,4.011943201903545
33_11,4.499767016338129,4.094749761266297,4.040535457201766,4.561957084851958,4.6789908959598865
33_12,4.622377746349002,4.817479992120413,4.222363215061945,4.952485454434907,4.851867223820182
33_13,3.9713144037085857,4.042165261237747,3.8806822599425006,4.0617711199893325,3.999933759267789
33_14,4.777185423703637,4.924050202472253,4.073888752782202,4.952420541321428,4.939800169263686
33_15,4.059832734790211,4.03624530432158,4.00923547615668,4.2217795389552455,4.012688561240754
34_0,2.0667022673572393,2.175015732420085,1.9726206562423418,2.047084742253359,2.320289403575099
34_1,3.913175295808709,3.7711621167380476,3.5364426280916317,4.168708505752856,3.9127320036596815
34_2,4.217013992909481,4.43620600462704,4.493464993255001,4.558058614485541,4.212175170705834
34_3,3.8507029783221083,3.9575388776491174,3.9606212495627613,3.9625870048695617,4.262666077497979
34_4,4.020656059801499,3.8941460340997223,3.21472168166763,4.022785248813012,3.6376548723889712
34_5,4.006414876863082,3.9425771202250917,3.981995474221606,4.776825346641407,4.220813578995006
34_6,3.7229643892223496,4.08574913042109,3.817032952223688,3.7948555570883524,3.9496132336531593
34_7,4.055429733741171,4.047517751427015,3.9904311088571776,4.219227548933462,4.176651416831969
34_8,2.8904441181625518,3.5842415346523895,3.088452494637099,3.3489151907492154,3.244669642818633
34_9,4.182004461751115,4.376945937318397,4.007763830465397,4.319417485926521,4.678852134784302
34_10,4.045849072582311,4.561565046019399,4.027901840143815,4.880392339638451,4.851418779890836
34_11,4.178432984004646,4.145858693384707,4.132225012157418,4.776560166447168,4.03709001498061
34_12,4.1094684889855415,4.057008023969018,3.8779440922740087,4.496474748453997,3.9753181663241204
34_13,4.217572389626589,4.021277074879255,3.9565341091920057,4.434026345245414,4.171725238589836
34_14,2.5819044202146904,3.0386722225906264,2.0965866289805244,2.8974160783021006,2.6026110875597688
34_15,3.42317313343507,3.9038822542480243,3.0636368507392255,3.556762096401092,3.560443147134053
35_0,1.383760739329809,1.0381401373913048,1.515978389506454,1.0966432728397086,1.5040044439646838
35_1,4.319575745976168,4.14557496470944,4.075006950962459,4.219982037189375,4.561737052138979
35_2,4.678883078665968,4.314747986056522,4.1156056142045365,4.1945806810258865,4.105257753720913
35_3,4.053324838427346,4.2196250949906196,4.092151773250486,4.0578331813078465,3.9575713793499787
35_4,4.01511222894445,3.9588915233326203,4.106742355666091,3.7772734882872765,4.142207672727056
35_5,4.051458707319793,3.9607735360311063,4.135637105243346,3.617231911455089,4.142207672727056
35_6,3.904651032578047,4.001072098576834,3.9925562989203205,3.310944578115871,4.032062308171823
35_7,3.9564673370452588,4.002359628335293,3.9675256244234682,3.881716908098504,3.981598164245983
35_8,2.1953647273800825,2.3672590069931823,1.454815275889227,2.036848013314148,2.2540061596129166
35_9,2.8477369848913394,3.815000701891255,2.7650227456380954,2.939863124043583,3.008003158034944
35_10,4.264604624773803,4.112547645882448,3.993801694685551,4.072460878912386,4.122466918989553
35_11,4.679039740462335,4.993999107654093,4.499717215955501,4.97059345266757,4.981924311949997
35_12,4.678955618199313,4.851842313518592,4.437416207868748,4.31923835541495,4.924024362855216
35_13,3.678611139111342,3.5592610667091504,3.9539906971297514,3.264731837070769,3.6206234337000502
35_14,1.840121074841293,1.6985371993434106,1.660635967143282,1.0162187036416432,1.3245443183133188
35_15,3.081134571438169,3.197849075483562,3.3045422785709815,2.867206976560462,3.218828968265274
36_0,1.9040773786259486,1.6310807389996826,1.800106332639048,1.9706541681714655,1.9424302100800745
36_1,4.320327131866128,4.118252340235054,3.9771108711477674,4.499336624741325,3.9910067746114666
36_2,3.9167429986964226,3.993505956367845,3.6195753759024356,3.92660667945427,3.7370584144143844
36_3,3.9999499500547255,4.179662785962206,3.9079102276175863,3.783506862037854,3.4365349355639903
36_4,4.730928825408849,4.376479877977682,4.113318697892104,4.2659403226189685,4.023354699924239
36_5,4.499787384653043,4.268574905465618,4.072651062955099,4.142884473635413,3.9262276157879303
36_6,4.1773207462000554,4.179980505891821,3.2136456981573795,3.9710809610671256,3.6812844229817197
36_7,3.966146862659038,3.9871146929771197,3.557594549221292,3.9277992978320335,3.818336584465789
36_8,2.718218832772376,2.9010566301850726,2.6493699192697218,3.0290373867088585,2.9006804220425297
36_9,4.000240966330395,4.006484287843126,3.999480471316334,4.060000148602848,4.002987830398832
36_10,4.373987652465429,4.089437041370585,4.313950289120619,4.018063203779402,3.9531718185884834
36_11,4.116388477604631,4.37694585294518,3.96750250638393,4.090144992605112,3.963485124596004
36_12,4.022905436837168,4.095246593800657,4.007191236914889,4.022768532942526,4.00814728847537
36_13,3.904540541222826,3.9400427763309502,3.361990435638453,3.9047853998997106,3.0718087570450203
36_14,2.84078855607302,3.2863877511070245,2.8564504217545728,2.8168453423688384,2.867287212234407
36_15,4.07490078837148,4.027080693347534,3.963650958214408,4.319417528323884,3.925748225310224
37_0,1.9951925245482212,1.994363424807347,1.9199608824167527,1.6426621659192107,1.690578346400297
37_1,4.022165398637181,4.31300135779234,3.9399500041755458,4.177641771642671,3.8897311619295216
37_2,3.6728815365139753,3.8159778931976573,3.5532901893828974,3.7895728850223893,3.980541419839773
37_3,3.986481914311721,4.497556683459592,3.097162011196687,4.231092899846599,3.735946014157587
37_4,4.03639111000731,4.4984935655160765,3.948555100801557,4.470976828956788,4.374397215849487
37_5,2.723317518177977,3.148834997111071,2.8270780146934693,2.755411213287888,2.360357854938867
37_6,4.0370846214809735,4.178895509912746,4.017067459132621,4.424804493367001,4.315452011070487
37_7,4.268807268302927,4.268697290913286,4.008311167486825,4.561820657750967,4.376874351380843
37_8,2.2150997783029713,1.9793186107288276,1.992563746839922,2.643250113365869,2.2574657601095285
37_9,3.0591287818176576,3.1571878492260983,2.8378220045723337,3.0728595054138017,2.999957629825928
37_10,4.434031258136055,4.621584570027872,4.049917056785938,4.164926226596869,4.175893632018076
37_11,3.9839126868057644,4.434468963336718,4.241302645641769,4.771606397809177,4.072642292223432
37_12,3.942630901156523,3.5484648562135286,3.1869091911976763,3.7321199194888464,3.012610830935606
37_13,4.022165398637181,4.420933076092911,3.6729022205253212,4.446584563636881,3.968846550944612
37_14,2.6865266256817883,2.0474953760645853,2.510051730726373,2.4929058962806563,2.1148654168027226
37_15,3.1643500991871996,3.772975112702279,3.4750002315366917,3.7300861575646107,3.3148663825354214
38_0,1.7672024325636257,1.452622574602016,1.6525327344102827,1.6870341496443275,1.8200195661158165
38_1,4.9045599894377,4.904521518484227,4.851781026862875,4.970598616016877,4.9967374128982796
38_2,3.9698291014984153,3.9454057247106378,3.9293963278073103,3.873608919408612,3.498152590231656
38_3,3.824615153248108,3.689432969103622,3.1346374385079794,3.1479896359327637,3.0
38_4,4.9705986426288735,4.939825150466484,4.377008509930648,4.981924321811162,4.991332773364411
38_5,4.962572276285806,4.991332761077748,4.7300946402443405,4.970565635094994,4.988920677357122
38_6,4.952465170698717,4.924002086659727,4.146525065109468,4.923663285984156,4.9042318697842955
38_7,4.0332110450554,4.086791252078523,3.8846228206422695,4.304526393501183,3.9754376102026643
38_8,2.70934136455028,3.55466269214908,3.1384164018096823,2.862079268216469,2.9099104869379557
38_9,4.145574937923847,4.851713946556189,4.026462241049451,4.419003410553396,4.0724731460905055
38_10,4.498813219112435,4.985846790365294,4.317530428342316,4.774883758418006,4.372402455111707
38_11,4.962572276285806,4.991332761077748,4.678196519356333,4.67830549018809,4.981890543024914
38_12,4.268574839490652,4.81744857506752,4.044208356404989,4.730376369859515,4.377008946445281
38_13,4.268574883949981,4.904528680280976,4.181089615480818,4.994690001629202,4.6789556064429725
38_14,3.7781978014822735,3.7772743396027453,3.367084731677348,3.9031466961137156,3.622587826482765
38_15,3.309687716912332,3.355064472025375,3.171212235953302,3.8177292847038458,3.2635641731581457
39_0,2.209248680757414,2.329007461906244,2.039893396238984,2.3674781474821125,2.319878263012522
39_1,3.977928330367091,4.0304981421817665,3.9900782145361475,4.67819776364402,4.168661009860168
39_2,4.9995300213125375,4.98584678383317,4.141376871792521,4.995839970087051,4.991332772968233
39_3,3.934451659185808,3.999671067871726,3.548389118850367,3.9998124990041624,3.9271691251165333
39_4,3.851913550192747,4.021761220233888,3.962868542476963,4.47451480681274,4.257279703205675
39_5,4.063331194989815,4.218773893534881,3.9664383487852777,4.851635714201763,4.113319244319339
39_6,4.976924607077335,4.9705586649064495,4.372379470751044,4.97687567210129,4.981896838846387
39_7,4.377259049555402,4.49974407683891,4.073344915401856,4.679005452233409,4.622058098205224
39_8,3.7261223263032477,3.9054004876790005,3.6649853739549463,3.6706138070578103,3.224151902150569
39_9,4.437704195088541,4.817476232960658,4.0368446512081455,4.817476069781606,4.622286862068381
39_10,3.503501313409174,3.703200079353081,3.422934228381947,3.6541019206614793,3.158547000107713
39_11,4.98584675246503,4.988923376849473,4.924049795070156,4.997437440186343,4.997983321800137
39_12,4.924054073522729,4.777143051475491,4.377328683959746,4.952485510156805,4.904534988964159
39_13,4.3769458695634285,4.437190920696468,4.010333707392414,4.817241189479827,4.219981994805124
39_14,4.437493594105,4.499717978086824,4.49952455958635,4.993217323814461,4.981924320952801
39_15,4.622350959787671,4.679005498276943,4.075182201159098,4.817382043569605,4.730837787729662
40_0,2.8535448986801786,2.5944024741383283,2.440303038569626,2.8964624595907553,2.9638150672839374
40_1,3.953301676655847,3.999168190244587,3.8518353512771073,3.9805649298907033,3.953076608417222
40_2,4.028351346540085,4.005354837477594,3.9922832904006786,4.001099893745016,3.998323455828456
40_3,4.0465726112293865,4.117997494443592,4.007185570219583,4.268040640166779,4.019334917759286
40_4,3.987813015387127,3.990889769324329,3.8173629862267107,3.9925785923229937,4.001834675136911
40_5,3.9935723994356076,4.058340716515467,3.9632996268659286,4.040695059125807,3.9899561337685965
40_6,4.268719463582678,4.268373162735632,4.0133036430815405,4.851793761477604,4.924039667176044
40_7,4.005600468195151,4.046823379046109,3.9934048194566643,4.181955489272865,4.036650643213359
40_8,2.969295156264547,2.7354244322653125,3.101073880992553,2.7732310572165684,3.009998630772205
40_9,4.012844059307034,4.0017909339994855,4.00335954954704,4.04519680142187,4.009404467122493
40_10,4.026790983154585,4.026791006332564,3.9934064719529254,3.9851358980492058,4.094594300629427
40_11,4.622375209342715,4.622365342309749,4.222596554963924,4.9240540858754525,4.952485545136424
40_12,4.037180153274703,4.075604405282231,4.01385477574803,4.679079464124513,4.1477387266456915
40_13,3.7318943369248267,3.9254878897925485,3.731409118710979,3.8188997663366155,3.320360763079259
40_14,3.925391948713623,3.8806838120961547,3.8808654028000866,3.940741456730863,3.8528736966353834
40_15,3.9838733020887913,3.8808166009224374,3.0424404253127566,3.6790958055076506,3.5611976554970606
41_0,2.3188388638986592,2.607548344980378,2.69475537435448,2.4503451058821355,2.8230818469767063
41_1,3.994173316077561,4.036108216176651,3.9886841527155403,3.9968455000359975,3.9244801795150814
41_2,4.679005439582707,4.991332772258808,4.9819113259232575,4.98892335709476,4.997437444588171
41_3,4.04587701227256,4.056873662783319,3.940793854232809,3.957575805210307,3.9416977189231157
41_4,4.924054051387688,4.981924324831646,4.962584013494906,4.9819242597448765,4.976933304202156
41_5,4.22239729183381,4.730966819978831,4.017226248181214,4.266859892922966,4.221533814120734
41_6,4.678852113974934,4.991332770566175,4.976930719966399,4.993217291516886,4.988923379959217
41_7,3.994748595189132,3.9527367318452336,3.8158203899140966,3.9832885318682365,3.776995920420585
41_8,1.8047381876004613,2.0283759115021356,1.2485237195775125,2.013565301118103,2.0295276318268187
41_9,4.012512385950896,3.988669957582028,3.8166964499149185,4.002359551304805,3.7303307546476696
41_10,4.880710613530524,4.981924325847429,4.9819239832243385,4.995839967994803,4.997983324724895
41_11,4.622255594607767,4.991332772258808,4.962551477287244,4.991332745414465,4.994690030239395
41_12,4.622351005117323,4.962584218486147,4.90455985936492,4.962584104740207,4.499787412944089
41_13,4.033211066093392,3.9045495722323516,3.957570681075868,4.316074072034096,3.9275156537254636
41_14,3.953547056481892,3.9530611284593866,3.43540515752452,3.9960261587706536,3.6788159373892833
41_15,3.850667173755744,3.551241784863159,3.1461029955856343,3.61681937688762,3.1687931164551504
42_0,3.9245113722519207,3.728211402809897,3.4963633733379167,3.4971119694366606,3.5609767743311913
42_1,4.144477573293383,4.437258329778806,4.0554396015554115,4.851635755122293,4.678400612688204
42_2,4.621764155443371,4.776953272095969,4.056453810544761,4.904453416135961,4.314748026413688
42_3,2.869095295718353,2.495851095570142,2.8548207384809277,2.8740046399568437,2.307104091873305
42_4,3.9731089612031623,3.976512484159362,3.561688811946262,4.114604004267971,4.3185449616413685
42_5,3.9956556682460223,3.9980652888881387,3.996016589082689,4.267097706446737,4.055979052259129
42_6,4.220294297552199,4.8806630765724694,4.014342625461487,4.923969611602991,4.317108934859534
42_7,4.013303803869904,4.009010211883272,3.998108785527327,4.320378370783692,4.035776943635404
42_8,2.9920717375983528,3.186679232429647,2.4956845166315724,3.2033087984454327,3.2177405044737553
42_9,3.0143410402994184,2.887709936332077,2.9648318827559645,2.961170173788509,2.9936530525851897
42_10,4.179980369767789,4.499407562181247,3.997631921646331,4.923940147566072,4.13421032006424
42_11,4.267656370806337,4.267492883636571,4.093133398451853,4.776770860238513,4.4363889957808675
42_12,4.268831909645096,4.73097529647066,4.119055458237133,4.777216501240298,4.499858315492428
42_13,4.1183577840171655,4.268433421381686,4.058869837797385,4.817409742438341,4.904534987275731
42_14,3.436379514659963,3.36215180779503,3.263721097734294,3.89447560817481,3.179411191064635
42_15,4.010841198362812,4.012688584616677,3.9817939397427846,4.0554412777790745,4.058539541817559
43_0,2.434603586430481,2.63594418508809,2.30296316808497,2.8568908825689894,2.819639929186016
43_1,4.77710147684972,4.67900551580657,4.618761828428278,4.985777712252242,4.939823595302092
43_2,4.499924933298184,4.437732343879405,4.047195607907621,4.880710609270757,4.622350994655345
43_3,4.994690019639611,4.991251122484029,4.982453524010796,4.999614039276522,4.939645982959615
43_4,4.178895617309963,4.130347085528875,4.02741749548639,4.8165772237418345,4.052922058620759
43_5,4.988923340255321,4.996737412613829,4.67591403713735,4.998877781642015,4.97054169666221
43_6,4.998877791909535,4.9998910759281765,4.998998929200376,4.999878799690552,4.999706579622821
43_7,4.678910299273331,4.817382079753474,4.268372385226749,4.9240104109122775,4.817409961531654
43_8,3.877863791801793,4.572144709257584,2.6248316341463154,1.281792877158332,1.709329480577706
43_9,4.006502886578504,4.182252575717784,3.9993382342430257,4.562030808225767,4.007901022330731
43_10,4.880570221479751,4.995839983372324,4.3197138287047405,4.99583997023038,4.880707829693277
43_11,4.992332983533283,4.999479457654936,4.988914181352289,4.999825190097431,4.999357239381449
43_12,4.777204650524778,4.8174899447774955,4.182327700090797,4.994690022486785,4.939825144636705
43_13,4.880016083655999,4.93976177269392,4.265548633600136,4.970519911819095,4.219981865040812
43_14,2.718221343926234,2.5547784140853227,2.2352735102432395,2.712669038414766,2.377150456088779
43_15,4.022747465983869,4.1822367058458125,4.017309306946759,4.970598625993303,4.119066878705773
44_0,2.0004875829641593,1.9355793412891351,1.9529956119765,1.938247270931927,2.0324883432901713
44_1,3.012695553965388,3.0565622011357503,2.9789318611216338,3.053406545024955,3.0247055007746013
44_2,4.005354823944673,4.0033074224195255,3.9857410300856473,4.180920236343921,4.005436667836831
44_3,3.9468479873212914,4.172962310015614,3.8535452004622828,3.740102769716832,3.782033108158744
44_4,3.981580595290306,4.117844131634293,4.003424909309939,4.025670730707761,4.073021294598313
44_5,3.1770045298682956,3.4233150221760997,3.0090704849052052,2.987117055822833,3.0350097400957226
44_6,3.305345353536287,3.8540702677362746,3.421248944309911,3.489486477557317,3.8648400112678467
44_7,4.029138328420973,4.075649131950615,4.010383901050426,4.7309752609623725,4.377444163336461
44_8,3.954237252736325,3.8792460770942445,3.9405939136331414,4.114001391868694,3.951743054854183
44_9,4.0128440154820115,4.020127335704288,3.9980620472060613,4.37659746020274,4.02074520555532
44_10,3.909650806911679,3.9483147829389424,3.2676389514388617,3.741026818724539,3.7321288508263035
44_11,4.85184229369937,4.924017772731993,4.730376179455755,4.995839951581124,4.981918823089902
44_12,3.9950652539331166,3.986365418638606,3.9670351567147204,3.9987998316863327,4.00073175329252
44_13,3.926826724159874,3.9879354523006665,3.620301931522334,3.930721296282739,3.063514445570643
44_14,3.9797726260358908,3.978295050708262,3.962876263338097,3.9968728651433834,3.987182940636327
44_15,3.9422553447821747,3.614081026371314,3.726458153504199,3.950419916062736,3.937829973585609
45_0,3.9711135132802062,3.987055912746251,3.678309949453838,3.977318266275186,3.9405701409397236
45_1,3.4300744316971126,3.882377100807163,3.063468743915799,3.67847082968214,3.0795763438654244
45_2,3.9999499106313885,3.9552168500549927,3.9109074095388157,4.029414155605153,3.9758525320712508
45_3,3.2032310414380056,3.1500812759883634,2.8391861479574994,2.999738875394292,2.9999999999999996
45_4,3.816797656809153,3.946330890993654,3.194819209602954,3.6791712038162863,3.2642460971817258
45_5,4.046749962467582,4.320128098417114,4.02679088512191,4.6222368402270515,4.035351972636447
45_6,3.9701153099569653,3.969253141852859,3.1651251298937173,4.079501881366748,3.90694330352305
45_7,4.013998596922374,4.029195646214643,4.0038403929753885,4.09526661606593,4.0757714565174235
45_8,4.095232102355017,4.268853224753288,4.013928499997772,4.730975269860707,4.7772165326679135
45_9,4.037254709509669,4.037152923639591,3.9978582375333596,4.037015273677466,4.010706231250702
45_10,4.011244455661245,4.145858698970451,4.021325153265025,4.219628233752825,4.011244461785902
45_11,4.027562317701194,4.2221202302082474,4.017131845169354,4.776986265567751,4.62216399018444
45_12,4.005430394407863,3.9892591888864106,4.002126482542755,4.075428796388071,4.009236192270062
45_13,4.222565050988263,4.268697330242635,4.147573030523822,4.880644229269849,4.4376366556462425
45_14,3.309644184058835,3.3096327790209408,3.21635603835088,3.03980212693074,3.011993212996176
45_15,4.005610525645584,3.9999499985719114,3.851892840872265,4.00732128779033,3.940350592519756
46_0,4.437553489674355,4.320327164032246,4.018840404271276,4.7307020660905845,4.499717920551579
46_1,4.678484405148766,4.817205811739941,4.218765304738723,4.962528060847972,4.96253704238913
46_2,4.73037643353884,4.730569483360743,4.135748559009141,4.8170680908560115,4.435497884568221
46_3,4.144010738794928,4.376945916380069,3.998207833287539,4.560421317185558,4.26460449965575
46_4,4.7769859269875985,4.981924324417113,4.434466141649736,4.976924483926894,4.998740520899771
46_5,3.9995505998044845,4.3190353643679265,4.052681428761014,4.374396973716359,4.218773829742942
46_6,4.999283682358848,4.997109151381356,4.9625363886094505,4.999813887436079,4.99980110487193
46_7,4.880710503138347,4.952485533229224,4.059831147751814,4.991332602956762,4.562030474882628
46_8,3.3450845243453236,2.825393936607759,2.8749895944845054,2.9189828216599647,3.08223701656081
46_9,4.075771437102423,4.095069048047825,4.007761934748358,4.118972872378439,4.118775858669586
46_10,4.997727338997322,4.997109145998244,4.981901959740476,4.999706564379844,4.999283681904261
46_11,4.997727338997322,4.9958399618578015,4.939667647134172,4.999813893358009,4.999283681537895
46_12,4.777216483977112,4.994690029100537,4.320677722902309,4.970598566584147,4.981924319727479
46_13,2.3755061653185146,2.341630470804073,2.731233835947692,2.590404072437992,2.8968735051884065
46_14,4.730872276846566,4.777163226539567,4.264589721541471,4.976933181805049,4.9889233552828935
46_15,4.095004248384866,4.05871510297018,3.996479703436322,4.220569238054857,4.054143637032351
47_0,2.8744076281272952,2.892830121606368,2.7240949163908152,2.7938939364554627,2.9423785735286216
47_1,4.9993572341338,4.993217352178652,4.939817505288697,4.998209300487019,4.999801101435308
47_2,4.998585006534085,4.995300567531595,4.985846580227777,4.997727305507929,4.99984394268604
47_3,4.994690008065135,4.924054096516956,4.8516904773895915,4.995300500169214,4.998408849442004
47_4,4.998585006534085,4.993217352178652,4.952477415204817,4.997727305507929,4.99984394268604
47_5,4.924053946543925,4.730949202325766,4.22252775481664,4.730766684041001,4.777130840044572
47_6,4.995839982112351,4.995839985305511,4.991332685644609,4.995839929803869,4.998408854120559
47_7,4.025194543043117,3.993414013991671,3.958264902057943,4.022573228092187,4.054832465576136
47_8,2.0111574611041667,2.0218909307964483,2.150459852482916,2.026669809413109,2.369072821264971
47_9,4.014764021685876,4.033687123822637,3.9279888725130987,3.501465662479616,4.069148982083781
47_10,4.994690013512999,4.9705986467134915,4.22081344606625,4.981915437587856,4.999357224498078
47_11,4.9993572341338,4.993217352178652,4.985846580227777,4.99887778823452,4.99984394268604
47_12,4.851867197359272,4.622361171099161,4.05980527559993,4.851867197258745,4.851859354412661
47_13,4.499805255546937,4.851829968070344,4.730837419071477,4.776709315664119,4.9398140260992305
47_14,3.9948509155449634,4.058715124697617,3.9836418689304463,4.093984371912516,3.987951538729526
47_15,4.00334709344042,3.997499214814467,3.6782542052610743,4.01918044525948,3.994900012775923
48_0,3.0385403375962743,3.1501579934163537,3.005739435303415,3.4267713124732064,3.134261793154673
48_1,4.116998264281816,4.079375661868013,3.9855068576649684,4.096323322774531,4.217678602592665
48_2,4.851814119694769,4.9625792820530705,4.0717579756500575,4.991332703182633,4.180727174653344
48_3,4.266590721053518,4.029563222858349,4.0326307956571394,4.49486434805851,4.045972038653642
48_4,3.675967858735707,3.848290923235264,3.7273597123670856,3.8528209781449556,3.4934326378839433
48_5,4.619184350446156,4.952430555567552,4.074954330775428,4.976884681292513,4.9523024685942305
48_6,4.730702131175959,4.939724102183322,4.952420237206961,4.995839948567809,4.997983314355793
48_7,4.18124101498225,4.3201281220441174,4.050351817461102,4.851751836700304,4.561885730240762
48_8,2.6998126158780544,3.163193625043163,3.0132449449993377,3.1773375588859576,3.028385999879606
48_9,4.143482611142954,4.376701614861499,4.031369351337229,4.678558234238716,4.37634631432779
48_10,4.375078896224876,4.904185244819736,4.985824507975963,4.994689982903875,4.996737393074522
48_11,4.730663293894709,4.939724113067263,4.988920525866582,4.995839919979668,4.999283666532607
48_12,4.0288819548669945,4.094921022312382,3.9978118345667357,4.6222367659798405,4.027080665098479
48_13,3.218012391392332,3.976357742618154,3.5997074369104483,3.8780548513064406,3.4935950149022186
48_14,3.988606759448784,3.9652536996328944,3.904497943916508,3.9997844523751667,3.7769792861006524
48_15,3.771244566521619,3.6562968083496763,3.4138024542398906,3.9743419951377263,3.981041119643818
49_0,2.9993911074898425,3.176802806411991,3.08532796860623,3.3081676781985534,3.0548826412990833
49_1,4.142884530252144,4.496881190703572,4.087776041036543,4.7764702300508,4.018063152917324
49_2,4.014352354932104,4.009351233302063,4.020640445092688,4.115136328895201,4.011943036320403
49_3,3.9779879992029175,4.053352702323247,3.8116852095885756,3.9505507702041553,4.0143724317184795
49_4,3.9535393134610444,3.9246546122322417,3.129440832713841,3.679014405291598,3.268631532828709
49_5,4.007026235083302,4.026091439376859,3.997211149437842,4.118132776011777,4.182004456510766
49_6,4.268373136511473,4.222236443985448,4.0941374593096915,4.621903770072271,4.81744847292367
49_7,3.9404577904871383,3.940328474951634,3.374105182010679,3.881052121612633,3.905435695241118
49_8,2.644458732471406,2.0862232595360384,2.0303729131875006,2.207116397261113,1.9471964212285915
49_9,4.562091014862451,4.817489939058602,4.022747207655747,4.9045633451078965,4.499919336598726
49_10,4.009359872602488,4.147516989254488,4.000832652788997,4.435998237922769,4.320327065935601
49_11,4.26861138573123,4.62209791059909,4.074779930511031,4.952465142495442,4.678817177762518
49_12,4.013525565911838,4.001099976758654,3.9897669514921246,4.019334855479495,4.057571383277547
49_13,4.376597551759264,4.377064708098922,4.17589290570086,4.923940099594433,3.981736795013601
49_14,3.985556708799458,4.004903086301657,3.9067365623163663,3.9919152022773363,3.9062377348490527
49_15,3.0352426284469427,3.1397865581361697,3.1976327613901634,3.164986675153801,3.0894870385308657
50_0,2.1234784636728787,2.0370740153575997,2.037274738733258,2.029215879481075,2.4351708868865765
50_1,3.9999499807265244,4.039812149075251,3.97661933612149,4.880173886873244,4.498945586375399
50_2,4.007973212519446,4.0376839593421625,3.883786273936022,4.373987737230188,4.084399253165615
50_3,3.950755952658882,4.014291019198142,3.7420582363595627,3.8633601528750257,3.977095895227376
50_4,3.939899742953439,3.977983119000222,3.2660655806264405,4.017708956186845,3.991763800144952
50_5,3.9572050032453405,3.9553577413904284,3.612515627578848,4.110950115341169,3.7320493431554325
50_6,4.880710620721714,4.777171582259006,4.14729915478517,4.981924302487905,4.985846790330493
50_7,4.095284641577955,4.182341702464414,4.001268125970322,4.437749324541862,4.377462211362246
50_8,4.0388486337073495,4.492022562102729,3.9948789224047223,4.875949495388108,4.069140496234022
50_9,4.021426488048511,4.012086953683822,3.994182812022981,4.924017828303972,4.117844132269936
50_10,4.046666771636195,4.56188584711375,4.070614050918337,4.924010426260311,4.730872321326692
50_11,4.991332751375117,4.9819242532546815,4.880677573577166,4.995839947173927,4.998408849244346
50_12,4.042087730939805,4.178895640754787,3.9753570040607715,4.9040045792321,4.028332437027273
50_13,3.6793007841157825,3.973437021283377,3.817812924995499,4.111283069540193,4.02257329406352
50_14,3.9678375756412225,4.004804757937111,3.928634242757971,4.436206004225623,4.028708013489341
50_15,4.00183738684982,3.9864337089651505,3.817134179980645,4.044208897436366,4.033687105406539
51_0,3.9791275993177,3.9642448118456506,3.9631698949236287,4.033211076521697,3.9905313208073268
51_1,4.095038709732859,4.046572630288415,4.028230005154143,4.6222367813055545,4.622272216285222
51_2,4.904545487671263,4.437416658339852,4.777101173397034,4.851814112536513,4.777041133529584
51_3,4.377157190008655,4.14610923025602,4.032671487385884,4.817272617720921,4.499165347776538
51_4,4.221881313585333,4.003307439743813,3.9399681305091083,4.094274545327824,4.14738140536493
51_5,4.4369299744678266,4.147103050685416,3.9925563998321567,4.678305477477933,4.678817140640155
51_6,3.88151933072394,4.019546698289456,3.850837079787576,3.90868197277497,3.884445836083636
51_7,4.67907474680021,4.437619611921207,4.11799644392619,4.924047029027454,4.67906331429452
51_8,2.000529010712349,1.989002055113254,1.8859146791453911,1.7443440206096714,1.953607877413039
51_9,4.0952320708180565,4.222565069930504,4.0222167085067815,4.90456328773339,4.320736837969372
51_10,3.9063351077486583,3.996864166093346,3.7273493458273093,3.9885275126080235,3.9537343086271366
51_11,3.493933137204909,3.8832752721438153,3.913160857381895,3.6220563027832706,3.756967623218437
51_12,3.979444486803412,3.993555237639171,3.8808936785476456,4.091262736976494,4.043313190992129
51_13,4.499787391038845,4.147381578126314,4.094274327818776,4.730793394873597,4.622321237875611
51_14,3.677581210346154,3.3654523844754385,3.2292416291719483,3.6786832830987013,3.171807370819739
51_15,4.267928200845428,4.016009711208877,3.953241231406843,4.221385987121882,4.05645405108565
52_0,2.0463596227645873,2.162300504598278,2.1654615202746847,2.014727860863008,2.0720692114269434
52_1,3.7722444046167705,3.9274713683434195,3.128039332763769,3.171870790049375,3.9754114935311766
52_2,2.890475266655804,2.849261662803497,2.758118322743511,2.6854508755234145,2.791970423256448
52_3,3.883746279418225,3.81451520932245,3.1538047283564024,3.0371438877416086,3.8206632965443257
52_4,3.9066225396099146,3.6634458878923595,3.4883258500355208,3.1869084944137116,3.5584889799847654
52_5,3.8532285720810036,3.850859282590243,3.049850968299254,2.7868723827077866,3.7347284679868418
52_6,2.895320523283462,2.996669399155691,2.9496211049688066,2.9993944716853522,3.1373908116746767
52_7,3.991747797173671,3.904887054763618,3.9533951801315923,3.9733875024496053,3.9905183317661295
52_8,2.0039467653393737,1.9928825918310662,1.9846238950644786,2.0267631475060943,2.0913859577045564
52_9,4.006154869153585,3.979446126363166,3.97706783709764,3.9242530360689876,4.094274500158332
52_10,3.4882256075448685,3.606679432359743,3.0624251912879465,3.286940671622968,3.2057313841698503
52_11,4.851781493587264,4.437190920237278,4.267800184290035,4.216275317800504,4.498083179859407
52_12,4.058340696672565,4.003257611738999,4.014763683101566,3.9958824754927593,3.9999097895569897
52_13,2.4519735939518053,2.7847324670868954,2.6348020295289265,2.9260541987029116,3.0435118257067195
52_14,3.8149940540824794,3.9265749563587873,2.8661454078905972,3.9570454611695838,3.8215009436941973
52_15,2.2472137865726176,2.448575680677478,2.201459114296992,2.6646012403868005,2.5117195621720154
53_0,1.928561414381208,1.8238970374513541,2.085685073948185,1.909880570340134,1.967332876963416
53_1,3.9059155161355585,4.0127170157640055,3.927652708811042,4.015204477334841,3.562066582362761
53_2,4.621838490420014,4.561491818316862,4.09072524220171,4.991332770688244,4.817009749655234
53_3,4.3783480901453125,4.176398992287073,4.024925243444004,4.309852521844056,3.1614961254039944
53_4,3.1303882341863556,3.294292091893371,2.8656988246935304,3.0333838428355495,2.885255809094345
53_5,3.961052361920769,3.8620108916955256,3.8187430394732544,4.0284124555040055,3.6252001085599805
53_6,4.375829817567219,4.181241063786976,4.069149003706366,4.678075773978209,4.116998306779244
53_7,4.054135956922034,4.093984423195783,4.068268338466714,4.221385970872975,4.011938033371564
53_8,3.9400423536381477,3.9777908815818925,3.8172074502011646,4.028351350659058,4.006866963262252
53_9,4.679098315934784,4.437728034360752,4.562063929496066,4.999530025383108,4.962584235360131
53_10,4.880644227565083,4.622013064856478,4.317536791933587,4.9625281155836145,4.49755672485753
53_11,4.678934408532417,4.3202688729702805,4.622057532353268,4.994690013661359,4.904534988187894
53_12,4.060000217103705,4.437747406772648,4.059912363950937,4.98192431780526,4.924054092332372
53_13,3.966632970381849,3.8521645195515766,3.9563114868250597,3.9998944278376394,3.852490257610997
53_14,2.0514447481621505,2.1761140883889185,2.0093412666232977,2.500893627994198,2.0823819239278647
53_15,3.3754351876710054,3.9041080776158266,3.816901192277721,3.96477133215446,3.376781206303081
54_0,1.991429999976628,2.070966867858264,1.9502141144541218,2.142890898265156,2.051606745245927
54_1,4.9913327462994515,4.880683843771959,4.059939354281236,4.970598567606626,4.991332769712593
54_2,4.880347518429,4.952396630507208,4.67855759095462,4.998209286786744,4.976927920528267
54_3,4.557520309996936,4.560950905157299,3.9664269209756653,4.676623832341377,4.221971054937889
54_4,4.4996883737113045,4.817440654115465,4.49971759584778,4.93981000087934,4.268611439636562
54_5,4.924052881811044,4.851814138838502,4.268574647713278,4.988923361063321,4.817476092427304
54_6,4.267307510348471,4.730766748140821,4.0104978775562765,4.988923346211149,4.561408736179181
54_7,4.320268811386958,4.377363209971998,4.042164999158047,4.970598612272672,4.730943212402176
54_8,2.021671673201291,1.9595317441664648,1.99174110561607,2.013405329861861,1.9848548834598625
54_9,4.777191121990265,4.49980531575326,4.074312788590239,4.621215060301915,4.499787260868718
54_10,4.3760237930462615,4.561565043459639,4.144476968642598,4.923663344592501,4.4365503257363805
54_11,4.988923363645037,4.880693913230759,4.377285127829161,4.981924281053608,4.991332769325056
54_12,4.268873316811074,4.730976616485312,4.095278577855292,4.976933298718131,4.9625842315725475
54_13,4.092521347084272,4.02630021602109,3.778857730946115,4.160065100410955,3.7325620731351923
54_14,4.679098279058685,4.880710635364013,4.147910849663351,4.981924291086278,4.952485507297261
54_15,2.6797412624912016,2.9620015450251107,2.574347201303096,3.015575623697401,2.896388925767764
55_0,2.0488823645743324,1.9731295073800934,1.9674404020438292,2.0273385588174215,2.0469839964524676
55_1,4.179662740327252,4.144477567582053,3.9422399752820168,4.489317590482743,4.032672235507605
55_2,3.4356852621959932,3.734086757943081,3.071044877081483,4.047891941517973,3.3183797437618447
55_3,4.006866962907249,4.092846875305682,3.9545820059229184,4.267097735324453,3.9935724116941147
55_4,3.9405701063701577,3.9408820666587605,3.730407031680222,3.9254107828518747,3.852035632537451
55_5,3.835653673475008,4.137179890548779,3.6674347545657544,3.7944444654854537,3.6251514567044443
55_6,4.093387973396063,4.090727979871256,3.981540389105925,4.177911887250094,4.020689496492957
55_7,4.029000652818948,4.005234619969195,3.9669701823129047,4.0223008777202685,3.989995280044664
55_8,4.847110500979835,4.299393551588616,3.654682243032009,4.465011529414559,3.3065273970484474
55_9,4.0456778738331245,4.02012733682221,3.954194767484575,4.115136223946998,4.012716871725124
55_10,4.437190699727616,4.069149049274331,3.929261182409256,4.436692625188263,3.9750417654601695
55_11,4.970598625010479,4.995839978385169,4.90448174723161,4.976906099166325,4.995839968103327
55_12,4.320747860920854,4.320743060179946,4.037244678551591,4.939825072381116,4.679096025332316
55_13,3.250045177496227,3.364098947588232,3.1909213186615664,3.490322462516497,3.4344939274908457
55_14,3.8523422384901473,3.3725781586328276,3.0070500639438142,3.3762387305753694,3.265222248352085
55_15,3.9419045310249325,3.9646986240816133,3.496183236404202,4.038813236812374,3.973800038255135
56_0,3.125445779635961,3.816698047586661,3.3668317708629067,3.250046557543551,3.180558559069899
56_1,4.0226964897240185,4.222512707655237,4.011208692312998,4.499834711428999,4.904563278023617
56_2,3.9045519290211477,3.9925420581691013,3.907969345235129,4.000965896516111,4.034478831042686
56_3,4.034478863093667,4.027080704702041,3.9786445319151182,4.181490735016964,4.073636100509761
56_4,4.561885753835862,4.952485487275698,4.116996265493103,4.730899039319528,4.976933274218895
56_5,4.222050303513545,4.981924320697038,4.376597384726869,4.991332745531213,4.98192431667782
56_6,4.562049434988488,4.904557034965064,4.268610377173098,4.995839933378372,4.996737400617606
56_7,4.005689114404456,3.9954614991622908,3.9533772094517543,4.028093052891445,4.001576500285829
56_8,2.9300111349359073,2.4240447461758814,2.936356350384649,3.0341276015468006,2.977090979788793
56_9,3.6784835624769854,3.977119068720741,3.498398218231961,4.009010080612385,3.9404511425935778
56_10,4.320639396933416,4.962584197855857,4.73088615401614,4.9989989626039835,4.997983315830321
56_11,4.924054056060773,4.991332759179638,4.622094211766906,4.999105918691859,4.997983315830321
56_12,3.212228203028039,3.2774965344931877,3.0822062302191844,3.8807940351984014,3.7772294776713005
56_13,4.004943073432184,4.318805384185314,4.073889875266169,4.904453403621076,4.77711706160177
56_14,4.059484627340063,4.118726071855212,4.058869113404593,4.851842274815684,4.8806980781485985
56_15,4.017383247708144,4.013633385576884,3.999523843552095,4.118994240264351,4.047171903422422
57_0,3.220640375144617,3.6213572883888707,3.177491544500644,3.180777252841181,3.49977295321985
57_1,3.999947834564809,4.055441333770777,3.561102032476582,3.9419287380526247,3.8186847279117018
57_2,2.917402480462848,3.072851809422192,2.8526209164386676,2.6469811082391947,2.6825205414047995
57_3,3.978473479277658,3.996850731749332,3.971423922907031,3.975849622542972,3.9964298132951988
57_4,3.9246178971033068,4.013866811744697,3.9637140913067332,3.8540937865099854,3.96480364301393
57_5,3.9894796469939986,4.034107566880341,3.9716421347411397,3.9571049346692218,4.005354835031479
57_6,2.806943451974751,3.0353183873901592,2.940395955122547,2.6971550449590134,2.9469674682354854
57_7,4.047114315702365,4.059484657239467,3.9882271301718872,4.020455458419113,4.002572720246382
57_8,1.0098680874331558,1.053803082804494,1.0300327261541806,1.0181338591770501,1.0025625664956195
57_9,2.9713377300700485,3.22431807310397,3.157210110760053,2.9277706190719286,3.027627871747313
57_10,2.833799666460437,3.1154558789791316,2.574939240926267,2.444839154349797,2.8583326437359142
57_11,2.9646824136085903,3.023125650089611,2.9401053930094134,2.8748214176584255,2.786926615433754
57_12,3.0386102641307957,3.052007650562665,3.0125651496503543,2.9142680714857327,2.99500687828849
57_13,2.0982607799339172,2.327043541287363,2.3698219483312983,2.257087799660406,2.4374023922905015
57_14,2.50535918502463,2.573456048637098,2.8342279031348725,2.62795700268979,2.8195812789144568
57_15,3.2163278155282504,3.072015887369168,2.918526497503104,2.9532910859397226,3.0433632340872574
58_0,1.995830200749505,2.0416041862092484,1.843665254236535,1.9535370590145156,2.0551380726050894
58_1,4.147704747675001,4.880620043388163,3.998799855645731,4.4369299698778235,4.11560645215507
58_2,4.026791004224561,4.0093576177009425,3.986268108854042,4.678558634918138,3.9591971162885713
58_3,3.9250760932049933,4.011244491818973,3.9645317498422634,3.9591733570532197,3.9692882040841693
58_4,3.9860331625831433,4.042165352439632,3.559994080960043,3.985580703117996,3.994956819170978
58_5,4.880689194584775,4.995839985684595,4.319838106323759,4.939771488958437,4.777101505481789
58_6,4.679063348851069,4.9958399848773505,4.952459673965084,4.996737395816953,4.981924328892635
58_7,4.011541129822368,4.180260996601971,3.9791061087172044,4.375829770801652,4.3179158649899465
58_8,1.8221152384775965,1.4432912454187803,1.8354078004355632,1.323376100158875,1.4395782671498636
58_9,3.176742507949766,3.1192527824784833,3.1386028851819074,3.1760872388746555,3.046062268874315
58_10,4.561936554090687,4.880670891661361,4.924039454865451,4.985846793295856,4.996737414016046
58_11,4.730899203185906,4.991332772741494,4.851767388774471,4.985846763027142,4.996737412288849
58_12,3.8802962808969323,3.9236067204426264,3.416610996713461,3.9784517890282047,3.8174037189501404
58_13,3.24468159391094,3.769243621768337,3.244613231529683,3.3581148196646913,3.3661621914929154
58_14,3.1869064482017846,3.5515167903515925,2.9517394155083188,3.168819020079973,3.0712721109464503
58_15,4.017131981074458,3.9984642525033016,3.9921737101587014,4.118532971223674,3.9899561252351825
59_0,1.5110753661727931,1.0185782602416649,1.191858473182155,1.0497555880145633,1.6839382924004742
59_1,3.3748520143199574,3.7301241568469314,3.3175722339024336,3.90965080673341,3.8203833501646307
59_2,3.9409555482135974,4.025194521602372,3.9070181720006647,4.110686397603551,4.37687437295332
59_3,3.2574337591794444,3.6142084751979855,3.244906835355432,3.8726431149847587,3.497504215304924
59_4,3.9860205880070905,4.115606503394386,3.941251182965981,3.99991038765866,3.9925786451707124
59_5,3.9402801179370357,3.98480929126154,4.002917201326048,4.03881339017491,4.020689534808507
59_6,3.881699951780464,3.9997342471431536,3.941982743342644,4.205296572197891,4.052764133758282
59_7,3.9918235319914728,4.02428494974734,3.93136907994693,4.368023004619305,4.125402680084484
59_8,2.577536269502593,2.471894457465757,2.368955844487427,2.5917219649101564,2.870497919772719
59_9,3.9936710964231845,3.9054104998381405,3.9056599019986846,3.9682703140921785,3.885052736550369
59_10,3.931457424927524,4.042087672289231,3.8816181236416543,4.015681904677499,3.8346903013327234
59_11,3.9707730388217115,3.8850251001722023,3.9748774787871466,4.163901055738496,4.071650638244169
59_12,4.0372518573679415,4.059740557772914,4.037096688001211,4.5620910539513515,4.147738752619652
59_13,3.6194228722356865,3.851024892306088,3.497876812590192,3.966490739967935,3.944966632923019
59_14,3.988358792533785,3.973644702836498,3.6776725095878517,4.011260720242261,3.90683147683853
59_15,2.15391476400148,1.9673570073913769,2.019707245748653,1.9418701981807052,2.0136864472523883
60_0,2.5802712976533946,2.3863371290703106,2.4096263493428207,2.628524813882432,2.787472192071338
60_1,4.268533404074844,4.147381565802403,4.019201540326748,4.776986164516755,4.319947073651701
60_2,4.988923379659969,4.962584188532317,4.851821819129917,4.998740486658581,4.998408850888843
60_3,4.2225828946831205,3.9972116110907763,3.9983518962993525,4.059328219193056,4.009236188166594
60_4,4.009010187837333,3.9836234765692438,3.816644027383038,3.9899560314820883,3.9710683901136443
60_5,4.730886523526155,4.437457491903293,4.267488911640914,4.777083648528733,4.678955508459866
60_6,4.377347216643859,4.11835775115816,4.009434873931618,3.980543440653132,4.221385850193933
60_7,4.817455436473292,4.1814909890188385,4.010025349787746,4.320128012840712,4.320043057795038
60_8,2.5848849793726814,2.679437787057084,2.3207829826940674,2.9627960123021198,2.680930912906638
60_9,4.004870165179335,3.965207917912582,3.9801237984548545,4.259856154162497,3.9999289458944682
60_10,4.976933309723931,4.981924326877793,4.92404965627109,4.999357233387184,4.997437438804271
60_11,4.976933308319168,4.981924320967163,4.851846837371108,4.9996140421614665,4.997437438804271
60_12,3.963625697406472,4.001533301467616,3.947606443943838,4.266285203533983,4.002284263585297
60_13,4.437704224932714,4.00660072615046,3.995964867431957,4.437619484389124,4.007764363077707
60_14,3.8517375206471627,3.9526290675958036,3.952666483980496,3.9999497780728377,3.9405265959281186
60_15,4.0369805645493635,3.995965679032276,3.966982199307413,3.9773527989889734,4.000965926840155
61_0,1.6365172644605601,1.605106640632256,1.6659511303314705,1.8779606838706622,1.9435463031532714
61_1,3.4994870879734448,3.941484953247954,3.177478892316416,3.975475281921147,3.0743639663801385
61_2,2.8690872099812994,2.9093870725449062,2.689428376082096,2.7802149087583237,2.0000500229022573
61_3,3.9636222714408986,3.988633778926909,3.4337983169646527,3.9325550063640304,3.3195914245392797
61_4,3.4994870879734448,3.881911523113867,3.177497866167735,3.975475281921147,3.0743639663801385
61_5,3.560504405275789,3.5571855522285585,2.7387196273696657,3.00633105702916,2.821298830392716
61_6,2.634704547368092,2.7782702273818387,2.5749933620418535,2.7891197304205897,2.4355209899805366
61_7,3.9265377671687167,3.777272799260956,3.085781073792167,3.3204715856233595,3.0119932170315495
61_8,3.053457552852719,3.297325495960877,2.6313178733394844,3.115186351281905,3.1146540405604872
61_9,3.0585895695592344,3.3155820111811694,3.0070761884000827,3.1179269428564402,2.883190387576396
61_10,3.8824305456177908,4.019246936533108,3.854453257934421,3.3734810537468167,3.373356907209085
61_11,2.371605762569561,4.8996366516867145,2.736837292594658,3.606063437591389,2.9787796319772024
61_12,3.7770963256829613,3.7297787086691843,3.1156565076415648,3.851989170488942,3.0730713170006725
61_13,3.9051534651287185,3.9956556751402275,3.374728227610361,3.8873310498139326,3.267783721994252
61_14,3.0041573407664193,2.9997657191839795,2.814353532683003,3.1126141399386253,2.9316517643860283
61_15,4.006866936711256,4.008793961103422,3.971714599912714,4.070614478683389,3.9701456244908195
62_0,1.7444460416370084,1.750536108801655,1.447929635638811,1.8746865836906357,1.9623373683006708
62_1,4.67895558701591,4.622133068484812,4.0445793376059465,4.851751833344511,4.146984385194226
62_2,3.98905875696489,4.01332745559489,3.8518839500366875,4.039812121875488,3.973431846946283
62_3,3.730307896121207,3.9945821302213846,3.880619695980899,3.9883587672415692,3.880758064760672
62_4,3.9711576496406513,3.9935137144310477,3.994204518908272,4.179302921552329,4.002359600688086
62_5,4.001099892838858,4.118132845074427,3.974086670040034,4.880654163990794,3.9999498927781603
62_6,4.094870808586016,4.147795253125464,4.0223005912753145,4.730920126177853,4.07547320975169
62_7,4.020127312092527,4.11725076657069,3.9871554307662462,4.620678169941738,4.3770647060568235
62_8,2.7227302973832,2.9518159010464555,2.237939143417264,2.302927828018152,2.926361861704715
62_9,2.683549297301187,2.517354305444101,3.2045307571043073,3.366930713415805,2.897716463219009
62_10,4.268574875920731,4.377157261356731,4.001046516329415,4.851602443902676,4.499407530101528
62_11,4.997727313019723,4.985846787736594,4.976933218663816,4.99973047094026,4.998998972072321
62_12,4.18233767367859,4.1822898767224554,4.119011786411098,4.62233787529169,4.851865230291877
62_13,4.260882024126641,4.153596305404476,3.2780061518571944,3.979153067879347,4.4136425916219615
62_14,2.2680519001587967,2.2227016928564245,2.0964864174134816,2.0452701607586348,2.0170999944490786
62_15,3.997580608029127,4.118533075049255,4.00435425442337,4.181900170892993,4.0363663343201885
63_0,2.633711204659095,2.25946115909454,2.9593717142139653,2.8409076495831846,3.0100108843526714
63_1,4.981924294808159,4.939825120543367,4.622254763336693,4.998209290078898,4.998740525599341
63_2,4.939771447377989,4.777083848963683,4.437651414542177,4.9946899812482926,4.962584212373852
63_3,4.265548943337304,4.146330386003284,3.9079413094288653,4.264604530276625,4.0751837426753
63_4,4.147622535503839,4.437578382215786,4.059775003131721,4.962584204638132,4.499787378557983
63_5,4.147381542851841,4.377009014633746,4.436388467921635,4.561408799914673,4.880689121421616
63_6,4.9045633155440616,4.952485530746048,4.320639179490968,4.988923331332129,4.998998975451307
63_7,3.8372556586284454,3.933734209609513,3.1485688721577993,4.01264635050271,3.999949899134656
63_8,3.8793778802487084,4.676606753686783,3.987182211985366,3.5983090985549273,2.9893128215827978
63_9,3.9337297943666725,4.0990587345768,3.9008395537740523,4.374342245658236,4.0143115150905375
63_10,4.318805416490882,3.9577901263235837,3.9715478952275585,4.319838580889592,4.074115498372098
63_11,4.817479961710464,4.976933310765038,4.268796437303885,4.939823577428932,4.962584209129795
63_12,4.046666746849424,4.437578392001285,4.004137202037972,4.993217300068798,4.622337972993095
63_13,4.678305522518041,4.115136317477106,3.9985381526866592,4.962563294836689,4.679048448792755
63_14,2.9997987050089248,3.028199465317687,2.815863380025018,2.8801756791845508,2.966591358441631
63_15,2.930308314332556,2.2799785710545444,2.868275220754548,3.5193590196619264,2.9611351377325943
64_0,2.5909788951469825,2.474947822624126,2.340363146961251,2.398948718595048,2.566441327841024
64_1,3.9057973294128447,3.943694463398848,3.9246787385360546,3.97662858017027,3.8173487870851135
64_2,4.437416610461231,4.730872308439946,4.0361075878317845,4.952446995021137,4.9524837069356575
64_3,4.18137365656281,4.034806730095093,3.9863523757605943,4.3743966575160345,4.264036738803737
64_4,4.004278102328859,4.043311401104795,3.99728223297218,4.317108863217614,4.036405392324074
64_5,3.8163136143042133,3.850843721292265,3.813871598530472,3.9624856944957676,3.6216314891106642
64_6,4.05413218798674,4.816577277125571,4.176601622742479,4.431606515880931,4.558058899359907
64_7,4.093134243858319,4.092521407266588,3.989937970223623,4.375609929454344,4.067273085511185
64_8,2.6215896907551204,2.6614206179563134,3.065751258338656,2.9756404221895982,2.909585991169079
64_9,3.973592554016821,3.9401785320864486,3.9039678788234657,3.9974991847337527,3.9060212733144013
64_10,4.851793766064355,4.678400659324905,4.730200492372739,4.995839969999633,4.729976026589067
64_11,4.499525221949906,4.179662826156721,4.1434822061939975,4.317537458490376,4.498813232852479
64_12,4.924047098729663,4.730837804606058,4.2686430852012585,4.9043947862849535,4.880644221223739
64_13,3.573783355551897,3.2074237791745457,3.4163116688401396,3.355047658362648,2.979124700661133
64_14,4.036650608495222,4.0267909971687414,3.997939628550827,4.318250008479014,4.003851892340803
64_15,3.106506096775724,3.1399016182411477,2.9087007873703703,3.0774574692716063,3.0232750178425105
65_0,2.3821714499854454,2.3207632484942766,2.2079686404947374,2.7437575505118446,2.733850278784231
65_1,2.452082223986881,2.032963491276818,2.351997051006158,2.1392821146912184,2.783279365309146
65_2,2.69764984061382,3.8535416374658893,3.676090617929907,3.676392124375672,3.0587305743633784
65_3,3.998648451607879,4.093387975809501,3.9943752343278276,4.319575681177916,4.2686437153236305
65_4,3.940194842195229,3.9910568633705705,3.851409395255627,4.016236599091195,3.880929133640114
65_5,4.9044938023661375,4.904468612412367,4.315451746643268,4.988923353921678,4.988914279296796
65_6,4.777163191674118,4.988923382481525,4.678483773040789,4.999679497709392,4.994690014143342
65_7,4.147103023554247,4.180920274997598,4.2668589710469735,4.437258274344657,4.18137381462224
65_8,1.8875162146050184,1.2240564489234445,1.5067554315799783,1.3223986080131722,1.935141630323741
65_9,3.8219080931697795,3.681191747696448,3.3756011613357666,3.3768148670235547,3.0581850392624177
65_10,4.147207636917908,4.093809822202349,4.0912621642385005,4.26813975928823,4.219227586240829
65_11,4.817365259564585,4.952477610783538,4.817323839243035,4.99133276007506,4.994690020066537
65_12,4.817365278206229,4.777117144507837,4.4375999950446765,4.561087598499765,4.991332771571449
65_13,3.2619325602186517,3.051786911057531,2.9771246085462493,3.108371895288004,3.110741817255196
65_14,3.9935634230312136,4.0009006582471836,3.727784406659625,4.072651430485048,3.984639092029053
65_15,3.972105339745001,3.963320214945488,3.6174195616465217,3.983664325955525,3.6216141777797586
66_0,1.0032820678842211,1.000894267150058,1.0267942217329864,1.0003866669641646,1.000186421864435
66_1,3.4371281092115424,3.677478705177464,3.0070264640989994,3.2688659410136283,3.091785482501968
66_2,3.1034872587209925,2.955745577381608,2.933811221644603,3.262051852645223,3.0049931274928707
66_3,3.674609232395397,3.96899043468526,3.1771988171139083,3.7785102896286378,3.3129776800084407
66_4,3.9560955245686933,3.980492765029072,3.8186251297517306,4.012547434980119,3.8552464645133844
66_5,3.924471092738281,3.731417033972773,3.267267759731611,3.942000069433844,3.437755444275163
66_6,4.0079732438765205,4.061802210362913,3.9584040839900956,4.60811826427586,3.9691150494039285
66_7,4.562084147968039,4.679063355320041,4.499743422647645,4.985846783607877,4.817472002725422
66_8,4.449512481616413,4.684290145858321,4.957328544657939,4.92486847236646,4.072639249319941
66_9,4.105263729312227,4.021366735501067,4.052481876897739,4.772265840264657,4.373523721064698
66_10,3.1083680052333365,3.8177078629157166,2.7724052199055906,3.1387104752020516,2.970520595520387
66_11,4.776639431874578,4.776253740011114,4.130338313816256,4.463341322016861,4.962264639174727
66_12,2.6949407035966346,2.512372307726352,2.735314478011797,2.631227598076819,2.6806336350127573
66_13,4.003027069666732,3.8568402426891106,3.9805708651487626,4.046010980991517,3.9692882095265327
66_14,1.3241285169383175,1.0334566470328148,1.08645033115659,1.0233940465661353,1.02310720255238
66_15,2.930270934708999,2.5869948034514247,2.736974852893761,2.791732597511808,2.779704935287846
67_0,2.1692537361338626,2.1147771597757874,2.025049979974813,2.1387450650536457,2.2225389562684277
67_1,3.01266056304179,3.0593904248461605,2.999447309210586,3.044221641273787,2.9999999999999996
67_2,4.924054064237539,4.377329158850888,4.182047291614006,4.9819243003353435,4.993217351803799
67_3,3.95657891025846,3.498441236546333,3.4977441558336446,3.8626068592581584,3.6792974026456915
67_4,4.182218622536263,4.118726073239429,4.0212263961927075,4.437114544815435,4.437600181025253
67_5,4.036724092601399,4.094594318167714,4.036940940392769,4.2217796479584155,4.074643734140607
67_6,4.851847416226634,4.952485536196781,4.9524853998397536,4.988923386751,4.999200349425466
67_7,3.9938739427266707,4.016435138623759,3.851441936123484,4.092846790576701,4.094394705852244
67_8,3.1065888623400397,3.5562925764606392,3.312091675129964,3.558669698537031,3.0925714029723705
67_9,4.005354790524269,4.035577716203856,4.001376457161097,4.093134252500986,4.046666777100576
67_10,4.777101523436601,4.622311214776781,4.376874086203532,4.98192431249365,4.679056421481121
67_11,4.976933310746702,4.622330163382444,4.817455313597222,4.993217337042365,4.997437447227453
67_12,4.00638148942592,4.437739518192761,4.022803374765143,4.90456333345323,4.059977329277693
67_13,4.0341074831260855,4.032062378522071,3.8547063942552704,3.9999499007440473,3.9879545879480744
67_14,2.957424928085859,2.704418454488579,2.201037328355004,2.9302710040471385,2.782119089107922
67_15,1.6321880263025965,1.5665200629798142,1.6958503832424414,1.5095379228298644,1.9300884574806654
68_0,2.8564672842214476,3.0516512602111665,2.7427322699279157,2.8628076568733056,2.9380692035270735
68_1,3.9356391165741877,4.149269414652286,3.8717410277875133,4.175278377794136,4.023075457724114
68_2,3.944279929902637,4.020672936351851,3.9770025589634823,3.9935449569944224,3.9634469461152864
68_3,4.121666828118001,3.945392788304881,3.812994683542464,3.8111749210625057,4.023075457724114
68_4,4.08095229185115,4.021631649738996,3.8717410277875133,3.9422531513018946,4.023075457724114
68_5,3.773194414775239,3.9293973220792062,3.6118739234902972,3.825597981840383,3.732216369543197
68_6,4.562006874028984,4.377113877763082,4.319574679931254,4.904528565032789,4.962584220512223
68_7,4.043788843268588,4.03205737883384,3.981434420134355,4.435763903992972,3.985542369887976
68_8,2.8380537709923788,3.3807714675678158,2.964204800411114,3.2446271101834423,2.989704220537044
68_9,4.222426567746219,4.182085746630116,4.002569086968004,4.678882963045295,4.182085743828772
68_10,4.0730213006743385,4.053348438126661,4.0326710208386345,4.115606399445957,4.266859885334988
68_11,4.147207675139396,4.057244189383887,4.0326710208386345,4.265940183279963,4.266859885334988
68_12,4.7771308788037885,4.377195543813631,4.045876686827308,4.622133028248973,4.9045349665162785
68_13,3.9801109396638754,3.7275943205076323,3.77542898989742,3.8181123780252535,3.1805596733264867
68_14,2.2608407746909345,2.1289608349133813,2.4341881031788826,2.2149288863628587,2.562741145848731
68_15,3.8513453101428823,3.952918869520873,3.606462812620667,3.8169567570259297,3.621318097765572
69_0,3.0468989370503046,3.0759888402072195,3.2567297996252456,2.999813671192397,2.9222589893998934
69_1,4.029690947873193,4.019546693038214,3.966090828017702,4.115136299474837,4.004926703719568
69_2,4.009404451917879,4.046052812278815,4.04216186371326,4.221218391499642,4.034478743126947
69_3,3.560216152758246,3.3654790589682917,2.827523809905654,3.12550320665138,3.013271586680595
69_4,4.181090546911365,4.62196198584612,4.2683039676307795,4.851635740330267,4.904528637095394
69_5,3.9630352025764024,3.999940908285741,3.9782293020146744,3.9665985383814197,3.907493519584615
69_6,4.181241037955083,4.146330404438524,4.178432139558617,4.678197820640663,4.498493557682071
69_7,3.904450166047115,3.88058738674561,3.6766289157357415,3.953201474502264,3.2671695179607867
69_8,2.030873031156288,1.8003344960549488,1.7873234152270634,1.9740620493360255,2.0004582379239557
69_9,4.015135727534919,3.9961182859877646,3.9398410244756126,4.01623663871937,3.883342062867829
69_10,4.146103771108057,4.221028723856039,4.057570609618469,4.677174372231052,4.498493557682071
69_11,4.092142215620361,4.221028723856039,4.057570609618469,4.776470515500681,4.49783638026565
69_12,4.006054853361247,3.963532952911418,3.9827460223894247,3.881224068863961,3.8518664271003393
69_13,3.9969169809285647,3.9965834961109126,4.019329418926686,4.042165318766988,4.002359612089031
69_14,3.6160456500051326,3.727654817425389,3.6158617461003915,3.4297804922828763,3.364341216089874
69_15,1.803071378732515,1.6323873468571657,1.747075078804373,2.173343165897614,1.9351814371276894
70_0,3.069426930774775,3.463422912283734,3.148570555965614,3.4309476897335447,3.317989209124372
70_1,4.730954429484237,4.268807346014874,4.221881074083813,4.777163236291906,4.679074766404865
70_2,4.498301011718106,4.3753609868334085,4.043664187275129,4.880497749808505,4.179302969858413
70_3,4.267656410580597,4.499654943173548,3.9812841708411124,4.266859897289422,4.5618552744070175
70_4,4.939810008750506,4.880654198865672,4.0682521734725965,4.923922470505247,4.904468593846256
70_5,4.437416599286135,4.499688435856775,4.007764081112928,4.499654852666963,4.268533453116554
70_6,4.99673740750415,4.985846793321076,4.924029946854894,4.997983312531344,4.998740517791374
70_7,4.93982512067332,4.904557033667089,4.376874034604525,4.939800185239214,4.9819243074632915
70_8,2.075416077730934,2.1880711386916416,1.944851397915301,2.1256443796264435,2.1692530567679134
70_9,4.730569407260133,4.376346405158056,4.023145676116894,4.3185448458245155,4.266859943056528
70_10,4.8806838102702965,4.962584227839485,4.73020047300075,4.981924248776506,4.9932173374328865
70_11,4.880693904411125,4.952485546429225,4.73020047300075,4.993217267468466,4.9932173374328865
70_12,4.059939656554123,4.0595493560956974,3.9841332660912143,4.118252305461605,4.004457406893366
70_13,4.43731774081137,4.952447035250526,4.050355514946215,4.9768998661844295,4.96253702599634
70_14,4.85186521472055,4.880707915382727,4.561736475796207,4.985846773691104,4.99469000806034
70_15,3.92498818347469,3.982755299400627,3.940062719185854,3.8810900214452833,3.852134053604575
71_0,2.0121502951913657,2.031941161026578,2.0644849351798773,2.051001748569705,2.0894828024155943
71_1,4.730702213401054,4.776986295739452,3.999810484944649,4.988920688034172,4.621584559385912
71_2,4.046010950097731,3.9058341604419757,3.9949481307625168,4.816686548038971,3.9960264643071315
71_3,4.376701635013351,4.622133076080606,3.9702380099569923,4.923753969734101,4.0142063486607515
71_4,4.499573978389548,4.437370322979093,3.9859522174102993,4.621476335019501,4.561491720702676
71_5,4.147381559113327,4.268574915601495,4.019216072666617,4.776770967645765,4.437114503214037
71_6,4.924030106975267,4.880654251201138,4.817241061390973,4.998585010907004,4.9769333043033335
71_7,4.118252323696092,4.377195524058018,3.985540989693975,4.9889233663867785,4.817461689264423
71_8,2.0043625953357145,1.8336143938483662,1.8691134114560828,2.114765856426814,2.023371550456587
71_9,4.77682538447292,4.621679983658447,4.139495497446929,4.99468984937585,4.976930915534168
71_10,4.985846774614858,4.970598645882283,4.851713592557759,4.9984088560940325,4.995839966219634
71_11,4.817472010788509,4.7771715661993905,4.981915184431811,4.993217340512228,4.996737411568498
71_12,4.924054070855369,4.981924328746066,4.9398204530467735,4.9994221467141,4.994690020568988
71_13,3.98781296760294,3.9972023832361763,3.6215630668353787,4.0350962880491235,3.9734369975157806
71_14,4.985846776939931,4.970598646517429,4.561935799608378,4.996316475619523,4.976933291264608
71_15,3.8173143559704497,3.611536709686092,3.392760731219534,4.368006484220071,3.8528213540414904
72_0,1.851392319963604,1.2313516607087096,1.4620624851055066,1.6270141282701316,1.7837816591597817
72_1,3.6149382430786914,3.8490326310082708,3.414205010137803,3.729903324941852,3.817349491051443
72_2,4.074115506955221,3.9538635367645463,3.976496401646222,4.21998194025196,4.17405529132731
72_3,4.003741894135571,3.989862120447891,3.726743635325729,3.881073180585015,3.620811696973281
72_4,4.017708981311679,3.985382545978134,3.957190235246865,3.9099055005192707,3.937438250520287
72_5,3.551699921662762,3.548686860602548,3.458773996858097,3.552369521977547,3.3684835698863678
72_6,3.993587187872634,4.016711756888249,3.9146789044099846,3.9128699915603535,3.962557373337964
72_7,4.021001081018588,4.046344962750574,3.8822821867697055,4.376945711611241,4.094749564979892
72_8,3.0957737015185285,3.4035103271911393,2.0231605241720976,3.117624782214486,3.034001684422782
72_9,3.817657310129702,3.9681642135257755,3.4269959768777336,3.980506981859644,3.948180691206392
72_10,4.437370183285228,4.118132836824523,4.071756507024484,4.319417430202472,4.221385931444439
72_11,4.320463953030269,4.181490990091423,4.1167106742360575,4.499525240555393,4.267800734489699
72_12,4.221881289249102,4.221533878856139,3.9814633170834077,4.181240896844556,4.220294309929601
72_13,3.9932460040452566,3.810183114107684,3.7257631810960903,3.9327931175616415,3.8570423485135583
72_14,2.999052283969308,2.809777507957081,2.8190037565443786,3.015783918336961,3.047999118100855
72_15,2.129398930492008,2.085678722739328,2.124996135726779,2.2624700449057045,2.563538786525914
73_0,2.0817571016261516,1.9285146160160904,1.8144426625607568,1.9660276669931394,2.104074591984708
73_1,4.033687118687173,4.116998322081548,3.9642745580950125,4.045985340897004,3.8535888141490364
73_2,4.730928810557568,4.9045405750116995,4.730855555728867,4.96256332055619,4.880619982090621
73_3,4.006344735551135,3.991140079294304,3.816635740496047,3.9412251837119086,3.9055906318969025
73_4,3.883608396332263,4.153396230426254,2.981093348888888,3.2020066571829116,2.9126713484476294
73_5,4.024045289725649,4.093387990635836,3.850507297070921,4.0243693201611155,4.0232202146716185
73_6,4.81736529906851,4.851751940214504,4.267097089104174,4.9238246481450725,4.8517139239633
73_7,4.046823356087195,4.074643789435273,3.9726018929478117,4.014343183350564,4.019755675515823
73_8,4.561781468749215,4.560950935326145,4.2633932640648835,4.970550699718447,4.904309452526357
73_9,4.022496568545293,4.035952923276097,3.999338637300707,4.14720764340088,4.222181926723925
73_10,4.499787388158973,4.970598647145847,4.26857402258924,4.981924318607515,4.924035185419246
73_11,4.952485547129035,4.995839985969285,4.988923116790395,4.9979833158285984,4.999200351668188
73_12,4.147929563347097,4.268739053049856,4.094749569116669,4.777083817722545,4.181900201588147
73_13,4.222474999599618,4.437676713314071,4.02678973677338,4.962582154275125,4.622255624626166
73_14,3.3619351924127447,3.463481036219759,3.3520383181539524,3.0721255989036895,3.1053111113716714
73_15,3.115467966743338,3.0527109406999684,2.798550720945868,3.0594317926721786,2.9204157803338595
74_0,3.988628203316873,4.025192349291634,3.9941546999555873,4.1793028957485285,4.146697786768726
74_1,4.057244166751459,4.319947296266619,4.139587887437529,4.730619323537327,4.621904029579273
74_2,4.962518071455817,4.985829588799741,4.675917495620631,4.9984088553699175,4.994690026714605
74_3,4.437317694163907,4.181090613829082,4.018331308222727,4.777015160530088,4.851690893426255
74_4,4.93981002190092,4.880698098591714,4.730962766294096,4.996316456986549,4.995839970371614
74_5,4.817324697535144,4.997983323806823,4.9043941297104015,4.999530018672855,4.998740522330132
74_6,4.9992836817934165,4.998209328883898,4.996737339154385,4.999770180794131,4.9997866098780355
74_7,4.1821751834859135,4.02835136645862,3.99494829554264,4.678934297126468,4.0931341944926825
74_8,2.9332532368522193,3.241515249543842,2.8888177928520573,2.9099180166476892,2.897931150349621
74_9,4.622344886783038,4.377363194494994,4.075427817895901,4.880693837326792,4.182085718570792
74_10,4.970598626584273,4.998209330381043,4.988923310174876,4.999200348859698,4.9995746615838845
74_11,4.952447027046473,4.985846794448489,4.9705819820639405,4.999200348859698,4.999614053502748
74_12,4.904560002158288,4.962584225934935,4.730975687846144,4.994690006004486,4.999614033561721
74_13,4.77711709391365,4.777191193621365,4.09011944603842,4.985846745609806,4.970598610651239
74_14,3.4918283534445846,3.551563209370139,3.293983216464905,3.72906343363635,3.8173775000376216
74_15,3.8833613315377113,3.9698291480081953,3.9410190273258587,3.9916512437479907,3.910985299280668
75_0,1.2750654110069892,1.3830870724697086,1.2751412676330327,1.2262487105800512,1.269801800818503
75_1,2.930218424105942,2.732271610423706,2.497800308888957,2.927362384886685,2.7342638335616387
75_2,4.118669556487132,4.851822548141422,4.116709295979488,4.851635587237654,4.730928813755013
75_3,4.376874324796866,4.265935435294442,3.8827722021171334,4.676915970397707,4.31710854198584
75_4,4.317537335642496,4.033211118168661,3.9441386383045685,4.8514735554465025,4.56140862773693
75_5,4.622133012235007,4.678934411758268,4.009933597156551,4.6201904053261496,4.730766662750348
75_6,4.999825189539221,4.999843942400537,4.9858462088478825,4.999813866707084,4.99990000052379
75_7,3.9788820819178317,3.9910971447544377,3.160082805413243,3.967771696618208,3.9765286383089027
75_8,4.019139881421291,3.9254952657455773,3.930203488247309,4.077370219706192,3.9415584879209007
75_9,4.022591696039422,4.02243929815614,3.9631705436996323,4.222050072691816,3.998322993999384
75_10,4.994690023282026,4.993217352158214,4.437576760767984,4.994689908824443,4.996737404246004
75_11,4.999283683956365,4.9997515690926555,4.976932438434053,4.999614037963776,4.9998857024656065
75_12,4.8174555580075,4.991332775321946,4.9769331039835025,4.999706577964853,4.998408857141894
75_13,4.146109131182907,4.267928203560685,3.852240926465118,4.498812944727371,4.220813597699249
75_14,3.8148363810949975,3.9412746972549635,3.7757975177284333,3.4919400639350657,3.72987687647839
75_15,3.9724848571484697,3.924209104833108,3.480422197171342,3.851941006843828,3.4356164138610774
76_0,1.9271613849156295,1.9235418868446463,1.9767038494238611,2.023510649781384,2.0703698396651804
76_1,4.0169038877239975,4.009943848670444,4.006214922339545,4.051484599710467,4.068268679291681
76_2,3.9988188738786783,3.9541332593183647,3.818701332542058,3.818899759522424,3.8192835667429494
76_3,4.059701279939039,4.058870089436572,4.074115208655798,4.0747801120953335,4.008039456386017
76_4,4.021895202628177,4.094676815245368,4.004804478312725,4.072232752786315,4.011943123683736
76_5,3.8844003148493718,3.99982881782663,3.886881903942587,4.028283505412718,3.9704315605540694
76_6,4.851847396457974,4.562040765823406,4.2217794909888555,4.678883066398909,4.817365276354399
76_7,4.037265748076476,4.001388846764319,4.0029825871785585,4.017826937319774,4.03719142269739
76_8,1.0784360800077257,1.0776409278194345,1.3877925650264484,1.0098943082326608,1.0476738539500616
76_9,4.268373122520315,4.074313960983871,4.17503575371604,4.26184259038031,4.265106197092034
76_10,3.9847553903706125,4.052482257978658,4.0171262081577375,3.885017820923251,3.819107331912381
76_11,4.7309766067410575,4.730943227515816,4.499654599062602,4.904513396369479,4.98192432196905
76_12,4.037136480783928,4.059856574791751,4.059606260901215,4.377195495107889,4.05941133472936
76_13,4.022300813180996,4.059328308005433,4.0133271153932535,4.023354600138021,4.016611193104502
76_14,1.9934739038363187,1.9856018807434284,1.9212386711757574,1.9793188482540898,2.0002375379510187
76_15,3.071996540861055,3.498359557064781,3.0384493842597196,3.0398621629900244,3.0099960609349536
77_0,2.880361036999801,2.6569591984024528,2.7011975986482026,2.8457006490952277,2.8549871879413082
77_1,3.6220285990316117,3.560248139288643,3.4990606765136816,3.8521917139711928,3.320377115137959
77_2,4.061805433859009,3.9768751901676005,3.883975239355836,3.930721357285379,3.6793551823032233
77_3,2.0850503854590787,2.188655033678293,2.1260111570126434,2.0232056207837203,2.0942117415059807
77_4,3.907416104768578,3.9741375880103162,4.013865422843389,4.145253560906464,4.436929900615748
77_5,2.1088883543518784,2.0570590074138075,1.9871096013109093,2.1768582815894852,2.0666049780551727
77_6,4.036395435314188,4.003805359438094,4.147102520466644,4.561686633177146,4.053364032555932
77_7,3.953044917154475,3.7770570512727866,3.6788299325988976,3.621756393908385,3.6788947998545187
77_8,3.9791322322477343,3.935061688113881,3.9666112843433403,4.069147901022871,3.079573140507783
77_9,4.222364366777275,4.268304930268163,4.117843595612762,4.622236782883436,4.222236369886357
77_10,3.8169773181745557,3.906207408295341,4.004456489634354,3.9666565087572843,4.040690349514545
77_11,3.926536619186396,3.999881716044323,4.22232685779048,4.030591017113788,4.074643721276897
77_12,3.9999499587300775,4.004244312547906,3.9781391600440363,3.924778956058733,3.991145701186603
77_13,2.440786648084729,2.317286877660372,2.1198111834003153,2.6266431230284732,2.180086931979243
77_14,3.904959506724427,3.0433519078758926,3.3122135115130353,3.1784938368870823,2.9754623481381572
77_15,3.996586896295349,4.002651446666563,3.965234562128238,4.01831924825468,3.954002619532897
78_0,3.728770207287473,3.6685299973902588,3.490764535605383,3.8542598276068984,3.8529260415001585
78_1,3.926453858490715,4.001582213864477,3.496919270260653,3.623512353785687,3.7327817326142076
78_2,4.999105923598755,4.997109149285051,4.976932976812417,4.999679491540185,4.999891075921132
78_3,4.939825090173118,4.904563377852238,4.182084408952392,4.970598591963266,4.993217318950112
78_4,4.939825114345884,4.952485529107995,4.730935950076399,4.997727332913185,4.999283680659177
78_5,4.993999046271874,4.993217340629391,4.777200529881808,4.99874049102281,4.999422136668043
78_6,4.998998972368623,4.991332762265063,4.817363702654589,4.999895259011601,4.999851703271031
78_7,4.222629778934914,4.095239788496622,4.010226018054971,4.679074586545315,4.147818474276296
78_8,2.072085913695623,1.8859086227004556,1.9304746572211093,2.290458476723693,1.991445977463189
78_9,4.622350879988865,4.499787335111344,4.041004894807625,4.560950488816483,4.499847116391518
78_10,4.26857485897098,4.320558049329738,3.9884645613596397,4.880632814325938,4.98584676512602
78_11,4.99820931224839,4.998877800379621,4.679087020738088,4.999801093962221,4.999891075921132
78_12,4.81748983852308,4.562099627259935,4.07573142905711,4.991332749639873,4.970598623249428
78_13,4.962584185407508,4.985846781703803,4.320423664505606,4.997437436771472,4.999479454475306
78_14,4.025670707563814,4.001834700160229,3.9411298146326192,4.073347605319335,4.045677633946244
78_15,4.182252506873652,4.777200722821819,4.059126710941915,4.777142941263984,4.730928682013291
79_0,2.5658870196099914,2.349042868203358,2.2570976000584237,2.2664298079299687,2.568254528402593
79_1,4.436205982439838,3.930225033543161,3.4783516334314584,4.10526085910546,3.9362368315168035
79_2,4.043308445834421,4.008791430710324,3.816353103925219,4.026295356838573,4.019277042670673
79_3,4.022573338648135,4.020668041360028,3.367019015049885,3.9815626816201024,3.6220391680677593
79_4,3.937438241518273,3.9055791845333663,3.729103021674812,4.0406950314427785,4.0152043620477205
79_5,4.622058132648203,4.058539583851383,4.016234898991837,4.561564913540529,4.180727233048076
79_6,4.993999086227999,4.9988778013689625,4.985846548080395,4.9967373754105715,4.988923373892773
79_7,3.8542423691568173,4.084159089657448,3.855419469212307,4.428763811694774,4.034774176597118
79_8,3.3878982694705293,2.7341519434417907,3.0272755097605897,3.401790483771807,2.835766256415377
79_9,4.04545230809217,3.851417347043966,3.2772243228671156,3.999929018768508,3.819142904015379
79_10,4.042079810964244,4.261829978058286,3.999828397732967,4.069147811218222,4.498083200592287
79_11,4.962575984011775,4.962551831316884,4.923922132027464,4.997437421077646,4.9989989718403125
79_12,4.181766308447584,4.678817202974467,4.267097293807854,4.851751941621472,4.6220581657674185
79_13,3.930837933968004,3.6016490552925977,3.327993562057518,3.1955556471146975,3.093724522847514
79_14,4.086791157891263,3.851955878101178,3.1672427609366594,3.8212485932997287,3.99991192158288
79_15,4.074489107906109,3.9943544560356425,3.9632103524571036,4.042774687450446,4.003861019128526
80_0,1.5228798958066412,1.5268903676423855,1.684971501967355,1.7427288464975628,1.9706180743467359
80_1,3.194073663856907,3.2414169075939747,3.3598250791654727,3.413707821579051,3.311027958504382
80_2,4.056421517613813,4.268040673269317,4.3203779152391615,4.939787615800457,4.952474005465456
80_3,3.924265789567608,4.013327459881936,3.992543267419894,3.9539912656849405,4.003873440637272
80_4,4.222426601157112,4.4992564083181765,4.118449619324357,4.622133024133448,4.679005476300988
80_5,4.118450763270753,4.146697965348094,4.046344248583741,4.005025869401032,4.7307667289861985
80_6,4.499573959694644,4.730872291033656,4.320653801244285,4.678777534920856,4.777143064985831
80_7,2.8914081673159475,2.8191663596244876,3.0052143814011156,3.0556097254108847,3.02280007932402
80_8,1.0761761847605855,1.0181561809083832,1.0162325997222412,1.0182245476877403,1.0180976249419775
80_9,3.991457438914392,3.9896449585114326,3.8514744852963076,3.9898740844626386,3.9535293537542624
80_10,3.993555166034556,4.058870056733214,3.9915658240870897,3.9944631187340374,4.092846818017149
80_11,4.377285414370546,4.777143051542722,4.622236370269256,4.981924284805119,4.97056567210747
80_12,3.3724889500613995,4.001099979584023,3.9831331011741287,3.927565130485663,3.925210795618906
80_13,4.046207991858928,4.56188581542984,4.1476655794257535,4.376346339989574,4.679029742739953
80_14,1.7061588802611338,2.003714152979225,1.6940178508144017,1.9936496507308283,2.1409416286299248
80_15,2.448620771760744,2.2920940634449156,2.3765946514181815,2.3925898189220125,2.7815573599925583
81_0,2.8494060143575055,3.2942022841883096,2.9324013912762896,3.1670064719521056,3.0706645907699968
81_1,4.009236147425955,4.035351954221138,3.9904909311852856,4.5619119099707,4.376479671300466
81_2,3.965652057335606,4.013194333670232,3.986550107514004,4.019263795484728,3.937702456749269
81_3,3.965715022381847,4.005402750402322,3.428103731826159,4.037071709427348,4.374759306780148
81_4,3.981559096588161,4.2674928807222,3.9058348519428754,4.621057776326054,4.14557488008925
81_5,4.162475636130116,4.1116214166367415,3.884879533817005,4.258651126658707,4.55965241384962
81_6,4.999105932722808,4.9967374068736214,4.880660679705998,4.998209151943534,4.998998966333049
81_7,4.069926879644033,4.219982052699033,3.9845406407196515,4.678484082451092,4.376597586140264
81_8,4.817272585590951,4.17878445721809,4.070920431618617,4.360515903972766,3.5475710943429704
81_9,4.991332760431433,4.985846787937079,4.266847985298083,4.998877778325539,4.976933188244759
81_10,4.00776432242489,4.042766652052841,3.882602937334863,3.959166211817739,4.053363919191167
81_11,4.99920034940534,4.997437442825564,4.376451592739561,4.999574615529601,4.999614020016434
81_12,4.981924317680149,4.952485553209743,4.267653313562185,4.999283665045722,4.880701709773825
81_13,4.993217334135835,4.994690017355464,4.730696289829666,4.9998138948892485,4.999422136524711
81_14,4.0917347189089615,4.042748146390716,3.9670852640035097,4.141441503187933,4.061771177050162
81_15,3.9921507829800245,4.034804676768915,3.86687801026533,4.058539034370671,4.017708863041984
82_0,4.008464327688923,3.996592548755937,3.9237039127016837,4.074489075528283,3.9851358641545307
82_1,4.2225744764710225,4.561936573184496,3.9636054509689336,4.85180447876962,4.1820476117206695
82_2,4.817471985548735,4.679074789758017,4.0204550179944984,4.939820805234176,4.9240351732407985
82_3,4.904369728501543,4.8173462418188375,4.023353209326343,4.9396898455857094,4.2646046038651395
82_4,4.0756983454267095,4.437619591751112,3.963146806717941,4.622215198560349,4.37734723502862
82_5,4.991332750384831,4.99743742582606,4.970598400038548,4.999813893528224,4.999843952110003
82_6,4.97693324522212,4.904563387028982,4.436387483003293,4.999357226752531,4.988923380278419
82_7,4.622375210250733,4.499847337678391,3.999621350083379,4.970598594082299,4.730899025454831
82_8,4.07510104111552,4.013327471381559,3.9934629339411494,4.221218472966363,4.112547652056347
82_9,4.9045633804786215,4.924054090025064,4.094813255977205,4.994689989394862,4.994690027405675
82_10,4.999479446675234,4.999786606268629,4.993217173411932,4.9998952594395645,4.999843949652314
82_11,4.997437441171713,4.999770175664233,4.996316274383104,4.9998952594395645,4.999843949652314
82_12,4.561855274749492,4.730816987786946,3.955415330321385,4.99798329871399,4.435763939711588
82_13,4.985797352881661,4.851635760630862,4.034915053027702,4.970434418138574,4.368023003620883
82_14,2.94725107701014,2.957471940101751,2.603992245682783,2.989782878819049,2.8865531370959268
82_15,3.9402830722757947,3.996959935117601,3.8786179859110255,4.145574468821653,3.967161599389707
83_0,4.008296812792829,3.9999499816109583,3.939918580011005,4.017448072499498,3.9997237886293227
83_1,4.006327507994895,3.978774189300433,3.5571075574063284,3.730237469295333,3.678318622802272
83_2,4.679018338500622,4.221971063046138,4.058539044126742,4.8518224656434565,4.377194789214893
83_3,4.561975988221871,4.046888139117119,3.9985104483938256,4.678990684059275,4.377285143543589
83_4,4.777191153112856,4.059606414942151,4.010839496869737,4.622163933486731,4.4376195383973975
83_5,4.730943199511337,4.18190020372663,4.0511709744801925,4.904540454608079,4.851847298995723
83_6,4.970598600554849,4.817467200185525,4.182288906922288,4.993217336502775,4.962584147159955
83_7,4.437676658614488,4.320423964776936,4.0225909415454915,4.776825207399876,4.561820446480501
83_8,2.007849765245492,1.9497508133468056,2.17832130870881,2.0456563588711902,2.1480427437500347
83_9,4.622379895901076,4.679087194855395,4.047216141374678,4.851862155945936,4.93982510105108
83_10,4.985846767168754,4.817476245435104,4.62236823296489,4.98892333968474,4.995839960145898
83_11,4.9769332929622605,4.962584223366336,4.678989560393767,4.991332746072023,4.994690018006219
83_12,4.222612045698812,4.562057219632983,4.004458575113142,4.320463899452541,4.7772080280909925
83_13,3.9911061206986935,3.9843425476560843,3.316242541745548,3.9865670065069603,3.9241630086343555
83_14,4.059656688649184,4.017025086002171,3.998801962636894,4.499717845234628,4.11881975202008
83_15,3.480277971241243,3.8124202891733043,3.423210326823372,3.5537994047325476,3.3735926761769464
84_0,3.6780334680704416,3.730180730668133,3.039368468335589,3.499003932628,3.044629973345572
84_1,4.053364159675623,4.067272040973121,4.064873706199608,4.923981832714209,4.6789908418948745
84_2,4.014343212840925,4.221971110667225,3.963628276575168,4.221385934240767,4.0741154803385555
84_3,4.0115411507164715,4.005717023716302,3.776895002036233,4.016236592489696,3.9945449805878455
84_4,4.009943854686722,4.147300058733274,3.9046000260190556,4.009354549078838,3.9245290900615073
84_5,4.007896691424711,3.991767557947771,3.6208776003355005,3.946805579167775,3.6787381091226017
84_6,4.075428805596919,4.499688410950487,4.030564792834451,4.9045041619075205,4.995839974620451
84_7,3.998818885164134,3.9260638392225626,3.9258950536886927,3.957117390506909,3.990540010566906
84_8,2.583416333427183,2.2488539655625073,2.630979763193128,2.941581355201895,2.7431621912577477
84_9,4.0456778602843295,4.073021311735774,4.021838771347221,4.003864859193946,4.0033074159397195
84_10,4.377113847298926,4.499805310438054,4.2219704172696035,4.904504100080397,4.962584199597851
84_11,4.3204639798390145,4.499805310438054,4.094274187418886,4.8172057631043455,4.962584199597851
84_12,3.9821233228826527,4.1434826892219006,3.554602868259177,3.434276220493874,3.5616367490026866
84_13,4.6220979371342095,4.678484586308463,4.052834176977908,4.97057729305556,4.003359852459062
84_14,3.9825902478528583,3.989470733613284,3.9734040509726487,3.9944632680175647,3.988642954779059
84_15,4.147517008383346,4.04587703958163,3.9280223470431355,4.147517015775173,4.1188199269399535
85_0,1.8968667712510274,1.7847108096010154,1.6322969133244927,1.9259469518841055,1.8541421212618299
85_1,4.90456325530946,4.991332770577881,4.817466936159681,4.999422154028575,4.9989989759724
85_2,4.181955280830057,4.777143077395736,4.003468894373717,4.923981816825705,4.678934407455125
85_3,4.268697289748729,4.678974361461197,4.622255304293276,4.995300541573014,4.9913327634236655
85_4,4.939825108452199,4.678910330597414,4.43752528153709,4.924024348058324,4.904560023510026
85_5,4.981924296524847,4.904553652904197,4.4993361844564035,4.995300539755148,4.998998977326308
85_6,4.993217347910399,4.998740526141628,4.9889233029469775,4.9996794993674465,4.999730474178036
85_7,4.0051415822088785,4.37700901984706,4.0071483649056825,4.851847391027282,4.180260905287819
85_8,2.945740874163724,3.1078721562360787,2.5063293324943885,3.2474975594989726,2.982988445705083
85_9,4.075648998121003,4.075101041134478,3.9976806102863387,4.851865186153403,4.147873461132361
85_10,4.011998531138422,3.956659934556107,3.978003318406487,3.8808839905088774,3.9737871850882245
85_11,4.999105935849398,4.999105937230194,4.976933035811658,4.999357235004653,4.999878801001826
85_12,4.939825089223625,4.817455582034681,4.377443452816255,4.995839942362115,4.9769333123137045
85_13,3.9522156008980565,4.034056270123083,3.778932744207802,3.6902631686580283,3.9571205170879513
85_14,2.8480578837245036,2.521238136040496,2.9365011938991543,3.0194915361217842,2.991972800039013
85_15,3.9988289723078503,4.001099979353872,3.904562119425368,4.181837340699514,4.147911273237397
86_0,2.811281576130886,3.101007365427807,2.7977965894076084,2.939599578417105,2.6219306734463133
86_1,3.7320648498041877,3.8639724139218647,3.1386073793757423,3.377238849002549,3.019608941300144
86_2,4.017777436021512,4.036941259751797,4.014686417987135,4.679018351739294,4.028458237202759
86_3,3.0155186751453735,3.7257704660240156,3.072498928723784,3.122615456720694,2.9609827316550272
86_4,3.925236514897585,3.9047016823127176,3.558739712844199,3.777778441697447,3.1453036055175168
86_5,3.9666868492160416,3.9737607288325445,3.8814343789863934,3.3767726204745916,3.094324632290861
86_6,4.851836496721115,4.43725831602586,4.0050257782042795,4.179662742221835,4.678732605394744
86_7,4.437739323127046,4.377433122559703,4.022696152374389,4.996737399384378,4.26882473390903
86_8,1.821138033428484,1.9122916955185219,1.6310838091445492,1.1835466438308644,1.4386851525253006
86_9,4.499820954577493,4.49986791158436,4.000370775574632,4.851851810284409,4.3206887853784925
86_10,3.7312652746075425,3.964314090490476,3.1440797836059375,3.26701769223861,3.0455102264298812
86_11,2.9817050180207625,4.039807453266785,3.962393660562575,3.8206632614868465,3.0143612565997904
86_12,4.679095979012554,4.562070070178677,4.075755379083632,4.985846797236337,4.817489946481285
86_13,3.3694601941012277,3.4300967473343675,3.314128688468275,3.1760514754534985,3.036457197238023
86_14,2.9458396810838403,3.1449629648619397,2.8190888808639336,2.7869270490005507,2.9508494604912445
86_15,4.035096279348544,4.22212023165557,4.002687948349776,4.3765975370698245,3.8814323815252814
87_0,3.072534086773013,3.0417736181728214,3.01917306532188,3.1730199755412456,3.0112944905019177
87_1,3.9109158794264935,3.6177673375921766,3.4846679411996093,3.306820936135986,3.096448442865574
87_2,3.9609736528761403,4.033625369003473,3.4075298493459374,3.7187593360577402,3.058175751310182
87_3,4.376479840378601,4.6220130315270564,4.057242981393531,4.5593248407555,4.6210580136519805
87_4,2.2557717453593997,3.0634627417066924,2.792441600992669,2.8748244333223534,3.0227364525150358
87_5,4.089437020911919,4.071758772613269,3.9267414348186596,4.050356541786782,3.9765331392917647
87_6,4.176651393024163,4.3185450403434,3.987159494872193,4.434855342102265,4.0578850184055355
87_7,3.9959662756240846,3.9990655536399706,3.953295230261022,3.9642751560716496,3.953434028982622
87_8,2.919216941093341,3.1795741124255312,2.4073926238023473,3.0863934735277176,3.075158697322656
87_9,4.181766276749921,4.320327163411063,4.001615036607121,4.319238377692316,3.996474486764523
87_10,4.073636154206749,4.058340710719231,3.9851137092202307,4.0188585477694545,4.058115403098611
87_11,4.094274580265416,4.045677907211312,3.9835835958927297,4.116021712570715,4.090727862948988
87_12,4.147381544816484,4.008793959418073,3.9552548294320675,4.091735419178364,4.093611952907809
87_13,3.999916867378086,4.071758772613269,3.966050756288448,4.0490797428594565,3.993599325975324
87_14,3.1102507152566883,3.1160499639537664,2.9637840475496255,3.018100424106515,3.0029817058977866
87_15,3.368173627389974,3.1295326432914807,3.3365129347817395,3.212370210602406,3.0460610346021455
88_0,2.816885866505965,2.7987498819235497,2.6382718089804933,2.927472984479685,2.7985128543203213
88_1,3.157209388329081,2.9697969618294686,2.951179999810905,2.9517809708968996,3.0100753840655377
88_2,3.909405225174598,3.8553462898927924,2.8046914236310574,3.03086338680383,2.9919468162873053
88_3,3.958602441785049,3.6120889924208632,2.9273928554514637,2.7988897089855422,2.736283438549278
88_4,3.107432587791807,2.998722692542295,2.9083412224143794,2.9997333170989497,3.0821657052689635
88_5,4.496881128074304,4.6787775070322954,4.023115632997614,4.259843703944141,4.153739557177065
88_6,3.9663577416658593,4.061705655852803,4.007694147385199,4.0528681776700415,4.376023842587667
88_7,4.020745183317883,3.9801038527353456,3.368285412181037,3.965409127860405,3.6791561003373725
88_8,2.299726350850746,3.8515391510269428,2.638900108538864,1.666243023906736,1.5377156260372984
88_9,3.9805649376802337,3.955752837078679,3.10357784398918,3.5620337971657485,3.1463803931879406
88_10,3.599561672040474,3.5262645119950795,2.3793454883537577,2.8939061175660576,3.4315458082047807
88_11,4.939800226274555,4.991332770487759,3.4537536261184965,4.991332757680348,4.998408863132371
88_12,4.007883808960431,3.9871341891906487,3.852820629192038,3.4360274840080876,3.679063688585264
88_13,3.8178442918879787,3.2522613698531933,3.0773023158720942,3.4346888006093232,3.621998602728534
88_14,1.748188554790014,1.86575855588842,1.7143255454738746,1.7713555420931877,1.7908681666550772
88_15,2.852885913396982,3.209009582649685,2.3779457156260264,2.5123725286104195,2.5651646330936577
89_0,2.2211744667514894,2.083205895790461,2.257474979602652,2.1361329272631058,2.564039708178162
89_1,2.9095258183356787,3.756475165953431,3.1537848038170577,2.7547442617818696,2.877263454948535
89_2,3.6821309376465083,3.965943620751734,3.436434209165486,3.2670729827683043,3.7847669664545145
89_3,2.9342828693589538,3.478129334271494,3.52859123021528,2.8623439732152454,2.9555304637998554
89_4,3.946120691173056,3.811228339858605,3.9989340993281752,4.3877985818274485,4.484520800018086
89_5,2.8928449464478945,3.5459616325621335,3.38154577138071,2.9040769578518337,3.059843590244511
89_6,2.779798245344075,2.954721571185041,2.902213686603043,3.3096230787102807,2.8745278748460286
89_7,2.883901441317501,3.081051219425789,3.065064129690549,3.066211121395433,2.889186479438748
89_8,2.5855112151010204,2.170192834798512,1.8538424527390445,1.8777509019411023,1.5723940591585928
89_9,3.064730280736696,3.7638913399130915,3.853886784941423,3.7136765608997733,3.9226615939290155
89_10,3.9108066037824645,4.053312057649795,3.9457637962588974,3.999294917957453,4.23222807509456
89_11,4.237847484243282,4.558954358820919,4.052876115100686,4.556910441733015,4.556220286889182
89_12,3.1372646629487373,3.205531230568042,2.972588997963534,3.016859835686984,3.1096514928889047
89_13,3.1063599824722243,3.224005708082007,3.417342070006648,2.7495807795877245,3.210142028421042
89_14,3.1542558630348503,3.619643778736531,3.1603214828795227,3.099547421298283,3.433172768998196
89_15,2.836251421230276,3.0617714852265894,2.9209713267191066,2.998017828373975,3.1255758987146587
90_0,2.0481813992828983,1.9666446406130382,1.9708914479627508,2.1965722910358347,2.1820957438992217
90_1,3.6224676019969704,3.8524031120581363,3.219409444229727,3.8640140610509497,3.437299752649477
90_2,4.924054061220737,4.9398251421814745,4.679062121645339,4.9997701821448794,4.99964881553627
90_3,3.9921355591048218,3.9404735307826932,3.777361749174262,4.016236649607868,3.8176895384505576
90_4,4.000489424742206,3.999949994216403,3.9899950469049,4.000560528651892,4.000847340854051
90_5,3.3770013281334172,3.621677432244075,3.5617118222755777,3.4998759552545784,3.1814237906186773
90_6,4.37670164322184,4.730899193626639,4.179976524392621,4.9769332869410725,4.962528153206262
90_7,4.025194574372129,4.0026164969813856,3.852123598044701,4.146109196153259,4.01042032977285
90_8,2.7493498893826254,2.58403164535249,2.7109311031090435,2.9612318632495183,2.889173465488184
90_9,3.999949967098398,4.025194589500415,3.6789609970608637,4.621058002330063,4.008102990575224
90_10,3.9632663710722205,3.954583532302335,3.982992921619069,3.979087574744593,3.9801273715005463
90_11,4.851851858378804,4.995839983540183,4.4997668382050815,4.99977017893342,4.999770168567639
90_12,4.036245315903939,4.117997488275617,3.984763853762009,4.499525284752751,4.0743139409711695
90_13,3.9048129384607893,3.8173772802398394,3.6220616147317672,3.9054982498417155,3.2682775789726146
90_14,2.376694472328375,2.218457051712649,2.340243377622405,2.4310834393223653,2.6911642545154253
90_15,4.012981315880428,4.059234243425536,3.993636830029683,4.376701643888923,4.0463449479344336
91_0,1.9632066688411747,1.9271593471467838,1.7907633157834932,1.846494354626335,1.8560033568117857
91_1,4.320202846677884,4.31983857961698,4.093808341311429,4.77647040609079,4.817241203199096
91_2,4.027572965621442,4.057244198765973,4.041462536234577,4.081342777348511,4.036405446093018
91_3,3.216964116643003,4.482311581067288,4.083190793472159,2.312080942303568,3.8563106981654096
91_4,4.1463303994800285,4.181594401304746,4.025194091505155,4.559941402267235,4.1156065077748885
91_5,3.9137439354907126,3.9545650081195536,3.905031652667807,4.090093390677419,3.820986058209636
91_6,3.882355688787637,3.982848751433822,3.6713706286691217,3.894275252796644,3.7820331333739543
91_7,3.7306394430944905,3.8806318082537383,3.2092951405274066,3.7309840087267223,3.3199031467594815
91_8,4.904563395130192,4.49989045613523,4.562049318320888,4.970598632121877,4.981924333146342
91_9,3.964971588062348,3.851838786555298,3.182277868258661,4.174066896076149,3.562018271769932
91_10,3.9251284423999784,4.094394717511639,4.0164348152436276,4.375078877715426,4.221779580960804
91_11,4.436693001988534,4.147573063785633,4.147621321071005,4.976933271885862,4.4373701919279
91_12,4.146330369997614,4.045196925964676,3.9745818072454626,4.218260288408228,4.019303242368425
91_13,3.775208502721693,3.885438165423665,3.349112322166375,3.9835456994260934,3.37094960826321
91_14,3.972310912453955,3.940877109668372,3.724370347768313,3.9305513203072073,3.678749159664676
91_15,3.0521033778391877,3.3550839158041628,3.2299214634615905,3.2478599244691413,3.621630134976827
92_0,3.727324176681988,3.7204112779265284,3.5991478997808684,3.616776087006661,3.4988508471628297
92_1,4.970598627494747,4.991332769465235,4.730735584426746,4.997983318488111,4.997437451547158
92_2,4.988923373611619,4.939794333928923,4.904452633923706,4.985846765325981,4.9889233813833815
92_3,3.086004826696389,3.9169029809863516,3.0745554472878975,3.3161287613190367,2.8592328669300855
92_4,4.924052893814024,4.962584223336091,4.181684205392546,4.924043585839193,4.939800221314122
92_5,4.962584194287347,4.985846780030768,4.730700297887033,4.993217320175084,4.996737403429755
92_6,4.924035185820822,4.90452153123976,4.561313327553746,4.988923356807858,4.970593469631288
92_7,4.118949904434541,4.377157236889145,3.996521953508237,4.181490673616372,4.3767016254707265
92_8,1.9981074429748942,1.9044238598108023,1.646297554820512,1.9447153470262204,1.9068630275968768
92_9,3.9236403112707765,3.8758943970514217,3.8800523918216956,3.9854232701904264,3.852273305850447
92_10,4.904534972412002,4.981924330906895,4.678196332284468,4.9932173189143825,4.998740509198283
92_11,4.999105929929062,4.998585018238791,4.998584948317109,4.999801098067919,4.99990000284813
92_12,4.976933286978974,4.6220979281674515,4.266283355797312,4.985846701236153,4.880524962276011
92_13,3.2993598439636194,2.320390588884282,2.126874268474759,2.838585899839296,2.3084307880403845
92_14,4.678197725585195,4.051418365700335,4.09255386968212,4.77625364775699,4.558058830617826
92_15,3.6100502694711065,3.8116633288199995,3.8330457254010613,3.817075439761174,3.9845729423465874
93_0,2.1594611922040183,2.3191543063590294,2.306835844407185,2.084788349731062,2.222182500234031
93_1,3.4924445929839196,3.3936132762348077,3.028687800418299,3.4794438107491112,3.2058845026718665
93_2,4.221881284107969,4.147573088403117,4.319946859893257,4.1809202412075415,4.118132825969333
93_3,3.7970478607869556,3.9357548772059436,3.1706649736225665,2.9984889124578866,3.654371094279745
93_4,3.9961524080961786,3.9920863878853967,3.9845534780878267,3.9449931833267486,4.01623665501126
93_5,4.011679207385935,4.016959923519301,4.011144484189868,4.251811948711359,3.9664290448590336
93_6,4.981924298825742,4.997437451189985,4.981924082903908,4.997983320491412,4.9987405262446805
93_7,4.146984455868555,4.181685727440428,4.054141990548803,4.435196640810505,4.2673075745862095
93_8,4.9524855305104465,4.981924329588721,4.904481770831457,4.99798331940496,4.991332772167134
93_9,4.939825138671487,4.817480006848488,4.222325621146343,4.994690022841602,4.9913327746226885
93_10,4.904528635453638,4.939820790826069,4.976933185382507,4.995839975861994,4.985846792709684
93_11,4.88058891928009,4.904553663535556,4.981924060425592,4.9889233702779485,4.939820818627463
93_12,4.988923378844957,4.996316503026329,4.817470649103518,4.999479441822903,4.999751570771651
93_13,4.036108209734478,4.020127330106378,4.0020864097175854,4.317915883136517,4.1187260461894315
93_14,3.982062437313026,3.9844023330791334,3.9920927580010823,4.041475516533429,4.05148464350572
93_15,3.6754352613244534,3.61580638310965,3.301834579692492,3.917739735860327,3.885536085077547
94_0,1.0014402339562,1.0002985201168937,1.0081538231474823,1.0002151433883801,1.000142186515742
94_1,4.018319253950617,3.9929471768008122,3.7773306970013443,4.260910585097925,3.985556691938839
94_2,3.9949567945283446,3.8871401256955185,3.6263592108130207,3.9871921083144644,4.010059556691124
94_3,3.4361378272892575,3.2500579351730807,2.9810792403039246,3.128165754081366,2.991961456223796
94_4,2.0153269861789482,1.5387898285681987,1.9339888275187143,1.9324714407804717,2.0132477907711346
94_5,4.001081043418763,3.9422835841455535,3.435562975255954,3.926515959631439,3.7778901424167133
94_6,4.005717016599355,4.004244319495662,3.98234352934348,3.9854847836534515,3.853121278687385
94_7,3.983105829016653,3.9826516788012647,3.990428976738042,3.999949968533904,3.925338651794715
94_8,3.3113011399070627,3.4687164317243537,3.0733818740966536,2.954761843904134,3.0603357024271953
94_9,4.0210010928910505,3.9930330014684614,3.972522192552871,4.0263000006675735,3.9999499568305668
94_10,4.621058017858239,4.49808324253903,4.1106850930408125,4.93964589938339,4.619565201941754
94_11,4.816783006178663,4.729093443824139,4.178432978500528,4.88009988535227,4.962443594229951
94_12,3.9969121345797154,3.989393766325401,3.989766785779799,4.02122701468153,4.001099975790658
94_13,3.055596286918137,2.971215486416516,2.9870449811575805,3.0308386315422053,2.8892426978542773
94_14,3.85497960760263,3.8213221964933184,3.0504545731876043,3.438152436775991,3.0730951521917467
94_15,3.9996939640713713,3.904089036058087,3.9396648233787053,3.979732234198226,3.9886386479591853
95_0,1.5125944630648132,1.3893359202165438,1.5795502420579695,1.740244369073874,1.564011191944325
95_1,3.306549987601333,3.4233097982575336,3.1452944220932153,3.0880355556409467,3.851959655090849
95_2,4.7771170616908964,4.92404364073662,4.985846740744761,4.998408855211603,4.999200347540686
95_3,2.9329146308350156,3.186829853953328,3.5564941754594623,3.7301709044928555,3.6214041537880557
95_4,4.181594435185707,4.1813737946717335,4.816942969037223,4.991332753228222,4.976933286778895
95_5,4.730837738806115,4.924039689624176,4.952465108566521,4.997109131863313,4.9932173438254965
95_6,4.97693326588524,4.996737414146249,4.981915333219686,4.999751568798929,4.999574659388709
95_7,4.320697726460063,4.377410405596432,4.016610467926703,4.499821147874132,4.095095879664844
95_8,3.9741183409927396,3.9941978226409516,3.3899440339063114,3.4020548031634075,4.303977119435276
95_9,4.037210174313181,4.075740989919299,4.007146901398093,4.437687042943402,4.268848862478945
95_10,4.144889635545908,4.952469875408526,4.560795526246473,4.93970806403109,4.970598636541942
95_11,4.7771170616908964,4.904545493748484,4.988923302470721,4.999357232492404,4.998998970112153
95_12,3.816921440329888,3.9242219982688193,3.9637009336525795,3.9671884894599323,4.0042442381662875
95_13,4.011943162735052,4.030591066035663,3.818767906920098,4.558534335522982,4.004942972129774
95_14,2.835108203693739,2.999000730038108,2.80274428712643,2.8185583223510524,2.9184145644101793
95_15,3.402430933698609,3.7683161796875306,3.5513216931833433,3.729353266802247,3.1254967055904594
96_0,3.3407739332957966,3.6666935368091353,3.1643998219080838,3.407461800624,3.0421451333681095
96_1,3.8551386681339044,3.933524554714663,3.434979999400956,3.7306187422876986,3.311382795394804
96_2,3.5637810251043955,3.8831380716882693,3.1430929290005607,3.7379118783244882,3.0294642115820447
96_3,3.9932912056580827,4.004799951155488,3.81968479643327,4.159845369919113,3.8648400240172247
96_4,4.0025726985169605,4.003294471961472,3.976244008611582,4.056873588914135,3.9416976394430385
96_5,3.9932912056580827,4.004799951155488,3.853025619567935,4.125246213056871,3.8648400240172247
96_6,4.622097891143895,4.924050200999517,4.499614160659769,4.880663033658534,4.221028694941978
96_7,3.9790620144826847,3.963605761031381,3.9328229700267014,3.9974713165036264,3.370248006601955
96_8,2.219455316417877,2.8469217725353295,1.971492727121047,2.8396696254131237,3.033506519195917
96_9,3.8551386681339044,3.8842928875307186,3.2593873915588683,3.8570326963579853,3.311382795394804
96_10,3.858357820148709,3.9083061676863777,3.6210167773246327,4.119089457878609,3.311382795394804
96_11,4.433535580623001,4.619897423348616,4.319573428471292,4.559652344792195,4.729093444873675
96_12,3.852468907714119,3.9550048080646083,3.7293372337590083,3.5542337934736667,3.3745558969871263
96_13,3.908681938454405,3.926803872066427,3.5582644584433396,3.7880264638429524,3.4333957824936197
96_14,4.036405502252582,4.075037265699358,3.852714945931251,3.9998832031587503,3.9633107975420794
96_15,2.7379829349483615,2.6018203368398365,2.506216098329779,2.5135338790182606,2.50127877619325
97_0,1.3891002968194364,1.1206114582144633,1.3298928596344546,1.0232338005560935,1.3782360608285766
97_1,3.168764723247374,3.940877098981914,3.435817999448166,3.932542852768634,3.622649513055317
97_2,3.7098529187645646,4.148465463857704,3.829433945388014,4.421180566309523,3.787675672378964
97_3,3.3121405869996727,3.3488789514376447,3.8181788681100497,3.854762373796115,3.116071808173959
97_4,1.8467498111611917,1.9093501870340353,1.877968412521925,1.7373343632884155,1.9679376688474386
97_5,3.852711249782372,3.9641021013121454,3.984815278601497,3.9627534344494686,4.015204537633483
97_6,4.851691041232501,4.8173652933773425,4.6214761489142075,4.995839981422792,4.981815587556009
97_7,4.027080689571248,3.9733137734177895,4.013673590862426,4.092152768342462,3.6792006741123386
97_8,2.027687115315658,1.536626439182956,1.3264689482054324,1.0974777416188326,1.5664645980078848
97_9,4.678974286697098,4.561408836532124,4.4375999848231045,4.991332769839504,4.952447035250526
97_10,3.9871395702872534,3.9995040973453806,3.0998956656447847,3.6175058024229805,3.0000574001220235
97_11,4.054832530210044,4.181373557511729,4.561314433251284,4.677937504889421,4.433535644195732
97_12,4.118858735081017,4.0593283007846015,4.320678069747403,4.9240436048878005,4.268643694037608
97_13,3.2188548946299136,3.5598160951321374,3.1910724800134487,3.625996799457837,3.215614489750539
97_14,2.8080286915726873,2.6720149552890877,2.9263704582113212,2.7016479812269645,2.8224400355514194
97_15,2.832821950791949,2.8194870420302456,2.794098518877615,2.6291214071799667,2.914222698610806
98_0,3.994061289182423,4.000821459013485,3.851784539549044,3.882577383178215,3.974638443133746
98_1,4.320705512063222,4.268784975343056,4.07532062298029,4.9858467471315056,4.777196204355335
98_2,4.008231351656077,4.036724104298792,4.0588691979436335,4.437664807837725,4.437636588910264
98_3,3.8182420894505285,3.9419227062555082,3.981040745490641,3.9786728528279953,3.9631737232905215
98_4,4.118973547072694,4.036567419348107,4.116997413032258,4.147102887694946,4.3205822926220305
98_5,4.094920966974712,4.37730864469491,4.267800277362481,4.777083820499547,4.377229110492789
98_6,4.9997515607642455,4.999896994762279,4.997727215730138,4.999751556083261,4.999200332425223
98_7,4.0368966438961325,4.05923419430685,4.018581175274504,4.182148898423614,4.017309702499412
98_8,3.0638428489162175,2.918595868134487,2.4149040945363502,2.2243001039463817,2.786849685126652
98_9,4.006879699992148,3.976329569560317,3.728619291932865,3.491276378370187,3.318407305265502
98_10,3.9791379266990456,3.989767176257288,3.9631019486773202,3.9957297585240177,3.993883529988774
98_11,4.999648815715557,4.999900003146118,4.970598405419495,4.999679488492252,4.997437430226808
98_12,4.03711789352055,4.2688604958141,4.007387019686434,4.730976625342043,4.1823221305800455
98_13,4.730969903103545,4.880710578499173,4.118666171122831,4.991332752322312,4.952485496258123
98_14,2.0984115413122617,1.8862766600286545,2.003819749679105,2.341912562613067,2.180548963609606
98_15,4.00743097071832,4.499923906149526,4.03716669374015,4.377456285023841,4.182252502129532
99_0,3.524158708641778,3.2210219551339074,2.9333613724321914,3.2293857026639308,3.0935310390158715
99_1,2.053536513310549,2.0274429442299877,1.825071761213718,1.6452300888181495,2.0184405209710587
99_2,4.074313948960366,4.006892447342295,4.007850154431784,4.144889573825595,4.21702032603446
99_3,4.045876978848474,3.9941642849561614,4.003048512939353,4.033687051188092,4.0217578906040075
99_4,4.057571359659494,4.00931900818828,3.954011588410733,4.038808694673531,4.0617942667184055
99_5,4.221385936965113,4.042144238038317,3.8801616283733837,3.909287676349144,3.9620069250870604
99_6,4.851836504157607,4.851751920297321,4.146983747640268,4.730619318730207,4.981924299722855
99_7,4.035351937307219,4.002566700462185,3.8792418602064385,4.0548210447819,4.028699705309135
99_8,2.8920981774654635,3.2688580653164454,2.636816200101826,3.7219623198738887,3.6173440909754784
99_9,3.8437966018645935,3.923325059253728,3.7880754980326095,3.7754738312932616,3.4895730716089344
99_10,3.9900536316160324,3.997053966917607,3.877221197750835,3.9447166952504036,3.9504690993260176
99_11,4.678990866032357,4.904540551674444,4.075648464681156,4.970582116053981,4.970598634375695
99_12,4.035349866868749,4.035776964961527,3.972193458746632,4.056454056042096,4.017708897316792
99_13,3.852565512130495,3.8544718350883844,3.1757775452137196,3.6814623914390276,3.261308795335605
99_14,3.7711084674116164,3.265223063440514,2.9977974716198927,3.776874204724,3.6198339729587095
99_15,3.989887300969413,3.940356771545166,3.14131196866504,3.9542884676427006,3.370279159082018
