group,COT1,COT2,COT3,COT4,COT5
0_0,1.679248309149152,1.880860666593371,1.5000751337996174,1.880991881317947,1.9980651881646885
0_1,2.994798688428282,2.9627486015374673,2.9526597091175333,3.0014583930147487,2.9913251093490225
0_2,2.3775936690113597,2.148079833677562,2.437874614139481,2.9249478249981724,2.5622546673274678
0_3,2.095387902146466,2.562207519523957,2.2689733629624,2.9772067517754306,2.962973513277259
0_4,2.9400934424716714,2.9670729493763632,2.9401442496037204,3.00079156458137,2.9531350621426786
0_5,2.8520204203424218,2.5622106941901537,2.437850383978527,2.9060038487058475,2.9050056443734156
0_6,2.98250184508237,3.0007914968227443,2.9743389233410698,2.987263266099865,3.002426813350311
0_7,3.001120966954831,3.0103604701428854,3.022746528226976,3.1809521107807015,3.3206002136787345
0_8,4.679097046784032,4.622380620318388,4.008515823270061,4.01366047551157,4.000643329702117
0_9,2.5622268451160735,2.7311333872373686,2.8808830743281266,2.9783853854243043,2.1193512969576105
0_10,2.989722853595259,2.994111321838092,2.9966395907265317,2.99743118812638,2.952912795195943
0_11,3.1478187243627036,3.0952252842036474,3.1479612751685115,3.0438113065363153,3.0299068192909355
0_12,3.9999016892714176,3.9999917498298716,4.000014755472743,3.9999305486831918,3.9999198759981396
0_13,2.3208520668701187,2.7311337984995228,2.119236339773166,2.940921166686996,2.8533850533818685
0_14,2.0009733667687124,2.0085612748854804,1.9997652883134283,1.9990395923362478,2.0003387127145786
0_15,2.9976314447925776,2.9400724280928654,2.9841900041440983,3.0078665538275664,3.0026827200708177
1_0,2.0009950186122674,1.9972573926656552,1.9866966634454255,1.993699348098928,1.9919099317129505
1_1,3.993267345535009,3.437799717371796,3.7310180602787986,3.9969301537534863,3.995212099173223
1_2,3.851917210151819,3.7310266183507594,3.924103712979155,3.7772543097234452,3.0597512955987596
1_3,3.0051916162998418,2.9772841395403664,2.999518013974185,3.0081855395016235,3.0368386998091315
1_4,2.9827235858071695,2.924437632495702,3.0061048632052065,3.0288782327015737,3.0137233080607335
1_5,2.999744022345966,2.9937378341557546,3.0062621840254646,3.0167870728890653,3.01158839892016
1_6,3.998458863452724,3.939875112770101,3.981974124203148,3.9766190438476303,3.8796992336342235
1_7,3.0112944819585588,2.9532000187315646,2.987261419802734,2.9014438360603823,2.926985900691811
1_8,4.850447670479985,4.988923382094843,4.9946900045624165,4.07509508828976,4.094959447025441
1_9,3.0228680677937625,2.9964827086348795,3.817539752256266,3.5592808963850877,3.094115463948357
1_10,2.924266017487658,2.8176601212637418,2.9627698307229955,2.9848039085502855,2.99800319551368
1_11,3.99804222855356,3.988982191290656,3.9984672191080626,3.9991718686844875,3.9819742636329316
1_12,3.1479934848761557,3.0599769381428197,3.182383126846793,3.4374651060622265,3.437247671559137
1_13,2.995789695194647,2.8809764415956365,2.9981071461978552,2.9966438831404365,2.9939245345218843
1_14,2.222745543775547,2.3209223020563248,2.7774751672168163,2.852633137414902,2.622738001746307
1_15,3.037241448966423,3.004732184660155,3.0292533892467475,3.2211888915360185,3.0952249834275163
2_0,2.042126462531279,2.0140782259748202,2.047457006014971,2.095503866529422,2.060166907497335
2_1,2.3208635849584245,2.43785911583926,2.9822752518807736,2.9528358775883814,2.9881216714954997
2_2,2.6224904813878838,2.0953865861251564,2.7773474914599534,2.6225112147332057,2.817642029602025
2_3,3.022715864196665,3.09530783366945,2.993795112905286,3.1805395233615537,3.0044095339360783
2_4,2.96322586852955,2.7774078257574355,2.5622837002528818,2.9243459114892834,2.85221656263466
2_5,2.9528050679200657,2.562226928882743,2.9921323402792948,3.002619622805505,2.9709841038527673
2_6,3.020505491020221,3.0024191852078763,2.9049457414343665,3.0454974070387473,2.8524354653714323
2_7,2.992185623915455,3.016661249539113,3.499971098511746,3.3755547614375865,3.3773580738196163
2_8,4.0001704468845745,4.001109386990995,4.000297907934027,4.000040776216186,3.999935819446662
2_9,2.881223908316437,3.0006909505843926,3.32068897630775,3.6032515701706376,2.995145304309894
2_10,3.0947268452859316,3.0078143751149153,3.6224110651481998,3.0945447713237115,3.0155138224597318
2_11,3.0947268452859316,3.0069075991502814,3.5621300303730106,3.147218435717256,3.0733956316422484
2_12,3.6224305873177025,3.9046132575924974,3.9769818275917554,3.9867432010950394,3.6190416429273844
2_13,2.679244383179659,2.182460901123807,2.777421691757587,2.9246358842030924,2.500900348528277
2_14,2.977649088829837,2.9930492044844668,2.9969592313452997,3.43709096743659,3.0219440553572197
2_15,2.9627826068140757,2.437853580167799,2.9242516181934968,2.9798775651108094,2.81773510093041
3_0,2.1192393526919275,2.015904821769058,2.6224972646628397,2.1081235282782496,2.0430827187965783
3_1,2.995943278153107,2.9528050789159166,2.9770978955870167,2.9776544078310407,2.962782763219067
3_2,2.9799291319154495,2.9877990634781835,2.990431522528096,2.970949378240518,2.990844437955395
3_3,2.7313145830659513,2.320870549740058,2.119237902002894,2.92630449550977,2.798747132140902
3_4,2.9938951330192034,3.0151021830010913,3.0160596548484118,3.0286554947848217,2.9833387686091895
3_5,2.9974386706577745,3.0026825062338895,2.9526203739625267,3.0310607307185697,3.182290063714347
3_6,2.6792828292114166,2.982566741565392,2.9628770066926164,2.9783540273184026,2.81784394061581
3_7,2.0085900276441824,2.095386856763676,2.9401748076487153,2.9926928303698532,2.18339410771799
3_8,4.182359456878807,4.991332772928416,4.985846769271922,4.017889614793667,4.377468300612375
3_9,2.817683416906741,2.119239378632369,2.8176347247533347,2.955973657048453,2.0140203915632826
3_10,3.0016662139302595,2.8810266945208896,3.147868621062802,3.2674325911506603,3.1187734209599274
3_11,2.990006141779197,2.952805068354062,3.021808007554058,3.0320445173523316,3.181814033467514
3_12,3.9999413629752048,3.9999430826907805,3.999949925937274,3.999887267795682,3.999893847591266
3_13,2.9972549256292766,2.5000537198179056,3.000413963457013,3.0049588078376175,3.007252348764981
3_14,2.0085887444223625,2.14807872089541,2.1191441706699625,2.9538390167350874,2.852142646214636
3_15,2.6792314118677587,2.0373658496325633,2.8175964946854686,2.967668605888245,2.2690368015825606
4_0,2.01801461531149,2.0421210789940454,2.008250519935154,2.120300768888539,2.0013168832764694
4_1,3.0085190214229955,3.005135212407156,3.029280470336897,3.2222544345750865,3.012251875833873
4_2,3.0029672158964758,2.997631444632036,3.047366749255193,3.147850031266926,3.0092196588361446
4_3,2.9884088350683715,3.0471642900736535,3.002682503479062,3.0009893021364022,3.03214885155198
4_4,2.9047365920488035,2.9741664854299,2.9877270142430206,2.905029031705784,2.867898456546718
4_5,2.962904139583107,3.0021404084502565,3.0065433505870325,2.991007209378952,2.904923966544673
4_6,3.0953166444215943,3.0330399715282255,3.029296899493439,3.147361987461373,3.3207032105555556
4_7,3.11912666845648,3.0289765670472066,3.000874831178591,3.363254832065043,3.021048119673983
4_8,4.998408816093143,4.999900003241474,4.999648684890528,4.987843437700436,4.9989895053039
4_9,2.0110269124878375,2.182464293649351,2.095389361444523,2.721319117222639,2.819460481524123
4_10,2.997207356789491,2.9996683342487103,2.9997100977516573,2.953759670742046,2.997861536799136
4_11,3.4999598810798975,3.9241036042203508,3.6791279460098205,3.981751384628782,3.924030301241627
4_12,4.000235635472236,4.0000124515474536,4.000097766538451,3.9996623600952477,3.9999388460686043
4_13,2.9982313369839226,3.0063127551666575,3.006262167585513,3.010261934567912,3.0370566276123965
4_14,3.0025462994504553,3.0049240769605663,3.0009899506112934,3.0153339232103296,2.995584143181942
4_15,2.9922267366606405,2.9862719516925824,2.970784434868487,2.9895038508838163,2.9968922351762193
5_0,2.924217755725779,2.852049791562267,2.9709186621934394,3.0359944859554493,2.994123566361143
5_1,2.320851845411412,2.6792379056582334,2.8520062381403593,2.971274287035205,2.679360651077298
5_2,2.998080191018171,2.995593940106742,3.0025049210008197,2.977319621554399,2.999520556851845
5_3,2.5000634330423344,2.9842337131521894,2.9628325063377097,2.9994697493003666,2.986428595168302
5_4,2.268973581340935,2.500044368089343,2.6225320970590187,2.993143029365618,2.9527212220095356
5_5,2.0953866139688504,2.320854116508387,2.622480674673084,3.0,2.880830682154328
5_6,2.1824684932647767,2.015945914118076,2.001880622523878,2.9892760616826237,2.119232757542459
5_7,2.989817459256437,3.0005901200423244,2.777411141073232,2.9992111687776677,2.9628532340872877
5_8,3.2687888631396222,3.0754788576103533,3.035146310618051,3.730854194540044,3.622297922873545
5_9,2.047462542477796,2.9670940752390673,2.977063150461784,2.9977572607507392,2.982352670373108
5_10,2.9958210596256967,2.9708280546794055,2.986011493727965,2.9997101033219176,2.9943502355632874
5_11,2.8808830742054803,2.7311426305422866,2.953200042005078,2.6226955809736463,2.6792315086356053
5_12,3.952535227367783,3.9769831619915834,3.994738495394543,3.9985837814539478,3.775854393974008
5_13,2.0006512725262464,2.0953940872600896,2.0085824048165835,2.184435516099281,2.8521596534232034
5_14,2.006684487399688,2.017977835983035,2.017833034455775,2.056924101959208,2.106970236238412
5_15,2.1480827790807133,2.01091649224118,2.222727806035385,2.0407260904657427,2.017944917786497
6_0,2.001162110191105,2.0039616276341077,2.0474439855995263,2.3500216857243545,2.1826685874018605
6_1,2.060129703317715,2.2227337455160616,2.047453698716299,2.9470746748538943,2.320873145963609
6_2,3.0062048886930524,3.0021372323378652,3.0758168244715796,3.0004208680503317,2.992975653251725
6_3,2.9399419877894952,2.9526837981396707,2.7773247937795955,2.992144187072519,2.9934653630054546
6_4,2.9926840851204393,3.0002013769317872,2.9961333654354814,2.99416389405365,2.995726089305326
6_5,2.880850199329425,2.99160219742665,3.001984727725672,2.9880641783457333,2.9775771053921773
6_6,3.0223509097050623,3.0049895242246443,3.119176542909828,2.9975732991773287,3.0225464596656555
6_7,2.9966395911017654,3.017934416205446,3.060045379657797,3.011704641476567,2.9956211039200378
6_8,3.2688742263238257,3.0952820213879355,3.777263808278004,3.9519610203792728,3.9237734154995794
6_9,2.993227002311782,2.979826424695432,3.001217039877786,3.009279600673991,3.0049895299892273
6_10,2.011027170318705,2.3208752774781645,2.018025723107049,2.068497178414493,2.0180252915793235
6_11,3.037274773969279,3.0228185592990022,3.029236863357635,3.222378051278805,2.9955902748706214
6_12,3.999824898972915,3.9997406067047985,3.9913822111713513,3.9818391046426407,3.499903077941869
6_13,2.0601466253610132,2.3775776904373367,2.1192344408078645,2.9244508363519888,2.1825198050634724
6_14,1.9971438203475405,1.9964124177755391,2.0004399719581536,2.0163355094523414,2.006550793008266
6_15,2.1824831516648255,2.0758875679890494,2.060085267130108,2.4522311447783562,2.8524723192210715
7_0,2.0293513732851434,2.0179912569506926,2.4378503733184242,2.836028403782283,2.0334030264603404
7_1,3.0172764079014334,3.0030378548058283,3.007773275628185,3.0010986536541435,3.0414541191920024
7_2,2.9938850357329456,2.987261414906294,3.62242877698944,2.9989998241118077,2.9876381370196663
7_3,2.9631038196049655,2.99901004720246,2.995690990900612,3.022678111302926,2.9726146362529744
7_4,3.0051916126939875,3.0016668453475055,3.0026847687790665,3.2215187957548554,2.9960158678770585
7_5,3.028508243956668,3.0371468571924,3.0056150082373176,3.1189493070176852,2.9920489679346387
7_6,2.992218267925157,2.993923997271641,3.0,3.006376842104801,2.991156629147217
7_7,2.85213138138175,2.6793106114558958,2.438049763127254,2.999393219169213,2.8812393458859358
7_8,4.000649644999221,4.00663265123081,4.000275334282871,4.000027005816419,3.9999448887590825
7_9,2.8809068806653855,2.9908444373201615,2.990182672702009,3.0072225827574166,2.994595637176263
7_10,2.9981590643003324,3.0060760060149314,3.2688880603399917,3.0104988066358365,3.146736836695121
7_11,2.9964798281998095,3.0034384266087373,3.5621292176355825,3.0755129101845324,3.0021313064996447
7_12,3.999843186033353,3.996788857364372,3.999973158480304,3.998748891933666,3.9862341148812117
7_13,2.995949441681681,3.0012997218750384,3.00077188664204,3.0394551647114465,3.019619728932737
7_14,2.0025905985891783,2.0001339625464305,1.9996250077706084,2.3816424417844417,2.0096280862580795
7_15,2.320852103869849,2.562246423258298,2.6225237987211307,2.8937253491435495,2.320855253255228
8_0,1.5622551982027024,1.880864269204066,1.9242209913100359,1.9910164882117154,1.9528151277796804
8_1,3.0057765685185087,3.0032659970623317,3.0135755633523065,3.022162090079915,3.119123296580352
8_2,3.009485727574086,3.1823495287690755,3.0472854203699944,2.9957798178546398,3.0226417377201065
8_3,2.0601225249024098,2.0953867179732177,2.0421107019725824,2.1075745758118147,2.437853438178531
8_4,2.3209335792000823,2.2690008108573063,2.880955712389356,2.9122641366122197,2.2227484052129958
8_5,3.002092389557453,3.001269199677395,3.013967263695039,3.7769511381911944,3.268643359883811
8_6,3.003718898681981,2.9948083808772124,2.997738408092318,2.9939335809405336,3.0034437424369367
8_7,2.0040963083196104,2.0421127815010776,2.022888300727042,2.034962664059738,2.0038532539522937
8_8,4.962462358584355,4.998408864915786,4.997435809738621,4.728994684177447,4.672289476672789
8_9,2.43786580667904,2.7773597484253045,2.8808501613698536,2.8176500677351513,2.409798125645484
8_10,3.222646791960355,3.119176591192265,3.0178063842542846,3.1479776483774162,3.005106904044336
8_11,3.003520172235029,3.02281855953189,3.0757909894510354,3.029081281118699,3.059927578900147
8_12,3.1479937975197227,3.095330952151501,3.6224128111260563,3.84979737674933,3.377311763639518
8_13,2.8809556851414633,2.622531266907654,2.7311652241628654,2.5009003477188387,3.002745166717043
8_14,2.1825197901611966,2.119239357729889,2.0600787558029063,2.148556436071765,2.269194776580743
8_15,2.0293513999716306,2.0058861529500653,2.0474441546176303,2.500556148332373,2.0045202142103324
9_0,2.7773247015340714,2.679216877042431,2.939999079741246,2.852087746402413,2.622491529471011
9_1,2.0373655493773994,2.047424349533724,2.320856981435238,2.0601334615472164,2.1824820340617137
9_2,2.6225058136854127,2.182460141110424,2.852029126570883,2.5622449680759307,2.0953865272879044
9_3,2.970828051823222,2.852006083545524,2.9916531815509666,3.0047627436541706,2.9529181772482493
9_4,3.0291883521680982,2.999574454985747,3.3775066641823512,3.2679988111562914,3.0043079656220097
9_5,3.0004689426351048,3.0084188898364563,3.0081467919932985,3.012157295979099,2.9871083416282156
9_6,3.2226245217137097,2.9935923417967976,3.0227465249540533,3.6790763047536994,3.147710901083939
9_7,2.992218805123555,2.996891651570052,2.977162878633254,3.01017177080478,2.9957801628284675
9_8,3.9999331413838193,3.9820874212097768,4.000010032848394,3.9997755197107097,3.999475830459873
9_9,2.0293513938104413,2.148082802721067,2.6792720844724998,2.0763204301129,2.0601081923993405
9_10,3.8807604972483967,3.499969325410679,3.4999737227650205,3.9947254527225344,3.622411316158499
9_11,3.2226659535831272,2.9923336592007557,3.0081467904949384,3.1473485153022938,3.5620252825091505
9_12,3.9998898781759604,3.999906322043052,3.999941749269847,3.999901317858642,3.99989571283434
9_13,3.0014403670836645,2.970797169669909,3.0023130209194635,3.0137604618660228,3.007542167719356
9_14,2.952778297159194,2.9672496894180997,3.0138838577636524,3.0066403167510702,3.0320278917767625
9_15,2.9976306160460617,2.991910504970233,2.9772264223278997,2.9981917095764072,3.0164820802372634
10_0,1.0001047404877776,1.0032626284126265,1.000293421016805,1.000168330437645,1.0001082043104401
10_1,2.0022112858884964,2.047461965691763,2.00759206789654,2.0058325986411836,2.09563481886084
10_2,3.012894070319187,3.0099546271151194,3.095088731529769,3.002666498281776,3.320653605184895
10_3,2.047400654379612,2.047450684787369,2.377565415261299,2.6793636032028356,2.147981559451674
10_4,2.095401514542318,2.377611988917284,3.0014368811726757,2.993083063825052,2.9541018717302876
10_5,2.148082817021972,2.1480827754866016,2.060115158854823,2.6257139080083287,2.622785166071676
10_6,2.731178472880992,2.7773671037636296,2.9874375433320823,3.118768785752592,3.003357427564939
10_7,2.9718577732286007,2.119226074931586,2.962877020628964,3.022712583209835,2.9822033471031166
10_8,2.1216937665174944,2.205921497539562,1.8640661231728015,2.1636886884861815,2.4182860707432696
10_9,3.0101827425518355,3.008676159249943,3.6791477059124325,3.376326464411354,2.996706647440201
10_10,2.0229756021598977,2.320866637381009,2.9050289779300145,2.0293687231718844,2.4381004976070906
10_11,3.022066341433898,3.059790552552616,3.1823025761604833,3.18181624135755,3.5620423879600436
10_12,3.9980331153894757,3.9046133674102026,3.7310247512393486,3.9941203542846972,3.9383504812568715
10_13,2.778170503748369,2.953605056936607,2.9713974203875635,3.018365020371884,2.9907418991166765
10_14,2.5622540029391354,2.500048599835479,2.3775200115027175,2.9402177689423206,2.1198007260147813
10_15,1.8809711741229918,1.8809262007103469,1.982306007357477,1.9877440847614891,2.0058995942633597
11_0,2.001541136681002,2.0005179232130774,2.0124153970107437,2.0051791544354027,2.0011899303299314
11_1,2.9968899310968515,2.9962716782248364,3.0104989210261976,3.147171811195458,3.182260595553517
11_2,2.3776631559140964,2.998528060870411,2.6225492805908774,2.9992184440827923,2.959243243029212
11_3,2.9993315215970235,2.924345609061254,2.9861977865801204,3.0077682055870727,2.9482312938289557
11_4,2.6794624637081883,2.9047364955514765,2.852038767363061,2.991475681951432,2.9898187444208464
11_5,3.4377742140445355,3.1480278495625473,3.5621492811429554,3.9393138288856573,3.904558007959344
11_6,2.777437200586872,2.958021817414655,2.852000183242944,2.99709943386509,2.9942234736824016
11_7,2.6225235200610904,2.8520764570044013,2.9777324391846016,3.001886432588731,2.9823494220297135
11_8,4.0002011840606855,3.9999839890732822,3.9999982805330663,4.000034289683991,3.999954425422199
11_9,3.1823913919594977,3.0292028370341186,3.060072454450219,3.9015965243811457,3.047260194985659
11_10,2.8810266847830195,3.0016313895433337,2.9242823462434946,3.0098170414171785,3.004050554394017
11_11,2.852283785561397,3.0027474823962494,2.940144228055298,2.982818027687249,2.994349534701089
11_12,3.995889050694493,3.9947399717687606,3.9769792741404295,3.998208126281824,3.983051815979759
11_13,3.119149236662457,3.0083468277841106,3.499897625128842,3.850265638453808,3.4372477721110903
11_14,1.9707696030773094,1.9950911948352599,1.880933153132783,2.012764988077614,1.9922786252899187
11_15,2.9399597841766743,2.962758560606815,2.99491979493639,2.9905328602545396,2.997907851112166
12_0,2.003633402637396,2.023014278596674,2.047462161805878,2.2228238260384705,2.0052274154491467
12_1,2.9527331576649565,2.971068015209569,2.9400538751656815,2.991101549580649,2.732001191290662
12_2,2.9998627232950783,2.992132294946525,2.9962811036610666,2.9773588195148646,2.88097742425273
12_3,2.3209999437530406,2.500205952446522,2.904945754925555,2.3291061986803343,2.943093001839972
12_4,2.991792753363169,2.9997100978552913,2.9862719437660883,3.003070176815106,3.0446019284293238
12_5,2.1824779971840647,2.983714341774959,2.9242516242535848,3.016731212988042,2.98662660785327
12_6,2.003633494358265,2.008612612056317,2.001861189002993,2.6803958706129674,2.0067468484946422
12_7,3.4377665268904063,2.9048098299345626,2.3775987668970844,2.9992074486357683,3.0009474196116757
12_8,4.010925523788644,4.075795896604297,4.014003176260886,4.001258665264718,4.000225525541937
12_9,2.377577662948302,2.4378589368547687,2.679209889824694,2.925228409015917,2.880873480806293
12_10,2.5622387278650662,3.010433999688475,2.9986969098450516,3.008527074964554,2.562630066486971
12_11,2.9249428267685342,2.971719708262003,3.029132255881658,3.923846563120794,3.1188697258045748
12_12,4.0003703548537155,4.000851013324357,4.000045813708461,4.0003422121685555,3.9998675769408143
12_13,2.0758959290848997,2.2689772370756134,2.1480708713474663,2.3559352347599027,2.378029410216335
12_14,2.000267498682103,2.0015461831500674,1.9983605618726572,1.999695718095475,2.0041059132669607
12_15,2.0953852197011202,2.1824600539187955,2.3775899860802476,2.500222825318811,2.321102929258695
13_0,2.0006506469964638,1.9987417061503232,1.9976357154553048,1.9994988735501233,1.9997662023718747
13_1,2.7310865796332293,2.268983558421796,2.6792001871174667,2.9950026174778532,2.989648231604834
13_2,3.0000000000000004,3.001121573352437,2.999261061081683,3.006512456143783,3.001952168860572
13_3,2.9893485816850474,2.952698240058411,2.9984086469968236,3.020429534390594,3.017066460569175
13_4,2.952659705999475,2.9860026951715026,2.9967024198294703,3.0000000000000004,2.9861998015323
13_5,3.003360409449846,3.0002281405757874,2.9981132795739134,3.0106459895748534,3.0018476091855524
13_6,3.0029930958563362,2.999210490060629,3.0000000000000004,2.9982332571845824,2.9962258976684546
13_7,2.9967340054827734,2.9325631109664823,2.967023543327006,3.00473557780772,3.0047306335868047
13_8,3.989000883723,3.9934595349496,3.9948530355018157,3.9984956502190077,3.999527228027269
13_9,3.0178063817160843,3.1824095014079963,3.075798558173616,3.7308052246097407,3.7772117204188764
13_10,3.0201735706897286,2.994424382612758,2.9949384071444882,3.012157292380109,2.9994790751729705
13_11,3.0094777936515746,2.994424382612758,2.992531798756018,3.0200282364711937,2.999671723309497
13_12,4.000170352731648,4.0001703106762525,4.000119375706145,3.9998141115646844,3.9999375512592596
13_13,3.002568920154259,2.9964827038061954,2.9861161774449254,2.988498358778804,2.994938421865295
13_14,2.995115313485756,2.9707466051369935,2.994919798020812,2.996966373047245,2.986002754179662
13_15,2.378160050361257,2.222736181048588,2.8808159209539017,2.9559736536792767,2.9052976314185726
14_0,2.817697503096097,2.9399726298712006,2.952754400131198,2.99471981241025,2.6793247520730974
14_1,2.5622176411016673,2.562213845465504,2.8176082871331127,2.8177351017743035,2.8810283164956902
14_2,2.679238379214677,2.851994940406199,2.62251106575481,3.0054803308185782,2.9708467831947147
14_3,3.001212841645833,3.0058526612238343,3.0027160628731915,3.0011211749959923,3.0104989304733745
14_4,2.6225058040638505,2.32085168931139,2.5622005550449822,2.622551497763512,2.817660363623323
14_5,3.002269151902252,3.0015422553123514,3.0039116249486226,2.9955303381869363,2.997460313025283
14_6,2.1480827587652342,2.1192393369130547,2.0534333900472492,2.0421291513894526,2.0293427560079382
14_7,2.9925318002736137,2.97077310586448,3.00114547190204,3.0327233496698494,2.9961913308938257
14_8,3.0225971322649263,3.0037347176894027,2.998925631978136,2.9995744579597687,2.990671747424555
14_9,3.0,2.9707971555565855,2.9959959950817465,2.9978500784367847,2.99457696633978
14_10,2.5000334017244303,2.148082751983534,2.6791983721195485,2.4695681072093296,2.320852472058657
14_11,2.1480827558039652,2.119239330342181,2.622487709429279,2.085144146064863,2.5622005640839016
14_12,3.924104082362988,3.679148250823329,3.851917207951746,3.99632676043514,3.9045930196566894
14_13,3.0108072177878595,3.0002791078709015,3.0017682630945326,3.094291936866526,3.005135203708932
14_14,2.562232423216983,2.9242177563828022,2.4378592393803165,2.9967182704671176,2.9943497076733916
14_15,2.500033402361408,2.437850370546845,2.622493796984435,2.9531786769022434,2.852014743370343
15_0,2.3208805708248748,2.622531060301638,2.6792611999027027,2.2227210314762718,2.047410001274634
15_1,3.0042202079953952,3.0052013163294644,3.00274507496288,3.0253305515862747,2.9996717011995893
15_2,2.437879920075607,2.982566743667084,2.562253891623317,2.4379910662158233,2.731133410412194
15_3,2.996015700263171,2.999518013877573,3.003519364158708,3.0199518236251817,2.992132495392252
15_4,3.0,3.0051069030363453,3.0069507996714777,3.0253305515862747,2.9746704097584558
15_5,2.977402871022734,2.9993184772131745,2.9963015368511514,2.995007915827905,2.8520498523022515
15_6,2.9781920278500174,3.009817363519515,2.98318328694227,3.001436609261876,3.0038919150280536
15_7,3.0061048683880642,3.002317468611037,3.1823392114326046,3.0057751899481593,2.9868476766158243
15_8,3.7772402137662873,3.9913825676519132,3.880759900540354,3.9988700298344906,3.7761664808380417
15_9,3.0001995366991214,3.0032581908418203,3.029245649107641,3.119043704107424,3.008373890516801
15_10,2.852376900210684,2.817830627727159,2.924766103319875,2.6794507907875533,2.2689385114059215
15_11,2.9052002182403496,2.56242450942918,2.9406216829481693,2.3209361644133564,2.7312305316907826
15_12,3.999626135716764,3.99474002683102,3.998033308993585,3.998440020225193,3.993266421755584
15_13,2.982640277758718,3.005367769370095,2.9978566230478156,2.985004770363306,3.0
15_14,2.9526981907426157,3.000328299539463,3.0053582011318447,2.92447814369724,2.777408274835586
15_15,2.075885351428034,2.00590951193559,2.0372916221211046,2.037285176038751,2.005758564383537
16_0,2.2227345899356417,2.6225058125802017,2.952659699966908,2.986367684726612,2.4378672032059763
16_1,2.996104948395325,2.9671449386314546,2.994268569481925,3.013334379407481,2.999744026206153
16_2,3.3207041545027396,3.8807596757333744,3.9819731612428257,3.9907804664261017,3.7771761592655797
16_3,3.001100187939297,3.0028838812307703,3.006583821935238,3.0745389194466917,3.0600104529738297
16_4,3.0048787351415482,3.012051482575967,3.0258607901314467,3.1621350166609434,3.0370253256368707
16_5,3.075653754142821,3.012135478106238,3.0757963913691726,3.4894349263289555,3.2195289338057655
16_6,3.022746523787316,2.9842973021455323,2.9988495369485886,3.000668270282394,2.999381853193212
16_7,3.5621486707262595,3.0201015315098676,3.77726381351868,3.4949627709087565,3.622261357643474
16_8,4.998408801456701,4.999899872870742,4.999801100366765,4.4978793673987605,4.98584239625225
16_9,3.2689133157741677,3.0201015315098676,3.4353299848668875,3.8320723181478513,3.622261357643474
16_10,3.0070892595745886,3.012000917980697,3.0050966090999927,3.0284847624574582,3.0098143290307195
16_11,2.994016911615307,2.986140038673401,3.0064315429624595,2.9929792375295894,3.003293064571202
16_12,3.9999905863968994,4.000098432425126,3.9999711125223207,3.999867577255947,3.9999447318092862
16_13,3.0028838811280267,3.0027420742343947,3.00575252104986,3.0592987184574407,3.147987069147891
16_14,2.986232551342837,2.9878645109095148,2.991474123416117,3.0044142056854524,2.9631629664751395
16_15,2.3775949249647352,2.9777323848203614,2.9987540716493046,3.000476219346529,2.988893773027823
17_0,2.0022619424444295,2.001171271193492,2.029158591723303,2.018000601357931,2.0373523160486258
17_1,2.8179023888296406,2.9633825557982254,2.952954209554846,3.0148105497003326,3.0454888410609366
17_2,2.622573507345742,2.996962141707831,3.0012716415178664,3.0176044465359957,3.0413216869256363
17_3,2.9876370560269385,3.0003717516433164,3.00639475770409,3.5619897509596505,3.005638381510876
17_4,3.9241041018221234,3.777266540456076,3.9992756547642676,3.99475079676651,3.9947573108003276
17_5,3.437650283739415,3.817539943261258,3.9769831197246996,3.9858948553395597,3.9913808133544864
17_6,3.2685833747202713,3.6224277408349375,3.9241062396074384,3.9524749604587877,3.817435032384367
17_7,3.1191349464410503,3.5621470118284964,3.8807600664742643,3.8790116599328854,3.81634100608418
17_8,2.624575767210382,2.2692435203604195,2.119229041220254,2.90661156600626,2.8565053592095286
17_9,3.9706486142670827,3.2689215501736024,3.952527352579678,3.976619050496905,3.776599129827348
17_10,3.0112629143234093,3.0224244236924953,3.437701569918564,3.678995916251786,3.267949299621478
17_11,3.952535546796855,3.9974941189087527,3.9984635800868564,3.999484672587599,3.9974986103524532
17_12,2.9914856391838307,3.00686746813878,2.997859583716863,3.0091478660305278,2.9901856744591133
17_13,3.320701546345995,3.0951459541900737,3.6224234725048454,3.3196041369194305,3.6790296252931727
17_14,2.500074136409342,2.5622733618299174,2.8177133445143037,2.981609321954771,2.622573326782711
17_15,2.4378862917916306,2.562254216160301,2.9242177523120017,2.8813564323095133,2.6225881170595815
18_0,2.015897799376698,2.0331110385050617,2.0055304214943916,2.0012670772483103,1.99987427701941
18_1,3.0004765315789776,3.0137674463688566,3.0131524248007993,2.9988875938787216,3.0365228315946604
18_2,2.5001446551673174,2.14810774079781,2.7311936750718147,2.8622500187197124,2.119242261822488
18_3,2.7774372375800715,2.6227544939885,2.881091213023541,2.9250498370787006,2.6793517639097
18_4,2.7774372375800715,2.7774078346987654,2.8810912178070236,2.7316779964795157,2.7312112600068876
18_5,3.0020912192421148,3.0032975817676495,3.0044060620533983,3.0052005545649143,3.012226618435909
18_6,2.0474644839335685,2.4378859364801087,2.222733655999159,2.075914174512624,2.0041067887805957
18_7,3.437773156921873,3.0091555633634504,3.6224295099858046,3.674125597001047,3.09491492379591
18_8,2.094382072717196,2.8296231678946904,2.5010021583502975,2.739304809028453,2.2687715486896063
18_9,2.940023060306798,2.4378699338825456,2.9981973025213917,3.000857602669777,3.001892722268364
18_10,2.940117245261098,2.6225492978807066,3.0003654173667447,2.995010481898,2.977318911372262
18_11,2.9628769958316115,2.5000485818320186,2.9986996238703414,2.987904037851414,2.977318911372262
18_12,3.994740028827933,3.9913826972117032,3.998033197148469,3.998927069716084,3.998440020505556
18_13,2.970797187987272,2.880883124129569,2.9047267058078083,2.7775768051064746,2.952916295677092
18_14,3.005530985132218,3.001440366744461,3.004924077043191,3.2224709652888524,3.01995194234865
18_15,2.0140986088911723,2.012385318488016,2.0159346369776006,2.006607688083868,2.0096844857982816
19_0,2.962758553360342,2.924238901543749,2.622499418256645,2.9992817592740133,2.97089253148833
19_1,2.9958121799991027,2.977402868344467,2.9939335863494474,3.105318672945956,3.0371670052360815
19_2,3.007666339301483,2.9955901608030135,3.0038088759968797,3.1191009794393083,3.9239824262343093
19_3,3.0174981223625075,2.9921322981908838,3.0292840370815965,3.1630634753514584,3.047239163003224
19_4,3.0133538149633528,3.000792667480068,2.9968916619351647,3.7749402225768507,3.268762486601586
19_5,3.004992082553478,2.9845816550932827,2.9771319359009865,3.4292461462459563,3.1793333106607635
19_6,3.0018476314660645,3.0011504650235454,2.989192784622268,3.3774598579564605,3.4372477721110903
19_7,3.021476500637695,2.995000057518779,2.995007917773398,3.4373699361874848,3.2223492918802252
19_8,2.320934229585805,2.5000821416989463,2.679295873798549,2.5034763594406857,2.9957059077491617
19_9,3.679142414080713,3.010756249733554,3.0600665755642487,3.7742812655020876,3.6784656434403473
19_10,2.991975416422411,2.9949384085387845,2.989309194228363,3.0001555026999753,3.0018462073004404
19_11,3.007773291653618,2.993642613358203,2.998526981714551,3.562081908582788,3.621970593545036
19_12,4.000492673621206,3.999959682597305,3.9999742580017132,3.9999742537307283,3.9999316091850483
19_13,3.0008974481489274,2.9941113209181056,3.0058361031900493,3.081509144851227,3.017483563046447
19_14,3.004510378251848,3.0001372766248315,3.004500586719043,3.0,2.991465459027857
19_15,2.9822752652753244,3.0004598307786314,2.9627971037340015,3.000601305158055,2.963055797474746
20_0,1.9992859921983606,1.9707498292970707,1.9627342320457022,2.0071883615148294,2.0013101754389795
20_1,2.7773957397026905,2.9243218375268984,2.9627970766578313,2.99757670097755,2.8176225189998294
20_2,2.3775846360885486,2.437862147466087,2.9942182807877615,3.0023681722070323,2.952910086428573
20_3,3.005480408041332,3.003983168767635,3.7310259506577212,3.1817203399627276,3.0947430503971645
20_4,3.9858966361578454,3.6791478284881207,3.9858967341066314,3.997410054302827,3.9987060294945866
20_5,2.5000587179932587,2.8520387339641413,2.984273408054065,3.0035188485692026,2.993333920201504
20_6,3.0290812761875676,3.007437277804059,3.0064622245209702,3.0257186493958494,3.012893744895945
20_7,3.4999634828939326,3.5621495209946117,3.182409295389011,3.9396099405771947,3.437650314949615
20_8,1.9825055918885124,2.0023186527354944,1.9953185242803608,2.0594331423848153,2.0158409696401
20_9,3.7309632388851606,3.0372301349703346,3.0952252885803175,3.9239035268662503,3.268856259263874
20_10,3.0000000000000004,3.0012459310235733,3.09529658400798,3.0531087170684947,3.0056504504416246
20_11,2.994218279391157,2.8521547293780096,3.00214041498167,2.9961947005581804,2.990043933836632
20_12,4.000427440038179,4.001441118964006,4.000492614897046,3.9999901719120525,3.999961974946478
20_13,2.5000918949595134,2.6225496967971518,2.7773474756265655,2.9900537246220096,2.999010161600627
20_14,2.777367692458687,2.7311334106699774,2.9942685656463612,3.00369731039111,2.9950009975169944
20_15,2.0474644514788936,2.022986905403696,2.731133393910897,2.777564627900542,2.017878610274709
21_0,2.000014958221614,1.9996541799846432,2.001852736776318,2.042400577378677,2.042871321601329
21_1,2.2227549536567492,2.018025679041497,2.1824600569954566,2.8938234529639275,2.0758887051017996
21_2,2.904791007160891,2.984389802249528,2.9400724110871104,2.9244769042884142,2.119175849307401
21_3,2.9592371223520444,2.9881948434797505,2.9711758265139463,3.003888683140455,2.999579145654061
21_4,2.1480727347473123,2.0953809639923042,2.060071018927184,2.0603900624561895,2.030329927105426
21_5,2.852076459721611,2.182461454265637,2.989639530268211,2.7777229394082177,2.377590562693526
21_6,2.2227334579483595,2.3775776523465804,2.437874926424255,2.1481151870319395,2.2227235287781193
21_7,2.852012782749739,2.880955674580465,2.977284140175298,2.992335099847962,2.982349831155472
21_8,3.99947194883215,3.998927759815044,3.99904876759606,3.99990038803257,3.9999431097249243
21_9,3.0008576793610757,3.0033630305478893,3.0085024670575375,3.0291518058916194,3.0757321825605133
21_10,2.377598965770166,2.622523629986092,2.963008743549377,2.9583439332323604,2.9787268838632075
21_11,2.904791007160891,2.970949316387086,2.977402871382565,2.8177520910022276,2.3775655948568417
21_12,3.981974276417378,3.9958899082612227,3.9958895441405087,3.9977375063314273,3.9971281616879484
21_13,3.1191656858840098,2.9670940141948456,3.2226682504887267,3.0413216889897243,3.0028372742042135
21_14,2.047428522946401,2.00127712860831,2.320847226354338,2.684531328540984,2.269338369831154
21_15,2.7311180374218997,2.500033472577267,2.7310838861149107,2.993691393693622,2.9631388361070585
22_0,2.01802566928745,2.0293373666958185,2.0758959061258824,2.0085629759716292,2.0018680629607943
22_1,3.222632679045982,3.1480203455939493,3.0371229981059846,3.051768713658514,3.059276016246295
22_2,3.0291083667063563,3.000615340115613,3.059989603533025,3.013859933322348,2.9997440360938854
22_3,3.6791466312119807,3.022818558927198,3.679143721569207,3.9189515425417256,3.012751841290687
22_4,2.817641977791176,2.5622324451675342,2.9628134901271235,2.9979547787825784,2.6792477405486337
22_5,2.6792713318499173,2.9628770055625777,2.8519862760292347,2.9052346166661938,2.9715989646725998
22_6,2.999574454878285,2.731111676208022,2.924251630331258,2.972870726313645,2.989216709035816
22_7,3.981974328148814,3.817539597512303,3.9626340325087335,3.9521870135260646,3.182322732706599
22_8,4.004009928110975,4.037265679692544,4.004009996725957,4.000234138579749,4.0000166910285655
22_9,3.7772665235232297,3.222679797776974,3.499974985993524,3.9398689161106017,3.1189688691613897
22_10,2.0293513021363117,2.047443810270126,2.0039618853341987,2.0202716507104417,2.075933165540984
22_11,2.999210343365644,2.9823100219689502,2.9401172762866508,2.9988525496698624,2.9995790869354364
22_12,3.999951234822041,3.999808223378214,3.999979948443169,3.9999368551482988,3.9999480631316886
22_13,3.9398751453954994,3.006583825789405,3.0050802057161112,3.9520880457649366,3.1187937249682136
22_14,2.9864244114177474,2.9526837270901423,2.9824445660475405,2.9778273035295526,2.9628531956884143
22_15,2.880864566535583,2.4378589371226194,2.679200097679035,2.060222419505995,2.5622222675523196
23_0,2.0046195744629856,2.0085873294183156,2.0758937512504545,2.26974575565636,2.0204030006937734
23_1,3.0018086322278372,2.9711757975600612,2.9994541200086013,3.2687517859310384,2.8812838515888184
23_2,2.9785235001746937,2.9937478434634213,2.9825667539148433,3.003891475059009,2.9921800360826936
23_3,2.622621463556399,2.9403440956057403,2.148071522298209,2.98730491458243,2.8530483094140218
23_4,2.99962824844234,2.9955954232237256,3.017276407101346,3.1474530636076308,3.2224602179988118
23_5,3.3206722878253125,3.7772569094279222,3.9858900146209404,3.918951539440413,3.727573537674062
23_6,3.060034176504977,3.0018867231760007,3.1823637070541846,2.997907754736799,3.0027473353832526
23_7,3.002143376688722,3.0472457974836034,3.1480249919000913,3.0600108356016182,3.095307623162168
23_8,4.377469332591328,4.095286563589078,4.017925433059359,4.000572644013135,4.000475579251176
23_9,3.991381847893473,3.777266230870954,3.9998638413466403,3.9950928022249452,3.8515483213859114
23_10,3.0099938582830386,3.0366174521466367,3.0755623810398305,2.9637186870034453,3.093131029723487
23_11,3.817539958540648,3.67914828946905,3.9046133214079424,3.49994324914401,3.4999722115519205
23_12,3.999663992332475,3.999664048766402,3.9998748465313536,3.9998239117817977,3.9999043450002283
23_13,3.0130313219130804,3.1191497996148367,3.320773202590973,3.3188296113446887,3.6218400040513448
23_14,1.9998040864241948,2.0009890424620016,1.9991050384544145,1.998945514068611,2.0001420105105017
23_15,2.148082777444248,2.0051853723521145,2.0474236104205334,2.6232046542977954,2.0045834420755
24_0,3.970648646099238,3.1823876852115474,3.2689227155978084,3.952264106803372,3.970634684245218
24_1,2.9805787250415587,2.932749264001315,3.008437501958118,3.0063979350209613,3.004409532712165
24_2,2.977119137789415,2.5622386485009403,3.0010290451089454,2.9947988161760732,2.9708678879896957
24_3,3.095296199472112,3.1480172871588246,3.0600724593046333,3.0837633135891602,3.0154745717853197
24_4,2.993592342982252,2.993333897064378,2.998559633698264,3.012723483025228,3.00477611860025
24_5,3.0012128420901214,3.0258908283363657,3.009599399471522,3.015333920560725,3.0325205196424365
24_6,2.997431079895235,3.001889842855617,2.9950759320008458,2.9993832167559695,3.0394551620973425
24_7,3.4378003531453207,3.047397448190775,3.060074007193638,3.4997240211548295,3.0473498191764197
24_8,4.268873006112366,4.9240540860507345,4.9045633819946195,4.095192867113653,4.222566921786446
24_9,2.9926286788065086,2.981091377021509,3.1479234117229145,3.6752323224420134,2.980752874070363
24_10,3.0031056893632053,2.996100164325497,3.0030878104874286,3.020122435181633,3.3205340866169
24_11,2.9402094395603715,2.9798713933082643,2.9916531694626167,2.9775757343817197,2.998524119493524
24_12,3.999946724774683,3.9998365500717745,3.9999408666789806,3.9999045533845115,3.9999099281406103
24_13,3.0179010286668584,3.0003316659693358,3.0,3.008012930985493,2.9996282740870366
24_14,2.9242388856839368,2.995725855793131,2.9967418090741136,3.000894270096349,3.003506899954228
24_15,2.9944690158589222,2.9741392039724617,2.9876346361555433,2.9848350782689717,2.9049853734779454
25_0,2.9771814411942255,2.777347501359826,2.904683408398656,2.9995184214788497,2.994119504317437
25_1,3.017806381800366,2.9909179852338825,2.9993832804354823,2.9958157018469507,3.011862909124722
25_2,2.962782656328026,2.9400375138392385,2.9876774765822116,2.904846685856824,2.9152853104155216
25_3,3.0092204773013798,3.0093283374611945,2.9770979002080247,3.0590788352229494,3.012000682245874
25_4,2.999668334112987,2.993486799466567,2.9324760030697825,3.0049910204171337,3.0105542466071222
25_5,2.9916838525690395,2.8808732628502307,3.005061590883099,3.000770812695398,3.0035288218689633
25_6,2.9842172875049284,2.986045530419965,2.9626927543280144,2.994938413035301,2.9976858593365936
25_7,2.9984384561407174,2.9629040423998516,2.992758277742351,2.985246203505982,2.986383153217391
25_8,4.880706866869296,4.991332740702185,4.678974167156207,4.05333287132615,4.118608166432104
25_9,3.0084375045519716,2.9968943112745863,2.9956517008751566,3.0031550414572306,2.994133984123194
25_10,2.9981973034039515,2.8176123118649414,2.9925317996982477,2.853072159335885,2.986203254362066
25_11,2.9946417986274243,2.99775792746612,2.9860026910609956,2.679406743905215,3.008533302166975
25_12,3.999952817043974,3.99997532260863,3.999998248601727,3.9999110655701138,3.999929617456336
25_13,3.0034437429356573,2.9998930367896106,2.992497749774942,3.006309525402986,3.0033597760046655
25_14,3.0201524964088517,2.9928028675910587,3.0009450192221645,2.9973604529555664,3.0106875026260203
25_15,3.01222800186984,2.9995860367357223,2.9933821244530745,3.009040821480407,2.9975763005529954
26_0,2.0012011097294966,2.009650298543891,1.9991560657762197,2.1214841901896886,2.0476183829996293
26_1,3.1191354008297005,3.0201015316965463,3.0107833081296693,3.377311764120063,3.00724137663001
26_2,3.9974874484890495,3.8807606177714002,3.9974872889240367,3.9974476283657525,3.999842600856237
26_3,3.0360028872961253,2.9934641434916704,2.971397513264255,2.8855836787274356,3.0021309519591566
26_4,2.9049113389652876,2.8177133098177705,2.8809765467536566,2.6224982470780063,2.97447629030794
26_5,3.2226816758235297,3.002176623883963,2.997757927608012,3.005479383327252,3.009528707016714
26_6,2.9958783574621664,2.9974950788461165,2.9841522038221133,2.982110216494265,2.996950772096259
26_7,3.4999690962329,3.148029790922605,3.9007423371381864,3.6760959259864165,3.9515885744233032
26_8,3.924103863304069,3.9967874040297193,3.952535028737715,3.9958658983857283,3.9819600835562814
26_9,3.2226771092193878,3.5621486708236616,3.0931310473790545,3.561508010379418,3.847438437036304
26_10,3.8807605352080583,3.222683450035901,3.017971111924422,3.1480204620167735,3.923773435558637
26_11,3.5621425271662996,3.1191818514784293,3.0953353699180046,3.2015968024469377,3.85181152243416
26_12,4.0003704557965145,4.0014411386418125,4.000275316034394,4.000032266098775,3.999946805317264
26_13,2.9851259208300687,2.6225418388847954,2.924633233746063,2.940211032978419,2.9865670024668405
26_14,2.001290740241182,2.0085758902358735,2.0013207590154707,2.0118141515670183,2.012947839337157
26_15,3.022837101818688,3.095316618984387,3.037217194982747,3.315468671459016,3.2687624875854318
27_0,1.999361792938079,1.9993208143554253,1.9916314430185442,1.9972373805652515,1.997467515254076
27_1,2.0041016830627614,2.020337109300731,2.095383083755636,2.323230475574903,2.075901958940606
27_2,2.3208516889409987,2.7311180381952354,2.377569376564588,2.7312335652875266,2.8520387244097676
27_3,2.0758960324271545,2.148084096272653,2.029334167119804,2.0843685329747657,2.005011314204511
27_4,2.1824603271719254,2.0230029490697836,2.0075523417756655,2.0423888121053304,2.02307369753784
27_5,2.000779936437907,2.0097481868967817,2.000380167991025,2.1538274959316563,2.0534483885131
27_6,2.0041085780608774,2.003177288277965,2.011015336189382,2.106842116051392,2.004781410119516
27_7,2.993795114667553,2.997629675487535,2.999457114945141,3.0289519920836874,2.996100174229822
27_8,4.0001619069323135,4.001079422434834,3.999988441529918,3.999894779822031,3.999970385046793
27_9,2.008596158460121,2.2227334105826815,2.6792001042580287,2.8813058661118425,2.8811420885956207
27_10,2.015946054043729,2.1645518971139044,2.1480829308761273,2.7330305581867402,2.7452209138971786
27_11,2.3775700275337104,2.222744367160721,2.1480829308761273,2.492150504228064,2.7452209138971786
27_12,2.992718845906368,2.9961333636104226,2.9915074918164226,3.0174115179796503,2.9942124698054946
27_13,2.1480878744348724,2.5622393149624108,2.6792381641282437,2.9470746942480592,2.5622558279441705
27_14,2.0067328848513126,2.018021733931184,2.095386600727659,2.5007068829014796,2.6240116157155478
27_15,2.119240114612719,2.020365578961551,2.0013716485074915,2.731289947279879,2.1196300400253363
28_0,2.009742739505333,2.0180211148451,2.1192198814201744,2.9049802320574396,2.3776468430220117
28_1,2.904854011375976,2.6225168679303175,3.002003139877348,3.075392655061842,2.9792051229142094
28_2,2.0180256996170964,2.0067026642191164,2.0758948755581423,2.0852560570649192,2.033714703591326
28_3,2.777454938329221,2.060124366209783,2.8520289711031523,2.933534898374546,2.8524273619462064
28_4,2.004054057762345,2.022968656322151,2.0180005088196253,2.223138450838496,2.004939918037516
28_5,2.377574780070842,2.095386699649547,2.940037503127801,2.6793553908652292,2.6792378553291543
28_6,2.7773849605414904,2.075895920765934,2.8176168634923573,2.7773977589167917,2.623044637688874
28_7,2.562232543333393,2.437862173774008,2.9986260697970284,2.9988796068767987,2.940209848257224
28_8,3.001120967190455,2.99100131108614,3.0044098273445767,2.9948084859828863,2.9987540703923243
28_9,3.002091218929521,2.995943277579184,3.1191765951893147,3.0078625465139828,3.00184624457031
28_10,2.0953866053383465,2.0035687329512246,2.037359084520182,2.7774748007115786,2.1826224496832527
28_11,2.7773670982934484,2.2689772079705888,2.991323842503458,2.998850021351946,2.8520623575196797
28_12,3.0595346018349683,3.499963472136836,3.148013569735631,3.773436296491919,3.059749455221157
28_13,2.622603573415413,2.8522112380492586,2.90472660835239,3.001268893295495,2.9841967158355462
28_14,1.9770945440958372,1.9821389931276339,1.997976360281114,2.0286692201382337,1.99988812778067
28_15,2.6792613667300085,2.880906809022657,2.562232893718936,2.731546429944135,2.9781971750022818
29_0,2.0019129766990087,2.075882524917911,2.0109711058211417,2.189045991435881,2.5003472391968042
29_1,3.000874178408086,3.0008944874503705,2.9958210628158066,3.3749987493938307,3.0059824064492706
29_2,3.005983068760641,2.9919105022258887,3.0013739132492265,3.1793333106607635,3.011862905048064
29_3,2.95262640541639,3.0010156641024635,2.998303806297981,3.0081426301114926,2.9971233355346474
29_4,2.9993982984640866,2.962758559098169,2.999683777432651,3.0161533885522163,3.0016666972238513
29_5,2.9752146664749546,3.003037382329165,3.005284648231143,3.0049652401928886,2.9957810962877147
29_6,3.022746528666479,2.995686464638317,3.0002218089352004,3.119183462193495,3.010074895844436
29_7,2.9865628852546267,3.000771888266528,2.9772283931174606,3.004302960349105,3.0047390722381793
29_8,3.9626318398395295,3.7310266095473588,3.880673458161665,3.970478488950218,3.9524749765933995
29_9,2.9921322951968814,2.991202695970351,3.000837148174613,3.0183521066468475,3.0809056263517336
29_10,2.9973772679162995,2.999523467387358,3.0051069042052485,3.022474774667137,3.0753613175426073
29_11,2.9995234675228923,3.02868584574286,2.998333153448295,3.0469523525776854,3.0595171662098144
29_12,3.9999477899287403,3.9999497386408294,3.9999745010425043,3.9999000068725903,3.9999244074674127
29_13,3.0089986872179826,2.9868475237460776,2.993455069460399,3.3188296093590623,3.0325254858122457
29_14,2.5000489013108624,2.852049880067314,2.0953476134490563,2.9930508767918327,2.269107664832757
29_15,2.2227336000485867,2.377575153915458,2.8181272417281837,2.9752627888604257,2.881647363560727
30_0,2.904676529896476,2.777347474633812,2.9526336584665236,2.9971011086438635,2.997857144111103
30_1,3.002092389698504,2.952870367069565,2.9942924663284907,3.267736733327678,3.0098159266519486
30_2,2.437851362860945,2.0474644594922133,2.075873245223321,2.8568798526229386,2.377580157854239
30_3,2.9774028677279265,2.622539636903791,2.9971161215856017,3.0018871244596927,3.010240425822722
30_4,2.6792210779301215,2.67922584936795,2.9822752896570943,2.9985270838660463,3.001665990545563
30_5,3.000874179704655,2.963103817853466,2.997315223142322,3.0757077539146986,2.9969011923474964
30_6,2.5000306514886934,2.56222195936818,2.8808302278379907,2.9772856895099413,2.9894441161778142
30_7,2.1192393453109943,2.0601250198743553,2.182460212028468,2.917704824728283,2.9031679902370424
30_8,3.9993332357862705,4.010861856378285,3.9046559307271944,3.997458851039015,3.983273381071747
30_9,2.679283163113131,2.8809218742454097,2.8176281641849976,2.999208435023692,2.9533881768708814
30_10,2.0953866082186132,2.6792312741802875,2.880883178901828,3.002086230133212,2.9583130131753967
30_11,2.9400374951561425,2.958116181574828,3.0,3.0822951816773965,2.9969628871058345
30_12,3.777265761085675,3.4378001267982867,3.9241037024891203,3.9912993703760704,3.9939415146292085
30_13,2.9527541927105543,2.904830440435868,2.989309270988418,3.0840552765668234,2.9849014174621593
30_14,2.817671058767619,2.679221723673356,2.622498936590128,2.940211055915919,2.377580167310278
30_15,2.994576882735589,2.81762803907672,3.0095848981137596,3.013921525788202,3.0223440846765897
31_0,2.0138314904195407,2.0027117615581225,2.0065125199182425,2.270607292617843,2.5627522307654034
31_1,3.7772664468562187,3.0075556448691265,3.6224304335802224,3.2689153522574976,3.562137874618234
31_2,3.6791482848496027,3.0229554761709205,3.8519172014060112,3.77725082708241,3.7771761595748
31_3,3.4378003428642216,3.007511041092176,3.3775163578258467,3.047403434534272,3.032861632400424
31_4,2.622641691919288,2.622572692386083,2.7311937398681656,2.905234634030396,2.119740929496054
31_5,3.851917224587081,3.2689233241397044,3.880760067550401,3.432589221906265,3.9394379336233993
31_6,2.96283207251444,2.67922106881909,2.970784371484971,3.0,3.000420785574966
31_7,3.004178938428008,2.989243750156625,3.0123653594349147,3.0040462337656093,3.036939942539575
31_8,4.9045583615822235,4.999786610900905,4.9992003461465195,4.268095261442335,4.221823062479801
31_9,3.0013030899939035,2.9907795241879285,3.047373573347045,3.0671636705339234,3.0051910239292208
31_10,2.060114154307756,2.0600510121813675,2.0758717133268547,2.142730109034473,2.852205108266489
31_11,3.904613380131744,3.012418398564084,3.320801566242835,3.041907780273615,3.731008468715842
31_12,4.00002475553254,4.00020118327852,3.9999853280346387,3.9999014520261795,3.9999543763895176
31_13,3.0051617333711818,3.000479153925973,3.007566958621473,3.0107133542797975,3.562038058773259
31_14,2.5001036649432584,2.904760517335272,2.9710680369786298,2.9866656395335167,2.9878667568344204
31_15,2.0953870874099514,2.0051952000863835,2.6224806723755845,2.037394918808117,2.852083941105426
32_0,2.0076156127431157,2.0124299760854725,2.047456037075066,2.002170128256541,2.018666826077075
32_1,2.9916167740623885,2.9982313341491746,3.0225463161434143,3.366360600886268,3.0227464710473284
32_2,2.997123329856471,3.029188354744989,3.022880858231459,3.726596846977881,3.013802195830402
32_3,2.8520925255901926,2.9954062850455636,2.9961001643016663,3.0524056907265704,3.032371788668748
32_4,3.622429973212148,3.3207999035959292,3.147979282123151,3.1817203405965246,3.1191048599123024
32_5,2.996840966234708,2.9825667487177454,3.0076662841725246,3.004757589465107,3.0369283580778563
32_6,2.7773597149770795,2.994339453625137,2.99204896379212,2.9831832934533558,2.8520499244987763
32_7,2.9049457497114326,2.971397422972199,2.9951599480847833,2.9816355388120006,2.948007541524834
32_8,4.0024125419921015,4.001866676247739,4.0140031963935074,4.000644727821636,4.000273530402534
32_9,2.992592107561659,3.0201285941555294,3.059945887104942,3.0277408546954296,3.0947430503971645
32_10,2.980220597998622,3.005191616982976,3.0108469212566513,3.239831015790991,2.9862719415087375
32_11,2.9917927514083686,3.005191616982976,3.0227974773684174,3.239831015790991,2.9862719415087375
32_12,4.002412495982523,4.008517223586682,4.002412481079934,4.000267223613273,3.999963701213482
32_13,3.002369383153879,2.9933338962858116,3.001015664320335,3.0255007293744116,2.982217675509061
32_14,2.22273365482918,2.0953788011657144,2.437865815738094,2.958472459371746,2.1480805608195306
32_15,2.9863165558159257,3.0015913541099644,2.9993983377334987,3.041719544672937,2.9757472522210238
33_0,2.9983051728493315,2.852000167668837,2.9917186181359727,2.998849541579628,2.5622332303599697
33_1,2.986562858190489,2.999398298205225,2.993795116926685,3.022236054755298,2.9968370150471566
33_2,2.940117240279084,2.924321856441889,2.9772841582324636,3.014970304942418,2.7311554933249433
33_3,2.880921113783625,2.924321856441889,2.9772841582324636,3.0288173971476726,2.7311554933249433
33_4,2.7311117681007366,2.8808646231496997,2.880894204527192,2.7774013564279887,2.777423207675398
33_5,2.7311116989441135,2.731133465754297,2.8175988595815458,2.9887635507934966,2.9242018074180613
33_6,2.924345600986203,2.8520764539065477,2.9992085030464444,3.012869662836838,2.7773964234609796
33_7,2.997957146288041,3.000221808932029,3.001851851277058,3.005575122095009,2.99862607111477
33_8,4.095283783852815,4.817489922230044,4.320751430130898,4.0012516062354635,4.001437306353111
33_9,2.500092085670935,2.8810269106977295,2.9709186685588933,3.016811558192178,2.852211967050926
33_10,2.7311252121688567,2.9243008638451147,2.9771814440393527,3.012869662836838,2.8520219084256313
33_11,3.9958899817181277,3.996787411037294,3.9858958766760404,3.998819281082,3.999658642285907
33_12,4.000201093659905,4.005159969622776,4.000319954343824,4.000090314216312,3.999947789797671
33_13,2.9997486975862366,3.000590120016015,2.996786442074788,3.0095047325417785,3.0018475948224057
33_14,3.0001345970794904,2.998678371891447,3.000923315797324,3.018785877259511,3.0074372442853137
33_15,2.7773956584243953,2.9917186173250627,2.9956210184008127,2.993934001320058,2.924266255141384
34_0,1.998976612622504,1.9904505993018569,1.9399956424985618,1.2227844995568573,1.9820831476453857
34_1,2.6792522723216328,2.9872614125982313,2.6225236287689304,2.148076549508792,2.8176601181190124
34_2,2.9860950562824353,2.9861977896727594,2.952670966708528,2.9672943955691786,2.9770891099817427
34_3,2.0953734906975745,2.017977578163071,2.2689672343657876,2.148337567025542,2.0228016320700593
34_4,2.9924742319807365,2.880976482732395,2.997580815818648,2.9536531749660004,2.9243730310474687
34_5,3.0023693840896577,2.992910734039715,2.9771814369964753,3.001887184261248,2.9631038895200383
34_6,2.8520387181745686,2.679237402633295,2.3208516803886554,2.268982037703808,2.0203159608634036
34_7,2.9532000199716024,2.971397414321496,2.731118273752355,3.073651132922518,3.0196225420990355
34_8,2.0109519254956223,2.0093783699085423,2.1479849762617116,1.9876996437986203,2.028575881412229
34_9,2.8176833918243407,2.94675572011203,2.95271458296415,2.8522870032325955,2.8178772025542465
34_10,2.9863671197874218,2.9579790413093785,2.986095055785521,2.925191280920414,2.8808832361663863
34_11,2.9999999999999996,2.982244574124954,2.986095060754153,2.8520498447274587,2.997123329277706
34_12,3.999678225645184,3.9985235974929574,3.999803753019008,3.9993946649607475,3.9986820315323772
34_13,2.148082753859702,2.182460052588331,2.5000429650916196,2.0600960349055186,2.1824454697563556
34_14,2.0953866011743734,2.006563199724192,2.029221944817641,2.679558178208456,2.0257123674833584
34_15,2.377576098246649,2.3208516926102494,2.731093026745974,2.881118854925786,2.731089907684288
35_0,2.000023078927434,2.005146662234469,2.012441348394715,2.0060208826550334,1.998329582575226
35_1,3.37751932534371,3.5621496336121385,3.3775193184829457,3.938687412656039,3.0952919151134384
35_2,3.017911031377468,3.025905426963549,3.005787563850713,3.1821227677809367,2.9986969190194634
35_3,3.0176059880764994,3.222683398128197,3.6791431532447216,3.723742806717137,3.9046098493234447
35_4,3.0473667581928936,3.4377997174871333,3.2226695055001504,3.613274150764564,3.0257217368108753
35_5,3.0179110327855536,3.5621493920257468,3.1191793776473236,3.8474384338882834,3.0473662137299
35_6,3.0,2.9985952625973415,2.9989293953262597,3.0017629106985027,2.867133329008826
35_7,3.5621490506561937,3.1191893490875313,3.817538139455839,3.962466509543429,3.147916059890957
35_8,3.9960193308045664,3.991481557359268,3.97068065276046,3.9988432842325157,3.997693003595742
35_9,3.004210302855711,2.9979968597213467,2.9995180140346682,3.0037177425487114,2.948007541480144
35_10,3.0007718884618155,3.006431544703976,3.0600543476898054,2.998528090652814,2.9528051564135103
35_11,2.817751695274319,2.970918668996239,3.0371865144070593,2.9964939419967442,3.0000000000000004
35_12,3.9998638980871375,3.9999100313653138,3.999949997675226,3.999938845765906,3.999948825652755
35_13,3.060050221768592,3.0074682008468456,3.0953329472939797,3.118881209077424,3.0039841991596252
35_14,2.50005515099451,2.8176278706460995,2.2689739819607877,2.5641249367571652,2.0055850554393855
35_15,3.0082419925373554,3.0036900851019195,3.1480257221115124,3.5619134606494134,3.000371661729571
36_0,2.001931457007472,2.000748905126955,1.9892032016885077,2.030329927105426,2.0220104564607486
36_1,3.0,3.0084539275841,2.9993849178236687,3.377357670023041,3.0473627263551526
36_2,2.962832120245921,2.9241884648316288,2.939972629784786,2.9780566992256543,2.977226413807372
36_3,2.998754069102914,2.9997440223227785,2.994424381760035,3.007665466939995,3.0367700529875905
36_4,3.0135755894500034,3.0004819862380603,3.0600273231458432,3.0599928934842477,3.147740290141514
36_5,3.0013030908946106,2.9987947987238965,3.001270140702271,3.0418550930501467,3.0132587193557474
36_6,2.9955840290515585,2.9771814408064015,2.9944243836721003,2.9991055262862276,2.9970915190322853
36_7,2.852110895641792,2.924403131181489,2.5000368366471255,2.9711995449246453,2.924573218124867
36_8,3.7310167612016736,3.6791279285712806,3.995888008818791,3.939534633142547,3.988836466070689
36_9,3.022797453120501,2.9992103439621163,3.010756150544543,3.002965259565861,3.015458078128928
36_10,3.0107255686669996,3.0227465282674078,3.0049588442942823,3.1822122560258888,3.0285993988089985
36_11,2.880937306302136,2.997823375681416,2.9526709625931593,2.562257967454042,2.9582926543631545
36_12,3.9974871072713882,3.991381584632119,3.9998510939514524,3.998887876916895,3.9989089417442925
36_13,2.622501259555157,2.8809556670329535,3.0016313899240883,2.940098464028765,2.981596103096844
36_14,2.222742219018163,2.924217761868454,2.962709182896254,2.9978601027537253,2.963711275883946
36_15,2.9986213945357467,2.999893036804396,2.99827672600303,3.003443555478027,3.0041874604807663
37_0,2.0002265621274424,2.0058761473035855,2.0293263343691956,2.0610500532983345,2.0758121692928593
37_1,2.622641841444807,2.320866324059396,2.9409431889556754,2.9845073236349866,2.964001054745327
37_2,2.148082931237072,2.6225235298391163,2.9630087560174014,2.952816010179885,2.3208808014172253
37_3,2.075888201826184,2.0229994967655225,2.03719727738101,2.3867258628808123,2.148087098669142
37_4,2.9049457216975365,2.26898687190198,2.9643722906953562,2.98792855547194,2.817903186783129
37_5,2.998699624706522,2.998331493692891,2.998852419716453,3.004176186203798,3.0328799057952858
37_6,2.96296939815157,2.970984056983429,2.982310008104538,2.940213355542857,2.562301266183802
37_7,3.9398751448162512,3.4999513266938207,3.904610640408967,3.221518795283322,3.4366314622463205
37_8,1.9909898532255088,2.002097542866819,1.95288567636868,2.0583877387989675,1.9535346322034077
37_9,2.9825667652002994,2.9916166064603,2.992454834815346,3.002139547336302,2.817697811921207
37_10,2.9968916510311123,2.990779521758748,3.0177554222593277,2.9631629625381772,3.0013015027016077
37_11,3.5621495209784246,3.0953365965551742,3.622430528962778,3.1823659040532593,3.3207533697660963
37_12,4.00049224488562,4.010926371488865,4.0011092861746755,3.999999713972143,4.00003226609171
37_13,2.622641841444807,2.5000918463955757,2.963382569700544,2.9856602203910705,2.881984978619822
37_14,1.9988211490740069,1.9771245287970112,1.9959933857598815,1.9993176975087141,1.9955383838706484
37_15,2.0293429540507,2.0953595336946185,2.029303466480666,2.5030722887531143,2.095477931329431
38_0,2.0005365058838263,2.0004558906112226,2.0002069332410226,2.0028037306751822,2.002143647590874
38_1,3.000420915500238,2.4378859510502515,2.7311252617316324,2.970984319844096,2.9848056195115693
38_2,2.5622985265399647,2.0066912827704186,2.060125361904371,2.0856721727582044,2.0480389945903514
38_3,2.6792131304217164,2.9527145881072303,2.995995994545397,2.9707972834447576,2.962813533883291
38_4,2.9402486862060533,2.5622850016859227,2.9708677277362106,2.5622538718018477,2.880874519922161
38_5,2.982444565817787,2.817660112959389,2.952670958456616,2.3210473658052932,2.952754747869581
38_6,2.500048589209997,2.731153121346631,2.3208518608422586,2.2689761366426993,2.7773756179203954
38_7,2.9991423204175236,3.119189209730251,3.0953362126614454,3.0051617212244057,3.1190437246410374
38_8,1.962927001769104,1.9867906237539859,1.940194253822681,1.5155372375510148,1.8530516613219734
38_9,2.9856068005120866,2.2227502267743064,3.00981735929715,3.007775196352903,3.0031098545468313
38_10,2.679310604506088,2.148082820275094,2.817683460154608,2.9676686038550653,2.222765814359945
38_11,2.987999079723026,2.562226838657965,2.8808645729183935,2.9800539830851798,2.7311742319752117
38_12,3.999806147487535,3.999409527518895,3.9998371719078145,3.999735534331849,3.9998491897547304
38_13,2.029353244165521,2.009718378412329,2.5000261038194718,2.597963467680161,2.109027536351869
38_14,2.0067115379030396,2.04746456087027,2.500026132474955,2.06013513278899,2.1825066035153418
38_15,2.001530418404898,2.0230167142853652,2.148081619601795,2.0512017519459067,2.0116400472590694
39_0,2.1192393475779605,2.0085929868125496,2.0758565589049143,2.9470746851954863,2.437886229173226
39_1,2.6792258344509605,2.6225058191599513,2.7310968054749294,2.2690234140513286,2.880895178581414
39_2,2.679271348452778,2.3208593347209616,2.952659704012225,2.9532897299390375,2.9049479099061575
39_3,2.73108951095812,2.3208517803786557,2.2689674359154344,2.757417830755434,2.7311122007226754
39_4,2.731210963360895,2.1824593202977836,2.7774216141043557,2.7387311190125967,2.679475680055086
39_5,2.8808732598250018,2.5622268718113164,2.8520290178053185,2.9247288085956535,2.9405468881174337
39_6,2.9850047385229526,2.9864893150508247,2.9709186612377456,2.9711298007802425,2.940147310451145
39_7,2.9943394544279793,2.9826402797098854,2.9399803887448015,3.004584569416801,2.940429518619953
39_8,2.0179958212468656,2.0044560627237447,2.0473711065673674,2.8270363292528606,2.007367073967929
39_9,3.9858967233743976,3.222675294135215,3.2226752745911327,3.7190707060125336,3.377357669382709
39_10,2.3775884345814338,2.1192266184397273,2.0033478429391156,2.5938723016826137,2.1338049662570304
39_11,3.22267768027483,3.0292662839850277,3.0109284350295473,3.047258315036619,3.002619850470449
39_12,3.998458654250313,3.993267188327906,3.9932666263398584,3.9991038072140563,3.9993672812837504
39_13,3.0757987015001222,3.0092204769697446,2.994268568947762,3.28888133128857,3.000874150762707
39_14,2.9910013095860952,2.9973174940065914,2.9526709758510687,3.013145805072906,3.0
39_15,2.9967154959865567,2.958071268351263,2.9400375168737005,2.9977317881008623,2.9901829585818405
40_0,2.0373660555342115,2.148082797028581,2.2227335428792045,2.018018825891686,2.6792445902787625
40_1,3.0758458894841283,3.0229457256851604,2.9987598134724522,3.1058522853634187,3.0038086096665175
40_2,3.622430556782288,3.0109413324844545,3.029300165080163,3.0948425198172984,3.268716812584917
40_3,3.020296572881392,3.0023141422361372,3.037311370618907,3.082295183348442,3.07561818216922
40_4,2.1480827688301916,2.047464595650471,2.0601248604557196,2.984825385451033,2.9864934834411163
40_5,3.0139544700859457,2.999540168831038,2.9925813438206146,2.998744137221441,3.000199474587123
40_6,3.0024065234287507,3.000530132018915,2.996912189355972,2.991976331210236,2.9877749306288655
40_7,2.952754353793304,2.9242660700504595,3.0007895103345508,3.008985241628311,3.075668546310791
40_8,4.022915836090186,4.437750198531679,4.037219949484081,4.001959756812626,4.022478663657926
40_9,2.9906716625947616,2.500044086508286,2.9399456598203852,3.012043611368399,3.008997372039968
40_10,3.222679639701203,3.0372861067758987,3.0953345808573496,3.0136168485696104,3.095286955168731
40_11,3.000177748329875,3.000057298897092,2.997902136209787,2.9998615263118795,3.00236367952058
40_12,3.98589659367246,3.99588984205128,3.9974874152161766,3.999632906941561,3.998739275116539
40_13,3.0004689424289834,3.075798700757893,2.991683876218897,3.019755177792266,3.222254363745759
40_14,3.0179546568243674,2.9821102242732107,2.9969671998019707,3.0068569784215256,2.9993983076891557
40_15,2.994519589868685,2.96702350797229,2.990357768046817,3.0092654062735322,2.9771630463007437
41_0,2.0000849056261973,2.0000500160664387,2.022810393159099,2.1105150608188428,2.0602374300673367
41_1,3.0,2.99062702711862,3.003265995355404,2.9845838952515487,3.0225959309991
41_2,3.222640287462537,2.97094931831473,3.2226390031651637,3.036987160110856,3.003037283215053
41_3,2.037365783454885,2.5000282453234357,2.268973642834754,2.1736835766955718,2.958892136681383
41_4,3.0228371295942313,3.000874179364156,3.8175396318784407,3.041876211656818,3.2223492751338885
41_5,3.095316620986236,3.0033604085432066,3.3775184943880245,3.6752323248006094,3.561325843436332
41_6,3.022818558626145,2.9804718064985476,3.00944711522777,3.0472372747844205,2.9845244134466467
41_7,2.947508930707091,2.9242516238017324,2.777375822492195,2.9965676993646198,3.03216552505827
41_8,2.3209943811941085,2.9662628575925414,2.981669183950266,3.00272336077586,2.9726135245559697
41_9,2.6792313701892305,2.0474572854597324,2.817612308890473,2.9864946629928486,2.9892716373992663
41_10,2.952805062153145,2.8176974069434224,2.9918532062860996,2.999579101497087,2.905001049944149
41_11,3.022910891755931,2.977453412739027,3.2226368137083172,3.008373857177336,3.021272002908411
41_12,3.99138277099352,3.998033282550242,3.8519160748477854,3.99819358386244,3.985888089939307
41_13,3.0016668459061733,2.998754068988445,3.0077732940889153,3.0053923616294216,3.032372823752558
41_14,2.9802206068902635,3.0021433769112784,3.0039831607922007,3.009040808248399,3.009479527048782
41_15,2.0097229291129035,2.182460358324154,2.0037401152283967,2.011001851633369,2.679598192956831
42_0,2.148085942789087,2.320857231163031,2.268974257715784,2.990067166531545,2.994598128698534
42_1,2.994247479032679,2.987948519399583,2.998702270620387,3.000788987123714,3.0290090862536703
42_2,2.9399990538106167,2.9917580043336005,2.9994098799117452,3.000575686488919,2.9986260716277187
42_3,1.9995720201081855,2.000732812807219,1.999069304984775,2.0274407280577162,2.0992576667576763
42_4,3.0036900855722743,3.0122518919292647,3.3775170599429645,3.084598721841916,3.005614998060702
42_5,3.001996805555846,2.9990516146053396,3.0051746224870333,3.0094936212295558,2.9968376113663178
42_6,2.962782599385706,2.8670777846110345,2.974078501513097,2.9892744447982915,2.562240489943945
42_7,2.9972105313172404,2.998925633379646,2.998878824175738,3.066923366798775,3.0072808529262165
42_8,3.998462875801108,3.998068661097804,3.998447434267052,3.999093258516659,3.9995846876854113
42_9,3.00068152262707,3.007241759210492,3.37751668023848,3.05960374476005,3.0169520373168255
42_10,2.9943195473205915,2.998526981865942,2.9996417344071373,3.003162923816118,3.00578131826938
42_11,3.0006986747069435,2.996417783420985,2.9973225205501355,2.998197304927464,2.9983051740647166
42_12,3.9999709572617257,3.9999914394392038,3.999927912674022,3.999885808209474,3.9999356772945753
42_13,2.9998444907456783,2.9964827045912616,3.0015211645366446,3.020159238924818,3.001546717489065
42_14,2.500028230691475,2.9822753552296777,2.9740945911277605,2.9998446224907496,2.881032775415624
42_15,2.9949384071234184,2.992910734338771,3.0019521705596537,2.996843634533268,3.000668462059312
43_0,2.029352821759436,2.500025178767739,2.268974263939751,2.9412031397375635,2.679244818189068
43_1,3.8807572884789705,3.9241040160881964,3.880759056869546,3.93868741375832,3.9622792431360447
43_2,3.013575557348865,3.060010871409565,3.013997300278647,3.010271910773132,3.0752274848525984
43_3,2.9970327856028276,2.97416647567318,3.002269151727671,3.0328616412542826,3.320235364433408
43_4,2.9876647289153913,2.9526062047619854,2.977131934696553,3.0029656922145676,2.986078027119955
43_5,3.029215596122403,3.0372029145138733,3.0758114847042997,3.8424754637236442,3.0792209711392653
43_6,3.119183901874135,3.013967266568567,3.075825554293004,3.0228805092406703,3.075811009449794
43_7,3.013767446522536,3.0291883440206515,2.999531057503901,3.0011469926318504,2.999800469910694
43_8,4.046050417572708,4.851867056869093,4.181593127862355,3.880530566111644,4.089679986370244
43_9,2.88086458766554,2.880921110899934,2.962705020241937,3.0024228102863417,2.982310456921154
43_10,3.8175376254042015,3.499974892438274,3.095316496099176,3.1978013007373147,3.6760959290598025
43_11,3.060034073889945,3.5621495988451417,3.1191859871677075,3.6211811068227204,3.1479803705689178
43_12,4.000119375437493,4.000492757865577,3.9999612802181908,3.9999168089748283,3.999875059760163
43_13,3.008316135085008,3.148009538334785,3.320790064740206,3.4988513687030802,3.88011662792782
43_14,2.1192393773174913,2.268973350003764,2.0601225230118483,2.879981161422967,2.419605575343373
43_15,3.4378001794568114,3.880760292376506,3.3775191356247616,3.8155644873117343,3.952324138192703
44_0,2.3208528440394423,2.0421225631195936,2.0953748509450314,2.947074673469396,2.0374449990648698
44_1,2.4378514650969167,2.4378513299146567,2.7773307061034562,2.999741560076022,2.679226538047367
44_2,3.0007315087809743,2.9987600324824184,3.0004467972112265,3.1818727153678346,3.118793727094109
44_3,3.0292155693855456,3.013939976968269,3.001405051913307,3.0939961506196316,3.0595818362364424
44_4,3.0373155699130474,3.0021766216815005,3.0758348303088052,3.3663605975849964,3.0178043714674025
44_5,2.8809214754662444,2.904710234837049,2.924194565041963,2.9207790775328952,2.502400158123201
44_6,2.996556256783454,2.940053876754077,2.9997486975162193,2.9822446579715,2.9961001647518146
44_7,3.0158546072872072,3.0000944136992564,3.007565610986925,3.2657086733366723,3.5610921433372518
44_8,1.3785249978210083,1.950920895006061,2.0650367828756138,1.1920653904683114,1.5775420552198474
44_9,3.00226159245174,3.0062621701266674,3.0065838194076764,3.004176187037098,3.047134064696798
44_10,3.013152477417536,3.001015664925009,3.00115046227017,3.01187505173564,3.2223253289061393
44_11,3.003132556585923,2.9997431834758306,3.005192484612117,3.0065965705514373,3.060050160919002
44_12,3.998457659524015,3.851914757756829,3.939871363429438,3.994562433153063,3.997093539473646
44_13,2.9989256325719564,2.992684082727063,3.003911619119624,3.052126546256754,3.0081448288952406
44_14,2.932494555241337,2.8176047577708854,2.999033936055243,2.9970584353712777,2.9983701621869727
44_15,2.998443649384192,2.9983692536921454,2.9924582675167515,2.99945700382027,2.9891532448962868
45_0,2.9149477328170335,2.9526709801826985,2.996004788741248,2.999301917769808,2.9845827129110885
45_1,2.3208518649804644,2.5000250044747414,2.1480834710113372,2.3783275564084554,2.3208953254925087
45_2,2.9862325464752217,2.9400230489821846,2.9978566243320808,3.000000000000001,2.817650082754307
45_3,2.119239408175741,2.7773956596619813,2.8519949902916077,2.947264721194562,2.5001436340970975
45_4,2.1480914465214456,2.987864507968756,2.9967024206079653,2.993751037986703,2.9800061599827963
45_5,2.320851733577381,2.3775694177009057,2.9046634017255193,2.915022454136017,2.679280549592603
45_6,2.9863165597179253,2.95796446934817,2.982137506994941,3.000137260831016,2.7311921256098532
45_7,3.0758457877267316,3.2226817086818107,3.119183702323003,3.363254832065043,3.0673980907688345
45_8,3.1191266484657816,3.0178063850133006,3.1191353910802637,3.0150985793311085,3.3205857193033217
45_9,3.008511267358812,3.002504921285491,3.1191859183473376,3.1169221477688183,3.182256025378729
45_10,2.9994687976845165,2.95271458133165,2.995593945639204,2.9991260323956936,2.8520314764490444
45_11,2.9047179029370134,2.731086497925134,2.9820801778841632,2.957964517344768,2.9669600802148857
45_12,4.000170186662562,4.000201114068022,3.9999797493923532,3.9999043072782476,3.9999316090304933
45_13,3.0600706495983427,3.9626342145802176,3.060074841674916,3.696953382343022,3.147715649244632
45_14,2.9915811096350717,2.9707631363377156,2.9324693549075636,2.9994103797881855,2.946724289124927
45_15,2.9842523201400533,3.0006986748133277,2.9960047881820686,3.0026825019720262,2.9772541994480255
46_0,3.0758113360035755,3.0001568887196166,3.2226713167561885,3.147361987461373,3.060000687553148
46_1,2.991095718137193,2.817641970797239,2.7773672668137417,2.9961106328661695,2.8177136114491566
46_2,2.9992281116342223,3.0013739297293336,3.002420895087872,3.007791574763654,2.998850058939566
46_3,3.0094123575486456,2.9982370795197935,3.003866637446878,3.118115557411429,3.0134368769418423
46_4,2.9631038195347545,2.9627970821994327,2.962832086241734,2.9954141002338592,2.1480968217432634
46_5,2.6225493139830798,2.962832087865666,2.852049849788227,3.0597615959899227,2.9047478008561294
46_6,2.986740573909794,2.852028974082588,2.9821539282133913,2.9537484994989622,2.963229035434416
46_7,3.008207248008689,3.0083978039262917,3.017876994844788,3.047315947314555,3.0174332370235217
46_8,4.002572530904223,4.001834703299258,3.776116982107018,3.55561348239578,3.982098841715433
46_9,3.037260165388744,3.003911624414209,3.060000696023085,3.2418801227512413,3.0164786481096013
46_10,2.9939335788001045,2.940093425895376,2.998526981230192,2.9731653150711135,2.940297103833957
46_11,2.9744734285889907,2.7311116844793344,2.990917983912316,2.983515986246521,2.5000550014008387
46_12,3.997487446064399,3.981974128037902,3.999048849986538,3.9993226515730207,3.9947384947874136
46_13,2.500048583872303,2.962797080284688,2.9822445850910233,2.9905156580616046,2.991461565564164
46_14,3.0039611631341048,3.000258454121834,3.0229254935482532,3.012224236663243,3.0045933044630093
46_15,2.9991033805583,2.986316563207132,3.00060170157084,3.004307669414133,2.9402099731111173
47_0,2.9926024258787813,2.9954753284190336,2.990357763479693,2.952756634744894,3.0014396270319055
47_1,3.0599896889571547,3.020265922994562,3.003414008036848,3.1818727449092066,3.561092143012339
47_2,3.222682829927874,3.0202736784821647,3.0000000000000004,3.1327067993665034,3.4999615993775293
47_3,3.041990774882794,2.997631444528061,3.0058020592031016,3.0951030301083393,3.0673593331782882
47_4,3.2226691503626954,3.0202736784821647,3.0009910326206812,3.005752007675856,3.2688852461016107
47_5,3.437800332763188,3.060064082778566,3.01095552103818,3.020152308955549,3.962629168432739
47_6,3.002661051512306,3.0025613296400464,2.989192782047649,2.8671502672240163,3.0292456294527463
47_7,3.222657567892587,3.8519166856905787,3.499974861735234,3.773436296491919,3.000371661544895
47_8,3.8807606098860106,3.8519171287868628,3.8175398958382787,3.05331022694982,3.037217297438568
47_9,3.0952242500287426,3.268903253156069,3.013859955770482,3.5584694486487867,3.8785158198290084
47_10,3.0025049207304852,2.9935377744697607,2.9953327342841574,2.9969630617698306,3.0200360277415994
47_11,3.268917040180565,3.0202736784821647,3.001063811146619,3.017411527648129,3.4999615993775293
47_12,4.003112579184626,4.001109447531155,4.000200939142416,4.000007762737965,3.9999891161565033
47_13,3.0228371449802127,3.0174981564017456,3.0084684240963075,3.052925343355875,3.6786165721519715
47_14,3.029287352778718,3.0258480044817735,3.001591352962233,3.0330471377547665,3.147840386827151
47_15,2.1824630181033937,2.7773165380775016,2.7777455679633993,2.9774768271017242,2.9946430945808418
48_0,2.0474644535795092,2.0229689354195917,2.0600848445316604,2.269575029011996,2.095360639776614
48_1,2.924437595888175,2.025992146740173,2.9827235831139416,2.994895970386911,2.9056781880658242
48_2,2.0141032047836496,2.0601080965569767,2.2227299721892555,2.8522879209106966,2.320871734417828
48_3,2.0953879090304492,2.500115042814365,2.731230619541426,2.990005382217752,2.8525709193787447
48_4,2.268983228240837,2.075895907653846,2.6225168654558932,2.96417487607927,2.7774977816729876
48_5,2.0015058786196134,2.003440488339809,2.000278180155516,2.076041753858931,2.1191623335921057
48_6,3.0026828072986045,3.0008741796074494,3.009661868279473,2.993895138823978,2.995584030996466
48_7,3.0951190926816188,3.0595993392940257,3.9706522051302575,3.814286586306498,3.118500530279747
48_8,3.9525830831792264,3.989121609501228,3.9915521311277002,3.9979249741261356,3.996803336475279
48_9,3.147503210931949,3.025720812367999,3.4999079143315472,3.904420066888759,3.0745390045236527
48_10,2.5622850017662437,2.9048808450603216,2.94024869075718,2.7312527403648836,2.622560644674242
48_11,3.027386497585872,3.005776582058761,3.0065449295526023,2.999523467852108,2.9952678149479883
48_12,3.0106514165804086,3.0371679204177546,3.022746524937398,3.376795348308096,3.182280566022274
48_13,2.622664592078168,2.7312305073832346,2.817697402731505,2.7313751923500234,2.6794863110627656
48_14,2.006646728044988,2.005699811003867,2.0178775302948533,2.6794600055648803,2.0292757025518546
48_15,1.9975450780726955,1.9983538292393697,2.0019398431026123,2.018249556326221,2.0007356100775313
49_0,2.6224877244616276,2.095386602305834,2.56220253718394,2.067788410076648,2.9468677486860213
49_1,2.562223363283544,2.562221963644091,2.977131942632085,2.99364354484213,2.8176351303918894
49_2,2.3775809338186322,2.6792210664251255,2.2689736543618424,2.2228038668574963,2.1824602234585324
49_3,2.9968409713197324,2.991802640752384,2.9400727321691655,3.001667638115097,3.1471718129430464
49_4,2.622535782704377,2.9798078176514133,2.998276726840687,2.9956912239354914,3.0104801994514694
49_5,2.924300929593971,2.622501247222032,2.970891701204078,2.9973801462640126,2.999579121434061
49_6,2.0953866023516583,2.1067273896067515,2.0229921850653536,2.075901730173117,2.1481216407562083
49_7,2.9892744308075625,2.8176420263576842,2.962813510139118,3.0411078661528035,2.9987313058099314
49_8,2.006481543637991,2.029252980905836,2.181978948550898,2.0927167104528777,2.041498485570852
49_9,2.94668230689451,3.0001372766908454,2.9669660687747355,2.999905586344659,3.002465528359103
49_10,2.974182890411735,2.9917186179430613,2.974101415251574,3.0,3.002135526272104
49_11,2.6225168649358013,2.8176168758580897,2.731165101412838,2.348706402871939,2.622485299104009
49_12,3.981974129529349,3.9398750910291818,3.9769781202752457,3.987239635382543,3.904420092823858
49_13,2.9861400374142715,2.9580712673665275,2.9771628395303056,2.9933342567232484,3.001846683002254
49_14,2.5000365432874347,2.731125252544495,2.9707543605004236,2.9921374535072682,2.991978611062293
49_15,2.0373657717044527,2.0109706795197555,2.075893866312885,2.271070452146006,2.7774744513328735
50_0,2.986646175823567,2.986271936672253,2.9989843377116023,3.0253880710075793,2.9964177876662035
50_1,2.2689739865011496,2.946672381410183,2.9876434339341094,2.9845894723467676,2.992457832280644
50_2,2.6792032268061456,2.9325391687384683,3.000945016972026,3.0037721721060673,3.004049301622028
50_3,2.957987842292481,3.0000000000000004,2.9965649007099406,3.0011214068431618,2.9925627296374637
50_4,2.986367119590437,2.904774720680819,2.9771191409665776,3.0053677382437947,3.0228371433634655
50_5,3.182349503595938,3.0109118856036656,3.6791046546395996,3.49972402159625,3.8174801961997837
50_6,2.562243570193339,2.5622268391136536,2.8808389665008978,2.904736657557973,2.9774541433720803
50_7,3.3774919714773706,3.147993841860919,3.437799860662482,3.775854393974008,3.2224053271080892
50_8,3.976974199036181,3.952565024825061,3.99326860629145,3.950532441074095,3.991245266980095
50_9,2.26897339520386,2.8176221674788673,2.9241600126079814,2.995734407858182,2.9974537370972745
50_10,3.0758213161448356,3.0095993921357427,3.075844976168256,3.9031864747536513,3.0474058445515757
50_11,3.119173380329212,3.037241446228201,3.8519169949412517,3.4377255331509806,3.677704176337871
50_12,3.999758669382682,3.9998619513627824,3.9999145256835584,3.9998239118082073,3.997119358128725
50_13,2.9049848859127794,3.000757210072749,3.0083738995475144,3.0310607347466734,3.0100749004603404
50_14,2.3775891388954533,2.679296087954308,3.0038943185791296,3.03640228113823,3.0072513372739533
50_15,2.6224831155644046,2.679227088948352,2.9707972566390937,3.0,2.8936265284822067
51_0,2.939954588875759,2.6224936650234745,2.9941738584512905,2.9996686151855747,2.9890647390013116
51_1,2.9907222477431836,2.9953327317077174,3.0010706043900623,3.0049910189327105,3.0050991015021626
51_2,2.9998004633458772,2.9980152709005843,2.9975759464673413,3.0086759897885234,2.9950000635380225
51_3,2.9932269416216712,3.0008748312106324,2.9970308021648586,2.9995245579448984,2.9938960224674185
51_4,2.9708677253687354,2.986197789590705,2.8808234473631247,2.9832165206103016,2.993934721612839
51_5,3.0473402553951052,3.2689228472199043,3.437799297335857,3.234092683089434,3.0756986293345365
51_6,2.037365780133207,2.037364676924712,2.119240928837731,2.182901431322964,2.047460963723487
51_7,3.6224277597195598,3.2226752805195784,3.6224303626277643,3.892185028350141,3.6791143134542375
51_8,3.0125624563370983,2.9946417986677516,2.9777323963716236,2.968848799346818,3.028142791647827
51_9,3.000601662251513,2.9976363206519836,2.999054980429462,2.9963123441552133,2.9971233328069986
51_10,2.008617387685259,2.0758959081168085,2.1480829676651205,2.3215342955098537,2.2689734762616216
51_11,2.3208599309000695,2.0953837835118287,2.222740036112191,2.9582804394676154,2.989818741848845
51_12,2.8520290200666145,2.62251107776641,2.9243012540463478,2.999999999999999,3.0031078921590266
51_13,2.9047476709987072,2.852012801347158,2.9934868006145625,2.9882953548019215,2.96746818385227
51_14,2.7773474705605694,2.8176279549655114,2.9708281174736784,2.992979240317335,2.9919761272332877
51_15,3.0006968673853454,2.9847201826744922,2.986197820829304,2.999383618513512,2.9798265127671177
52_0,2.001654587897922,2.0051853923697425,2.0065643623741565,2.1826685851904593,2.007564204830469
52_1,2.679237408317164,2.8520387474567253,2.851982707969398,2.9883850712167352,2.8808651676627623
52_2,2.500059540622651,2.2227334539027876,2.8176344971238243,2.4378666482598397,2.1192338654092358
52_3,2.7773956565121227,2.43785611249292,2.9526837506218016,2.9469840327257963,2.880909514847591
52_4,2.9939335794085484,2.932577498381444,2.971175802024919,2.9970995745996447,2.994016944866342
52_5,2.9048303326088174,2.43785611249292,2.679221189162353,2.9469840327257963,2.880909514847591
52_6,2.5622386483687003,2.8176974065548133,2.8176601356541795,2.904736524491715,2.5622223569042823
52_7,2.1824600450502714,2.679271347632617,2.377578606086182,2.1824516931966107,2.1192427350047027
52_8,3.0949208905908145,3.2225921828147053,3.4999588368956283,3.3207025858907344,3.8175037064441772
52_9,2.98231002268758,2.998333154212882,2.993737816612866,3.004582120747454,2.622642331623532
52_10,2.992226704197287,2.6792713498669225,2.8808831185185917,3.001845056484415,2.8808575118766506
52_11,2.0953866159832235,2.2689802736893845,2.377584739474953,2.5622762745643235,2.0953954155208283
52_12,3.036896140992689,3.0757483823135714,3.0473402635771887,3.0952893035445412,3.730945179807092
52_13,2.777437239359998,2.7311252816121137,2.971397427969638,2.9245846413402563,2.986424467746247
52_14,2.6225235294639155,2.3208523929339724,2.880937378202718,2.9402177520926487,2.9711769779545816
52_15,2.001705291186986,2.000050024480442,2.000518727635487,2.0004440601317457,2.000863583753164
53_0,2.817610089201982,2.060120828586522,2.437850579685519,2.9426208886955068,2.6225570367130433
53_1,3.047379576786901,3.005123922354093,3.015895796641623,3.4353299863581572,3.0952948687084203
53_2,2.9741392413369634,2.984202792771687,2.9925462929307822,2.958280447084698,2.997863139534812
53_3,2.982349416934781,2.958071280248462,3.0292368573106567,2.9968410145324693,3.0032929820766907
53_4,2.00168497319832,2.0259975946655064,2.012396805396996,2.679639387056606,2.9632400793864124
53_5,2.9994098840466514,2.99986272385497,2.9992637408412315,3.0654091005471487,3.002261043630829
53_6,2.984297298442998,2.852028990155162,2.996564900955953,2.99910290925083,2.992335508470605
53_7,2.996556258567691,2.9772842378332536,3.0015913513934778,3.064809489996964,3.013849473960467
53_8,2.9718568790835227,2.9913238441129706,2.997996860701381,3.0012691460892666,3.016815560776687
53_9,3.268923354465865,3.0123960547508615,3.037313133258394,3.014023015110952,3.0599882409453167
53_10,2.731096756087999,2.7311060575996566,2.7773222886511757,2.2689966841401485,2.8176883120654015
53_11,3.037307238522064,3.0474144489307444,3.9241040870653134,3.067484434760738,3.1824092587664943
53_12,4.000035582212711,4.00011952328871,4.00004882511907,3.9999780879387004,3.9999264003328427
53_13,3.095289787438157,3.0025396874827535,3.1480327456558705,3.199366409890294,3.059838195091064
53_14,2.5622591350880892,2.133014988126418,2.904710370448889,2.9939326434635523,2.9922272383340562
53_15,3.0123080091666066,3.499974201419126,3.0953309652907652,3.675232318904116,3.143120154691987
54_0,2.0036305454215513,2.00856137573373,2.0179853190000174,2.564124940449843,2.1829013978604075
54_1,3.952535413320409,3.924103959248549,3.777266441083141,3.9873533683641296,3.075670143344105
54_2,3.003899825886487,2.9944690145660555,2.999479074271692,3.004176184958098,3.0136168557198446
54_3,3.0127385881633315,3.013575578984142,3.1478839142071444,3.266416798337697,2.9992281139950423
54_4,3.817539899914656,3.0600747324472453,3.268922901633344,3.7758543933965734,3.1817203405965246
54_5,3.9819743065256588,3.268923311559821,3.437800220586844,3.9624189038447466,3.0757276936480786
54_6,3.0229493885760452,3.0001078704755395,3.075844977617584,3.000292742765864,3.006583815943403
54_7,2.7774374811606988,2.9865628716045616,3.0287593116333285,3.0072193990028953,3.007073436990716
54_8,2.9056753913847055,2.3777133965267905,2.905080137299604,2.378251960951664,2.940623523415415
54_9,3.0058886758685115,2.9968916506059533,3.0073975754157574,3.082295178056797,3.0006181684976614
54_10,3.1191496488511277,3.3207978276874295,3.2226647401549755,3.6190416429273844,3.094682772249356
54_11,3.924104037439761,3.6791478176605446,3.9525354803797845,3.9704301767405337,3.075670143344105
54_12,3.7310260987136474,3.9398740647221695,3.998790316170596,3.987157552275523,3.991332184458533
54_13,3.036699972115214,3.047366765402598,3.222682807419773,3.6913236139281382,3.0086751725231533
54_14,3.002682808075211,2.995690991678782,3.01787697407538,3.053055635990249,2.990183507383569
54_15,2.977453415799988,2.9242388977463363,2.9974296286919984,2.9921347325344447,2.986233122515539
55_0,2.148082987123399,2.8176601292869456,2.622501637070058,2.995596481987334,2.9890813029556584
55_1,2.9711757924393662,2.971175789604744,2.8810267411630406,2.9632273663315756,2.999628248578568
55_2,2.7773532011558784,2.984355044150552,2.9528051007117577,2.9805885303642667,2.8523512682593406
55_3,2.962877004327409,2.997908783326267,2.9976306191485302,2.989817456639035,3.0073917157562393
55_4,2.7311181197043424,2.6225059766830636,2.924217776500506,2.940179853134805,2.9672131543043037
55_5,2.9944690133564436,2.996191125138581,3.022892138319512,3.0011209196828093,3.001668506203187
55_6,2.9905876420274313,2.99479868562611,2.97709789003298,2.8810199233161313,2.9746015841734077
55_7,2.996360486692539,2.998443647068557,3.0045133800346235,3.000155479884985,3.010690457132729
55_8,4.999357217052879,4.9998857029844475,4.999898521781787,4.992022077782312,4.9236908357135
55_9,3.004593713068519,3.009549861615651,3.0121317483726724,3.0007571436220157,3.0080242503533854
55_10,3.0027894680761853,2.9994541197745916,2.9971627218489787,3.002418222308984,2.9985281634547385
55_11,2.9775755737720533,2.989639530665462,3.0032581895951593,2.9954062905650933,3.0020921488878347
55_12,3.9999367710200175,3.998793089094869,3.999736040868188,3.9997502278305004,3.9999321521551474
55_13,2.9879990808006798,2.9878645036603166,2.989393211015834,2.997996998868401,2.993465714674344
55_14,3.0007926656786954,3.0952819883632636,3.017846040380498,3.094842526867994,3.094291934334717
55_15,3.00658382565609,2.992626323413498,2.997823376762434,3.0053577223756505,3.0154749850765117
56_0,2.679209926346545,2.3208522388347794,2.817594419989159,2.940529870899717,2.952865950220502
56_1,3.222657593230527,3.0372173378836096,3.6791480216946604,3.4337358455886715,3.320074807440231
56_2,3.002313026511067,3.000789510272625,3.0034846353844498,3.002241978203674,3.001546717879757
56_3,2.9775106849079034,2.9823100226872086,3.0178460270160388,3.010059488440358,3.0255723937086616
56_4,3.1191818679407355,3.1480314705506665,3.437800287678393,3.678271911709448,3.0757301753376445
56_5,3.0069508015909827,3.001475879683262,3.0179198209800098,3.011256356340338,3.1477156980247143
56_6,3.3207741544065583,3.0037347183830057,3.119189274030967,3.6788257337472134,3.1478829627753617
56_7,2.8809211041632246,2.9048808848954137,2.982446541881989,3.007222570045631,3.006103977531568
56_8,2.7776230890123936,2.7312305487827286,2.904736550461239,2.996480679304638,2.3211742685109864
56_9,2.982172536390931,2.982310016215377,3.002242072110945,3.008985241628311,2.9881223329795095
56_10,3.4377973993262185,3.047408241440394,3.377519183088686,3.3772528282634986,3.5616497997646066
56_11,3.562149546355429,3.047408241440394,3.377519176028443,3.3769553681593427,3.5616497997646066
56_12,3.999407238261696,3.9997383650481324,3.9996639926972284,3.999690661757979,3.9998054674603423
56_13,3.1479502123140217,3.119179341420849,3.5621462663728978,3.3203606155674588,3.939609939667183
56_14,3.0599896712442223,3.1480136865334396,3.2226678697748374,3.3771771673992816,3.3182716613680996
56_15,2.3208519917309833,2.182462101789194,2.9915187801252725,2.9629600923002464,2.953018672907345
57_0,3.004593707434619,2.998153745766872,3.0107255480530393,3.3196041358260207,3.0472829841810634
57_1,2.1824600641385565,2.852012781429405,2.962725228463103,2.9630585726457204,2.095579910378716
57_2,2.8176710517614527,2.8176601070428413,2.9526709677096723,2.5001435748841137,2.9403220760891853
57_3,3.0081467941419366,2.9989868131307196,3.0065693276282173,3.146927845577825,3.013134336028854
57_4,3.0007718884784578,2.9994098802360165,3.0084539323771033,3.059551769803243,3.019124454939435
57_5,3.001496148764185,3.004510378978159,3.075816810215736,3.620826797952042,2.999773991988851
57_6,3.0757176472657823,2.9048094582699737,3.008281380637315,3.003158439080954,2.997317536008823
57_7,2.9862719429218503,2.9823100241259337,2.9983314958779173,3.01170922795256,3.008997372109521
57_8,2.0010161588493487,2.0140387711218493,2.0005932737355603,1.9470643249294148,2.042001747607041
57_9,2.222734592042468,2.731142726726295,2.880838989411853,3.000698800411271,2.991793315211845
57_10,3.0038998366902225,3.0094123571759694,3.005787559847287,3.022638473966599,3.1188444496203664
57_11,2.99171861605743,2.967054349772662,2.939965813543174,2.817642289509063,2.95273317510751
57_12,3.9769828926471185,3.8519166841726253,3.97064205303966,3.9524883743748567,3.988908706990969
57_13,2.880883126946753,2.962832079198658,2.377569345566396,3.002882727398714,3.0030983018381163
57_14,2.6225112333111458,2.9711185507193094,2.731106740758816,2.9898224449998465,2.5001023750444906
57_15,3.01229160000273,3.0083468268909117,3.1191790406704647,3.2195289338057655,3.0471634165373547
58_0,1.998672239106359,2.0000500029442554,1.9948753783348898,2.0017152748743006,1.9933407711874105
58_1,2.9401442209590702,2.9242276608030524,2.994350225961778,3.0014718766265522,2.777361332489256
58_2,2.5000400476699953,2.562273282546863,2.970846651628037,2.075883691859009,2.3775910328800802
58_3,2.7311334060912036,2.437942630482619,2.5622460020595264,2.996561878744943,2.880977048378296
58_4,3.009954624705113,2.997438670795421,2.924403059196659,2.882188499968268,2.996481625209523
58_5,2.9400102988600123,2.679237413457371,2.977253478642288,2.9528363803845883,2.9874377332516726
58_6,2.982217509174637,2.9710234158468682,2.9937951088823915,3.0003717495895286,2.9987002760679022
58_7,2.982349388842428,2.993860027300475,2.989192778956281,2.9983340084591017,3.0221707699603155
58_8,1.2228037678761938,1.4379360309351148,1.0230674344444903,1.1374443438412956,1.5019981161832894
58_9,3.010360475289857,3.013904948363453,3.679147697276649,3.320703210638204,3.1478654084486988
58_10,2.7773956584412645,2.8809210974112767,2.7773849209654293,2.9879485619113098,2.9243456030849813
58_11,2.980098428482234,2.9823100110097074,2.9976314443664256,3.00351933129631,2.9992999498246653
58_12,3.9947391013916245,3.993267188327906,3.995889887929611,3.9993413612148205,3.996648596113001
58_13,3.0076663408806446,2.8520289667431906,2.993642611109259,2.995259975885939,2.9708467505965
58_14,2.0373486418822626,2.075875646012399,2.3776099956699372,2.3776128038603286,2.222762969798954
58_15,2.0293451810482614,2.0953792356875556,2.119234122760114,2.1193265650074746,2.0601022359457835
59_0,2.022969019218007,2.047429726989969,2.0179844267969167,2.09557990138808,2.0124696526381602
59_1,2.731142640221961,2.998699624255303,2.9891366581106817,2.9971165429184654,2.992049164986686
59_2,3.017846068474343,3.0049588417589264,3.0043135328677453,3.003063714187488,3.022714662066361
59_3,2.7312109867394696,2.905555271819619,2.9528050671254458,2.9082876824718444,2.9058285972046853
59_4,3.0049588430204515,2.9907795221139004,3.0006970831161333,2.9991055134995737,3.001473017672137
59_5,3.0013003762772907,2.998679287594538,3.003435099793908,3.0064076234916506,3.002546165429555
59_6,2.987748096879402,2.986197787654834,2.9772534699705844,2.977402896473648,2.982447113779845
59_7,2.9947986847061405,2.924201291008059,2.986197797709082,2.97447564720738,2.9970327949543734
59_8,4.001246346432674,4.320712528784716,4.037191426053135,4.000741739960267,4.000172727119349
59_9,3.059855750136623,3.622422230758467,3.0599896342653916,3.2669694418132607,3.0080073901751705
59_10,3.1479872200738725,3.013510681147445,3.037146861787679,3.005104398211879,3.0099543733286644
59_11,3.029132271042242,3.021652576117923,3.029108392210824,3.0595307605878532,3.0181467168198832
59_12,3.994739304717042,3.9987972002792977,3.9996639536965546,3.999104655368862,3.9995180060834286
59_13,2.9879485221641113,2.952754191606496,2.998782958730574,2.9958123032158546,3.0
59_14,2.994919795633454,2.9821725432374193,2.9951153227233256,2.9950774489180545,2.97082958862115
59_15,2.3775846748975082,2.119239316967852,2.4378589949317933,2.7782240053589353,2.622594972780178
60_0,2.025996579962592,2.018011561472337,2.037363162334981,2.0124070524833555,2.003859306070282
60_1,2.6225235297376304,2.7311060581251105,2.1192294196773345,2.9930931878488747,2.9937480474931264
60_2,3.0123080276504073,2.9961945760220385,3.377509487557047,3.0757331286936394,3.0171820164846483
60_3,3.029301352401381,3.0022691521045344,3.000615340033047,3.0005209235510284,3.0069507509123348
60_4,3.002883881472598,2.99132384022774,3.007951030890608,2.9899307998091813,3.01628422587852
60_5,3.0007914970562193,2.9325938418422277,3.007373677186939,3.0598521674938715,3.014736830252104
60_6,3.2226329201912116,3.0037283259898873,3.1823655148464907,3.1478180606254575,3.028143110782077
60_7,3.004348299668154,2.998305172384872,3.0030407640771917,3.009214441745128,3.0018926849441345
60_8,3.995889909342259,3.9525355483373916,3.9994718892096577,3.99672183726123,3.994709167260498
60_9,2.67931058114295,2.377575247032022,2.3208516964761037,2.9402921551057246,2.953070315618915
60_10,3.003265997712857,2.9969621414031056,3.320786796290852,3.07559588566915,3.1189999248345948
60_11,3.0040505601029186,2.996100163199158,3.562149322681591,3.0952244689229587,3.119023473235784
60_12,3.032945641938804,3.0106907757231403,3.0080894784950005,3.002545282727066,3.0121353535797613
60_13,3.0123960495272404,3.0032135588872615,3.006431544168195,3.006462187012132,3.000792655393341
60_14,2.9770978927002685,2.90472661273315,2.268973619819965,2.9801574414729806,2.9785265963127006
60_15,2.9978595844305396,3.000791496700349,3.0049588417878907,3.0673095762011195,2.999105514844589
61_0,2.320852049400475,2.0373462487929674,2.023003761364367,2.7317969282649863,2.047592688572749
61_1,3.182377592727839,3.017650614671242,3.3774974093612,3.376326467805314,3.095239467066872
61_2,3.0061399673552542,3.0092777730791775,3.0138599599251914,3.0840552765668234,3.002047049680604
61_3,3.003895053641922,2.9922267087579733,3.028931979589008,3.0344029860790136,3.003357146784827
61_4,3.182377592727839,3.0090820156752116,3.562142502276537,3.493550144478507,3.0595928878939542
61_5,3.0000000000000004,2.962877005478776,3.0003316658678627,3.0099328456876764,2.9957825544869707
61_6,2.562273289614558,2.320870480343435,2.904726615369805,2.085140416847961,2.731106280796614
61_7,2.977226407463346,2.9527542341578887,2.5000252285066047,2.9930527494823993,3.0031095454234356
61_8,3.5621496162973023,3.222683451724756,3.0953361551407275,3.0085557921578956,3.0096119464314124
61_9,2.377569761864925,2.0179402625691965,2.5000260256558002,2.778023530230852,2.986490853389594
61_10,2.0075821791623976,2.0203374594738497,2.007294927097468,2.01595116095092,2.182536400529845
61_11,2.0038244442149873,2.017878161440737,2.1823500079117517,2.052290954968481,2.075808398208037
61_12,3.99933366360468,3.9987905064011424,3.999851070954692,3.9995774111511344,3.9998276875182848
61_13,3.013683444625739,3.000771887056013,3.060034177835258,3.0371862497386726,3.040833662064125
61_14,2.06012486446081,2.0203470265620624,2.008576078000655,2.5622086128397865,2.2228495271978828
61_15,2.9974310837628595,2.9800478754189648,2.8520061193426245,2.9952363526192487,2.9969014815023884
62_0,1.9399753428435853,1.7311277192451995,1.8808643939837246,1.88089800344898,1.9973577959706197
62_1,3.1823281232985314,3.0157476786922244,3.119161005731523,3.3175566365612714,3.0411078648823073
62_2,3.0020923899323235,2.9671178829930582,2.9970911850511843,3.0042194200266676,2.971068276487264
62_3,2.1824600878659384,2.6225012566489037,2.377571757721781,2.4392077594343524,2.9946071645669794
62_4,2.952698212746592,2.9669894691053416,2.8176168618361177,2.9917186931834707,2.880926803619194
62_5,3.0952820984580742,3.0600640444215146,3.0139544601539052,3.0544113882276505,3.0048784318312993
62_6,2.9941113199162452,2.9878645034658105,3.008024579611205,2.99836863026033,2.9776496478490255
62_7,2.999668334170275,2.9925813342364096,3.0083739030503973,3.0243952031715655,3.222423092484973
62_8,4.00286855547827,4.266855788309996,4.006210259272293,3.9995894730016066,4.000578206604812
62_9,2.905200234850486,2.2689868500604806,2.731254525153128,2.9808575381426943,2.9966431863163034
62_10,3.0012170417172617,3.0140179596589447,3.09528970019032,3.2679988092740206,3.0754247899764557
62_11,3.075798697867581,3.0139885129737847,3.1191892158762116,3.0139784259458366,3.029048146585883
62_12,3.9974873923099548,3.995889776670576,3.999407139859067,3.9995488993336505,3.993183669442561
62_13,3.0001761566530605,3.009612192359153,3.0157827119599694,3.022029086052296,3.0030378516794127
62_14,2.0331251082215056,2.2227335301401987,2.1824603536887808,2.940529868560613,2.2227761542102216
62_15,3.015766287996727,2.9994568346028663,3.0292949214272884,3.1476256916020664,3.320639349741257
63_0,2.3775846879524143,2.851979535035279,2.9876434320449494,2.645696928655639,2.9676686053611236
63_1,3.037167919029723,2.990844435000678,3.005707535594751,3.0596893006973005,3.0222360518475395
63_2,2.998899816386024,2.982098933205209,2.970811656786766,3.001245629176941,3.0002898598417382
63_3,2.99610494770891,2.9987002756801937,3.001696193810761,3.1540682333378163,3.0171733371173373
63_4,2.9945768799651638,2.96707294644721,3.0005443625896,2.997318026689151,3.0106060541114905
63_5,2.9710234524830508,2.989216678477099,2.9999999999999996,3.0370399119222675,3.0053650257591933
63_6,2.999028575070861,2.9954994124691905,2.998854528489127,3.000479433319638,3.000413945277738
63_7,2.731193830747209,2.0474322662119113,2.9988524200548063,3.0009473803296407,2.9945058101423707
63_8,3.0939865683118244,3.8921793570932115,3.882361786937423,3.940347150760929,3.7739431997683406
63_9,3.001150463766001,3.0257774047921018,3.222677522828025,3.103003506784593,3.017411521365281
63_10,2.9987540690723593,2.993923995074647,2.9975731698632955,3.0121332403552246,3.0595282276303313
63_11,2.998078511035337,2.99804782789661,2.9998081038326387,3.0007721748687977,3.0054782294343925
63_12,3.9999798731113674,3.999944652126435,4.000005532849691,3.9999110648257825,3.9998058971844634
63_13,2.997731454355399,2.986076447547194,2.9989293953480067,3.0174307280267985,2.992923888328632
63_14,2.852006203787314,2.7311539863388257,2.990387813501997,2.977321892014104,2.984324878129017
63_15,2.012471364266142,2.222734734985685,2.0601250949487264,2.958096940341863,2.924812049001093
64_0,2.3208564673780487,2.3775809263327354,2.7773423868337144,2.5622591351406157,2.3775700242646667
64_1,2.0421266551973325,2.0331110787811304,2.182460109171586,2.1497343716547945,2.731089685094672
64_2,2.320851693259694,2.148079849502708,2.3208541141394003,2.1824605024574755,2.18246050098676
64_3,2.1192393511196035,2.006667883563346,2.5000599018118437,2.6226599630377354,2.0853783797922563
64_4,2.9823493892505137,2.96709401594535,2.9950104733045464,2.999383280798706,2.995513943355567
64_5,2.2227334536962196,2.075895903331602,2.018008444438168,2.005195619519828,2.32085176217848
64_6,2.62250579935762,2.053421150276759,2.0330999982488356,2.5000444105983446,2.075895944439749
64_7,2.8809211154794667,2.7773755124379425,2.940053929487057,3.005868322988874,2.9863671664364917
64_8,3.1478187614929665,3.0224244278505714,3.017075096926977,3.000610553369469,3.0027474791123203
64_9,2.1192393467416197,2.013974095533626,2.852062394293485,2.6240116135470966,2.4378963551255923
64_10,2.962748598647533,2.5622025913240978,2.6792258538203955,2.731125770348537,2.5000262168510456
64_11,2.2227334487723263,2.037365768660661,2.0758959423216456,2.037364958212908,2.5000282967657768
64_12,3.0473667624393266,3.0026825062148754,3.0028766706904535,3.221976470853238,3.037089184480663
64_13,2.437874611681236,2.437862144484491,2.7310895390141536,2.6229481507480306,2.4378663118253225
64_14,2.437856085902025,2.622501227875248,2.9241884776733174,2.984474871005749,2.320885688606007
64_15,2.119239343441408,2.02298686485819,2.148082758408679,2.182502638344823,2.119239463334555
65_0,2.3775693418875137,2.3208662895780563,2.3208517002558415,2.033092686014943,2.245117958354209
65_1,2.9910957194556502,2.996016830199623,2.993447096631682,2.999028590022558,2.99731826255426
65_2,2.8176344665281072,2.4378799201475734,2.731089508301707,2.6225171557115776,2.437853588140383
65_3,2.9825667517985472,2.9823493844527627,2.8808206240708305,2.50006097198213,2.50005871805976
65_4,2.3208517028031763,2.1824600577055864,2.777367179314678,2.9595177766898044,2.7774289151577123
65_5,2.852020366644406,2.6225058017252563,2.9046797197718384,2.3777867212578196,2.622497359232514
65_6,2.962748604031038,2.9967864419410546,2.9823493873709808,2.7311181926297157,2.8808302592323436
65_7,2.9771628360469977,2.622480665420839,2.989109364941775,2.998852480714935,2.9847205900745086
65_8,4.0140030599519925,4.437750360845419,4.268872802371699,4.002734530594693,4.000613274873466
65_9,3.0228184579870727,3.0229108904787525,3.0758457392012497,3.1818727742297077,3.0757006039589463
65_10,2.852038706850425,2.9526709582802235,2.9047603424197157,2.731133859806257,2.9399658137435662
65_11,2.9917580053984727,2.998984334970097,2.924238913662873,2.6792524927723242,2.979791396232474
65_12,4.000036097852908,4.000063389984517,3.999980038241531,3.999976228815435,3.9999390843203075
65_13,2.9707971606301316,2.8176220099479172,2.970797164523305,2.996423032187252,2.9242825440146385
65_14,2.9931325314723707,2.9915315729436527,2.997629675466304,2.9926263381267253,3.0042198384253727
65_15,2.9243218499333907,2.5622459255781593,2.9047748473567574,2.9864251359672593,2.9154012578143154
66_0,1.9959946858393387,1.9987568337030113,1.904713409697503,2.0032228994262176,2.0096491350244183
66_1,2.0008188537091125,2.0008651634764405,2.0016924331937433,2.167182567743454,2.1196300279122866
66_2,2.023039576382555,2.0331080337237437,2.1824601658311353,2.8178904259367714,2.0954201952525384
66_3,2.0059509778661426,2.060126233857519,2.0293564904569776,2.04749306675296,2.905465478090043
66_4,2.010996891519636,2.004521588607407,2.1192310302460657,2.7776219832366573,2.0475079403840195
66_5,2.0601277920199257,2.0851365302026785,2.029351359721885,2.042871301628487,2.2228494765977054
66_6,2.095386805268248,2.3208527034205995,2.8520127878126713,2.9848051271359335,2.9800069696945233
66_7,2.9881189615455064,2.9711185392603467,2.9974386849423316,3.2224807183603885,3.730854195091774
66_8,2.2895612822212996,4.958599569436133,3.2496333661699266,2.658477520347085,2.51620021883808
66_9,2.6225110605632707,2.6224974706615387,2.9046689843100784,3.0001069081494274,3.0011502483480994
66_10,2.0001425858794613,2.0059448730367975,2.001918490743088,2.623204653553254,2.0182486122786387
66_11,2.5001163036869043,2.880906848199231,2.9709493247213516,2.905001032606149,2.818282018224303
66_12,3.3207866158510067,3.075825627820612,3.1480314610669655,3.988495616330306,3.8515483213859114
66_13,2.0180257323043604,2.0203671343485956,2.0203679971905597,2.4382396879241433,2.0230005014068824
66_14,1.060175145097262,1.0159959443115756,1.3776195012647943,1.0375013171801888,1.0374472429191832
66_15,2.000513643580689,2.00312664282466,2.000580176987418,2.0476099417537514,2.0865915002115125
67_0,2.0601248704329596,2.437851366703611,2.037359741741315,2.7987470821529143,2.6801313478629707
67_1,2.0110259475787133,2.0851365030542914,2.1192396071677466,2.731108444074034,2.3777386438410253
67_2,3.0138328849634752,3.0063573862820814,3.022925498309611,3.025774549899139,3.118793724559386
67_3,2.9629349442486697,2.984324398379195,2.9935377853512666,2.998332160615337,3.0010117743579547
67_4,3.1191556136088843,3.0033604097946442,3.00516173212629,3.0290291999606747,3.37337312466502
67_5,3.002140415783425,3.006431542048899,3.001365344925326,3.07578062101564,3.0053581829665634
67_6,3.000668479213629,3.0018033036736496,3.0472667979123633,3.001120953406117,3.0035822112173656
67_7,2.993132549347509,2.9968409656782726,3.0228676238366305,3.0081923811908853,3.037016274013361
67_8,2.9929237491725007,3.0007926674436702,2.9965599902912428,3.000289899665073,2.978524975526793
67_9,2.9975370316090264,2.977181438907448,2.9242388968977835,2.9979973460756546,3.012891659409684
67_10,2.9744734259404955,3.0023141416762975,3.0035087217762846,3.0104338146996104,3.182152483166756
67_11,2.9863165566590206,3.0063573872994365,2.999210343340087,2.967826909884689,3.0000000000000004
67_12,3.9990488502896446,3.998033161163143,3.997487009581001,3.999389971347217,3.999644865853805
67_13,3.268906414707206,3.3208014690119074,3.6791424143056712,3.932061659872402,3.610705370037409
67_14,2.995210518066851,2.9627487241077644,3.0006498452207695,3.0517687146351378,3.013721091633091
67_15,2.2227335771300245,2.56220753219045,2.268978292534323,2.8524898030820403,2.947074664846491
68_0,2.0004558970857054,2.000379679612825,1.9991923387159931,2.000734831689278,2.001268973490984
68_1,2.622523558166487,3.0055232721724954,2.9631610734787093,2.994621305759271,2.679346788823352
68_2,2.7773474732777808,2.986271930542373,2.9935684576001744,2.9944245242966643,2.985988107827757
68_3,2.986740571693966,2.963008741374286,2.9976306164541833,2.9943561902445643,2.952649957770444
68_4,2.9711757936260654,3.0074078996024456,2.9897228578123904,2.994621305759271,2.952649957770444
68_5,2.8176123080457165,2.9627585511853,2.62248772373813,2.9675043826495537,2.148451697497327
68_6,2.986232550727816,2.9965562564035664,2.998003196442244,2.998524122050826,2.6225318675664937
68_7,2.9671449385283846,2.939989123930269,2.9993832804437384,2.958117496775551,2.9936426176655
68_8,4.000098417430494,4.001109471187936,4.00000580666941,3.999994455953495,3.9999458977076365
68_9,2.9993013252880343,2.9949833955168526,3.0109352881311384,3.0176044448061456,3.0008735356429117
68_10,2.988278147394443,2.997032784026976,3.000948385570441,3.007013775853123,2.980003309660843
68_11,2.988278147394443,2.991758007946846,3.000201376886878,3.05304769862747,2.995258529589427
68_12,3.9046133894787665,3.9241040883871787,3.962633553128386,3.9977531834549582,3.924059333049057
68_13,2.9843243741029655,2.9997415457998553,3.000520926426624,3.0029036210432984,2.974477097409053
68_14,2.095386601896139,2.022987064376805,2.2227334844349804,2.5003472395438986,2.029327201244825
68_15,2.07589590288312,2.1192393499942934,2.1480596922284683,2.706997610320069,2.033124230039004
69_0,2.9861400388890114,2.9670106812313817,2.998787158197898,2.9917187430052765,2.8176553250774217
69_1,2.9774534189326904,2.5000820910748875,2.8176601361422096,2.996560382624528,2.981174393890716
69_2,2.9938951313069335,2.9744228891955906,3.002092389025172,2.852284121849104,2.9862325523429916
69_3,3.00369008456994,3.000757210839036,2.9976858587832225,3.0174115253673373,3.0226722176337244
69_4,2.9957896964899233,2.988479499866731,2.998402501586345,2.8178588805394735,2.8520504780206366
69_5,2.500073613583462,2.500066169184548,2.4378536182273938,2.940361086374255,2.320870655926573
69_6,2.924403029417202,2.881056946491503,2.9991258204753724,2.3775949251169357,2.9630087747877747
69_7,2.9939335808671492,2.9527331667936747,3.0135755753849476,3.0009709262617297,3.0041877817346467
69_8,2.9900061431949467,3.0010002886017073,3.5621197652613428,3.32050969341762,3.437696797745643
69_9,2.997537031802052,2.996840964371065,2.9944690142360457,2.852040661285495,2.977284159079688
69_10,2.924403029417202,2.8521812339939356,2.9991258204753724,2.940402496201213,2.9531266723541387
69_11,2.924403029417202,2.9243455942381797,2.999773991534285,2.5623305034755863,2.9630087747877747
69_12,3.999529434745237,3.9987905202448024,3.9995799508371563,3.9922452381335916,3.999818632786554
69_13,3.0063947597586456,2.8176710405551337,2.9950079164359216,2.9935926843885077,2.9153041044345187
69_14,2.6225013394422163,2.777359786812574,2.924209111964447,2.9823667256925237,2.9631079037965677
69_15,2.119239359978172,2.1192399323246134,2.622490531530945,2.6797645953254294,2.622544530856257
70_0,3.0953078378888703,3.3775122501321033,3.2689182411522255,3.3175566365612714,3.679029603601094
70_1,3.562149624182234,3.622430564517271,3.9932673400431287,3.997482998506834,3.962611530917107
70_2,3.7772620306598697,3.904613344352848,3.880760597389941,3.987445886682642,3.924087627090004
70_3,3.047408203624198,2.9985269811386464,3.1480326151969695,3.9239034993138144,3.075696840339274
70_4,3.904607557604884,3.5621495570251036,3.9525352314641187,3.9803287663856555,3.2226482164961836
70_5,3.9398751490501183,3.6791482710059964,3.9932673225977497,3.998350434018479,3.924059336434107
70_6,3.62243048325549,3.0122916022436037,3.8807563176870707,3.976878930377096,3.817493413155737
70_7,3.9932673273671093,3.8519169536467213,3.976983256834489,3.9896217599740695,3.994725451097979
70_8,3.999774110554628,3.998458959586653,3.9998653970563818,3.9998177208843746,3.9998563019283786
70_9,3.985896462548951,3.777266080868265,3.2689232431477335,3.980975762721233,3.4995612854173657
70_10,3.994740003506943,3.09533099166036,3.9769831185131554,3.9981509365026313,3.939777591109159
70_11,3.9932673484260035,3.0953234683688557,3.962634083065087,3.995406358261823,3.9947091656816176
70_12,3.999950000719277,3.9999477625097817,3.9999674203088365,3.999961974913508,3.9999356773016506
70_13,3.9993336817249254,3.988973383943013,3.9932673442731086,3.9996895210151027,3.998427796283252
70_14,3.9626342290206216,3.817539949853119,3.817539944587154,3.9626115362295744,3.437759782735032
70_15,2.952633233614107,2.99191050209891,2.9903665544327898,2.9993190544308663,2.9976314510194886
71_0,2.003628930457366,2.015890063877502,2.0474644528104444,2.106970207997063,2.3776493239304695
71_1,2.9976296746990734,2.995267814583313,2.997429629806344,2.994893449019393,2.997573191059806
71_2,3.003774110727377,3.00127164265743,2.9986260704302214,2.997438720914794,2.997255239811486
71_3,2.119239427886831,2.924372538744616,2.8520005253778264,2.9929353289392844,2.500275979783189
71_4,2.8812805421674397,3.0037283230679073,2.9999999999999996,3.016177791269765,3.001410809456661
71_5,3.0083833940995954,3.0040505586113126,3.0108283056649485,3.8804563419367994,3.182325158598924
71_6,3.029226903743142,3.017876989683078,3.0024208964080805,3.0069497842863813,3.00352010219567
71_7,3.0470457906842565,3.0131524698877516,2.9992999503324027,3.147171811195458,3.094787138544039
71_8,3.5620568829758232,3.320703988917557,3.9241023596757,3.9874223569909426,3.9524577693998646
71_9,2.5001626379924478,3.0189086077003333,2.998373478702874,2.9887064947266215,2.9054514576944093
71_10,3.0138022102904887,3.004121642142561,3.0036395142388543,3.0089041066430453,3.0103604386087928
71_11,2.989274431837488,2.9242090012150697,2.998929395306084,2.6225127136402944,2.9996683425106805
71_12,4.0109263017464665,4.075795830332375,4.001109406461362,4.000090314218768,3.9999682157716774
71_13,3.0036984624350898,3.005575618150284,3.0006016620899953,3.0119972128051087,3.0001554862695077
71_14,3.010434016377104,3.4377950963775796,3.0005312024193573,2.9981914035128145,3.0137674271855612
71_15,2.37757477506253,2.562226838952328,2.9926024230420682,2.9789552773312393,2.817660646023135
72_0,2.0011715729527166,1.9993857489100986,2.0022981120791377,1.9979823378440902,1.9998946488925724
72_1,2.0474645350623417,2.025996583848002,2.377574872763612,2.0474694238891575,2.0084544886453304
72_2,2.9893485793031593,2.9628320730406315,2.952733166404243,2.915163165440904,2.904774946992619
72_3,2.940144226753731,2.9876434328508514,2.9992085029532927,2.9991033800820444,2.9984384557217654
72_4,2.995770488912258,2.9628134828368826,2.9401748036387683,2.947084686004114,2.952640992130185
72_5,2.81767103369695,2.2689733494346322,2.3208734728271123,2.2689850361738397,2.5622750681794884
72_6,2.9745306900026103,2.9898172549844153,2.9713974405675736,3.0135686914388002,2.9969626212279814
72_7,2.9529542129390425,2.980220606847295,2.9835148916026832,3.319868652137029,3.003438313600622
72_8,2.0953823407260037,2.182462772887455,2.2689518808558407,2.5626395638881503,2.3208661480542343
72_9,2.0039968689560235,2.0202862565707154,2.500033456808082,2.8681389480748263,2.037307812958684
72_10,2.1480827545210732,2.047447456755352,2.777475230100821,2.268989138474399,2.437914809111285
72_11,2.1192393784479022,2.0953763348870735,2.5000845919666297,2.268989138474399,2.2689750477246298
72_12,3.3207787844401055,3.017862500867216,3.7310265497624138,3.9045220788997885,3.4376475696079147
72_13,2.9528050618449107,2.9468275850399257,2.9629040448312405,2.96316106730727,2.9585391367115585
72_14,2.679261201804494,2.222731678109399,2.777384987926036,2.9533839382340994,2.4378897685190726
72_15,2.0052598915741315,2.00460813647783,2.0109784573217038,2.622822834780618,2.010955962591579
73_0,2.0031950840021917,2.0015202000505057,2.0474535370486913,2.002962146139065,2.0051118215634913
73_1,2.0953829554637364,2.0075610481600132,2.0137784407303205,2.0534271655970264,2.0293042782946036
73_2,2.1192393360959323,2.0141003375858406,2.0096495531172276,2.0028427707159335,2.0229180763110852
73_3,2.012471276442756,2.009692236398093,2.222733540055254,2.0953694155889924,2.0373251793720337
73_4,2.029346912393823,2.0139899766880047,2.022823595075188,1.999529095173165,2.0102468484950657
73_5,2.0953866073037304,2.03311103801038,2.0202731002321412,2.0096835430075926,2.075841167516769
73_6,3.0051069039716536,2.9894437781076686,3.003983170483007,2.9989841499515557,3.0018476180013645
73_7,2.940010297427181,2.6792374182527405,2.817660112895177,2.5622671904456853,2.6225238340309707
73_8,4.001866664344995,4.004009910248156,4.001866649276488,4.000422920621191,3.9999161463719135
73_9,2.974304174167304,2.9671449359385926,2.9973801438905183,3.0143959036518377,2.6793149900265014
73_10,2.970828052455025,2.9742225695253675,2.970918663886498,2.6794011283898738,2.940175667554012
73_11,3.0179275763845763,2.9953327334756845,3.0072417622250023,2.995590176718384,3.003899835647692
73_12,3.999958925115711,3.9997804783208104,3.9999469806928056,3.999884651707661,3.999660771373097
73_13,2.8176344829217124,2.2689733527796943,2.9046974276843036,2.6225631224739536,2.777385034744019
73_14,2.0953866032247697,2.0953829445209955,2.1192340650106996,2.148122055660341,2.1191482223580485
73_15,2.2689733544848263,2.1192266303731646,2.4378658133234308,2.0676333882184657,2.012430868680359
74_0,2.9400724227428587,2.939999056459001,2.952615050843953,2.880838998346995,2.81775462985393
74_1,2.9990285753852164,3.015526184188903,3.119116928126018,3.1188889272701026,3.0066491220373233
74_2,2.9947986819580534,2.974201487595451,3.0004765316764086,2.993133003577722,2.986646194499543
74_3,2.5000485827559733,2.0953847104325733,2.96296940864491,2.9407166244945167,2.562426650179867
74_4,2.9893485817453067,2.8808830867254174,2.9670234666691804,2.9929107977327973,2.978057248273491
74_5,2.990844435511577,2.817650518839352,3.001471938777749,3.118949308234352,2.9678253649728754
74_6,2.9905221992179905,2.6225012403257755,2.970867725963318,2.904911312472823,2.946649032651628
74_7,2.987864505351838,2.817650489293469,2.962769837768072,3.0524056913236093,2.6792638488981746
74_8,3.9819742720848925,3.998507132489992,3.9996276529557373,3.999548899165404,3.999745124700761
74_9,3.2226816763421104,3.1480096538456634,3.0758214718692236,3.2688856063077543,3.007666247321722
74_10,3.1823779868305766,2.977162836663686,3.0057525238436624,3.1190984694147335,2.9869686981173857
74_11,3.2226752850439317,2.9526497585724854,3.022853575484536,3.0598690611341075,2.9995790841103678
74_12,4.000170468050717,4.000345191427435,4.000079817947956,3.9999772785501193,3.999911359995369
74_13,3.0120961083624525,2.9803774229314124,3.0093283413120573,2.996962143599191,2.986167118770998
74_14,2.011028131300972,2.009748485765994,2.5000541293197753,2.5627522085039183,2.0124673641544124
74_15,2.2689771799078984,2.3775693521740866,2.0372801888515957,2.9894439834439064,2.0292392357615165
75_0,1.9399751505729737,1.8520243380565122,1.5000750481354206,1.1481336796363353,1.8809927265730726
75_1,2.0036334849570343,2.008612576571767,2.0138840400463724,2.0386039775108156,2.0066781661106323
75_2,2.880906813695391,2.5000820794952268,2.9961945764229285,2.8520765388957474,2.7773850989953623
75_3,2.18246033756513,2.0474644475989416,2.268972454226273,2.438034311221116,2.269077960203486
75_4,3.002642438716883,2.998334488344898,3.002691976754468,3.0155548285931766,2.9772536828390694
75_5,2.970949321378962,2.148082817427805,2.3775747853983664,2.9779389118919597,2.269029465894957
75_6,3.0,2.9770891045033174,2.8808389488588872,2.9913238496590777,2.562202639511632
75_7,2.880894492467188,2.7311011396837883,2.731084177621051,3.0093235766035984,2.6225872477057157
75_8,4.777215351390078,4.995839967715849,4.988923377905351,4.021989634743605,4.095259754759694
75_9,2.8520387161751968,2.8176710226346167,2.9399497841508855,2.9628546591168408,2.73116525202877
75_10,2.979826423994532,2.9891093662714154,2.967054352791016,2.9928534541932166,2.9673494206052573
75_11,2.989309193490187,2.622497205501493,2.9708466524120505,2.996100163322264,2.817622102806185
75_12,4.001109443534529,4.000851019005082,4.002412530288811,4.000636268595353,4.000026825394591
75_13,2.952698189247675,2.9242823962157503,2.9399597925666376,2.998153586145271,2.6792595754663013
75_14,2.060124861652975,2.182460157203081,2.5621996524426223,2.8524474142122593,2.43786266333744
75_15,2.970797165314008,2.6792211022203625,2.9961094646541007,2.9993318648368676,2.977119176323404
76_0,2.000428997556472,2.006676667528032,2.0229691231371745,2.0760175619165424,2.002687216330408
76_1,3.3208010021404326,3.148025713026277,3.04741375568934,3.967239486055109,3.6791407442357764
76_2,2.999208503061761,2.986232551651597,2.994384989720137,3.0008944440798304,3.002003128778458
76_3,3.679148240349632,3.0085583866106207,3.0292710477738654,3.02928403222684,3.1189492875962226
76_4,3.222683066609912,3.0020978635359348,3.0758436178883275,3.499652764100578,3.0022113563497803
76_5,2.679209839664888,2.867065568808129,2.9526332475405064,2.970833420871062,2.7773244111683266
76_6,2.990387810690751,2.9241785114907293,2.998986694325783,2.9744276113330175,2.9892750058150166
76_7,3.0757909662577703,3.02288084082007,3.0758054095317116,3.128108200999633,3.0598651519362874
76_8,2.0084239868034612,2.0119287304797377,2.0009250895698654,2.2228720064388487,2.0173330098672153
76_9,3.021939998297797,3.008316146779962,3.001996805478641,3.6780232663733106,3.7772620391461063
76_10,3.000413963440614,3.002704771010834,3.0029930972812138,3.008305166210345,3.075271170556983
76_11,2.984202795319027,2.9960388358276666,2.9974950797029836,2.990522269043639,2.9859881213933512
76_12,3.9999919677720364,4.000851024835844,4.000024720029722,3.9999333409523796,3.9999316092992543
76_13,3.022925489102856,3.0420626257061194,3.2689228296473645,3.8168123976188553,3.0038665381226153
76_14,2.852000176805184,2.914986941248496,2.9399597962951316,2.998850785282794,2.9978596541867404
76_15,2.437853618204823,2.148079879371998,2.939949787437328,2.777576907348924,2.5622271671579764
77_0,2.1824601028152277,2.1192409404625843,2.182460119805985,2.2238335009885564,2.0535685778972046
77_1,2.9709840720039495,2.9149477224004854,2.9631677498582114,3.0023698780459815,3.0018407279571973
77_2,2.9628134829100614,2.6792258655018326,2.904673700132864,3.0004250826761862,2.997863474584308
77_3,2.562263184583284,2.940072408451426,2.982172537060654,2.998561228350105,2.095420209233015
77_4,2.5000365660061297,2.6224972702298146,2.9890793200209402,2.986144307741859,2.9467794906112506
77_5,2.0000103395529996,2.0005075814663624,2.002464579555976,2.007526170727956,2.1657958242426427
77_6,2.984720100819133,2.977318890359283,2.9962258896440632,2.998369263058803,3.0036982041647056
77_7,2.9244030327491313,3.0027894666798702,3.037202903762702,3.0005457103109006,3.0079504819131206
77_8,4.00110947568735,4.0066326488039365,4.000492759350198,4.000004420198848,3.999955939191792
77_9,2.7773964130637503,2.5000539383727562,2.8808343272838277,2.9881371008340105,2.9955924181995557
77_10,2.4378699354159017,2.8808831240647463,2.9852754502498886,2.997254979675271,3.0007922619338503
77_11,2.2689746900724916,2.731118034404718,2.9915074930700287,2.974532037482015,2.9048130911766905
77_12,3.981973898969285,3.9819742837237726,3.995889257024063,3.9888903364338395,3.9947004008498808
77_13,2.817642042317356,2.8176602409421108,2.9526982102498587,2.9315628013785617,2.9884853577419284
77_14,2.777408412976963,2.9629694242962157,2.9771464442458293,2.955229441348425,2.991617834143692
77_15,2.500192070882734,2.1824602540678857,2.622501253436145,2.836178801621067,2.9828182337158102
78_0,3.0473162250354555,3.007346598828827,3.0474006056079284,3.491743352956123,3.1819915448666616
78_1,3.2226752397340026,3.77726525711589,3.6224292166532277,3.9229507137287145,3.6752323224420134
78_2,3.7310266385848676,3.32080125889009,3.851916982332823,3.622350655161598,3.6790558793103663
78_3,3.9241037186701293,3.6224301192286537,3.4999742016074493,3.9373633257156015,3.8807534969949096
78_4,3.988973378552447,3.679148118056085,3.9858962370914237,3.995172777261162,3.993944459402279
78_5,3.43779943721175,3.9706486012673015,3.9398750248487784,3.7309220827788856,3.678897071980123
78_6,3.622430647033118,3.2689223342113976,3.8519163220879356,3.96665802791487,3.1823938095388895
78_7,3.499970659595021,3.182365494820895,3.994738059840362,3.9983044282701563,3.962630289835928
78_8,4.999898523889234,4.999900003575219,4.999895240647929,4.939038881768822,4.976821292868617
78_9,2.9947987870848936,3.007545170192739,3.3208012785088283,3.864367148553889,3.1759397103273757
78_10,2.1480981021986665,2.222758956078939,2.06010455497605,2.061050037101742,2.9648642289071487
78_11,3.9241040823183218,3.268922360196434,3.880760532414293,3.9045702705299723,3.6791407442357764
78_12,4.000200328709889,4.00663264809092,4.002412032457628,4.000183997583472,3.999988863305031
78_13,3.994740022260821,3.880760371236224,3.991381848675412,3.9977753659845066,3.9818006936853823
78_14,2.987799064210391,3.008089494937677,3.0066526513669944,3.1993664074546677,3.022621186210771
78_15,3.0031083353549692,2.9821539290631853,3.000757207599212,3.014974619179912,3.0756181824090767
79_0,2.0040957563723447,1.9991973132107566,2.012446063358901,2.000839806639467,2.000594521692536
79_1,2.98244456262724,2.817627890654071,2.9771319298926056,2.9863169041138056,2.9992427896779192
79_2,2.984524370237493,2.904717886268921,2.9842172854366353,2.980405421385797,2.979776991654585
79_3,2.2689737437454514,2.0331113296198855,2.0180115800842366,2.6567091882817198,2.0474519115082117
79_4,2.8521107549556417,2.182461608707392,2.679213153954781,2.9995798356225767,2.731153338511155
79_5,2.996191126543045,2.9741664774125085,2.9986996240558548,2.9979089876489384,2.9670962264479726
79_6,3.0170750968665807,2.9937478446603865,3.0175554343426567,2.9929243750787022,2.9709493380821552
79_7,2.904854012927972,2.8810267119897475,2.437850443146794,3.0180975721603844,2.563368541681326
79_8,4.924036016398562,4.998408864731044,4.993217216995861,4.621397473014096,4.7309299848970445
79_9,2.8176220790955693,2.939989123708389,2.6792170456663245,2.9800515892018704,2.924194667166295
79_10,2.952714584122124,2.9400375033095707,2.997057880339956,2.9931267810235314,3.003110028904054
79_11,3.0015974984065092,2.994798683993009,3.047221963821804,3.1062872527373533,2.9963015452236985
79_12,3.9999321366092104,3.9990519680605616,3.999932080638946,3.999836396030217,3.9998850273068354
79_13,2.94040064553054,2.9907137926520835,2.7773959233815075,2.9985646735278597,2.924372827155197
79_14,2.6793121407368217,2.7311429511957748,2.880820617056946,2.9802845131686624,2.9895198244232066
79_15,2.1480828197728044,2.133000269979332,2.9046974198936177,2.9400986099644655,2.0601174355883716
80_0,2.0140981328775553,2.2227335092333127,2.0180088730156025,2.777474449535169,2.924442457799114
80_1,2.62252352661431,2.6792611917713605,2.880906854886696,2.881186097084559,2.6793223451008723
80_2,2.1480827517419425,2.562221952783253,2.3775722406061863,2.881034009531488,2.562232893711736
80_3,2.9526837246952105,2.9952105158916975,2.97706846337278,2.980306893815154,2.9891928189812544
80_4,3.005530987604655,3.0050405023202065,3.148031503520557,3.004121419383094,3.0000649202155167
80_5,2.9467063203777633,2.984355046922457,3.0013786051854847,3.0027447612807285,3.02007055988903
80_6,2.924372519701044,2.9943195422149125,3.0007722290472922,2.967023465755159,2.9860600307918124
80_7,2.002695621195726,2.0140550758660907,2.148072463139605,2.0679204925702015,2.269194777923209
80_8,4.006632459643361,4.075795899118682,4.075795525344775,4.00044605251298,4.001101361743017
80_9,2.9977518952788373,2.7311426296511283,2.997338948012483,3.0136168646570844,3.0017684053383284
80_10,2.952683723142298,2.9400374957061106,2.817617006016784,2.9997740342046506,3.00256878090167
80_11,3.0003756933860632,3.000375693321951,3.0055309842644884,3.007024331940864,3.0009083024065384
80_12,2.9884088304879373,3.0226811114252183,3.119116820004904,3.0077732049869828,3.3182716552728064
80_13,2.986167112206892,2.9628531357908936,3.001886722642036,2.9909180684658225,3.004878430656165
80_14,2.982723587026988,2.997859583775799,3.0021404149043103,3.0527930639427634,3.000199536234247
80_15,2.9861671164525077,2.9670543515728336,3.0056150088832827,3.002680236148681,3.0091426950419393
81_0,2.7310895017134538,2.8176123006916005,2.8175988502342575,2.817689693067968,2.438783738897905
81_1,3.006204890701401,3.00184763161975,2.970918708967206,3.084598760945111,2.940209849571552
81_2,2.970811642792066,2.8176047512640903,2.991581108762824,2.940210119180662,2.9780562746154113
81_3,2.81783072270625,2.7311061667536087,2.4378561163693813,2.893559303284729,2.9150366426815078
81_4,2.500024999516744,2.1480827638861943,2.437850366606288,2.777802640556109,2.3208900843227047
81_5,3.0757987105474767,3.0758353282046307,3.7310266275699373,3.9838303159035293,3.036415649246524
81_6,3.562149635062082,3.817539812216724,3.904613288007388,3.973538205613822,3.268755762002563
81_7,2.3208539181596715,2.99322693927497,2.904703420717374,2.9809946757434487,2.9244048181589677
81_8,4.991332775635028,4.9993572404819036,4.924053993543574,4.036707704844947,4.222624456908139
81_9,3.002091218708786,3.0036395128112368,3.0006167197171156,3.0951030649950853,3.0047758964960862
81_10,2.6224812032688005,2.3775693498093107,2.962748598446911,2.982315442039591,2.378327632738439
81_11,3.0952090109247323,3.437800336479356,3.01397855191629,3.846172508094818,3.0008741777963017
81_12,3.976983198144991,3.993267319101739,3.8519170753636813,3.976619044049361,3.817531867224181
81_13,3.4377974086194527,3.4999692569532415,3.1479370305363856,3.9396686128338265,3.499443855391321
81_14,2.018011815401504,2.0230102239679475,2.3775748857220744,2.9402921558247628,2.777478401536567
81_15,2.7311252656853457,2.9742464545841627,2.9047365582115807,3.004579615997853,2.562248754765936
82_0,2.320851680110691,2.268973352913803,2.11923935884131,2.053457252828891,2.3208521621161906
82_1,3.0030378586623,3.075821509967838,3.0027926456091363,3.0085243254561624,3.1822324147033845
82_2,3.001365345929635,3.0023141410674854,3.0039739547556032,3.029029205309136,3.002684688587467
82_3,2.9985280606346363,3.0178897827485716,3.0038666372288882,3.041798443080477,3.1822080728943076
82_4,3.047329035814687,3.1479998257873545,3.017911014774233,3.145699644313088,3.4374651059547583
82_5,3.0372679306177686,3.010690807293047,3.0474082581318402,3.1191009796736506,3.0052012134316435
82_6,3.075845247095908,3.0229415708316876,3.0045005875964064,3.7304249732043067,3.0024655004816716
82_7,3.029171816753269,3.0258480133733006,3.1480310855956186,3.448877254220905,3.3774319947251157
82_8,4.000119375663883,4.001441130773083,4.000370536466854,3.9999997140684527,3.99995080681298
82_9,3.8807605033780455,3.880760587006752,3.939870298911595,3.983167005870099,3.981606804406345
82_10,3.0036395136803367,2.9947986833404143,3.047410222245747,3.0290147670025194,3.009277770594511
82_11,3.000468942511239,2.9972105312947535,3.119187731833556,3.0049239789464406,3.022797472277427
82_12,3.9974871846016886,3.9995294487682207,3.999580024601284,3.999883949252544,3.9989769588805486
82_13,3.851914050265294,3.8807605974907626,3.994739955393768,3.9981749119698633,3.562134534304356
82_14,2.9628134841763294,3.0,3.0002013768702196,2.9921337728048334,2.989192801463609
82_15,2.9708280633805844,2.997088563294382,2.9771191540994946,3.0070646787027737,3.0002898121455743
83_0,2.6224971936679777,2.3208516787642828,2.6791985357616848,2.5622300682331334,2.9707843767989246
83_1,2.9917186183661224,3.0043789836013253,3.0123466013383027,3.0,2.9995744633125203
83_2,3.817539895642476,3.0600706989837225,3.7310257485607163,3.7709656325962357,3.199902187268299
83_3,3.9913826884684904,3.9769833169175604,3.9958890509484575,3.7956055552814583,3.880673447701931
83_4,3.9241032720322058,3.9398751362967004,3.9993335224024786,3.863401905196752,3.679114313801898
83_5,3.9706486305512865,3.6791482971675817,3.98589668376962,3.4020365507262613,3.8517814981996636
83_6,3.075811521777355,3.4378003611082395,3.9626338128500516,3.9524072998299125,3.377514459746049
83_7,3.731021439246285,3.56214961051371,3.988969251592436,3.9736410825675206,3.904294699620336
83_8,2.778068656195264,2.9911617346076667,2.996202449894585,3.320603726760897,3.026140947029026
83_9,3.996787413462176,3.222679815514459,3.995889966265923,3.988950962462853,3.9622792360725785
83_10,3.962634034902299,3.6224305108492647,3.9994070540949886,3.998748891496621,3.988962149940335
83_11,3.5621495745100473,3.095328785994338,3.268921077884051,3.864814969046427,3.6791218367069423
83_12,4.000850834911426,4.001866635839551,4.001866433787944,3.999844167559332,3.9997755218428788
83_13,3.0025974490115543,3.009689356796373,3.007531684356058,2.9998222533434675,3.007315893882742
83_14,3.93987515366544,3.0758457951711504,3.851916909150655,3.9558508562795773,3.621970593545036
83_15,2.99507592293589,2.9876346476606512,2.9997486976619996,3.0099328289477154,2.9949595035009184
84_0,2.8176016169663347,2.81761230751848,2.9399544746831916,2.997315463563206,2.9878653381361677
84_1,3.0227465314815096,3.0049588408507306,3.001768263170953,3.0057314112173232,3.013967235204569
84_2,2.9878645043271685,2.9798713949393747,3.004884680180766,3.009080310501702,3.0057075322387363
84_3,2.9993315210062943,2.9994098798299103,3.060057986920137,3.0372248787521565,3.005480236228433
84_4,2.9995195152786285,2.99958603665812,2.9990089667914233,2.999479090244592,3.0328544331163023
84_5,2.731106613255315,2.979847509104397,2.939972631123357,3.0016678393839626,2.852050474290899
84_6,3.7310261125426827,3.060027316943733,2.99353777475315,3.9666580120545816,3.622072321315802
84_7,2.9976296736640817,2.977202518032091,2.9770891073509964,3.004923513693362,3.008374342313071
84_8,2.997590367019012,2.9985551233434946,3.034528360212758,2.9918469879624054,2.9338061603018533
84_9,3.000199536622765,3.001471938842984,2.9862325510314998,3.010498667364953,3.0148127764550705
84_10,3.9398750051085214,3.060040215823326,3.222683264642858,3.7302542662992733,3.6222613579403733
84_11,3.8807606427514716,3.3208016365707866,3.2226829589487167,3.955277517076732,3.7771504911822653
84_12,3.9999365575666084,4.000033090380878,3.999333241943995,3.9998550491584486,3.9999285862122242
84_13,3.022868071787785,3.0045103811606833,3.0123225150721376,3.4363001119392504,3.436300113307589
84_14,2.1480827547735353,2.777342543612879,2.880830228833499,2.9675043832389645,2.9472480200018696
84_15,2.987727009644163,2.9842172908850237,3.0055756160965856,3.003158752708604,3.0001995364151277
85_0,1.996475653798138,1.9914917185869379,1.939975153763515,1.9967889018176668,2.0081921008703976
85_1,2.2227335137462427,2.1824600565322716,2.5622026050095976,2.996965467620215,3.0001372691748256
85_2,2.982310005230218,2.980098428266916,3.0005431655731645,3.00287665784594,2.9708468124422605
85_3,2.9049620206526297,2.915010843901075,2.9997486977389447,3.0028988939618535,3.0352870870753006
85_4,2.924201295822852,2.0758981364095557,2.924167493777415,2.9861678484124137,2.979930202406995
85_5,2.222733468002421,2.500040645078744,2.5622007707415335,2.9341226756152516,2.867239412942572
85_6,2.6225012557652394,2.9627585470935864,2.984152204385949,2.992519669140491,2.9935107587850416
85_7,3.1189879305145687,3.1823916983059286,2.9998222516834474,3.008085369310723,3.0045052319981065
85_8,2.1192151108609147,2.437904282192876,2.983046050958496,2.6808956430288777,2.9056813196104603
85_9,2.9948085159008704,2.9919105024475052,2.9808755363881505,3.0193885967695295,3.1186814869527857
85_10,2.119239414218636,2.075897252683079,2.5622049042649118,2.8184752247708347,2.562378012344964
85_11,2.9990089666225144,2.9974025507483817,2.9980152862218903,2.998560661532322,3.02578243055429
85_12,3.9999016994712173,3.999917575425213,3.999901501750452,3.999725972693673,3.9997424121106353
85_13,2.9243017087260665,2.995584037978003,3.0014047368762853,3.0,3.0126951271089
85_14,3.0372414132836387,2.9972579257449397,3.001694826216007,3.00890349094599,3.4368897148522097
85_15,2.924178488969399,2.67922596537741,2.9876646869953243,3.0,2.9770632330068083
86_0,2.0011106767150335,2.008581936842519,2.075885777373195,2.0862699297641845,2.010863183122218
86_1,2.952778041823794,2.777395685392657,2.7774081094825136,2.905001032606149,2.9962721025519765
86_2,3.075761096812887,3.1823952152372934,3.1823911940237726,3.012157298549439,3.0757607170795827
86_3,2.5000827552869107,2.777395716046953,2.8519949661495723,2.9979084457316603,2.9886033975157367
86_4,3.011627447496639,3.013883853732102,3.0035822057682307,3.0723125004284606,3.0148737333752393
86_5,3.148027815753895,3.0139785541959743,3.8175394255036004,3.966285327037237,3.8173775228626163
86_6,2.9243456519443325,2.952714597279405,3.002742074280128,3.006763661995207,3.008203990675267
86_7,3.0070892665437476,2.8808501855757327,2.9934306700525317,3.0,2.971027557149351
86_8,3.9998362641461607,3.999914579311337,3.9999355381333292,3.9997259749401954,3.9999356774553734
86_9,2.7311011612302916,2.9708280535190035,2.9526332411169087,2.998925691413193,3.003894481329426
86_10,2.622539608443045,2.268973547190089,2.731125352364399,2.18272780072838,2.731295405216718
86_11,2.9529096990342754,2.994339461510554,3.029215619565352,3.005976613192224,3.0031100825418973
86_12,3.999851008295255,3.999964299110248,3.9999498112041705,3.999931608987409,3.999948063125716
86_13,2.881176159733704,2.924345627807838,3.013802204845308,2.9930865386981176,3.027610880672421
86_14,2.996715496581411,2.986116152047072,2.999634582591494,2.9773608034286467,2.993933833778566
86_15,2.7774078346641824,2.182453594259542,2.777359704033622,2.006647699907029,2.0201268184742696
87_0,3.0016307456954014,2.9914975274767324,3.0003743131285043,2.999668338121508,3.0016685052746825
87_1,2.995584031499342,2.8176504870408765,2.997210531887417,2.974676789000361,2.7311253039040437
87_2,2.8176278486436312,2.562210477932913,2.8176344970453147,2.904765022609463,2.3208540610313824
87_3,3.0046672661950735,2.993737811547032,3.003582213640201,3.003037729089066,2.984429191129771
87_4,2.9049847506772326,2.817697416697464,2.995223680541334,2.904912063220368,2.90658252702762
87_5,3.0104989331277556,3.0021433767389913,3.0074372758999544,2.9987308200007683,2.9848979129607995
87_6,2.9974386696063657,2.9877719935513607,3.000971424591581,2.952754625810615,2.6225404311006875
87_7,3.037146861787679,2.9907795249816305,3.006552900331427,3.0204295437514124,2.999102565363835
87_8,2.5005424394530444,2.3776198531359456,2.4379431154769784,2.6795380445407564,2.836247923723537
87_9,3.0600402088713294,2.9967154966280667,3.1824075415376387,2.996480706213068,2.9985604981571004
87_10,3.0005209266406063,2.9797340786369353,3.00069867417528,2.998787160628321,2.998015272405285
87_11,2.999748697673982,2.991602196444848,3.000094413655911,2.996667662460647,2.994959499469875
87_12,3.999931325002654,3.9999587801006045,3.99997229112291,3.999936338047972,3.99990847998887
87_13,3.0104989331277556,3.0021433767389913,3.0025703697847486,2.9997101132086,2.977119166600934
87_14,2.9526709608946353,2.32085170521841,2.999715288519972,2.880864249112055,2.9244816226936448
87_15,2.99630991520141,2.9741828902953378,2.9952678133321875,2.9955906670581314,2.9925464102456845
88_0,2.0000848006137835,1.9965527081507206,2.003082802233321,1.9993882365230495,2.0022356604752534
88_1,2.014091911011886,2.0140554424404202,2.060114091493221,2.0099992525627535,2.0075898254246742
88_2,2.2689801303521553,2.731178432722665,2.437862234606468,2.4395925447128133,2.222882468239281
88_3,2.060331399728788,2.986562877509212,2.880894674520881,2.9821587695908107,2.992474544358398
88_4,1.997333982749953,2.0043637373202943,1.9972573550341037,2.0002964986027583,1.9989360407704144
88_5,2.7311180216665543,2.8176601346405508,2.991975415266919,2.967428774479203,2.9403518551901136
88_6,2.3775699896992735,2.85203872421875,2.9526409750609095,2.9402319883704457,2.9467098693337244
88_7,3.0064315441096903,2.9942924666897963,2.997823376523841,3.00315580945944,2.9825709118984647
88_8,4.000267378609113,4.009610958997031,3.952978362382347,3.730711376180931,3.988849740749041
88_9,3.0123353109008484,3.0074809925835635,3.001212841089669,3.029172745268414,3.0005311731584796
88_10,2.003520224508665,2.004456322219392,2.0020292504652546,2.4381535996297647,2.0024573026502304
88_11,2.037361449952839,2.0953633220212637,2.1824483852412,2.029339256236225,2.020187043812081
88_12,3.0014403667833953,3.0092777692714128,3.0014730188471193,3.14787677521247,3.029106423249002
88_13,2.7773339651333315,2.1480836722315537,2.679237433609856,2.97191511045068,2.1481326983504125
88_14,1.0086678255694295,1.00416004359908,1.1482056214040468,1.882856457095541,1.9828245768819517
88_15,2.008582250962361,2.009718249715885,1.9997708928576299,2.0150413548043304,1.9945997844620558
89_0,2.002487249178363,2.0124233222656973,2.0474355376803772,2.0272604127880784,2.222924783293484
89_1,2.2689772964565598,2.222738764738329,2.9771814381807644,2.9881984702487485,2.9942333631372535
89_2,2.962758550082034,2.9928028647223743,2.997686973814693,2.9919120167702755,2.9822445922099687
89_3,2.060124866044152,2.3775937031546537,2.0140056253833234,2.974862902055833,2.2690986712404113
89_4,2.777454913542967,2.988194825111807,3.0008974465909835,2.9245381237536923,2.996108180959772
89_5,2.029351349646971,2.320870595638006,2.01791763852929,2.983184432629211,2.4380267830672984
89_6,2.0012516137174607,2.0002461090070214,2.0008467527157223,1.9994871022674947,2.033127520003292
89_7,2.977226414833938,2.817642009781464,2.9943394569708452,3.025004032888152,3.022488587313147
89_8,3.8517853282187087,4.002850488080932,3.6773355650429655,3.307353888719538,3.4985149248526786
89_9,1.9915181463043405,2.000497711639805,2.004644266178149,2.0760900220330245,2.320901050008802
89_10,2.880894252661601,2.9862719325843035,3.0008974465909835,2.9245381237536923,2.3777867198064886
89_11,2.9964177840829374,2.9999999999999996,3.0022113888989375,3.001847465229253,3.0
89_12,2.9244376004849926,2.7311653930603956,2.9242178129057224,2.984541929377855,2.777404814939091
89_13,2.00360817628034,2.0178775637601425,2.0173271108361805,2.2697457958703144,2.0016825593831014
89_14,2.0017292673255396,2.004638144571696,2.005731364588085,2.224145609490601,2.020344449767687
89_15,2.0031720900729915,2.002383051074561,2.025950525923547,2.062081918010852,1.9999295336088694
90_0,2.989924251660516,2.9952585053261482,2.9971233292727892,3.0193886100420273,3.0006684775275683
90_1,2.9627398217229506,2.9741664751938375,2.9741392842483867,2.9928535777087486,2.9242179397219754
90_2,3.119165691975996,3.0031211781379423,3.0203152529454904,3.3207419724229723,3.4368897184895517
90_3,3.1191352571967745,3.095312514306708,3.0292602445216064,3.903501864124403,3.437539239411226
90_4,3.3208005869354627,3.0158707264337883,3.777266191043938,3.9389499495896843,3.7308052241284826
90_5,2.98215392773047,2.9944690220931816,2.9627699009671806,2.998078793852589,2.9842990764284782
90_6,3.222683366160937,3.679148106284039,3.005870888278923,3.0352871046456453,3.678995917531031
90_7,3.022868071435237,3.0600454003893884,3.075829277536955,3.1479418686294,3.22252555145967
90_8,3.99969880809746,3.9993335864800956,3.924103930484865,3.99473022319319,3.9970935394497107
90_9,3.1823721391464272,3.3207974525685495,3.2226719886539503,3.6752323224420134,3.622072321122376
90_10,3.002317469367821,3.008538890018321,2.996639590723388,3.017427904861065,3.0057759244810653
90_11,3.0291883588684296,3.008397802495478,2.9992289748191214,3.0416183033739874,3.0074186242003096
90_12,3.999980050383722,3.999967522415135,3.9999703469352026,3.9999541498346556,3.9999458977912212
90_13,2.986011483084326,2.9627586127905134,2.9962652823244285,3.0003653480298937,3.0063112293720873
90_14,2.997453697521016,3.0004255450135804,3.0084188919821315,3.0178623324749063,3.0077682055870727
90_15,3.0001995366231724,3.000520926557381,3.008541961661705,3.0667500826179293,3.005575565810452
91_0,1.9991138888637239,1.99733393626787,1.9999850789761149,2.0012299187220086,2.0000503803738323
91_1,2.982566758653244,2.9987540691671617,3.0012128419561077,3.1474203732379418,2.98489791028703
91_2,3.029153346811527,3.000771888800977,2.998595261861074,2.998331493753068,3.000874831442952
91_3,3.0094857279523652,2.997431081150045,2.9993817980268154,3.1188254816801373,2.9542856679349057
91_4,2.9242090102404714,2.9526981903804694,2.9526150425320483,2.9954062920719466,2.9965562565239052
91_5,2.999468797273842,2.9927188456508436,3.0004231857485886,3.0011000610765333,3.0173585349761995
91_6,2.9891530807397886,2.8808941927912115,2.9770891046341728,2.979826425633534,2.9936032210090513
91_7,3.182395260365208,3.0057711343433113,3.0084188897458586,3.059939738613651,3.095168622830799
91_8,3.004274143572849,3.0109591879157223,2.994938408738435,2.9913239748334335,2.991793017084693
91_9,3.002622664793083,2.9917580074917924,3.0008371490586545,3.0752274845377374,3.0032932930550134
91_10,2.9869686760778857,2.9844291851663685,2.9823940039567503,3.0524738315818825,3.0032659940632382
91_11,3.0095849007953466,3.01227299430777,3.0096121894902312,3.0012691994618956,2.98910936477377
91_12,3.9998939336755654,3.999664048275196,3.999961425811743,3.999923541890519,3.999524534202659
91_13,2.9787232037034292,2.9047747289004016,2.9985038512318876,3.00028985989948,2.995512890466833
91_14,3.0757609182339847,3.0138838486495976,3.0084188861368406,3.04148838182608,3.498124064618272
91_15,2.9628770056395255,2.9891366512113695,2.9945195847603707,2.881082458122974,2.5622144240335443
92_0,2.0085997811985656,2.0180005030558537,2.0474602228582164,2.0179700218988907,2.095352617581442
92_1,2.5000820787383904,2.060100213533678,2.5622457574803854,2.3776648403646083,2.731193713978799
92_2,2.4378746121222554,2.119236081890221,2.5622386815666767,2.5622543309234773,2.777375549985658
92_3,2.0046147905394935,2.007611190417008,2.014005171884571,2.1893257455668986,2.0069043157782676
92_4,2.8521313660418297,2.5622732944088544,2.817713314540446,2.531776601985838,2.8520928589578407
92_5,2.1824612005452315,2.09538113978035,2.320866378961925,2.562314427253506,2.7313774552914176
92_6,2.22274531023235,2.3776119871700914,2.5001025498794665,2.817902642453264,2.320854806076365
92_7,2.0009586376562605,2.037359504793468,2.037365775531049,2.064260870127601,2.0143914544098322
92_8,2.6228852774614353,2.8183555460751593,3.006377565702686,2.8532539244408532,3.0345265592949273
92_9,1.999627100318384,1.9925818419723158,2.0010396558384773,2.0537335918639053,1.999644280728178
92_10,2.6225726958469857,2.1480827600252588,2.4378927522558427,2.3776263095366543,2.7775234121810044
92_11,2.6225602521376343,2.562298281519789,2.8809764407112275,2.500132728789374,2.7773959406675752
92_12,3.5621492809257487,3.6224304668021445,3.9819736211641668,3.976878934808353,3.7758543933965734
92_13,1.9974907629408165,1.9957762876347749,1.9822227321291377,2.502400155729956,1.9997583868144542
92_14,2.852049772854383,2.904736531979559,2.5000626563874033,2.222766717337596,2.500192070882734
92_15,2.075895907166475,2.3208516872244824,2.622505812591237,2.0298506398202814,2.107304255519767
93_0,2.0002901569816807,2.000084765668391,2.000329191993422,2.0049908474051112,1.999767773468098
93_1,2.0957052764762856,2.7774749544803092,2.8520127887448417,2.8812255380860456,2.501148635885121
93_2,2.99500005429026,2.9580712694547944,2.9996417345077453,3.0024258644607285,2.9985891334997143
93_3,2.8818181086210175,2.8179456034265162,2.983714345735681,2.992491386269697,3.01605829673346
93_4,2.994519583617116,2.996556256253037,2.9927188448162316,3.002900324175904,2.9882803449887763
93_5,2.9631610381627436,2.852131378759124,2.9910013128141055,2.99132951514164,2.990522239929591
93_6,3.0055232724288774,3.0105562215201176,2.9709493218232916,2.9713166445538355,2.982275256984051
93_7,3.999250336668925,4.000125888499026,3.9998705986690513,3.9972921162797617,3.7742812655020876
93_8,4.00186582337912,4.037265747229485,4.002412517597855,3.99982960527959,4.000365622244504
93_9,3.999155902780757,3.9998665716208373,3.999597531582588,3.999245504561884,3.924082953053242
93_10,3.00802458485937,3.002424053590216,3.0135755935387247,2.9538990311356352,2.979494811617326
93_11,3.004415970091696,3.010434021198489,3.005106904209345,2.9721891700801817,2.9802941435761086
93_12,4.0004927592914905,4.000370545358638,3.9999451017505145,3.999541194861305,3.999420846764076
93_13,2.989443776516864,2.9995180140933635,3.012096106105944,3.0584353908704385,3.0
93_14,3.2688988174741604,3.010606787320023,3.007024329163043,3.0047355810916128,3.0029005746574167
93_15,2.940072412006659,2.095386600439621,2.8176220418218505,2.974228681199412,2.6225445786303094
94_0,1.9047346797569573,1.9242362098871284,1.8809070083193844,1.9947952515367076,1.963057421249144
94_1,2.999318477213958,3.0011226278367733,3.004486089875242,3.3175566365612714,3.3772528269111928
94_2,2.817642649371514,2.437856162981693,2.5000261096203897,2.946870432511929,2.9402970699212494
94_3,2.1824604577619073,2.7773534217310267,2.9047102346257794,2.9973183286606186,2.994111844912697
94_4,2.6792258518696173,2.5000486627372727,2.989153081084609,2.9244479072396734,2.7312174354589422
94_5,2.9944243922905693,2.777353479355459,3.0001995362290774,3.003695334761124,2.996039046690808
94_6,2.9959432789182494,2.995943277501193,2.9996264785263094,3.0095497148488795,2.9905244879213746
94_7,2.5000595505383036,2.119241675793684,2.7310815375272965,2.928679963801612,2.981171352632264
94_8,3.926741835544523,4.268718548200639,3.906814131301652,3.989488124115324,3.998501855653415
94_9,2.852135510288755,2.622533265894794,2.8520062890016615,2.9825884780609635,2.997576701940335
94_10,3.017605991959805,3.000425545171527,3.0032135543153973,3.053028399408498,3.0755454028467413
94_11,3.006544921774018,3.000971424792034,3.0064315299843583,3.0517687152862205,3.0755454028467413
94_12,3.993267085259179,3.939874904517654,3.993266626355914,3.9998268525403584,3.993183669442561
94_13,2.0953924352217324,2.9047035599612108,2.993486803693934,3.006067352322067,2.998200110755854
94_14,2.996962143499152,3.0006017014723723,3.006066415293609,3.008192378555792,3.1190437457157336
94_15,2.952909790499103,3.0020031399538056,3.0043135352904224,3.0370600462423543,3.025611694845184
95_0,2.7773597310598976,2.3775812266720227,2.9627320658255667,2.6240116146313217,2.4379180440378287
95_1,3.028602572000091,3.0158099929074935,3.0953124864375545,3.0106025762883215,3.0949709512381407
95_2,3.6224306009468465,3.0122280060527595,3.8175398087518757,3.017689831091797,3.008146747759086
95_3,3.0026828071554674,3.0028766703441727,3.0058148523915538,3.13243513958232,3.007767909319335
95_4,3.0014108694643653,3.0041789404359083,3.060040187398404,3.0095286268447126,3.0290812773850715
95_5,3.003037859225267,3.0227974820477943,3.851917033975503,3.49885136824426,3.320592894604984
95_6,3.268866612753048,3.6224306564362596,3.3775193325555746,3.025721729386822,3.2226690502257727
95_7,3.4999634599013967,3.18239835992721,3.970643513080215,3.991206221112584,3.5620380584964177
95_8,4.730976438994243,4.9045633041620365,4.562099530741264,4.093821106036543,4.075751095382498
95_9,3.147961272686773,3.880760634112392,3.0373131390660024,3.5617603154038067,3.817098544490788
95_10,3.0020923896289515,3.007373676452563,3.008511267641758,3.013568691445965,3.0598550931255177
95_11,3.7772665353465196,3.0117218481376447,3.817539633356209,3.118844449592499,2.99970721577772
95_12,3.9999627971321856,3.9999006474870997,3.999978360006389,3.9999541494814927,3.999942705439045
95_13,3.0018873995927935,2.994798684724039,3.0473896288942526,3.065409099909291,3.0021366183562757
95_14,2.990627030385607,2.9670940353464945,2.9821230164571317,3.0015610569041615,2.6796394531599548
95_15,2.679225895408207,2.9527145822378937,2.9399497769552645,2.5622123133136,2.9330201160472336
96_0,2.148082842400004,2.562213841704929,2.4378560862837166,2.0159682990718473,2.32086086307608
96_1,2.9633825485926706,2.8809999857792588,3.0004819861226837,2.9939240058754955,2.9983686165377503
96_2,2.880873241973614,2.1824600688933016,2.9861671124830185,2.8522225026873196,2.500149970787496
96_3,2.320856488220969,2.8520765529048404,3.017276416532242,2.963382745981639,2.99359235102513
96_4,2.9938951278972996,2.915080883453564,2.991095715796028,2.9949010705115016,2.9924548366086205
96_5,2.817713311052782,2.9050790906692816,3.017276416532242,3.0008843701105734,2.9897230134122563
96_6,2.0601248495639393,2.010991326215277,2.500066146423811,2.3208664716694924,2.1480499485347613
96_7,2.971118537910822,2.974473424380327,2.9863165558927096,2.9872615045461264,3.0045098671558983
96_8,3.010075791931662,3.5621300710673167,3.0108778437428922,3.0757310168993244,3.0166612055392243
96_9,2.9402931711463673,2.924300850824753,3.001303090625999,2.995007935951779,2.9931325598076706
96_10,2.9532000091501978,2.8809999942494247,3.0004255451176634,2.990338145424742,2.9931325598076706
96_11,2.0076140916904373,2.0076027921920776,2.2689631050658057,2.7320389181178197,2.377701201192868
96_12,3.9997388235603633,4.00032431169215,4.0000539129780215,3.999970029314427,3.999808013942318
96_13,2.971397416692468,2.9529542030159313,2.9910957193824426,2.9878630294088033,2.9973174989061317
96_14,3.004220214837452,2.990917984500351,3.0044098383119033,2.9960167842671663,2.9879991132461172
96_15,1.9961033355152689,1.9989020771977895,2.003689513494628,1.9989024582796702,1.90476202599043
97_0,2.0230167452828907,2.0046140994404356,2.1480827770201576,2.1343263762232296,2.0852560562328626
97_1,2.3208539113112723,2.6225012666173044,2.1824638707724926,2.991203453489438,2.9633103732244046
97_2,2.731576983730948,2.817864234990326,2.9709493210165396,2.9638442084446512,2.7779943240840046
97_3,2.982640278447699,2.940023064431933,2.989088110283466,2.96302304129568,2.5000516139788753
97_4,2.0006323423800745,2.002755000486391,2.003561197734477,2.001606544103782,2.003249015905697
97_5,2.222734084359017,2.320851760021957,2.4378515113900248,2.984394606926551,2.9633850040465033
97_6,2.731142626953602,2.9670543484471525,2.6224877184679545,2.6225013743605077,2.6792100953278366
97_7,2.997254927770367,2.982394004444855,2.998015271490307,3.0021395473324377,2.97766762646302
97_8,4.000776196776162,4.005111573843907,3.999629875453082,3.999461203375599,3.9999490093900643
97_9,2.996900739314762,2.978948861521594,3.011880403444006,2.9991159303376813,3.014391629046535
97_10,3.00069095074463,2.7311531312485973,2.9903381331973167,2.967837221093838,2.1340332659850327
97_11,2.924201288080092,2.99878295891345,3.0,3.0010156647633397,2.992758239471367
97_12,3.9995293794573645,3.999915143995215,3.999935130758161,3.9999142981588904,3.999922654680351
97_13,2.0159491079888037,2.0180257569223836,2.222734582815236,2.8543003610599604,2.9867410056923545
97_14,2.0293483678268305,2.047436759848924,2.182462329411535,2.8182796617274017,2.0916310106559637
97_15,2.905030684354955,2.9999999999999996,3.0041878180870314,3.0090408234155266,3.0067727772656974
98_0,2.990587647778957,2.9972073542156026,2.999800463777682,2.986565372223888,2.8520499988580466
98_1,2.9709494146824054,2.977732458722933,2.984473836849281,3.0531087073160466,3.0256573815787835
98_2,2.999668334124376,2.990722229345552,2.99265340109926,3.004415463174666,3.013352639018511
98_3,2.2689875111140307,2.8809070821584957,2.6225120403395263,2.9950120282774777,2.9326529912196877
98_4,2.9983686112331966,2.996100162973656,2.9627585531631566,2.9983290450308138,3.013148429367046
98_5,2.924345639906014,2.8521548740013665,2.9923336850574414,2.9965663444734436,3.0000000000000004
98_6,2.9527541977954765,2.9708677515938797,2.984178717539972,3.0013027748567613,3.0010999212239673
98_7,3.952535030733676,3.994740028496812,3.993267188435377,3.99625847357823,3.9952851572488357
98_8,4.000649405526423,4.004010016241637,4.001866623944207,4.000126235064751,4.000233623992092
98_9,3.9525344360692265,3.9046112436087377,3.9998633309141165,3.998698085546193,3.9992930786802248
98_10,2.952670962660782,2.6225321089767597,2.6224877782413145,2.9852917031346666,2.9631388361070585
98_11,2.982310009179363,3.0022615929674195,3.0136327991620773,3.0154161053103583,3.0064067215856007
98_12,4.002412496268651,4.017925661581548,4.006628831124448,3.999986506852352,4.000095446491361
98_13,2.9710234296863276,2.9582481572757966,3.0018399989745586,3.0197629414080196,3.0219411636092923
98_14,2.940209487089523,2.9823494043414804,2.970918707531766,3.004875562841739,2.986850674558195
98_15,2.974304284438408,2.99957908404583,2.979776935544267,3.00176750042099,3.0018924966742917
99_0,2.0067237913096125,2.0066678734159606,2.008396828584188,2.004644017015499,2.033067011062652
99_1,2.2227360816136867,2.0110015481969943,2.9243008640076704,2.1192465169028036,2.0474660588764726
99_2,2.77738491631693,2.731118036121258,2.500036517561802,2.0373382219767526,2.029335359017191
99_3,2.852020370386568,2.500053752613354,2.8176344800125634,2.9972525870990254,2.622524865834134
99_4,2.679252512870646,2.5000661369096564,2.009649575864639,2.5004617835296994,2.0260006073126413
99_5,2.7311784361904747,2.924372516511653,2.940144226297254,2.5001690002358,2.5001306728544765
99_6,2.953004674156318,2.500114871840519,2.1480704828951285,2.5000839190399344,2.0372676155054568
99_7,2.996104947083935,2.8808942003685547,3.0002899024564718,2.999011121561836,2.8810287905004826
99_8,2.7785640078094844,3.0247055049314393,3.144939362970495,3.0073926456197198,2.984895036355236
99_9,2.148082800027914,2.3208517922980114,2.1192239979644207,2.8818844451919783,2.6793328412643795
99_10,2.4378658304080916,2.182460177266818,2.1824600689416007,2.437904332987087,2.500157595524511
99_11,2.7773754504007035,2.9049456977179515,3.0066507273745144,3.0134370643881776,2.148083015252051
99_12,2.998730800730513,3.001847631326917,3.000894487133205,3.4368897184895517,3.0128929316459097
99_13,2.437879982071843,2.0758882016656863,2.320840332921394,2.963921953265367,2.0293293881351175
99_14,2.060118938492313,2.11924009760271,2.095381018570425,2.9676686073190037,2.015889650393182
99_15,2.97716283657052,2.182459840181091,2.9939335784737615,2.9263044983063913,2.095352663921389
