group,COT1,COT2,COT3,COT4,COT5
0_0,1.0230666805832072,1.0053156807685546,1.0003519650846326,1.0005873194856616,1.000269569943885
0_1,2.182436861653552,2.0082470746956265,2.011588605791964,2.0325573509766772,1.975128270470374
0_2,2.2689779059270303,2.041358225907823,1.9946558628681583,2.037024329300829,1.9909964906510795
0_3,2.006457659239821,1.9958305888598398,1.9967678719728241,1.99588940375032,1.9404530555607444
0_4,2.999468797497841,2.377227876313999,2.5622525325109047,2.7773572384937593,2.6220986602506304
0_5,2.222712601344335,2.0095442767760257,2.009275685839975,2.008138957960463,1.925101035148672
0_6,3.0583907213898,3.0296704439109816,2.437885107367149,2.8821092575967975,2.679864378954464
0_7,3.007545169748753,3.008186075398384,2.9631045198201393,2.9829252329615135,2.940400901807625
0_8,2.005817041362774,1.9300733095828062,1.9686364779539671,1.9681549914613123,1.8539357666570127
0_9,2.999773991603164,2.9528069781802686,2.2227152528373115,2.90494853687334,2.320808500524458
0_10,3.6791247921177628,3.2682692903578707,3.026512546429988,3.0069156832756962,3.002136914732078
0_11,3.3773948120344754,2.928731475117281,2.7790097564366634,2.853633937840057,2.9249433386100665
0_12,3.8519172179108514,3.924099368195236,3.047163999128564,3.18237658020096,3.037030438627313
0_13,2.320948305979034,2.0523140452614985,2.0285633520231,2.0073108294840174,1.9861398491260942
0_14,1.2227992576453244,1.2451932784477502,1.1482265184641955,1.0130237800510875,1.001792317667574
0_15,2.8810569462276385,2.6227486974609118,2.679425031899891,2.500347244021451,2.106669168294838
1_0,1.119289336763977,1.1492153117745296,1.015997026441464,1.0077363971704791,1.0261142632819125
1_1,2.9830460461773827,2.940715997212994,2.9718569378700943,2.924636414644912,2.562441264166394
1_2,2.147596845516016,2.118193710233472,2.0106603383957817,2.182529942872937,2.094860818026978
1_3,2.0758825187293053,2.0140338160633022,2.0597670865532,2.0850182350741884,2.0113172603742164
1_4,2.0367506752162736,2.059326454108631,2.0532287171423342,2.1824101794179955,1.9900605956403978
1_5,2.028809342160169,2.0052069944126116,1.9851765955931409,1.959168453244774,1.6230602639440599
1_6,3.0098173617933184,3.0348567535659847,2.966263012219069,2.881283089936375,2.881092214667248
1_7,1.500086515960363,1.0294018667056513,1.1193565014291438,1.731491031559282,1.0076671446363625
1_8,1.0294013478029196,1.0001009057933734,1.0001001490431671,1.0002935920481042,1.0001648483981733
1_9,2.148043933660777,2.0757265627739256,2.0285720092782955,2.075647095875699,1.9931455805045144
1_10,2.0222232519996046,2.046078300981656,2.0149127750680997,2.0219852390277686,1.9969741464073654
1_11,3.562173199151809,3.622105762026299,3.3199561702687785,3.7770675951718573,3.118178455543879
1_12,2.924476769207281,2.268836673356806,2.075540675057533,2.067424010411264,1.9986136052908405
1_13,1.2227918422339674,1.562507535116276,1.222810165514114,1.6797111204666237,1.0374180399759065
1_14,1.3209064535770936,1.8176854896723498,1.5003752065289901,1.3776846692244273,1.0676858403059195
1_15,2.500073609667336,2.2689025322066594,2.0327664827738015,2.095294688046119,2.032527216504067
2_0,2.005042087385577,2.017329531807235,2.0018980148653576,1.988508228110708,1.9245403960331664
2_1,3.075057166012516,2.9942330366399617,2.906212215136183,3.0020474268330664,2.954272748410243
2_2,3.021476499839595,3.036416194308317,2.9409434971442083,2.997682736123612,2.978054870845492
2_3,2.970918661863586,2.915810421225906,2.6793288547282903,2.7312043701479416,2.2689480166547287
2_4,3.0070005114164258,3.008984883253476,2.3214304612011376,2.8207711954024015,2.6803893788875626
2_5,3.0021369308081174,2.983260558319374,2.7775883005792648,2.9404664574487334,2.8522852860074566
2_6,3.4999698418726997,3.904627233481513,3.2216946227495815,3.0469241855933937,3.0133773813161073
2_7,2.927717168047062,2.996076508429861,2.779145561746429,2.9251710728537472,2.881956889629596
2_8,2.8532519654994566,2.6245597504842944,2.222662495094278,2.680239615491495,2.222755239443307
2_9,2.075899791537741,2.0289928324890756,2.0104916156124113,2.008928596022678,2.0119988049262103
2_10,3.5000710599980773,3.320506847778964,3.0169535218514896,3.0223476903648026,3.0951636454510867
2_11,3.77784963423845,3.32041338864498,3.046714423239714,3.095194924085904,3.0369464218036577
2_12,2.0600773708312468,2.222698426377938,2.067530803658374,2.0227092587880624,2.022702547148877
2_13,2.017739998840431,1.9971418961564438,1.9939855091290863,2.0245301053895877,1.9245291270648952
2_14,2.998003194503553,2.9962718762064044,2.952910102479803,2.904845283291584,2.946867713163184
2_15,2.012250936559578,2.0757794486935097,2.0074511705357057,2.0258517427750298,2.0023168374189804
3_0,1.1192893453075723,1.0759498870449649,1.053506287801006,1.0141949207455405,1.0041694488355315
3_1,2.0754929739855497,2.0280401290095553,2.0020808888589654,2.095446293949367,1.9912416854093202
3_2,2.731375074168141,2.924942881472745,2.3776413428862675,2.222824489880704,2.119069876725468
3_3,2.0757491346255437,2.182440194950794,2.0064573647919812,2.0850397402075176,1.9863494467167118
3_4,2.0084688957103247,1.9255119618922112,1.8533068347433443,1.8525280543034204,1.4382651379860032
3_5,2.2226701353279004,2.046572225505111,1.984950535768861,2.0287141438277208,1.9960961692043824
3_6,2.7775856243941948,2.4378652905030322,2.9051362558045617,2.67930351342259,2.5622939742426096
3_7,2.9056753798584145,2.0471463877105243,2.0277639637862044,2.182577839199368,2.0024123648507777
3_8,3.778674685642569,3.1363550106683893,2.5655988729725148,3.4134023932529454,2.441757133586264
3_9,2.8808942077503743,2.377640881631666,2.2690522690602517,2.7775774755012557,2.0065944195800496
3_10,2.905675373509104,2.377988266070321,2.222720679527528,2.222781881762209,2.2690635674970028
3_11,2.9847454114999854,2.971242062114034,2.98952977976234,2.679993276751372,2.90544988998244
3_12,3.437782353215091,3.1823022847475637,3.0134365848356497,3.046936697107269,3.006075986281658
3_13,2.4379303811550614,2.1825317768440518,2.0177508923112457,2.4381536027975765,2.003641511764927
3_14,1.3776489653930066,1.1194126257009982,1.01108673123821,1.1482244762608558,1.0331930993992369
3_15,2.6793676307113317,2.4380283030136933,2.095383089785015,2.377679497585099,2.015536535808216
4_0,1.1192893458397215,1.377873661228531,1.0475194217874502,1.0141537299509722,1.0015911849926484
4_1,2.2227056211992404,2.500099627344114,2.321035008378326,2.437878101404837,2.01958902805184
4_2,2.182127005704593,2.0580025853367836,2.1191417903572143,2.0290415608480292,2.0597523015178796
4_3,1.5623129387856278,1.8178811770873708,1.2692115677024194,1.1481834723169928,1.1482130434870041
4_4,1.9942829661776948,2.012626493179345,1.9503336248798573,2.0015169547982423,1.940682408742605
4_5,2.0000499995884273,2.0240864203781013,1.992658013043481,2.0048562756152872,1.9684654173922678
4_6,2.777768018132672,2.5631079725234467,2.8821068014753535,2.321179212958843,2.320961309448174
4_7,3.0171820280868777,3.0756542104115474,3.010359293884736,3.119038653951096,2.9894957640164472
4_8,1.000469970570575,1.0002505450995454,1.000100906451048,1.0001904430654716,1.0001002444249543
4_9,2.002620372263098,1.9810492067622363,1.6229391017944514,1.9243548476564452,1.7775257230610535
4_10,2.182411744938392,2.03143876837066,1.9974073223040711,2.0362863452071793,1.9726675264141191
4_11,2.2686407885602895,2.0234820191009306,2.145793238477814,2.0400857190796313,2.056110034625028
4_12,3.0,3.017068021379008,2.908688063759284,2.97926275031593,2.8843584538075655
4_13,2.0105203446047475,2.053202153123659,2.017861287338251,1.994765332912292,1.9057475363874805
4_14,1.9927975993356655,1.778220767453588,1.7784691725298623,1.818439682368679,1.0422251985879645
4_15,2.00083179692198,2.0078748093624474,1.995303765399145,1.9788221265731178,1.9639148093703462
5_0,1.9960820097303313,1.9753511058172393,1.8688180011025495,1.9496568577351199,1.732075085642061
5_1,3.0168167132648067,3.013433824154884,2.993123283329208,2.9837150143575886,2.9408241752848325
5_2,2.979822661644785,2.9810918501232324,2.9592361267319216,2.9937478784941574,2.8813453873673125
5_3,2.970918657314442,2.7313541121954192,2.3211029895168607,2.3796277746045966,2.0599168880178165
5_4,2.9841962050390047,2.8821102384307453,2.8524979710165113,2.9678344777321906,2.5002346714062407
5_5,3.0210511444290806,3.012756415171027,3.006377125122061,3.006535650207446,2.9828401199906627
5_6,2.9999999999999996,2.8412477577204807,2.6241411020852587,2.320977739240011,2.2228661186880583
5_7,2.5622983048732504,2.377893010776092,2.075442799839556,2.4379303997864565,2.011018702019333
5_8,2.377841962479339,2.010560783469774,2.000080349747024,2.040887930141109,2.0356929119252722
5_9,2.952778045647088,2.9632273589703138,2.182511226621445,2.6234100231338044,2.047022262008217
5_10,2.9759046936255262,2.966263367865005,2.7311700376634964,2.9809935481060026,2.8182680664124606
5_11,3.56211931805296,3.0461021383063236,3.0356268244598583,3.009994615816031,3.01883076551374
5_12,2.9924742314892314,3.000884403927308,2.915387427406176,2.9640109847784144,2.3209940288048294
5_13,2.0034884301955036,2.019987066043019,2.0049078170936547,2.0113043934372565,1.9845744248982085
5_14,2.0148640753129823,1.9772642400117286,1.9722094091765332,2.037566843028168,1.9816506983840447
5_15,1.971648628529738,2.0000733409580143,1.8821620934469536,2.0006389890114606,1.778048846611263
6_0,1.3776346226781753,1.9781540094362882,1.500191197235502,1.8812392604170127,1.500133248044813
6_1,1.5624463992578046,1.732348406920224,1.0536690520564882,1.7794292479826777,1.4385208312529956
6_2,2.9810913786513638,2.6235679032804424,2.6230410476948323,2.852852239272018,2.3207872371184073
6_3,1.9979130690835936,2.0073043134452164,1.940351534461448,1.9889819879544934,1.9775647303958188
6_4,2.9952339174818294,2.9860202937516354,2.940175317520112,2.9244078787697365,2.562276282208965
6_5,2.5622538123228873,2.1823613570039653,1.9973691331813717,2.0226587144949333,1.971448899366022
6_6,3.0193849770507737,2.924571730012106,2.437874431387571,2.817748466262057,2.1476592143072906
6_7,2.679295807997984,2.622672756153265,2.1479954301772954,2.0369498246005855,2.0042754403069094
6_8,2.017003954489208,1.935670798850051,1.6821079609754823,1.9508377606546985,1.8541686038999112
6_9,2.0024185551361935,2.005577334119157,1.9882184336158686,1.9964569526449973,1.9474530511274704
6_10,1.953176617774636,1.6798740300976907,1.2690910639563344,1.2230446100750003,1.0760192853639883
6_11,2.96113658442443,2.8826999694583195,2.732151365814287,2.4379476041331167,2.3209736319103786
6_12,2.3208750624005687,2.1190828635029004,2.008876755022933,2.053405048038258,1.964910272858014
6_13,1.7775048918318292,1.0375023572923363,1.0260869928078162,1.0476094471033894,1.012528774083269
6_14,1.9720622650424735,1.9891198409188722,1.0475708672541164,1.934129006448473,1.5625498275977248
6_15,1.9989498109579236,1.9965610655571822,1.8677168308177385,1.9906028718450695,1.91534343700102
7_0,2.0172320263875267,2.052993817573424,2.0084415041531916,2.0086684496764535,2.008668446640492
7_1,1.998900010006245,1.9688912896157016,2.0006078719404257,1.9982272856680703,1.6798828862671908
7_2,3.043363241447307,3.057294152456041,2.9999999999999996,2.99759038186286,3.0000000000000004
7_3,2.0003059770913363,2.0000552323971523,1.9789192185804547,1.994908074462258,1.8936969003170587
7_4,1.9050789900326708,1.7794380798968057,1.5016788396632257,1.9310847164099034,1.1193728399344196
7_5,3.021277054331962,3.0143932406914002,2.97659599703697,2.9991157111453886,2.993622594897078
7_6,3.0162866983203034,3.0162866796856673,2.9281971345954756,2.9643741404474766,2.8819568897343495
7_7,2.003082800185567,1.9405889265889154,1.6238127888359786,1.6227625695473162,1.7782234018072307
7_8,3.0952635182711097,3.182095353765521,3.003098513076638,2.9841965126000587,2.993083053146085
7_9,2.007831731212777,2.0527251323354725,1.992587870692718,1.9968276142723123,1.9889576126483919
7_10,2.882476325035681,2.9542721520758004,2.4382081181390887,2.3209726648113604,2.500271478944492
7_11,3.0736861892578213,3.05692344645361,3.11172186641764,3.0226232374361794,2.9465863952079303
7_12,2.963225865707578,3.00948571242872,2.977733299130387,2.5624607650500413,2.622733443893241
7_13,2.046766845001444,2.012369852315849,1.9607971465346261,1.9898395201268029,1.9634336986750458
7_14,1.377655069522898,1.0760075612845432,1.09661767230452,1.2229871125326497,1.0230807699738091
7_15,2.0227658622592872,2.022488287314463,2.0201088932003297,2.085307178192546,2.001510312293236
8_0,1.6792874077506097,1.9530704263978804,1.085309743016084,1.1193987053040617,1.0676444776675431
8_1,3.0078143754738638,2.974279474108922,2.964598890902639,2.7776770663161767,2.5624610998314203
8_2,3.0579103717016918,3.009996029596486,2.9934791304202335,3.016058615050981,2.971856890264012
8_3,2.036824132252073,1.9894538194413578,1.3784174632483752,1.9931416051376412,2.0013300572847825
8_4,2.022887163123519,1.9806690620802796,1.8207897503441806,1.9638969054290358,1.562974060637606
8_5,3.4368448158478073,3.561229706059998,3.024905686384706,3.0514822833866924,2.985597927458492
8_6,3.9846954085099853,3.777153659436788,3.0746889820319474,3.977324953242966,3.075231631676387
8_7,1.4379504746102896,1.0204399353148457,1.0005215615131169,1.1827418697164274,1.0076681466709354
8_8,1.0032625858460988,1.0001111791067794,1.0001001470051563,1.0001082040128912,1.0001000018602035
8_9,2.002672732035651,2.017033513640477,1.9252422806378235,2.0125487155021506,1.9642609862261864
8_10,3.020505499956764,2.9851859893817223,2.7775872651082003,2.993896019919615,2.964173126142704
8_11,3.268470958021594,3.071807982305885,3.0020801403152424,3.1468889660723462,3.003357431196924
8_12,2.222665498593993,2.222516158232419,2.015787883689206,2.2231377126374783,2.0107599662388957
8_13,1.9633493207198598,1.7315142588859609,1.119355831567977,1.9533415777907548,1.4383209700329214
8_14,2.0026727319525213,1.9691491413920175,1.0422824465289728,1.9779259954606272,1.4382197940758945
8_15,2.222765306407027,2.22291412233947,2.015733147437744,2.022875020754703,2.0018170091253884
9_0,1.990095372165358,1.9719087763998029,1.7778380744581983,1.852412568710414,1.3210903327248908
9_1,1.377678721202729,1.8028164388555827,1.0076791032305263,1.500825075848193,1.0086674780961853
9_2,2.222559603165283,2.1479961526151397,2.0032303702698164,2.377830492205051,2.059456131891017
9_3,1.943126318827633,2.0527664736784232,1.9716077380881922,2.061834728543723,1.9057303151426404
9_4,2.9632258669843647,2.731481001040353,2.1190339803121034,2.222915900841512,2.047151199992192
9_5,2.3776965865926742,2.1821552558396986,2.1064380007939993,2.6793992181456217,2.1184416972514795
9_6,3.0014727472397547,3.1178925578934606,2.980195085829712,2.9927898755781333,2.979205039313193
9_7,2.989924209667849,2.954073835868722,2.679490464536309,2.7778673042716995,2.075668074409366
9_8,1.9249928202050954,1.0955468124388557,1.003134606403772,1.0230717190852046,1.0011223528535729
9_9,2.021995219293586,2.0751992808682656,1.7316338846320825,1.9921075986543,1.679580065008315
9_10,2.9851859244289285,3.045246744211078,2.9651435316190287,2.986083766291337,2.9841963890384293
9_11,3.0934477202698742,3.0424396411791363,2.988006868641438,2.9643729706525015,2.9709811730618108
9_12,3.0009899533813473,3.05946111982258,2.9532019020526756,2.9865637813523573,2.904988385580149
9_13,2.0224744316544525,2.0249890962321904,1.9282700504565344,1.9957131599714946,1.9535425359350487
9_14,1.9970822871225191,2.05945356946907,2.00515428932897,2.0106995588068766,1.9871587319921684
9_15,2.7778297286669384,2.6243489156321202,2.0287496010747117,2.438628152106058,2.377950009941246
10_0,1.0001001270030365,1.000115922508031,1.0001843824302565,1.000838630896787,1.0001448804507311
10_1,1.8189093440982895,1.223297578187084,1.03321692663265,1.2694672543963763,1.0760789639195496
10_2,2.179592447520002,2.0277569285205463,2.0000552447030087,2.0737610561563624,2.0459822662479215
10_3,1.4381792900856514,1.7315688830749625,1.4381835608802953,1.6230819411678052,1.0954724812401644
10_4,2.1191787473898707,2.148144141163912,2.051385737021458,2.045815431807983,1.995544093216318
10_5,2.005033934289719,2.0417653700556757,2.007470229950744,2.0371522428858144,1.981044230382257
10_6,3.0080232746770252,2.079945810589113,2.1174949889158654,2.7829210151383537,2.321471750058613
10_7,2.987105925304994,2.881592949413048,2.953061895653703,2.9781923166539572,2.8812825062276235
10_8,1.5035251013191429,1.8233513299805728,1.002563363290598,1.0068482039753237,1.0032706144974448
10_9,3.0472219576879436,3.8807470171035146,3.028602320085696,3.1478987101327918,3.0020474309455496
10_10,1.1482184580782728,1.2233020466838171,1.0375105808496878,1.0957317233747503,1.0025638344268886
10_11,3.4377349971450912,3.2206083027388535,3.0587642714163565,3.5614431241604545,3.0736856957403487
10_12,3.0718087771241542,3.0042943021856416,2.9801943051174256,3.044952706331455,2.9648540760538515
10_13,1.0012594726729693,1.00161117809518,1.0001991483644166,1.0014496846408991,1.000111809838043
10_14,1.8818671225344914,1.981649229082436,1.060190338442744,1.993181877162709,1.4381466482660628
10_15,1.000799646656045,1.0103093050836875,1.0024626479566356,1.0025858186409782,1.000187752529789
11_0,1.9402594357078713,1.8180541622962163,1.321160927622214,1.5056278836346104,1.3776804212418092
11_1,1.88127392026793,1.380126061491634,1.2699152295914578,1.269827415599666,1.119569762151065
11_2,1.954322069454119,1.882157616227797,1.8183151101805706,1.7785083441650085,1.7317753467434245
11_3,1.6793961879795882,1.182676898639542,1.1483150584143131,1.4381709030290784,1.060175067624539
11_4,1.7776730593268455,1.9987504134197034,2.0040422720512385,2.012806604260245,1.9783993358850753
11_5,2.004270225589083,1.8541526690619674,1.5017222977735492,1.888449859844198,1.5629735954422894
11_6,3.0088439747071325,2.9855978426207925,2.732394384471116,2.6234731243188856,2.5626253506750616
11_7,2.9710680119466826,2.2226735480424358,2.132872118662275,2.5002204817734044,2.1823706387584996
11_8,2.9531266109035803,2.6230444408640046,2.222743282063322,2.119531732774479,2.1823235436032795
11_9,2.0369461873404395,2.0021837967722522,1.9943406874141172,2.028205014672754,1.9976995279034564
11_10,2.222566668999669,2.067049944353679,2.0748005137171623,2.041133656469293,2.0596595807031846
11_11,2.5000679951548666,2.320626028175035,2.3207562972341833,2.0363927145875076,2.4379410763182148
11_12,2.119182612517202,2.1824182172286104,2.0327641292924308,2.0251939345084105,2.000603639992596
11_13,1.987018680050921,1.5008357247777802,1.438797721223664,1.963656698894945,1.321185926632438
11_14,1.0003859455477448,1.0034103357475936,1.0002136889971556,1.0002834649100545,1.0001888148360472
11_15,2.0177399888488936,2.0325321977855513,2.0000610722390166,1.998517960806682,1.989169813018174
12_0,2.0021904198221696,1.9826207979661992,1.8811811494549089,1.9602619020963081,1.5001759152957137
12_1,3.0136834429243438,2.852375791746089,2.988743650359933,2.9940192954404043,2.9774535796999073
12_2,3.499955913465333,3.7307771233277585,3.561808996683174,3.903501851959895,3.3205610510765884
12_3,2.0758900590925,2.0467894937638027,2.002676806822742,2.047115122754583,1.9915396843636024
12_4,2.5000788664393983,2.059518586295539,2.0949865151097873,2.0216952850053596,1.9985824687153115
12_5,2.1482398940697705,1.908267523267147,2.0411351986892083,2.0001844921209257,1.9054071192540243
12_6,2.1481535445096664,1.9054997118939594,2.005155921502676,1.9405969870205266,2.001651575097513
12_7,2.5622219569151232,2.13274981693205,2.053360737200947,2.02554908560859,2.0115123883879873
12_8,2.1479923865873904,1.9905959446450765,1.9349682680415903,1.9066484502239283,1.8821601168587576
12_9,2.037196860787009,1.9830985017211753,1.924468533874483,1.9863717809848078,1.9826915928494226
12_10,3.003284504546122,2.949063806962685,2.997580825151352,2.320924506807629,2.881027689181458
12_11,3.032727133273924,2.058467346903446,2.905967731186996,2.6798323497801677,2.2680551548368784
12_12,2.99768697342825,2.7778237188332837,2.500117368785665,2.5624030184910893,2.095297422323763
12_13,1.9902326401404309,2.0000990457503662,1.5624901510736833,1.6800922115762853,1.7313908143924952
12_14,1.971168537763489,1.1825600189419894,1.0159963845220246,1.7314200461088718,1.1825413125026145
12_15,2.6226208343352067,2.0465823061286343,2.017485014334385,2.0953890539395346,2.008728614324076
13_0,1.0230666779639381,1.0534995119886725,1.0110810415991673,1.0296631720617084,1.0022726762107892
13_1,1.971073415573779,1.8188779771736074,1.623331481457601,1.378319438704977,1.7995831965944518
13_2,3.1816444559412522,3.026140629712827,3.003076971585286,3.0104697850313538,2.980194407888337
13_3,2.3210438478670614,2.3209150532237306,2.3783275875469534,2.5623765133719667,2.0532687448935967
13_4,2.1191646655387553,2.1477008574828806,2.0051711399056344,2.222765041736126,2.0016561288473693
13_5,2.852211236751408,2.7313590235491816,2.8180535830917672,2.7311668282710975,2.0670300909844777
13_6,3.37716929880755,3.9046165516677234,3.436421922301677,3.3194264663181103,3.0739390200554855
13_7,3.0,2.9991155889943086,2.942381485675683,2.992607898226737,2.852848121897012
13_8,1.2690634921263817,1.0294036313603412,1.0007996529964303,1.0602397421671834,1.000469988842369
13_9,3.0590568957386233,2.9900061976591696,2.9662636969519434,3.020173603450446,2.978723363078249
13_10,3.0463949886864663,3.013377356473514,2.996922949005617,2.9401766538542913,2.9532014785487477
13_11,3.0945507310297593,3.058389631869728,3.055486694073445,2.962877261309596,2.9841965087331603
13_12,3.016485140497643,2.9949241108840314,3.0021308401516915,2.9972525703863866,2.894108407015326
13_13,2.222918102869248,2.321010359899937,1.971187453580496,2.095013696505302,2.0595168350098874
13_14,2.028874213517133,1.99616330961882,1.9411592085567309,1.99585988766376,1.9939882321380302
13_15,2.7315165850083116,2.8182647572848176,2.1823102983217932,2.7777737116478463,2.041831061921859
14_0,1.987687043460174,1.925223587655036,1.73135858396222,1.8813000901817674,1.4381304236375618
14_1,2.0049047688631205,1.9987810295512802,1.9535365596545178,1.9785916040035925,1.8814695536954686
14_2,2.777523379455988,2.320910356388396,2.148053954178644,2.2690024880586566,2.0672782137494803
14_3,3.03683896303273,3.0166612068454706,2.999999999999999,2.999389486267413,2.9835149301564337
14_4,2.147995555679068,2.0750411404690325,2.000671614374682,2.0370141311397636,2.002134794846786
14_5,3.2225250634981752,3.035826898722135,2.998879037163555,3.118710226881376,3.0169538609750193
14_6,3.1820056342979233,3.0047763112198336,2.996016354304517,3.0008841448234067,3.0469374690067537
14_7,2.996706641566265,3.0026227305903497,2.9639973300069324,2.993747938387255,2.9934550876901027
14_8,2.012126184810302,2.018459076000781,1.9982109913468145,1.7839663663718646,1.9550940341363459
14_9,2.9959494403490967,2.98419621566777,2.9632993939389847,2.9809931559159444,2.953127762321662
14_10,2.9835148565586054,2.9884088435751663,2.9244382454556046,2.952960837474703,2.8522843367585873
14_11,3.118302353859675,3.2222315216201314,2.996492866916075,3.222414640759906,3.059461109513038
14_12,2.9830460456676966,2.9550424880801254,2.9634769870942494,2.9781926922279314,2.81799821242946
14_13,2.622586785445023,2.4380476606949015,2.0372207700464653,2.032748959621025,2.0757493386471566
14_14,2.0757839763398818,2.1190266133733973,1.9970854566810035,1.9982480889923377,2.0018697026423355
14_15,1.9918427501070863,2.003491041745936,2.001490705142532,2.0025740814047985,1.9927991005266517
15_0,2.623337034667102,2.0458267089719344,2.011584676538485,2.0952612356972997,1.9969539079776124
15_1,3.027811713982037,3.0332609527328542,2.881178476752448,2.9993894863266264,2.9869686965138107
15_2,2.882924939438979,2.3210477965659013,1.996213589316598,2.063178419069668,2.008039649735372
15_3,3.0591776616167863,3.0462577487438134,2.97773265521179,3.000000000000001,2.9927476135405344
15_4,3.027811713982037,2.9999999999999996,2.9918139937808887,3.009059733264345,2.9780548392165427
15_5,3.0948641135799275,3.0257208049179423,2.9408232163423227,2.9942236618109304,2.88169891055126
15_6,3.5612576692037106,3.2188220987077423,2.9719663172602693,3.040978305634553,2.911291922952273
15_7,3.437778046511139,3.3206717705585493,3.027811179587694,3.0470888513237204,3.0027383403356183
15_8,2.2692135660280526,2.0057903149729315,1.563801434512241,1.2693041624543526,1.321222827464243
15_9,2.9648536681236584,2.7778812143396685,2.679347535124596,2.73134356702554,2.2226854620976715
15_10,2.1374833851792827,2.1692021074828642,2.0246064294882156,2.000505383126541,2.0316257206101347
15_11,2.679537108492797,2.4349890611366614,2.0021340941372783,2.110745282264311,1.9872944981791278
15_12,3.1476230958291973,3.0337370974613416,2.9969007523040716,3.000610546638568,2.9406218221268623
15_13,3.2224474527320486,3.2687655659120525,3.012361865372115,3.1475101992244823,3.147949676626727
15_14,3.3774507095294735,3.2222293100943666,3.0108910810920135,3.1822466940455523,3.0471293744009924
15_15,2.2226122157333514,2.2227356986811273,2.0041899231814493,2.016389874254135,1.978999080495211
16_0,2.2227609191319067,2.2227674055787188,2.0256646629215753,2.0103138743662066,2.0120116997641735
16_1,2.9878630224655964,2.94722237279746,2.6225135568422586,2.3779276855315596,2.777530700275586
16_2,3.010470346518933,3.031585361790092,2.9786507701378717,2.8190657591308272,2.778287492898348
16_3,3.8519997387098055,3.1479496829318894,2.9999999999999996,2.997859733194687,3.0045859192681466
16_4,3.0596639080965464,3.013979534026175,2.9643723292244473,2.98927236811328,2.998984046185638
16_5,3.059882750739936,3.0020474212391566,2.9850050340032346,3.001840775988021,2.9899243012906336
16_6,3.6228056461378215,3.0242569428762147,3.000884409331096,3.0174961820074877,2.999102562454648
16_7,3.995762165089175,3.8807285707953243,3.3204167263177964,3.3205340865307735,3.9707004366807523
16_8,2.8839281839508875,2.0370029969356582,2.0001143186215735,1.8809290374555148,2.0081137955251585
16_9,3.9938835801669663,3.81751371454795,3.3771019720769697,3.6214572241407135,3.4377046141129872
16_10,3.9053056900137206,3.059056037386769,3.023775046871915,3.0027469645734746,3.0066506967028896
16_11,3.2686950600476985,3.268420133123544,2.8829418524824053,3.0468554481580292,2.9645981577008196
16_12,3.2688939121398906,3.268874236095136,3.0014368800550675,2.998107226398787,2.993123326203046
16_13,2.8177312796101943,2.6225727271164465,2.075363118733474,2.377734975557457,2.075659819422839
16_14,3.006876726048475,2.971397494175743,2.294271370610349,2.881098527228305,2.9674670351472314
16_15,2.5001943999003866,2.852851066157731,2.320899845184305,2.20497011097299,2.019962408374335
17_0,1.7312805043546904,1.6227418216789904,1.6797802583269463,1.1482044308756096,1.018077281359686
17_1,2.1477775747709247,2.0470516616450825,1.994321374764058,1.9970933193649285,1.852897587774211
17_2,2.2689648331212333,2.5001047141761585,2.320907752335807,2.320959123974013,2.0225987153138223
17_3,2.940822352250873,2.8526378291821994,2.622663896001219,2.5003062675518914,2.2218028412171695
17_4,3.683351842970373,3.0739406581405184,3.266356246229427,3.731103662194598,3.221333790244399
17_5,3.075152202588803,3.0026664884784844,2.99607652447927,3.02781117614919,3.001666143297261
17_6,2.964598009314122,2.500174696606512,2.7783816465695423,2.624666724288926,2.6227515021627235
17_7,3.1479235455928394,3.075523102688675,3.059790241382959,3.1479182123087064,3.016484947032772
17_8,1.2230841372033743,1.8220896384081346,1.3793246075621544,1.3838325220742,1.3222315111133642
17_9,3.8807622628482346,3.9241023566807827,3.1191161609151288,3.1478399351051096,3.1479786906834377
17_10,2.8813444116934592,2.072785848853139,2.0352099437502758,2.0739937078921775,2.0134326016548485
17_11,3.839691551976236,3.5617758326960582,3.7312775654154575,3.981222133265242,3.562264848625593
17_12,2.940293173690455,2.97139742347916,2.924571459840506,2.6794516051055486,2.037087011768708
17_13,2.983940293453138,2.3208546496582527,2.67950232261699,2.7314229012085303,2.1186200287959585
17_14,2.904830351582568,2.1190741138420557,2.059909579624897,2.0366734935043787,2.019847275172207
17_15,2.8179943797614024,2.4379470129683707,2.047275805876136,2.1193331289566757,2.0953122875494077
18_0,2.0082572480983423,2.0037802482902287,2.0037871915159964,1.9925384313381176,1.9826906574288532
18_1,2.9246929513021622,2.622994195902661,2.562543753093122,2.5002346708769068,2.2689950015124163
18_2,1.3779869066291297,1.8836121076377748,1.7320726297615427,1.6816748889816295,1.223084209185426
18_3,1.148177455745519,1.8180447688372572,1.1825799472903735,1.438382973772033,1.047519236572695
18_4,1.029401344395778,1.9250998718718109,1.0954734405053568,1.4383231336719007,1.0759703619441168
18_5,1.9986051261525561,1.883011951212437,1.5629722124534202,1.734945528248248,1.623523063429781
18_6,2.377691575425785,2.222797733519639,2.0599878511476195,2.0948160225312815,2.377710908853046
18_7,3.0367741354089475,3.1187756126021937,2.9983735671964706,3.0166603647419183,2.9994605672429833
18_8,1.8192727257220953,1.780383833209456,1.7349086445915272,1.6825115282613747,1.1829437751024765
18_9,3.4377898262965134,3.118820265926645,3.0072341425067997,3.182196060614394,3.0951888495311515
18_10,3.679175843351064,3.1474262837310336,3.003983588687959,3.320710012485196,3.1479593096023697
18_11,3.679175843351064,3.181799229788082,3.003983588687959,3.377452516003062,3.147958036064071
18_12,3.26890323731893,3.437776211897524,3.022773390846902,3.019622339839076,3.0074078589000712
18_13,1.4381792900485526,1.2232350861164534,1.1484035953814018,1.2694777126140182,1.0374729172594883
18_14,2.97139741680101,2.99688987731938,2.971314354719712,3.000989911962122,2.9584009009747567
18_15,1.9923836605458045,1.987913504539377,1.958224664181876,1.77755005864295,1.622581726364201
19_0,2.7775233972494178,2.6794885941984194,2.3209264218364725,2.8180085346271015,2.0953458372155165
19_1,3.9241243311100726,3.1822637973050454,3.4998227545974885,3.6220723203099836,3.046937461308708
19_2,4.006016400253015,4.000341586754022,4.000178733266032,4.0046544709264875,4.003807974030568
19_3,3.18235803363613,2.9983734804837208,3.011880541643649,3.0469330339979006,2.996900776617556
19_4,3.880770566735822,3.2224127775431115,3.320646648130104,3.7767466220371055,3.1477146963860347
19_5,3.1822686996214875,3.147751515558052,3.019299515520511,3.0755152254964004,3.0139796734242053
19_6,4.075512400451332,3.989093554317439,3.999588595152115,4.027296387165524,3.989325102212663
19_7,3.9999499842789237,3.962572528920524,3.9519610055322154,3.9990229454486794,3.817445615094885
19_8,2.8812804107365406,2.881698426196664,2.500116712040487,2.3777233325366565,2.148065105753699
19_9,3.962732577903669,3.9770160945701476,3.8174934112427614,3.992258554010537,3.8175036912203715
19_10,3.6224352223698513,3.0086760780386728,3.029106865181434,3.1191010111377055,2.9991258242578946
19_11,4.095223380220953,4.000048290240802,4.000623045480997,4.0072985060676904,4.0004011583158805
19_12,3.880776147285215,3.0596557548103167,3.222628456348395,3.0598533939769608,3.0056504069643175
19_13,3.0368389607691726,2.972869363147477,2.992764168393252,3.0121363328258846,2.998850017071844
19_14,2.999302916838676,2.9970911914259255,2.9892756506992217,3.0033628891191633,2.777387001537777
19_15,2.562330381219484,2.0598171587766507,2.0758880074561032,2.0373310843932564,2.022733523428397
20_0,1.222803733881545,1.5001207359467672,1.5315741664139038,1.3210280938667687,1.1825713856956366
20_1,3.0092862065486075,3.004488462893227,3.004992049705237,3.0101815829810956,3.005404810258146
20_2,2.9960320092759454,3.0073934760430934,2.953283278711853,2.998850033602848,2.997377276480672
20_3,3.0085143812046238,3.1181818868749462,2.9641736932914453,3.0075257163681495,2.9634773814527766
20_4,3.3775094442230866,3.268276719086138,3.0118808045024372,3.046937468568037,3.0592837102098582
20_5,2.992747599807217,2.9776491193736856,2.9774541395433607,2.971068931392958,2.979494643395836
20_6,3.015185742833574,3.036295255160987,2.9250500377440196,2.9930830862230136,2.8815929601299723
20_7,3.028824208207627,3.036700518234022,2.9975732063400393,2.999823846793629,2.9847201256778204
20_8,1.0001648413243271,1.0037585077291262,1.000388664150357,1.0015653795300583,1.000125408991145
20_9,3.9241062549974193,3.268803259163,3.9045975160375392,3.8807194536485783,3.147970307224944
20_10,2.6227544570352914,2.268817974580303,2.0718822718293963,2.4379954732657865,2.0354584061497496
20_11,3.8180588294703095,3.5619951177993774,3.2686647113659077,3.3772522777288643,3.3202695372405455
20_12,3.9527550369600193,3.7310378849711383,3.562107045781658,3.923994941970325,3.1479371600398576
20_13,2.8522837711912925,2.777895147734923,2.437915144248278,2.968083728349083,2.437947244258291
20_14,2.060090214068201,2.095253054542196,2.0026956466946406,2.0534202635705223,2.006918496809872
20_15,2.0471796314176656,2.0109856306033986,2.0008813694943277,2.0048025525831887,2.0021026607961097
21_0,1.8178509583802538,1.9403455502547677,1.8521827340267958,1.4388011929099322,1.22280740703254
21_1,3.013916808860251,2.818264398050285,2.955741430662422,3.000884400210152,2.905676178500709
21_2,3.9901326337415672,3.99142007099212,3.182053998127849,3.9703681464713463,3.2686242439147137
21_3,1.9050789738477927,1.7778870966921114,1.0141534003212944,1.6795115990304201,1.0053101272939922
21_4,1.0067826484512565,1.0007164323362887,1.0001270017151105,1.000540838117233,1.0001989298130898
21_5,3.073397849504977,2.9759047123411784,2.9792605986945215,2.9951453036919657,2.9063383284753628
21_6,3.972563496412039,3.499790193772105,3.4997597652536276,3.969886400281139,3.679009180474748
21_7,3.939881168829582,3.9525332013377166,3.4999202758437673,3.817441436260561,3.7772463634064217
21_8,2.6237353304085897,2.7788596480750716,2.7314545406891217,2.222621283571028,2.182231557275452
21_9,2.993885032792004,2.94183483304142,2.9052733974321927,3.014392886192527,2.9860839258859024
21_10,3.6791755707573786,3.0455023390159957,3.0276122578808753,3.0949110284964236,2.998999715031955
21_11,3.977268885611677,3.880766124043529,3.1474283564628314,3.988926890010345,3.2222830133846916
21_12,3.004220214639286,3.008514376822248,2.994605498955191,3.000690942375682,2.905449886751098
21_13,2.984196200512794,2.9986984953396125,2.998373481386731,2.9721894198267536,2.9055557646316115
21_14,1.9536550069200012,1.8187686924536146,1.7323464834567677,1.962243703241181,1.2691440333937591
21_15,2.119195555473416,2.3209934454484475,2.0368893832766255,2.0758607831688938,2.0472725478987948
22_0,1.9529596698228322,1.9531120927223793,1.7060096739969772,1.8183866452270288,1.6793331412437824
22_1,2.996076503175566,2.3764799704642967,2.22191497039155,2.094612942209866,2.220501313356145
22_2,2.9773188867406746,2.731194180866677,2.5000447866413995,2.679465914703709,2.020232434094805
22_3,2.973649774329485,2.8594040729057326,2.3200956139654734,3.061836676642963,2.3204982923888426
22_4,1.9965298268502552,1.9894259118671798,2.0189607640762692,1.3213241223658831,2.001684654240456
22_5,2.0452969384486455,2.013796947369508,1.9729230952165933,1.9977909559675675,2.018967017662989
22_6,3.6792269956175296,3.118046511743582,3.023404169059858,2.9247723123509943,2.979822694679079
22_7,2.2688195227662313,2.0365906027150356,2.0596086647863667,2.0363927161740727,1.9856541604569682
22_8,1.9431263166725592,1.925686064626531,1.7329138670028086,1.1827428633951818,1.0761464178181785
22_9,3.005099031373218,2.881225185932831,2.3210040918624903,2.3785427808645805,2.5002494367980113
22_10,1.6802846156014628,1.9557975814153687,1.5630734794881007,1.5648928352094877,1.0476053301856114
22_11,3.7311752508556078,3.0752333928114717,3.027130391339094,3.0457240363030866,2.992628710838282
22_12,2.0070743508679922,2.001319356944171,2.0007495756110205,1.9922734944137497,1.8181632602741742
22_13,2.964173008010172,2.7776228048308873,2.147927685367633,2.500120440047594,2.147760218419717
22_14,2.18241333049432,2.006935301600659,2.0068867514624276,1.9763042414130578,1.9638926637459477
22_15,2.0226917421893824,2.0202254639365704,2.0063861858663676,1.9816672952443841,1.9805228259495253
23_0,1.9935050715371823,1.9405198198078435,1.9530528282219783,1.881232316569246,1.88097196361258
23_1,2.5000671105033163,2.5002311521870504,2.0756822347792743,2.0455759236808664,2.019869581750396
23_2,2.042280900574339,2.0119981083338407,1.928246226521451,1.976713792595491,1.734902766325181
23_3,2.0000499991251823,1.9814188971079514,1.8816452035179227,1.9475669934967692,1.7779523736866727
23_4,2.818572461761021,2.6231078598200845,2.2685473075956355,2.378168692932292,2.046159152701702
23_5,2.7816896965487574,2.069564454701518,2.01073783946546,2.2223420292227027,2.016793621479875
23_6,3.0598557719005957,3.0222675821198615,2.978347502044912,3.007251572597748,3.0
23_7,3.622440473760109,3.222632554566562,3.0009899442945938,3.0757806278081854,3.0106513844325957
23_8,2.66206827090024,2.10705811806196,2.089377057095495,2.3132054506565862,2.4831081237243104
23_9,2.881280398159846,2.941234955682624,2.437914933506055,2.8522180513585313,2.2689392586188317
23_10,2.065057879556438,2.053173188314351,1.913212584938692,2.0307242566020185,1.9122190412900042
23_11,3.622784088480568,3.3180399812404913,2.9785677267576043,3.115615771662205,3.0154023917924717
23_12,3.2226525384859412,3.182371736068089,3.0599271782382615,3.0137996275401435,3.0003756905410524
23_13,2.7312526777477433,2.2224362104416624,2.001690939956403,2.094439356031807,2.0312331226466394
23_14,1.940259437289463,1.56319051722829,1.3211245686614232,1.8579364720718272,1.3778405723532776
23_15,1.984864259628215,1.9642237891379304,1.9478516111807958,1.9687455399931577,1.9051354472704805
24_0,3.982259981040959,3.777262502998485,3.3204619531472277,3.851629903807526,3.06003613324528
24_1,2.92250540171785,2.7390566026161998,2.2226861461989555,2.8241776326216548,2.095103129777845
24_2,2.9930830229724648,3.046102791720988,2.953742195447862,3.008382170826636,2.9534843575087635
24_3,2.9880067858172965,2.899940775469425,2.9658426780372116,3.2195904044066443,2.1826492641892408
24_4,3.8176100929991255,3.730928683819062,2.995596255372863,3.0188292504120935,2.9632995198235688
24_5,2.99581216554168,2.9532001638668963,2.4695681064325483,2.986367330757522,2.0595948902193526
24_6,3.7782152804553557,3.316127989982203,3.139615520075365,3.6199880636529005,3.0
24_7,2.998231334071995,2.924694737859391,2.8521559135153156,3.00853843530432,2.3775382168743633
24_8,2.8530998139947426,2.6283699389269732,2.0167733735682476,2.0534332957058097,1.9521776663024997
24_9,1.9811413766905797,1.2247349873727715,1.2716065612995062,1.0962808313935932,1.0015917405607075
24_10,3.0125624611070227,3.0282800856991754,2.9938951637619553,3.7309772519486804,2.986083318592615
24_11,3.9914356172368457,3.9627646353028414,3.678897063364596,3.93940768060076,3.622072319574959
24_12,3.022623368540599,2.8874032927467375,2.9427071652003276,3.0321110743801785,2.3211659136413694
24_13,3.00156154447028,3.0085143710158118,3.0026827198824777,3.0599928819281255,2.9529544573299327
24_14,1.997957610095537,2.001694741754151,1.9405204156239226,2.010228986387527,1.933132601314902
24_15,2.1191910441134034,2.940621826166199,2.222734136049623,2.9050388530305624,2.010987098237768
25_0,2.6225867791571504,2.777714326036483,2.1067095884298292,2.3209733207741565,2.0255258402947116
25_1,3.017689992493482,2.999389459349332,2.9894953847589085,2.9897235613530033,2.9053567267161466
25_2,2.9780547823924475,2.985418698127683,2.679414369908827,2.8950657159666315,2.4379176399447675
25_3,2.7313286978670956,2.7793869946787684,2.3776465739938337,2.6798000504269384,2.0457848680162574
25_4,2.9629346890698702,2.9631611604207078,2.9149552789862,2.817924320924672,2.437919843426877
25_5,2.993132529642088,2.9713978433057546,2.9050801221001317,2.881111083574977,2.679331604687677
25_6,3.0066661009400915,3.0085387890914888,2.9935925504449843,3.002136686038984,2.997863076865015
25_7,3.0035193642075826,3.0091554958352402,2.9993818015448492,2.9978566426443525,2.991792781293114
25_8,2.1460682115123717,1.4011036183637293,1.014300663795172,1.0012611192918863,1.0020266912827733
25_9,2.982501850236059,2.999744022407104,2.989348596074729,2.622570205842423,2.268949143839939
25_10,2.998589131232019,3.002083285784241,2.90513690883659,3.0023173441337376,2.9055555011196383
25_11,3.1823721372489238,3.561883267123017,3.013632435690942,3.2224225597573786,3.075522404719281
25_12,2.9631610396468124,2.8180500372440624,2.9246284631180037,2.852374311767046,2.679474703277012
25_13,3.0291322740423396,3.437769340492154,3.0102769416487694,3.0105427805636613,3.037064393799782
25_14,2.9776490875086603,2.9410802163539183,2.7312344202484873,2.731375780890353,2.7312954078327563
25_15,2.7775233897941876,2.9542721931039386,2.377599614161214,2.7312817292701865,2.500075149753878
26_0,1.731302666924831,1.777767475688307,1.2228703009544146,1.2704990216837642,1.1481456213106014
26_1,3.094920907219998,3.021739184489695,2.986020464179363,2.9723900663075264,2.8529686980408258
26_2,3.182339877849401,3.3207613359580614,3.028758430446799,3.0756928706753763,3.0171819830737663
26_3,2.9052730953142216,2.623620038077431,2.0560882627312647,2.1174674860837888,2.028547691766234
26_4,2.9533773713258245,2.6794459320650836,2.4379042378036995,2.377638412327102,2.2689494182143988
26_5,3.182286697267377,3.0023174520348554,3.0044883744855078,2.9700867469811723,2.971598966356792
26_6,4.002412967966346,3.9970718278221975,3.939888228099432,3.851867289013191,3.181810022368154
26_7,2.99197541685037,3.000610554644125,2.977358321938557,3.0074073898393374,2.9529098202429545
26_8,2.114825463254346,2.0139678191321493,2.0321765359459047,2.0062973631819476,1.9918980851876789
26_9,3.014039047621859,3.222522941825064,2.997380149128365,3.005680269052624,3.0032975729490636
26_10,3.940003845654496,3.268872930869645,3.7772424784296055,3.0473395988132546,3.013802133414496
26_11,3.9999499920865844,3.6790245725973207,3.4998835664853893,3.320286788362315,3.2687872063983474
26_12,3.8807941617189767,3.731028067344475,3.0024240514271976,2.9939336360244795,2.998879034191425
26_13,2.0349067812837798,2.0082047467390183,1.92665455344469,2.0233384402886183,1.9879847746662644
26_14,1.3776698361278716,1.222818339390775,1.1067901876574215,1.0383675642390742,1.01252255528661
26_15,2.9989840337844016,2.9842761275608423,2.9244769137424367,2.964373738993815,2.8177523351662774
27_0,1.9977325309114988,1.9729682451483757,1.964471029143752,1.9059888650955876,1.4077632422278397
27_1,2.1188317009488316,2.0312281414817375,2.0073242810005256,2.0410250322008743,2.0031602948436538
27_2,2.6228495590503065,2.1824799289205865,2.3239041148899027,2.3227052667360315,2.222757112960868
27_3,1.982294580007955,1.9715423011981597,1.7778226315410572,1.7778253908199273,1.7315699136445166
27_4,2.0008317970973306,1.9977014267112185,1.9579657399665709,1.9963287849324656,1.9821937753908152
27_5,2.002097438969327,1.9066340982963055,1.4393033744756696,1.9813668819632113,1.964440220587712
27_6,2.0592473380533183,1.9983388574520857,1.998726148789053,2.004368205237926,1.977444542204095
27_7,2.7321158297218333,2.68065946497644,2.501148673394354,2.987244042289729,2.732280767564203
27_8,2.0024596349369213,1.9679379542017221,1.1194510292009663,1.7790409214878422,1.7318612664519095
27_9,2.2226486585389105,2.119042135139949,2.0010645170846755,2.027940731878064,1.9965570629374028
27_10,2.680109150367469,2.778185766209592,2.075484622159733,2.9783704726743094,2.074800501885557
27_11,2.680109150367469,2.7317399793782533,2.0671498138402162,2.953144534061781,2.0740493450472597
27_12,2.622690860817449,2.7778293978561277,2.074937967024715,2.438015843357346,2.1187274454860097
27_13,1.8810499878247302,1.9333072089657508,1.8528990816608835,1.8814772142990457,1.2229853952881293
27_14,2.3777865959192623,2.1479732597629577,2.053484488443969,2.148089490320612,2.0200551896568677
27_15,2.0016765211375422,2.006457348602528,2.013261053846425,2.0122927188103055,1.9778877475478542
28_0,1.8812739243422825,1.8979489089532209,1.852355289968999,1.8181436400735544,1.3214442556962813
28_1,3.0,2.9865883749238824,2.9639976135458537,2.996108158176269,2.8816989136188926
28_2,2.008893973083195,2.010046544294058,1.9900672013336926,2.007895520047135,2.00135820314683
28_3,2.2691335181616394,2.0356064009882786,1.9895055306408589,2.0113499795582177,1.992196023242085
28_4,1.9795444972585026,1.1826034680476656,1.0535985678563626,1.5003161597757502,1.438188034851098
28_5,2.9571751904723818,2.8196741976380295,2.9641733320706503,2.925052966042711,2.852970803182165
28_6,2.8524964616318917,2.881417021295481,2.5001734280693597,2.622725560282184,2.5001702350129307
28_7,2.074880310476867,2.1188369617899614,2.094398379645094,2.3207020368277127,2.0000511458248935
28_8,1.81907970409698,1.881549938399433,1.8189532438690235,1.321697956671209,1.2693808065390388
28_9,2.2223058753495377,2.3209141086396508,2.1476764785292097,2.7316626708851848,2.1822800461188994
28_10,2.0010502885130754,2.026891697953946,1.9900672013336926,2.0167730182337977,2.00135820314683
28_11,3.033261138926313,2.9601381904341815,2.996202507880339,3.0294927457044145,2.954272486293004
28_12,2.905028981649258,2.8819532708685336,2.3208899915202785,2.268996082298525,2.0369990489574614
28_13,2.377887231941665,2.074779818465984,1.9615548285362159,2.010987103923279,2.0010513120487468
28_14,1.4380634088470787,1.0476050998839161,1.006794742595508,1.0231010079942928,1.0022726804735298
28_15,2.046315861888795,2.0085668328872344,1.9724559514703528,1.9825562447812617,1.9714502044000102
29_0,2.0037783256775814,2.0044556013537913,1.9054659875025584,1.9992829978289337,1.953814895594876
29_1,2.6793272405360664,2.7313449994404833,2.320866374395167,2.562344964903073,2.3209087498240595
29_2,3.4378003116132576,3.731019969334648,3.095143779221517,3.0757454374549273,3.037064766506358
29_3,2.9994790734610275,2.9629347566829427,2.817684252875755,2.8177440061586227,2.43786766401625
29_4,2.9869686758522955,2.9916382383214155,2.9246285496075393,2.940405664403315,2.817946872610881
29_5,2.9774028748250583,3.0136328658588676,2.9527545286480854,2.8521707777933867,2.777507042167221
29_6,2.986562860490957,3.0000000000000004,2.8811761533350047,2.967624903459994,2.9781920844630685
29_7,3.037280808670305,3.075596828336845,2.9863166337142193,2.9896404438269673,2.7775070592290625
29_8,2.622712379899254,2.2688753991216823,2.0111675513945864,2.02474453416081,2.0142697625331683
29_9,3.0758437200047637,3.4377955928053696,3.0080894038939556,3.0036389775330545,2.9941237149179902
29_10,3.3207831441581033,3.2688445067370795,3.094969684128247,3.094911037361344,3.0064075836624213
29_11,3.3207831441581033,3.2688445067370795,3.0285070816374695,3.094911037361344,3.028279958916523
29_12,3.0289765850247674,3.377458175353206,3.0105561892379478,3.004348157779562,3.0006181998115853
29_13,3.1823289665503953,3.03689602595374,2.9967066605169332,3.0024191236075404,3.0289760265846106
29_14,2.731193682379825,2.817906156007711,2.43784124006093,2.4380865447939764,2.095147799160299
29_15,1.9918638950299885,1.9724385612354838,1.8813384313218,1.9253489192003548,1.377751351022752
30_0,2.5001744992188524,2.0594517427016,2.0088594888607436,2.1478880240527114,1.9898012252564505
30_1,3.1480409089750974,3.022680381190911,3.0281345968061997,3.2224231267688017,2.9950161224530394
30_2,2.996281103364477,2.992592107319306,2.9050801354602083,2.99222857556651,2.731278677648283
30_3,3.377519040205841,3.1190776115043146,3.0372170595698473,3.377357668852146,3.0074078312621255
30_4,3.268835006559988,3.075717524908132,3.0597896892684022,3.3200748074402306,3.007813489304702
30_5,3.1480298231464476,3.0370955284984436,3.0102764366158983,3.0473138288489934,2.993605338055835
30_6,3.3206080959507602,3.046256874975188,3.0268408249456407,3.2684862714515637,3.0115901590681826
30_7,3.0054048412063525,2.996108083255661,2.905079487072162,2.9633830977507127,2.8522124108669673
30_8,1.9540002116303978,1.076245978296478,1.0111358181441576,1.223984451232347,1.023137981092469
30_9,1.8180997699384402,1.9249940916882424,1.6230550354340707,1.627959324398641,1.1481963468887695
30_10,3.022853582510674,2.999228123342305,2.9910960921194514,3.010552960561977,2.9528722609093507
30_11,3.182431643962141,3.0224238590441983,3.0370934547765467,3.1326376696651597,2.9907138428764797
30_12,2.679391920220289,2.5002640342229037,2.0144661851898196,2.1825071043953823,2.0000508101593146
30_13,3.1480257227928017,3.007076019668232,3.002136915450983,3.095036779954666,2.9931233123316754
30_14,2.0071262511534274,2.007582437167664,1.9930278423643395,1.9986819027374896,1.9053280564937816
30_15,2.222733612403764,2.0659663744850496,2.0075843382873075,2.1480622598475803,1.9979686220047588
31_0,1.5623803801609717,1.0110766926547867,1.002890887033959,1.0018107056249006,1.0022821094254373
31_1,3.6224352492203007,3.009485656128223,3.0101823146699864,3.147926432336307,3.0026827977296695
31_2,3.1823410414395417,3.0008974001675943,3.0042200765671123,3.059880380633661,2.999999999999999
31_3,3.005781719325801,2.983339001487786,2.953283852158093,2.9869689347110633,2.9245215483108176
31_4,2.437861271536476,2.0947103234623716,2.0595168904281667,2.2688885534215673,1.9979226936245287
31_5,3.1190788911831326,3.0030992503008167,2.9857949906823213,3.013802040909671,2.9985280668303216
31_6,2.6226908650037353,2.0738182567751036,2.106629471574496,2.9054509842163427,2.377661872402217
31_7,3.0172764193372106,3.0125624338640407,2.9848143932395157,2.953379259788754,2.953283313782426
31_8,1.945167352582454,1.029449285011714,1.0005778967542471,1.0110839316510059,1.0053100588993904
31_9,2.9969626164494088,2.98419623729828,2.7774982597851614,2.904986085729582,2.622586270628778
31_10,1.2228210309148655,1.0067829015148044,1.0060019076888858,1.1483166401561435,1.001001042318353
31_11,3.852131210942225,3.028508044135364,3.0951597561455984,3.90458301682895,3.017276206695464
31_12,3.000894487333482,2.9529543223018395,2.994576882907542,2.997099475038131,2.924282674769615
31_13,2.777665468714275,2.0471405458683907,2.032961692061358,2.148091612218314,2.0004720852861055
31_14,1.9989000100774619,1.980521963485271,1.9060182570983555,1.8522659938371404,1.777635973358681
31_15,2.0088542614996845,1.9936554163473674,2.0024746244453318,1.9976414543659664,1.9958311102375637
32_0,2.0064576566246317,2.0078726721636015,2.0110002665905045,1.999530480900855,1.9989341244493188
32_1,3.0756544102734074,2.925169923335404,3.001301463901958,3.0031100296744464,2.7313388585387366
32_2,3.1823025865976162,3.002419179098994,3.147817853059303,3.1476855803366433,2.9787230640297944
32_3,2.681699967766628,2.500296468097966,2.954754177475701,2.732315533786903,2.5005442676782614
32_4,3.6224471679173855,2.995492674098397,3.1187175040279267,3.3763264638052886,3.022065420901425
32_5,2.119263232167916,1.9997949336538394,2.0034909224681265,2.1480886731648567,1.9987516590317385
32_6,3.059284238586771,3.0121369525078006,2.9930831590080316,3.118550420779507,2.9926065226465095
32_7,3.9979468578788873,3.4997574257127053,3.4375514618436154,3.904294749668049,3.562108209173723
32_8,3.268624907222055,3.0746929734314468,3.0031100941792537,3.1473480953637845,2.9882436899576432
32_9,3.060019633193289,3.0169530508718,3.059700367534257,3.1471510949723096,3.0113985559870944
32_10,3.1479710311837383,3.3207168312970774,3.0598076199578097,3.4373699354622103,3.0102769896345722
32_11,3.1479710311837383,3.3207168312970774,3.0598076199578097,3.4373699355528697,3.0102769896345722
32_12,2.7781703302886087,2.0586875023248514,2.5626454249963353,2.5008596161151386,1.9874877012846364
32_13,2.680711604600734,2.321244930614694,2.6228631342473916,2.8571140276881377,2.222978443466498
32_14,2.1822878007866486,2.0051441511156063,2.008855904620457,2.015175282474553,1.9943906244721927
32_15,3.0285082468207833,3.0065358179331585,2.9926070237714164,3.0092861230501438,2.9641736960906364
33_0,2.9979166985845582,2.9884088508278155,2.881132148579794,2.9918534124210545,2.953605897722937
33_1,3.9959313776391303,3.9819711488773044,3.4999615987633055,3.7308923363972477,3.222665025108186
33_2,3.9859033455354287,3.95251819040122,3.817503710267759,3.777020889407366,3.8175228289071397
33_3,3.9706550326055554,3.9859117426607362,3.7772332890290796,3.777020889407366,3.731012489111799
33_4,3.0066507269855327,2.9941235380054336,2.9047757503295246,2.679416965063279,2.6226955842725843
33_5,3.0369466898126123,2.991195740831774,2.9900454200014672,2.924787831406483,2.7776681695496293
33_6,3.985914176867165,3.9859117426607362,3.8807488598082895,3.777020889407366,3.8175228289071397
33_7,3.119062692076571,3.7310128991576974,3.0085387608306937,3.0753008186425834,3.011262555226922
33_8,3.9859267065752917,3.939920350891738,3.14778553756534,3.3774762348461813,3.320644652428156
33_9,3.2689070973979613,3.5621058385946736,3.017554869164177,3.00473212952458,3.1189979007060527
33_10,3.9706550326055554,3.9859117426607362,3.7772332890290796,3.777020889407366,3.8175228289071397
33_11,3.999406835214558,3.9998417939128337,3.9889640895865655,3.9947392560890442,3.985896226502784
33_12,3.962698594534094,3.970657580822155,3.4376331254205033,3.182222870818054,3.1476710244126576
33_13,2.8522837662924956,2.4379847963493533,2.4379472439451035,2.7313004051631333,2.2227087313562968
33_14,3.013904943459067,3.0278115957986893,3.0006105486921513,3.0023693621572765,3.0012997037641704
33_15,3.6224306612701693,3.499964759613673,3.0599047217505935,3.147975489245545,3.0471292108603363
34_0,1.6226102587152944,1.9586766668061766,1.7549833905375132,1.438015985065304,1.1825395223400905
34_1,2.0371730242101354,2.0459854778156443,2.0048282993679667,2.083073514533348,2.0045614603601924
34_2,2.9844860314434603,2.906559232465616,2.7775900343743487,2.680131353285176,2.320452965472782
34_3,2.881223919877626,2.852965829685606,2.9530048258078883,2.9057193123453606,2.6795303987407206
34_4,1.9982090615603232,2.0338197707980217,2.0078753632232624,1.9962908438546487,1.9058618423763742
34_5,2.881130067532078,2.562395046126295,2.067469263573765,2.5001107910287095,2.1329496061809046
34_6,2.320770078677491,2.2682717586477947,2.0303666953541426,2.1821455885890404,2.0325116441042463
34_7,3.013683436085949,2.9961049567639266,2.98664651264106,3.0134367064650864,3.0025689048824487
34_8,2.0018909391639705,2.0134277658551216,1.9667907550360217,1.980503271028318,1.7787824781783397
34_9,3.028931990988761,3.0088042317391035,3.0,2.99581264472381,3.008998550295455
34_10,2.059108412928404,2.3776808515008496,2.320870624778909,2.5001339915337835,2.119037808773416
34_11,2.925834460949673,2.818437399427755,2.3776002779653616,2.731774846870537,2.6793688105922726
34_12,2.438212930636734,2.0219991882253168,2.014636546806328,2.010513869884722,1.9958403205731508
34_13,2.8180497809610046,2.8528470616342196,2.8522870005137233,2.73142150811463,2.320919706546178
34_14,2.731462090972528,2.14799630888436,2.019962437779325,2.095113088117979,2.024855827682023
34_15,2.268990661711049,2.24517901394729,2.0373710896715305,2.0226417486715826,2.119180318813723
35_0,1.3776435823639348,1.1826951929949052,1.067698574505062,1.2264082408454744,1.0294036574073346
35_1,3.9999500008299913,3.3207973024974966,3.4375969716127837,3.92398243209514,3.3774429632185723
35_2,2.8179454834229847,2.8523788471513396,2.5000936301524352,2.731412323881981,2.7314633211506663
35_3,3.5600975280778595,2.9723722191661035,2.939128201495339,3.6207405894229114,2.439330838456277
35_4,3.9464010511952066,2.9712420654579113,2.9886694762679458,3.6215403768724657,2.778567397666073
35_5,3.818845152820782,3.0691980887906247,2.9886694762679458,3.6215403768724657,2.778567397666073
35_6,3.0755232407153072,3.1190408964295053,3.017359162412241,3.222393369303171,3.0045100568319323
35_7,3.075733982882844,3.0028838785780945,3.002747412488617,3.037215873483147,3.012200846442481
35_8,2.002459635348489,1.4385917701103872,1.006782783248744,1.321606830778008,1.060238276004428
35_9,2.962969400077101,2.8525006007014997,2.8812266112887444,2.8177766070851633,2.8810590386127495
35_10,2.8814991002327366,2.8811742293005596,2.028731690350962,2.1481235347965106,2.3208873675508963
35_11,3.7313169628589318,3.0504063070424645,2.9269323420628965,3.1476487191144216,2.7784233589043126
35_12,3.9999499980912,3.7772767409475208,3.320766975475231,3.730977272647329,3.095272044762069
35_13,3.119155792355055,3.00740789513465,2.9948931570046415,3.0176897189501464,3.0020923644081647
35_14,1.9960820083119866,1.9451692111427494,1.7790135627869146,1.9833913683886555,1.50066645835658
35_15,2.679310571210547,2.852433163544185,2.5622607089487595,2.6226882411659935,2.182468143980355
36_0,1.0601748479649502,1.119356077236756,1.0260496781035353,1.0955838885036941,1.0759648593491509
36_1,2.6797470899658777,2.7775872400386796,2.679829058919748,2.942710609832298,2.321262483411558
36_2,2.3209017395503175,2.438022152608675,2.320806057295672,2.853669601460876,2.623405989368078
36_3,2.6226297558890623,2.4379171926334986,2.7315119672436725,2.963584202638139,2.057977955786752
36_4,2.977933664215839,2.9637047319125553,2.941835031770259,2.984486673911578,2.8534268339555977
36_5,2.9851859220616492,2.9074298969419,2.8826999812714753,2.955046201939144,2.8538460314289678
36_6,2.9531999992683224,2.2689987684831734,2.880976723161892,2.924645354687863,2.0947248372692555
36_7,2.7313385270812334,2.0757462286421533,2.036472774928953,2.3210377696212103,2.015242332856184
36_8,2.0573891739901207,2.043491486680908,2.0106865992844627,2.0339522829573458,1.8544267628422144
36_9,2.9964806352335023,2.9714917996387165,2.977649147231381,2.947152445940916,2.8815003547181024
36_10,2.9056753579555004,2.818355808385194,2.959837321222199,2.963383702084471,2.500276927985453
36_11,2.994595159319027,2.998527266575876,2.9654734357197934,2.6803958850704426,2.997590492342953
36_12,2.990713794362711,2.987232993077367,2.9404007063285595,2.9645986861765103,2.5625730293176288
36_13,2.3778666714039756,2.2689794331980133,2.0329991982184983,2.182803832070156,2.0101343497494217
36_14,1.9638917645677543,1.9637586803750173,1.777950530853817,1.882585431116764,1.731517691980472
36_15,2.1824158875533732,2.119114164445161,2.119194328579496,2.182522156063858,2.017333009787294
37_0,1.9931732722392972,1.7315756000489977,1.6798788207927602,1.5625848484074845,1.029419436426411
37_1,2.001647497722197,1.9861398439493065,1.732514126924175,1.955019919340775,1.1483216584717901
37_2,2.1824277276695203,1.9965329961906535,1.8675330352305515,2.0089173951944033,1.9869675140328893
37_3,1.9530042019355949,1.9649102627192565,1.4382646612102388,1.953530011039076,1.0374221028732844
37_4,2.0100046216768446,1.9732114167164883,1.9837699335511372,2.0155508748278055,1.778032342257583
37_5,2.268757176318603,2.036581405687029,2.9402946101925815,2.094589721734333,2.0397154608955113
37_6,2.9765952509787725,2.9293361718809665,2.6236691414385445,2.964376230559794,2.500579231206535
37_7,3.019805733779243,2.9645980839634327,2.9881190751286195,2.994901548920914,2.853258760855533
37_8,1.0294013518891454,1.0046995134891934,1.0028935924756712,1.0014152661277127,1.0053103812772284
37_9,2.880873247700289,2.182421108074244,2.4378753750291042,2.4383502069206062,2.037098035816499
37_10,2.9785235013854328,2.8532606760360912,2.941238730911506,2.905038870401396,2.731192536950005
37_11,3.0,2.987438067321537,3.0449537929253534,2.9994605887383403,3.0044045453815538
37_12,2.182422158285658,2.05213899490092,2.0070734323081223,2.0105831531077034,1.9798778391419793
37_13,1.990564277388049,1.9861398439493065,1.4385158564021892,2.0002230849068274,1.0602296815206895
37_14,1.0230666790704976,1.0067947191255835,1.0012596296693215,1.0013019169156772,1.0340570551156618
37_15,1.4380424162884122,1.1829128935228004,1.1193184594741605,1.8197644209362107,1.4381860751019686
38_0,1.1481327590284593,1.4380641229122977,1.01252143790126,1.060651810473315,1.009800025921527
38_1,3.0597905691036167,3.0281430678541477,3.0011499854744264,3.0065354132358255,2.9684145524777605
38_2,2.1475064951912666,2.016819050962939,2.0100501332307323,1.9291920294621767,1.9251018818580354
38_3,2.0226471439263674,2.0034915925811445,2.0014843557880817,2.025754644036081,1.993669450003358
38_4,3.2221003425550236,3.3769942174613807,3.014393144380623,3.499800491183065,3.0457276723337636
38_5,3.1479074679155543,3.2681860580564277,3.005766964408883,3.14793161848794,3.010504896928716
38_6,3.3775458731572954,3.1476219172657003,3.0279871964481813,3.182158976529457,3.0092861390841126
38_7,3.017359725421482,2.9881190050334476,2.963382881029137,2.9991258381237555,2.8814179163319382
38_8,1.0110766490838474,1.4414781483425385,1.0021040466837379,1.0045330160840529,1.0025165520484642
38_9,2.9992281114104427,2.94053895213053,2.562351808060189,2.8521195206686785,2.5623234211462975
38_10,2.562391294108148,2.0283311676191147,2.035680077246006,2.1821618971974766,2.0463175293014584
38_11,3.1479074679155543,3.2683510026906997,3.005766964408883,3.0470837043229086,3.009060179363453
38_12,3.73102662728874,3.562116142995995,2.998563127056561,3.03729426856188,2.995789718542608
38_13,3.0597068444447437,3.028143025668206,2.964173415484598,3.0069166887933214,2.9789490034093196
38_14,2.731306268857612,2.6227477125276075,2.059128586531528,2.0596203684387553,2.0325233428256517
38_15,2.6226908605810584,2.89385846280439,2.1480867104709915,2.042036371505834,2.010235201178632
39_0,2.075729342250107,2.0370418627577296,2.011795068171337,2.006155982828737,1.9900961764709786
39_1,2.9658424329635293,2.438214929358229,2.5001674652871606,2.2690417716588636,2.2222331359252196
39_2,2.2223813713832277,2.0527067138669515,1.9865999904395195,2.1800491188544915,1.9755458460519848
39_3,2.0000499994782133,1.9960687972620919,1.9856603449375712,2.013421848899939,1.9287817756032104
39_4,2.1816402684319582,2.0835195061456355,2.268724167770287,2.5001619336237506,2.019109688356935
39_5,2.5623557364825134,2.07315563788515,2.145822303479341,2.146744721782157,2.0569976857346965
39_6,2.2689750493598373,2.0926734481807574,2.070069380250962,2.1468476257637827,1.9804417494441195
39_7,3.005767031654215,2.9969229071551404,2.9905901228638014,2.9929996276414546,2.9736500789248685
39_8,1.9866381709470637,1.7807732541891887,1.0603808257363947,1.8242579062797515,1.3804379390197505
39_9,3.0094544819773765,2.9685779464355906,2.9752945789877243,3.0158034009851713,2.956637256668139
39_10,2.094917493803129,1.6264799825120886,1.9685114268270074,1.9113518848583595,1.5027616967872655
39_11,3.0130313218829476,2.9872329978964363,2.983714537354173,3.000610544006273,2.9854189016256436
39_12,3.5620995236421638,3.181735425130092,3.0743634766187613,3.0750565206134577,3.0072117636979363
39_13,2.9926065163966413,3.0043556435111536,3.0008844144403732,3.0218079356738037,3.0024096184438527
39_14,2.995492585811802,2.853621554173255,2.8814182003351836,2.989751541506029,2.562342910572925
39_15,2.954272078473241,2.562631193549648,2.9407158400086573,2.905277762226271,2.4379596012665816
40_0,2.0372914607507804,2.0252997692450307,2.005737200315271,2.001634268477625,1.9896920103484226
40_1,2.9995790838126686,2.983714429873641,2.988372780885322,2.994632367239775,2.8935704559168802
40_2,3.059927582787894,3.0367005791682686,3.0107309061415037,2.9993818103034933,2.9848035185147226
40_3,2.9961049473308012,2.9972525189194945,2.9826402833304484,2.9530065453207768,2.8177762007626566
40_4,2.992333657984085,2.9638418642583475,2.7312312002714862,2.940146077661673,2.6226705790144877
40_5,3.0075451712419494,2.9949239035593456,2.940295535264443,2.924439391717409,2.881176754187732
40_6,3.118943064190049,3.004355549152511,2.990741153518901,3.09516831329542,2.881174339195303
40_7,3.0372908276579325,3.022641621325436,3.0049999303928434,3.0371856071883148,2.9979076193396867
40_8,2.855060295443257,2.1822307732896324,1.977315427693291,2.0357779990127165,1.9976701381932813
40_9,3.0228680696047645,3.0076663299995894,3.00143688093724,3.008281113055482,2.989924264292313
40_10,2.983714339393396,2.9970322896237023,2.6794931558430912,2.817778595593281,2.3775887229744006
40_11,3.4377950851201318,3.679112249469348,3.0370650545618045,3.268582901527904,3.017276294547351
40_12,3.0599275812520954,3.118999873170626,3.0099546077377513,3.0168166219297468,2.9862761972568888
40_13,3.005660544911143,3.003728313833978,2.994715375343719,2.9977315286128374,2.952871834653949
40_14,2.7774372162391456,2.9530046815207447,2.3776160769527257,2.3210473844974655,2.1480189730048482
40_15,2.881026686049567,2.6229257007867766,2.0849804499976017,2.1480621463731016,2.0199567005909924
41_0,1.9979576115183666,1.9907927679193023,1.9713693361603364,1.8183264428730717,1.8523416247704798
41_1,2.995779785911902,2.731646218898672,2.8177761721196255,2.7775724732178606,2.269027814137409
41_2,3.045246935179558,3.006486870318962,2.9911617645862094,2.9772327063855837,2.8182443822487087
41_3,2.9537419969156753,2.8529662208039794,2.852331569760125,2.818205625166646,2.0757570003570596
41_4,3.0286858509339916,3.0469379637837424,2.9999999999999996,2.993860230227421,2.852377821658615
41_5,2.998563118659554,2.97286932106121,2.9963015496471237,2.7312817493780326,2.2689425765160314
41_6,3.222021129275152,3.0196085710266676,3.000690939855148,2.9907933233602395,2.8526524343682205
41_7,3.006394763066112,3.0063775581901795,2.9634771673445433,2.925649055264337,2.5625727142963894
41_8,1.9557910364099858,1.8573732868978272,1.7805192021764331,1.6255734226313479,1.378328711534055
41_9,2.9839402922493274,2.623003573467918,2.4380417279016333,2.7783394182228207,2.148023277649391
41_10,2.73196535188671,2.074917019562319,2.0008464219748294,2.039239939077308,2.0408417018082603
41_11,3.0449576122209163,3.0119930362460927,3.006916924800597,2.979823490431133,2.777783461222432
41_12,3.0951696554900323,3.035401870835422,2.9964799177873656,2.9960321091684143,2.9409439569861573
41_13,2.7775856082359285,2.2226023467782245,2.0372548655666796,2.2689880697724574,2.03181563444762
41_14,2.5000789688573937,2.095164175222963,2.029069534820989,2.052493461115118,2.0221228990168147
41_15,2.0599775840574828,2.008240140122573,1.980895664274306,1.9951296094799946,1.9715502883852076
42_0,2.6226645465286182,2.500221733249703,2.032847990523662,2.1190311028775333,1.9973031436015893
42_1,3.4999404568138943,3.26882124118614,3.016485107017452,3.059961053793714,3.0066507140012506
42_2,3.0118810341179088,3.147787568735051,3.0069169457625975,2.9909401591944107,2.9835149774320895
42_3,1.7794297460242725,1.9766492490378136,1.2229870962130314,1.1484412250513,1.1828827164267517
42_4,2.9878630230944268,2.9993090517377325,2.5001290891147487,2.7780138466266946,2.3209184725662526
42_5,3.046938164295919,3.074828930229014,3.0035070723826243,3.2217156001032863,3.0014447504613266
42_6,3.7774284502453632,3.562064698112138,3.1182950851317712,3.9526095527010656,3.56204359475159
42_7,3.268922367245848,3.0370957992716416,3.001768607928244,2.9999999999999996,3.000476523130264
42_8,2.222727725132611,2.377911079346737,2.0163817151719954,2.05917981759395,1.9852374108720634
42_9,2.8810267039181645,2.622770088930784,2.0318147700074167,2.182230797660171,2.019474378125023
42_10,3.00089744827426,3.0037188929501686,2.940539050310674,2.9957801615758215,2.963477728000707
42_11,3.8809264242702635,3.9398840193644045,3.67911697291304,3.9042042415143436,3.437649201358287
42_12,3.9241384458068627,3.43736716140789,3.017068078168328,3.0388601220923785,2.993513130125725
42_13,3.2689185021850644,3.4377597827068604,3.022350648280924,3.047193040049342,2.9968917115944365
42_14,2.0218580098536028,2.050361816044246,1.8189152896025562,1.9845470305356416,1.9404507334664058
42_15,2.2689653783098622,2.9658430903054183,2.067443781255378,2.0945896580372705,2.0061291673544033
43_0,2.0012004641621695,2.0005272395994624,1.8178048781342968,1.9746541117057987,1.6793112708513238
43_1,3.437801295656118,3.32078426676052,3.0000000000000004,3.07569773381463,3.022746367030216
43_2,3.0583907314096255,3.0736848248813033,2.994233079986426,2.680239614761862,2.731811153762285
43_3,3.6792458115450875,3.320731823674415,3.000226006288618,3.1479571294868838,3.0045100858906584
43_4,2.8522112371329738,2.438011919996722,2.0368264964835947,2.05997822983329,2.0043621804399288
43_5,3.0952965781248554,3.010182698395743,2.990514360456449,2.9900456261811006,2.978192046388093
43_6,3.9999499948526926,3.997852151714822,3.9769994980556156,3.320250902389397,3.939878847440458
43_7,3.0072524016991053,3.0739406327604843,2.6225228985709874,2.5623196475004755,2.269022501195723
43_8,1.0053099666178806,1.0001091449931052,1.0001014900932341,1.0001653135215123,1.000100029620861
43_9,2.8521313672863795,2.999523467464463,2.562350420864412,2.2690234306733137,2.4379598548171333
43_10,3.4999974589535454,3.222632307548095,3.0101826873495225,3.0033603790564105,3.0107832875621012
43_11,3.9243875891037496,3.9940598273110086,3.7772956286353097,3.5621176654405637,3.8808348200378258
43_12,3.0757339820566507,3.2225446324755467,3.0031083453351757,3.007076114543998,2.999318478524783
43_13,3.003037382506049,2.9975808194642277,2.5622430985792803,2.8522165878582553,2.222671956706545
43_14,2.0119310351120494,2.0186821886566992,1.9591324807917778,1.9252279603193752,1.8812755027250028
43_15,2.993895129090762,3.0047763097083955,2.5622852476312126,2.7777148288924884,2.904984834614633
44_0,1.9631538168869889,1.9802123865885104,1.5624104942825265,1.2229470415346562,1.2229223772951594
44_1,2.1188759390104948,2.0107861126639777,1.9729224335344582,1.9900577424835115,1.9790074034458784
44_2,3.003443743134342,3.000771885284618,2.9243478977205313,2.9864249720295892,2.8520978552941
44_3,2.075478582548824,1.9655256478846348,1.4387953356986263,1.8843304732109794,1.5630821083990893
44_4,2.9823493878895677,2.9531268622108393,2.320885722912333,2.269137889738524,2.2227119286880113
44_5,1.992678677022877,1.9710359730614904,1.1193961603476736,1.738315635680996,1.377947097943118
44_6,2.0247554999769726,1.9928144982848817,1.0760074350005702,1.9729373021470438,1.680164958775822
44_7,3.377509504163661,3.0176899464683196,3.001808615787606,3.0137218833114097,3.0078676622118508
44_8,1.0141532059726786,1.0002722374667659,1.00034534836938,1.0002689678000225,1.0001200505210233
44_9,2.9952105172864547,2.9774534630058067,2.222692652082491,2.6792580523100193,2.222622856969406
44_10,2.4999782447658063,2.3773899343176703,2.0363822644967247,2.1467600805557097,2.021956784967494
44_11,3.9529042084731874,3.9770201631245543,3.9398562629424023,3.622213280980671,3.730996694127642
44_12,2.953126608763036,2.8182680762056136,2.2689710837160626,2.500706887845479,2.0176600007058694
44_13,2.036466343982372,2.00584071152679,1.9688960156309043,2.00600847088778,1.9904243442526555
44_14,2.986562853606382,2.953004705963382,2.9049470641760218,2.963107889960407,2.777477637243167
44_15,2.036750677481296,2.0589987127428686,1.9995082148604346,2.005908937978004,1.9931476251520566
45_0,2.9049457107535734,2.679346388410162,2.4379085952761455,2.500058977473673,2.119226916269452
45_1,2.14791221680489,2.0756351595864406,2.001319546233135,2.0144571900700696,1.9874907150638015
45_2,2.9925920992127373,2.9839403096252908,2.852182748081651,2.8812824854143892,2.0757897979005557
45_3,1.989158786769028,1.9863371388931133,1.8182412930006255,1.7779340385227618,1.731573632831605
45_4,2.1186598627199076,2.008258049323164,2.001938934158701,2.0159163091445573,1.98662265148564
45_5,3.0013015061170525,2.9151970351487395,2.5626079664079753,2.974848037966327,2.9852635082385888
45_6,2.9053556906330242,2.893859514084586,2.777439302814513,2.562591207333345,2.0221271392129254
45_7,3.8175398419691073,3.1479495194330926,3.021807119108451,3.0597448424450584,3.017497948911088
45_8,3.9769897498693845,3.9046112495508773,3.377481789012102,3.1823103220850206,3.377511279895456
45_9,3.6224306077815767,3.1823251287396426,3.000476512458067,3.003520056800766,3.0063947005898806
45_10,2.9914856203963587,2.991156038978805,2.977826844984019,2.8188348019214517,2.377685493231549
45_11,3.0594613697239894,3.0591772507226307,2.9868943332448326,3.021942750270991,3.003099223319707
45_12,3.0290813405007775,3.025153157084769,2.9976825358918813,2.995492617522218,2.953200207542803
45_13,3.0000000000000004,3.0368389241921587,3.000789655603605,2.995258577260907,2.9987002795163233
45_14,2.0153299232531072,2.0675020030601035,2.060016924661101,2.0001318417543037,1.97500674920129
45_15,2.4379062729502032,2.1824587782502514,2.0420850809517654,2.020326644740704,2.013835479946231
46_0,3.147716226973943,3.222501744659965,3.009485580267928,3.6223683917852583,3.0039836208841955
46_1,3.5000623365293357,3.777274724242357,3.1807180033082747,3.147715673734061,3.057619153412687
46_2,2.8814990905793327,2.882703594605101,2.818505372749919,2.940429507647302,2.9053573965385344
46_3,3.02798773808317,3.0054048335940498,2.924851243226007,3.028683910329701,2.9718570786630005
46_4,3.500539717776109,3.4374544132911615,3.376722556104902,3.059633936819019,3.003357403564503
46_5,2.9071031231982207,2.682453322082365,2.0944959707825186,2.44008613795526,2.3214007404388814
46_6,3.1816937073937304,3.499736288177294,3.1818592492324997,3.8175915185210845,3.320630277079284
46_7,3.9862665489396467,3.982153550123539,3.6223021854118214,3.9397703211089405,3.074538087562596
46_8,2.016353301205171,1.7465553498908089,1.0761234541132718,2.056682506645469,1.7381975174100668
46_9,2.9999999999999996,3.0175318676199607,2.953064956209762,3.009992731198488,2.953611524633707
46_10,3.437854404717144,3.561902466549925,3.2220583089085064,3.7308541938044013,3.147707445671892
46_11,3.377258488964075,3.376768403237809,3.319965286791361,3.8174512320694696,3.147707445671892
46_12,3.731022808575936,3.7772530596283542,3.1479418677974755,3.976811224782096,3.437593185840874
46_13,2.269067010680249,2.2686948444852533,2.0165056504505507,2.036286351293604,1.9922575396522602
46_14,3.046873382487567,3.2688343422369512,3.0463935252820287,3.4374651054532412,3.005776465195638
46_15,3.0,3.0745386561271713,2.954753584348068,2.9950162255633903,2.9542729476645753
47_0,2.622720686161039,2.3208655993676053,2.1067144927078907,2.0258778677444926,2.006586758125156
47_1,3.907747115476439,3.1459046227386813,3.0433618827107245,3.014421112901099,2.966739251995601
47_2,3.907747115476439,3.0925701208632312,3.030636739300455,3.0018406687559023,2.991847024034189
47_3,3.3208036879150358,3.0024268137118377,2.90495038644286,2.9975814004179195,2.2688423660139474
47_4,3.907747115476439,3.1459046227386813,3.0226208549183133,3.0018406687559023,2.991847024034189
47_5,3.7310364772682,3.0178459494737573,3.320766975053695,3.437090965606998,3.010606055306574
47_6,3.2683823180729115,3.023775409240062,2.955043474800532,3.0263465208838145,2.7785077911593676
47_7,2.989309194520353,2.9405389637207695,2.3208775878240537,2.094612943559433,2.4378635110994633
47_8,2.943495889974294,2.8835301709267194,2.9052732267380135,2.438130448507179,2.3781578524997418
47_9,2.9892437500395763,2.6226145183399803,2.1477626672516226,2.1191372912184434,2.009546706841977
47_10,2.9926286760778202,2.9742795643825324,2.320223212589408,2.9053765370383156,2.499979072469151
47_11,3.7325748557944065,3.1459046227386813,3.030636739300455,3.0018406687559023,2.881954995942097
47_12,3.022066336930938,3.0591775406125903,2.953897288117083,2.9921857175571205,2.500167433034214
47_13,2.9979525647007472,2.988163327400925,2.9785243819507103,2.9867417477247598,2.852652453911577
47_14,2.9991423207448586,2.731340379761855,2.777438845980235,2.867898459130024,2.2691379005909784
47_15,2.182287806648727,2.3487264299920083,2.0471930905411795,2.148027963761232,2.0041010468164764
48_0,2.3209261305921274,2.0316834004478874,2.025158354186582,2.0223797460345314,2.012009703832369
48_1,2.852568420245273,2.1815722261328574,2.3206725027609596,2.817951766872247,2.67950808671451
48_2,2.994223417528132,2.9246931457593304,2.924693804910402,2.9400754871201613,2.9865630645131995
48_3,2.9691718979742343,2.5639501144016816,2.8540999594745635,3.008916083861904,2.778926928866209
48_4,2.0091102179498437,2.0198900395442267,1.993151207170324,2.0466647552434685,2.003183517440726
48_5,2.438370790946981,2.0838986736532434,2.070450813849033,2.0680266730107535,2.0107394249387576
48_6,3.5623188585786236,3.679123292751316,3.02684034854705,3.268699469338089,3.0754274928639345
48_7,3.0,2.988737217395023,2.971492189673174,2.982819146009692,2.3776352745701947
48_8,2.269046596087413,2.03124345665637,1.9068670041438265,1.9893771460938476,1.853891830824164
48_9,3.094971022722355,3.1472571502483797,3.000781791780795,3.3204090759622664,3.0207392313424117
48_10,2.9945133055267013,2.8835193182339647,2.500214386009273,2.731533339386949,2.2679489221029394
48_11,3.4376872528559224,3.2682725756740685,3.0452364488961465,3.0949681901047583,3.0465147694306554
48_12,3.2226328934724418,3.0941863887928958,3.0007817854529084,3.0290153790961205,2.996590107680541
48_13,2.181484643830528,2.4378099217842197,2.0935904192749186,2.118358168179632,2.0262051777017183
48_14,2.8812804021088425,2.8526501007585643,2.7316676233823722,2.6227119072709546,2.222718131113851
48_15,2.0754360101505274,2.0167926372701785,1.9729259409707889,2.0069717060910715,1.9783983294923053
49_0,2.377700168584631,2.622857423904672,2.02021095131941,2.0365951624470844,2.0175496416599725
49_1,2.6794156644357128,2.074838589485846,2.0049538812553207,2.094156140849489,2.0124012543657295
49_2,2.9530046608601594,2.924693031608061,2.6226430439947603,2.852103800952652,2.7311891132271024
49_3,2.500479891016017,2.3210627719561865,2.037004640539288,2.047395413661617,1.9990687155130709
49_4,2.2689751153004285,2.9049113706655745,2.9741528147137344,2.881009201689355,2.4379435008306194
49_5,3.003718898596726,3.0111065588406127,2.9750748810485885,2.99763063235499,2.9881948794946194
49_6,3.013152480873983,3.0006909281337713,3.004409812440765,2.972392738658574,2.81777659240577
49_7,2.95283567988785,2.731339949765771,2.777500336835111,2.9745969070186815,2.4379926278351824
49_8,1.9143313680707725,1.6905491298873625,1.224033513990518,1.5023358598665162,1.0182741763499783
49_9,3.222632901440762,3.021807937899546,3.0042201474205474,3.0147366337829165,2.993933582201965
49_10,2.999744022268829,2.987261508309494,2.989722951900626,2.9989868543507283,2.880938930515836
49_11,3.010277145577876,2.978111448901088,2.963383099467161,3.001626127418066,2.953062530765743
49_12,3.010434017037556,2.9848142768221693,2.9939240274297654,2.9927486599194486,2.817995768275656
49_13,2.731337202933762,2.3775867894881175,2.2225211588783815,2.118630490383353,2.0093103040937734
49_14,2.5001594004087506,2.182127830971572,2.067122743741138,2.119187552190185,2.0074544621018995
49_15,2.437900476507246,2.14807330581195,2.015854376504442,2.0289141293060027,2.0027991551635487
50_0,2.0195781974113807,2.057594988690293,2.0240866963624615,1.9968648948635699,1.9926431294110971
50_1,2.4378859360053853,2.22261629662188,2.0951816453501246,2.004483239304723,2.0176059172748717
50_2,2.9938951314136384,2.9921856331824936,2.9530047889825517,2.924766751772207,2.5623845086868826
50_3,2.7312777977234974,2.777824757466829,2.8814190135453597,2.6227814814096404,2.1479954367159384
50_4,3.0007000510842734,2.999523469664095,3.002792612517772,2.990714181081583,2.940345001510643
50_5,2.3210998701984535,2.0246989443263965,2.0030318620322625,2.072817778706304,1.9939751652099211
50_6,3.022173248916986,3.008361755418413,2.9914856380514427,3.059598234108634,3.001301503382446
50_7,3.1821357468874334,3.8519109787781702,3.9240887836200593,3.075279121379945,3.009286022815934
50_8,1.782321231184875,1.1853604018478572,1.3308857790517907,1.5057754011681195,1.037832875470825
50_9,2.9974310803028286,2.9833390080135787,2.953062264259481,2.6793794280140775,2.7313392073012777
50_10,3.0027894690359807,3.0103604551716967,2.9995180166542754,2.995406435696691,2.989639553522226
50_11,3.962803122874458,3.9626434367408017,3.880715184201658,3.2685829002021687,3.8519131719754975
50_12,2.7315165749040013,2.3209152356349803,2.377680173912012,2.26889713359349,2.075589004659172
50_13,2.9894437740274493,2.9336215082210684,2.952954752316229,2.731253114068142,2.562300529011236
50_14,2.622572693221534,2.2688967661007577,2.5623354067648365,2.047273273601673,2.0253153700715845
50_15,2.075728172571537,2.3777933187583025,2.16456271735217,2.075657201453851,2.001490953988418
51_0,2.817830630973242,2.893643975370235,2.3209001104022087,2.881131694592129,2.377641897155479
51_1,2.998191367980964,2.978192063996264,2.9632998657159266,3.0035192733398235,2.953377690842889
51_2,3.222545112848769,3.2225620187466038,2.9848146361011123,3.036294788696601,2.9999999999999996
51_3,3.1478205813700826,3.046621494485211,3.008185765263344,3.058380337035589,2.9643729703333626
51_4,3.0063775659449017,3.02348417651779,3.005638423918621,3.014580605946471,2.9798228506907884
51_5,3.0599624885228254,3.0469370203236084,3.0061144235401867,3.0216416808985467,2.9250509701334546
51_6,2.045789427554082,2.0097143168469147,1.999640180568856,2.0464214844095783,1.9551217295671588
51_7,3.8519201252944435,3.9398609523458155,3.3206419905221156,3.62197058826934,3.222224636470282
51_8,1.8203371597547768,1.3224879068524986,1.2692983557901683,1.43923833476213,1.1194117068722904
51_9,3.6791483065094774,3.32070799459969,3.1479839929754756,3.62226135706947,3.029015603351074
51_10,2.0471403278351468,2.036948272811989,1.99935860143523,2.075802546911724,1.9980050359814119
51_11,2.438246680967822,2.32048926380389,2.0307690154052276,2.438139349711012,2.0000882924588
51_12,2.6792828060285125,2.7313468778221868,2.320903932493245,2.5001435755731563,2.1824011362660074
51_13,3.0076663416513014,3.0061048344396504,2.991813953529496,3.010504232880827,2.9586217101230976
51_14,2.3777106979687757,2.679422851058847,2.0421134227861,2.26996499080724,2.0329696611153762
51_15,2.8826992174822355,2.679680805233168,2.5003903795754994,2.881972197763032,2.3210274675386513
52_0,1.5623482809439309,1.893563170222253,1.6793568064054534,1.98657929375805,1.2691544372299692
52_1,2.940400645571809,2.5001839091872284,2.62265659105122,2.777746320588516,2.1474646440149576
52_2,2.0600608773343065,2.017548699607066,2.0254628781843143,2.0013144438900867,2.0082401422519993
52_3,2.6793272490438667,2.622722668382626,2.706079894496743,2.3774995380412354,2.045306446440801
52_4,2.904984744141227,2.3776704817752345,2.5623437687250883,2.562460854324776,2.320732360660123
52_5,2.679419475302401,2.622722668382626,2.6226980832881313,2.3207128983206022,2.0588429450541983
52_6,2.008888264350716,2.0155257551732717,2.020560651723414,2.0413553619127605,1.9973887095015308
52_7,2.925049191495216,2.8181139697218254,2.8176618992210547,2.777624666230857,2.6226912547968473
52_8,2.147980955493146,2.0468712957780912,2.0163375918905766,2.003031849744065,1.9912458220020042
52_9,2.9952236793753637,2.8529670258324025,2.4381718008826287,2.906340731558051,2.8536215471565085
52_10,2.6793676112358145,2.8180504471319736,2.6227462148625267,2.4380733703989534,2.268852257563149
52_11,2.953605015416192,2.7782949019952654,2.8812295949904647,2.5002587179636775,2.1189181418351373
52_12,2.92530619536423,2.2691164347594084,2.731580743789064,2.4381797462570565,2.1480108034448473
52_13,1.7775476482018855,1.9255158506857835,1.8818841381351308,1.8526208123324521,1.3777495956310954
52_14,2.011855179690924,1.9955440884893043,1.9722029871183417,2.0253771072139917,1.9825215074115725
52_15,1.0475144522085915,1.7778847888414908,1.1485342247173398,1.1827394289634334,1.0125257003751946
53_0,1.92442251683399,1.7774877368259832,1.2691015573581594,1.5624421077549406,1.0421769786790172
53_1,2.9895659835505244,2.7775538330479392,2.777455506125714,2.947096423276986,2.9402098618551915
53_2,2.9992999489114283,2.9927476091641965,2.777410499577702,2.9981071523419964,2.986968796056033
53_3,1.9973116181764703,1.819491686857529,1.2693845927254788,1.925364457135894,1.1826033397648026
53_4,1.9777823816809388,1.3779873073217506,1.2228989503555212,1.8178967512771125,1.6795370013667423
53_5,2.8522837776312167,2.075533240035036,2.036834729395355,2.3831440770076626,2.0150471528234086
53_6,2.9925920976696316,2.9887379262489118,2.7774242870075443,2.9924548852251442,2.9799639086259573
53_7,2.924766085443895,2.984486048682414,2.8178672206094753,2.562434922754844,2.3208940136874574
53_8,3.002317468966808,3.001149981028768,2.9584011259123804,2.940717593111014,2.924571565320014
53_9,3.2226402931047953,3.4999390281382032,3.0366169095863613,3.0469379571815294,3.059377653274118
53_10,2.731516572676977,2.777768084297006,2.0951528177670093,2.5623323039264227,2.437943606464911
53_11,3.7772974668305745,3.377394386609236,3.0286018655630658,3.147958036129508,3.3774905454355935
53_12,3.028881462806566,3.6790640344260206,3.0289318279944455,2.998333819241146,2.9999999999999996
53_13,2.971719706062604,2.963382545853454,2.622605582534763,2.940210308728631,2.5001081632565816
53_14,2.0019428540854807,1.7315674189461396,1.2691666262975367,1.0601946528784976,1.222808950169469
53_15,2.0471403308100706,2.095219014125166,2.0082020281192547,2.107387314021188,2.0103412500066242
54_0,1.9776990896659088,1.940343484157419,1.9582592467421736,1.7775676533887819,1.7315663309886342
54_1,3.940067237483118,3.8807635197523505,3.7310183436188344,3.1185676135170817,3.1189075011042
54_2,3.0288242116760093,2.9960320573237853,2.777714825830033,2.964173696541407,2.852725664445296
54_3,3.000894487550014,2.9894951689276907,2.9402935782040265,2.9529108261072623,2.777446573500368
54_4,3.8519627788228292,3.0949703932846306,3.095087020697925,3.0754262805692147,2.9973773082135162
54_5,3.924188871456864,3.114653481007812,3.6791350697399294,3.1188760333768992,3.003357411951764
54_6,2.9801942681766795,2.9434967030441643,2.8827018615037923,2.98481443756184,2.852284694299929
54_7,2.999105512477343,3.0047660554196027,2.940145665663997,2.9630106820534685,2.3208553984537295
54_8,2.927717154672696,2.3787494275482404,2.0557655933296983,2.0938030218029136,2.010060024643422
54_9,2.9988500111401097,2.996032012976597,2.7778313440028817,3.0597049795998124,2.222669311506457
54_10,3.119143098991457,3.0188311463395445,2.9787234720976654,2.998112661273205,2.953485233582321
54_11,3.7310616732860185,3.924134474354289,3.3773755121607585,3.1820464291497887,3.182158991214566
54_12,3.377488976651771,3.437626996996584,3.1189429231392167,3.0951883517896026,2.9798229709824358
54_13,2.7311649634492814,2.075287589349515,2.0949210966250305,2.222856649294377,2.0088967861635716
54_14,3.7310266383318518,3.6223676265108065,3.777241334803134,3.3205910767427587,3.075478339454395
54_15,2.0598752094238866,2.0289325911841987,1.9400109996140862,1.9639543995164146,1.9052565740705911
55_0,2.0289819945293,2.006304619259341,1.9904377300714307,1.9970764184803071,1.9530081843916
55_1,3.0368961845918885,2.996900751653552,2.992185741601812,3.0007925174782035,3.0029676958294345
55_2,2.034906806102354,1.9984557178820115,1.9982298078827585,2.0119090216048074,1.9445651420566374
55_3,3.003159035796899,2.9713974727541803,2.9402934754543946,2.9244200591340332,2.881003454853427
55_4,2.5000480829138785,2.222664284582865,2.053254321934811,2.5000969245293874,2.0196267687934903
55_5,2.438221667240904,2.2687506292011665,2.025208492610363,2.0159430575656097,1.9969769138355495
55_6,2.987105931482171,2.377632002229961,2.32084273179677,2.980477776510866,2.562364210259428
55_7,3.0011499894428986,3.0054048243330627,2.991813957008379,2.9540748073761867,2.940466218197775
55_8,2.0103224694137927,1.2257830676773875,1.0025723085885316,1.2730715073360344,1.011226990556388
55_9,3.0109284392212494,3.005530954537729,2.992853503717043,2.9942127506747265,2.9821727468004577
55_10,3.004309010009468,2.9871059598384013,2.904854828467239,2.9530998115631553,2.777524858601229
55_11,3.9244710204651785,3.8175925386553535,3.013151772664383,3.9970760417956184,3.679164252945611
55_12,3.904623681762241,3.562089363443136,3.622354892128732,3.2224824418682343,3.1187183331087747
55_13,2.1823326778362535,2.0109816096163544,2.0176063384238505,2.059494249490647,1.9935158339031034
55_14,2.4378566220486806,2.2225982357710437,2.028939848478363,2.0472684792985345,1.995067560670343
55_15,2.622661650752326,2.778428084694046,2.148001735708001,2.1481848885022816,2.007464585944387
56_0,2.22278228684449,2.0673439257361745,2.022872000369385,2.004319283626242,2.0068615722244396
56_1,3.8175397564779527,3.3207622944003847,3.0095279289007157,3.1823372687033844,3.148006700585425
56_2,3.00536776684522,3.013353800393419,2.9972525714786844,3.0053675942440967,3.006950762958181
56_3,3.0107562459456525,3.000618200542154,2.996422748057558,3.0138021380398716,2.99790762567739
56_4,3.880905652562318,3.7309966556589034,3.320593258807556,3.222480718689389,3.119170705900081
56_5,3.016485144266374,2.9993090510825975,2.9050300198889634,2.818286194727693,2.9530049204246467
56_6,3.9922836358745055,3.777233289794609,3.014404494398483,3.268852338293637,3.095169173748028
56_7,2.997731454439719,2.9746691630561966,2.6226255296921006,2.817754674767241,2.1481275800173436
56_8,2.6793676132681528,2.5624871597359697,2.147898597895888,2.1478689089812386,2.0415985767745135
56_9,2.9986969092451075,2.998524122175117,2.9861978924111376,2.970847096734321,2.915042048195999
56_10,3.962782067291121,3.731005179610273,3.0948612950703267,3.561760314904616,3.2225887283202055
56_11,3.986182492833234,3.6224128199082144,3.0948612950703267,3.561760314904616,3.377488816806362
56_12,2.9874375400097044,2.9779337362182945,2.9402095886789645,2.9246301730408395,2.777628749341686
56_13,3.01376744732122,2.978723100292535,2.9532000939553456,2.9779345652674616,2.9051369173434503
56_14,3.001245930727222,3.000420915720127,2.8521119240554396,2.9942186811569282,2.970918823877532
56_15,2.9965599881703127,3.0594602553612247,2.994339472559825,2.9950081821265226,2.9632994435547495
57_0,2.6792258423651583,2.268946928174628,2.500041520496083,2.0851077594194005,2.0149420953787875
57_1,2.952954205705883,2.6793627153449666,2.7775868687132457,2.3208574745369885,2.1476848680459453
57_2,2.0950389224043287,2.0471417466656963,2.3208946492312412,2.2689391205326532,2.014257669186595
57_3,2.9709840526303606,2.377611858569879,2.1480278481018167,2.4383502071311653,2.0101343494730375
57_4,2.953377363796622,2.320865985514875,2.7775246695274265,2.904990753999209,2.0953295199286175
57_5,2.971719709576344,2.6792719279645043,2.679301405945095,2.777449243980069,2.0953445619122055
57_6,3.0,2.9412350128720193,2.8814179060733096,2.9250498456212783,2.437816211654871
57_7,2.998112599424351,2.8179456645862087,2.8521119102226016,2.9750764025996856,2.5623650330357273
57_8,1.0294135878694473,1.2739057076215983,1.0110833059382212,1.0087815753714466,1.0231372348015724
57_9,2.9718568746550296,2.8180511746467927,2.562300094645264,2.6793794501689208,2.1824808079484774
57_10,3.0158037962558457,2.9985272537565706,2.7775865947747267,2.9409469809660234,2.4379193236850747
57_11,3.016816710560281,3.017276399033855,3.0047414217965005,2.9957798268862232,2.995233940482438
57_12,2.9827235869605677,2.8813465006993204,2.5623779132616806,2.3776327737302143,2.095305659503019
57_13,2.1824146586126085,2.0004714675252018,1.993950374448531,2.0036001626357587,1.9952919221728138
57_14,2.5000629115648327,2.0171275234440578,2.029068339356972,2.016705125761647,2.0027950888871597
57_15,2.904984745607315,2.7313067858880733,2.8178653379582403,2.500241076161266,2.1479379380762658
58_0,1.1481327524362133,1.8684117563977323,1.5625510194751506,1.5630529750632685,1.222849483276858
58_1,3.3774132261867122,3.0940331251378717,3.001666201942061,3.220848427400027,3.012313221317822
58_2,2.9952339176647733,2.9919922823025127,2.9777325090705484,2.953004920790659,2.904880916382857
58_3,2.731164999961495,2.377680146807349,2.148073825091254,2.5623133205309605,2.0417437632539284
58_4,2.7774215871160886,2.924693790507067,2.963705000899969,2.9882785333724273,2.6226493627293257
58_5,3.904830854221253,3.3206280109052213,3.2223735004659466,3.9042947488143467,3.377110036463234
58_6,3.9869186740646256,3.880810257723548,3.182196055549159,3.9523903738942034,3.622334688102748
58_7,2.982817974542648,2.9916382588424257,2.9253067062070772,2.9801562085076814,2.8813454088804633
58_8,1.0000999963294253,1.0001409911267776,1.0001472304567367,1.0006752831850003,1.000106389126744
58_9,2.6792210620252774,2.500146785987972,2.4379886109937994,2.7774370613021624,2.14776267079739
58_10,3.0273864934042947,3.0,2.9787230655728347,2.9960320470133075,2.983514932095467
58_11,3.9243224859551553,3.6223671061893556,3.059532289628513,3.952477503118812,3.377159191041807
58_12,2.953126617209353,2.965471364080527,2.9409436305692744,2.977453755687121,2.500254021386523
58_13,2.001890938520722,1.9992701209431156,1.9987493766661557,2.0010387445354576,2.001489890710383
58_14,2.7774548961789605,2.622774658233398,2.1480727153944112,2.679444946939389,2.5001874212441835
58_15,2.500156935911415,2.7318118936921483,2.5623476530362534,2.6794756584601656,2.119172255577018
59_0,1.9051290861816421,1.3778110579433192,1.08523675743684,1.3210249584190137,1.2229073194631939
59_1,2.1480132874698716,2.05313490906855,2.0533302224509904,2.024899945627379,2.0369064090766735
59_2,2.987261414676973,2.983940315027224,2.9529544636573672,2.9634772563820753,2.679465825426884
59_3,2.0051490314067673,1.8539180907544548,1.8531504726682333,1.8813521762418433,1.9251056218293001
59_4,2.953605018738668,2.941609421262521,2.6227672285704133,2.438039099636186,2.8178656418172707
59_5,2.9867405757266905,2.4380819179852504,2.5001587932681684,2.8522890993681704,2.5623342123751534
59_6,2.963997073094049,2.680882006869473,2.1479598509813385,2.269137792353105,2.320703255722074
59_7,2.99957908398108,2.9872660983678294,2.8179588187990037,2.8812897731773304,2.622720167993729
59_8,1.9327279288330956,1.0086901194001692,1.002895012137218,1.0610565592759575,1.0141945910037742
59_9,3.0004209162034434,2.942092576755778,2.8178090766233717,2.9407381155525907,2.8181854744311856
59_10,2.9633825434817784,2.679673678502036,2.147678407041026,2.2224881596521033,2.269065309097635
59_11,2.92583444659809,2.3771868698196585,2.1475984404870934,2.118192087115243,2.562538700186101
59_12,3.0011499893180864,3.0261412194631045,2.9874375674372833,2.818472278335068,2.731651541856086
59_13,2.500088451997111,2.182424336965036,2.017414880027327,2.0370190848603094,2.024730855427004
59_14,2.995121231079522,2.8179463298938487,2.5622913249903965,2.6226191138155053,2.268973325074734
59_15,1.9909897816605795,1.92474939683108,1.9994359097179961,1.8191055840636567,1.777721981646687
60_0,1.9865393207356972,1.958525783839092,1.6794194644879619,1.8238119471005079,1.73125996619099
60_1,2.9981152954653068,2.9611385721848276,2.6229095368624833,2.9881146352375594,2.7337249805621626
60_2,4.004170210077659,3.9973950515794736,3.6782718449465266,3.9982203536059235,3.8517483893262585
60_3,3.013575594435292,3.0066507127646536,2.9948931569880624,3.006139898872905,2.994123578063306
60_4,2.989722854002198,3.0007817959170398,2.9629705713297074,2.994349710139257,2.8814203722791087
60_5,3.222286459153715,3.117041136195483,2.961151323925838,3.079059942620541,2.88393250025451
60_6,3.562089404027714,3.561814330736549,3.0011309629889014,3.0575935960197342,3.0455005589509136
60_7,2.9950079138551726,3.00389190487081,2.9829249976211245,3.0026824130963954,2.97131457835261
60_8,2.992923746677267,2.8181128711695442,2.881134495987279,2.7775307170213255,2.5001269785654174
60_9,2.905135885079712,2.731378980711393,2.0700620274941355,2.378327689234222,2.03184932593591
60_10,4.010025792785644,3.9985627373872177,3.8170985620170397,3.9987255255636844,3.679010359382904
60_11,4.009904624486693,3.996356696208482,3.622072309980838,3.9977819386490254,3.777216998817939
60_12,2.437876495436034,2.221677689702465,2.058832015859832,2.1187499921437625,1.9225398945951746
60_13,3.036774128877583,3.0162853391023563,2.99974402540447,3.013435186197798,2.995779869887703
60_14,2.0372365233849514,2.679369670149608,2.037293097043164,2.0707638923313314,2.007365804517522
60_15,2.904854014158156,2.9537420971165904,2.500137275778502,2.9053824380530737,2.500260750576521
61_0,1.037415760202106,1.0041608909163362,1.0041658190403955,1.005379574417873,1.0141562296856412
61_1,2.98611614651624,2.147108516002414,2.3775035638266737,2.2690208951416357,2.268561820027575
61_2,1.9977814540134988,1.9253588754038604,1.3779471861435015,1.9640579585676388,1.818628370432571
61_3,2.0369462012835884,1.9642244724396338,1.964426381066582,1.9852657903228488,1.9615737212994715
61_4,2.98611614651624,2.37734091377969,2.437895321384167,2.8809811641356435,2.0669342421867585
61_5,2.00119998921968,1.976277623109393,2.002054319114204,2.0002132517302353,1.9907820253654647
61_6,2.0070505108565353,1.9766537125271373,1.8536733317860001,2.0063367358302457,1.985645290956283
61_7,2.00953572631949,1.992237798292675,1.9753825544131658,2.0226309226846375,1.9821982802440474
61_8,2.999671700463576,3.003037382255069,2.9923336845426634,2.980472182380472,2.985004757358308
61_9,2.003087383414185,1.9412851484125582,1.9539650710153103,2.2227259206319965,1.9750076374963423
61_10,2.377614730930692,2.1477292566665174,2.0469962996455306,2.731286116832766,2.18232645704711
61_11,1.0067826462929492,1.0053456500431255,1.003263877011446,1.00872151071081,1.0022798791795366
61_12,2.9532000022896225,2.9684142724449734,2.562432623358444,2.8526586825845555,2.2690483198730793
61_13,2.9400724182674267,2.0755349353367762,2.006171681872193,2.2690440052302736,2.0176049908384965
61_14,2.0103271525815534,1.9756074358458913,1.9879216378971358,1.9977121789514634,1.9782561013549937
61_15,2.377640352421318,2.182217181616334,2.0226579849009587,2.26925383912307,2.002193649453048
62_0,1.029401347697785,1.001592266044604,1.001591830035648,1.0130305166567186,1.0047005606706003
62_1,3.0727015394078787,2.5628392508046396,2.7779801690061907,2.9776371002376596,2.989529995984764
62_2,2.8179023375689405,2.881499382408611,2.817949303235779,2.8810582114168626,2.5623438452949894
62_3,2.1480798326762134,2.1480657484013093,2.085117179765303,2.1827278042641116,2.0759062358317704
62_4,2.9049112597107793,2.0227976689345355,2.060040098273439,2.437936321141407,2.0373165931025743
62_5,2.973487047190446,2.3210294527110786,2.3210114349463025,2.8816075820141656,2.8527491183694855
62_6,3.00795103580164,3.007545143859149,3.0176504070795716,3.0034377803123045,3.0002899016245683
62_7,2.9528050548931715,2.94020947636245,2.904692438065501,2.731178696363663,2.5622980458637135
62_8,1.7313277917806162,1.0374157992783772,1.0010037419149436,1.0036844874304505,1.0012595287168182
62_9,2.095195984615271,2.1824157528702375,2.0471425184642356,2.047256936579541,1.9995820928118326
62_10,3.0291322757378927,2.9943495307867805,2.881093302688607,2.852138204644907,2.9530625306082503
62_11,3.9867975124233106,3.6790584052120416,3.1476189528781786,3.118541118875134,3.0951185047689225
62_12,2.9634768361579966,2.9772140304767776,2.881092197499178,2.991161956727784,2.954272325590688
62_13,2.778043316658571,2.376864145254065,2.147188978537055,2.622663414845655,2.0568102129555155
62_14,1.99791306843688,1.9405993700767565,1.8942833860953523,1.9061312201410106,1.622745175249441
62_15,2.817864258127747,2.817801638820635,2.2690127619906995,2.6225620598577315,2.320896948865602
63_0,2.5623706022875212,2.041808504139513,2.042163595207057,2.015032524513022,2.007618492952444
63_1,3.0175554343001374,3.036896024748319,2.9402490997339212,3.0151015708974382,2.998191371079109
63_2,3.0176059917605973,3.010434012334997,2.977510813403619,2.99731728086205,3.001597486850919
63_3,2.963103815540992,2.986968690020109,2.1823758000833973,2.852382211752313,2.679410206555829
63_4,3.0079510348641842,3.006773024533682,2.982566842926659,2.99790889396286,2.9711760544965786
63_5,3.0139168101986087,3.026840946106141,2.9839403811549987,2.9723885515487645,2.925049576393889
63_6,3.9046474123311588,3.8518988707047135,3.3207091934164086,3.9226235343919784,3.2688801029792525
63_7,2.9987947980601195,2.996417793875375,2.62253277603313,2.562274469111771,2.679258168304979
63_8,1.8745972840368152,1.1201869745288033,1.0003204990114654,1.0032626903743354,1.0001175557389108
63_9,2.9951153125141534,2.9976869866039535,2.7311358403846615,2.996265829962426,2.2688928624718905
63_10,2.997630615279077,2.9829249790332164,2.3775873358890585,2.8520380444593907,2.1479867866323756
63_11,3.9046296641185374,3.622350677579654,3.075730175252379,3.62167232932284,3.377499151107242
63_12,3.0291083930788787,3.047316203949785,2.99433954226848,2.999125857559168,2.9948954360833664
63_13,3.0057817189613605,3.0103604482078694,2.9529103683657736,2.998107208013292,2.953126774493291
63_14,2.11912892148812,2.0078244595877206,2.0033458493200733,1.972518429491529,1.9909964872220745
63_15,2.0021423906478346,1.9958319666201683,1.8810936620585583,1.9930216244228063,1.9155487081990965
64_0,2.268988415363977,2.028570616367894,2.0199582141444736,2.119152797979394,2.001944022818778
64_1,2.905028972695397,2.8523771091348658,2.622620351952235,2.2689659492972027,2.6226377944589943
64_2,2.731549405072869,2.32077322457087,2.06710334289657,2.8177566077961855,2.1821589244689523
64_3,3.013259422989461,3.020795187978963,3.0066505583842713,2.9927486610297303,3.0035201526638953
64_4,3.0388634186437744,2.9155522086868384,2.7785733008569826,3.0048538670299694,2.819037750879248
64_5,2.852376905929547,2.852568986309194,2.320868844214267,2.106662294596251,2.047109176916775
64_6,3.044957620730731,2.9063384373976384,2.925171462571941,2.9273330116344907,2.9639974936470295
64_7,3.0757339823601124,3.095014869306212,3.013152408332617,3.0030372563645362,3.0078676316787716
64_8,2.147661725268377,2.1174189093182307,2.075599800089913,2.008402979239672,2.003848032563541
64_9,3.0034384262646996,2.996900749761397,2.998373498261635,2.9914618629073386,2.9804721862382397
64_10,3.0115911748053787,3.181552934747252,2.9973335686236604,2.994897420047443,2.984814436077457
64_11,3.00637756597593,2.9792612179182805,2.81811635311286,2.7776771008642425,2.6792709485626958
64_12,3.182225204281497,3.036838888011782,3.0368959220328784,3.010556125773277,2.9872614858920588
64_13,2.731516580482539,2.2224423222346923,2.37764993882182,2.0599782399798974,2.0082412859213106
64_14,3.0020833009141574,2.989750998122274,2.977934090024093,2.988278331903872,2.940210884883895
64_15,2.679346189042383,2.2690049050888024,2.067732891538536,2.0691613656140535,1.9995172768416074
65_0,1.9845238137392993,1.9956404987138063,1.9986392167297353,1.9834701315194139,1.9927053277382636
65_1,2.9833387492077548,2.777553165412712,2.777502082397949,2.9053573915735877,2.881418556302821
65_2,2.9954925846545444,2.852327769190282,2.5624594167262567,2.9860865070569296,2.1823615941113914
65_3,2.9981125998947107,2.95360508651821,2.880979895697301,2.9403485689093705,2.8177555288089797
65_4,2.269038896017202,2.0953650318426655,2.017812729192548,2.1482118975216213,2.0171546489828116
65_5,3.0018847049108617,2.9532833130062364,3.0000000000000004,3.046098880900035,2.9969007999884822
65_6,3.047045793751874,3.181945318142906,3.0160578944852814,3.0366107717396695,3.095262189693875
65_7,3.000176156689092,2.9995180148862555,2.995000102087785,2.996895279483063,2.982310175250955
65_8,2.059801888537555,1.8821561393308015,1.9931563554020788,1.9649523826458135,1.9592877211416306
65_9,2.182408024912381,2.014632864533901,2.182457539269619,2.2699649956134014,1.9994504990032083
65_10,2.9961049485403337,2.9823940316066757,2.9907144319832226,3.0038938459603863,2.9712412193394786
65_11,3.562155836818896,3.2225424101561377,3.022172989294507,3.561760308456681,3.3207325361089906
65_12,3.3775136681368294,2.990939786277383,2.9957898315424796,3.0082414241440896,2.983046164096513
65_13,2.7312305085352526,2.042041823845652,2.01787432537114,2.149085070742519,2.0118934243833464
65_14,2.881130055405096,2.5001718085845597,2.09530056817798,2.7315302747673584,2.622664962792415
65_15,2.037173003835394,2.017832753180639,2.000341076531989,2.003222118130416,1.95353921332224
66_0,1.1193161380141565,1.0180766461208495,1.0025747069083393,1.0047536817783063,1.0127086422612233
66_1,2.3775860111059224,2.053118723963629,2.014448376465136,2.1480441991342247,2.0192168986697023
66_2,2.0950788143790304,2.0113138165416133,2.004355275768392,2.0093393516600138,2.005042244143196
66_3,2.3210917816282355,2.0952359252862487,2.0471199558705067,2.1193107686748345,2.0098814602594133
66_4,2.059428328573811,2.2688796702081486,2.1475203207830136,2.777378927149997,2.0415221628514217
66_5,2.222615389215957,2.3207843033884057,2.0360579300736488,2.6792992043060484,2.0595151257747926
66_6,3.0027450754084075,2.990939791532014,2.9532835748760093,2.9773583582283556,2.3775076546357377
66_7,3.3205493786468065,3.777243769497316,3.3206054506229683,3.3204167482101603,3.0741651510841863
66_8,1.0006427594415186,1.2271549857231674,1.000405749110986,1.0008118150702825,1.0068935768307818
66_9,2.9938600280308836,2.987105940397688,2.982444590398051,2.9929757597409643,2.8810002965896575
66_10,1.9533331650770709,2.013081443188065,1.9535362448709808,1.9834028942587607,1.9049618630019138
66_11,2.882473621799456,2.909813780386648,2.62397266289385,2.9752966370472334,2.4376384025799633
66_12,2.9938951292626093,2.9942329671888976,2.9635836809553844,2.987999228281589,2.7776657645104317
66_13,2.437990500341768,2.8522842197291878,2.047187072191141,2.2228165110207834,2.0289333234444706
66_14,1.0001353938082123,1.0160283270243298,1.0002487997409606,1.0009899741443702,1.0005463112385453
66_15,1.9829748971199044,1.980427564512683,1.500111266443468,1.8832462839710515,1.8522064846888613
67_0,1.9991525511102914,1.997013650843329,1.6226379009650258,1.500296171811007,1.7775276784553933
67_1,2.3208422679033913,2.0221271377782886,2.022407579296911,2.028497590390064,1.999182682669611
67_2,3.1823495062108753,3.1191163349096036,3.0176505402508416,3.0083976337620357,3.0062520314086574
67_3,2.3775592554591007,2.0600613833264703,1.9973208036289951,2.0241811371378304,2.002799663081002
67_4,3.022489317888993,3.2687390057872863,2.9978630897905796,2.9826411984010806,2.8526511235322825
67_5,3.0754285422547643,2.991156161360713,2.9984025127690725,2.9973172807291197,2.9676242000228785
67_6,3.622442912084266,3.4377650465709495,3.0598797038330408,3.9704816661073794,3.0756271731933773
67_7,3.0042202133360503,3.000690948801146,2.817946336370035,2.9720153786030363,2.731376949464697
67_8,3.001597498711197,2.9643723313367003,2.9589437140201196,2.9629044722890954,2.679247012168799
67_9,2.971314146582472,2.777768490553303,2.6226856214673635,2.881038741476741,2.320920132604464
67_10,3.017605990422285,3.0085143572558577,2.99276415039676,3.0018409169774776,2.9246930886161993
67_11,3.9047247158763,3.562062736804744,3.182294578802608,3.9822220491283216,3.119103698649653
67_12,3.02194521734347,3.095225099464699,3.0289312573095586,2.9997739942638257,2.978192109047137
67_13,2.0168667280890356,2.147891160814664,2.014451761307574,2.1816939827429125,2.0515669001199988
67_14,2.005154610932032,2.0050367181585402,1.9686687825659395,1.9765939693579562,1.985848287898153
67_15,1.9715417503706727,1.9246244650810307,1.7067567759140305,1.037438865547056,1.0852070876219697
68_0,1.9709686595662081,1.500599123430763,1.9743271676000838,1.2229381300887288,1.0601750061243667
68_1,2.010857220791947,2.002497787004247,1.9793283316666905,2.0362182800223523,1.9545507119392342
68_2,2.954497612331094,2.4381536856771278,2.7314517294404164,2.9641731582539403,2.7313396498413343
68_3,2.060121552141274,1.9907651372096233,2.0071305165855193,2.0247620865140643,1.906613391203842
68_4,2.0372914527432338,1.9907651388311467,1.9957024259782261,2.0366360395998875,1.9802494401379744
68_5,2.0168667202753543,1.9722028708009922,1.9694363119922766,1.9965384433114575,1.940450938014195
68_6,3.057621430831862,2.9851859275042507,2.9052737322629256,2.985186298666011,2.852496628599474
68_7,2.8523768975903754,2.852211573922682,2.924403269338609,2.924345840478551,2.679412377952094
68_8,2.905555269985067,2.965471777676561,2.778110641865454,2.6796035515461223,2.1479403461096314
68_9,3.075627480909742,3.0186318203529368,3.001245787650825,3.0952463246628756,3.0074078771284576
68_10,2.988118964514551,2.853248565368271,2.500077761226202,2.9807011791707474,2.9247678618011084
68_11,2.9918138983495703,2.854096823888945,2.500088953451896,2.990741903682132,2.5000887590047607
68_12,3.0100757901823885,3.0066507047770363,2.9975759499803707,3.0002559767867156,2.9950000587329186
68_13,2.8177132944060372,2.1064886358025046,2.377578163771181,2.67927978517604,2.059344482570692
68_14,1.9976231677006644,1.9845993164621762,1.9403075878422822,1.9866793352215384,1.9329953485378102
68_15,2.148054578228536,2.0473458485939764,2.006315807370688,2.033094580404089,2.0015235731618084
69_0,2.731338544367641,2.1190765237071743,2.0954243918989968,2.095210463794152,2.025637867254589
69_1,3.007545168630607,2.9957056877539046,3.0092589675300463,3.005776068122517,2.980615315006711
69_2,3.377439737739372,3.377352645505721,3.2224146406172096,3.2686458894539863,3.028142860255718
69_3,2.8809556472802216,2.8811750482551397,2.6226335984664346,2.817843898923384,2.3208964558513245
69_4,2.9895296577556327,2.9911617351651443,2.9055560685290684,2.881964445048637,2.7315762975095983
69_5,2.7775525586384067,2.32093094614054,2.6226941401546484,2.1479636349855005,2.119154756867039
69_6,2.9983337860547623,2.999218204735233,2.9839409605273057,2.9682506025526694,2.924477150051808
69_7,3.022489311946061,3.058764933967892,3.0112618580055477,2.9965903165908583,3.0
69_8,1.9536550155335266,1.4384350652891884,1.6231317852561717,1.6281337592053313,1.0204219377411805
69_9,3.022597130476628,2.979204789327012,2.993349441352504,2.9818525458158356,2.975074784848957
69_10,2.997377267664753,2.999218204735233,2.9839406929538597,2.9970326242796963,2.971023850625039
69_11,2.9981152957067096,2.999218204735233,2.9839409605273057,2.978056697105361,2.9721886144378784
69_12,3.0003717517312922,2.9934791158230127,2.985126032541164,2.9414167472735593,2.4380168572035106
69_13,2.9945951594742994,2.998115305734533,2.9890696735808953,2.990714183837656,2.974669453359399
69_14,2.1480498434937143,2.0073048565919605,2.0027773670865825,2.0092818525522618,1.9944036005974963
69_15,1.9900953750873676,1.9754189918315843,1.8529420289732021,1.818196703955938,1.7776035521115325
70_0,3.0,2.818576313649725,2.8524996976499164,2.9251707572466903,2.6799137768760026
70_1,3.9626898185717123,3.377332598070896,3.075428171319713,3.1187562657729218,3.0591771284741074
70_2,3.0224893156388797,3.0174329136274425,3.0076660888914066,3.029048728360713,3.0000000000000004
70_3,2.8814169309967386,2.777559862991637,2.7774105088206276,2.88138637964293,2.500165765398068
70_4,2.907797179100799,2.6235941694386002,2.1190787269833216,2.6228525046920828,2.222887157107705
70_5,3.119044337449935,2.9978566269087015,2.974378513205318,2.9950002661508677,2.8177810918364545
70_6,3.9410298855216754,3.3773346090297847,3.2224231598068522,3.7770208876223896,3.012136792488482
70_7,3.4378320004346987,3.1816430479357245,2.997580944746266,3.0470372961700325,3.016484891338574
70_8,2.0120432203158005,1.9977049127212752,1.8544279116743714,1.821019778138603,1.9317416742188491
70_9,2.9086870582577165,2.9281920320504957,2.269226683005647,2.943078084105964,2.1825617778284494
70_10,3.5622714796795765,3.2688326314383924,3.0313806463259816,3.2225255506219113,3.003519343833614
70_11,3.7313029207688757,3.2688326314383924,2.998527382763912,3.1190874873662255,3.0014108652166023
70_12,3.14801729094106,3.0367003454059343,2.992218325788535,3.0007926581066204,2.9530055649537674
70_13,2.998754069166364,2.9826403700387707,2.991910594248681,2.989269634427373,2.984803495811753
70_14,2.9925921003941407,2.926602232431061,2.980377491320492,2.8811784971341203,2.904948545364485
70_15,2.953061837023513,2.8177518143032305,2.3208633860947034,2.3227052618468407,2.1192137535328257
71_0,1.9802705979749744,1.893620731791254,1.977333392734615,1.9247614149598946,1.1481517307993834
71_1,2.437919539092625,2.1469158132019515,2.015237226424139,2.1824639473268452,2.0078668258988146
71_2,2.996480635359952,2.9983331546633383,2.9828181760940473,2.9774030280259947,2.622654092182355
71_3,2.0219952211970367,1.778339025612182,1.732199785737098,1.9778799010170471,1.8530177547412048
71_4,2.438037194729408,1.990060184867399,1.9946457276875709,2.2690835780416547,1.9837683943014717
71_5,2.5622840047849276,2.4379212335448304,2.182113396266244,2.2227519619408462,2.1479682789170305
71_6,2.992628677442077,2.9260592833436703,2.0746208552113954,2.9352547041528054,2.1469090134004607
71_7,2.9710234110922027,2.437969792314189,2.1477433313357546,2.3776448903813074,2.2226531475506555
71_8,2.027180705165777,1.6232992893501086,1.6232987847604372,1.8200756455350624,1.2228695837871348
71_9,2.4384581715453213,2.1477851807359363,1.9952919231357469,2.0282721469887774,2.034935999669686
71_10,2.990545520300972,2.56248435896374,2.7320939725199516,2.953742527543013,2.500064262401174
71_11,3.991763887908852,3.1815329514556985,3.3772291711595326,4.001228124487408,3.7311206110835307
71_12,3.998352497213566,3.376994217588185,3.073397025155711,3.993715078515292,3.179353153784991
71_13,3.0007572110504634,2.998986812237685,2.971118603774975,2.9998627260772173,2.9401446414712615
71_14,2.9978566234546387,2.22249711805008,2.1478826131815514,2.7312970112737416,2.0457883346698216
71_15,2.119026035463589,2.05965472487952,1.9717749030392233,1.9985914155846314,1.963211108158214
72_0,1.3209602093562125,1.148186587853791,1.5001361491167786,1.3218975878952086,1.0060011407703289
72_1,2.9052002127468324,2.3209106864866342,2.047592701249899,2.2690055828941573,2.118880095835228
72_2,2.965471117345257,2.8528494662433186,2.7313409070625028,2.9536055529125544,2.5624135705294786
72_3,3.0205055005870944,3.0014727433936286,2.971119257417458,2.9245763070235653,2.320932235863853
72_4,2.990590012728,2.94141108050588,2.881058580782305,2.9405393074119437,2.6228033398726165
72_5,2.320863371982033,2.0362202849814532,2.0533887107216064,2.0415892708032595,2.0012066920328495
72_6,2.9969229019977988,2.9747554836032335,2.9550487034911073,2.9287403115778066,2.9550441816274944
72_7,3.00209238983637,3.00147274443971,2.99116184089782,2.9890705088149376,2.963584546224846
72_8,1.9054056846044658,1.0761467741481072,1.4392117202465333,1.3213834922080505,1.02308551681108
72_9,2.6792374058437187,2.0756598112140003,2.0840296891111247,2.0293272126808066,2.095182231802455
72_10,3.6224305121211127,3.0755194337555727,3.0468682551476096,3.320703627668911,3.059822146109201
72_11,3.6224306323274926,3.2684148754646785,3.013352641650801,3.222584437724158,3.094796140565479
72_12,3.377498758213151,3.377046286209128,3.0078675822731125,3.037029886056744,3.003438358654144
72_13,2.9248489575665575,2.320912039869201,2.2691458133886893,2.438090366973019,2.1477185347044063
72_14,2.2690452502752683,2.017326840429748,2.003506663319047,2.0326308308530368,2.003125987636886
72_15,2.0136828781268425,1.9848565716353403,1.9945246514085204,2.0056083696753695,1.9640850552986906
73_0,2.09506288130733,2.016335778643819,1.9994403856477667,1.9247448003522536,1.9816447350205715
73_1,2.9841962040900536,2.26901867903559,2.6227220250863668,2.777592924980494,2.0953497648753894
73_2,3.0143932507904676,3.0401633403222266,2.9955116008667497,2.979265274837198,2.9052744264699384
73_3,2.8522112334652667,2.500129765932358,2.037010283899676,2.9529543243491454,2.562274693143163
73_4,2.0055366924136577,1.9973838786280214,1.905324098536311,1.9992640620882058,1.7780305353891086
73_5,2.6795939489024034,2.106004020760923,2.5623486274118292,2.1477922218589036,2.022118747796762
73_6,2.973649777877488,2.8550373776887383,2.4385495568238906,2.8206600326852587,2.56260491572106
73_7,3.2226777062464005,3.059056578453756,3.0057765487948673,3.0104339911794633,3.003110120525775
73_8,2.563950244708944,2.117723279942774,2.03351124763777,2.094806381658822,1.9882151254636136
73_9,3.02283716370148,3.0053944227875546,2.998754093917125,2.9998004648059062,2.996480651247969
73_10,2.500139248218126,2.500328438872894,2.0600178091172796,2.2227519659990187,2.0250972781806826
73_11,3.182268703805716,3.1175210265358078,3.0749339518353254,3.0351357617431365,3.036295125363722
73_12,3.939888621893043,3.9975720230084506,3.4999543850093495,3.0372803734797382,3.0953068045877163
73_13,3.222666023960471,3.562148884097861,3.0290156022798325,3.075780450132481,3.1479986613754827
73_14,2.4379910922870525,2.320924135953616,2.053250518288127,2.0471723114921603,2.0420921035919126
73_15,2.0952633859121015,2.3209979637494835,2.0533327709635665,2.059910922246917,2.001681455000575
74_0,2.971856877942566,2.8183556514789827,2.222735792414022,2.731614035911681,2.106683624364749
74_1,2.99540628528577,2.9639971716001283,2.9048325398308887,2.9943398472623612,2.1188587436637993
74_2,2.985597566039768,2.9837477516412956,2.908284824860622,2.9260653395612506,2.6226994922289677
74_3,2.8521812222766196,2.5624712115791244,2.14806742912528,2.9529100948145053,2.1822754384683067
74_4,3.036700680803015,3.0358267953472144,2.9976428667501858,3.0085381333660464,3.0088381627657443
74_5,3.0081861025740686,2.992177671264297,2.980615317512985,3.0169534095339126,2.8182660471435463
74_6,3.6224930413747756,3.6219547978014854,3.147653982585491,3.620826797300143,3.0593771975731947
74_7,3.1188259436137895,3.0,3.0029676680181714,3.0100749003727683,2.9913238489490532
74_8,2.3777516481102543,2.0089786154216203,2.0088979880717392,1.8203469357725839,1.5040085471533238
74_9,3.8807659010343456,3.904613472833732,3.1479898182256925,3.8174632100426242,3.2688647726205646
74_10,2.9547530624914162,2.991846985646508,2.855502305229321,2.953286263718725,2.7316262417110075
74_11,2.9544976152501015,2.991846985646508,2.778084079392971,2.96370615676988,2.7316262417110075
74_12,3.730999609732775,3.62218268608788,3.267702524180182,3.56194563345041,3.0934376617151518
74_13,3.0368961825907563,3.074828540545137,3.0287586291386246,3.0952696590173074,3.0104339742036346
74_14,2.012301902301503,2.0034706838682212,2.000389553319028,2.013516865818129,1.6796311489349074
74_15,2.001890938095529,1.975593786077478,1.9405291591940201,1.9805328072091666,1.4379697012764747
75_0,1.0028908405058437,1.2228047203352823,1.0955378586046838,1.0604450872512587,1.0002937051690106
75_1,1.4379803829855846,1.9155794544783715,1.6803229484765916,1.9492816556520738,1.3779072946395066
75_2,3.0466226306582582,3.046102138322375,2.9878636695761727,2.9954927735204326,2.953897713479678
75_3,2.8812239102752284,2.500314770117815,2.046473587841615,2.1823871042199654,1.9976455399936104
75_4,2.992333659273009,2.5001308110678266,2.500900366246154,2.7774744510187106,2.2226784077324977
75_5,2.992628676917556,2.62308470139905,2.379173244095915,2.907253826505418,2.2226887637472617
75_6,3.95355501888321,3.7772073839659606,3.3202846341727246,3.621970587683148,3.046101701553772
75_7,2.9892744337766874,2.984897845975736,2.269107648731038,2.852155253964867,2.118961914015852
75_8,1.9252196921991664,1.3230863229589143,1.0232112461290184,1.3224879043441196,1.0012598403789896
75_9,2.9992073323950996,2.9866462122384876,2.9047931959325908,2.974167844094067,2.8523801301641254
75_10,3.9709734145361755,3.147148908218461,3.009953740559447,3.1190036429506036,3.0143930771611447
75_11,3.9248928338764473,3.182247923980119,3.0946406918133746,3.561965490310334,3.011590998711963
75_12,3.377531655655283,3.1474313865140613,3.0137236104294334,3.0030377593299318,2.9777328121176154
75_13,2.990713792887829,2.852569327397997,2.6795332008027772,2.924924657711941,2.731430188760947
75_14,2.7778996574614334,2.623048084434927,2.500176264213658,2.500347246832967,2.04730622998037
75_15,2.182443719940492,2.033077966017562,2.022903464712804,2.075889424181563,1.998248091713804
76_0,1.9630587435004687,1.8811095430326255,1.7774584239180347,1.5005036096589552,1.0374190806322012
76_1,2.999628248291503,2.964173201909929,2.9868479481063286,3.0035192942404643,2.971720137360541
76_2,2.679295803519951,2.7313025443801258,2.4379376237102433,2.9245047910027853,2.2689124891322923
76_3,3.731026654475189,3.5621378841164186,3.095239418718932,3.0952558042283367,3.03709561771015
76_4,3.037260182043967,3.0372028202488166,3.00025597461014,3.0040504559522523,2.994339540301403
76_5,3.0337371330737724,3.0018846984318546,2.963843657767166,3.0158024099337504,2.881698910360774
76_6,3.147961281412924,3.04704567753044,2.9909400103110797,3.622370605258448,2.9533776189259293
76_7,3.562114064146374,3.7772607728327974,3.182247223372391,3.37718502647758,3.027386343274155
76_8,1.780371730648686,1.9143775164759964,1.1197393475568687,1.3817090738286157,1.0334882500321854
76_9,2.1823995168286654,2.1187441103417957,2.0434327490006234,2.118084047236563,2.0214082709385868
76_10,2.9964806352303786,2.9610807456712784,2.7312369853440996,2.9407196601911663,2.09523187289304
76_11,3.9707616420107383,3.924070951982855,3.119102342770363,3.993569222839201,3.679132243910551
76_12,2.9631610362408503,2.9063382316299693,2.562610319896599,2.978723818997138,2.8528478699968143
76_13,3.0228185591456835,3.007867683285911,2.997731481791082,3.0104984957074628,2.9959495024967695
76_14,2.0757055743659762,2.0222267601639086,2.0064488552347655,2.0050638380374557,1.990420630147367
76_15,2.119193099727276,2.294298767738261,2.0004675888535757,2.0046349011782385,1.9946889620429686
77_0,2.0473168451410837,2.0952835168756847,2.0421150925172427,2.0063515880336733,2.006255187899166
77_1,2.940400651914853,2.777714135978137,2.164552167880904,2.5011486427674576,2.025631072983968
77_2,2.9050791019582727,2.9248491457661894,2.036828845815704,2.6227990064694393,2.0754967642847078
77_3,1.88118005068569,1.4381453178187011,1.269080931195465,1.852706037142835,1.075953075264858
77_4,2.996706640906844,3.0003717514565973,2.9530049263087172,2.991616665931082,2.9917928114772563
77_5,1.9245711426197938,1.7568068090565774,1.2228120830203941,1.5002307772733932,1.8935932459126374
77_6,3.4999329558476857,3.320667158829879,3.073044270105867,3.0931579913405605,3.2224136319328083
77_7,3.6224511400891655,3.02572609458154,2.977649525638754,2.9931326114857835,2.9633829704729506
77_8,2.377717287809832,2.0103096963283833,1.7413395135937144,2.019486738864435,1.9445595383958458
77_9,3.9860264086686135,3.817531859279615,2.995007943716868,3.0290780825399515,3.013979639742753
77_10,3.014814077832497,2.974279230018016,2.9634770337161114,2.905814249402532,2.925306498270291
77_11,3.0949208932109302,3.094920525776192,3.0026227174595492,3.0030991812079337,2.9960321750287777
77_12,3.0370653211111907,3.0369462588982805,3.0009899509747004,2.9913239426727034,2.6226677611174574
77_13,1.995171231021695,1.9058617015380814,1.5013452068107456,1.8984698107804376,1.0852386952910127
77_14,2.999028574690604,2.7312344479459543,2.268993843636009,2.2229791197407605,2.1825402828144598
77_15,2.6794194376847313,2.7313774554128947,2.0229101509155023,2.025976364800769,2.0953635551704886
78_0,2.500066139069559,2.5002165317161227,2.0852900027805705,2.0373469079139825,2.0047955711847787
78_1,2.9402931709832063,2.679486458455055,2.2227508995768717,2.8810311098961097,2.022130211365534
78_2,3.991998934419883,3.9924751037695776,3.730922020073253,3.998376256517818,3.9526232938912425
78_3,3.268893926399616,3.622333424774114,3.003507027439806,3.4997240195546793,3.008998621697767
78_4,3.1190626908657793,3.1189420772480636,3.028758161915655,3.118888916736373,3.0030373651694893
78_5,3.8808232418737707,3.880766324222315,3.3205340850953293,3.776409633109987,3.4998534146449525
78_6,3.9825902673263363,3.904565750710995,3.621970589588269,3.995234753924038,3.977073520656215
78_7,3.924104672053714,3.851893651776329,3.1822976725390837,3.4996527612197093,3.1821339427742115
78_8,1.6820841065113767,1.0294227355280576,1.018117036277034,1.2712064077556149,1.0111186968422194
78_9,3.9241589890069406,3.96263390272147,3.1478146273564866,3.4376769947156975,3.4377111654336603
78_10,2.0468499908270736,2.046568063494186,1.981658150862886,2.0008224468861635,1.9893276647410043
78_11,3.996506250496961,3.991489164645188,3.56164978681522,3.9986625565920453,3.939889542142662
78_12,3.9993743055134647,3.9994189544574033,3.8174632375622704,3.9888667519841174,3.8807454956404315
78_13,3.1479612884780397,3.0951185245118973,3.017275860118796,3.0467981067799497,3.002747471346672
78_14,2.9981101572748727,2.990045389764178,2.7311658594192822,2.9528062134821838,2.562274043031837
78_15,2.9936052394590824,2.924321902260593,2.9049851282418557,2.9854193926262043,2.5003490208715737
79_0,2.0116774472892898,1.9941759959879533,1.9993561334457761,1.9969741471680025,1.9402254203567657
79_1,2.095034574728408,2.222760202277032,2.1191094598467055,2.0144811327330236,2.0124160889218587
79_2,2.989348583199831,2.9246937835256293,2.904793823240889,2.6793035133839944,2.1824468431859434
79_3,2.320882905773394,2.0327082848891287,2.0202080973471372,2.0421741161149494,1.9982272888266985
79_4,2.0291007134122143,2.0594535756685466,2.0470006774364777,2.0366734876706625,1.973989176558409
79_5,2.9643722825898347,2.8817049151459635,2.818267231253464,2.954278509902095,2.7779090202787033
79_6,3.9820602211046925,3.1186534964210173,2.9879248767055633,2.996146058314866,3.045500955128358
79_7,1.999349948106458,1.9543227614980423,1.6802854174184276,1.9873792046728447,1.5004262037653144
79_8,1.0180756721241897,1.0181248152976865,1.0002334660843926,1.0001149032882415,1.000100315205121
79_9,2.26899478541991,2.50015186604206,2.437943670506849,2.0759533722276866,2.029069423854367
79_10,2.6225235217512806,2.2688654348229136,2.075633705373173,2.0360057699068546,2.0366756889753694
79_11,3.0080894968161913,3.0471293009659863,2.9830479540930432,2.9402950092940925,2.998730832409521
79_12,3.022853580073452,3.0205054104792657,2.9244776067928284,2.9529108150112764,2.6793563800299647
79_13,1.9823993827659636,1.940875060507902,1.4384360038974833,1.881477217350497,1.4382217165331126
79_14,2.013202492728139,2.0089170592604493,1.9804789669052238,2.018987913731464,1.8197551264894474
79_15,2.50015935967147,2.1480231674122847,2.1191409757746587,2.320923676379655,2.0472512584434615
80_0,1.9714474116203549,1.852901137676696,1.37784271367541,1.3212936186967377,1.4382014550561255
80_1,2.1478885934538137,2.004826549397248,2.0174109166226164,2.0163586602352677,1.977877039957445
80_2,2.9792047213818478,2.50053738591189,2.1824183903541274,2.437899752907094,2.0356785836440396
80_3,2.9978566227463066,2.9839403101753614,2.7774583606243737,2.9048600178461044,2.268994386777707
80_4,3.0757723463628412,3.3774820962643735,3.029081181412264,3.017782146779453,2.999010050881435
80_5,3.001471938631929,3.001597496033533,2.9711191029409854,2.9772844064428985,2.777460599499716
80_6,3.3774941909830685,3.222562431281094,3.0068766957525788,3.3774212740575416,3.0038950047571427
80_7,2.022731113942177,2.017656172779969,2.010335713378247,2.0473413172565125,2.0154792536251245
80_8,1.2230467412788522,1.1485340850192038,1.1485048992271578,1.0232467318141278,1.0053109596020013
80_9,2.971068009029451,2.90507933476065,2.679311799355283,2.777529097810458,2.1824980051062934
80_10,2.9865628549322265,2.9404653819989273,2.777385692175726,2.500162100010009,2.3208997265884235
80_11,3.6791762210775527,3.880780029016668,3.1180458959567425,3.3767225573421102,3.044256039199277
80_12,2.4379049435206985,2.0140298848110536,2.1477404438054495,2.0289032939115152,2.017412840981529
80_13,3.010360471272524,2.997377268760711,2.9244770750332005,2.997863088874361,2.9246937943076956
80_14,2.0221163420439243,1.9925244304541374,1.9748284979091895,1.9758013102166845,1.9408762897194403
80_15,2.562491454749758,2.1330102179753987,2.0953804837245507,2.2229791120429274,2.0054993707454183
81_0,2.0029338823805087,2.025967578905723,2.000929484263991,2.0091430167031112,1.9950553009946375
81_1,3.0593783219056916,3.181887253466144,3.0099588846376073,3.028684336751163,2.9991156193196282
81_2,2.046680505233462,2.268787273422813,2.0488082503827294,2.118536189740011,2.015242335780728
81_3,2.0158538010999285,1.9958304110982164,1.9407834968379691,2.006615722230599,1.977986814331635
81_4,2.0271807058443967,2.0287363189587295,1.9950746798304597,2.095333690288223,2.0097228459550935
81_5,2.0586931743653545,2.88269932461892,2.0196935321983362,2.500346559993287,2.035209451994862
81_6,3.437653825978204,3.963641095470059,3.043838037202408,3.035626264455952,3.0569232932635724
81_7,2.980194268240618,3.0121369679889187,2.991813908428982,3.0002559746211466,2.881353773812698
81_8,2.1441311746830296,2.3251667948010737,1.3285584035126172,1.7381816883124366,1.7059803618422065
81_9,2.9056753686988155,3.0592841757844407,2.562751339169046,3.0268396032382214,2.9416097953513964
81_10,2.0217025755086158,2.182368585734135,2.0019979051153336,2.377629018099404,2.005165637580938
81_11,3.1167748556023622,3.9708855810411863,3.436474089080015,3.2215641067760368,2.991846985646508
81_12,3.0457279276342555,3.1178939348192856,2.996032046237089,3.001808621781356,2.9246930898354377
81_13,3.117720456424041,3.4371962154325284,3.009409749694934,2.9964806782560847,2.998563195750039
81_14,2.046851802542225,2.268915296691871,2.0109478559588427,2.147969333781936,2.0078348808221698
81_15,2.059996128872798,2.2690769177988,2.032817023575718,2.377788828620226,2.222786299572074
82_0,2.9778267452944323,2.8937412149327586,2.3209297589902733,2.947873458069986,2.222788285926983
82_1,3.003040769093299,3.000989938155819,2.997317224115073,3.00028986935819,2.974473812390728
82_2,3.2689134864092027,3.1479885851635343,3.2688949206412063,3.3202354507690006,3.0472986555383144
82_3,2.984814255122836,2.998367795791701,3.0137226721318955,3.046708403995845,2.986566069050658
82_4,3.0291719355325126,3.0018873383319105,3.0064074514490966,3.047278764397201,3.001015933083752
82_5,3.9241379687222206,3.952466140450896,3.7308956604154706,3.9393138137078636,3.679055878573534
82_6,3.3207978895081736,3.4377789229962303,3.119169631594156,3.816340959977007,3.022773145583286
82_7,2.9781919913713453,2.9553700582961797,2.7314664692149266,3.0033569546129093,2.905676389331917
82_8,3.148032724027949,3.0472218590712257,3.011627417304343,3.0291074673727003,3.002424024902639
82_9,3.437800304738511,3.095262473659058,3.5620380581918907,3.817377537121331,3.0292263347509736
82_10,3.881294341498017,3.9877108091681404,3.9399187725793667,3.998279060963994,3.940107928151926
82_11,3.983890254026406,3.962621188646876,3.9628190557740854,4.001803692901044,3.9047323002701813
82_12,3.0103604704283025,2.998328530731721,2.971398327559298,2.98819587264457,2.817803300369582
82_13,2.9731589834935126,2.943496524335962,3.033735366265743,3.0460945046140018,2.972188481729977
82_14,2.4378658051845092,2.2689561266738654,2.133109261564787,2.1197057672127024,2.0257092515680375
82_15,2.0472143307476363,2.095347810898013,2.022980248423176,2.0426522885490597,2.001746991823173
83_0,2.989565980687931,2.9527792044325425,2.8808260212346015,2.9859885429801727,2.984273473132075
83_1,2.148043951288118,1.9973920771725722,2.0154080988951133,2.022795211787097,1.940394843794458
83_2,2.8178009687368926,2.924521787915757,2.3776124512020576,2.5622771033374914,2.268981961586326
83_3,3.001847630762009,2.9801557911210357,2.9048550641637187,2.9047680777586664,2.3208585495892677
83_4,2.9979166982414864,2.731379019932557,2.622693718005041,2.500556150333174,2.0137820881126105
83_5,3.0015974982371345,2.904881888673419,2.731211354716295,2.8520272198524617,2.0533093139741325
83_6,3.182349511057093,3.0598240836377166,3.0173593804071377,3.0291727619736073,2.998524149120584
83_7,2.9634768348163956,2.6226856252976845,2.2691077097341648,2.6226915726965885,2.0014922971859908
83_8,2.0592319581426293,2.007576470631772,1.9984621194946544,1.9838013475648324,1.9787741050733119
83_9,3.047045798592064,3.0109288592092596,2.9981527308347826,3.0056143684079384,3.000292783194896
83_10,3.222646801330499,3.1822668879550484,3.0087971504560542,3.017497431270661,3.0020031207861457
83_11,3.013353820907187,3.024513969473599,2.8814242389503226,2.9930936949670754,2.9404662221446283
83_12,2.9922267008125423,2.9712407824260647,2.9047912969359135,2.940401771755192,2.2226656774894726
83_13,2.62253959735082,2.14804031818147,2.0952715458326794,2.1330899374774788,2.000056742532078
83_14,3.000874179777743,2.925054014034394,2.817775311332856,2.979873156002248,2.3208802595393707
83_15,2.009618474097543,2.0126148990941557,2.0009250104604455,2.007001709469069,1.9531773967192363
84_0,2.060100233828412,2.0370855990544623,2.010900506542843,2.184435528138209,2.06758012945053
84_1,2.6226562254446546,2.1478514375765445,2.1191884658965474,2.6794206554269206,2.0136850350649538
84_2,3.046938157812005,3.007822300689012,2.9878632094435287,3.000539425385932,2.905966364640201
84_3,2.97106801135417,2.984524377763447,2.148044201741168,2.562630070068045,2.0598467786340846
84_4,2.9863165553808644,2.9744735137385256,2.9047807090337443,2.904830714707223,2.8177527766953134
84_5,2.095346599709325,2.0176433987343434,1.9750846538757825,2.0290970321309256,1.996532998661732
84_6,3.059946129166844,3.0282799571391967,3.0086759863483596,3.0154169899164898,2.991792810015781
84_7,2.320843547722924,2.4379008552725616,2.029134863999858,2.053954940131861,1.995641666011481
84_8,2.3776243327153246,2.3779491161753277,2.03073204708011,2.053655878268515,1.9282438991200397
84_9,2.9775755719768067,2.852211670719809,2.562267192232325,2.7776385566279322,2.4379282760892647
84_10,3.182302578737149,3.046994434714381,3.0037973909485327,3.0139785807244293,2.9825668189981203
84_11,3.147961285089151,3.046994434714381,3.0037973909485327,3.006665642730715,2.977649128702786
84_12,2.0066029023613163,2.0126143577007802,2.018466805249864,2.0175421690818216,1.9644274291900334
84_13,2.8522837724023735,2.095022418870353,2.0849263765602295,2.0366513104926107,1.9644234391514737
84_14,2.6792373985736115,2.731230531149273,2.437880352250403,2.182727809975766,2.013628038587922
84_15,2.1480743268496263,2.037253161150153,2.0019612023183284,1.994663377671465,1.9807513465873676
85_0,1.320920467663836,1.0331756447222407,1.085191664531892,1.0099122474853215,1.0053101038477232
85_1,3.8175515957249275,3.8518531178034805,3.006139715341679,3.3203607024009067,3.017433091437567
85_2,2.9984025015203195,2.924628484757499,2.8178048135945026,2.9910013412379413,2.4379579081807727
85_3,3.0175554343001374,3.0047762991918328,2.9872615631065242,2.8810626377719117,2.7778312297518934
85_4,3.4999634798681436,3.036416290843524,3.0127384687355394,3.147866693786114,3.021807911996017
85_5,3.1187760865835084,3.014393231978696,2.983046117466109,2.9999999999999996,2.95312681379791
85_6,3.986045039859752,3.9706700506931942,3.56207593470912,3.679081353033777,3.377462906223154
85_7,3.0755624005424242,3.094188267350375,3.0105045193140128,3.1822657305464204,3.0005394313341673
85_8,2.0100438634899476,1.9879742996915792,1.6890235392927995,1.946748969848714,1.6236565474846443
85_9,2.9948083821127116,3.0057670131503684,2.9254614882268513,2.9747525351094395,2.3778823110263523
85_10,2.222732949114398,2.0599419913358656,2.0052441754677317,2.270607297441315,2.019766722754484
85_11,4.000921415985032,3.999175288101974,3.880735663493023,3.9039389892194656,3.2226235363734235
85_12,3.996059442653857,3.8519160568295674,3.1189993977358452,3.0756973547110094,2.9994605679456927
85_13,2.9048303386625935,2.679514771060567,2.0530814967893276,2.32082605853243,2.1065363774484878
85_14,2.9634768325279777,2.852377471453635,2.269030720305642,2.148129957657839,2.2689627594516457
85_15,2.9981125996131692,2.9247662759378974,2.5000372972689258,2.924345838914527,2.320931339959773
86_0,1.731327804612308,1.9053240870565293,1.1826754550677483,1.3210954620855433,1.0759537785606397
86_1,1.9792547193092218,1.9816461979404383,1.818044969704647,1.998441722492502,1.9402987808033716
86_2,2.9973335011775544,2.985594758205513,2.7777135848161985,2.9533774599408527,2.5624935466321968
86_3,1.9842461994537253,1.9751247986390361,1.7780293626830488,1.9644362483086737,1.269091457295652
86_4,2.320929579098453,2.095239045350338,1.9939357755023577,2.1191831343495844,2.009868523145532
86_5,2.0599057819124047,2.1329681947106445,2.437877895556036,2.059866468654671,2.003778950838957
86_6,2.996642556977559,3.0000000000000004,2.731253099525168,2.963009455361905,2.8178329451070665
86_7,3.0179010736771352,2.9954899314416847,3.0020923851806884,3.0020923358895883,2.9965615818053273
86_8,2.679523776762611,2.0749821264496098,2.041436697173757,2.0230516949070307,1.9912463625636445
86_9,2.982924905590409,2.8816982513200466,2.9711758038839666,2.8523856772258207,2.817994781287436
86_10,2.036345331173692,2.3777790073997878,2.4378980047565055,2.0289221733462646,2.0599793777922315
86_11,2.094694311378417,2.147757495426641,2.3208341637373127,2.095024364097868,2.0280442280115785
86_12,3.4377461858394347,3.9525344450996585,3.094920720120623,3.0595979125467156,3.2226144717113345
86_13,2.046988168133367,2.021996685827334,2.0023691017598093,1.9957940091704574,1.9952743946762586
86_14,1.992268268999931,1.7778185636346255,1.6226229550972586,1.777526584427275,1.1481347829691118
86_15,2.009110215971536,2.094872723456076,2.0058337351993525,2.013410457160609,2.001069137655706
87_0,2.731164986628525,2.679346917417537,2.5312954662859846,2.880985812889829,2.2690204329034662
87_1,2.0104104730507086,2.0261997748091987,1.975984300095004,2.0143046042142103,2.0172333432514615
87_2,2.0459770434198825,2.0289957316854865,2.0121312832387703,2.004362362263449,2.0146326918847204
87_3,2.8536196028500407,2.9074289663942916,2.852970803341802,2.8181258727440452,2.777587240100856
87_4,1.9655211156887993,2.014443267824452,1.9640537162964657,1.99608972446804,1.9936593112704213
87_5,2.9287279062084486,2.925461341525653,2.7807755717898646,2.7314643051028606,2.818060173396511
87_6,3.015254588934222,2.9601380119153227,2.926629332030092,2.885972912230545,2.8547004282608293
87_7,3.0224893117746356,3.0135755859827396,3.002143334594481,3.0031589728189574,3.008007629945699
87_8,2.0466726338893206,1.9787187066010579,1.8825347321811157,1.50497448074797,1.4383739445182395
87_9,3.006876724548717,3.036617330056535,3.001840916265749,3.00458558357435,2.9930925080712143
87_10,2.9973772677367823,2.9059656850228386,2.98689463952725,3.0066486667808814,2.9888936876658363
87_11,2.980194268565868,2.9412350550407296,2.9856071090544183,2.9967157240973377,2.9886011391531038
87_12,3.01036047405146,2.9897510354132097,3.0145806030782247,2.9952587041978576,2.9787231420080134
87_13,2.9458062573187114,2.925461341525653,2.564218414349782,2.881514506837824,2.4383110492623694
87_14,2.622560259483651,2.2227528423128677,2.0046412583681503,2.2690548234925108,2.2690050950993097
87_15,2.268928034729217,2.028455973342243,2.075695018378449,2.047217349849829,2.001656125405825
88_0,2.022960893655967,2.036950073391726,2.0259400528631417,2.0601756067085932,1.9960743462507995
88_1,2.377584524491794,2.26889787073378,2.222706964378593,2.269165767172818,2.0365867540338436
88_2,2.075728176124284,1.9899745397603512,1.9984321091142312,2.0116708592368933,1.9874892353206706
88_3,2.047429632629842,2.017792679913959,2.0109985395625722,2.02265872299489,2.0045625739957313
88_4,2.0351963320392845,2.0346012121301764,1.9612345731474077,2.0019730254602823,1.9736809946256144
88_5,2.679622841993795,2.182532275774843,2.1478742876654757,2.0471129781275668,2.011186371114342
88_6,2.942089624950257,2.56260886738907,2.77766891800935,2.6226497215479005,2.2224635236712524
88_7,2.9944767273320667,2.984581707444258,2.6793110166404572,2.9825019733824374,2.3209236780175106
88_8,1.6232065679562226,1.0111376179491718,1.0032983336922734,1.0150589903401381,1.000521147607222
88_9,2.9399891308844914,2.940174999460038,2.7774135187210494,2.9530065585426475,2.1825361667540872
88_10,2.0600509454543845,2.0336832908228373,1.9856653339772967,1.986681063110025,1.8547676110900309
88_11,2.7789352605104916,2.0916602082857887,2.030738418213279,2.0580358927372315,2.0226959388940644
88_12,2.98664618235844,2.817830760702834,2.1824075281563164,2.0953160305912713,2.0194821090132815
88_13,2.0289314769020437,2.0130879501568324,2.0034707097232816,2.0758415025881702,1.9955509695903608
88_14,1.0954366035654652,1.5625940622232761,1.269166203979186,1.623285984059715,1.2691704161404525
88_15,2.010004624652427,2.00730431416188,1.997626781946131,1.9908090257886324,1.9870211455835232
89_0,1.9973671924754717,1.9939744796479277,1.95440197232889,1.9593484891506379,1.92476542316695
89_1,1.9979066231407436,1.9960897248605043,1.9159809416269769,2.0155087851834543,1.985848286046366
89_2,2.6795128723273516,2.622853769666123,2.2689820332251065,2.81814075107168,2.5001994402875916
89_3,2.0040179896077026,1.9732130104782741,1.9593114047723572,2.0108373379976383,1.9790028971756077
89_4,2.6226051915289843,2.222170159123874,2.03784337274819,2.1827598500409033,2.008907978235984
89_5,2.0040179896077026,1.992701880770118,1.9817331098063877,2.0222853712321576,1.9790028971756077
89_6,1.8184055425327097,1.8211480071631385,1.2704792959347535,1.6248982116852335,1.5634568262490336
89_7,2.0051546132896076,1.9781053281913115,1.9943219127092855,2.0148495959053756,1.9996473875995344
89_8,1.779705555042508,1.3230067524408593,1.043821270715209,1.6843899883562072,1.0060655932123326
89_9,2.0035701715201024,1.9735401765585296,1.9271090053539957,1.9687521137352946,1.8527047014419278
89_10,2.6226051915289843,2.2684790727531685,2.0130348340504898,2.222983517527584,2.008907978235984
89_11,2.881091211323511,2.976595526452732,2.731388779438697,2.9957059081720514,2.562398975170571
89_12,2.3210349086672686,2.1060360539413328,2.106352647690751,2.438027480240182,2.017021879489496
89_13,1.148140598762197,1.0960906978500522,1.0204546808755797,1.8204897442299188,1.0676650826726473
89_14,2.0040336709940756,1.9891646821988351,1.9694457250510071,2.00218382860851,1.819501165244201
89_15,2.0215265002288505,1.9951743765566785,2.0000733013164544,1.9875017173125527,1.975596136581188
90_0,2.022223247302722,2.0035623497000445,1.9950842934083632,2.025128493070667,1.9907704985201082
90_1,2.1478687928508404,2.0752899792112336,2.0009643111032918,2.022676483286042,2.0006630223408632
90_2,3.777266501650884,3.8807586080479326,3.182325994782164,3.621970593398489,3.2226576484987284
90_3,2.11914319763577,2.0471930165886327,2.0188992421229615,2.0756349308682083,2.000058651296235
90_4,2.9528356802251965,2.8521313918174847,2.6792974152957707,2.798442460740394,2.5001496551633053
90_5,2.0177399919077486,2.0074631059400865,1.9161744569636514,1.9968648960178232,1.991668102964705
90_6,2.941609267168367,2.941834605956612,2.7780694169069906,2.924812090736176,2.5623527188191413
90_7,2.9718568724678094,2.8178649094632924,2.679274711846102,2.562388764612696,2.119218100714535
90_8,3.0468733829180707,3.020505304067571,2.990369152564404,3.0045072675372295,2.9538974947742784
90_9,2.9409430935065246,2.5002834838987917,2.2689559347399975,2.378542784868834,2.14804386224182
90_10,2.004344320012606,2.094801853285947,1.8186286484735994,2.0056619969778673,1.8179982826088312
90_11,3.182302584917351,3.0753068725094606,3.0162851335709524,3.2687624866731375,3.0465155805024917
90_12,3.004585991548448,3.0000000000000004,2.9913238468656935,3.0001995352298687,2.7313424441527037
90_13,2.377592095103131,2.222742087687517,2.0292326482683176,2.438153608143328,2.2690134452129125
90_14,1.9939350334519361,1.9900908946512557,1.9481740109415229,1.9908542868639496,1.731261357918101
90_15,2.88109122089888,2.9750747315525192,2.3775759009822077,2.6796126806547442,2.2690356808243837
91_0,1.0025625466073156,1.0046997973872533,1.008687088520351,1.002578136496233,1.0007164497200134
91_1,2.9635427998382315,2.9638418894955807,2.5002208323404362,2.953352748217527,2.94450970054743
91_2,2.991156023854521,2.9643729713475575,2.95360740167463,2.983183479688606,2.8523283579384593
91_3,1.8825263361659383,1.0125708906108442,1.0015924249046535,1.097459263699827,1.0012621873673433
91_4,2.924942834834488,2.9544976615533467,2.8521853722713675,3.009955192019301,2.8180511736177882
91_5,3.112597749073574,2.9495943700983065,2.943974568413742,3.003076159783578,2.9566378175414894
91_6,2.9538971712200817,2.8529722952290757,2.6794878753155444,2.881786122910741,2.6794045622306246
91_7,2.9401747922562995,2.817948435447687,2.3776316878856876,2.5321285512335043,2.32081861062807
91_8,3.182135757315831,3.028142923557643,3.0214763384780436,3.0050748871809376,2.991161748736828
91_9,2.0140172601102573,2.0533757478591155,2.029164198820717,1.997026855500575,2.0060362582429563
91_10,2.9714917509749523,2.9246285799668996,2.182482063847493,2.1826346662418747,2.222586300136465
91_11,3.852131214300114,3.4372800586496144,3.147866147621948,3.6208267924108997,3.377485348295842
91_12,2.9999999999999996,2.8821059531388276,2.881698101895705,2.946586255370425,2.0595550065940564
91_13,2.2228861620832228,2.0109835938822735,1.9903900736816886,2.0096398599894125,1.9063909510785226
91_14,2.6225697949936326,2.003947521224154,2.0287496938303917,2.0364205667397597,2.0021208405937894
91_15,2.0069669745848637,1.9842467473706091,1.98052230836523,1.9271442179887286,1.8524839001918074
92_0,2.881344422663345,2.562666033864564,2.3209098421333074,2.6225813384298986,2.56223273441516
92_1,3.093859853914576,3.1177198713818424,2.986083289383462,3.026140382684266,2.98792382572938
92_2,3.499926378000972,3.222445805657821,3.0467161404753265,3.047219512489829,3.0168166574694393
92_3,1.8185089884953995,1.2232984894234544,1.2229403316173937,1.6235660665408211,1.0374432847432624
92_4,3.562112499076342,3.5621049385850787,3.017074971265621,3.222472180607003,3.075428428319804
92_5,3.679122724123746,3.8517038267015633,3.1164373059283705,3.145300441602799,2.9723728072133024
92_6,3.057910366492369,3.320316263151222,2.9544978089801024,2.9929999625781445,2.942089767535258
92_7,2.9645980136209933,2.818356412095562,2.924323230781545,2.9641736926521944,2.3777718938160333
92_8,1.9867784096799044,1.997194036294249,1.995756010119146,1.9807496303328886,1.9269789470130128
92_9,2.6794506321083373,2.7317263122910305,2.042007845065831,2.6796035527298314,2.0288781671699825
92_10,3.0341575667365577,3.1470335830247533,2.993622493267556,3.033733420692243,2.98293177576529
92_11,3.9905400070576906,3.987795008380613,3.145303832674091,3.9045794201980693,3.5620710704501923
92_12,3.3774507253786776,3.904625149054969,3.3773063042261984,3.3772665580007275,3.007814355044238
92_13,1.3776698292309597,1.0294285322513708,1.1484005696323454,1.3215358002430222,1.0041600881446944
92_14,2.562264723801898,2.623061528196733,2.2689570270341313,2.6226138117865436,2.047099632331417
92_15,2.8810266849318165,2.9779336845547366,2.881091816968231,2.777437095892861,2.148075611739472
93_0,1.0954366031164697,1.5004357270721518,1.2691376791083517,1.2507723209572947,1.0230696853568801
93_1,2.0291313370007753,1.9548324164678772,1.9411308265145935,1.9932375723201263,1.9060205209685437
93_2,3.095282116752886,3.1191053232748485,3.0082070411037174,3.075595189072854,3.003891902372312
93_3,2.0027950741830263,1.9951957757195835,1.819499014265554,2.005769569377592,1.7786213132410083
93_4,2.6792611944672844,2.320877003944926,2.2690109301945878,2.3781599612799567,2.1190350004267295
93_5,2.853424331814341,2.853101336853491,2.562619099174194,2.500369893237765,2.095269068441088
93_6,4.000495877816571,3.998051522757754,3.9709254555905913,4.005852667554499,3.8519772412653226
93_7,3.00578171991575,3.001301480352284,2.9903383769512657,3.02897124302085,2.9910957579683846
93_8,3.0925714210487047,3.0244744091777283,2.5633049454851315,2.8904302670916717,2.1827619560605958
93_9,3.0370653172071616,3.4377120230732863,3.075716247339149,3.009219662626588,3.0471641214910146
93_10,3.9957297859199294,3.995503941604661,3.679118017415708,3.998504487120528,3.9919879489468095
93_11,3.9957297859199294,3.9954161838081705,3.3206002105040566,3.9987059542619825,3.986078946524044
93_12,3.6792165353262534,3.977456712826037,3.0755202860765394,3.561965688525969,3.1479033248951658
93_13,2.9779336605723854,2.9332553895227313,2.8811745118031844,2.9250502612806626,2.8183688373240594
93_14,2.905028988541559,2.973487357176619,2.7776303559313753,2.817858880819553,2.320896124714567
93_15,2.0468518070988186,2.0756756327740833,1.9919456656972088,2.0371595572880135,1.9976332888527695
94_0,1.0294013454520328,1.0294606351138404,1.0029064298427555,1.0199617831400545,1.0015927816500483
94_1,3.0012459308421446,2.963584078731041,2.777568038231571,2.9670987190412603,2.679286511381521
94_2,2.905028967538729,2.8523776343391716,2.3776904935904,2.6227306190266453,2.028480453175473
94_3,2.075573245240965,2.0530866243241546,2.0064385425777025,2.0288341055099357,2.006259294320307
94_4,2.0158538008945315,1.9760194475205075,1.9053235001388351,1.9717499906359424,1.817955517417894
94_5,2.977318883709613,2.852246441678458,2.0758124456371534,2.3796277693982324,2.0599646677831056
94_6,2.995492585400946,3.005098864778313,2.9876371331788767,2.9924753269265136,2.8812246900693124
94_7,2.905273095432003,2.979494540656359,2.9058120518781325,2.940948063588394,2.562455811010557
94_8,2.2662704441481116,1.8351407517769434,1.6319922064511931,1.0295179334819604,1.322603552190485
94_9,2.9991025516540653,3.0212769579186234,2.940621999274762,2.924945114194564,2.9404013312295962
94_10,3.993033021753126,3.9527416839925023,3.268798062695602,3.7308541947443894,3.1478175834224795
94_11,3.993033021753126,3.9526310032658674,3.268798062695602,3.622213283440528,3.182181287809216
94_12,3.022597132157635,3.027987675599032,2.9988790338478375,3.0018086190031066,2.9250509746928235
94_13,2.0095357266385228,2.0100271821054356,1.9543597973574944,1.993664775381218,1.7781609659546365
94_14,2.8811740619258663,2.983183442023519,2.7775546585517,2.320928921801565,2.0952250077270977
94_15,2.8179943870828676,2.438138765220318,2.377674435280899,2.2228580663140036,2.010338131869173
95_0,1.8523774278168206,1.8811420631645517,1.881275015544747,1.3781891538569098,1.1331319144163519
95_1,2.988118963816779,2.9412351921009723,2.622670221812806,2.953127509009706,2.377589273853217
95_2,3.182097683504692,3.499832419575765,3.0594549364721773,3.0945299163011484,3.0131523856059146
95_3,2.9899242084528264,2.8524344637526107,2.6226014592991174,2.8812067797906193,2.1479954511332644
95_4,3.0598252017130387,3.0181499786187556,2.971598964125879,3.000420898335613,2.978192326265484
95_5,3.2687733087128894,3.562084453618283,3.018908016099744,3.0462514863473356,2.987863165532329
95_6,3.3207219808957467,3.8807565791565906,3.3206683818777583,3.2224709651132706,3.036522960935223
95_7,3.008146795663804,3.0225465628171944,3.0127383936224366,3.000610501808936,2.992764150310622
95_8,1.1486433732014196,1.001261586813787,1.0032879770853949,1.011359530960442,1.000475721085193
95_9,3.037260184966554,3.060000860197501,3.01760582623154,3.182255994010852,2.9995744563177866
95_10,2.990939781018307,2.9881191082018854,2.9409442027953854,2.9813693657376223,2.7775222155875556
95_11,3.0950152606912327,3.6223420543540144,3.1474993979782444,3.094908249029822,3.005394467809351
95_12,2.9839402867400655,2.905449292360717,2.9643723746155426,2.8812897632662944,2.679453262773524
95_13,2.8809372843138954,2.6227306194873594,2.6226512747221045,2.9327037535610936,2.4379387975202547
95_14,2.8809999907851944,2.8179455408164027,2.2227202293626522,2.562349686153867,2.0848093006830366
95_15,2.004816081935609,1.987326912676155,1.9974852230126918,2.004758832502465,1.9266891339863976
96_0,2.041933830154358,1.9987506708603688,2.003109293576411,2.011068738659419,2.002673490485642
96_1,2.9532831579706595,2.679584444557482,2.377636831826215,2.8178213447850773,2.562481906198787
96_2,2.904911247506473,2.7776888490179354,2.5001319807651283,2.881118825689235,2.222679267827193
96_3,2.9246929431087216,2.268781334540877,2.182459703938613,2.90515211633053,2.5624265043015737
96_4,3.0035201727995706,2.957784873656241,2.818277548711214,2.984199137019948,2.9768425141846646
96_5,2.8815921771854622,2.377799829549714,2.269070059815041,2.6226419037307487,2.5624265043015737
96_6,3.0455023885704655,3.3197620098087013,2.957785270776187,3.0133769243888446,2.97529486587774
96_7,3.0073713209848725,3.0070733597904367,2.9887374488960337,2.9930039849769665,2.9547537321331663
96_8,2.0593452790475593,2.0358934942754154,1.9987781382721472,2.0219560718638814,1.9644239647135602
96_9,2.9833387506035853,2.7319701002303303,2.7776243356740324,2.731275245068341,2.500118245713468
96_10,2.9833387506035853,2.7319701002303303,2.924693797905339,2.731275245068341,2.500118245713468
96_11,2.9999999999999996,3.0205054577445787,2.9785236986075727,2.980102119033971,2.963583988441749
96_12,2.904945710384587,2.731561536761904,2.9049849323119035,2.679451605107445,2.1479109591755448
96_13,2.95407295080566,2.732282149341418,2.817903758270328,2.562342331714143,2.320907809929478
96_14,2.977575569607737,2.62279108976343,2.437889299092312,2.7311921650858197,2.182250132136911
96_15,1.9918638946908838,1.9861441672187286,1.9970264181504311,1.881284194706966,1.6793785490268778
97_0,1.622691322280621,1.8811421671553623,1.1193048590645507,1.148276801429946,1.2228352967462492
97_1,2.905135877971244,2.731353400624726,2.320455566035701,2.9051926726963297,2.622574897842036
97_2,2.0744178504383144,2.09330419950801,2.072783400939223,2.092799916267839,2.009068259030755
97_3,2.182277633569206,2.3208764827732478,2.022321620732311,2.1470939336774784,2.028738915421462
97_4,1.7775734012472675,1.4383801706526191,1.500681544458644,1.679582693350152,1.377822857653621
97_5,2.622549296681606,2.5623226098846485,2.182312703860372,2.562374559205618,2.622624748167654
97_6,2.8832108834748005,2.624632547145612,2.377610036951195,2.8183688665460935,2.377486492082068
97_7,3.7310293858816963,3.9398911509940313,3.047129087863813,3.0228182131997965,3.004766038233227
97_8,1.4382184999817662,1.119767108443843,1.0077109217449733,1.033596364587553,1.0068030972642374
97_9,3.0080245834786465,3.437685572915932,2.999671701333598,3.0008741571083446,2.9950001552218604
97_10,2.059649354126207,1.9512468546255157,1.9650441883335514,1.9907513232123932,1.9216056383757198
97_11,3.4370605207055314,3.818046686959578,3.021488308267133,3.8173527381252805,3.3199385967880963
97_12,3.8175462566909895,3.9890374076531216,3.777250817376537,3.268871282217885,3.1478661490021422
97_13,2.027861717994738,2.0461558066047543,1.9867824189042667,2.073277454763618,2.0942361832908802
97_14,2.268978048618025,2.147941505532731,1.999441146735498,1.9935526767866634,2.0069199318041964
97_15,2.001486882072479,1.9833899033037508,1.9724408037626107,1.9790040354050167,1.7777310456280975
98_0,2.047316845648597,2.095081207157517,2.0109643311900314,2.005259822988255,1.9750121434450285
98_1,3.1480096395709065,3.0597506257435128,3.0595982248158253,3.047190919307772,3.0090599901347383
98_2,3.679148261768954,3.99030177859785,3.3206393477585308,3.2224231623260944,3.1479477423448
98_3,2.095299396703674,2.0146544566580737,2.0064766813754957,2.010604033709403,1.9756043181396579
98_4,3.92411210848504,3.9819844435633196,3.777233289921088,3.0952558043045704,3.1479042490220768
98_5,2.8522837794119007,2.9529543541075762,2.3208819697924854,2.148451659959229,2.5623600112720606
98_6,3.182199025302141,3.3772770950433264,3.1473475651106164,3.020793461441704,3.0268407685632788
98_7,3.00129972463981,3.095251000281519,2.998899816145309,3.0005394162161756,2.990514283011176
98_8,2.890380892504532,2.834769088535866,3.006338584856906,2.3832083201626495,2.6357677934092045
98_9,2.0292956533049127,2.0146398788062894,1.9907912878508753,2.0373817980189086,1.9976237236635346
98_10,3.0,3.007822217082032,2.971493256639313,2.9717212006354603,2.9251776244600634
98_11,3.7310173335384693,3.7771961327510333,3.268611221518118,3.2223252770023185,3.222372520059773
98_12,3.562149488134605,3.8807194702245886,3.3207788016035584,3.679029603958817,3.0289317234353996
98_13,3.18238311082922,3.32059625593896,3.0592833756325426,3.0286833612712734,3.0364154537535057
98_14,1.8810500025926753,1.9858453901050408,1.9589942504023492,1.5625487640961857,1.2228462447378134
98_15,3.008804259641218,3.0348529419642722,2.998115324029888,3.0020029606452976,2.9809926019704305
99_0,2.047335426216804,2.067400732215236,2.0421707242334857,2.003779962645253,2.0058907277353364
99_1,2.045557014001216,1.989160104066016,2.0131045011643716,2.0224291748831957,2.028758498125353
99_2,2.817902329580837,2.9410803064686912,2.6228372939637383,2.967624614011121,2.7315944019839375
99_3,2.971397420029711,2.8523801123522743,2.893574936321713,2.9943496681995296,2.9745310783263115
99_4,2.9960320079132536,2.99690078675596,2.8822867868117785,2.9887070234538116,2.7775890640323526
99_5,2.500401121186274,2.119107035583529,2.022032999903768,2.4380838723399316,2.059881472674719
99_6,3.0069169747726012,2.9866227221118646,2.6794624753972944,3.0164849434777294,2.9933493224183434
99_7,2.994605493755474,2.963997189162547,2.222882485139226,2.9256490204918855,2.9402098510120456
99_8,2.623735330851623,2.3779308240735224,2.181771110034718,2.0752736567923202,2.0272125577330575
99_9,2.017700611368206,1.9955451218723674,1.9888568680045904,2.011200434196244,2.0065081144420165
99_10,2.11912154797876,2.075686895327345,2.03724436467522,2.1826224981303355,2.017666880514096
99_11,3.00352017301096,2.995492610145408,2.9842762969774532,3.0004764428580746,2.9962718313681287
99_12,2.925460843314706,2.4385488441910885,2.3209841693119637,2.4384920331596844,2.0849702082788855
99_13,2.0223176186609977,2.003861631534179,1.995548001732941,2.0231129080607815,1.9545960279823928
99_14,1.997141185818158,2.0000995407868896,2.002071470086086,1.9947051117792063,1.9529631901480602
99_15,2.1481130045995624,2.1645798495848507,2.0373388900957883,2.0675794530657834,2.0026241589298373
