group,COT1,COT2,COT3,COT4,COT5
0_0,1.0001034183438278,1.0001092985409024,1.000101423470288,1.0001016141376444,1.0001002787543187
0_1,2.000076765655108,2.0000514251164243,2.000052577455783,2.0000525630623884,2.000054808361136
0_2,3.0000000000000004,2.0000255496753963,2.0000535281188614,2.00005209197176,2.0000578708218826
0_3,2.000053374410393,2.0000507678166017,2.00005233550822,2.000051744848469,2.0000526120533646
0_4,2.000058335344749,1.6437808273779835,2.000057609683312,2.0000256542841655,2.000026085513155
0_5,2.0000538221211697,2.000053428091839,2.000051722790651,2.0000529157578746,2.000058738696433
0_6,3.0,2.9999999999999996,3.0,3.0000000000000004,3.0000000000000004
0_7,3.0,2.000084535699512,3.0,2.00006632813005,2.0000534539884733
0_8,1.0001224602810004,2.0000688851066566,2.0000651466320405,2.00007155932288,1.0001893745184287
0_9,2.9999999999999996,2.000073756549529,2.00007378574495,2.000027817696688,2.000054445253741
0_10,2.9999999999999996,2.4385866012426307,3.0000000000000004,2.4106021840785377,2.426762621962826
0_11,2.0000590144207058,3.0,2.0000779527724,2.0000527494204206,2.000059867958168
0_12,2.9999999999999996,3.0,3.0,3.0,3.000000000000001
0_13,3.0000000000000004,2.000058865046254,2.0000519987515464,2.0000518333544783,2.000052168723549
0_14,1.0001195102510752,1.0001472319377953,1.0001119406117853,1.0001082077685557,1.0001018291223642
0_15,3.0,2.0000553956118963,2.0000570103440607,2.0000534294985592,2.0000512976197005
1_0,1.000243633315084,2.0000941235239105,1.000132461905685,1.000125280300719,1.0001020731962151
1_1,3.0,3.0,3.0,1.3864715141139072,2.0000805881432675
1_2,3.0000000000000004,3.0,3.0,2.0000945459732655,2.000073901584023
1_3,2.00005362749578,2.0000516490247433,2.00005261184503,2.000052546433978,2.0000626761287386
1_4,3.0,2.000053082835705,2.000053400473563,2.0000510115121863,2.0000511185014767
1_5,2.0000523694364345,2.000051471860028,2.0000553265202026,2.0000552898016344,2.0000577065559932
1_6,3.0,3.0000000000000004,3.0,3.0,3.0000000000000004
1_7,2.000100130983853,2.0000547009235796,2.000064337818399,2.000059858481675,1.0001535349717567
1_8,2.000097410160676,1.0001063904852847,1.0001049756362852,1.0001049761713248,1.0001026629815792
1_9,3.0,1.4626405988752373,2.0000510694442792,2.0000508211758246,2.0000509358562186
1_10,2.0001538856800347,2.000054182018905,3.0171844506051646,1.4934416445771346,2.000052200072747
1_11,3.9999344250420776,3.999934904801033,3.9999341383246487,3.0000000000000004,3.9999040485531716
1_12,3.0,1.4604070165256633,2.000055381850123,2.0000515836572657,2.0000507174685525
1_13,2.0000803467325365,2.0000576905898044,1.000160651125825,1.0001882435523692,1.0001286532915037
1_14,1.0001753215479698,2.0000843679600084,1.000160650676031,1.398805409636397,1.0001416829636538
1_15,2.9999999999999996,1.4944771954616474,2.0000508129036043,2.0000505159445883,2.0000508327854547
2_0,3.0,2.0000512836194235,2.000050865093861,2.0000515301174966,2.000066234701422
2_1,2.9999999999999996,2.0001004724925635,2.0000893580664187,2.9999999999999996,2.0000589592847615
2_2,3.0000000000000004,2.0000769671624954,2.000057763180887,2.000066281241203,2.0000527528654524
2_3,2.0001222162024654,2.000051405931254,2.000051632092504,2.0000522147637705,2.000059862956648
2_4,3.0,2.000084828454966,2.000060094246142,2.000058839364949,2.0000532576964476
2_5,3.0,3.0,3.0000000000000004,2.000094263639465,2.000059976230974
2_6,3.0,3.0,3.0000000000000004,3.0,3.0
2_7,3.0,2.0000561915020967,2.000053011032312,2.0000512679681295,2.0000521407064236
2_8,2.0000551358745886,2.0000526934379015,2.0000520650564666,2.000050768299691,2.0000520069461265
2_9,3.0,2.0000518221913945,2.000051845441525,2.0000515837586232,2.000053730203186
2_10,3.999861700093946,3.999909951360438,3.0000000000000004,3.0,3.0
2_11,3.0000000000000004,2.9999999999999996,3.0,3.0000000000000004,3.0
2_12,2.000125575182159,2.0001002290411987,2.000061300998616,2.000051271001928,2.0000512576754383
2_13,2.0000542332157756,2.0000569344534593,2.0000542430373316,2.0000525841845302,2.000088987704876
2_14,3.0,3.0000000000000004,3.0000000000000004,2.9999999999999996,2.0000804996006605
2_15,2.9999999999999996,2.000050650300592,2.0000514274883647,2.0000504449004137,2.0000504017789056
3_0,2.000119928246514,2.00005136203557,2.000055984896081,2.0000528282061776,2.0000626410078666
3_1,3.0,2.0000512164793935,2.000054716728815,2.000050633010409,2.000051267473467
3_2,3.0000000000000004,3.0,2.0000737710653893,2.000057704464842,2.0000510735443866
3_3,3.0,2.0000547354722307,2.0000518337658644,2.000050642552611,2.0000507859414847
3_4,2.000074537236094,2.000051118424035,2.000051806152827,2.000056796602405,2.0000523358184004
3_5,3.0,2.0000512982037546,2.0000520969367277,2.00005080817745,2.000050717200624
3_6,2.9999999999999996,3.0,3.0000000000000004,2.0001001784964583,3.0
3_7,2.9999999999999996,2.000054059524384,2.0000571431212486,2.0000521687475454,2.0000544402655858
3_8,3.0,3.0,2.0000627286600476,2.0000551458932456,2.000063375081258
3_9,2.0000932052395495,1.4883538878835256,2.000061265935161,2.0000511957436116,2.0000521997209866
3_10,3.0,2.000077049483934,2.000077224414264,2.000052064847695,2.000061498701162
3_11,3.0000000000000004,3.0000000000000004,3.0000000000000004,1.3852763481082504,2.0000810204050383
3_12,3.9999377026576295,3.9999459401719224,3.9999429474135226,3.0000000000000004,3.0000000000000004
3_13,2.9999999999999996,2.000059895248499,2.0000560497760858,2.0000506326895615,2.000051093719195
3_14,1.0001562171094895,2.0000736211447134,1.0001252800125893,1.0001252817188286,1.0001072416295298
3_15,2.00005876644573,2.0000684397401414,2.000076836738691,2.0000547021805666,2.0000510110359135
4_0,1.0001226343950467,1.000177872790438,1.0001286464116637,1.0001286465312986,1.0001082055028068
4_1,2.0000848456672378,2.000052280595542,2.00005121168165,2.000050659085077,2.000051102552271
4_2,3.0,2.0000538869807882,2.0000537546204846,2.0000511887291292,2.00005213937769
4_3,2.000064407663726,2.000051961268554,2.0000684040395544,1.000199990676211,1.0001687209092642
4_4,2.000054227034894,2.000051270715849,2.0000587178424176,2.000052223167122,2.000054659253436
4_5,2.00009055334822,2.0000523547335156,2.000051591541847,2.00005050596135,2.0000514365655384
4_6,2.000056178330922,2.00006439141012,2.0000547765182626,2.000064361145172,2.0000599925543434
4_7,3.0,3.0,3.0,3.000000000000001,3.0000000000000004
4_8,1.000119868080344,1.0001026614440705,1.000100045211309,1.0001000997790248,1.000100009071399
4_9,2.0001306393520037,2.000051712777933,2.000057806509426,2.0000587036708937,2.0000587969420014
4_10,2.000051296451407,2.000051251315836,2.0000509250031313,2.0000505637617922,2.0000520465152807
4_11,2.000074551291322,2.0000573521288203,2.0000554109221875,2.000052869567982,2.000054113223281
4_12,3.0000000000000004,3.0,3.0000000000000004,3.0,2.0000892137906954
4_13,2.000123941025007,2.00005183308646,2.000054689045224,2.000057671911747,2.0000536447559494
4_14,1.0001431138029848,2.000055272851471,1.0001687285722245,1.000153519712076,1.0001153322844534
4_15,2.0000516147971967,2.0000508354614577,2.0000511324301935,2.0000505892584526,2.0000525190001825
5_0,2.00011056025023,2.0000626677392677,2.000073628630451,2.000062641431926,2.000080325366931
5_1,3.0,1.5358226698116868,3.0,1.4382965355601216,2.0000663990556857
5_2,3.0,2.0000768926819963,2.9999999999999996,2.0000736540786668,2.000059915809487
5_3,3.0000000000000004,2.000062704492174,2.0000663062697455,2.0000504972416917,2.0000537319614065
5_4,3.0,2.0000768962173856,3.0,2.0000942431371294,2.000073825739395
5_5,2.9999999999999996,2.9999999999999996,3.0000000000000004,1.3342128351154177,3.0
5_6,3.0,2.000089384858067,2.0000744376374433,2.0000685170630774,2.000059008979494
5_7,3.0000000000000004,3.0,3.0,2.000061184332802,2.0000599406869077
5_8,2.0001000299637144,2.0000566002512485,2.0000664104959567,2.000056028600387,2.000057751017226
5_9,3.0,3.0,2.0000891747888163,2.000055286082358,2.0000684901001757
5_10,2.9999999999999996,2.000050825455025,2.0000599393041583,1.4865823403337481,2.0000525985660884
5_11,3.9999262648664744,3.0,3.0,3.0,3.0000000000000004
5_12,3.0000000000000004,3.0,3.0,3.0000000000000004,3.0
5_13,2.000120966050023,1.4979010472307996,2.0000547342741366,2.000051539736764,2.000056800505424
5_14,2.0000539964804354,2.0000568741939606,2.00005320172141,3.5420843967980833,2.0000599023168157
5_15,2.0000855504159802,2.000051566880162,2.000058727021477,2.000056772761872,2.0000643396725466
6_0,2.0000708510611167,2.0000598465021744,2.000073617094428,2.000076760453195,1.0001324615944163
6_1,1.00021234775261,2.0000684271046016,1.0001367907475718,2.0000941242900216,1.0001119407662562
6_2,2.000094692195016,3.0,2.0000645093385234,2.000054169634306,2.0000530255206903
6_3,2.000051593049827,1.5792280563088748,2.000051977366524,2.000051527495355,2.000051535981819
6_4,3.0000000000000004,2.0000587327068478,2.0000541799333527,2.0000509808120674,2.0000520480050192
6_5,2.0000684738119503,2.0000598643346432,2.0000508522031932,2.000050838107862,2.0000504446915808
6_6,3.0,3.0,2.000068984634831,2.000060037492033,2.0000855796301575
6_7,2.0000600271747717,2.0000513788725716,2.0000512572818994,2.000050768138331,2.000052523237933
6_8,1.0002048034955702,2.0000587056614756,2.0000767708635148,1.0001882414197425,1.0001324618076683
6_9,2.0000785294921064,2.000056005141573,2.0000843790248455,2.000057674718001,1.0001606608738045
6_10,2.000127513740731,2.0000511835553945,2.00005382464161,2.000052546141727,2.0000578707264003
6_11,2.9999999999999996,3.0000000000000004,3.0,2.000054794230967,2.000084994080072
6_12,2.000083632165214,2.0000578135370652,2.0000578418690154,2.0000505546907217,2.000050921289814
6_13,1.000110820188338,1.000128649080967,1.0001196884156254,1.0001018283358716,1.0001043915390417
6_14,1.0002241790606317,2.000062648356973,1.0001606507932987,1.000147230586292,1.0001153341204732
6_15,2.00005331854755,2.0000525006612113,2.0000517406227116,2.000061155819155,2.0000736193102053
7_0,3.000000000000001,2.000033457557885,2.000053828587792,2.0000187367956666,2.0000519888754202
7_1,2.000052319077091,2.000051845357902,2.000051043952609,2.0000506863160394,2.00005207815068
7_2,3.0,3.0,3.0000000000000004,3.0,3.0000000000000004
7_3,2.0000866161562634,2.000070967060315,2.000052687662734,2.0000282349408005,2.0000515624937867
7_4,2.000051183025055,2.000054188956514,2.000054886567652,2.0000505978825363,2.000051144374357
7_5,3.0000000000000004,2.583902556525907,3.0,3.0,2.0000892134481396
7_6,3.0,3.0,3.0,3.0,3.0
7_7,2.00008147235705,2.000050835396035,2.0000537444120092,2.00005224665456,2.000062675277019
7_8,3.9999209064002144,3.0,3.0,3.0,3.0000000000000004
7_9,3.0000000000000004,3.0,2.000062675092136,2.000054119904493,2.000064368364595
7_10,3.0,3.0,2.0000845048728224,3.0,2.000070900102819
7_11,3.0000000000000004,3.0,3.0000000000000004,3.0,3.0000000000000004
7_12,3.0000000000000004,3.0,2.9999999999999996,3.0,3.0000000000000004
7_13,2.0000587661119535,1.524284793308501,2.0000587386606044,2.000050737195408,2.0000522621323436
7_14,2.000099015904581,2.0000511956426577,2.0000536290158077,2.0000598509786456,2.0000643255008073
7_15,3.0000000000000004,2.000073663537374,2.0000587166810444,2.00005109475049,2.0000547178668846
8_0,1.0001550276213058,1.000128647005981,1.0001082057294879,1.0001063901996385,1.0001005235194778
8_1,2.0000687195258764,2.0001002055611656,3.0,2.000055366760408,2.000051048762613
8_2,3.0,3.9999259964695497,3.9999046365718933,3.0,3.0
8_3,2.000087409474039,2.000051888412889,2.000054002314818,2.000055409980251,2.0000537615401957
8_4,2.0000999074019306,2.000052399795661,2.000054334332798,2.0000599025078953,2.00007677167724
8_5,2.9999999999999996,3.9999224237144055,3.0,3.0,3.0000000000000004
8_6,3.99990753000748,3.999910449841118,3.9999089898394526,2.999999999999999,3.0
8_7,1.000177986159026,1.0001882863549483,1.0001416941564156,1.0001252817877304,1.0001223117826301
8_8,1.0001489528827914,1.0001368034799503,1.0001049828470066,1.000103017086035,1.0001012566637366
8_9,2.0000534490599726,2.0000527207704946,2.000053378409717,2.0000508906915218,2.00005680047021
8_10,3.0000000000000004,3.0,3.0000000000000004,2.9999999999999996,3.0000000000000004
8_11,3.999916609988901,3.9999280113935396,3.9999184889043096,3.0,2.9999999999999996
8_12,3.0,2.0000525678122125,2.0000526278122654,2.00005147185416,2.0000553654615767
8_13,2.0000556051670957,2.000051297315878,2.0000587961377025,2.000088941906386,1.0001535442096665
8_14,2.0000557010087756,2.0000520338378327,2.0000553647999926,2.0000525234944466,2.0000708442374577
8_15,2.000052338947155,2.0000509253251693,2.0000511435160946,1.4964108759894446,2.0000522540208183
9_0,3.0000000000000004,2.000052509190541,2.000058700089073,2.000052827579982,2.000076763575682
9_1,1.0001778963228902,2.0000889457013478,2.627841357383062,1.0001882530788992,1.000132462333515
9_2,2.0000539124947454,2.000054887282852,2.000060200576207,2.000053001014068,2.0000544397291575
9_3,2.000095417945445,2.0000518895575645,2.000051845530903,2.0000514901389934,2.0000525391865267
9_4,2.000052423110809,2.000064460885623,2.000051341318741,2.000050669140381,2.000059910481667
9_5,2.000053857134262,2.0000516274800892,2.000052274832165,2.0000520776617927,2.000055409069359
9_6,3.0,3.0000000000000004,3.000000000000001,3.0,2.000080631575476
9_7,3.0000000000000004,2.0000600381362075,2.0000522473220403,2.000051941880669,2.0000531167641853
9_8,1.0001463724872546,2.000066246662531,2.0000889374801725,1.0001135305419444,1.0001153320699452
9_9,3.0000000000000004,2.0000547959827446,2.0000545943102277,2.0000547012512246,2.000084406830437
9_10,3.000000000000001,3.0,3.0000000000000004,2.0000845716873568,3.0000000000000004
9_11,3.9999168434498222,3.0000000000000004,3.0000000000000004,2.9999999999999996,3.0
9_12,3.0,3.0,3.0000000000000004,2.9999999999999996,2.0000627650746177
9_13,2.0000643625179393,2.000050712814004,2.0000587531308005,2.0000643421624122,2.000064350739352
9_14,2.0000537603005224,2.0000508917345448,2.000054676566552,2.0000576973904582,2.0000736302097093
9_15,3.0,2.000062685903353,2.00005378316785,2.000053661515396,2.0000508905901
10_0,1.0001159815749998,1.0001000677994185,1.0001000686817278,1.0001000262953852,1.000100060349119
10_1,2.0000821507153828,2.000055303610049,2.000059884538903,2.000057674235288,2.0000767687417276
10_2,3.0,2.0000603620100676,2.0000743473333276,1.4724245489566141,2.000057239121854
10_3,2.0000709146238234,2.0000560052311775,2.0000599675234754,2.0000843686011645,1.0001778791757316
10_4,2.0000637132599586,2.000053653702325,2.0000649590237245,2.0000529998280747,2.0000570285273
10_5,2.000071908489896,2.000053531647079,2.0000536660387365,2.0000576872878417,2.0000889409663416
10_6,3.0,2.9999999999999996,3.0,3.0,2.0000912820101533
10_7,3.9999065080151546,3.0,3.0,2.0000524589836988,2.000051763836558
10_8,1.0001609615439977,2.0000845648411736,1.0002003999426028,1.0001416949611952,1.00017802349466
10_9,2.9999999999999996,3.0,3.0000000000000004,1.3475420734727515,2.000057820164305
10_10,2.0001031056630745,2.0000587183555893,2.000076791519457,1.4457871941560305,1.0001367854815175
10_11,3.999930133075766,3.9999367728528505,3.9999249536662167,3.0,3.0000000000000004
10_12,3.0000000000000004,3.0,3.0000000000000004,2.0000738608298656,2.0000602081447347
10_13,1.0001050483471012,1.0001023486227463,1.0001001677330557,1.0001012555195892,1.0001000893737626
10_14,3.0000000000000004,2.0000626673507482,2.0000941378589356,2.000080333870881,1.0001324626447854
10_15,1.0001395350522642,1.0001043903229383,1.000110536978852,1.0001049762435454,1.0001030171694754
11_0,2.000115271600106,2.5862654573442847,1.0001882442431724,1.0001472359040433,1.0001196922910134
11_1,2.000079759968077,2.0000598793348128,2.0000736736558955,1.0001286506414098,1.00016874248353
11_2,2.0000976823860253,2.0000518451912264,2.000054307667779,2.000052554325136,2.0000843804043607
11_3,1.0001733233550518,2.0000708530753264,1.0001472324736889,1.000188242850275,1.0001196898937155
11_4,2.0000948168834665,2.0000508127011742,2.0000512512979505,2.0000541242846754,2.0000684133597293
11_5,2.000055140368699,2.0000525774796523,2.00005996828683,2.000053253625758,2.000062737188161
11_6,3.0,3.0000000000000004,3.0,2.000094366654003,3.0000000000000004
11_7,3.0,3.0,3.0,2.000073742051272,2.000057019611993
11_8,3.0,2.0000709077288117,2.0000560591864263,1.4907255763945038,2.0000511765225726
11_9,2.0001248611614373,2.0000515444269005,2.0000523692157595,1.4941914254087727,2.000052336336558
11_10,2.0000772540591685,2.000060022645509,2.0000561162471677,2.0000526292243346,2.000054438590884
11_11,3.9999063841365965,2.0000664019764898,2.0000647583012796,2.0000612955929835,2.000059072220792
11_12,3.0000000000000004,2.0000942448899357,2.000068503026824,2.0000536572539507,2.000056062506425
11_13,3.0,2.000053730179224,2.000076836518952,2.0000708503512326,1.0001535383186502
11_14,1.000132139827169,1.0001009774609664,1.0001014231128866,1.0001002156274874,1.000100191192713
11_15,2.000090787569162,2.000051198652415,2.00005870393857,2.0000532010420575,2.000059852033777
12_0,2.0000568738294144,2.0000611676802844,2.000061169712821,1.4543485556926803,1.0001999914041204
12_1,3.0000000000000004,3.0000000000000004,3.000000000000001,3.0,2.000073849078021
12_2,3.999885141507071,3.9999255943500502,3.9999103842065864,3.9999054316599856,3.9999189018438948
12_3,2.0000894021812923,2.000073721759974,2.0000628450088476,2.000051471561967,2.0000517136899103
12_4,3.0000000000000004,3.0000000000000004,3.0,2.0000708780901677,2.00006845319598
12_5,2.0000553767133686,2.0000590601033506,2.000056549979182,2.000053632329505,2.0000535347944837
12_6,3.000000000000001,1.49307671715231,2.0000566274580676,2.0000518448277558,2.0000571984520312
12_7,3.0000000000000004,3.0000000000000004,3.0,2.0000553553537674,2.000055035812507
12_8,1.0002228874770787,2.0000527514230058,2.000059177276926,2.0000599099089533,2.0000643979252364
12_9,2.9999999999999996,1.4056997569746856,2.0000570345050708,2.0000511188648646,2.0000511883175904
12_10,3.0000000000000004,3.0000000000000004,3.0,2.9999999999999996,3.0000000000000004
12_11,3.0,3.0,3.0,3.0000000000000004,2.9999999999999996
12_12,3.0,3.0000000000000004,3.0000000000000004,2.0000804249308572,2.000066313119173
12_13,2.000114152732338,2.0000508254431826,2.0000512511908397,2.000050757488446,2.000057687401481
12_14,1.000209215201906,2.000066241160603,1.0001324624514003,1.000122309611721,1.0001092990058391
12_15,3.0000000000000004,2.0000514366670186,2.000053375137861,2.0000519684030293,2.0000532192493683
13_0,1.0001302748598102,1.0001687211235255,1.0001778694644847,1.0001882380787386,2.062679632508711
13_1,2.000077370054074,2.0000509160272797,2.000051144499758,2.000052506806148,2.000056778340384
13_2,3.0000000000000004,3.0000000000000004,3.0000000000000004,3.0,3.0000000000000004
13_3,3.0000000000000004,2.0000627053687445,2.000066292123573,2.0000519962181262,2.0000525858412566
13_4,3.0,2.0000537067388926,2.0000534027563845,2.0000515490275133,2.0000511611578133
13_5,3.0,1.3670988702846172,2.0000844477284696,1.4464893167183628,2.0000521695164863
13_6,3.0000000000000004,2.9999999999999996,3.0,3.0,3.0
13_7,2.9999999999999996,3.0,3.0000000000000004,3.0,2.0000768871639463
13_8,1.0002106009292466,1.0001367887669643,1.000160650115397,1.000128646814307,1.0001416850080378
13_9,3.0000000000000004,3.0,3.0,3.0,3.0
13_10,3.0,3.0,3.0000000000000004,2.9999999999999996,3.0000000000000004
13_11,3.0000000000000004,3.0,3.0,3.0000000000000004,3.0000000000000004
13_12,3.0000000000000004,3.0000000000000004,3.0000000000000004,3.0,3.0
13_13,3.0,3.0,2.0000712639359746,2.000056947487223,2.0000541452044116
13_14,2.0000516655513962,2.0000526698245142,2.0000509866295313,2.0000504894933937,2.000051740777927
13_15,3.0000000000000004,2.000061194684336,2.000053402249884,2.0000541275983923,2.0000512715621976
14_0,2.000106366545829,2.0000561292453978,2.0000643633977355,2.0000598631242568,2.0000889549034913
14_1,2.00005812976625,2.0000589107646674,2.0000604359082383,2.000056136224404,2.000052139496354
14_2,3.0,3.0000000000000004,2.9999999999999996,3.0,3.0000000000000004
14_3,3.0,3.0000000000000004,3.0000000000000004,3.0,2.0000769316756086
14_4,2.0000541388395345,2.0000515570799746,2.0000526855646306,1.4922416394183569,2.0000517403848184
14_5,3.9998711560702542,3.0,3.0000000000000004,3.0,3.0000000000000004
14_6,3.0000000000000004,3.0,3.0000000000000004,3.0,3.0000000000000004
14_7,3.0,1.4319654387446565,2.000094524322573,2.000058793723696,2.0000561834262984
14_8,1.0002037300922562,3.0,2.000066326748523,2.000084385247608,2.000073673991829
14_9,2.9999999999999996,2.0000768817339316,2.0000664987582804,2.0000577147337912,2.0000533562861604
14_10,3.000000000000001,3.0000000000000004,3.0,3.0,3.000000000000001
14_11,3.999922366351602,3.99992274717372,3.0,3.0,3.0
14_12,3.0,3.0,3.0000000000000004,3.0000000000000004,2.9999999999999996
14_13,2.0000519521614404,2.000052751649564,2.000051556304903,2.0000508707614872,2.000050936255541
14_14,3.0,2.000051850298795,2.000052669157062,2.000050825717528,2.0000512117945677
14_15,2.0000546005624527,2.000051094017264,2.000051104220678,2.0000508923544866,2.0000509655130965
15_0,3.0000000000000004,1.4070383105611661,2.0000538854305496,1.4501678033492618,2.000052065628641
15_1,3.999888063767952,3.0,3.0,2.000070976160488,2.000094630477661
15_2,3.999912181813176,2.000074025986678,2.000071402518496,1.4377768562708844,2.0000691457355955
15_3,3.0,3.0,3.0,2.0000663559079688,2.000089506409544
15_4,2.9999999999999996,2.0001008040928916,3.0000000000000004,2.000080508895082,2.0000895106931162
15_5,3.999907813061731,3.0,3.000000000000001,2.9999999999999996,3.0000000000000004
15_6,3.0,3.0,3.0,3.0,3.0
15_7,3.999909224549289,3.0000000000000004,3.0000000000000004,3.0000000000000004,3.0000000000000004
15_8,2.000111417217107,2.0000537083722842,2.00005688819918,1.4802902641910856,1.0002001600944805
15_9,3.0000000000000004,1.5076495455964936,2.0000845438274606,2.000052261733236,2.000055383263091
15_10,2.9999999999999996,2.0000570047535855,2.000061452839421,2.0000572849184897,2.000059949732805
15_11,3.0,2.0000570047535855,2.000061105751214,2.0000552901532633,2.0000549855814826
15_12,3.0000000000000004,3.0,3.0000000000000004,3.000000000000001,2.000057760791384
15_13,3.0,2.9999999999999996,2.9999999999999996,3.0,3.0
15_14,3.999860067123669,3.0000000000000004,3.0000000000000004,3.0000000000000004,3.0000000000000004
15_15,2.9999999999999996,2.0000516487865485,2.0000510091164827,2.000050693426577,2.000052878204566
16_0,2.000060423284501,2.0000709146153137,2.0000542454638426,2.0000577458853583,2.0000514701494074
16_1,2.9999999999999996,2.0000685669822347,2.000073782990004,2.000066282479945,2.000076910623586
16_2,3.0000000000000004,2.0000645999511204,2.0000645856245347,2.0001003013105474,2.0000564672249603
16_3,3.0,3.0000000000000004,3.0000000000000004,3.0,3.0
16_4,3.0,3.0000000000000004,3.0,3.0,2.0001009977565234
16_5,2.9999999999999996,3.0,3.0,2.000080460528496,2.0000571690460625
16_6,2.9999999999999996,3.0000000000000004,3.0000000000000004,3.0000000000000004,3.0000000000000004
16_7,3.9999113161803717,3.0000000000000004,3.0,3.0000000000000004,3.0000000000000004
16_8,2.999999999999999,3.0000000000000004,3.0,2.9999999999999996,2.000068511966562
16_9,3.9999113161803717,3.0000000000000004,3.0000000000000004,3.0000000000000004,3.0000000000000004
16_10,3.0,3.0000000000000004,3.0000000000000004,3.0000000000000004,3.0
16_11,3.0,3.0,2.0000896062989075,3.0000000000000004,3.0000000000000004
16_12,3.999879765252262,3.9999351711642186,3.0000000000000004,3.0000000000000004,3.000000000000001
16_13,2.000056314301331,2.0000548336198953,2.000051941630268,2.000056826275943,2.000051830517523
16_14,3.0000000000000004,3.0,3.0000000000000004,3.000000000000001,3.0000000000000004
16_15,2.9999999999999996,1.4461254960529588,2.000070944433812,2.000070926710856,2.0000526297370818
17_0,1.000197641132961,1.0001778757607271,1.0001153322244833,1.0001687224394662,1.0001105367523722
17_1,2.999999999999999,2.000052885332198,2.0000548804706906,2.0000525841194867,1.0001779047618915
17_2,3.0,2.0000528713446712,2.0000531185998547,2.0000516687758108,2.0000524929613026
17_3,2.000055443974325,1.481110019404823,2.0000603793054257,2.000058942954893,2.0000547424631856
17_4,3.0,2.9999999999999996,3.0,3.0,3.0000000000000004
17_5,3.0000000000000004,2.9999999999999996,3.000000000000001,2.9999999999999996,2.9999999999999996
17_6,2.9999999999999996,2.0000617113411465,2.0000673782793643,2.0000618599751925,2.0000571819551283
17_7,2.9999999999999996,2.0000947068751724,2.000085194105555,2.000062794843379,2.0000598106833145
17_8,1.0002155833153419,1.3506759549912937,1.000107259318664,1.0001105431521313,1.0001016155919988
17_9,3.999913846716119,1.9102193473206324,3.0000000000000004,3.0,2.0000769368914324
17_10,3.0,2.0000539088295177,2.0000581021723276,2.0000602259645115,2.0000631313432127
17_11,3.0,3.0,3.0000000000000004,3.0,3.0
17_12,3.0,1.443169052654023,2.000054997686259,1.481721747117813,2.000053527087964
17_13,2.0001104702170145,2.000052824540499,2.0000528428194397,2.0000587834191323,2.0000561295555555
17_14,2.0000634708183984,1.494180428885249,2.000055448390418,1.4800869727530437,1.468148430692925
17_15,2.0000630217986415,2.0000663422129232,2.000071022592151,2.00006442209127,2.0000579027721774
18_0,3.0000000000000004,2.0000512681527893,2.0000511891103687,2.0000507872406548,2.000050966484265
18_1,3.0,3.0,3.0000000000000004,3.0000000000000004,3.0
18_2,2.0000827817128637,2.000056861576688,2.000070881607026,2.000070875823651,2.000062698621094
18_3,2.0000972259568535,2.0000525079203073,2.00005660108607,1.4894148468087711,2.000058919353489
18_4,2.000059399992156,2.0000525079203073,2.0000574798579835,1.4900969152239307,2.000058919353489
18_5,3.0000000000000004,2.000052064394908,2.0000515274117294,1.4998869327130966,2.000051347427957
18_6,2.9999999999999996,2.000084480118195,2.0000577997750932,1.4665014829440592,2.0000684521541876
18_7,3.9998980397864528,3.0000000000000004,3.0,3.0000000000000004,3.0000000000000004
18_8,2.0000803971337477,2.0000643448820723,2.0000843803925483,1.4662537014182424,2.0000768263870428
18_9,3.999900540026755,3.9999289215774048,3.999935185616095,3.9999313811753523,3.999939726565837
18_10,3.9999385924385535,3.999931195750397,3.9999384804556537,3.999919360629995,3.9999259452014697
18_11,3.9999385924385535,3.999919116327828,3.9999395986000206,3.9999261981357455,3.999938487250393
18_12,3.99993109095982,3.9999470762974645,3.999942085176982,3.999938821638206,3.999915421910757
18_13,2.000102607077967,2.0000568747058076,2.000066246853974,1.5211570667118661,2.000064345077028
18_14,3.9998708105865752,3.0,3.0000000000000004,3.000000000000001,3.0000000000000004
18_15,2.0000527850075533,2.0000515837764703,2.0000520229610723,1.49988439543025,2.0000536522653456
19_0,2.0000588815141005,2.0000587524340254,2.000061253146021,2.000054695887171,2.0000513149397325
19_1,3.99993908250119,3.9999261282260115,3.999933440712184,3.9999336018572476,3.99992559519078
19_2,4.999830600406282,3.999940996480097,3.9999151473756043,3.9999394409291127,3.9999376635139665
19_3,3.999918955254354,2.9999999999999996,3.999922520102192,3.0000000000000004,3.999915095565875
19_4,3.9998751437450193,3.9999191191164685,3.999933636003847,3.999923074944438,3.999923003891113
19_5,2.9999999999999996,3.0,3.9999104334710256,3.0000000000000004,3.9999050433295333
19_6,4.999852521681328,3.999932850996377,3.9999152555796433,3.99994417565442,3.9999283475188947
19_7,3.9999098848127197,3.9999377414984325,3.9999448664376605,3.9999439759644337,3.999941703067465
19_8,2.000052422252476,2.0000516487922813,2.000051038451715,2.000050475541246,2.000052885380004
19_9,3.9998850426838737,3.9999406434445492,3.9999428501203442,3.9999335517921133,3.999944297763282
19_10,3.0,3.0000000000000004,3.0,3.0000000000000004,3.000000000000001
19_11,3.9999096667927687,3.9999259496836057,4.999830867777478,3.9999312700209764,3.9999311745146104
19_12,3.999931626390439,3.9999331472886244,3.9999338233115527,3.0,3.999932670309875
19_13,3.9999306907776133,3.0,3.999931085642886,3.0,3.0
19_14,3.0,3.0000000000000004,3.0,3.0,3.0
19_15,2.000062819990205,2.000064420524625,2.0000568570230337,1.500656941409013,2.0000514066227426
20_0,3.0000000000000004,1.5001751161365657,2.000051267682118,1.499063655917157,2.000052292414203
20_1,3.000000000000001,3.0000000000000004,2.0000712497794697,2.000089790651859,2.0000852806727036
20_2,3.0,3.0,3.0,3.0,2.0000850155933327
20_3,2.9999999999999996,3.0,2.9999999999999996,2.0000771252977847,2.0001013139296813
20_4,3.999906403718456,3.0000000000000004,3.0,3.0,2.000094933197115
20_5,2.9999999999999996,3.0000000000000004,2.9999999999999996,2.0000664171635507,2.0000582095526824
20_6,2.9999999999999996,3.0000000000000004,2.0000573450844406,2.000066423493736,2.0000593691783655
20_7,3.0000000000000004,3.0,3.0000000000000004,3.0,2.00008058738418
20_8,1.000134779457274,1.0001002777648027,1.0001000593718332,1.000100216687341,1.000100024125785
20_9,3.9999314214152006,3.0,3.0000000000000004,3.9999105445640866,3.0
20_10,3.0,3.0,2.0000629311964158,2.000071286082708,2.000061622720144
20_11,3.9999247099135906,3.000000000000001,3.0000000000000004,3.0,3.0
20_12,3.9999372117757734,3.999922803403734,3.0,3.0000000000000004,3.0
20_13,3.0,2.9999999999999996,3.0,3.0,2.0000666693127647
20_14,2.9999999999999996,2.0000529797848947,2.000052533894323,1.4979762973786397,2.000052143274831
20_15,2.000052063536513,1.4963840197578235,2.0000514550294466,1.4967382363044555,2.0000541134794965
21_0,2.000068375420019,2.000062645311236,1.0001778733169049,1.0001999910581632,1.0001286469596704
21_1,2.9999999999999996,1.442368019394575,2.0000632708386066,1.4671403025297236,2.000054966270939
21_2,3.9998972982793766,3.9999369729624035,3.9999302601436124,3.9999386189117137,3.9999188204750404
21_3,2.000055391874923,2.000051216354021,2.0000628202031545,2.0000576904461616,2.0000612066227754
21_4,1.0001521113638652,1.0001252815271577,1.0001049764935888,1.0001043915748464,1.0001014235775896
21_5,3.0000000000000004,1.8924991726633758,2.0000955958487334,1.8203461583948515,2.000077285257955
21_6,3.9999265296129765,3.9999226766898195,3.9999048638813823,3.9999190872508485,2.9999999999999996
21_7,3.0,2.9999999999999996,3.0,3.000000000000001,3.0
21_8,2.000054735191779,2.0000588748264447,2.0000550342152406,2.000052692782269,2.0000514360233708
21_9,3.0,3.0000000000000004,3.0000000000000004,3.0000000000000004,3.0
21_10,3.0,1.8925458801042208,2.9999999999999996,1.9251511894226763,3.0000000000000004
21_11,3.999940316435713,3.9999405237166896,3.999922291176737,3.9999384372829856,3.9999100199374302
21_12,3.0000000000000004,3.0,3.0,3.0,3.0000000000000004
21_13,3.0,2.00006847851532,2.0000892653764146,2.0000844439033325,2.0000568251019777
21_14,3.0000000000000004,1.000136399829385,2.0000576930629386,2.000053213450523,1.000168723755418
21_15,2.00005117630805,2.000050492205501,2.0000508650461004,2.000050512862879,2.0000546520900295
22_0,3.0,2.0000523194768984,2.00005258488845,1.4896306696118562,2.0000546716562115
22_1,3.0,3.0000000000000004,2.0001022003540245,2.0000686617341334,2.0000960429673693
22_2,2.0000577122354897,1.4949655252454985,2.0000536698117517,2.0000511462218027,2.0000523195245066
22_3,3.0000000000000004,3.0,3.0000000000000004,2.000100596978719,3.0
22_4,2.000137537494799,2.000066316032218,2.0000684777579933,1.000168740931211,1.0001688277058076
22_5,2.000056413025702,2.0000521402649163,2.0000533768362123,2.000053044663637,2.000053667528785
22_6,2.9999999999999996,2.0000849922664408,3.0,2.000073972891526,3.0
22_7,2.00005915470676,2.0000578408209786,2.000068859347797,2.000061249474185,2.0000546697967225
22_8,2.0000685950330706,2.0000600244287225,2.000064446890827,2.0000803584616547,2.0000767917160314
22_9,3.0,3.0000000000000004,3.000000000000001,3.0,3.0000000000000004
22_10,1.000168762555287,1.0001196907638226,1.0001472411704555,1.0001882546827014,1.0001472526491486
22_11,3.9999244957474223,3.0,3.0000000000000004,3.0,2.9999999999999996
22_12,2.9999999999999996,2.0000577176893017,2.0000568616181953,2.0000576972773763,2.0000643696036344
22_13,3.0000000000000004,1.3616022828446874,2.0000946494704657,2.0000627459552276,2.0000562854973487
22_14,2.9999999999999996,2.000052007846077,2.0000554183119528,2.0000516491857785,2.00005136292395
22_15,3.0,2.0000511094300384,2.000053533810565,2.0000511888302226,2.000052628825213
23_0,2.000076384933071,2.0000515485034387,2.000052506728284,2.0000708407621217,2.000064328349057
23_1,3.0000000000000004,2.000052753628232,2.0000545452426843,2.0000515444089118,2.0000535330777236
23_2,2.9999999999999996,2.0000577753395987,2.000064527797624,2.000054789444836,2.000064661249424
23_3,2.000082564564031,2.000055295951866,2.0000626858318946,1.000168729103685,2.000084386175788
23_4,2.0000543303699687,2.000053530586459,2.000054004037229,2.0000522234291678,2.0000535321537902
23_5,2.0000611807323865,2.0000541763154946,2.000055640288726,2.000059120335886,2.0000943254533614
23_6,3.0,2.0000600644656363,2.0000614448354885,2.0000538316804155,2.0000665131567192
23_7,3.0,3.0,2.000101158396994,2.000076915947965,2.0000602938590863
23_8,2.9999999999999996,1.0001537697503804,2.000072195646568,1.000160817697029,1.0001419040567783
23_9,2.9999999999999996,3.0000000000000004,2.0000951484671474,3.0,2.000100808936254
23_10,3.0,2.0000549862902206,2.0000616456962437,2.0000579646888728,2.000066614476077
23_11,2.9999999999999996,3.0000000000000004,3.999908967000161,3.0,3.0000000000000004
23_12,2.9999999999999996,2.0000946615040527,3.0,2.0000769530550375,3.0
23_13,3.0000000000000004,2.0000518042402065,2.0000552151657467,2.00005125768123,2.000054332014502
23_14,1.0001082055623172,2.0000843690314163,1.0001173740513485,1.000107241641326,1.0001092991496703
23_15,3.0000000000000004,2.000051631979796,2.000051093659725,2.0000514064794785,2.000052878210488
24_0,3.999930102130776,3.9999416634337543,3.999930536436213,3.9999259457161185,3.999919105160172
24_1,3.0,3.0000000000000004,3.0,3.0,2.9999999999999996
24_2,2.9999999999999996,3.0000000000000004,3.0000000000000004,3.0000000000000004,3.0
24_3,3.0,3.0,2.000081624522175,3.0,2.000054692162124
24_4,3.0000000000000004,3.0,3.0000000000000004,3.0,3.0000000000000004
24_5,3.0,3.0,2.0000849032081964,2.000056843583665,2.000071062692732
24_6,3.999918067662237,3.0,3.0,3.000000000000001,3.0000000000000004
24_7,2.9999999999999996,2.0000846397099608,2.0000566195322698,2.0000577555824135,2.0000542562809973
24_8,3.0000000000000004,2.000098051687294,2.000065979019216,2.0000559857302806,2.000059961116595
24_9,2.0001265683458445,2.0000644321516914,1.0001536230177903,1.0001606851451157,1.0001473234036193
24_10,3.0,2.9999999999999996,3.0,3.0000000000000004,2.0000848109044207
24_11,3.9998942577628087,3.9999438120855677,3.9999097902625675,3.9999350259041684,3.9999327772941045
24_12,3.0,3.0000000000000004,2.000068829091053,2.0000600034734575,2.000055151805162
24_13,3.0,3.0,3.0000000000000004,3.0,3.0
24_14,2.000075391648802,1.5936464994590525,2.0000528854395507,1.4905517902431495,2.0000525630264896
24_15,3.0,2.0000526487973267,2.000051764808341,2.0000507589720997,2.00005081311823
25_0,3.0,2.0000516077943487,2.0000516662604304,2.0000510692234643,2.000053246748044
25_1,3.0000000000000004,3.0,2.9999999999999996,3.000000000000001,2.0000947442169412
25_2,2.0000618356176436,2.000066520650115,2.0000531138916178,2.000060111797183,2.000053911642433
25_3,3.0000000000000004,2.000054229842178,2.0000516287672285,2.0000511457331744,2.000051146001168
25_4,3.0000000000000004,2.0000600275505245,2.000063147970833,1.4732403494856185,2.0000599510330663
25_5,3.0,2.0000587710759032,2.0000548849467275,2.000055368131245,2.0000512682957705
25_6,2.9999999999999996,3.0,3.0,3.0,2.0000644506802203
25_7,3.0,3.0,3.0,3.0,2.0000891358128996
25_8,3.0000000000000004,2.0000670431518457,1.0001093321425316,1.0001286951174742,1.000103429727344
25_9,3.0000000000000004,3.000000000000001,3.0000000000000004,3.0000000000000004,2.0000599555503307
25_10,3.0000000000000004,2.9999999999999996,2.0000710042355165,2.9999999999999996,2.000064607431195
25_11,3.0000000000000004,3.0000000000000004,3.000000000000001,3.0,2.9999999999999996
25_12,3.0,3.0,2.0000684673924987,2.0000587608323035,2.000053696916928
25_13,3.0000000000000004,3.0,3.0,3.0,3.0000000000000004
25_14,2.000076929984004,2.000100278065263,2.0000587757428803,2.000057735295069,2.000059899890938
25_15,2.0000531156438526,2.0000514689217552,2.0000523544951547,2.0000512116994713,2.000051354901658
26_0,2.000079329168845,2.0000803511940273,2.0000626614693617,1.0001687265223234,2.382521502549347
26_1,2.9999999999999996,3.0,3.0000000000000004,3.0000000000000004,3.0
26_2,2.9999999999999996,2.9999999999999996,3.0000000000000004,2.9999999999999996,3.0000000000000004
26_3,2.000054135650664,2.00005353622457,2.00005365066821,1.4898137362296155,2.000056267463237
26_4,2.9999999999999996,1.5429654374954445,2.0000519144347146,2.000051296528964,2.00005106898539
26_5,3.0000000000000004,3.0,3.000000000000001,3.0,2.9999999999999996
26_6,3.9999104676800363,3.99992616802022,3.0,3.0,3.0000000000000004
26_7,3.0,2.0001004344217543,2.0000648309750586,2.0000545979516304,2.000053296978283
26_8,2.00009151767185,2.259778941982902,2.0000562673439557,2.277578471947552,2.0571814645383335
26_9,3.999921898693721,1.000114010343965,3.0,2.0001003735175846,2.000068748134759
26_10,3.999940382586134,3.999942583599171,3.999919154928364,3.999922991442143,2.9999999999999996
26_11,3.0,2.9999999999999996,3.0,3.0000000000000004,3.0
26_12,3.999880135215816,2.9999999999999996,3.0,3.0000000000000004,2.9999999999999996
26_13,1.000188598769094,2.0000548535979967,2.0000612950621925,2.0000587532324388,2.000094159925773
26_14,2.000084375142918,2.000064341913421,2.000070855126437,2.000064333181335,1.0001606536302343
26_15,3.0,2.0000944138247934,2.00010020289795,2.000057769796577,2.0000529803033884
27_0,2.9999999999999996,2.0000506292084705,2.0000513623638123,1.4979597956649695,2.000051618218197
27_1,3.0000000000000004,1.4451506795182405,2.0000645282434895,1.4794150035315554,2.0000515942716177
27_2,3.0000000000000004,2.0000686293784544,2.000063205422708,1.4891516570598984,2.000053832395812
27_3,2.0000779718836728,2.0000526468599675,2.0000568400670216,2.0000843661917944,2.000088945297564
27_4,3.0,2.0000517303600565,2.000051627920662,1.4914552598155906,2.0000542264986145
27_5,3.0,1.492949736868188,2.000053997940997,2.0000510486908927,2.00005428359577
27_6,3.0,2.0000686249700874,2.0000686921117006,1.475479875979299,2.0000712452996794
27_7,3.0,3.0,3.0000000000000004,2.0000844285876322,2.0000578008645786
27_8,1.0001688890901312,2.000076805079668,2.0000768839564778,2.0000843712299536,1.0002000147546115
27_9,2.0000617113411465,2.000060009152783,2.00006485334574,2.0000508593484945,2.000052370002737
27_10,3.0,1.8845973230463764,3.0000000000000004,1.4054957742606853,2.000084918401104
27_11,3.0,2.9999999999999996,3.0000000000000004,1.3335256648834986,2.00008990602409
27_12,2.9999999999999996,2.0001003314993495,2.0000846780959396,2.0000521182789055,2.0000522129165743
27_13,2.000070403292547,2.0000535336499707,2.000056475795254,2.0000611821272543,1.0001535509592037
27_14,3.0,2.0000643800453366,2.000066300186747,2.000052546851075,2.0000542486279898
27_15,3.0000000000000004,2.000051688711612,2.0000519726938513,2.0000506779963434,2.000051211484801
28_0,1.0002005275355548,2.0000941232575613,1.0001999989633334,1.0001472312929587,1.0001324615242153
28_1,3.999921710315445,3.0,3.0,3.0000000000000004,3.0
28_2,2.000073645593233,2.0000548295312846,2.0000555659271138,2.0000560287847127,2.000058772727904
28_3,2.0000664850995706,2.000070898615435,1.000200030623142,2.0000662705839387,2.0000736909716923
28_4,1.0002121951912053,2.0000626554851504,2.0000736271366293,1.4083777692516268,2.000080336045408
28_5,3.9999360467842884,3.0000000000000004,3.0,3.0,2.0000711816854464
28_6,2.0000904263702997,2.000054265953978,2.0000520913105886,2.0000510940649336,2.0000516083787345
28_7,3.0,2.0000588361872706,2.0000526643890235,2.000052999864219,2.0000578466490437
28_8,1.000185768444451,1.0001223117227003,1.0001153333915973,1.0001093014618172,1.0001034197270002
28_9,2.9999999999999996,2.000057340411221,2.0000547068411865,2.000051887066458,2.0000589191443354
28_10,2.0000736539114823,2.0000547583997905,2.0000548541519967,2.0000536958269386,2.0000662585575566
28_11,3.999937880488864,3.0,2.9999999999999996,3.0000000000000004,3.0
28_12,2.9999999999999996,3.0,2.000068563322428,2.0000512408919864,2.000051887751447
28_13,3.0,2.0000518062181003,2.000053081774847,2.0000587968050114,2.0000684590500275
28_14,1.0001042199055432,1.0001135301480117,1.0001063897466491,1.000106391582874,1.0001012554606608
28_15,2.0000694555888807,2.0000517944056324,2.0000576788243976,2.0000586981691146,2.000080330055358
29_0,2.000056078818892,1.0001322206167333,2.000054119254545,2.0000546679131355,2.000064329052776
29_1,3.0000000000000004,2.0000599281168685,2.0000527513752684,2.000050863639911,2.0000519409033286
29_2,3.9999104783150825,3.0000000000000004,2.9999999999999996,3.0000000000000004,3.0000000000000004
29_3,3.0,2.0000543370744586,2.0000537831979135,2.00005069443935,2.0000510946491734
29_4,2.0000535781117623,2.000053459793964,2.000051668358553,2.000050523233563,2.0000512670212576
29_5,3.0000000000000004,3.0,2.000066332678748,2.000062673899501,2.000059892763017
29_6,2.0000770631975757,2.000068466714712,2.0000600243374906,2.000061206229237,2.0000568608369576
29_7,2.9999999999999996,3.0000000000000004,2.9999999999999996,2.0000553691145484,2.0000579150135502
29_8,2.0000535298295743,2.0000543371461803,2.0000528421462023,2.0000527517686724,2.0000529781281537
29_9,3.999909021890713,3.0000000000000004,3.0000000000000004,3.0,3.0000000000000004
29_10,3.0000000000000004,3.0,3.0000000000000004,3.0,3.0000000000000004
29_11,2.9999999999999996,3.0,3.0,3.0000000000000004,3.0000000000000004
29_12,3.0000000000000004,3.0,3.0,3.0000000000000004,2.0001003489671816
29_13,3.9998923158877804,3.0,3.0000000000000004,3.0,3.0
29_14,3.000000000000001,2.000051535899004,2.0000517136600213,2.0000508081478308,2.0000509789644787
29_15,2.000066295788109,2.000059865491178,2.0000843734099876,2.000068395541345,1.0001324625732593
30_0,2.000096152039248,2.0000520454900688,2.0000515440931648,2.000050762226407,2.000053335289355
30_1,3.999894128167584,3.0000000000000004,3.0,3.0,3.0
30_2,3.0,3.0,2.0000891072782156,3.0,2.0000845362362796
30_3,2.9999999999999996,3.0,3.0,3.0000000000000004,3.0000000000000004
30_4,3.9998837046396623,3.0,3.0000000000000004,3.0,3.0
30_5,3.0000000000000004,3.0,3.999904773285097,3.0,3.0000000000000004
30_6,3.0,3.000000000000001,3.0,3.0000000000000004,3.0000000000000004
30_7,3.0000000000000004,3.000000000000001,2.0000805295622315,2.0000643631435144,2.00005476267892
30_8,1.0002346676304539,1.0001286588684575,1.0001056415356002,1.000106389985697,1.0001003150975079
30_9,2.000064659245707,2.000052234448857,2.0000643978009554,2.000064334422914,1.0001778819771512
30_10,2.9999999999999996,3.0000000000000004,3.0,3.0000000000000004,3.0000000000000004
30_11,3.0000000000000004,3.0000000000000004,3.999904829676404,3.0,3.0
30_12,3.0000000000000004,2.000062792018444,2.0000685075321694,2.0000510384159895,2.0000508163900586
30_13,3.999938110624656,3.0,3.0,2.9999999999999996,3.0000000000000004
30_14,2.000052368560129,2.0000532035391068,2.0000516647408038,2.000050987171347,2.000051849911335
30_15,2.000066816796301,1.5562108294888433,2.000055088957256,2.000052400481393,2.0000523394180307
31_0,2.0001034204032053,1.0002000008431822,1.0001173765536726,1.0001252813367394,1.0001038751555933
31_1,3.9999372591110505,3.9999331760837036,3.9999255676374506,3.0,3.0
31_2,3.0,3.9999146268827785,2.9999999999999996,2.9999999999999996,3.0
31_3,3.0,3.0000000000000004,3.0000000000000004,3.0000000000000004,2.000077479995426
31_4,2.0001132786121567,2.0000533101085183,2.000059177734938,2.000061296438828,1.000160696180641
31_5,3.9999307744195893,3.9999259617602525,3.999918748124679,3.0,3.0000000000000004
31_6,3.0000000000000004,2.0000601073703255,2.000060728053143,2.0000807273253036,2.00005367000839
31_7,3.0000000000000004,2.9999999999999996,3.0000000000000004,2.0000627402935724,2.0000529799577604
31_8,1.0001379414828448,1.0001883092314068,1.0001417352456807,1.0001252914318104,1.000108208078017
31_9,3.0000000000000004,2.000062736812385,2.0000569865169537,2.0000520971454203,2.000052370532964
31_10,2.000111899380814,1.0001606578327182,1.0001687407456086,1.0001367851354692,1.0001135310766502
31_11,3.9999352800591943,3.9999375446401038,3.9999395149700105,3.0,3.0
31_12,3.999902621095663,3.0000000000000004,3.0,3.0000000000000004,3.0
31_13,3.0,3.0000000000000004,2.0000541910367775,2.0000662753334693,2.0000612150621127
31_14,2.0001079368519785,2.0000518452686795,2.000056078991383,2.000054689271846,2.000066249218903
31_15,2.0000516663380297,2.0000513474634367,2.000052142595541,2.0000506946420185,2.000053280135821
32_0,2.000063150216933,2.000051972729659,2.0000525047559887,2.000050566712104,2.000061158395578
32_1,3.0000000000000004,2.9999999999999996,2.0000628761075445,2.0000560697952583,2.000055615954509
32_2,3.0,3.0,3.0,3.0,3.0000000000000004
32_3,2.9999999999999996,2.0000846894343276,3.0000000000000004,2.000066465455841,2.0000584320335255
32_4,3.0,3.0,3.0000000000000004,3.0000000000000004,3.0000000000000004
32_5,2.0000988719426993,2.000051188502373,2.000051805115566,2.0000508259974654,2.000053051314936
32_6,3.999920195626406,3.0,3.0,3.0000000000000004,2.9999999999999996
32_7,3.999940281761892,3.9999448441960337,3.99993301285373,3.999915289176951,3.0
32_8,3.999901335552805,3.999904897332327,3.9999093169412476,3.0,3.0000000000000004
32_9,3.0,3.0,3.0,3.0000000000000004,3.000000000000001
32_10,3.999930310391187,3.9999381185759177,3.9999303543399565,3.9999332773880036,3.999937259080936
32_11,3.999916214247546,3.999935060072379,3.999938404660024,3.9999332773880036,3.999938547053043
32_12,2.9999999999999996,3.0,3.0,2.000054598338442,2.0000603216379074
32_13,3.0000000000000004,2.9999999999999996,2.0000899771024874,2.0000663527310927,2.000066754288378
32_14,2.000108023112969,1.471602857797084,2.00005285567548,2.000050859330593,2.0000509865578473
32_15,3.0000000000000004,2.000080451262987,2.000073815120953,2.000064355567521,2.0000537471470143
33_0,3.0,3.0000000000000004,2.0000578774846254,2.000058733570772,2.000056914982108
33_1,3.9999341507989876,3.0,2.9999999999999996,3.0000000000000004,2.0000710763778144
33_2,3.999903682671202,3.0000000000000004,3.0000000000000004,3.0000000000000004,3.0000000000000004
33_3,3.999912186964956,3.0000000000000004,3.0000000000000004,3.000000000000001,3.0
33_4,3.000000000000001,2.0000944847659623,2.000068533757008,1.4797005657629267,2.0000548135049163
33_5,2.0000570719970425,1.4818749644614257,2.0000516681439318,1.4963755879311895,2.0000517648977354
33_6,3.9999107406894208,3.0000000000000004,3.0000000000000004,3.000000000000001,3.0000000000000004
33_7,3.999891302201231,2.9999999999999996,3.0,3.0,3.0
33_8,3.9998761217537795,3.0,2.9999999999999996,3.0000000000000004,3.0000000000000004
33_9,3.9999388761780277,3.0,2.9999999999999996,3.0000000000000004,2.0000667732950146
33_10,3.9999117748276753,3.000000000000001,3.0000000000000004,3.0000000000000004,3.0
33_11,3.999943259760964,3.999947074432056,3.999944511926045,3.9999387770006174,3.9999229866207826
33_12,3.999914919681075,3.9999193688187855,3.9999311848123185,3.000000000000001,3.0000000000000004
33_13,3.0000000000000004,3.0000000000000004,3.0,2.0000708870421278,2.00009442903116
33_14,2.9999999999999996,3.0,3.0000000000000004,3.000000000000001,2.9999999999999996
33_15,2.9999999999999996,3.0000000000000004,3.0,3.0,2.0000845876151647
34_0,2.000080340766593,2.000068397830457,2.0000803277629178,1.0001882414385652,1.0001416820356857
34_1,3.0,2.0000533738798776,2.0000522650051518,1.4965532310712049,2.000058950136601
34_2,3.0,3.0000000000000004,3.0,3.0,2.9999999999999996
34_3,2.9999999999999996,2.0000890298208223,2.0000547479347284,2.0000536526706187,2.0000513342384743
34_4,2.0000758067643547,2.0000551536891518,2.000058222927241,2.000055449689808,2.0000612302954055
34_5,3.0,2.000062755843018,2.000057800763432,2.0000529603797568,2.00005152756713
34_6,3.0000000000000004,2.0000649738463454,2.000057484249985,1.4659152520858456,2.0000555678285274
34_7,3.9999182594087985,3.0000000000000004,2.9999999999999996,3.0,2.9999999999999996
34_8,2.0000602251780033,2.0000542338771248,2.000062871537476,2.00005692494151,2.0000844279266037
34_9,3.0,3.0,3.0,3.0,3.000000000000001
34_10,2.9999999999999996,2.0000685994621517,2.0000548276663164,1.4864024235807378,2.0000522480730174
34_11,3.0000000000000004,3.0000000000000004,2.0000617214158476,2.000066804756975,2.00006554382278
34_12,3.0000000000000004,3.0000000000000004,2.0000664686866334,2.000051146299184,2.000051470280497
34_13,3.0000000000000004,3.0,2.9999999999999996,2.0000560119720703,2.0000518893015524
34_14,3.0000000000000004,2.000089370661425,2.0000686310913713,1.4856004289775484,2.0000528552045047
34_15,3.0,2.0000599036040687,2.000062825692347,2.0000508598610875,2.0000534019345575
35_0,1.0001173781487558,1.0001882882376794,1.0001535277869296,1.0001252820295123,1.0001119410992658
35_1,3.9999181546372293,3.9999192195259146,3.9999048669349704,3.0,3.0
35_2,2.9999999999999996,3.0,3.0000000000000004,2.000066736981492,2.0000649109165556
35_3,3.0,3.0,3.0000000000000004,3.0,2.000065387448698
35_4,3.0,3.000000000000001,3.0,2.000101377417596,2.0000672431469684
35_5,3.0,3.0,3.0,2.0000718883019877,2.0000612254512933
35_6,3.0,3.0000000000000004,3.0,3.0,3.0000000000000004
35_7,3.0,3.0000000000000004,3.0000000000000004,3.0,3.0
35_8,1.0002005101178817,3.0,2.0000803978765735,1.0002000387639027,1.0001687592899837
35_9,2.0000954952431513,2.9999999999999996,3.0,2.0000645351912603,2.0000630982235097
35_10,3.0,2.0000954964673148,2.9999999999999996,3.0,2.0000576022398127
35_11,3.0000000000000004,3.0000000000000004,3.0,3.0,3.0000000000000004
35_12,3.9999153866451875,3.9999395488945826,3.99992607981075,3.9999151708749316,3.0
35_13,2.9999999999999996,3.0,3.0,3.0,3.0000000000000004
35_14,1.0001253026616217,3.0,1.0001196937691514,1.0001082054070491,1.0001056393072092
35_15,2.0000904090556557,3.0,2.00007400695299,2.0000685769397086,2.0000550489844535
36_0,1.0001920564348719,1.0001535228130154,1.0001092984589321,1.0001153325450924,1.0001023495287031
36_1,3.0000000000000004,2.0000664428579773,2.000062821794958,2.000054404160252,2.000055838011661
36_2,2.9999999999999996,2.0000526511456793,2.000055313354917,2.0000529786287786,2.0000685969879495
36_3,2.0000717022925967,2.0000602162194014,2.000074230440793,2.0000528276877456,2.0000541866617603
36_4,3.0000000000000004,2.0000573376877413,2.0000551503153767,2.000052422985837,2.000054659897571
36_5,2.9999999999999996,2.0000564735843698,2.0000817973326934,2.000055571475402,2.000056481934794
36_6,2.9999999999999996,2.000056619120666,2.000054433131749,2.000052212946126,2.00005282560171
36_7,2.000056829607045,2.0000523174444114,2.0000538787499966,2.000053426554801,2.000068550837497
36_8,1.0001253961600687,2.0000845435315777,1.0001884323111248,1.0001882967177338,1.0001197094062182
36_9,2.0000617685638433,2.0001004805471188,2.0000806000559193,2.0000533203534028,2.0000524955418117
36_10,2.000090186761988,1.4230191778635082,2.0000774356303417,2.0000540571164063,2.0000560014295052
36_11,2.999999999999999,2.000081252769038,2.9999999999999996,2.9999999999999996,2.9999999999999996
36_12,2.0000604344838493,2.0000644442022977,2.0000628215392866,2.00005235547834,2.0000523178558725
36_13,3.0,2.000051044149325,2.0000510604978063,2.0000506289698143,2.000052859466
36_14,2.0000948135831984,2.0000567862486625,2.0000684269561235,2.000084362830939,1.0001416867563424
36_15,3.0,2.000055453462511,2.000053534145138,2.000050966621716,2.0000510444656845
37_0,2.000094127470295,2.0000643330153642,1.000199988944438,1.0001416811445591,1.000141688460748
37_1,2.9999999999999996,3.0,2.000057224752717,2.00005383008386,2.00005661780378
37_2,2.0000809224764367,2.000062956197652,2.0000570496479093,2.000053052703036,2.0000540106887046
37_3,2.000053999931312,2.0000523401569854,2.000056307161114,2.0000537515091223,2.000066436300075
37_4,2.0000553234746965,2.000077217640082,2.0000554823226158,2.0000523700799797,2.000055871464919
37_5,2.9999999999999996,2.000089427063602,2.000101176919293,2.0000709748191277,2.0000772645256104
37_6,2.9999999999999996,2.000060682245443,2.0000696913948808,2.00008133651739,2.0000600695849027
37_7,3.0,2.9999999999999996,3.0,3.0,3.0000000000000004
37_8,1.0001223630125777,1.000160662208816,1.0001223135108233,1.000122310414036,1.0001135326512653
37_9,2.9999999999999996,3.0000000000000004,2.0000769762569126,2.000066407313811,2.000057221236525
37_10,3.0,1.4444704288908607,2.000058334826174,2.00006681819004,2.000081567571854
37_11,2.9999999999999996,3.0,2.9999999999999996,3.0000000000000004,2.9999999999999996
37_12,3.0000000000000004,1.0001407247386962,2.0000665118345213,2.0000536903247084,2.0000617322872616
37_13,3.0,2.0000618348014596,2.0000564238248293,2.000053378046227,2.000056369936097
37_14,1.0001472400779945,2.0000889416724856,1.0001324625812065,1.0001324613758666,1.0001135318179768
37_15,2.000052920275824,2.0000509213673134,2.0000510947923864,2.0000515539925443,2.000052261846117
38_0,1.0001105367395506,1.0001535227331884,1.0001882472925243,1.0001135309824236,1.000108207231437
38_1,3.0000000000000004,3.0000000000000004,3.000000000000001,3.0,2.0001011752044975
38_2,2.0000634487088704,2.0000536279188847,2.0000528251368666,2.0000587386782254,2.00006853212944
38_3,3.0000000000000004,2.0000846164515074,2.000084551081142,2.000064350435633,2.000054338004133
38_4,2.999999999999999,3.0000000000000004,3.0,3.0000000000000004,3.0
38_5,3.0,2.9999999999999996,2.9999999999999996,3.0,3.0
38_6,3.999859248011122,3.0,3.0,3.000000000000001,3.0
38_7,3.0000000000000004,3.0000000000000004,2.9999999999999996,2.0000612839172454,2.0000564131988825
38_8,1.0001008615860252,1.0001049756601137,1.0001011077837896,1.000100862420927,1.000100315789195
38_9,2.0000713815282984,2.0000846894851376,2.0000600557933703,2.0000538562997345,2.000057094960106
38_10,3.0000000000000004,2.000052749641116,2.0000536514665033,2.0000522481325773,2.0000563095628956
38_11,3.0,3.0,3.0000000000000004,3.0000000000000004,3.0
38_12,3.0,3.0000000000000004,3.0,3.0,3.0000000000000004
38_13,3.0,3.0000000000000004,2.000101019279699,2.000100239879684,2.000077026861528
38_14,3.0,2.0000511442969278,2.00005268564787,2.000053304082941,2.0000588271593873
38_15,2.0000526505613845,1.4937325528953813,2.000050642552611,2.0000507870022695,2.000051767794512
39_0,3.0000000000000004,2.000052319804929,2.0000534927350024,1.4937158694950325,2.000053801399153
39_1,2.0000596424154975,2.0000634514250297,2.00005921794731,2.0000548587232574,2.0000544341213096
39_2,3.0000000000000004,2.000063478692042,2.00005993081776,2.0000560883902514,2.000055137841014
39_3,3.0000000000000004,2.000052825088903,2.000053999097055,2.0000527462614857,2.0000529097563406
39_4,2.000096981110025,2.00010084965288,2.0000692112301532,1.4679072300380847,2.0000557150922567
39_5,2.0000858341147927,3.0000000000000004,3.0,2.0000649119901355,2.0000577278093643
39_6,2.000071023157461,2.000067020241641,2.0000564574387862,2.00005382533969,2.0000552836921663
39_7,3.0000000000000004,3.0,2.9999999999999996,2.0000709486775943,2.0000770906445164
39_8,2.0001581479487,3.0,1.0002003995598698,1.3864177834243836,1.0001417112986402
39_9,3.0,2.9999999999999996,3.0000000000000004,3.000000000000001,3.0
39_10,3.0,2.0000554588080233,2.0000665289865616,2.0000804080669945,2.0000943844226313
39_11,3.0,3.0,3.0,3.0,3.0000000000000004
39_12,3.0000000000000004,3.0000000000000004,3.000000000000001,3.0000000000000004,2.9999999999999996
39_13,3.0000000000000004,3.0,3.000000000000001,3.0,2.9999999999999996
39_14,3.0,3.0000000000000004,3.0,2.9999999999999996,2.000080683873794
39_15,3.0000000000000004,3.0,2.000077027244329,2.0000737235417447,2.0000599450679224
40_0,2.0000553193805386,2.0000514370244384,2.0000532405677838,1.4718683286018517,2.0000662359512167
40_1,2.000089911280671,2.0000848573199503,2.000074337764524,2.000026495530885,2.000059085374064
40_2,2.0001014014895553,2.000073935846278,2.000061835610842,1.4229403274209245,2.0000567052358904
40_3,3.0000000000000004,2.000059912435885,2.000057816498214,1.4980431909100282,2.000051044227113
40_4,2.000060303425005,1.4895006741692671,2.000053117556819,2.000051373109398,2.0000561743433676
40_5,2.0000688966624653,2.000061498706696,2.0000687950853036,2.00005400580765,2.000052534186033
40_6,3.0,3.0000000000000004,2.9999999999999996,3.0000000000000004,2.0000741099362473
40_7,3.999904124090902,3.0,2.0001010346850685,2.000064600756646,2.0000573620694966
40_8,3.0,2.000059002876209,1.0001537129157057,2.000089199721118,1.0001538850092146
40_9,3.0,2.000074144781452,3.0,2.000057077771616,2.0000619932748864
40_10,2.9999999999999996,2.0000852538179115,2.000074118231345,1.455303276837535,2.000055662250855
40_11,3.999908129901482,3.0,3.0,3.0000000000000004,2.0000847948972638
40_12,3.9998941512781006,3.0,3.0,3.0000000000000004,2.000061371032927
40_13,2.0000630798850785,2.000054792705036,2.0000522005078705,1.4947601442623404,2.000052316843051
40_14,2.000073859120108,2.000073706886775,2.000080484443379,2.000052336366598,2.0000516663678396
40_15,3.0000000000000004,2.000054445450552,2.0000517498369135,2.0000509794355072,2.0000527197402262
41_0,3.0,2.000056823546198,2.0000736432323323,1.4413257984171624,2.0000941237902605
41_1,3.000000000000001,3.0,3.0,2.000094214898822,2.0000804375553374
41_2,3.9998774742735166,3.0,3.0000000000000004,3.0000000000000004,2.9999999999999996
41_3,2.000056699919131,2.0000664781200372,2.000056180732489,2.0000516682692213,2.0000512398964774
41_4,3.0000000000000004,3.0000000000000004,3.0000000000000004,3.0,2.0000685826911826
41_5,3.0,3.0,3.0,2.000068445484215,2.000089194327759
41_6,3.9999374279297433,2.9999999999999996,3.0,3.0000000000000004,3.0000000000000004
41_7,3.0,3.0,2.999999999999999,2.000073767305596,2.0000591664229557
41_8,1.0001043969628274,1.0001190709538748,1.0001135363682168,1.0001196906549092,1.0001286512717666
41_9,3.0,3.0,3.0,2.0000737152569106,2.0000562157885104
41_10,2.000066651247459,2.000094787000369,2.0000556606837763,2.000052078359401,2.0000512677654245
41_11,3.0000000000000004,3.0000000000000004,3.0,3.000000000000001,2.9999999999999996
41_12,3.999906610960205,3.0,3.0,3.0,2.0000946983980348
41_13,3.0,1.0001236003954694,2.000066698372033,2.000070996356351,2.000062887700498
41_14,2.00005329782461,2.0000520068985423,2.000052921538675,2.000050987004473,2.000052400200853
41_15,2.0000542499867677,2.000053651657763,2.000054746283628,2.0000598529273317,1.0001416852531393
42_0,2.000053687071313,3.0,2.0000510094622603,2.000050692806473,2.0000508162410204
42_1,3.0,3.0,3.0,3.000000000000001,3.0000000000000004
42_2,3.0,3.0000000000000004,3.0000000000000004,3.0,3.000000000000001
42_3,3.0,1.0001326923548826,2.0000768261166306,2.0000598626836874,2.000070867920468
42_4,3.0000000000000004,3.0,2.0000711412054293,2.000066278910919,2.0000587937178174
42_5,3.0,2.9999999999999996,3.0,3.0000000000000004,2.000101247765229
42_6,3.9999401326207256,3.9999409978748584,3.999939816916503,3.9999466375631556,3.9999399071605812
42_7,3.000000000000001,3.0,3.0,3.0,3.000000000000001
42_8,3.0,3.0,2.0000550228198866,2.0000532010897234,2.0000587062449853
42_9,3.0000000000000004,3.0,3.0,2.000051527024209,2.0000517506237947
42_10,3.0,3.0,3.0,3.0,2.0000946225012517
42_11,3.999942006930624,3.999928881129554,3.9999385675855628,3.999926188658061,3.0000000000000004
42_12,3.9999159063971343,3.999931481765335,3.999919302328974,3.9999107602702604,3.0
42_13,3.9998926418420684,3.0,3.0,3.0,3.0
42_14,3.0,1.0001514579791244,2.0000524947547853,2.0000502879477113,2.0000547159064648
42_15,2.9999999999999996,3.0,2.000080513688416,3.0000000000000004,2.000055434367143
43_0,2.000057682138565,2.0000528244574096,2.000055978512717,1.5921657176166912,2.0000941203287117
43_1,3.0000000000000004,3.0000000000000004,3.0,3.0000000000000004,2.000076886793374
43_2,3.0,3.0,2.9999999999999996,3.0,2.000071109621853
43_3,3.0000000000000004,2.266319439338317,2.9999999999999996,2.2522559739918195,2.2362650259842876
43_4,3.0000000000000004,2.0000541389880855,2.000052034225314,2.00001691355498,2.0000505668669333
43_5,3.0,3.0,2.000089372917901,2.0000644608611293,3.0
43_6,3.999924646672781,3.0,3.0,2.9999999999999996,3.0
43_7,3.0,3.0,2.0001008482915283,2.0000943197585923,2.0000577504691974
43_8,1.000102822041686,3.0,1.0001002779198058,1.0001002776930872,1.333635603447175
43_9,3.0,3.000000000000001,2.9999999999999996,2.000084383585347,2.0000559834416776
43_10,3.0,3.0000000000000004,3.0000000000000004,3.0000000000000004,3.0000000000000004
43_11,3.999898056077064,3.0,3.0,3.0,3.0000000000000004
43_12,3.999901722234619,3.9999370301772106,3.0000000000000004,3.0,3.0000000000000004
43_13,3.999891126163063,3.0,2.0000945664677214,2.0000769013577533,2.000058861100259
43_14,2.0000804445999134,2.0000171217310587,2.0000525542239207,1.8069418334735696,2.000056810577157
43_15,3.0,3.0000000000000004,3.0000000000000004,2.000080364669186,2.0000612221251677
44_0,2.0001265501864283,2.000061166142012,2.0000708622189878,1.0001606492061788,1.0001367902715668
44_1,2.0000578036013876,2.000025835384038,2.0000526512884633,2.000054199821476,2.0000265429626816
44_2,3.0,2.3712327358561063,2.000080715048404,2.000029791108179,2.0000272357687217
44_3,2.000089199524001,2.0000562676956117,2.000064527951192,2.000029335189451,2.000089003420373
44_4,3.0,2.0000520000981714,2.000054138392044,2.0000253318158974,2.000052319834227
44_5,2.0001530821234907,2.000053457308248,2.0000548804174585,2.0000599675234754,2.0000768273165903
44_6,2.0000689136177074,2.0000275415673543,2.0000581781550695,2.0000535800073083,2.0000531160314754
44_7,3.0,2.4535338684809265,3.0,2.4307543718132756,3.000000000000001
44_8,1.0001101682725875,1.0001002784678246,1.0001004618087121,1.000100078443223,1.0001001487809178
44_9,3.0000000000000004,2.358691080629758,2.000068813922251,2.0000262735044245,2.000026223661106
44_10,2.0000563985554494,2.000052266030402,2.0000553967142864,2.0000256472781373,2.0000545935598666
44_11,3.9999371130321038,2.9900993168808148,3.9999365884092035,3.1951519814465508,3.9999361136837623
44_12,2.9999999999999996,2.453879567930761,3.0000000000000004,2.0000288954758476,2.0000320414255857
44_13,2.0000890589220113,2.0000547077474287,2.000058846714099,2.000028619887096,2.0000288942636266
44_14,3.0,2.000084658208738,2.000060131261193,2.0000560584593203,2.00005199993703
44_15,2.0000532338806214,2.0000522131248957,2.000057028169748,2.000052354465157,2.0000599407762145
45_0,2.000060225857314,2.000061225819854,2.0000613000803784,2.0000508323624433,2.0000255604396315
45_1,2.000053398739218,2.0000517126826822,2.0000534925616935,2.00005289433208,2.0000577756377065
45_2,2.000060122864853,2.000053762028869,2.000058822349513,2.0000532466529495,2.000026283695379
45_3,2.0000561739566827,2.000055377487728,2.0000599400072163,2.000055997542755,2.0000767749575625
45_4,2.0000552044083184,2.0000518901355413,2.0000521396634023,2.000053716763438,2.000026649376022
45_5,2.9999999999999996,3.0,2.9999999999999996,3.0,2.0000952422845564
45_6,2.000060023974962,2.000054833983428,2.0000663625402213,2.000060001822264,2.000056182699322
45_7,3.9998955956419393,3.0,3.0000000000000004,3.0000000000000004,3.0
45_8,3.0000000000000004,3.0,3.0000000000000004,2.9999999999999996,3.0
45_9,3.9999044507364574,3.0000000000000004,3.0,2.000100197695968,2.000059953793143
45_10,3.0000000000000004,2.00006848336419,2.0000849338396236,3.0000000000000004,2.0000895689578773
45_11,3.9999059208415306,3.9999090147036815,3.9999177208758514,2.9999999999999996,3.9999135863826036
45_12,3.0,3.0000000000000004,3.0000000000000004,3.0000000000000004,3.0
45_13,2.9999999999999996,2.0000891539169303,2.0000846779316754,2.0000599632265628,2.0000627922463683
45_14,2.0000514712399236,2.0000512408083133,2.0000509647203666,2.0000508915914943,2.0000528776262647
45_15,2.000053824397526,2.000051729918972,2.0000253722045906,2.00002569766601,2.000026118853114
46_0,3.0,3.0000000000000004,3.0000000000000004,2.9999999999999996,3.0
46_1,3.0000000000000004,3.9999101188306008,3.0,3.0,3.999918979761042
46_2,3.0,3.0000000000000004,2.9999999999999996,3.0,3.0
46_3,3.000000000000001,3.0,3.000000000000001,3.0000000000000004,3.0
46_4,3.9999263315390805,3.9999186869310885,3.9999252611862244,3.999918958251139,3.9999274909344225
46_5,3.0,3.0000000000000004,3.0,3.0000000000000004,2.9999999999999996
46_6,3.9999058914300027,3.0,3.9999086892381497,3.0,3.9999214048496357
46_7,3.999943391297521,3.9999411611834064,3.999939813061838,3.999929068116564,3.9999313849477045
46_8,3.0,2.0000553220441133,2.000064954375665,2.0000804466310345,1.0001475155919028
46_9,3.0000000000000004,3.0000000000000004,2.0000845556940625,2.0000944422294307,2.0000613501854567
46_10,3.999923633760239,2.9999999999999996,2.9999999999999996,3.0000000000000004,3.9999248347441125
46_11,3.9999231444051873,3.9999098480634103,3.9999210931598537,3.0000000000000004,3.9999249423423016
46_12,3.999906783550818,3.9999436775458252,3.9999353458379874,3.9999446910556764,3.9999152874353965
46_13,3.0000000000000004,3.0000000000000004,3.0000000000000004,3.0000000000000004,2.9999999999999996
46_14,3.0,3.0000000000000004,3.0,3.0000000000000004,3.0
46_15,3.0000000000000004,3.0000000000000004,3.0000000000000004,3.0,2.9999999999999996
47_0,2.0000517632409913,2.0000509742209944,2.0000510602774897,2.0000513898450962,2.000054695160299
47_1,3.9999201459822054,3.0,2.9999999999999996,3.0,3.0
47_2,3.99992126866621,3.0,3.0000000000000004,3.000000000000001,2.9999999999999996
47_3,3.0,3.0,3.0000000000000004,2.9999999999999996,2.9999999999999996
47_4,3.999898810089808,3.0,3.0000000000000004,3.0,3.0
47_5,3.99994036231612,3.9999443826684855,3.999928878372379,3.9999290170648982,3.9999261052452413
47_6,2.9999999999999996,3.0,3.0,1.4303263934665231,2.0000745412237046
47_7,3.0,3.0,3.0000000000000004,2.0000804884972214,2.0000647708908645
47_8,2.9999999999999996,2.0000618242105888,2.000059203411184,2.0000543998390174,2.0000564603062028
47_9,3.0,3.0,2.000094859382899,2.000062723360593,2.0000531212157924
47_10,2.0000698291385612,3.0000000000000004,2.000084933394602,3.0491774446613764,2.000062048528423
47_11,3.999924584526618,3.0,3.0,3.0,3.0000000000000004
47_12,3.9999095400207354,3.0000000000000004,2.9999999999999996,3.0000000000000004,3.0
47_13,3.9999289810801235,3.0,3.0,3.0000000000000004,3.0
47_14,3.0,3.0000000000000004,3.0000000000000004,3.0,2.0000548596116623
47_15,2.000060204645708,1.3972770580385725,2.0000526875971936,2.0000532929498887,2.0000525794288637
48_0,3.0,1.4896805764369216,2.0000524003858184,2.000051177106732,2.000051009921023
48_1,3.0,2.00005444581995,2.0000540084595557,2.0000526296894012,2.0000544460230243
48_2,3.0,3.0000000000000004,3.0,3.0000000000000004,3.0000000000000004
48_3,3.0,3.0,2.000077360801742,2.000071141652172,2.00005548304974
48_4,3.0000000000000004,2.000051971811815,2.0000543654144645,2.000051283613577,2.0000529436086643
48_5,2.0000552799972913,2.000053120614436,2.0000552054748306,2.0000512676760174,2.0000526518967217
48_6,3.999859728899505,3.999918952877431,3.0,3.0,3.0000000000000004
48_7,3.0,2.0000739157655203,2.0001014697907697,2.0000537812315056,2.0000536678802927
48_8,2.000059529916254,2.0000534528978564,2.0000523510563495,2.000052423241809,2.0000542506369836
48_9,3.9998814734507606,3.0,3.0000000000000004,3.0,2.9999999999999996
48_10,2.000074507373806,2.0000545397955425,2.0000592055388924,2.000060058052603,2.0000543367886587
48_11,2.9999999999999996,3.0000000000000004,2.9999999999999996,3.0,3.0000000000000004
48_12,3.999918355146401,3.0000000000000004,3.0,3.0,3.0
48_13,2.0000610651710726,2.0000570422396913,2.000056699877742,2.0000579436269907,2.00005274835958
48_14,3.0000000000000004,2.0000526693358136,2.00005488483345,2.000051298287162,2.000051146257297
48_15,2.0000543996785454,2.0000522408443056,2.0000577326659847,2.0000541690027194,2.0000568174320232
49_0,2.000054822122995,2.0000531593351436,2.000052855502385,1.4988761432271134,2.0000516287015078
49_1,3.0,2.000100793886809,2.0000902350159167,2.0000645557001624,2.000074079759205
49_2,3.0,3.0000000000000004,3.0000000000000004,3.0,3.0
49_3,2.0000713595402924,1.4247006142987686,2.000073893239282,2.0000513552650316,2.000051984822538
49_4,3.0,2.9999999999999996,2.9999999999999996,2.0000612068724863,2.0000553675831276
49_5,3.0,3.0000000000000004,2.9999999999999996,2.9999999999999996,3.0
49_6,3.9999331145700014,3.0,3.0,3.0,3.0000000000000004
49_7,3.0,3.0,3.0,2.0000560714823488,2.000053631011831
49_8,1.0001644980283813,1.0001778953890035,1.0001119454761642,1.000117375422221,1.000111945285194
49_9,3.9999407214463867,3.9999336616717582,3.999933532046474,3.0000000000000004,3.000000000000001
49_10,3.99990482853444,3.0,3.0,3.0,3.0000000000000004
49_11,3.999904805625656,3.999935427558595,3.999922743116546,3.0000000000000004,3.0
49_12,3.0000000000000004,3.9999153372960956,3.9999257838181435,3.0000000000000004,3.0
49_13,3.0000000000000004,2.0000628280821617,2.000081004777912,2.0000599977862707,2.000066531799982
49_14,2.9999999999999996,2.000094501962454,2.0000949822770395,2.000052753169297,2.000053378702219
49_15,3.0,2.0000515569070596,2.000052980243947,2.0000507202694897,2.0000509793458887
50_0,3.0,3.0,2.0000515205521094,2.0000513420277404,2.0000533188216494
50_1,3.0,2.000051251440885,2.0000529793082578,2.0000510381536127,2.0000511834004686
50_2,3.0,3.0000000000000004,2.0000894131240057,2.000073725496804,2.0000892524704956
50_3,3.0000000000000004,2.00006862613803,2.0000556585440377,2.0000519722828183,2.0000521399496387
50_4,3.0,3.0,3.0,3.0,2.9999999999999996
50_5,3.0,1.4526983924394947,2.000071226083522,2.000053804492474,2.0000666436500554
50_6,2.9999999999999996,3.0,3.0000000000000004,3.0,3.0
50_7,3.9998884710121025,3.0,3.0,3.0,2.000094498038166
50_8,1.0001652560652232,2.000071222912788,1.0001174292005193,1.000128662740949,1.0001008629443835
50_9,3.0,2.0000946489347915,2.000080529076671,3.035985915716123,2.0000686080433243
50_10,2.9999999999999996,3.0000000000000004,3.000000000000001,3.0000000000000004,3.0
50_11,3.9999395147849355,3.999942192131591,3.9999425127706667,3.9999475742785657,3.9999463460718028
50_12,3.0,2.0000946105331683,2.0000649875630594,2.0000600182126136,2.0000614523982128
50_13,3.0,3.0,2.000094513274161,2.0000845423480564,2.000066531949671
50_14,3.0,3.0,2.000051562660688,2.000050761988317,2.000051562350759
50_15,3.0,2.000058821217247,2.000052369525564,2.000051535541309,2.0000516283199374
51_0,2.0000687740473255,2.0000662724069707,2.000053052715026,2.000052886131003,2.0000524275450715
51_1,3.0,3.0000000000000004,3.0000000000000004,3.0,3.0
51_2,3.0000000000000004,2.0001006469636895,2.0000807811420986,2.0001006163741253,3.0
51_3,3.0,3.0000000000000004,3.0000000000000004,3.0000000000000004,3.0
51_4,3.0,2.9999999999999996,3.000000000000001,3.0,3.0
51_5,3.000000000000001,3.0,3.0,3.0000000000000004,3.0000000000000004
51_6,2.000064585047172,2.000052340228322,2.0000561505992787,1.4775060452972104,2.000055449224885
51_7,3.999934950917209,3.9999411996431347,3.9999195313724605,3.0,3.9999230016860485
51_8,2.0000741538864495,2.0000767811508675,2.00009417861414,2.00006627094642,1.0001687384779014
51_9,3.999905153241087,3.0,3.0000000000000004,3.0000000000000004,3.0
51_10,3.0000000000000004,2.000052532815596,2.0000554488489573,1.479842553361965,2.0000538522773152
51_11,3.0,2.000071987710259,2.000075247825436,1.4064500978210919,2.0000654718576807
51_12,3.000000000000001,3.0000000000000004,3.0000000000000004,3.0,3.0
51_13,3.0,3.0000000000000004,3.0,2.9999999999999996,3.0000000000000004
51_14,2.0000665378077547,2.0000536792757773,2.000051183793952,2.000051145989149,2.000050598323607
51_15,3.0,2.000052669079115,2.000052720592148,2.000061236440485,2.00005550586938
52_0,2.000096694972117,2.00005772450758,2.000070857081954,2.0000736219449324,2.0000767847916925
52_1,3.0000000000000004,2.0000807299891776,2.000084948389048,2.0000570067144934,2.0000558389476955
52_2,3.0,2.000051804519628,2.0000535322852064,1.4978848896767827,2.0000520918285654
52_3,3.0000000000000004,1.4379194109236817,2.000056477166441,2.0000525794169812,2.0000562106272457
52_4,3.000000000000001,2.000066325414113,3.0,1.4764489689353841,2.0000579233454174
52_5,3.0000000000000004,2.0000628086345755,2.0000573424020236,2.0000516689483776,2.0000544961097075
52_6,3.0,2.000051960928743,2.000053222801082,1.495107600597904,2.0000532529047397
52_7,3.0,2.0000537628449475,2.000052826781269,2.0000508915140407,2.0000518909580243
52_8,3.0000000000000004,1.491864139293485,2.0000522010681707,1.4973431420338994,2.0000519613522085
52_9,3.99992669701132,3.0,3.0,3.0,2.000090614560418
52_10,3.0,2.0000588377134294,2.0000946005719573,2.000054179515862,2.000056369155697
52_11,3.0000000000000004,3.0000000000000004,3.0,3.0,3.0000000000000004
52_12,3.0,3.0000000000000004,2.000095635509951,2.00006442769337,2.0000538343864855
52_13,2.000069112704025,2.000054670541298,2.0000562680174494,2.0000541245290364,2.000057732923461
52_14,2.9999999999999996,1.4767937828780435,2.0000545424354357,2.000051299091595,2.0000556514992605
52_15,2.000094588752303,2.0000683966322033,1.0001999970775028,1.000199992975933,1.0001223115331266
53_0,2.000070844218331,2.000061158389462,2.000088938360595,2.0000662309276764,1.000109298184168
53_1,3.0,3.0,3.0000000000000004,3.0000000000000004,3.0
53_2,3.0,3.0,3.0,3.0000000000000004,3.0000000000000004
53_3,2.0000891342843423,2.0000518866966757,2.000054003840879,2.000055334404998,2.00006629631182
53_4,2.0000736599104845,2.0000516319201633,2.0000708544058847,2.0000559941638927,2.000094130554671
53_5,2.0000556977972908,2.000060176347907,2.000057214477689,2.0000526290638225,2.00005436996158
53_6,2.9999999999999996,3.000000000000001,2.9999999999999996,3.0,3.0000000000000004
53_7,3.0,3.0,3.0000000000000004,2.9999999999999996,2.00006144178375
53_8,3.0,2.0000552876858277,2.000051436637084,2.000051468701375,2.0000520463718465
53_9,3.9999290532761944,3.9999355913412207,2.9999999999999996,3.9999108789902738,3.0
53_10,3.0,2.000053306085261,2.0000519415828992,2.000050620208951,2.00005078581031
53_11,3.999888413984536,3.99994486602638,3.999943962656397,3.9999446218688117,3.999940444986008
53_12,3.9999358720381104,3.999945884768141,2.9999999999999996,3.0,3.0000000000000004
53_13,3.0,3.0,2.9999999999999996,2.000084433416759,2.000068533850894
53_14,2.0000854271837762,2.0000509431393527,2.000053279909124,2.000052209924254,2.0000662445990884
53_15,3.0000000000000004,2.000070917041916,2.0000612101212742,2.0000507242452437,2.000050863717424
54_0,2.0001309691795086,3.0,2.000054124201057,1.4695355914658663,2.000059865675555
54_1,3.9999191621389563,3.0000000000000004,3.0,3.0,3.0000000000000004
54_2,3.0,3.0,3.0000000000000004,2.0000895856843472,3.0
54_3,3.0,3.0000000000000004,2.9999999999999996,2.0000664706221274,2.0000948935491154
54_4,3.999902463694447,3.0000000000000004,3.0000000000000004,3.0000000000000004,3.0
54_5,3.999901198117245,3.0000000000000004,3.0000000000000004,3.0000000000000004,2.9999999999999996
54_6,3.0,3.0,2.000074445104957,2.0000769433832417,2.0000631468323427
54_7,2.9999999999999996,3.0000000000000004,3.0000000000000004,3.0000000000000004,2.00005905609881
54_8,2.0000939582125445,3.0,2.0000554579495655,2.0000529998280747,2.000054789922033
54_9,3.0000000000000004,1.441072313059004,2.000095333982858,1.4609346800785072,2.0000566196811724
54_10,2.000067795143856,2.000071403997173,2.0000596625782716,2.0000894148710304,2.000056479997246
54_11,3.9998757546482016,3.0000000000000004,3.0000000000000004,3.000000000000001,3.0000000000000004
54_12,3.999933344388974,3.999928839497423,3.9999190312718143,2.9999999999999996,3.000000000000001
54_13,2.0000573418716328,2.0000525684502044,2.000052686083248,2.0000516155060493,2.000051592096178
54_14,2.9999999999999996,3.0,2.9999999999999996,3.0000000000000004,3.0
54_15,3.0,2.0000518333367,2.000051562344829,2.0000505845736867,2.0000532191777918
55_0,2.000053303689575,2.0000525843336003,2.0000532134863875,2.0000513710355414,2.0000528710937555
55_1,2.0001029247791804,2.9999999999999996,3.0,3.0,3.0
55_2,2.000057254957377,2.0000534924006885,2.000053627906819,2.0000587457110974,2.0000768454934295
55_3,3.0,3.0000000000000004,3.0,2.0000804279941047,2.0000770776211847
55_4,2.000077430660216,2.0000771515448266,2.000057043146058,2.0000525980769974,2.0000570763767156
55_5,3.0000000000000004,2.0000538254349562,2.000053114511806,1.4953218839541684,2.00005274849672
55_6,3.0,2.0000645496557614,2.0000601731238996,2.000058940617961,2.00006166439098
55_7,3.0000000000000004,3.0,3.0,3.0000000000000004,3.0000000000000004
55_8,1.0001120197950357,1.0001884577172506,1.0001287796974543,1.0001153426666536,1.0001023527350281
55_9,3.0000000000000004,3.0,3.0000000000000004,3.0,3.0
55_10,3.0,3.0,3.0,2.0000846455372105,2.0000775887647446
55_11,3.0000000000000004,3.0000000000000004,2.9999999999999996,2.9999999999999996,3.0
55_12,3.9998792735600017,3.9999286573382733,3.0,3.0,3.0
55_13,3.0,2.000052351408031,2.000052546982437,2.000051890254728,2.0000551424305653
55_14,2.0000535313080254,2.0000527513396626,2.0000515560007344,2.00005602849898,2.0000538010053455
55_15,3.0,2.000052687329078,2.0000524246187705,2.0000514702864156,2.000052521264965
56_0,3.0,2.000051118388203,2.000051739877941,1.4961811961999472,2.0000576939692625
56_1,3.999897518169792,3.999933641414659,3.0,3.999905599253404,3.0
56_2,3.0,3.0000000000000004,3.0000000000000004,3.0,2.0000769369929827
56_3,3.0000000000000004,3.0,3.0,3.0,2.0000804685454665
56_4,3.999927765202768,3.999946591611171,3.999938456593692,3.9999314481205794,2.9999999999999996
56_5,3.999912002795653,3.999905262442838,3.0000000000000004,3.0,2.9999999999999996
56_6,3.9999430132801836,3.9999461745715026,3.999944330114328,3.9999465379174715,3.999935347255118
56_7,3.0,3.000000000000001,3.0,2.0000684350353284,2.0000599010948794
56_8,3.0,2.000052976614125,2.0000536500539394,2.0000543649792357,2.000058796281159
56_9,3.0000000000000004,3.0,2.0000614581206455,1.4239807505163955,2.0000546660889773
56_10,3.999943394909217,3.9999474519748555,3.9999441586630122,3.999945135352216,3.9999351979471633
56_11,3.9999227542184213,3.0,3.9999435147455897,3.999946076158127,3.9999383342913033
56_12,3.0,3.0,3.0,3.0,2.000084488667438
56_13,3.0,3.0000000000000004,3.0,3.0,3.0000000000000004
56_14,3.0000000000000004,3.0000000000000004,3.0,2.0000804061027755,2.000062728307531
56_15,3.0,2.9999999999999996,3.0000000000000004,3.0,2.0000568828590097
57_0,2.000054687221674,2.0000515264521312,2.0000521390254,2.0000536788171095,2.000052493455978
57_1,2.0000631238800124,2.0000599955653007,2.000064479199328,1.4973413814912684,2.000053536075799
57_2,2.000141216196715,2.000055343189643,2.000064337979236,2.000062642885778,2.0000803265227467
57_3,2.0000629534793988,2.0000579063186668,2.000054443966726,2.000050890417385,2.0000516069421397
57_4,3.0000000000000004,2.000053254180374,2.000053270760541,2.000051176796664,2.0000515201706683
57_5,3.0,2.0000804598486512,2.0000543698425153,2.0000515356605577,2.000051425253261
57_6,3.0,2.000101141738926,2.0000740065200757,2.0000768816516734,2.000057122100837
57_7,3.0000000000000004,3.0000000000000004,3.0,2.0000568198989774,2.0000538065958575
57_8,1.0001003579625822,3.0,1.00010929960215,1.0001072424992254,1.0001034192978266
57_9,3.0,2.0000599422896657,2.0000556574650994,2.0000511840086084,2.0000518227280972
57_10,2.0001023670013747,2.9999999999999996,2.0001011179116333,1.4320523697322212,2.0000614535547014
57_11,3.0,3.0,3.0,3.0000000000000004,3.0
57_12,3.0,2.000057912354856,2.000052425882166,2.000051073365637,2.000052319470777
57_13,3.0,2.000055353357224,2.0000541611112124,1.4714109871970815,2.0000736189384507
57_14,2.999999999999999,3.0,2.0000546046924152,2.0000515116716127,2.0000515444745766
57_15,2.0000534493632838,2.0000570055590314,2.000052048386673,2.000051177160312,2.000052061355083
58_0,1.000216433709475,1.0001778715098497,1.0001223101730965,1.0001286472555435,1.0001119410404993
58_1,3.0,1.4187928078869807,3.0,1.395839388070911,2.000066708903975
58_2,3.0000000000000004,2.0000709450410645,2.00007102266388,2.000100222774575,2.0000568488519335
58_3,3.0000000000000004,2.0000512392346943,2.0000549863023167,2.000053240561821,2.000080390035451
58_4,3.0000000000000004,2.000064468061438,2.0000629541240134,2.00005483334574,2.0000531122349323
58_5,3.0,2.9999999999999996,3.0,3.0000000000000004,3.0
58_6,3.9999153204815525,3.0,3.999904769273417,3.0000000000000004,3.0000000000000004
58_7,3.0,3.0000000000000004,2.0000649374444963,2.0000517306102146,2.000052351503516
58_8,1.000100563141578,1.00009999947621,1.000100007188635,1.0000999998576454,1.0000999990351775
58_9,2.000074202295906,2.00006636160722,2.000057340435303,2.0000526693832668,2.0000526876207436
58_10,3.0,3.0,2.000090041697579,1.3330745552061842,2.0000691238024206
58_11,3.9999041360008714,3.0000000000000004,3.0000000000000004,2.9999999999999996,2.9999999999999996
58_12,2.9999999999999996,2.9999999999999996,3.0,3.0,3.0
58_13,2.0000534482612164,2.0000512391754643,2.0000522649632897,2.0000512330781026,2.000056010243645
58_14,2.9999999999999996,2.0000599867566216,2.0000554662579746,1.489075957835766,2.0000532059466787
58_15,2.000052979230329,2.0000512676880136,2.0000509358800556,2.0000512496112646,2.000050693175959
59_0,2.0000844636008392,1.00010024437713,1.0001223156463313,1.0001472346629232,1.0001252827310587
59_1,2.000054539294564,2.0000520923532674,2.0000528717200963,2.000051941791696,2.0000517649573144
59_2,2.0000615369990586,3.0,2.000061354685437,2.0000516492453797,2.000052321157252
59_3,3.0000000000000004,2.0000534507705643,2.0000566149719567,2.0000530210688314,2.000054802562972
59_4,3.0000000000000004,1.0001300230932937,2.0000900343149945,2.000071060807571,2.0000691652543456
59_5,3.0,3.0,2.000081217914031,3.0000000000000004,2.9999999999999996
59_6,2.0000826978203006,3.0,2.000064648995327,2.0000536744721717,2.0000534116904976
59_7,3.0000000000000004,3.0,2.0000897065688394,2.0000665099756407,2.0000712045641897
59_8,1.0001337432165722,1.0001223525025604,1.0001327834626692,1.0001223257165002,1.0001119674325287
59_9,3.000000000000001,2.000068748777522,2.00005474525281,2.0000518046863798,2.000052890481887
59_10,2.0000600132771553,2.0000544350564553,2.0000543827103185,2.0000520449654227,2.0000543739606815
59_11,2.0000621123706432,3.0,2.000059615090136,2.0000561726816053,2.000059896070827
59_12,3.0,3.000000000000001,2.9999999999999996,2.0000944226862214,2.000068673915823
59_13,2.0000545399855514,1.0004708282778292,2.000052651741721,2.0000511440522124,2.00005140533523
59_14,2.0000710898145986,2.0000685188430762,2.0000589197352703,2.00005129668413,2.0000518888064476
59_15,2.0000644318553196,3.0,3.0,2.000059860722711,2.0000643332713968
60_0,2.0000559970783347,2.0000552895506307,2.000064327694231,1.4587392899049283,2.000080327238413
60_1,3.0000000000000004,3.0000000000000004,3.0,3.0,3.0
60_2,3.999906781623226,3.9999463331567853,3.9999412103227465,3.9999474794503405,3.9999436768305583
60_3,2.9999999999999996,3.0000000000000004,3.0000000000000004,3.0,2.0001011753370266
60_4,3.0000000000000004,2.999999999999999,2.0000806232496204,1.3955065962428916,2.000068676473833
60_5,3.0,3.000000000000001,3.0000000000000004,3.0,3.0000000000000004
60_6,3.999910869383196,3.0,3.0000000000000004,3.0000000000000004,3.0000000000000004
60_7,3.0000000000000004,2.9999999999999996,3.0,3.0000000000000004,2.000100805186534
60_8,3.0,2.000058971025939,1.470672172067497,1.4838752166665634,1.4794802588422449
60_9,2.9999999999999996,3.0000000000000004,2.000061242239567,1.3614770404116299,2.000058919847801
60_10,3.999936475912489,3.999944855418327,3.9999431310812064,3.999947156220756,3.999942755740941
60_11,3.999936475912489,3.999944855418327,3.999941526533014,3.999947156220756,3.9999430496888104
60_12,3.0000000000000004,3.0,2.9999999999999996,2.9999999999999996,2.0000600209769828
60_13,3.0000000000000004,3.0000000000000004,3.0,3.0,2.000094848560882
60_14,2.9999999999999996,1.5684404621263854,2.0000510444536386,1.4987802213461154,2.0000511836926123
60_15,3.0,2.0000644090580946,2.0000805796446324,2.000052886721032,2.0000554567278943
61_0,2.000088910195834,1.000188246189481,1.0001882476256971,1.0001286484750627,1.000117376100621
61_1,3.000000000000001,3.0,3.0,2.0000569783352202,2.000062861583686
61_2,3.0,2.0000537613851006,2.000057825128727,2.000056816942281,2.000056811102066
61_3,2.000057774641709,2.000052646996844,2.0000560789142217,2.0000576848916727,2.000052877918402
61_4,3.0,2.0000895285689064,3.0,2.0000535345980195,2.0000613601864745
61_5,2.000074413564428,2.0000512985732417,2.0000587531308005,2.000053226305769,2.000056816787746
61_6,2.0000627243804323,2.0000542267193073,2.0000538825225562,2.0000513785865577,2.000053156223632
61_7,3.0,2.0000517305446746,2.0000526867389032,2.000052012095479,2.0000541876576765
61_8,3.0000000000000004,2.0000555058286404,2.0000523700146773,2.000050566789367,2.0000513415331347
61_9,3.0,2.000051770601425,2.000054772947928,2.000051583579842,2.0000736263135312
61_10,3.0,2.000053309810528,2.0000580035236646,2.0000516685076617,2.000054911665877
61_11,1.0001098943629199,1.0001003156457093,1.0001002171285982,1.0001008627771595,1.0001002467375475
61_12,3.0000000000000004,2.0001004625410514,2.0000846496931275,2.0000844504171464,2.0000627615518902
61_13,3.0000000000000004,2.0000545974750135,2.0000520450309454,2.000051830970298,2.000051804901102
61_14,2.0000827306143174,2.000052046562849,2.000053800701706,1.4661076606393624,2.000066282707282
61_15,2.0000853909813405,2.0000513469625654,2.000052046437526,2.000051024028171,2.000053695570284
62_0,1.0001622670503652,1.0000499990782399,1.0001135303727915,1.0001535241731496,1.0001153356335968
62_1,3.0000000000000004,3.0,3.000000000000001,3.0000000000000004,2.9999999999999996
62_2,2.0000900303898663,1.0001261246299742,2.000071123929023,2.000054917065149,2.0000526281400717
62_3,2.000057819181415,2.00005561470878,2.000052578868341,2.0000512517870237,2.0000523177962326
62_4,2.000062844323247,3.0,2.000051297149118,2.000050964964478,2.0000513628284704
62_5,3.0000000000000004,1.5137570903159652,3.0000000000000004,3.0000000000000004,3.0000000000000004
62_6,2.9999999999999996,3.0,3.0,3.0,2.0000805559592254
62_7,3.0,3.0,2.000056911144066,2.000061234390424,2.00006458777064
62_8,1.0001331792430326,1.0002000307031478,1.0001472500532604,1.0001606693869025,1.0001173878523528
62_9,2.9999999999999996,2.0000538242250268,2.000052853750487,2.0000522478110567,2.000053156617079
62_10,3.0000000000000004,3.0,3.0,3.0,2.9999999999999996
62_11,3.9999416643810877,3.0,3.999938285375269,3.9999451671493818,3.999933358955523
62_12,2.9999999999999996,2.9999999999999996,2.000061761537798,2.000064736253384,2.0000560989510934
62_13,2.0000899115701647,3.0,2.0000739340438503,2.000076852847443,2.0000645558318486
62_14,1.0001882747577393,3.0,2.0000662430272067,1.4116918691701585,1.0001778838430102
62_15,3.0000000000000004,1.4083754234193198,2.0000522348601875,2.0000560828952265,2.0000524592099977
63_0,2.0001328986663713,2.0000512962251484,2.0000516886519137,1.5002608632590444,2.000055983781203
63_1,3.0,3.0000000000000004,2.9999999999999996,3.000000000000001,2.9999999999999996
63_2,3.0,3.0000000000000004,3.0000000000000004,3.0000000000000004,3.000000000000001
63_3,3.0,3.0,2.000085194552795,2.0000665680231657,2.000060233848226
63_4,2.9999999999999996,2.9999999999999996,3.0000000000000004,3.0000000000000004,3.0
63_5,3.0000000000000004,3.0,2.9999999999999996,3.0000000000000004,3.0
63_6,3.9999402725476942,3.0,3.9999390992534267,3.999946346077919,3.999943427116738
63_7,3.0,3.000000000000001,3.000000000000001,3.0,2.000062962718664
63_8,2.000073747499214,1.0001783359710503,1.0001289314376631,1.0001253292673733,1.0001287655125946
63_9,3.0,3.0,3.0,2.000094516591384,2.0000849346090757
63_10,2.0000709386119717,2.000066510291547,2.0000554752662487,2.000053001019739,2.0000511096683016
63_11,3.99993959204341,3.999946289482976,3.999943375474234,3.999944215569292,3.9999312205698145
63_12,2.9999999999999996,3.0000000000000004,2.9999999999999996,3.0,3.0
63_13,2.9999999999999996,3.0,3.0,3.0000000000000004,2.000101646904248
63_14,2.0000545370845546,2.000051470125578,2.0000554486288356,2.000052894999582,2.0000644200775715
63_15,2.9999999999999996,2.000052546100217,2.000056816520152,2.0000541343271214,2.000088939743499
64_0,3.0,2.000051520730518,2.0000520754921647,2.0000507205137996,2.0000515119517224
64_1,3.0,3.0000000000000004,2.0001006092472875,2.000094360902021,2.0000523184038816
64_2,2.0000692247158365,2.000077203090688,2.000066693266073,2.0000738977917156,2.0000615515350986
64_3,3.0,3.0000000000000004,3.0,3.0000000000000004,2.0000846834558694
64_4,3.0000000000000004,3.0000000000000004,3.0000000000000004,2.000094516988325,2.0000809753156426
64_5,3.0,2.0000738597936665,2.000057802117657,2.0000612980189922,2.0000526284375666
64_6,2.0000865038481255,2.0000667273605615,2.0000585210920705,2.0000630817319918,2.0000548140590593
64_7,3.999870815397002,3.999919170464289,3.0,3.0,3.0000000000000004
64_8,2.0001079122408316,2.0000547343874318,2.000058738374561,1.4645460920060778,1.0001882429443893
64_9,3.9999104505700007,3.0,3.0,3.0,3.0
64_10,2.9999999999999996,3.0,2.0000671256343785,3.0000000000000004,2.00006057198041
64_11,2.9999999999999996,3.0,2.0001022010182745,2.0000771333426473,2.0000637176338008
64_12,2.9999999999999996,3.0000000000000004,3.0,3.0000000000000004,3.0000000000000004
64_13,3.0000000000000004,2.0000686274796107,2.0000645877396397,2.0000525334470707,2.0000519839940973
64_14,3.9999161128457863,2.9999999999999996,3.0000000000000004,3.0000000000000004,3.0
64_15,2.0000569796342824,2.00005689651874,2.000057819341567,2.000051605750495,2.0000506628406245
65_0,3.0000000000000004,2.0000512499150607,2.000053222747329,2.000052495220029,2.000053628455948
65_1,3.0,3.0000000000000004,3.0,3.0000000000000004,2.9999999999999996
65_2,3.0,2.9999999999999996,3.0000000000000004,3.000000000000001,2.000071163594392
65_3,3.0,3.000000000000001,3.0000000000000004,3.0000000000000004,2.0000846596537682
65_4,3.0,2.0000522665549245,2.0000534068568974,2.000050768061217,2.0000519412073787
65_5,3.999917520641687,3.0,3.0000000000000004,3.0000000000000004,3.0000000000000004
65_6,3.999915726830138,3.999928749141862,3.9999187483245455,3.0,3.0
65_7,3.0,3.0000000000000004,2.9999999999999996,3.000000000000001,2.000094476559992
65_8,3.0000000000000004,1.5137591286788423,2.0000534077271324,2.000051093916103,2.00005339915678
65_9,3.0,2.0000561361110143,2.0000545407256314,2.0000511885201857,2.0000521384832837
65_10,2.9999999999999996,3.0000000000000004,3.0,3.0,3.0
65_11,3.999923632420081,3.9999311832702378,3.0,3.999905087213575,3.9999146964253653
65_12,3.0000000000000004,2.9999999999999996,3.0,3.0000000000000004,3.0000000000000004
65_13,3.0,2.000059897155503,2.0000738668028797,2.000051259654403,2.0000515630003695
65_14,2.9999999999999996,3.0000000000000004,3.0000000000000004,3.0,2.000064378930985
65_15,2.0001164665407454,2.000051009927042,2.000051764367325,1.4986281938792139,2.000050930605522
66_0,1.0001286482833864,1.0001606552141853,1.0001223094221512,1.0001092976250245,1.0001063901996385
66_1,3.0,2.0000578593738028,2.0000513334693704,2.000053687435297,2.0000527497541003
66_2,3.0,2.000051941439547,2.000052139800368,2.000050825508694,2.000052719340576
66_3,3.0,3.0,2.0000958357064214,3.0,2.0000604586867
66_4,2.000052221700934,1.5947053987836206,2.0000524004396314,2.0000514403318093,2.000052200937099
66_5,3.0,1.5732204008391708,2.0000528710222767,3.0,2.000055095352843
66_6,3.0000000000000004,3.0,2.9999999999999996,3.0,2.0000948466451054
66_7,3.999942528081946,3.999946364952993,3.999943367088127,3.999933575474755,3.9999288162831146
66_8,1.000169099636087,3.0,1.000100981120611,1.0001001470641009,3.0
66_9,3.0000000000000004,3.0000000000000004,3.0,3.0,2.000089219244112
66_10,3.0000000000000004,1.000129313224651,2.000057943114216,2.0000516283975833,2.0000545452492298
66_11,2.9999999999999996,3.0,3.0000000000000004,3.0,3.0000000000000004
66_12,3.0000000000000004,3.0,3.0,3.000000000000001,3.0
66_13,3.0,3.0,2.9999999999999996,3.0,3.0000000000000004
66_14,1.0001778003520867,1.0001006709352753,1.0001026620636086,1.0001005911893994,1.0001003149185028
66_15,2.000054688812478,2.000052846795315,2.0000587178664913,2.0000524891049487,2.000066241578564
67_0,2.0001188164479076,2.000061165481453,2.0000626445952396,1.000168721933334,1.0001882435843683
67_1,2.00005707110905,2.00005266993164,2.000052047242137,2.000050785524246,2.000051298638696
67_2,3.0000000000000004,3.0,3.0,3.0000000000000004,3.0
67_3,2.0000525180110373,2.0000545985772997,2.00005214034865,2.000052012679814,2.00005874587734
67_4,3.9998867949996693,3.0000000000000004,3.0,3.0000000000000004,3.0
67_5,3.0,3.0000000000000004,3.0000000000000004,3.0,3.0000000000000004
67_6,3.9999406753653064,3.9999369944964984,3.999915030724393,3.9999052761834304,3.999935237830145
67_7,3.0,3.0000000000000004,3.0,2.0000553242671204,2.0000627727816274
67_8,2.0000655016034687,2.000069042009336,2.000084838664841,2.0000564754798518,2.0000554735558262
67_9,2.0000712634300313,2.0000805684793987,2.0000710783465454,2.000052669263976,2.0000538048857157
67_10,3.0,3.0,3.0,2.0001006381682376,2.0000897079448503
67_11,3.9999345795802896,3.9999385072298113,3.999936802442952,3.999915138398331,3.9999384310017305
67_12,3.000000000000001,3.9999259623451175,2.9999999999999996,2.000080414402992,3.0000000000000004
67_13,3.0000000000000004,2.9999999999999996,2.0000847321002486,2.0000578347708466,2.0000613354350754
67_14,2.0000556055307386,2.0000518885623215,2.0000543653668426,1.4575642868365846,2.0000578255224997
67_15,2.000101443823993,2.0000560103573406,2.0000611824129613,2.0000843603542497,2.000094122356874
68_0,2.000117123361642,2.0000889576075687,2.0000684108094666,1.349476284665057,1.0001196892390452
68_1,2.000109077230696,2.000054176589561,2.000059178301245,2.0000568749685574,2.0000645277189033
68_2,3.0000000000000004,1.0001243116588394,2.9999999999999996,2.0000645296378874,2.0000855091934358
68_3,2.000109077230696,2.000054176744554,2.0000566847398815,2.000056150778111,2.000066462893119
68_4,2.000109077230696,2.0000547327487803,2.0000566847398815,2.0000626999922595,2.0000645552702445
68_5,2.9999999999999996,1.4838771092538368,2.0000560449724807,1.4624137308383762,2.0000587968108907
68_6,3.0,2.9999999999999996,2.000095420845973,3.0,2.0000910855645317
68_7,2.0000645105544734,2.0000628214312393,2.000062978964323,2.0000526891646064,2.000053301841967
68_8,2.0000663580472047,2.0000777703891983,2.0000600860394244,2.0000592743048813,2.0000621563782315
68_9,3.999914518183771,3.0000000000000004,3.0,3.0,3.0000000000000004
68_10,3.0,3.0,3.0000000000000004,2.9999999999999996,2.9999999999999996
68_11,3.0,3.0000000000000004,3.0000000000000004,3.0000000000000004,2.9999999999999996
68_12,3.0,3.0000000000000004,3.000000000000001,3.0,3.0
68_13,3.0,3.0000000000000004,3.000000000000001,2.0000685259895725,2.000057946814989
68_14,2.9999999999999996,2.000054177728045,2.00005199544342,2.000054130411355,2.0000643489222067
68_15,2.0000523181059418,2.0000527193645095,2.0000522000372003,2.0000536731311898,2.000058784300849
69_0,2.000057912212978,2.0000578332221237,2.000054955989812,2.0000507172659954,2.0000509795248704
69_1,2.0001016870085997,3.0000000000000004,2.9999999999999996,3.0,2.0000590768218887
69_2,3.999914231301712,3.999919133603236,3.9999099650458056,2.9999999999999996,2.9999999999999996
69_3,2.0000603219304534,2.0000613605791617,2.000061654252838,2.000051668811461,2.0000541548535287
69_4,3.0,3.0,3.0000000000000004,3.0,2.0000670940005096
69_5,2.0000848571892793,1.3727486211933428,2.000080715048404,1.491213136661857,2.0000525801438136
69_6,2.9999999999999996,3.0,3.0,1.4225462442001888,2.0000852241098968
69_7,3.0,3.0,3.0,2.0000662664668933,2.000073784909749
69_8,1.0002574160054036,1.0001223110059907,1.0001119435680434,1.0001056388656568,1.0001023492665972
69_9,3.0,3.0,2.9999999999999996,2.000073691744669,2.000080614019382
69_10,3.0,2.9999999999999996,3.0,1.4222662165125,2.000081144650252
69_11,3.0,3.0,3.0,1.4222664764892388,2.000081144650252
69_12,3.0,3.0000000000000004,3.0,3.0000000000000004,3.0000000000000004
69_13,3.0000000000000004,1.3606628179944391,2.9999999999999996,2.9999999999999996,2.000061327913115
69_14,2.000052685505204,2.0000513474158907,2.000052888222867,2.000052226581964,2.000088949406639
69_15,2.0000538825942167,2.0000520962872144,2.000052492770604,2.000056005875212,2.000064342717015
70_0,3.0,2.000066402405425,2.0000614322068078,2.0000547365986487,2.000054889571654
70_1,3.9999101263087637,1.0001006717217484,3.0,3.0,3.0
70_2,3.0000000000000004,3.0000000000000004,3.0,3.0000000000000004,3.0
70_3,3.0,3.0,2.0001006473612137,2.000070927858394,2.0000898131995024
70_4,3.0,2.000068713714144,2.000057733757092,2.0000536339207313,2.0000635363647397
70_5,3.0,3.0,3.0000000000000004,3.0000000000000004,3.0
70_6,3.9999038935032956,3.0,3.9999041213480635,3.0,3.999921891119562
70_7,3.0,2.9999999999999996,3.0000000000000004,3.0,3.0
70_8,1.000132502098594,3.0,1.000188302829484,1.4135746067839017,1.0000666707163584
70_9,3.0,2.000061333170111,2.0000558449554626,2.000055477555159,2.0000561819599962
70_10,3.9999135900116483,3.9999099903312514,3.9999099892278056,3.9999147440082363,3.999917915946411
70_11,3.9999014229968415,3.9999099903312514,3.9999217641709355,3.0,3.0000000000000004
70_12,2.9999999999999996,3.0,3.0,3.0000000000000004,3.0000000000000004
70_13,3.9999220011436503,1.395697577419358,3.0000000000000004,2.0000890503555655,3.0
70_14,3.0000000000000004,3.0,2.000089370076091,3.0,2.9999999999999996
70_15,3.0,2.0000709209599683,2.0000549184300698,2.000052905029794,2.0000516079316197
71_0,2.000073638827385,2.0000598565028818,2.0000626465747415,2.7739911604135825,2.000088936499267
71_1,3.0000000000000004,3.7193335663974305,2.0000558389476955,3.5565096177319107,2.000055343136184
71_2,3.0,4.150744961774738,2.9999999999999996,4.281845996137617,3.711300943616209
71_3,3.0,3.6221370804669792,2.00005399733301,3.527841309216175,3.5863986480531076
71_4,2.0000591711017996,3.6529665184425806,2.0000530044526865,3.525287756140801,3.530506998985222
71_5,3.0000000000000004,4.108688832101427,3.0,3.817919219340677,4.198787445191741
71_6,3.0,1.0001004053315217,2.000067148967365,3.672554398983897,3.7690351150397987
71_7,2.0000811947433106,4.286659288886018,2.0000572799832597,3.5401205487212124,3.5528640515578678
71_8,1.000239461857826,2.0000611861682693,2.0000683976327984,1.0001535211704309,1.0001324619772107
71_9,3.0,2.000063254372184,2.0000564603174946,3.5528715214533655,2.0000563092292776
71_10,3.0,4.244550710124313,3.0000000000000004,3.695704463480877,2.000060533419898
71_11,3.999894648375456,3.9999326487728633,3.99993192154697,3.9999350440875774,3.9999385038908275
71_12,3.9999265985190005,3.99994368348197,3.9999213890687098,2.9999999999999996,3.0
71_13,3.999895020392373,4.178723390276886,3.0,4.073572492657259,4.107493468733611
71_14,3.0000000000000004,4.166058736612376,3.0,4.28667058669595,3.7379537534325515
71_15,2.000068824662287,2.000061319623161,2.0000530524410207,2.000051688979659,2.000053399615674
72_0,2.0000941251643742,2.0000736283123945,1.0001882430949727,2.0000843617722635,1.0001687231817968
72_1,2.000094609602276,2.0000685360034582,2.0000628451584115,2.0000663433579384,2.0000556175934623
72_2,3.0,3.0,2.9999999999999996,2.000076959932985,2.0000901783485623
72_3,3.0,2.9999999999999996,3.0,3.0,2.000071062692732
72_4,3.0000000000000004,3.0,3.0000000000000004,1.34840497861485,2.0000665363473438
72_5,2.9999999999999996,2.000054887282852,2.000053754411657,2.00005237638561,2.000051961417573
72_6,3.0,3.0,3.0,3.0000000000000004,2.0000714767121477
72_7,3.0,2.000074216977411,2.0000667096670885,2.000068491601413,2.000056467642236
72_8,2.0000943815016994,2.000070949531773,1.0001535708149425,1.3488974644763874,1.000122315347896
72_9,3.0000000000000004,2.0000520450965187,2.0000526269237953,2.000052143352521,2.0000569246677133
72_10,3.999888231761655,3.999943374090886,3.999935242548948,3.999926126691031,3.999939598111999
72_11,3.9998956880788294,3.9999393763824713,3.9999286405995633,3.9999399381085485,3.999931194783744
72_12,3.0000000000000004,3.0,3.0,3.0,3.0
72_13,3.0,2.0000580729202184,2.0000552119593604,2.0000524293805153,2.00005540764986
72_14,2.0000532329985807,2.000051297589795,2.0000520641741644,2.000050786185857,2.00005227492772
72_15,2.000054745115406,2.0000568003628616,2.0000559942053266,1.479697523545988,2.0000683962916077
73_0,2.000053050557507,2.0000508920624283,2.000052928917145,2.000050881781704,2.0000552933478795
73_1,3.0,3.0000000000000004,3.0000000000000004,3.0,3.0
73_2,3.9998836474135944,2.9999999999999996,3.0000000000000004,2.9999999999999996,3.0
73_3,3.0,3.000000000000001,2.999999999999999,3.0000000000000004,3.0
73_4,3.0,2.000052978378201,2.000053531921471,2.0000523757360167,2.0000556502658133
73_5,3.0000000000000004,2.0000542449509773,2.0000580585565837,1.445931221327119,2.000055572029983
73_6,3.0,3.0,2.9999999999999996,3.0,2.0001035554375326
73_7,3.0000000000000004,3.0,3.000000000000001,3.0000000000000004,3.0000000000000004
73_8,3.0,1.4749302755833062,2.0000592868130784,2.0000525689088997,2.000053577086331
73_9,3.0,3.0000000000000004,3.0,3.0,3.0000000000000004
73_10,2.00012115762389,2.000094418405517,2.000071161644647,3.0,2.0000846012440965
73_11,3.9999009277834294,3.0,3.0,3.9999152648156553,3.999918852337798
73_12,3.9999379505539188,3.999945175958008,3.999940789890481,3.9999371949345592,3.9999384675290606
73_13,3.9999261339482977,3.0,3.0,3.0,3.0
73_14,2.000077027899023,1.4802239133660449,2.000062841552641,1.4963523247667907,2.0000516893670017
73_15,2.9999999999999996,2.000051146102535,2.0000529595035186,1.5015414235338416,2.0000553041406106
74_0,3.0000000000000004,2.0000737986334705,2.000053451909029,2.000051195898831,2.0000526708081963
74_1,2.9999999999999996,3.0000000000000004,2.0000738525414197,2.000064379567019,2.0000526870009034
74_2,3.0000000000000004,1.4604601097540164,2.0000774062307904,2.000051723988877,2.000053204146829
74_3,3.0,3.0000000000000004,2.000084774134944,2.0000568356145476,2.0000601431750056
74_4,2.0000687198000526,2.000060065406809,2.9999999999999996,1.4054191788782375,2.00005343024334
74_5,3.0000000000000004,3.0,3.0,2.0000943384201944,2.000074178632037
74_6,3.0,3.0000000000000004,3.0000000000000004,3.0,3.0
74_7,3.0,3.0000000000000004,3.0000000000000004,3.0000000000000004,2.0000769132184346
74_8,2.9999999999999996,2.0000528420039045,2.000052824933815,2.0000523192979736,2.000053801422825
74_9,3.9999084090626105,3.99992613868785,3.999910567052325,3.0,3.0
74_10,3.0000000000000004,2.00007162903228,2.0000693382036365,1.4045103514858366,2.000063861547194
74_11,2.9999999999999996,1.3834579082284681,2.0000692027112468,1.4371980507190238,1.4541057598537293
74_12,2.9999999999999996,3.0,3.0000000000000004,2.0000770183163987,3.0
74_13,3.999925640393875,3.0000000000000004,3.0,3.000000000000001,3.0
74_14,3.0,2.0000514180895914,2.0000515356425725,2.000051383229762,2.0000542278690934
74_15,3.0000000000000004,2.0000515353504813,2.000052142297611,2.0000508217423594,2.000053660877392
75_0,1.0001871897685326,1.0001063896515408,1.0001011079744713,1.0001014239951342,1.0001026623854419
75_1,2.000054911063855,2.0000529041419868,2.0000577115447102,2.0000552855103964,1.0001687394025283
75_2,3.0000000000000004,3.0,2.999999999999999,3.0000000000000004,2.9999999999999996
75_3,3.0,2.0000538247492545,2.0000573222454765,2.000058772911854,2.0000804092304327
75_4,2.9999999999999996,2.000077004510643,2.00005904593661,2.0000538284921965,2.0000557203075355
75_5,3.9998705751517636,3.0,2.0000743473816507,2.0000769515837997,2.0000688877338395
75_6,3.999929540841034,3.9999353859219946,3.0,3.0,3.9999182003296583
75_7,3.0000000000000004,2.000070957562549,2.000066367183524,2.0000553681794133,2.0000548610774667
75_8,2.00006848039087,2.0000568386847504,2.0000808147122755,1.000153562992725,1.0001056512615245
75_9,3.0,3.0000000000000004,3.0000000000000004,3.0,2.000100418876958
75_10,3.999899294904614,3.0,3.0000000000000004,3.0000000000000004,3.0
75_11,3.999913515987019,3.9999333307472353,3.0,3.0000000000000004,3.999922255251319
75_12,3.0,2.9999999999999996,3.0,3.0,2.9999999999999996
75_13,3.0000000000000004,2.999999999999999,2.9999999999999996,2.0000844993045113,3.0
75_14,2.0000614478265493,2.000053961323553,2.0000549175184714,2.0000514068374082,2.0000513482564717
75_15,2.0000534482131154,2.00005175101724,2.0000521694987494,2.000051073788662,2.000052007214472
76_0,1.0001753000020337,1.000132461618258,1.0001034191427045,1.0001196893216266,1.00010266392317
76_1,3.0,2.000068692320513,2.0000807578068827,2.000061412866415,2.000077375288785
76_2,2.000061638798816,2.0000539624854103,2.000054009168931,2.0000511448093747,2.0000524579642636
76_3,2.9999999999999996,3.0000000000000004,3.000000000000001,3.0000000000000004,3.0000000000000004
76_4,3.0000000000000004,3.0,3.0,3.0,3.0000000000000004
76_5,3.0,2.0000811861409304,2.0000852350313214,2.0000686132691112,2.000067047520956
76_6,3.0,2.0000740022517554,2.00007118151035,2.000077185087822,2.0000773933445233
76_7,3.0000000000000004,3.0000000000000004,2.0000771324518176,2.0000769870667816,2.0000551022247914
76_8,2.0000895698069345,2.0000941364375713,1.0001535372362753,1.0001119413505626,1.0001135336287412
76_9,3.0,2.000052425274789,2.000056331650279,2.0000545465602375,2.0000551566329285
76_10,3.0,2.000066485868102,2.000062911110478,2.000071024567205,2.000053637073291
76_11,3.9999102877852564,3.999904578218969,2.9999999999999996,3.9999148566004634,3.0000000000000004
76_12,2.000104755196667,3.0000000000000004,3.0000000000000004,2.000071401678855,2.000065365468321
76_13,3.0,2.9999999999999996,3.0000000000000004,3.000000000000001,3.0000000000000004
76_14,2.000109939844682,2.000053201429186,2.0000555009947303,2.000062680867623,2.000076784782479
76_15,2.0001278075611535,2.000051472002754,2.000070865065419,2.000051271544356,2.0000536725885807
77_0,2.0000554121849605,2.000054726270732,2.0000509741969354,2.0000505403329787,2.0000508595274615
77_1,2.000062773835539,1.3731557357414708,2.0000684988375363,2.0000577376194313,2.000051972968465
77_2,3.0,2.000068720698864,2.000057225992162,2.000068499086174,2.0000528268050397
77_3,2.0000767901695573,2.0000611853992023,2.0000662517753747,2.0000767667535646,1.000128648746497
77_4,2.9999999999999996,3.0000000000000004,3.0000000000000004,3.0,3.000000000000001
77_5,2.0000736278205884,2.0000552760404444,2.00006116136291,2.0000683928843754,2.0000586949568033
77_6,3.0,2.9999999999999996,3.0000000000000004,3.0000000000000004,3.0
77_7,3.0000000000000004,3.0,3.0,3.0000000000000004,3.0
77_8,2.9999999999999996,2.000089976053436,2.0000601611686615,2.0000537414909365,2.0000542050840355
77_9,3.0,3.0000000000000004,2.9999999999999996,3.0,2.00010068336128
77_10,2.9999999999999996,2.000068636049188,2.000080516436218,1.4568386348972857,2.0000627885274804
77_11,3.0,3.0,3.0000000000000004,1.3968336772899272,2.000080938425177
77_12,3.0,3.0000000000000004,2.9999999999999996,3.0000000000000004,3.000000000000001
77_13,1.0002001020351032,2.000057824932131,1.0001779412797713,2.000070852991016,1.000128667606815
77_14,3.0000000000000004,3.0,2.0000664062985054,2.0000525737904695,2.0000588444780716
77_15,3.0000000000000004,2.000058867930576,2.0000519606665597,2.000051689355321,2.0000512675507243
78_0,2.0000527476977252,2.0000516659445564,2.0000514689809936,2.0000506777814775,2.0000517402892064
78_1,2.9999999999999996,2.0000561556536196,2.000056116985629,2.0000577803515953,2.0000555727987934
78_2,3.999914056794365,3.9999369466974115,3.999925334137656,3.9999368022811748,3.99993045661453
78_3,3.0,3.0,2.9999999999999996,3.0000000000000004,3.0
78_4,3.0,3.0,3.0000000000000004,3.0,3.0000000000000004
78_5,3.9999210381255614,3.999925490666741,3.9999100217728722,3.0,2.9999999999999996
78_6,3.9999352639395207,3.9999347079573555,3.9999285138699983,3.9999287504328427,3.9999327510836333
78_7,3.9999151940599273,3.0,3.0000000000000004,3.0000000000000004,3.0000000000000004
78_8,2.000115275634311,2.0000579158422815,1.0001795079650035,2.000069733328709,2.0000958631364223
78_9,3.9999248201562536,3.9999228305218626,3.0,3.0000000000000004,3.0
78_10,2.0000737239877475,2.0000662707741252,2.000076795288246,2.00007677374537,1.0001252853293192
78_11,3.999914056794365,3.9999287016714153,3.999930593156066,3.999922506029113,3.999938089026279
78_12,3.9998886772496265,3.999945765169206,3.999944973592392,3.9999407200871784,3.9999287963485948
78_13,3.0000000000000004,3.0,3.000000000000001,3.0000000000000004,3.0000000000000004
78_14,2.9999999999999996,2.9999999999999996,2.00006637421579,1.4767664757957961,2.0000522002277226
78_15,3.0,2.9999999999999996,3.0,2.000084461279968,2.000055480850755
79_0,3.0000000000000004,2.000051118805467,2.0000514067240096,2.0000512599283238,2.0000552969651286
79_1,3.0,2.0000526283725732,2.0000531170262,2.0000598685304807,2.000061230104989
79_2,3.000000000000001,2.000055504683562,2.0000685984078443,2.0000568675301365,2.000054120130705
79_3,2.0000724648039987,2.000051145929822,2.0000533190361955,2.0000528709931458,2.00006435924407
79_4,2.000052886131003,2.0000522133695564,2.0000529208180775,2.0000523546677607,2.00006443287201
79_5,3.0,2.0000627434813274,2.0000627169189307,1.4254020866761026,2.0000518460375187
79_6,3.999895640808336,2.9999999999999996,2.9999999999999996,3.0000000000000004,2.9999999999999996
79_7,1.000200267588689,2.000054829489616,2.0000768353987524,1.0002000137306204,1.0001173798541925
79_8,2.0001075273764526,1.0001368214314983,1.0001119444619884,1.0001072438708067,1.0001056494745242
79_9,2.0000741090232728,2.000060022668917,2.000053119815595,1.4911691811000916,2.0000526522126205
79_10,3.0,2.0000519829335226,2.000052687329078,2.0000517408433764,2.000051845441525
79_11,3.0,3.0,3.0,3.0,2.0000775828049746
79_12,3.0,3.0000000000000004,3.0,2.0000662854141797,2.000080771504491
79_13,2.0000842105520547,2.0000644830073857,2.000058919328744,2.0000709080563874,1.0001606867004555
79_14,3.0,2.0000514688318427,2.000053253047452,2.000058738844448,2.0000578706731615
79_15,3.0000000000000004,2.0000510093011794,2.000051821386843,2.000050813380517,2.000052539901665
80_0,2.0000890194190366,2.0000567960833098,2.0000684042556998,2.0000586971918444,1.00016064995797
80_1,3.0,2.0000539211900787,2.0000521399557383,1.4931392535533088,2.0000518881929437
80_2,2.9999999999999996,3.0000000000000004,2.9999999999999996,1.3959442557046629,3.0
80_3,3.0,3.0000000000000004,3.0000000000000004,2.000061204757317,2.0000560407173382
80_4,3.9999012394381155,3.9999289875386332,3.0000000000000004,1.6929534163519757,3.999915247079928
80_5,3.0000000000000004,3.0000000000000004,3.0,1.3387396272573358,3.0000000000000004
80_6,2.9999999999999996,3.9999192427559604,3.0,2.9999999999999996,3.0000000000000004
80_7,2.000080707031087,2.0000943636336026,2.0000769295955325,2.000056024768053,1.4899270734764034
80_8,1.000130333457141,3.0,1.0001223153222112,2.0000684129971598,1.0001324717474487
80_9,2.9999999999999996,1.883921260488135,2.0000844515368907,1.3835504892911945,2.0000532711659154
80_10,3.0,3.0,2.000084606417271,2.0000685132250697,2.0000570384073266
80_11,3.9999408085094346,3.9999464663023874,3.999943196175209,3.999944411002375,3.9999421436722726
80_12,3.0,2.0000510604621167,2.000051195296898,1.5365741256520822,2.000052033599424
80_13,3.0,2.9999999999999996,3.0000000000000004,3.0,3.0
80_14,1.0001780029427172,2.0000547005893727,2.000062691279257,1.4678836413342973,2.000080334937653
80_15,2.000064503355224,2.000058768900928,2.0000547747901662,2.00005289517836,2.000051104352061
81_0,3.0000000000000004,2.000089040198004,2.000089116990746,2.0000662520913792,2.0000522939870122
81_1,3.0,3.0000000000000004,3.0000000000000004,3.0,3.0000000000000004
81_2,2.9999999999999996,2.0000949744894037,2.0000547441979255,2.0000599416992655,2.0000563713543196
81_3,3.0,1.0001284085902447,2.0000529110493104,2.000052598047333,2.000051804704252
81_4,3.0,3.0,2.000071252975624,2.0000663942474954,2.0000615681579013
81_5,3.0,3.0000000000000004,2.000095478124652,2.0000543695801385,2.000057431133943
81_6,3.0,2.9999999999999996,2.9999999999999996,3.0000000000000004,3.0
81_7,3.0,3.0000000000000004,3.0000000000000004,3.0000000000000004,3.0
81_8,1.0001900774179624,2.0000600763019367,1.000201854076159,2.000054003405629,2.000089753138879
81_9,3.0,3.0,3.0,3.0000000000000004,3.0000000000000004
81_10,2.000064897976579,1.0001276128000265,2.0000545447479827,2.0000549518959234,2.0000554730371745
81_11,3.0000000000000004,3.9999331311854025,2.999999999999999,3.0,2.9999999999999996
81_12,3.0000000000000004,3.0000000000000004,3.0000000000000004,3.0,2.0000948386125446
81_13,3.9999256854305494,3.9999049268263556,3.0,3.0,2.9999999999999996
81_14,3.0,3.0,2.00008465143935,1.474836222063002,2.000053718378656
81_15,3.0,3.0,2.000070938926922,2.0000767934307047,2.0000560392928657
82_0,3.0000000000000004,2.000100204794657,2.000055381850123,2.000058708104741,2.0000577245018083
82_1,3.0000000000000004,3.0000000000000004,3.0000000000000004,3.0000000000000004,2.9999999999999996
82_2,3.999929204646675,3.0,2.9999999999999996,3.999919510840398,3.0
82_3,3.0000000000000004,3.0,3.0000000000000004,3.0,3.0000000000000004
82_4,3.0,2.9999999999999996,3.0,3.0,3.0
82_5,3.999928214168399,3.9999453280103054,3.9999311707719847,3.999942954381752,3.9999349595664104
82_6,3.0000000000000004,3.9999289505336053,3.999915227229816,3.0,3.0
82_7,3.0,3.0000000000000004,2.0000845058065435,3.0,3.0
82_8,3.0000000000000004,3.0000000000000004,3.0,3.0,2.00008441179759
82_9,3.0,3.0000000000000004,3.0000000000000004,3.0000000000000004,3.0
82_10,3.9999408112030506,3.999941574707076,3.999930887957343,3.999943572503381,3.999942480574886
82_11,3.999939585899301,3.9999382455782233,3.9999351591444614,3.9999418499211883,3.9999366929201745
82_12,3.000000000000001,3.0,2.000071003539718,2.000052305238803,2.0000554348505113
82_13,2.9999999999999996,3.0,3.0000000000000004,3.0000000000000004,3.0
82_14,3.0000000000000004,2.0000512575199805,2.0000507509148764,2.000050504310606,2.0000510549075226
82_15,2.000051469505598,2.000050890280241,2.000051010743633,2.000050357376818,2.000050560799544
83_0,3.0,2.0000577172783722,2.000066296037368,2.000084425264813,2.000051563405691
83_1,2.000053043078223,2.000055334708771,2.000054724458581,1.478927040883866,2.000058745442643
83_2,3.0,2.0000646522438523,2.0000600701441265,2.0000844784033824,2.0000527482821484
83_3,2.0001007338726517,2.0000737658546925,2.0000569544303675,2.000052961619521,2.0000522236739293
83_4,3.0,2.0000710741568386,2.0000588675785633,2.0000663350805707,2.0000533179640065
83_5,3.0000000000000004,2.0000599645133255,2.0000548135049163,2.00005103865433,2.0000522005616346
83_6,3.9999026859272666,3.0000000000000004,3.0,3.0,3.0000000000000004
83_7,3.0000000000000004,2.0000709821060725,2.000057046787642,2.000052694469079,2.0000534065648283
83_8,2.000080619663003,2.0000549864636947,2.0000612639992834,1.487479021902866,2.0000768117139693
83_9,3.0000000000000004,3.0000000000000004,3.0000000000000004,3.0000000000000004,2.000070951748145
83_10,3.0,3.0000000000000004,3.0,3.0000000000000004,3.0000000000000004
83_11,3.0,3.0,3.0,2.9999999999999996,2.0001016903742213
83_12,3.0000000000000004,2.9999999999999996,3.0,2.000084486707456,2.0000557194430244
83_13,3.0,2.0000527516437616,2.0000514690764133,2.0000508599686015,2.000051668167801
83_14,3.0,2.000054859003629,2.0000560702426773,2.0000662775403577,2.0000516283616516
83_15,3.000000000000001,1.4691866917386167,2.000052688961815,1.49756641872379,2.0000519726522232
84_0,3.0000000000000004,2.0000943030054397,2.0001002928301075,2.0000567827571425,2.0000520785142233
84_1,2.0000772841798997,3.0000000000000004,2.0000895504597493,2.0000644764456217,2.0000557724271686
84_2,2.9999999999999996,3.0,3.000000000000001,3.0000000000000004,3.0000000000000004
84_3,2.0000949731313815,2.9999999999999996,2.000084717184639,2.0000737024183253,2.0000569166035653
84_4,3.0000000000000004,2.9999999999999996,2.0000805390155425,2.000088999498358,2.0000768972600413
84_5,3.0,2.0000807664397957,2.00006170405321,2.0000527532348142,2.0000526855707417
84_6,3.9999042137665697,3.999918752450945,3.0,3.0,3.0000000000000004
84_7,3.0,2.0000709582664116,2.000068513038724,2.0000525287152167,2.0000509433778086
84_8,2.9999999999999996,3.0,2.000073724275255,2.0000644644431342,2.0000767838949063
84_9,2.9999999999999996,3.0000000000000004,3.0000000000000004,2.000080394323294,2.0000644686313085
84_10,3.9999430372682983,3.9999281892206398,3.9999101144113522,2.9999999999999996,3.0
84_11,3.999917397678836,3.999922604151916,3.0,3.0,3.0
84_12,3.0000000000000004,2.000055508652946,2.0000544043924937,2.000050693676841,2.000052375729889
84_13,3.0000000000000004,3.0000000000000004,2.0000849750618177,2.0000540052173954,2.00005727119816
84_14,3.0000000000000004,1.000118927666504,2.0000892420739307,2.00006118721084,2.00005693141281
84_15,2.9999999999999996,2.0000769677404855,2.000053537064845,1.4527577281025439,2.0000523184038816
85_0,1.000103418749522,1.0001472357273709,1.0001687269829163,1.000115332736536,1.000110538967895
85_1,3.999905238302463,2.9999999999999996,2.9999999999999996,3.0,3.000000000000001
85_2,3.0000000000000004,3.0,3.0000000000000004,3.0000000000000004,2.0000738946224943
85_3,3.0,3.9999053041027275,3.0,3.0000000000000004,3.0
85_4,3.0,3.0,3.0000000000000004,2.000084583083388,2.9999999999999996
85_5,3.999924854299144,3.999926229408191,3.0,3.0000000000000004,3.0
85_6,3.999928776471166,3.9999448562462803,3.9999435427932437,3.999946883044869,3.999941465581199
85_7,3.9999249117594196,1.000121470876743,3.9999224735101624,3.0000000000000004,3.0
85_8,2.000063680045122,2.0000535771940164,2.000061335602513,2.0000587331062127,2.000084446377408
85_9,3.0,3.000000000000001,3.000000000000001,2.9999999999999996,3.0000000000000004
85_10,2.000055840020603,2.000052747852797,2.000053667468948,2.000052894588237,2.0000598953143807
85_11,3.9999057207164226,3.9999397713067206,3.9999392372058096,3.9999453407703407,3.9999448656156487
85_12,3.9999405764195166,3.999945173734671,3.999935185180563,3.0,2.9999999999999996
85_13,3.0000000000000004,3.0,2.0000715053205007,2.0000589432047993,2.000056627851895
85_14,2.9999999999999996,2.0000895681679394,3.0000000000000004,2.0000628905423143,2.0000648030053854
85_15,3.0,2.000089207287711,2.000076950924368,2.0000577179276657,2.000052429148106
86_0,2.0000889807067663,2.0000577759889673,2.0000803687692326,1.0001778828753933,1.0001135324242107
86_1,3.0000000000000004,2.0000538272585153,2.0000541825200693,2.0000507509330445,2.000052425048112
86_2,3.0,2.0000614055240784,2.0000614001123,2.0000521182908924,2.0000528281824055
86_3,2.0000810336399444,2.0000511765642286,2.000076769363518,1.0001472312075694,2.000076764984988
86_4,3.0000000000000004,2.0000551467871284,2.0000532968114713,2.00005599755485,2.0000556067464568
86_5,3.0000000000000004,2.00006630375493,2.0000612565785754,2.0000507869605757,2.0000518459541023
86_6,2.9999999999999996,2.0000946625793325,2.0000740520838916,2.000052519035736,2.0000526288013205
86_7,3.0,3.000000000000001,2.000068573692846,2.0000518189731586,2.000051713260499
86_8,2.0000701283967475,2.0000520913992963,2.0000526260718074,2.0000532351677776,2.0000532539894667
86_9,3.0000000000000004,1.6921306156792877,2.0000549224231587,2.000051297041552,2.0000534267156085
86_10,3.0000000000000004,2.000052142839715,2.000052494921869,2.0000508084219812,2.0000515114400264
86_11,3.0,2.000053376824256,2.000056206074012,2.0000532023528916,2.0000541419740743
86_12,3.0,2.1121802534807386,3.0,3.0000000000000004,2.9999999999999996
86_13,2.0001082025290144,2.000051511314653,2.0000533755728513,2.000051977533469,2.0000598688100544
86_14,2.0000797062329916,2.0000611708566494,1.0001882491936882,2.0000941216190133,1.0001196895597975
86_15,3.0000000000000004,2.000053355338602,2.000057114185766,2.0000506942904916,2.0000512408919864
87_0,2.0000709517765243,2.00007366808376,2.000066313864498,2.0000587055540495,2.0000520623447375
87_1,2.0000903143282187,2.0000517497475974,2.0000522133935736,2.000051183466083,2.000052869889945
87_2,2.0000601406431526,2.000054110994229,2.000054732862073,2.000051889938575,2.000052750677665
87_3,3.0,2.6968862755846024,3.0000000000000004,2.000100786545842,3.0
87_4,2.0000518443269577,1.497547436395836,2.0000516657539174,2.000051111194192,2.000051667571734
87_5,2.0000953410420625,3.0,3.0,3.0,3.0000000000000004
87_6,3.000000000000001,3.0,2.9999999999999996,3.0000000000000004,2.9999999999999996
87_7,3.0,3.0000000000000004,3.0000000000000004,2.9999999999999996,3.000000000000001
87_8,2.000080445790426,2.000066305442292,2.0000844070034596,2.000068419272628,2.0000803358277124
87_9,3.0000000000000004,3.0000000000000004,3.0,3.0,3.0
87_10,3.999918152077234,3.0,3.0,3.000000000000001,2.9999999999999996
87_11,3.0000000000000004,3.0,3.0000000000000004,3.0000000000000004,3.000000000000001
87_12,3.0000000000000004,3.0000000000000004,2.9999999999999996,1.4067649697623485,2.0000662942932346
87_13,2.0000961050648383,3.0,3.0,3.0000000000000004,3.0000000000000004
87_14,2.9999999999999996,2.000057749425704,2.0000663130939755,1.461623919788197,2.0000533379051366
87_15,2.0000523385418085,2.00005081618731,2.0000514048643274,2.000050677733741,2.000054161206532
88_0,2.0000627639135335,2.0000530239478316,2.0000534267930736,2.0000532268598343,2.0000547079024633
88_1,2.0000609669467457,2.000052267972876,2.000053273204342,2.0000522232389257,2.0000533738323765
88_2,2.0000558156799104,1.000122335873129,2.0000534049498007,2.000052138036373,2.0000540046098663
88_3,2.000091438064493,2.0000690305064595,2.000062353982975,2.000056923814458,2.000060132030841
88_4,2.000084564538452,1.000262464875255,2.0000556057987464,2.000061240749634,2.000061279207988
88_5,2.9999999999999996,2.000074073168272,2.9999999999999996,2.0000646699561977,2.0000907883362644
88_6,2.0000964429698924,1.4376578433737706,2.000062472500392,1.4848438958004995,2.0000537136045837
88_7,3.0,3.0,3.0,3.0,3.0
88_8,1.0001056936381896,3.0,1.0001198252767585,1.0001197285615353,1.0001106021556219
88_9,2.9999999999999996,3.0000000000000004,3.0000000000000004,2.0000944258680793,2.0000895388734996
88_10,2.0000656583496763,1.0001205171164391,2.000061362421144,2.0000569978288145,2.000060885614138
88_11,2.0000697282149393,1.4536391731042244,2.000056126807923,2.000054733494213,2.000058973094581
88_12,2.0000739353154517,2.000089358647206,2.000063053248997,2.0000534611047582,2.000055716475395
88_13,2.000089826737992,1.0001149900150483,2.000058123866071,2.000052235730391,2.0000533151324853
88_14,1.0001056383526972,1.0001223091384073,1.0001223102831702,1.000113532661483,1.0001093012956863
88_15,2.0000539088654197,2.000053204897938,2.0000519720503043,2.0000526283968867,2.000052628342945
89_0,2.000080243136258,2.0000559846931454,2.0000611768471113,2.0000552734771357,2.000076765209128
89_1,2.0000844187841715,2.000054118396258,2.0000536289860986,2.000056021770102,2.0000941780990233
89_2,2.0000619335550334,2.0001005932922045,2.0000848378453586,2.0000612956040165,2.000068693137225
89_3,3.0000000000000004,2.000052749730575,2.000055828451987,2.0000520464074967,2.000055021842513
89_4,3.0000000000000004,2.000054137319349,2.000054137372997,2.0000526505853395,2.0000543327058513
89_5,3.0,2.000052749730575,2.00005495531059,2.000051805443635,2.00005630759027
89_6,2.000094146067496,2.000094130539611,1.0001472390591568,2.000088941450148,1.00013678943993
89_7,3.0,2.0000523397040544,2.000052507551194,2.0000508513685964,2.00005231923242
89_8,1.0001175236659237,3.0,2.0000892727762922,1.0002002676407542,1.0001286891760637
89_9,2.0000693093395125,2.520558419493855,2.000076817447057,2.5956174848919025,1.000153533574681
89_10,2.0000613551621416,2.000052853846148,2.0000545322384893,2.000051941075973,2.0000615377977744
89_11,3.0,1.517519332478797,2.000071891457772,2.000061503760619,2.000054534902338
89_12,2.9999999999999996,2.0000599805528094,2.0000530430667665,2.0000509251880327,2.000052685904123
89_13,2.000105969327218,2.000080397693278,1.000147263831281,1.0001416943731956,1.000128668498439
89_14,2.0001291980814293,2.0000511180602416,2.0000518495955832,2.000061169403318,2.0000662577538875
89_15,2.0000528243261995,1.0001264347937437,2.0000529993870306,2.000051604778705,2.0000529431257354
90_0,2.9999999999999996,2.0000548575967945,2.000053043727712,2.000050870476013,2.0000525671213474
90_1,2.0000603688587995,2.00006649642168,2.000053740168163,2.0000554328300373,2.0000532047845634
90_2,3.9999257760314353,3.9999399158075044,3.999941120179228,3.999928877954917,3.9999399858940965
90_3,2.9999999999999996,3.0,3.0000000000000004,2.000080417446539,3.0000000000000004
90_4,3.0000000000000004,3.0,3.0,3.0000000000000004,3.0
90_5,3.0,2.0000805382738296,2.0000627863212412,2.0000510098613438,2.0000518911190355
90_6,2.9999999999999996,2.0000538861822235,2.0000534088953352,1.4872675545771272,2.0000686266918146
90_7,3.000000000000001,3.0,3.0000000000000004,2.0000684895057166,3.0
90_8,3.0,3.0,2.0000715353208434,2.0000645794869256,2.000069006102935
90_9,3.0,3.0,3.0,2.000061229155976,2.00007389652741
90_10,2.000066257223856,2.0000553271520074,2.000088948575025,2.0000662472699835,2.000076778696364
90_11,3.000000000000001,3.0000000000000004,3.0000000000000004,3.0,3.0000000000000004
90_12,3.999910297141081,3.999938710843627,3.9999314470896077,3.0000000000000004,3.999910760790489
90_13,3.999887859868953,3.0000000000000004,3.0000000000000004,3.0,3.0000000000000004
90_14,2.9999999999999996,2.000052687573169,2.0000517504568545,2.0000508653025526,2.00005062896379
90_15,3.0,1.4468535091940358,2.000052871099888,2.0000548123971953,2.000064472155079
91_0,1.0001966910269644,1.0001153329994827,1.000113530207045,1.000110537264578,1.0001034204299173
91_1,3.0,2.9999999999999996,3.0000000000000004,2.9999999999999996,2.000060763288171
91_2,3.9999097296057724,3.0,3.0000000000000004,2.9999999999999996,2.0000897906339024
91_3,2.000088930886172,2.000055566075746,2.0000582966288234,2.0000804200455056,1.0001287400157104
91_4,3.0000000000000004,3.000000000000001,3.0,3.0,3.000000000000001
91_5,3.0,3.0000000000000004,3.0,2.0000944437149064,2.0000715611997983
91_6,3.0,3.000000000000001,3.0,3.0,2.000094785858279
91_7,3.0000000000000004,3.0000000000000004,3.0,3.0,3.0
91_8,3.999915664163243,3.0000000000000004,3.0,3.0000000000000004,3.0
91_9,3.0000000000000004,2.000052648427538,2.0000523204484395,2.0000506330283327,2.0000535324995945
91_10,2.9999999999999996,3.0000000000000004,3.0,2.000100626043045,2.000084809355045
91_11,3.9999235309412438,3.9999285662207096,3.999918904941584,3.999915243533185,3.999914816104502
91_12,3.0,3.0000000000000004,2.9999999999999996,2.9999999999999996,2.000061476762803
91_13,3.0,1.5453671906009798,2.000054339464695,2.000051379242074,2.0000521401406193
91_14,3.0,2.000054201752566,2.0000628962338793,2.0000524289334707,2.0000527517089073
91_15,3.0,2.0000526511097725,2.0000522127135274,2.000051869001357,2.0000612065976813
92_0,3.0,2.0000514368096467,2.0000518882466976,1.4982908331507139,2.000052573730696
92_1,2.999999999999999,3.0,3.0,3.0000000000000004,2.0000853405421584
92_2,3.0,3.0,3.0,3.0000000000000004,3.0000000000000004
92_3,2.0001244811396353,2.0000709160654506,2.0000709656339724,2.0000803698951346,2.000080382854188
92_4,3.0000000000000004,2.0001008175460187,3.0,2.0000893265094044,2.0000572845908358
92_5,3.0,3.0,3.0000000000000004,3.0000000000000004,3.0
92_6,3.0,3.0,2.000102167856005,3.0,2.9999999999999996
92_7,2.9999999999999996,3.0,2.9999999999999996,2.000094404726315,2.000056380551077
92_8,2.000064952675919,2.0000532962875885,2.000071020526251,1.3615383600040312,2.0000890112791625
92_9,3.0,3.0,3.0,2.000073842939565,2.000058028668414
92_10,3.0,3.0,2.9999999999999996,3.0000000000000004,2.0000956875649742
92_11,3.9998940093736723,3.0,3.0,3.999915314774347,3.0
92_12,3.0,3.0,3.0,3.0,2.9999999999999996
92_13,1.0001196949732192,1.0001687557361905,1.0001417037559757,1.000122312950656,1.0001093016051055
92_14,3.0000000000000004,2.0000551526639545,2.0000571341806017,2.00005204664612,2.0000540029347413
92_15,3.0,2.000053304887485,2.000066387400974,2.0000520344460866,2.000053401797107
93_0,2.000084721603303,2.0000889399551607,1.000168728643086,1.4016040909843104,1.0001324646700471
93_1,2.000057148496709,2.000053021188018,2.000056856260621,2.000056783514027,2.000058847422584
93_2,3.0,3.0,3.0000000000000004,3.0000000000000004,3.0000000000000004
93_3,2.0001136089870033,2.000052493104183,2.0000549138829373,2.0000533053168925,2.0000612522817884
93_4,3.0000000000000004,1.3335860123053405,2.000089856787901,2.00008046785268,2.000066400569521
93_5,2.0001012355584984,2.0000806512547435,2.000095561637027,2.0000945117809756,2.0000714028098026
93_6,3.999936798515301,3.9999185537025332,3.999930554953091,3.999935607803054,3.9999305504344065
93_7,3.0000000000000004,3.0,2.9999999999999996,3.0,3.0
93_8,3.0000000000000004,3.0000000000000004,2.9999999999999996,2.0000579834449326,2.0000669543919534
93_9,3.0,3.0000000000000004,2.9999999999999996,3.0000000000000004,3.0000000000000004
93_10,3.999894249652754,3.999938344913016,3.999938973431839,3.9999149034251826,3.9999180021493776
93_11,3.9999379699962034,3.9999422718269675,3.9999409405037563,3.99991883539999,3.9999183089964214
93_12,3.0,2.9999999999999996,2.9999999999999996,3.0,3.0000000000000004
93_13,3.0,2.0000600063997576,2.0000948602745137,1.4754814176517734,2.0000524950944656
93_14,3.0,2.0000664481899473,2.00008113927738,2.0000599900936176,2.0000630538876973
93_15,2.000053050444514,2.000051216616546,2.0000529210683835,2.000051094911739,2.0000611868773865
94_0,1.000155275222901,1.0000502755637635,1.0000507429430103,1.0000501011149996,1.0001006709472144
94_1,3.0,3.0,3.0,2.0000587366759515,2.0000598949208888
94_2,2.0000534061890773,2.000052630297568,2.000052139717208,2.00005117684441,2.000052425250465
94_3,2.0000521399436946,1.0001002775978272,2.0000521423157043,2.0000514159794203,2.000051574711483
94_4,2.000066370532319,2.000053851705432,2.0000569239408237,2.000058722098828,2.000068402459526
94_5,3.000000000000001,2.0000555396381503,2.0000529249124406,2.000050632546277,2.0000515935206997
94_6,3.0,3.0000000000000004,3.0000000000000004,2.9999999999999996,2.000095660166077
94_7,2.9999999999999996,2.0000947068316104,2.00008952227572,3.0,2.0000947422748516
94_8,2.000115113173364,2.000080419450438,1.0001473209022367,1.000147252640314,1.0001119495154969
94_9,3.0,2.0000545974750135,2.0000646025505406,2.00005166831102,2.0000523199593707
94_10,3.0,3.0,2.9999999999999996,3.0000000000000004,3.0
94_11,2.9999999999999996,3.0000000000000004,3.0,3.0000000000000004,3.0
94_12,3.0,3.0,3.0,2.000089023972172,2.0000684957203965
94_13,3.0000000000000004,2.000052064168177,2.0000528246059988,2.0000528777753734,2.0000546944804722
94_14,2.9999999999999996,2.000051591971072,2.000053156241811,2.0000541689848443,2.0000560548833453
94_15,3.0000000000000004,2.0000511833527677,2.0000513732702405,2.000050668865919,2.000050767894121
95_0,1.000188276678007,2.0000736227790243,2.0000684068166628,1.3750927398914492,1.0001472340445752
95_1,3.0,1.3346961658311252,2.0000807689046662,1.4064595832505178,1.4722593884908908
95_2,3.9999250442312912,3.999937148494855,3.999928615690068,2.9999999999999996,3.0000000000000004
95_3,2.0001009392399105,2.0000944229921287,2.000071278454515,2.000059953684632,2.000055148456373
95_4,3.0000000000000004,2.9999999999999996,3.0,3.0,2.00010092749928
95_5,3.9999302718631515,3.9999050426031673,3.0000000000000004,2.9999999999999996,3.0
95_6,3.999931825740663,3.999935145133511,3.9999328203778126,3.999931301201851,3.999914816572129
95_7,3.0,3.0000000000000004,3.0000000000000004,3.0,2.0000604014289713
95_8,2.0001238323660915,2.0000893702101363,1.0001155855433284,1.0001253711410163,1.0001082789896125
95_9,3.0,3.000000000000001,3.0000000000000004,3.0000000000000004,3.0
95_10,3.0,3.0,3.0,3.0,2.0000815162771777
95_11,3.9999320260750646,3.9999354504810776,3.999925407093965,3.9999354696581273,2.9999999999999996
95_12,3.0,3.0000000000000004,3.0,2.0000769016691855,2.0000614926459805
95_13,3.0,2.667474158335313,3.0,3.0,2.000058327685595
95_14,2.0000547104528934,2.0000511095078752,2.0000528251128844,1.4936316404372896,2.00005685079554
95_15,2.9999999999999996,2.0000518685900026,2.000052647033169,1.4912162530532955,2.000057685500223
96_0,3.0,2.000051240629747,2.0000512117353693,2.0000505671528277,2.000050851565333
96_1,3.0,3.0,2.0001007666843726,2.0001004154991953,2.00006886240574
96_2,3.0,2.9999999999999996,3.0,3.0,2.000052924548704
96_3,2.9999999999999996,3.0000000000000004,2.0000808450045384,2.9999999999999996,2.0000565429581245
96_4,3.0,3.0000000000000004,2.9999999999999996,3.0000000000000004,2.0000770516658717
96_5,2.9999999999999996,3.0,2.0000808450045384,2.9999999999999996,2.0000552183543734
96_6,3.9999244113633754,3.0000000000000004,3.0,3.0,2.9999999999999996
96_7,3.9999152899342114,3.0,3.0,3.0,2.9999999999999996
96_8,2.0001112036648476,1.0001166091228304,2.0000587381836707,2.0000598570283983,1.0001687417242417
96_9,3.0000000000000004,3.0,2.0000946768686445,3.0,2.0000667113054105
96_10,3.0,3.0,2.000084867838802,3.0,2.000066701275988
96_11,3.0,3.0,3.0,2.9999999999999996,3.0
96_12,3.0000000000000004,3.0000000000000004,3.000000000000001,2.9999999999999996,2.000084796186068
96_13,3.000000000000001,2.9999999999999996,3.0000000000000004,2.9999999999999996,2.000060234843852
96_14,3.9999068267257094,3.0,3.0,2.9999999999999996,2.0000646961003707
96_15,2.00005605460925,2.000054684505217,2.000058698038811,2.0000536449345794,2.000070863230141
97_0,1.0001837433204164,1.0001196890475517,1.0001049755408664,1.0001063916902184,1.0001030174791325
97_1,2.0001007634299235,2.000084747535407,2.000080694671743,2.000055478871876,2.000094453763493
97_2,2.0000598648997383,2.0000526646273733,2.0000547982416017,2.0000520913454882,2.000055828535447
97_3,3.0000000000000004,2.0000519721935857,2.000059918646432,2.0000515357794977,2.0000709071133698
97_4,2.0000684227961183,2.0000560216098875,2.0000843771475596,1.4158813797586034,1.0001535328346962
97_5,2.9999999999999996,1.429699481380695,2.000089672758263,2.0000686270129706,3.0
97_6,3.0,2.0000600346608675,2.0000615587526993,1.4234912316705803,2.0000666706420938
97_7,3.9999185475070815,3.9999105440041345,2.999999999999999,1.832363223432326,3.0
97_8,1.000264287861943,1.0001687761554912,1.0001056407610718,1.0001223162419808,1.0001119455482537
97_9,3.0000000000000004,2.000060043374512,2.000053299565271,2.00005264881491,2.0000538594050443
97_10,3.0,2.0000518302313797,2.000053296912731,2.0000560458786953,2.000054333963342
97_11,3.9999076061712837,3.9999217153662165,2.9999999999999996,3.999921890886812,3.9999396750366305
97_12,3.9999258625017418,2.2634356281037404,3.0,3.0,3.000000000000001
97_13,3.0,2.0000539207490244,2.0000525080814477,1.491434473062065,2.0000535338825114
97_14,2.000086742654327,2.000068419303415,1.0001687296267103,1.0001472336073165,1.0001882547467034
97_15,2.0001222562370238,2.0000532463425356,2.000052012185196,2.00005412187089,2.0000587226883733
98_0,2.0000526506208245,2.000051544296137,2.000052275005188,2.0000505580341823,2.000051333583018
98_1,3.0,3.0,2.9999999999999996,3.0000000000000004,3.0000000000000004
98_2,3.9999260235971046,3.9999372222731875,3.0,3.999910937270019,3.9999154643765644
98_3,2.0000538843407205,3.0,2.0000515114816975,2.0000504198621,2.000050662542132
98_4,3.0000000000000004,3.0,3.0,3.0000000000000004,3.0
98_5,2.0000709460491435,2.9999999999999996,2.000066313158959,2.000064348772925,2.000054155592391
98_6,3.9998998222548168,3.0,3.9999227363814134,3.999910514457633,3.0
98_7,3.0000000000000004,3.000000000000001,3.0000000000000004,3.0,3.0000000000000004
98_8,2.9999999999999996,2.0000728417944673,3.0,3.0000000000000004,3.0
98_9,2.9999999999999996,2.0000806513628095,2.000064557690988,2.0000662520675303,2.000052599859449
98_10,3.0000000000000004,3.0000000000000004,3.0,3.0000000000000004,3.0000000000000004
98_11,3.999890834468357,3.9999099555418987,3.999918692120798,3.999910690688423,2.9999999999999996
98_12,3.9998973645495823,3.999945448415795,3.999935542720033,3.9999108175931997,3.0
98_13,3.0,2.9999999999999996,3.0,3.0000000000000004,3.0
98_14,1.0001883285703013,2.0000576898387123,2.0000708501316096,2.0000736172232507,1.0001999953836704
98_15,3.0000000000000004,3.0000000000000004,3.0000000000000004,3.0,3.0000000000000004
99_0,3.0,2.000051146185746,2.0000524272827884,2.000050693664954,2.000051094345378
99_1,3.0,2.000053756760138,2.0000582810605994,1.487978196966678,2.0000533778679523
99_2,2.000095297813234,1.000114250197092,2.0001011432761677,2.000100489265493,2.000060122424175
99_3,3.0,2.00007097510514,2.0000845441825215,2.000076832231857,2.00007690022815
99_4,3.0,3.0000000000000004,3.0,3.0000000000000004,2.9999999999999996
99_5,3.0000000000000004,2.000064589729515,2.000066947055217,2.00006642416126,2.000060762895053
99_6,3.9999173119078817,3.0000000000000004,2.9999999999999996,3.0,2.9999999999999996
99_7,3.0,3.0,2.0001007222153278,2.0000708977469817,2.000053831543689
99_8,3.0,1.0001231055260063,2.0000672773853085,2.0000662964483826,1.0001368394647643
99_9,2.0000953599629265,2.00005209082163,2.000051961024347,2.000051069229439,2.000052007226433
99_10,3.0,3.0,2.0000603173053686,2.000056915375374,2.000054372840638
99_11,3.9998847560361606,3.0,3.0000000000000004,3.0,3.0
99_12,3.0000000000000004,3.0,3.0,2.000062707972822,2.0000531202091443
99_13,2.000059316846251,2.000053118421171,2.0000612785707186,2.00006842804064,2.0000803472025357
99_14,2.9999999999999996,2.0000517228503885,2.000052006338194,1.4971689291087535,2.000051914119297
99_15,3.0000000000000004,2.0000520074227524,2.000053535998443,2.000051176993482,2.0000512974766886
