group,COT1,COT2,COT3,COT4,COT5
0_0,1.0005939481218007,1.000083463095195,1.0000515616743573,1.0000506323045302,2.0000499985103772
0_1,2.000054540522749,2.0000514096262925,2.672382941337929,1.5033614694336312,2.00005535161093
0_2,2.0000269657871774,1.508455791630899,1.6294858298573736,1.5058548256375341,1.6694015377216058
0_3,2.0000609726678724,2.0000511852184086,3.0,2.0000512230410923,3.0
0_4,2.31412030310411,3.0,2.000055600703212,2.0000262288113397,2.0000256709830357
0_5,2.0000546683357006,2.0000515302543542,1.000100408812334,3.0,2.000051564758625
0_6,2.113092222808678,2.3433333869720414,3.0000005039665454,1.6162892030151714,1.5974508283346147
0_7,2.420508645387897,2.0003151032273663,1.0001002790879232,2.4208908833196103,2.000049998027639
0_8,1.0001419521009631,2.00011435874168,1.5040597250098346,1.0004846547613953,1.501193419565195
0_9,2.40834087222599,1.3183081390026998,1.5013542663196076,1.0001009855309804,3.0000000000000004
0_10,2.3141437760392023,2.446235836952724,2.459526763761144,2.0000395198010668,1.0002190083328895
0_11,2.0000295631297975,2.0000264423825023,1.438297184141859,1.0001002818892464,1.5028032073153637
0_12,2.8886078775549215,2.4311690803917836,1.5027156205399737,1.0001000882653301,1.000101833461117
0_13,3.0,2.0000529832773943,2.6762975297853657,2.0000499980395583,2.0000499980514777
0_14,1.0001608017698496,2.5407195357330394,1.0000520128023567,1.0001153517002281,2.0000499980574373
0_15,2.0001628574553227,2.12838613789871,1.5017270355854972,1.0001002465228577,1.5008003738529332
1_0,2.000059960091317,2.0000611654869576,1.636671876763324,1.0011100171898215,2.0000626585119576
1_1,2.000406559628099,3.0,2.000144531253844,3.0,1.0001251166319758
1_2,3.0,3.0,1.0002926504867373,1.000102340528747,1.5024798010698925
1_3,2.0000571651068584,2.000051616996252,2.000052094027941,2.000051547580251,3.0
1_4,2.0000613356252055,3.0,1.5596368184112837,2.000059927712374,1.0001005014068205
1_5,2.0000523228798297,2.0000526307561706,3.0,2.0000507615232057,2.000051546400028
1_6,2.9999999999999996,2.9999999999999996,1.000100757367331,2.0001561366972958,2.9999999999999996
1_7,3.0000000000000004,3.0,2.0000560264490255,2.0000510767628574,1.0001472872982593
1_8,1.0001253020764886,3.0,3.0,1.0001072523097967,1.000162118857801
1_9,3.0,3.0,1.6610393122284506,1.000147652051645,1.5571392214948456
1_10,3.0000000000000004,1.5411876374781455,1.00010040611851,2.000056956933455,1.0001001901313051
1_11,2.9999999999999996,2.00083335598041,1.0001002467614752,1.0001040056435802,3.0
1_12,2.0000943848388357,2.000084421053226,3.0,2.000062669960766,3.0
1_13,1.0004552860282647,1.4949308072037835,3.0,1.0000999967704456,1.5045809873677374
1_14,1.0008400880386819,2.0000889567536406,2.9999899870422957,1.000077103144521,1.0003718424480998
1_15,2.9999999999999996,2.999999999999999,2.0000944226673383,3.0,1.0001026631121612
2_0,2.0000580238170644,3.0,1.7968489719260958,3.0,1.0001018297659
2_1,3.0,3.000001834275179,1.5038050569529937,3.0,3.0
2_2,3.999875151322807,2.999999999999999,1.0002188463408546,1.0001011090590186,2.3358585965103527
2_3,2.0000645938605923,2.0000514738507094,3.0,1.0001005249496184,1.0001055620163897
2_4,3.0,2.0000614749573455,2.000068609349562,3.0,3.000002767152195
2_5,2.9999999999999996,2.999999999999999,1.0001168088772483,3.0,1.5006531318968261
2_6,3.0,2.000100779582293,2.9999999999999996,1.0001001678882688,2.686984101341463
2_7,2.9999999999999996,1.0001247342396336,2.0001205489291594,3.3057014452173212,3.0
2_8,2.00005727818936,3.0,1.6771016701874935,1.000101829360533,1.000287778436971
2_9,3.0,2.000057963127397,2.000056291534582,2.0000513535847317,1.0001418580218318
2_10,2.309958883068963,1.00248224976894,1.0001006713287122,1.0013860248685962,2.9999999999999996
2_11,2.0024118146017753,3.0,1.0001007615410025,1.001840465170676,2.9999999999999996
2_12,2.0003307738639187,3.0,1.614772926215308,1.0001005219455557,1.0001008642196507
2_13,2.000059351752147,1.660513506124809,2.0000544459751133,3.0,1.2848545039519936
2_14,3.0000000000000004,2.9999999999999996,3.0025133601980576,1.501718180755454,2.999999999999999
2_15,2.9999999999999996,2.0001330723734982,3.0,2.0000768447665194,3.0
3_0,2.0000521457485143,1.8703967437514293,1.4902556124047988,1.0000740594110793,3.0
3_1,1.7197057834043723,2.000051212646652,1.0001002817461404,3.0,1.000100459771298
3_2,2.9999999999999996,2.0000611854891392,1.7689589136861934,1.3776955582140316,2.000114264654616
3_3,2.0000613543878814,2.0000509794355064,2.000051439932701,2.000051299389887,3.0
3_4,2.000476335845933,3.0,2.0000517147565744,3.0,1.5035845782842365
3_5,2.000056275496754,2.0000508086662583,1.00010342593656,1.512686947512763,2.000051890421392
3_6,3.0,3.0,1.7817734964467409,2.0000890678597765,1.0001254384373728
3_7,2.0001254278644547,3.0,1.504651491151717,2.9999999999999996,2.00010099296973
3_8,3.000000000000001,3.0,2.0020300924547816,3.0,2.000095100889405
3_9,3.0,1.4967151282368092,2.000057855052647,1.5057903938730217,2.000054884970875
3_10,2.000148347192339,3.0,1.4409253438359344,2.000055617688563,1.503174685980683
3_11,3.998404325116704,2.00008048294004,1.5282379163986828,1.0001023585879965,2.999999999999999
3_12,4.99922259008401,3.3154251127588603,3.9999449934868427,4.99781458277973,3.0
3_13,2.0000768618292075,2.000057716074457,1.0002101983782412,2.000053698324013,3.0
3_14,2.000055412835474,3.0,2.0209399025665027,3.0,1.000132469675716
3_15,3.0,3.0000000000000004,1.0001009838748982,1.0001012586907823,2.004183197282044
4_0,2.000053533822877,1.0016588459477342,2.0000708752701444,2.0000598651511585,2.0000803291276106
4_1,2.0000643995396286,2.000053804265967,2.000051196500873,1.5157571670030359,2.0000508605226495
4_2,2.0000571629250077,2.6776344589659353,1.4923968900939344,1.0001012561401608,1.0001092315315863
4_3,2.000051847294851,3.0,1.0001106177459573,1.59428596834705,2.0000576754873505
4_4,3.0,2.000051269624863,1.0001003613242743,3.0,1.0001005917256705
4_5,2.0000579126588818,1.4756975328825261,1.5058994982477731,1.5066152862694533,1.4924246435786288
4_6,3.0,2.671844536671072,1.5019397692528915,2.5985453238776346,2.0000568545254724
4_7,3.999939717393772,2.065589663317022,1.5051834170587697,3.999933537243787,2.9999999999999996
4_8,1.0001064016546934,1.0001018303498717,1.0001023528068766,2.3341240322804317,1.5040141282728832
4_9,2.000053387415296,2.6891888935778985,1.6186767728025482,3.0,2.000051569139108
4_10,2.0000548367908753,3.0,2.0000513571487506,3.0,1.503168121529135
4_11,1.0017158514518298,2.000055429629579,1.0001014682638192,1.0001067284505873,1.4671461022240642
4_12,2.9999999999999996,3.0000000000000004,1.0001015009599201,1.0001440024269648,2.9999999999999996
4_13,2.0000520687278622,2.0000516287672276,1.5252006761093873,3.0,2.0845346806856626
4_14,2.0000536332412224,1.0000974035250865,2.3769106968504765,2.00005598561126,1.0013179121807019
4_15,2.00007379768522,1.5095547335429873,2.0000515152059584,2.000051566415668,2.003275153074496
5_0,2.000052048005019,2.0000536619559393,1.4390890513619747,1.5074834631341298,1.0001430944478287
5_1,2.0002185306033144,2.0000643844546486,2.0001070481639145,2.000070927956269,2.0000599318898797
5_2,3.0,2.9999999999999996,1.000100245819679,2.011287022241083,2.9999999999999996
5_3,3.0,2.0000736995537363,2.0000598994375176,1.0015668253159207,1.561242200967923
5_4,2.9999999999999996,2.9999999999999996,1.000057780509083,1.601187291293898,1.5058723628926076
5_5,3.9998725759168527,2.9999999999999996,2.037057101737814,3.0,1.0001001672681362
5_6,3.0,2.0000599835853565,1.435135922380778,2.000089159943509,1.0004535597190372
5_7,3.0,2.999999999999999,2.9999999999999996,1.000100522255654,2.9999999999999996
5_8,1.4586431181987605,2.0204696735724634,2.709965244096958,2.0000560326829318,1.0001001673756016
5_9,3.0000000000000004,3.028350899452801,1.876828522286524,1.000942171809765,3.000001135509118
5_10,2.999999999999999,2.000050644620912,3.0,2.295439755731712,1.0001003154195967
5_11,3.999934695907879,3.9997160371245637,3.0,3.9997497667460222,3.0000000000000004
5_12,3.9999185881366475,2.150901160717322,2.9999999999999996,1.739417116863764,1.000243848614845
5_13,2.0000739906527585,3.0,1.5346456239623283,2.0000515864223667,1.6374942505159475
5_14,2.000101568230827,1.4945321315766138,2.0000521427505538,1.5251393479956925,1.0001008644940916
5_15,2.9999999999999996,2.0000514056628744,1.49117816522392,1.0001002785036823,1.7147038237315322
6_0,2.000052429196181,1.0003398837078146,1.0001016191327117,1.0000648079033998,1.0000693485899546
6_1,2.0000551551076042,2.000055083057253,1.000104439444329,2.771463587615155,1.5051825071849507
6_2,3.0,2.000061330821823,3.0,2.0000577845232934,1.501526950313896
6_3,2.0000552919108867,2.0000510102130944,2.0000518531360547,1.0043473542930585,1.000100077597353
6_4,3.0000000000000004,3.0,2.0000538066435274,3.0,1.609056539415311
6_5,3.0,3.0,1.4968881149118352,2.0000626645490938,2.000053659667941
6_6,3.0,3.0,1.7056023919244598,2.8795445019195487,2.0000844176167467
6_7,2.0000769807167718,3.0,2.000056315140945,1.5175971981995677,1.0001005249376163
6_8,2.0000644004585695,1.5045885647061745,1.000390587391785,1.000101425007563,1.0001606597894168
6_9,1.0001023514482077,2.0000527228033604,2.0077627067792094,1.0001020759737551,2.000054709969823
6_10,1.000799180847568,2.678245636744558,2.0000538057027133,1.5017359665247323,1.000280623364479
6_11,2.000210421287953,2.9999999999999996,1.0048457494870917,2.000073805005881,1.5036373256842765
6_12,2.000467312447105,2.000051846693244,1.000100409146361,1.0001002876228275,2.000051713844631
6_13,1.0001688007901934,1.0001105479075894,1.0001001039277002,1.0000745039828187,1.0001009893813757
6_14,2.0000523417290315,2.000051632957054,2.000056817454748,2.0000576784137443,2.0000559838587364
6_15,2.0000529832119627,1.6199102059506802,1.6723103141156763,2.670367758693938,1.0001001904175573
7_0,1.0167859009334015,2.0001074280111286,1.000101424554365,2.0077449495636244,2.9999999999999996
7_1,2.000124384701284,2.000080404602508,3.601718271597626,2.0000511475450202,2.0001329230409586
7_2,3.0,3.9998996582631237,1.5008349246909178,3.5160991941696196,1.022643298280666
7_3,3.9999273987715305,2.000614065642604,2.000114721990039,2.259243910934205,2.9999999999999996
7_4,3.0,2.0000541438990425,1.5074886095510003,2.016082781965261,2.0000368566080464
7_5,3.9999394073493004,2.5008304414945,1.5530306556528577,3.999767784059816,3.2942865909880314
7_6,3.9999216910017736,3.999914889755102,3.5625619335597234,2.00011455031525,3.0
7_7,2.0000772330795664,1.5107986621717475,2.0000561868056805,2.2592422847997202,2.00005185169975
7_8,3.000000000000001,3.999914977217933,1.9487747380808669,2.0037001606463107,2.000080356583016
7_9,3.9991243038211506,3.0000021406971706,1.5019254426753734,2.9999999999999996,2.9999999999999996
7_10,3.9999251078851006,2.0000890521925623,2.315752626363768,2.999999999999999,2.9999999999999996
7_11,3.999936547961423,2.0111701754784117,1.000101424208319,3.999898613004589,1.505174825237705
7_12,3.0000000000000004,3.0,2.999999999999999,2.9999999999999996,1.0001002781824033
7_13,3.0,2.6977318200949716,1.829430030401908,2.000133083284718,3.0000000000000004
7_14,2.0000532663026864,2.0000643404355793,2.000053360464476,1.5010932003252802,1.5283375911144514
7_15,2.999999999999999,2.0000804860384935,3.36950989006019,3.999291144030582,2.000114633791342
8_0,1.0001779777232829,2.000094143045683,1.0001882970434626,1.000064823137557,1.0001153399008973
8_1,3.0,2.9999999999999996,1.8883212124801922,2.9999999999999996,1.6093136074803804
8_2,3.9997306147330796,2.5986530450089713,1.5080425579991847,2.9418436746959262,2.9999999999999996
8_3,3.0,2.0000567061714913,1.4909999496629889,2.000052753967952,2.0000525120274117
8_4,2.0055566045714994,1.0016705333894216,1.46134041421846,2.0000547188503486,1.504066468103633
8_5,3.99888926068855,2.4650791853239706,3.999807154390685,2.9999999999999996,3.0
8_6,4.966558737864301,3.999938292688274,2.212330817622802,1.501935326361812,3.999935025390897
8_7,2.0000629123919254,3.0,1.508464223276037,3.0,3.0
8_8,1.0001607237149135,2.0001434519215087,1.0001223269947477,2.68253181440504,1.0001770107595558
8_9,3.0000000000000004,3.0,1.0001226181380531,2.0000554222632436,1.0025130658829593
8_10,2.9999999999999996,3.0,1.0012690202804129,2.9999999999999996,1.0001008343363917
8_11,3.9999136514955995,2.2027226683278256,3.0000032100022973,1.0006555849022092,3.0
8_12,3.0000000000000004,3.0,1.7879879763303073,2.0000520573083667,1.0001034218728928
8_13,2.9999999999999996,1.4829852386067985,1.0001399111208327,1.0000861980701958,1.000371955005097
8_14,2.000053867135221,2.0000537531783285,2.0077945735553886,1.0000976415380158,3.0
8_15,2.000068812433904,2.0000521463916576,1.512559311698551,1.7479144546658827,1.778730057462999
9_0,1.6494118042821921,1.7412940192153314,1.0000939417287387,2.0000517375296702,2.000052849441519
9_1,2.0000588506167585,3.0,1.4462580162262082,3.0,1.502741456522237
9_2,2.9999999999999996,3.0,2.9999999999999996,1.0121571808171144,3.0
9_3,3.0000000000000004,2.0000510106006044,2.00005200458017,1.0001030232120813,1.5017255818007014
9_4,2.000061485595984,2.0665481515842647,1.5040689506920017,1.0001001906437184,1.0002062745756435
9_5,2.0000544968668477,2.0000523715103227,1.0001116445418874,1.5045818458290214,1.500443258780735
9_6,3.998835622987557,2.9999999999999996,1.962596787114173,1.0001011089403211,3.0
9_7,2.0001009015491866,2.000064669198955,2.7395786127125286,2.000056838738176,3.0
9_8,1.0002284313915055,1.000136797231252,1.0000587977756306,1.0001324683299022,1.0001286720971614
9_9,2.9999999999999996,2.9999999999999996,2.0000603344588077,2.0000569883108352,2.0000588339239918
9_10,2.0003725768031635,2.9999999999999996,1.000100359225464,1.0019096822027602,2.9999999999999996
9_11,2.9999999999999996,2.999999999999999,1.0001005223979877,1.0001007609685908,1.5007393303639192
9_12,3.0000000000000004,3.0,3.0,2.083404631773922,3.000003543542126
9_13,2.000052321753482,1.002685522263857,2.000053806500408,1.5007809834871713,1.5028060695202876
9_14,2.000052095201792,3.0,2.000054010432435,1.0001008649351553,1.546353477209151
9_15,3.0000000000000004,3.999873477800543,1.0001001708323187,1.0013258771169335,3.0495525825608802
10_0,1.0001004114224505,1.504562287788524,2.3336429602906703,1.0001000348416185,1.000100081756672
10_1,2.000064373731576,2.0000708738265116,3.0,2.746527790432609,2.6345523656639167
10_2,2.000064774517947,2.000052671874903,2.0000522158663547,1.0001026671182973,1.0000999966274116
10_3,2.0000523430937505,2.0000523214971686,1.0001011142808205,1.5223095362246866,1.5028063767256818
10_4,1.0011365318526624,2.000051955540897,2.0000548330834285,1.0001006709585893,3.0
10_5,2.000054006040135,3.0,3.0,1.6570184984479996,3.0
10_6,2.000090734940533,2.00006717306277,3.0,3.0000005512153813,1.5024816206675589
10_7,3.0,3.0,2.0000602884831813,2.0000560615407994,3.0
10_8,2.0003039043617425,1.000200102641365,2.0528443760495083,2.0000768221719536,1.504581000923292
10_9,3.999523704673077,2.9999999999999996,3.0,1.923955612598728,1.5031841168332267
10_10,2.0000611812511746,2.000070859455572,1.000066490369221,3.0000003128116375,1.5028031507494262
10_11,3.0,2.9999999999999996,1.0001026669270365,3.999864162938553,3.9998748729402833
10_12,2.9999999999999996,2.0001601307217576,2.000061642370095,3.0,3.0
10_13,1.000100764246115,1.0001002215868777,1.0002898068181048,1.0000883310086324,1.0001005305876527
10_14,2.000056355339959,2.0000568508251004,2.0000843809443603,1.0001020321913818,2.0000576967581263
10_15,1.0001153420818945,1.0001223212837131,1.000108211342562,3.0,1.0001009802030365
11_0,2.000064340463888,3.0,2.9999999999999996,1.0000675874937617,1.0001007612182162
11_1,1.0001557805244576,3.0,2.0001227653719176,1.000120551599656,1.5036049120634891
11_2,2.000052227029267,2.7595581416763326,1.000109374680678,1.4467117503039313,1.0000999963771025
11_3,2.0000541633945934,3.0,1.0001034385123637,3.0,1.5821388364395264
11_4,2.0000536323416243,2.0000511201048696,2.0000530038987097,1.0007672683666775,2.0000532451033473
11_5,2.0000589634330863,2.0000553663728584,1.00040819560944,1.5388886566466007,2.000076779805756
11_6,2.9999999999999996,2.0000612655247,1.4557711275384315,2.000064420559409,2.0000768756193774
11_7,2.9999999999999996,2.9999999999999996,3.0000034266570763,1.0001008637312871,2.1439067304025237
11_8,3.0,2.0000643825245312,1.5739604573056356,3.0000000000000004,2.0000599002018027
11_9,2.000054055048309,2.0000522027010286,2.016171978911068,1.6070303296237574,3.0
11_10,2.000071438579527,3.0,2.6893024791211397,1.0001001302587325,3.0
11_11,2.0000670522698445,2.6755603255450646,2.6755772761407433,1.0001001297220071,1.5600062057314688
11_12,2.9999999999999996,1.98856280186325,2.0000598918095767,1.0861564310599452,1.7302645789965827
11_13,2.0000554644221524,2.0000626931981693,2.0000612117543013,2.2823080485921396,2.97266935726276
11_14,1.0001020766292623,3.0,1.0001008711697597,1.000050790565426,3.0
11_15,2.000051996993155,2.0000532229083734,1.0016643757612942,1.636330413436806,1.515645106425413
12_0,2.0000541189625305,2.0000611797315258,2.000061194864239,2.6913730906734603,1.0001009538359587
12_1,2.9999999999999996,3.0000000000000004,1.3021688398206115,1.503584885088115,1.5017233587669434
12_2,3.9999293466509678,2.005939207085395,2.9999999999999996,1.0001006720315433,2.9999999999999996
12_3,2.000145980480012,3.0,2.0000612816112873,1.0001009147853446,2.0000737082723954
12_4,2.0004538482363134,3.0,2.9999999999999996,2.000186250509704,2.9999999999999996
12_5,2.0000669359160796,2.6760741538989556,1.4757987067772893,1.0001006708752374,1.0001333091271853
12_6,3.0,2.6702842238822218,2.0000583266958283,3.0,1.000163232424033
12_7,2.9999999999999996,2.9999999999999996,2.00012325075023,1.0001008862011869,1.9458676807431996
12_8,2.000055140487245,2.000062681898679,1.0005644630782073,1.000264919811597,1.0002868420863547
12_9,2.9999999999999996,3.0,1.800155101092051,1.000100593239627,3.0
12_10,3.0,2.0000892276189175,2.0001145441348487,3.0,2.8416507558583146
12_11,2.9999999999999996,2.0000737353709384,1.0001018323764368,2.00007089761441,1.000100100553859
12_12,3.0000000000000004,2.000106857964216,1.0001931388629726,1.0001009842442827,2.000084421787643
12_13,3.0,2.6692098510607583,2.6709489112755835,1.0001110403228064,1.0001016594676437
12_14,2.0000561138982955,1.0000667713123537,2.0000941414642126,2.000106670726272,2.440347192064738
12_15,2.9999999999999996,2.0000542889834496,2.00005253566467,2.0000513356091107,1.0003341158304881
13_0,2.000068409933178,2.0000736179939813,2.2936023477384184,1.0022390777774068,2.0000889429584996
13_1,2.000064543966253,2.0000532555215393,1.000102080872911,2.00005092672517,2.008771733389431
13_2,2.9999999999999996,2.9999999999999996,2.446200013796245,2.9999999999999996,1.5055604096521231
13_3,2.000262126439874,3.0,1.5074819556157326,1.464408036432206,2.0000499981349136
13_4,2.000080637207425,2.000056869521012,3.0,3.0,2.0000560397095555
13_5,2.999999999999999,2.0000737632907875,1.4605788602343566,1.000099996150633,1.0000999968419628
13_6,3.999638143552843,2.0001896252571414,2.000049998117034,2.000693243880005,2.9999999999999996
13_7,2.000707498455465,2.999999999999999,2.9999999999999996,1.0001020743044864,1.4013807931231081
13_8,2.000088971324913,1.513765790953524,1.736813995980921,2.0000767709901788,1.0001011084634104
13_9,2.9999999999999996,2.9999999999999996,1.0001418256936516,2.2419503344891942,2.263160338303092
13_10,3.0,2.0002565278824123,3.0,2.000188172925351,1.0001073283109874
13_11,3.0,2.9999999999999996,2.9999999999999996,2.000156453764932,3.0
13_12,2.9999999999999996,3.0,1.1696690526257802,1.0001136360185288,1.1083926803087991
13_13,2.0000742159740637,2.000064720579562,2.000060039761984,2.0000278609937387,2.0000569616773793
13_14,2.0000551665985373,2.0000499982123903,2.000025410191975,1.5125472963415878,1.7614452855788125
13_15,2.9999999999999996,2.0002518355806096,1.3257022541169745,1.4708803351424995,2.000064375705847
14_0,2.000058956388888,1.0000999963413444,1.0001397809069579,1.0001011136961018,1.0000999961863917
14_1,2.0000687393291714,1.7705731231542892,2.000068811099029,2.000053282853327,2.000056912371596
14_2,3.0,2.9999999999999996,2.163164173046682,1.508463043824007,1.0001001672800758
14_3,3.0,3.9999526675270793,1.0001099197877041,2.0783444402788276,1.9788599471176582
14_4,3.000000000000001,1.4993485062339027,2.0000531211031793,1.811746908326479,2.342437333724164
14_5,3.9994598355228748,1.5450637828223037,3.147759393374252,3.245221635849964,3.0
14_6,3.9999352143015843,3.9999395927296066,1.505852719004107,3.0000000000000004,3.999826823820505
14_7,2.9999999999999996,3.0,2.007359425267633,1.0001048330025255,2.9999999999999996
14_8,2.0000844843758125,1.000099997056514,3.0,2.509383148138082,3.0
14_9,2.999999999999999,3.0,3.0,3.0,1.0001014292395902
14_10,3.9997659969415773,1.7529288586615686,1.0001005948007835,2.0605005585095792,2.383581848954459
14_11,4.999646159467047,3.0,3.4642049652499844,3.211610360346694,3.325013293697857
14_12,3.9999310425534316,2.9999999999999996,3.0,2.605775233595173,1.000534394807257
14_13,2.0000591455282786,1.0000999963175055,1.7908750885655174,1.0001009822650404,1.000099996460539
14_14,2.0001161872473885,2.6780608341847496,2.0000555393522452,1.502193300553111,3.7430780425767005
14_15,2.9999999999999996,2.0000568654437987,1.239439604913051,1.6965757486147743,1.0001011115029574
15_0,3.9999186104316657,2.9999999999999996,1.6971961031990663,2.999999999999999,1.5045757400406365
15_1,3.999827707939618,2.999999999999999,1.0001011094883108,2.9999999999999996,2.0125796091428234
15_2,2.0001182643519386,3.0,3.0,3.0,2.0001244746612055
15_3,2.000541142528356,3.0,3.0,1.1736960268493735,1.801597824611126
15_4,3.9994637338960364,3.0,2.1339347522385617,2.9999999999999996,2.870843573984102
15_5,3.999929144445621,2.0011100091123826,3.999790689029634,3.0,3.0
15_6,3.9998787865840706,3.0000000000000004,2.0004329307570714,3.99951749792116,1.3819730607951468
15_7,3.0,2.9999999999999996,1.9696880804296908,2.6863144433963737,1.0365358723845048
15_8,2.000062183472401,1.0001084367739261,2.000055034102425,2.0000518094130584,1.0001779594934763
15_9,3.0,3.0,1.5032592238861324,1.673221272417081,2.000084546363642
15_10,2.0000908556622585,2.0000554030968476,3.0,2.9999999999999996,3.0
15_11,2.0000616722329516,2.0000554030968476,2.0000744506710944,3.0,3.0
15_12,3.0,2.000080486044932,2.9999999999999996,1.4380645315091782,3.0
15_13,3.0,2.999999999999999,3.0,3.000002796002895,1.5068859612467393
15_14,3.999837804379531,3.0,1.9605481424832822,2.9999999999999996,2.9999999999999996
15_15,2.000064970477063,1.0071901978160414,1.4885086547325148,2.000058829114153,1.5035831707529397
16_0,2.9999999999999996,2.4209985469977156,2.3464415748759153,2.20248983498493,1.9130620148540658
16_1,2.0004489330621102,1.5095514618257821,3.0,3.0,1.000063857149864
16_2,3.0,2.9999999999999996,2.9999999999999996,2.6220963548109872,3.0
16_3,3.9999238371551566,3.3204457050332836,1.6691427053731105,2.0000499983435045,3.0
16_4,3.0,2.6325281707992887,2.9999999999999996,1.5035658408679,3.0
16_5,2.005862723252188,2.488037252513972,1.0001002785634356,3.0,1.0001000677278555
16_6,3.9999221187836596,3.9999102041261394,3.0,3.999925954084024,3.0000000000000004
16_7,4.998915978751816,2.1842095089871276,3.9999287609165597,1.6761213459080284,1.667849181210242
16_8,2.9999999999999996,3.9998307938944424,2.0001189223147904,3.0,3.000000000000001
16_9,4.998582504264843,2.284122625579741,3.99993124381343,3.9999402114767597,3.9999228731166006
16_10,3.999908502757524,3.0,3.0,3.9999148021775977,2.5000124998149227
16_11,2.9999999999999996,3.9998404406346086,2.9999999999999996,3.0,3.0
16_12,3.9999358290621094,2.5635315075842873,3.999941962636903,3.999941073196628,3.0
16_13,3.0000000000000004,2.3662725680946304,2.3858666439357124,2.6415969607015453,1.504060810771643
16_14,3.0000000000000004,2.9999999999999996,1.0001753505202173,3.0,2.204943691007438
16_15,2.9999999999999996,3.0,3.0,1.1280910107922668,1.0000540012016672
17_0,2.0001000552574637,1.0000586249056456,1.000101620562445,2.0001142079414787,1.0001001898685575
17_1,2.000052844607806,1.0005482973465554,2.0000587293282104,3.0,2.0000598693769867
17_2,3.0,2.000052139079465,3.0,2.000051557914191,2.0000520464315406
17_3,2.0000569444646676,1.0040330933694601,1.4734268123379053,3.0,1.334313921879405
17_4,2.000066606030346,2.000055837153475,2.00006872716062,3.254464567732939,2.000060291320287
17_5,1.1233101694112388,2.0000578327033858,2.0000617499746034,1.000093822359925,2.678799763476224
17_6,2.000054922489007,2.0000568778344276,3.024859972593226,1.0000999961029555,1.0000822899450297
17_7,2.0000810363123045,1.3372772165147626,1.7393489365730663,1.435788551514203,1.3351384542919937
17_8,1.0001030297567748,2.2530842145231675,1.0001014244834718,2.131822808799454,1.6147101210877524
17_9,2.3268839520865603,1.3711567176135484,1.000050215038574,1.334580309549575,3.9999228100357707
17_10,2.000084544664392,1.0000757362447679,2.0000803970662187,2.0000803632588893,1.3343114774265479
17_11,2.00005417049308,2.0000559911594604,1.0000542022367105,2.957037790032016,2.000057154325886
17_12,1.3574019603952052,1.490759003199963,2.236823289839121,1.4872270316921155,1.0000500709041034
17_13,1.0005495664173594,2.000066476195625,1.483138939172972,1.0004495424343238,1.000061761030537
17_14,2.0000561967702843,1.4858787945829073,2.5211946207052,1.5451371809113483,3.0
17_15,3.0,2.7719101581074286,3.0047971159862423,2.6113105098740186,1.000110264776119
18_0,3.9985398525471805,2.000054739024522,1.5527274081895686,1.0001012575223114,1.5065888662432605
18_1,3.9997433251151833,3.0,2.9999999999999996,1.000100168055062,1.5577193370608469
18_2,2.0000549182933836,2.0000534356913993,2.000062724380431,2.0000524046174566,3.0
18_3,2.0000648288189273,2.0000520656524854,2.0000526345583514,2.000052148853131,1.0016751779714077
18_4,2.0000577182797286,1.4913332802395693,2.000052791826156,2.000052145265876,1.0020488229178783
18_5,2.0000648653486355,1.4882534291921519,2.0000519847092155,1.5149538320770715,3.0
18_6,2.9999999999999996,2.999999999999999,3.0,1.5634745819745444,1.5155899574386897
18_7,3.9999373709773693,3.0,3.9998662058045658,3.0000000000000004,2.3289870347162522
18_8,2.0000529158651297,2.7014037087622023,1.0001026688825745,1.0001160613998763,1.00010040611851
18_9,3.9992629190180207,2.583618559478595,3.9999348253320965,3.99993958358732,3.9999435192698987
18_10,3.9985574499435392,2.5578972288645523,3.999941660673914,3.0,3.9999407745135307
18_11,3.999317610066527,2.557996677769664,2.24781952978633,2.3166276520999474,3.9999371321999377
18_12,1.0001070791717126,3.9999474479635637,3.3259884589379225,1.000100978545931,3.9999480966631515
18_13,1.0039154067393297,3.0329309203519426,2.000053378415588,1.0014831050383772,1.00014405016317
18_14,3.9999267655648305,3.0,3.999739499994136,3.0,3.0
18_15,3.0000000000000004,2.000051336783173,2.0000518102414118,1.0000999960001602,1.000100526857282
19_0,2.0000946219855993,1.8478140986601435,1.0001056550525163,2.4736877744741386,1.000141578240843
19_1,3.999898243378658,3.999853990163791,1.5024780840009166,1.0011863097879452,2.341346588711753
19_2,3.9999323388706296,1.5122014274992268,1.9156121899939855,2.343656751418247,3.0
19_3,2.9999999999999996,2.999999999999999,1.6299624213578259,1.9110291369874925,1.0001914677899804
19_4,3.9998229895647497,3.0,1.944691062064018,3.7375166100648958,1.0001001161215841
19_5,2.000637944583265,2.9999999999999996,1.714554570399019,1.0100383672541868,1.0001142417215716
19_6,3.9999326500814134,4.932336091714186,1.0001015447398707,1.0001009775327077,1.0001000901488795
19_7,3.9998918912121924,4.99989505590493,3.0000000000000004,3.8414879405624927,2.17023062427158
19_8,2.9999999999999996,1.0012007415148798,1.7524751640603229,1.0003042092524017,1.00010097861732
19_9,2.999999999999999,1.8245620522506147,3.0,2.999999999999999,1.0001002817461404
19_10,3.0,2.0001581500518153,2.0001337772733487,1.5031652197972345,3.0
19_11,3.999624467043652,1.5175375096645558,1.9312389781134696,3.0,1.0001011089161571
19_12,2.9999999999999996,3.0,3.999809268551737,2.9999999999999996,1.9806816995307412
19_13,3.0,3.0,1.5107942739254978,3.0,2.249780439049006
19_14,2.9999999999999996,3.0,3.0000000000000004,1.0001743942822792,3.0
19_15,3.0,2.000061224866621,1.000100315335907,3.0,1.0001927720521986
20_0,2.9999999999999996,2.0000600732082345,1.7755801163697587,1.0001082064333373,2.9999999999999996
20_1,3.0,3.999802677225981,2.0014460542110943,3.999918239596226,2.999999999999999
20_2,2.9999999999999996,2.000525241430223,2.0003277038840035,2.9999999999999996,2.999999999999999
20_3,3.999912785942154,3.9998623983360564,3.0,3.0,2.9999999999999996
20_4,3.9998609448308002,3.9999138188644885,3.0,3.9998092546681003,3.99982639656081
20_5,3.0,3.0,1.5095590598446398,3.999863167392822,2.9999999999999996
20_6,3.9998606633942355,3.0,1.0001016152702975,2.9999999999999996,1.1122159930198396
20_7,3.0,2.9999999999999996,2.9999999999999996,1.0001015800363429,2.9999999999999996
20_8,1.000662208702892,3.0,1.000104423030826,2.334642404440312,1.00010009156717
20_9,3.9995370994591597,3.9999446402178234,3.0,3.0,3.9999385104530183
20_10,3.0,3.0,2.9999999999999996,2.9999999999999996,3.0
20_11,4.997818651231536,3.99992738822387,3.9999356590889668,3.99993424823054,3.0
20_12,3.999924814750953,3.0,3.0,3.9999348862192257,3.0
20_13,3.0,2.9999999999999996,1.0026309473065587,3.0,1.0001013739673126
20_14,2.0002822617044544,2.9999999999999996,1.7441127801198315,2.0000948357960935,3.0000000000000004
20_15,3.0,3.0,2.0000531681552713,2.000052095243987,1.0001001137732315
21_0,2.0000561778421937,3.0,2.3163167171320893,1.5024254734533327,2.823105317214536
21_1,1.8418121235130995,1.0001834586441904,1.3345160659966218,3.0,1.4036985858519921
21_2,3.9999385117522146,2.257250147001561,3.999943796751269,2.3080094194663436,3.0
21_3,2.0000564604304096,2.0000536861774685,2.000052047540147,2.4110290237910874,2.000053697674027
21_4,2.000143500626112,3.0,1.0001153470530162,1.0007022810177564,3.0
21_5,2.9999999999999996,3.0,1.9986855849094778,1.0002658167213039,3.0
21_6,3.0000000000000004,3.999943776732942,2.2067706615320892,1.0000510745071631,3.9999227145488434
21_7,2.9999999999999996,3.0,3.0,2.1695093246384505,1.0000999961863917
21_8,3.0,2.7074543102269173,1.5083444798055927,1.5183746729912788,3.0
21_9,3.99932089648031,3.0000000000000004,3.0,1.020136991469784,3.0
21_10,2.3112403413043485,1.0005052026240366,1.0001002450567715,3.0,1.0001001138567729
21_11,3.999940764370186,2.2202574472002787,3.999938568920408,3.999933286679985,3.0000002384037634
21_12,1.4663723715013484,3.0,2.0258880718137977,1.4333011814470413,2.9999999999999996
21_13,2.000124698969806,3.0,1.5012378519343106,3.0,1.00010052340003
21_14,2.00005266510397,2.6842109710690796,2.000057828115333,1.6189919561200132,1.0001005911297909
21_15,3.0000000000000004,2.00005989558749,3.0,3.0,1.5009881471996422
22_0,3.000000000000001,1.0001030168960792,2.0000514784099677,2.000050681965387,2.000051147193192
22_1,3.0,2.9999999999999996,1.8682624214223007,2.0000808303439577,2.0001240405549345
22_2,2.000053926470611,1.4891431979704972,2.0000517590270843,2.996186542146423,1.0001002787184605
22_3,3.0,2.000137232382775,1.5045957623995816,2.0000944956220645,1.5040489794179879
22_4,2.0005279038649295,2.000070942932729,2.000061284781311,3.0,3.0
22_5,3.0000000000000004,2.0000603873046185,1.5074556216145072,1.676231504779443,2.000058860927804
22_6,2.9999999999999996,3.0,3.0,3.0,1.5107929645929952
22_7,3.0,3.0,1.7009868734447529,3.0,2.999982043765768
22_8,1.000287218626892,3.0,1.1441515845908603,1.0000676716975705,1.0001020819698332
22_9,1.7077817669349102,3.9999388439178873,2.9999999999999996,3.0000049125909314,1.5029272821087598
22_10,1.0005063245848371,2.000089036017072,3.0,1.0001381469682353,2.0001434409778005
22_11,2.9999999999999996,1.509522753130605,3.0,2.9999999999999996,2.9999999999999996
22_12,2.0000602381163413,2.000061202480041,2.000056031646047,2.0000803468385873,3.0
22_13,2.999999999999999,1.8535061677028757,2.000071115131327,1.0001016162120338,1.0001010925264722
22_14,3.0,2.000059994402053,2.000061414786116,2.000061260559574,1.4819955710448738
22_15,2.0000582675911165,2.0000524054993973,1.4952423767717649,1.0000514621782932,1.5086501598374606
23_0,2.000051523769947,1.5040506724524756,2.736117077069984,1.502251336698752,3.0
23_1,2.0000615736706884,3.0,2.6734779646062705,1.0001004173827794,1.6531369775605322
23_2,2.0000564656871647,2.0000643967146283,1.4129058317424616,2.0000767891575317,1.5030985578064129
23_3,2.000054489357806,2.6824579882392623,1.0002455317995163,1.00010142513865,1.0011272181891508
23_4,2.000055662536668,1.5030244773687917,1.525566565576725,2.0000517177484944,1.5052513170118702
23_5,2.000064668275533,2.000055144451042,2.000060080068056,2.000052588666492,3.0
23_6,3.0,2.9999999999999996,3.0,1.000102349099672,1.0001001138683459
23_7,2.0004116302302695,3.0,1.813290402521512,3.0000000000000004,3.0
23_8,2.000170121127709,2.00007699345658,1.000100596421917,1.000102072719043,3.0
23_9,2.0001092717484017,2.0000738517113703,3.0,1.0001030192682816,1.5021957484397814
23_10,2.0000614229624096,2.000070943032043,2.000060146619939,2.0000613191577687,3.0
23_11,2.0000689942528083,2.000063010504195,1.000207017269154,1.0001270558879605,1.000103020233125
23_12,3.0,2.9999999999999996,2.000066397779575,1.514461549649499,3.0
23_13,2.000055998728854,1.0001087439960537,1.000100359654995,1.0001008640059283,2.0000509714548103
23_14,1.000153572411989,2.6408565197670573,1.0000581277128808,2.45205563886301,3.0
23_15,3.000000000000001,2.000051474726971,2.0000517161034472,1.0004645174207034,3.0
24_0,3.9998919871618925,3.9999442921194963,2.004731891300979,1.0001009793087958,3.999941577950021
24_1,3.0,3.0,2.0087870754492294,1.0001002493239832,2.9999999999999996
24_2,3.9999338582900528,3.999876018344495,1.0001005228514273,1.0001002453547587,4.999900003849367
24_3,3.0,3.0,2.00328421800102,1.2582784955293456,1.0001889822679375
24_4,3.9999305278657467,2.9999999999999996,3.0,3.999885085127019,2.5019810509287868
24_5,2.999999999999999,2.9999999999999996,1.4724341573413622,3.0,1.4171904123224075
24_6,3.0,3.999934632570788,3.0,1.000100406952955,1.000100067990269
24_7,3.9997594352858306,2.9999999999999996,1.7043777415493657,1.295914153320371,1.4102332921599519
24_8,2.000060461028196,2.00005632272789,2.0041941075055325,2.000076998424052,3.0
24_9,3.9979811862834427,2.000054668657684,2.000066345419812,1.6633482415609968,3.0
24_10,3.9998622640549395,2.9999999999999996,1.9368897344079452,1.5031711385974016,2.503669606347226
24_11,3.0000000000000004,3.9999441407891534,3.141640662932633,3.0,1.0000570012518075
24_12,3.0,2.9999999999999996,1.5266132987084913,3.0,1.5020291365458178
24_13,3.999924947230354,3.0,2.9999999999999996,1.0001006726282646,3.0
24_14,2.000125178563701,2.000055576582983,2.0000516686626604,1.0001003588564485,1.0001000677636325
24_15,3.0,2.000106873234004,2.0000805323484228,1.0001003585581143,1.5022119695313134
25_0,2.0000629919273334,2.0000510955907664,2.0037189702809117,2.000050520575156,3.0
25_1,3.9991795166619615,1.0015723026298409,2.7996520519997916,2.9999999999999996,1.0001096499326956
25_2,2.9999999999999996,2.000068839895408,1.8848462643207013,1.0001020775107639,1.5051777487006244
25_3,2.00012434770602,2.410363991049671,2.004763130762462,2.000051242083967,3.0
25_4,2.0010777362382024,3.0,1.3919730842109395,1.0001030608435393,3.0
25_5,2.0001158279857103,3.0,3.0,2.0000643542573213,1.5075716111780941
25_6,3.0000000000000004,1.9746928751486694,2.3632181372515024,2.9999999999999996,3.0
25_7,3.999666812824666,3.9999335756427987,3.999855526150383,3.9999290523546427,1.0001003164562299
25_8,1.8098696340455886,2.8637185048459797,2.7264886596700464,1.5175192975920062,1.000100463274632
25_9,3.999744668137893,1.0035896801473843,2.70332422238538,2.0013687981443766,1.000108516804842
25_10,3.0,1.1155582481579078,1.8204714483625908,1.7118190874522474,1.5323387433921123
25_11,3.0,3.0000012676482744,3.0,1.0001011107160414,1.0001008625400405
25_12,3.0,2.0001231879145664,1.6268401540396555,1.0001005232566194,1.3011921849833583
25_13,3.0,3.999904886100893,1.951369213667174,2.9999999999999996,3.0
25_14,3.0,2.9999999999999996,1.0001009792131723,1.0001005230424131,3.0
25_15,3.9988814925977443,1.0001023493741614,2.0000520973600513,1.5879707249169293,1.503178925992503
26_0,2.7467711344770347,1.0003399249665905,2.3568484947502144,2.000100009041309,1.0001001900357678
26_1,3.9993220391861146,2.9999999999999996,1.7863296261116577,3.0,1.0021551686228631
26_2,3.9998819560602614,2.3873714000980155,3.0000000000000004,3.0,3.0
26_3,2.000055030358747,2.000051723601481,1.5017144886144178,2.0000515934730285,2.000052008525691
26_4,3.0,2.000058191720256,1.000102672862961,1.4912855594663281,1.5084551564636466
26_5,3.0000000000000004,3.00000129502989,1.0843427933813945,2.9999999999999996,1.0001004081446845
26_6,3.9999254826629955,3.0,2.285542586413628,3.9999371909885904,1.5095539634175532
26_7,2.999999999999999,1.0001243298609792,3.0,2.9999999999999996,1.4976743841806013
26_8,2.3333473979893355,2.9999703187342432,2.1361698101421003,2.78048086384675,1.0001001700334313
26_9,3.0,3.0000000000000004,2.2878859797366706,2.999999999999999,3.0
26_10,3.9999387210064783,3.999940435468809,3.0,3.999945651756437,3.9999399473695334
26_11,3.0,2.9999999999999996,1.0001014328754418,1.881015935828014,1.5084554485837691
26_12,3.0,3.0,3.0,2.9999999999999996,3.9998427981205027
26_13,2.000053911392293,1.4572580996329714,2.000061305963953,2.0308644538991394,2.9999935034977483
26_14,2.000059004955998,2.0000515357975335,1.5190704771085686,1.7232521419300393,2.000068406976726
26_15,3.0,2.000205325727207,1.0001003593208013,2.151311782999848,3.0
27_0,2.0000944626135566,2.000052378894707,1.4967492462003358,2.000055332068157,2.0000508286014447
27_1,3.9904142266869753,3.0,3.0,1.7138805840044833,2.000066310275878
27_2,2.0000541814115533,2.0000527484667594,2.000052142690905,2.000052270255163,1.5021938153991818
27_3,2.000052653088407,3.0,2.000052828712569,2.0000547136172986,2.0000532482795896
27_4,3.0,2.000051615792504,2.000052279552807,3.0,2.0000511856476324
27_5,3.0,2.000053062417993,2.0000557743764174,2.000051895392423,2.0000521713402875
27_6,2.0000592972023234,2.0000579971404435,1.0001038771700839,2.000054011904986,1.000100167959906
27_7,3.0,2.0002072536051005,1.6219542642436051,2.999999999999999,3.000000000000001
27_8,1.001321160217547,2.0000643577439496,1.452385192749811,3.0,1.317012304050862
27_9,2.9999999999999996,3.0,2.000053803997388,1.0001014242562907,1.5083004091559657
27_10,2.9999999999999996,3.0,2.0001335867167103,3.0,1.0001007682508074
27_11,3.994320713862636,3.0,2.0001335867167103,3.0,1.348527070280462
27_12,3.0,3.9203012524196033,2.000064460319687,1.000100114631346,2.000053381711666
27_13,2.000052855359258,2.6827709718385253,2.000054837130301,1.6304926647331235,2.000055303812672
27_14,3.0,3.0,1.827822950392482,3.0,2.000068463299864
27_15,3.0,1.0001063972441986,1.4912359097821284,2.000084540302295,2.000094270010479
28_0,2.000053377807637,1.0004834389494204,1.000104992120266,1.4274956774058603,3.0
28_1,3.0000000000000004,3.0,3.0,1.000100100732842,1.975200801699233
28_2,2.000053637019655,2.000053763619642,2.0000542655542732,1.0001034463916632,3.0
28_3,2.0000541538224743,3.0,1.5318160832411385,2.000051847336638,1.000099996329425
28_4,2.000056983418252,2.000053281364156,1.4280641432608874,3.0,1.5282014782071356
28_5,3.0,2.9999999999999996,1.5019481309321705,3.0,1.000608680429801
28_6,2.0000571780447665,2.000054816365582,2.5101502813925025,2.0000537204110413,2.000053461575732
28_7,2.000080972598332,2.000073778163564,2.000057037430311,2.0000499991182776,1.5085340075791096
28_8,1.0001368062938727,1.0000532036795828,1.0001153401384866,3.000001112559773,1.5066185756562367
28_9,3.000000000000001,2.000073883322583,3.0,1.5004068895262972,1.4868318475239166
28_10,2.000053637019655,2.000054791906473,2.000062702453158,1.0001503559468155,2.9999999999999996
28_11,3.999828177023985,3.0,2.999999999999999,1.0001086028427948,3.0
28_12,2.0158391051822737,3.0,1.0001013588887555,2.0000250002766737,1.5045238185043122
28_13,4.775511120659801,2.0000528435172567,2.000051624607115,1.5315878893460428,2.000051806170595
28_14,2.000122786180367,1.6673192384392113,1.0000523235634446,1.0000588992176913,1.5012849614279047
28_15,2.0000530060797725,1.0023831775001653,1.00010125958451,1.4950442539072875,1.0000515536731913
29_0,2.000053914693786,2.0000517133378586,1.0001030251551402,1.0001050997096446,3.0
29_1,2.9999999999999996,2.000076886616545,2.002007392097015,2.339079175685013,1.4988619758524262
29_2,3.9999341321270996,3.0,2.0004847766691323,2.999999999999999,1.5035817658287358
29_3,1.861383232978115,3.000000000000001,2.0000768941851703,1.8477264129733324,1.5040417651714824
29_4,3.0000000000000004,2.0000600186945374,2.000053337655312,2.500010771447199,1.000103877550259
29_5,3.9997410578105015,2.9999999999999996,3.0,2.00030855815313,2.5000128873066374
29_6,2.9999999999999996,2.000057781299156,1.5045868619385445,1.5121876434786063,1.0001502266079145
29_7,3.999897296400072,1.5107910825357938,2.9999999999999996,1.0607138157748752,1.0000540011355998
29_8,2.0000586191965413,2.000052555064391,3.0,2.000052750249085,2.9999999999999996
29_9,3.0000000000000004,3.0,3.0,1.000100246391781,1.5024712220570309
29_10,3.999925274005054,2.9999999999999996,1.5031673949812245,3.0,3.0
29_11,3.9999145289411,2.999999999999999,1.5040499526276778,3.0,2.9999999999999996
29_12,3.999898421126145,3.9999105747203227,3.0,3.3899803045420054,3.0000000000000004
29_13,3.0,3.0,1.0001030228322512,1.0000999962102304,1.1523062145286336
29_14,2.9999999999999996,1.3661714290031473,1.0001006722464294,1.2863616843306884,1.0002786272672268
29_15,2.0000532733952645,2.000052143787432,2.000051915221191,1.5240751023745698,1.0001007611596764
30_0,1.0004214931705178,3.0,2.0000526563250083,2.9844425856411396,1.505202168632556
30_1,3.0,3.0,3.0,1.6967823871171084,2.9999999999999996
30_2,3.999808064525495,1.0005060531707144,1.935223251449767,3.0,2.9999999999999996
30_3,3.0,3.9998650119927657,3.9995895917381334,3.0,2.0060988343210084
30_4,3.9999185993585824,3.0,3.0,2.9999999999999996,2.0036978308408435
30_5,3.0,3.0,3.0,1.000102073005142,2.9999999999999996
30_6,3.999882882909558,3.0,1.0001006730808517,1.5257852697989494,2.999999999999999
30_7,3.0,3.0000015865640184,2.9999999999999996,2.2438027290542655,1.5031669579259113
30_8,2.000375991361011,1.5058541551420508,1.00010821859092,2.0002740559921968,1.0001063980780018
30_9,2.0000547639014017,2.000055392620247,2.0000530256038833,2.857952530998327,1.5006984853466305
30_10,2.9999999999999996,2.0001342502236734,2.0001007759979164,3.0,1.5035527720569144
30_11,3.9997675909975885,3.9996749498001587,1.0001007460200446,3.9998539378013938,3.0
30_12,2.9999999999999996,1.4674295988060393,1.0001005945145025,2.9999999999999996,3.0
30_13,3.9998242280742926,2.9999999999999996,1.0001010564678854,3.999853083078819,3.0
30_14,2.000064683274363,2.0000518065044215,3.0,1.4968107710583256,3.0000000000000004
30_15,3.0,2.0000570370675708,1.6330150039006657,3.0,3.0
31_0,1.0004105859304342,1.0001153370291018,1.0000524207038133,1.0000538735343723,1.0000531344694106
31_1,3.9996146625715547,3.9999255024554623,1.0001012648301355,3.0,1.5040130799389748
31_2,3.999847428545438,3.9999222959530543,3.9998837306031017,2.9999999999999996,2.0111777723391056
31_3,3.9997684004949385,2.9999999999999996,3.0,2.9999999999999996,1.0001002801009875
31_4,2.0000567840983052,2.000064399450762,1.0001012579275788,2.0000626875719894,1.000100843645976
31_5,3.9998665668206677,3.999939350551954,1.502494910486337,3.9999313459839603,1.5045484983245554
31_6,3.9992184858166673,3.0,1.4643320252596856,3.987734154777891,2.0000738469513237
31_7,2.9999999999999996,3.0,3.0,2.0000709104146948,1.0001000678590553
31_8,1.0001687825231058,1.0001324792981527,2.402635229481486,1.0001368001175461,1.0001035396295144
31_9,3.0,3.0,2.0000666134915734,2.7122720840650443,1.0001259694449238
31_10,2.000054011153718,2.0000736422750327,1.0001004104222069,2.0000941298110986,1.5024884715171
31_11,4.999700985109583,3.9999374764406483,3.0,3.999905052757546,3.9999395260372217
31_12,3.999722084739605,3.0,1.000101832638543,3.0,2.9999999999999996
31_13,3.0000000000000004,3.0,1.4103869510661842,3.0,3.988675904896765
31_14,2.0000589693164734,2.6745367387232504,3.0,2.0000525574182335,3.0
31_15,2.0000687207826986,2.000051520915418,2.0000529144052632,1.6368285128331959,1.56011233462924
32_0,2.00007385644366,2.0000520794496786,1.4940515145594475,2.000055374650937,1.6258654627896814
32_1,2.9999999999999996,3.0,2.0000549192529915,2.0087726734486187,3.0
32_2,2.9999999999999996,3.0,2.9999999999999996,2.999999999999999,3.0
32_3,3.0,2.000177720860268,1.0002594632477224,2.0000665215387885,3.0
32_4,3.0,3.0,2.9999999999999996,1.000243591093895,3.0
32_5,2.000064805784053,2.000055833183716,1.4988541884910773,2.0000512692794237,2.0000520929666323
32_6,3.9999297709052306,3.9998917208041305,1.000278372746595,1.0001023502325341,3.856221093011709
32_7,4.9997092371536,3.9999430557312117,2.5791871273525877,3.999941659302987,3.9999431608275935
32_8,3.999935285698998,3.999863888580635,3.0000000000000004,3.0,3.0
32_9,2.9999999999999996,3.0,2.9999999999999996,1.7584209759455354,1.2164829885453077
32_10,2.9999999999999996,3.999944850554574,2.4830449018639253,3.0000000000000004,4.995803866762313
32_11,2.9999999999999996,3.999942500659688,2.544055481848893,3.0,4.9974802932743
32_12,3.0000000000000004,3.0000000000000004,2.000053912321963,3.0,2.000053781446083
32_13,3.0,2.000124598668677,1.4829817941889567,3.0,3.0000000000000004
32_14,2.000606691930406,2.000100350054883,1.000102181549738,3.0,1.5262787613497908
32_15,3.0,2.000106941296036,2.000106850656006,2.0002062200733466,1.000291101510188
33_0,3.0,2.9999999999999996,2.000089022441082,2.9999999999999996,1.0016830912691481
33_1,3.0000000000000004,3.0,2.999999999999999,3.0,1.5031710618172227
33_2,3.999786112049859,3.0,1.0001004604973442,2.9999999999999996,3.0
33_3,2.999999999999999,3.0,2.9999999999999996,2.99999682671399,1.00012008610419
33_4,3.99907362832284,2.4487363285071777,2.0000647557875406,1.9858202682757238,1.713518736379877
33_5,2.9999999999999996,3.0,2.0000538897402915,1.0001003577475938,1.6540730663391061
33_6,3.9998388236582376,2.009547572448379,2.9999999999999996,2.999998587739262,1.0001219041308536
33_7,3.0000000000000004,1.5407589725019952,3.0000000000000004,1.8953199684587585,1.782760941928632
33_8,3.999059786805836,1.081936270869895,2.226555932635958,2.033451283300369,1.0001535533283679
33_9,3.999617563774122,3.0,1.505144574886945,2.3908589296857645,1.5040307634165044
33_10,3.999863364172819,2.9999999999999996,2.9999999999999996,2.853141349059746,1.00012008610419
33_11,3.9998561797375394,2.616449304945043,3.9999439162346233,3.0,3.0000000000000004
33_12,2.9999999999999996,1.000103691932155,1.0001007626015208,2.999999999999999,3.0
33_13,3.0,2.9999999999999996,2.9999999999999996,3.0,1.0001012565682552
33_14,3.9999038110591276,3.9998841950480504,3.999791321279129,1.0008227214144072,1.0001021534661616
33_15,3.0,2.9999999999999996,3.0,1.5011912760198207,3.0
34_0,2.0000550363609717,1.000101111324705,2.000055395796078,1.0001014267242783,2.000061184207991
34_1,3.0,2.000051726962606,2.0000531185458343,2.0000525367437185,2.000052428850269
34_2,2.000094732369868,2.00007380683616,3.0000019260861785,2.000133845541971,2.000084517452304
34_3,3.0,3.0,1.3111623273161834,1.953686617204311,2.000156117074597
34_4,2.0000584116732916,3.0,1.5619644526609904,2.000051613623021,2.000051807678632
34_5,2.000176820649448,1.0001030215792437,3.0,3.0,1.5058584794325705
34_6,2.000081579312769,3.0,1.000134164984276,1.5524944858331071,3.0
34_7,3.9999255141060175,2.9999999999999996,1.5673007584482157,3.9995227986727837,1.3031243946744895
34_8,2.9999999999999996,2.0000541238135447,1.4915124437256655,2.000052106943321,1.5074918981140997
34_9,3.9998402741965604,2.0018119563351693,3.0,2.9999999999999996,3.0
34_10,2.000077757866065,3.0,2.0000614872455835,2.00007108169067,1.671285568009876
34_11,2.0002312845708192,2.9999999999999996,2.9999999999999996,2.0004491880368636,2.0002065441841683
34_12,2.9999999999999996,2.999999999999999,1.0001004079898212,2.000055315190992,2.0001001931725066
34_13,3.0,2.999999999999999,1.9380657031528827,3.0,2.999999999999999
34_14,3.0,1.464950523616981,1.587904465070772,2.000089210927183,1.0001008624566305
34_15,3.0,2.000100327179515,1.000100764139511,2.174923605548782,2.000070887524134
35_0,2.0001067367275605,3.0,1.0001173905099185,3.0,1.0002867639414996
35_1,3.0,3.0,2.125945293150241,1.50316768552289,1.000101427010392
35_2,3.0,2.0000905003304914,1.0001012576776849,1.5040463987091843,1.0001001672565573
35_3,2.0000788513569367,3.0,2.999999999999999,1.000103018505355,1.0001016223626975
35_4,2.000091962237693,2.999870462542666,3.0,3.0,1.0001005259386384
35_5,2.000097558573895,2.0001199104330056,3.0,3.0,1.0001004089196466
35_6,3.0,1.0001018296706934,1.0004705404614762,1.0001016163193361,2.739959090319969
35_7,3.0,1.5254183213523032,3.9983343044542994,1.9109485449693324,1.000283732384722
35_8,2.0001066941837418,2.6825555791244224,1.0001023499580426,2.000169939644978,2.379336601393029
35_9,2.000074499606535,3.0,2.000028556601713,2.000068680214537,1.4533420192807212
35_10,3.0000000000000004,2.0001025851693375,1.0001012576539914,1.504576690726019,1.4179401998446983
35_11,2.0001121669882926,3.999447455334881,1.0001030224381025,3.0,2.175728960520216
35_12,3.999266972798036,2.9999999999999996,3.999903587228986,1.585152293825415,3.0
35_13,3.9997719330023385,1.0001005225174038,1.000101256318162,3.9997337687218564,1.5045858869220021
35_14,2.0000737677238325,1.0001324756128254,1.0001286750037475,3.0,1.0000805556936383
35_15,3.0,2.0001986875604163,1.0001008631352082,1.5084531530879013,3.0
36_0,1.0005426191620077,1.000200000123238,1.000060128700306,1.0000522521040738,1.0019287033310513
36_1,3.0000000000000004,2.0000527544329603,2.000052226057476,2.000052146671777,1.0014051501830417
36_2,2.0000526916376837,3.0,1.5481003474784354,2.5811737591309885,2.0000560483460013
36_3,2.00006285847227,2.000052202462734,2.000051523711058,3.0,1.0001006737721074
36_4,2.0000526893614445,3.0,2.0000517673532627,1.5037138775885242,1.4816106107854963
36_5,2.0000569823213814,2.0000533747500544,1.5106220160541144,2.0061336821595397,3.9999500019723606
36_6,2.0000532295597195,2.000052538876506,1.528351208238299,2.0000553607830454,2.0000542051498904
36_7,2.000056202420337,2.679717938982874,2.000052925592077,2.00005119053482,3.0
36_8,1.0012077518902112,1.0001535947355256,1.0001105590416006,1.0001368115361036,1.0001002160795927
36_9,2.9999999999999996,3.0,1.0001023567881104,1.8291724680379096,1.5719240834542563
36_10,3.0000000000000004,2.000052202885558,2.000052067631196,3.0,2.0000510951916257
36_11,2.000068680214537,2.0000520770538146,1.0018795351961316,2.0000540093355417,1.0001000880147854
36_12,2.0002108885469383,2.0000569563673314,1.8390189300155597,2.0000553498945792,3.0
36_13,3.0000000000000004,3.0,2.000051693688234,2.0000508730621767,1.5019509482064466
36_14,1.0005509152552505,2.0000643507940463,2.000155863310282,2.302059767554949,1.0002868385299428
36_15,3.0,2.000051964933878,2.0000513498001653,2.0000506175325103,2.000050816878742
37_0,2.0000554781212845,2.780630162817767,1.0002455606066225,1.355282839330006,1.000252091179235
37_1,3.0,1.0007942721229575,1.5356556893838187,1.0009735611969621,1.0001009991080412
37_2,2.0000711970358456,2.000052672106808,2.0000516012326406,1.000130023912399,3.0
37_3,2.00005912556861,2.7107434596067277,2.000056854400967,1.0001016159616618,1.8861200101008553
37_4,1.000142698319082,3.0,1.8229751266508871,1.0001020841746358,3.0
37_5,2.000057633303001,2.0000591076104306,2.000057119311759,2.0000540226680052,1.504574153223567
37_6,3.0,2.684625033673753,3.0,2.0000572360832476,1.0001074979777616
37_7,3.9998568593824833,2.9999999999999996,2.0000848080914806,2.083551979842621,2.3506312171910935
37_8,1.0001224170353358,1.0001417019536174,1.0001135384435857,1.0001023516630347,1.5175201843559554
37_9,2.0000565448533902,2.000064709300332,2.000055160292861,3.0,2.000054792866393
37_10,2.0000608034646348,2.682890037726242,2.000054406645382,2.0000533846086466,3.0
37_11,2.000446162935422,3.0000000000000004,3.0,1.8506347828153606,3.0
37_12,2.0000616334712507,2.0000602819389344,2.000054184373604,1.0005731261842046,2.000051437775393
37_13,3.0,1.0007173149599498,1.0001119464285573,1.5052197144104913,1.5058660901843854
37_14,1.0001883049100853,1.0001119441876245,2.0002477505728278,1.0001252899409254,2.395266282868566
37_15,2.000052689105122,2.0000547913936453,2.000054866757278,2.0000520482496342,1.0009376059579382
38_0,2.000132451996367,1.0001093020230567,1.0001066384893282,1.0001093029531802,1.0819059190610072
38_1,3.9994584022683504,3.0,2.9999999999999996,1.0001366681435224,2.032172682142778
38_2,1.002462081152591,2.0000538850797707,1.5074879531988699,2.7033569322301414,2.0000568189927477
38_3,1.0001002776336645,3.0,1.0001012576065034,1.0001001674233492,1.5005211245944037
38_4,3.999910079228476,1.00018572841121,1.001357912500499,2.9999999999999996,3.0
38_5,3.0,2.999999999999999,3.9994745152713644,1.0001000778832827,1.8018512003070917
38_6,2.9999999999999996,2.000449699679444,1.0001002166041042,1.0001005916068364,1.0001200118574627
38_7,3.0,3.0,1.0000562757655866,1.000088091248934,1.001056765799435
38_8,1.0004992485493465,1.0001030191366285,1.5019398594857036,1.0000519293208887,1.5051762223006246
38_9,3.0,3.0,2.0000563179068633,2.510648656151731,1.0001004603064774
38_10,2.0000551485931344,3.0,1.0001008543739616,2.0000545495222846,1.0001018310774223
38_11,3.0,2.999999999999999,3.9996833840008166,1.0001001672681362,1.000435969236811
38_12,3.0000000000000004,3.999247735107678,1.5045818739391361,2.9999999999999996,2.117744874965446
38_13,2.9999999999999996,3.000000884493388,2.841418725042957,1.0001024162701984,1.618986103139353
38_14,2.0000714641612274,2.0000577142149614,1.0001011104538722,2.0001472824501123,1.0001353254089087
38_15,2.0000807162348475,1.5002873866133641,1.0001007957026102,1.0001004610579936,1.0003968706564164
39_0,3.0,1.4909562367236524,2.008766621826707,1.0000943682195393,1.5095598892039248
39_1,2.0000902911699456,2.0001008137294463,1.8329558779947117,1.0001034259727577,3.0000000000000004
39_2,2.9999999999999996,1.5122038185345565,1.0011365058382127,3.0,2.00005618187685
39_3,2.0000620600544345,3.0,1.4950283113717344,2.000053538781197,1.0001020747574747
39_4,3.0,1.0001049778405988,3.0,1.000101255865869,3.0
39_5,3.0,2.0000777570986465,3.0,1.000101616128712,1.5051872469580938
39_6,3.0,2.0000573469555545,3.0,2.0000632731036276,1.5051922186490547
39_7,3.9998352283000083,2.0001887591543284,3.0,2.0001232259201536,1.0001005957665197
39_8,2.0000664681495963,1.0002638390200995,2.00777828813732,2.0000643790919237,3.0
39_9,3.0,2.9999999999999996,2.000437799483135,2.9999999999999996,1.0001007535649227
39_10,3.0,2.0000583249443853,3.0,2.000053770754241,1.5084644683570778
39_11,3.9999333318498755,3.999913898423463,3.999838631510844,3.999904485650664,1.000100462440392
39_12,2.0005563173209064,2.000175988192543,3.0000020486949097,1.0001518168769132,1.0001014306454536
39_13,3.999917672025328,3.9996776991482634,3.0,2.000226460926538,1.5031692937097965
39_14,3.9999226236752166,3.9998739600250217,2.9999999999999996,1.0001011106802495,1.000100864017527
39_15,3.0,3.0,1.000153284095121,2.9999999999999996,3.0
40_0,2.0000515148304805,2.860755640293088,2.0000532849158583,1.004354184838976,3.000758679562478
40_1,2.0001011801607906,2.000064564413382,2.0000562097689536,3.0,1.7205389933893793
40_2,3.0,2.0000629196810102,3.0,1.4648753648791422,2.405714067973733
40_3,2.9999999999999996,1.646536702603839,2.000068467792327,1.6455734647962594,1.0001349160236868
40_4,2.0250021447991022,2.000052922695132,1.506451921088421,1.5862605880350922,2.0000499980931954
40_5,3.0,2.000049998111075,2.0000529148465525,2.0000528282244545,1.4879758909545944
40_6,3.99820354186039,3.9834284687203905,1.9982619905811827,2.119523411304076,1.8645397595853446
40_7,2.9999999999999996,2.821295523464082,2.0000743214568337,2.007496175176817,1.669733652814972
40_8,2.000063080611725,2.000049998105115,1.6741292430213353,2.0000499981527926,1.6712299505848838
40_9,3.0,2.000049998111075,1.821793209339942,1.6712437704942107,1.5058509787057828
40_10,3.0,2.9999999999999996,3.0,2.288970936377668,2.5476391140636148
40_11,2.436593487025863,2.9999999999999996,2.0007161203539745,1.9887376566391644,2.9999999999999996
40_12,2.000402816329675,1.7736244229984224,2.0051268148230204,2.0001145123000663,2.9999999999999996
40_13,2.0000562433277205,1.5051737339971,2.000051807976411,1.5066197054682406,2.6449441888834504
40_14,2.4133347411278496,2.0000628529293043,1.4596192887851374,1.0001263911202756,1.7653337793496868
40_15,3.000000000000001,2.0000499980514777,1.9305586550591542,1.6725194558840133,1.5052152239950827
41_0,2.0011198670033985,1.5095526859073345,2.0000643562232727,1.0001011183340047,1.0001438475711573
41_1,3.0000000000000004,2.9999999999999996,2.9999999999999996,3.0,1.5031677445988016
41_2,3.999924223010194,1.9423081571957552,1.000100166053584,1.00063980467302,1.0001008646969722
41_3,3.999596745712242,1.9236108586227483,1.961219173077434,1.500418380393832,1.0000535629193068
41_4,3.0,2.9999999999999996,1.9915192483213455,1.0001004609026365,3.0
41_5,2.9999999999999996,2.0001439980705227,1.8567112338873375,3.0,1.000314626218899
41_6,3.9999310068303324,1.9991588154413824,1.000101424959946,1.0006150267390717,1.0001008625998498
41_7,2.9999999999999996,2.790488809441648,1.0003980219141901,1.8195439572637193,1.0001061626088097
41_8,3.0,1.0001687568094075,1.000102076366528,1.5042380416457686,1.0005839765150681
41_9,3.0,2.9999999999999996,3.092650861114521,3.0,1.000099996198311
41_10,2.0004260927191364,3.0000000000000004,1.0001661078440955,2.000057783521943,1.0001001293762637
41_11,3.99990281070701,1.8802082664690767,4.909916120110411,1.000887841544591,1.0001007630669558
41_12,3.9998362193598664,2.999999999999999,1.9467234880277078,1.000144287496015,1.2335296956942818
41_13,1.8854074217298311,2.000123989163316,1.4185426871211901,1.0001280388571239,1.0003692004032747
41_14,2.0000903741435216,2.6772669390860706,1.000103023463242,1.0001000679187033,1.000101257212628
41_15,3.0,1.7428872372164665,2.000054205084034,1.000213061956196,1.000103431050784
42_0,2.000147781964232,3.0,1.5040504611000682,3.0,3.0
42_1,3.0,2.9999999999999996,1.5019419363977244,1.5317592025331936,1.5011950060026773
42_2,3.0,3.0000000000000004,3.0,1.5028011189474104,3.0
42_3,2.0000552982579287,3.0,1.0000948452537495,3.0,2.000052536010341
42_4,3.999898019852908,3.0,1.2277424691048755,2.9999999999999996,3.0
42_5,2.351725814091731,3.0,3.0000000000000004,3.9999049323400206,2.0068488818586685
42_6,3.9999253222446405,1.000178019631867,3.999946538770148,3.9999458461534276,3.0
42_7,3.9999300511329245,3.9999188315951515,1.0001034221466394,1.0001721285931693,1.0001005921903667
42_8,3.0,2.0000549188531984,1.0001014259492098,1.0004075011978653,3.0
42_9,2.000091215088793,3.0,1.4781835363675928,3.0,1.5741042276896267
42_10,3.9997636070711695,3.0,1.0001011143166134,3.0,3.0
42_11,3.999915064660533,3.0,1.0001002795174925,1.0001020735895894,1.7936655469367204
42_12,3.9999431781282913,3.9999331825248734,3.9998424131825936,1.0001005922502666,3.489703952294616
42_13,3.9999375124283025,2.002325622617067,3.0,1.000144344119382,1.0001030272895497
42_14,2.9999999999999996,2.0000600258350434,1.4757015293796265,3.0,3.0
42_15,3.9999331852661912,2.0028223540052745,2.9999999999999996,1.9802429980599876,1.0001026936753885
43_0,2.0000530498185487,1.509549040119537,1.524523121425165,2.0000517622456346,2.999997139154913
43_1,2.467513149124822,3.0,1.921774727555324,3.9997708143806388,1.000170416308528
43_2,3.9999199262132183,2.7911997007563567,2.000022765024444,2.7091729939867624,1.5008343558934616
43_3,2.1859695504306345,2.9999999999999996,3.0,2.313558774123169,3.0
43_4,3.9993832654551746,2.7846861880928877,1.7499454330544866,1.5017202367629954,2.000021041420638
43_5,2.9999999999999996,3.0,1.336271498454129,3.0,1.0001715094264576
43_6,3.9999369353076384,3.9998989750029095,3.0,3.9999052543951508,1.0001218631519153
43_7,3.999785103423386,3.0,3.0,3.0,2.08534567964775
43_8,1.3506812929729022,3.0,1.5439345130045,1.336274478703031,1.0001195943090415
43_9,3.0,2.9999999999999996,2.9999999999999996,2.031099895970274,1.5998823408855727
43_10,2.9999999999999996,3.0000029394463854,3.9991958604797304,1.0001006745472873,2.0010180198111374
43_11,3.999924316391343,3.9999097537896406,1.0001012605626427,2.9999999999999996,1.0001005222795774
43_12,2.9061488659091945,3.0,2.248771688015417,3.553601422404376,2.878917907611222
43_13,3.99977929575961,2.0000808665196734,2.0001588147526883,2.000364523544768,1.2837671964779986
43_14,2.000017766290003,1.4925991720450853,1.5166609445360997,1.000100862658045,1.0003572068740327
43_15,3.9999100600117363,3.9994925389018317,1.1878357953718792,2.3052941896939196,2.530818645045418
44_0,2.0000270149417525,1.0000758130219454,1.0015904783391403,2.0000501574239364,1.0000646989843518
44_1,2.0200438700660888,2.000027129861462,1.6792502211942644,1.9226548328836872,1.5035881303069873
44_2,2.9999999999999996,3.0000016728822874,1.3091060760609499,2.0744464401381646,1.501923338850128
44_3,2.000026257212337,1.0000854982684482,4.917431215628203,3.0,1.746020903501585
44_4,2.000074275306167,2.0000685836375776,1.5066310415111197,1.4894242676696556,3.0
44_5,1.000403266956692,2.000025986555523,1.7972073671082358,1.695578711356287,1.540801619146033
44_6,2.0000602134478456,2.0000578564469063,3.0,2.0000629662640153,1.5437734506469207
44_7,3.0,2.4437584369061813,1.505861389072365,2.0003091911895226,2.9999999999999996
44_8,1.0001004762679357,1.0001018347008963,3.0124027422657056,1.5137226811707356,1.6218531795774103
44_9,2.9999999999999996,3.0,2.2887093206512676,1.0001012927696467,2.0000499983196653
44_10,2.0000577085889364,2.0000260897282565,1.5121978130123075,2.0000520949397647,1.5025644010429164
44_11,3.0000000000000004,3.9999407443502566,3.999938309755781,3.0000000000000004,1.5438217490628303
44_12,3.9995066792993503,3.0,2.00456325087643,1.5017188589528327,2.472459036346954
44_13,2.0000556531745985,2.0000684377541575,3.0,2.000025893966355,2.00005185540054
44_14,3.0000000000000004,1.7565936337999661,3.0,1.0002024240213843,2.0007861858060143
44_15,2.0000773144793627,2.0000349366743793,1.0056361685213056,1.584133153503328,1.0002856813437377
45_0,3.0,1.5051896306382964,1.505279634324843,1.5724379416104834,1.6119988010447637
45_1,2.0000586089049825,2.6731896977111544,1.5250547665533698,2.000050988101272,2.000051513054508
45_2,2.0000738999560856,2.674532730733076,1.5235312586090128,2.0000542471082468,2.000056083336244
45_3,1.48544177048064,2.0000560297683183,2.0000587361220927,1.00010185490486,3.0
45_4,2.0000259635320687,2.000053428050701,1.5019422831352296,1.0015675109920303,1.9831811454524866
45_5,2.9999999999999996,3.0,2.0000543705277667,1.5019415407765784,2.0000644186952012
45_6,2.999999999999999,2.0000520477966792,3.0,2.6806231812812458,2.0000568790094824
45_7,2.9999999999999996,3.0,2.0000891459831505,2.999999999999999,1.0001148419434425
45_8,3.9997610925923364,2.9999999999999996,1.0001018312443168,1.000100167756924,3.0
45_9,2.9999999999999996,3.0,2.120764647618601,3.000000589435047,3.2456633159185397
45_10,2.9999999999999996,2.6945038654848648,1.5169418096147669,1.5200935684203374,2.000054776500734
45_11,3.999697646944131,2.9999999999999996,2.9999999999999996,1.000103875513117,3.0
45_12,3.9998983764801124,3.0,3.0,1.0009196733466157,1.5040496933430172
45_13,2.0001075668428454,3.0,1.5307628401986928,1.0010680109692733,1.000247973848629
45_14,2.0000740608672096,2.6698596166672246,1.502803534353486,2.000051120861933,2.0000509757936613
45_15,3.0215858150254773,1.505176108358403,1.5788560394799325,2.000025195647495,2.0000252210182796
46_0,3.0,2.999999999999999,3.0,2.9999999999999996,1.0001008635644655
46_1,3.9999358994942624,2.9999999999999996,3.999854325124449,1.5582209106763099,1.518087733634199
46_2,2.9999999999999996,3.0,2.3233218562496782,2.585682807572595,1.000059560261084
46_3,3.9999385266046357,3.1578565527478144,2.503734445665423,1.0001016300864847,2.999991794465893
46_4,3.999934520916825,3.999930241366071,1.0001030197569862,3.9999361877221697,1.503168435052481
46_5,3.0,2.9999999999999996,2.999999999999999,3.0,2.0152698713508244
46_6,3.0,2.9999999999999996,3.8356793580954003,3.9999378879920737,1.0000605617050191
46_7,3.999932947415026,3.9999465643681784,1.0001048802641455,1.0001591631487161,1.0001002787184605
46_8,2.0000564862674928,2.555619058785796,1.0013502463571202,2.533556208185007,3.0
46_9,3.0,2.9999999999999996,1.000844495941593,2.9999999999999996,1.0105862861241133
46_10,3.0000000000000004,3.999904537005321,3.0,3.999909810879767,1.0001009783193446
46_11,3.0,3.9998985231411717,3.782311716503391,3.2598370495198012,1.000100978474441
46_12,3.999942504850469,3.9999459827494217,3.0,1.5058607897495653,1.5006427106656524
46_13,3.0000000000000004,2.9999999999999996,1.0001009796067746,3.0,1.9734216676707788
46_14,3.9999179215136182,3.0,2.0047444417117473,1.0001005225889428,1.0001696077198996
46_15,3.0,3.9999049570572716,3.1171145903497752,2.304044003602252,3.0
47_0,2.000055617909356,2.000051078246649,2.0000509890844955,1.6724704545081994,1.6977938283216216
47_1,3.0,3.0,3.0,1.0001155213217003,1.000102486634965
47_2,3.0,2.9999999999999996,1.5109139390205975,1.5137615821027657,1.000102209717382
47_3,3.9994739751279105,2.449228343861204,2.1191121763858356,3.5897577121533137,1.5680853199545166
47_4,3.9998702345762647,2.9999999999999996,2.0686973944867573,1.512190402020438,1.0001019495966148
47_5,3.9999405781652717,2.9999999999999996,3.9999054561859757,3.9999261764840712,2.9999999999999996
47_6,3.0,2.0001148188818147,3.232198652041539,3.0,1.000100077084401
47_7,3.0,2.000084709769324,3.0000000000000004,4.999899559242521,3.0000000000000004
47_8,1.0065599898935467,2.755956581378727,1.0024769160285318,1.4966101637602705,1.4845834800278968
47_9,2.9999999999999996,2.7716762732706504,2.0000569533631,1.0001001299842167,1.0001006745945824
47_10,3.0,2.0000808874395766,1.0019869655084097,3.000002829662469,3.0000000000000004
47_11,2.9999999999999996,2.999999999999999,2.01784270631952,1.5137604608985182,1.0001024566200019
47_12,3.999936980270226,3.0000000000000004,3.9999286481763834,3.9998850528860936,2.9999999999999996
47_13,3.999863919593516,2.0000499980514777,2.9999999999999996,3.0,1.5121875534601772
47_14,2.000576033646066,3.0,2.9999999999999996,2.00004999800008,3.0
47_15,2.9999999999999996,2.0000499988620053,1.4598669364637729,1.0002183572841308,1.5017217367712214
48_0,2.9999999999999996,3.0,1.000100864101342,2.000094488904173,2.0000768281201586
48_1,2.0000852738057957,1.5086956079871943,2.000053860722727,2.7056485014267713,1.0001155756732
48_2,3.9999043755249053,1.5193785833644853,3.9991773273654454,1.0001030175392924,2.999999999999999
48_3,3.0,3.9983711308820173,2.000353958260758,1.0001104386512585,1.0001745403361084
48_4,2.0000669184670876,2.0000531620047584,1.5408557843809043,1.0001016456654135,2.6752536598555983
48_5,3.0000000000000004,3.0,3.0,2.0000850236832513,3.0
48_6,3.999923939916105,3.9999182238053477,1.5089380006298971,1.5035826433407344,1.500945740796048
48_7,3.0000000000000004,2.9999999999999996,2.5067871527680543,2.0005252563410236,2.9999999999999996
48_8,2.000054382108331,2.000053120715519,1.000163344651673,2.0000518241105327,1.0001006869791091
48_9,2.9999999999999996,3.9999100175081104,3.0,1.0001202426431846,2.4007584977805405
48_10,3.0,3.0,2.000089624002903,1.9462418036011568,1.0001238233069476
48_11,3.999904111487193,3.999928359457385,1.000102352902163,1.0001011082370383,1.5010647908529346
48_12,3.0000000000000004,3.0,3.999932932423878,1.0001008630277934,1.0001194303376328
48_13,2.9999999999999996,2.000089387119371,2.0000895644207537,1.0001372926594025,1.5105932904469945
48_14,3.0000000000000004,1.6642568215655411,2.0000943744144495,3.0000000000000004,1.000100672866004
48_15,2.0000551799840904,2.0000533820810533,1.5402852679655616,2.596649007619664,1.0001125729961364
49_0,3.0,2.9999999999999996,2.264296772471666,3.0,3.0
49_1,3.0,2.000068565098143,1.000100863874407,1.5040507584643839,2.0000768905253197
49_2,3.0,2.9999999999999996,2.999999999999999,1.9044777658037517,3.9998764160931066
49_3,3.0,3.0,2.0000891516579595,1.5895040991894755,1.00023720596138
49_4,3.9991661048569536,2.0001144223884837,1.4988966699271673,1.0001008641960496,1.502206857803888
49_5,3.99992761545454,2.9999999999999996,1.5066235482138317,1.0001078182433827,1.5035882222256896
49_6,3.9999329439632545,3.9999192647070303,2.445802126875152,1.0001003582485508,1.0001218621624388
49_7,1.0001020753894976,3.0,2.000064409081924,1.0001001474102955,1.0001001295549075
49_8,1.000160694859809,1.5155323718400744,1.0000666718584381,1.314857424104798,1.0006063476597384
49_9,3.9999376321467777,1.9353069284246955,3.999947133906345,3.9999428258881955,1.0001347965959948
49_10,3.9999277220833904,3.0000000000000004,2.9999999999999996,3.0,1.5013551206037454
49_11,3.9999386168438504,1.000103018993644,1.0003615287123548,2.334501957237121,3.99993985714073
49_12,2.000948068410786,3.0,1.4256372805738668,1.000161918699838,1.0001009843752542
49_13,2.000080964778883,2.000062860170015,3.0,1.50193917068993,1.50748224855019
49_14,3.0000000000000004,2.000080587564684,3.0,2.7630941522714885,1.0001045371850845
49_15,3.0,1.5111116581040007,1.000101426127915,1.0001005231611262,3.0
50_0,2.0000693064315147,2.000060257033168,1.0001011088328469,1.000371816646967,1.5058501393578685
50_1,1.5441476134263232,3.0,3.0,1.0001009779379655,2.0000562731839824
50_2,3.0,3.999536452621509,2.3710131059091086,1.0001301784554373,3.0
50_3,3.0,1.5084536220446294,2.0000770930450082,2.0001151546695626,2.5603806537200273
50_4,2.9999999999999996,2.999999999999999,3.0,2.999999999999999,1.500037082269504
50_5,2.0001083817260894,2.000100737404159,1.5031684234738807,1.5074827468583092,1.5021881245709798
50_6,3.9968159977488327,3.9879581949756218,1.8507836008615972,1.5028052770721347,1.000313062813659
50_7,3.999938042562445,3.0,3.999967840470878,1.5074763840438867,1.0001016135895613
50_8,2.9999999999999996,1.0001213047971387,1.0001004600561403,3.0,2.0000604020142347
50_9,3.999916422425113,3.5669900892013513,2.999999999999999,2.0003182926169965,3.999419077789075
50_10,3.9999361247039147,3.0,1.000128819749528,1.0001012564728757,1.5979713792584898
50_11,3.999933445444794,3.0,1.6568807528746685,1.563759572415313,1.0001433129942179
50_12,2.000100954239384,2.000080819803433,1.4409179172042625,2.000070944220991,2.9999970199530006
50_13,2.000089707460463,3.0,2.0000894780836966,3.0,1.000108263791133
50_14,3.0,2.000056246230383,1.0001005233284905,1.0001012561521085,2.00007690628314
50_15,3.0,2.000115512743933,2.7406426231520626,3.9990749634943823,3.0
51_0,3.9996180794425085,2.000070940823037,1.5059238292895507,1.000100979845279,1.5019026387002936
51_1,2.9999999999999996,3.0,1.0001004076445528,1.0001002839158024,1.0001002386202607
51_2,3.0,1.1810546168894542,1.9460370164107845,1.0001004634299422,1.0001264302651591
51_3,2.999999999999999,1.2374458500189,1.0001008658171369,1.0001009789867865,2.7905864057378853
51_4,3.0,2.0004377574273597,1.9777761360680586,3.999129135783193,1.5066282164938674
51_5,3.9997311460221043,2.999999999999999,3.0,2.004036764137885,3.0
51_6,2.0000558406753015,2.000054540344082,1.4843321597601478,1.5045829664532293,2.0000521700109304
51_7,3.999940767820398,3.999915503928151,3.9998670022818117,3.0,3.99991553461708
51_8,1.000245590998554,3.0,1.5051902242957464,2.57912967167694,2.0002040044053753
51_9,3.999943531278706,3.999935563496639,1.5022009243029875,3.9999355841306388,3.999919469523811
51_10,2.000055452860648,3.0,1.0013350681471505,1.0001007615879653,3.0
51_11,2.000054162219853,2.000052494170703,2.0000666945218515,2.0000570409648684,2.677141465874244
51_12,1.0001206702750827,2.9999999999999996,1.5095570343051847,1.5206266933815389,3.0
51_13,3.0,2.999999999999999,1.5044856426435305,2.000084488827955,2.0000803588762786
51_14,3.9989101945415757,1.474089532615982,1.0024899303508912,1.0001023519362007,1.5007342586097294
51_15,3.0,2.0002564987484797,2.0001002136063475,1.0004643573588778,1.4503322885937895
52_0,1.0006474302594406,2.0000531193448152,2.0000553819040623,1.515550496311273,2.000051438955135
52_1,2.9999999999999996,2.0000686062555197,2.0000556179215914,3.0,3.0
52_2,2.0000602171436825,2.000051594539794,1.5073799426594,1.0001082206054486,2.0000517732417866
52_3,2.0000739140803594,2.0000613832684744,2.000064721269451,2.0000613821851223,2.9999999999999996
52_4,3.0,3.0,2.000055413646134,1.0001020729931998,1.0016265457216265
52_5,2.0000739140803594,2.0000613832684744,2.000063136783831,2.000071034445427,3.0
52_6,2.000060281688174,1.7735301504120757,3.0,2.302186283360409,1.0005414465660434
52_7,3.0,2.0000645256089897,2.746896554207352,2.616022701858774,2.0000891059630956
52_8,2.0000588818891587,2.000050892396114,1.0001011081055524,3.0,3.0
52_9,2.5222738520318133,3.0000000000000004,3.0,1.897347789417571,1.9322346531032666
52_10,3.0,2.000054182341274,2.0000546043524614,2.9999999999999996,1.5660553236131662
52_11,3.999456392420806,2.9999999999999996,2.0001006537912613,3.0,2.9999999999999996
52_12,3.0,3.0,2.0851266688190835,2.9999999999999996,2.999999999999999
52_13,1.8455518135054036,2.0000527254909657,3.0,1.0006512377331003,1.0001005948959725
52_14,2.000081434267077,2.00006165195329,2.0000574993351368,2.000064489462768,1.0001009783551902
52_15,1.0037331095548987,2.0000767757175915,2.000062670635065,1.0007508939148808,1.6304145481990917
53_0,2.0000536665037876,2.000061159325146,1.462018027557992,1.4284676223448904,1.0001005973041162
53_1,2.9999999999999996,2.999999999999999,3.0,1.5019397863253228,3.0
53_2,2.9999999999999996,2.0022626960812566,2.9999999999999996,1.5110977475748242,1.7471854722590876
53_3,2.000056887423834,2.000052091215161,1.5107988043484635,2.000053052500701,1.0001014248998037
53_4,2.0000538546020676,2.000052119381485,2.0000516692468056,1.000105992039504,1.501720344242957
53_5,2.0001085992142578,3.0000000000000004,2.0000629731059565,1.7424926164023473,1.496489138748678
53_6,3.999917090406803,2.9999999999999996,2.999999999999999,2.001591244793074,3.0
53_7,3.0000000000000004,1.8241130143388726,2.9999999999999996,3.0,1.5670115400212932
53_8,1.0001380678674405,3.0,1.000099996365183,1.5058501307411365,1.5095495534157148
53_9,3.9999276231076335,3.999945459274368,3.9999460811582526,1.6856526451325717,3.0
53_10,3.0,3.0000000000000004,2.0026117169058293,1.0001014257822696,2.0000611999054327
53_11,3.999937914417524,3.999928460739108,3.9999395197073877,3.999945186601965,3.0
53_12,3.9999251921050165,2.5453135750805163,3.999945565015396,3.9999445316593207,3.0
53_13,2.0058950495020142,2.000107100326017,1.845092104840374,3.0,3.0
53_14,2.0000527497780474,2.0000520074944674,1.497170736989657,2.0000523565392894,2.00005162861209
53_15,2.9999999999999996,1.00013322055944,1.5734219040268658,2.0000517445624357,3.0
54_0,1.0002476536554854,2.000055297233086,2.0000587126469487,1.517624149265212,1.513759635992324
54_1,3.999743356883043,2.9999999999999996,3.0,1.0001030169675698,3.0
54_2,3.9997690338609813,3.0,2.000210152460425,1.5121604241773423,1.5066183469357566
54_3,2.000068899713109,3.0,2.0000850586021697,2.000156921402728,1.5802000941917502
54_4,2.0001888187082395,2.9999999999999996,1.5355913537698134,2.000144187155842,2.999999999999999
54_5,2.9999999999999996,2.9999999999999996,3.0,3.0,1.3171936410946874
54_6,2.9999999999999996,3.0,3.0,1.5031662717902208,3.0
54_7,3.0,2.999999999999999,3.9997795302462964,1.502191600168423,1.000104264021403
54_8,3.000000000000001,2.000053425415807,1.5058190371430595,1.0001003164323155,3.0
54_9,2.9999999999999996,2.9999999999999996,1.5066250038526383,2.0001442112775876,2.0060623881300748
54_10,2.000089991210987,3.0,3.0,2.000089261261669,1.0001237666648821
54_11,3.9996071125649335,2.9999999999999996,3.9718451038115545,1.000102349517138,3.999950001400225
54_12,3.0000000000000004,3.9999410969835796,3.999922301164166,1.0001011094054046,3.0
54_13,1.842913616207633,2.0000526291826533,2.0000535519110243,1.0001086195193172,1.0001042386156358
54_14,3.9999345020263397,3.0,2.0077481179429797,3.9999260150099336,3.0
54_15,2.000052270875275,2.0000520937357065,1.0001017930053426,2.052955674261588,1.4904004555561052
55_0,2.0000595413239246,3.0,1.5024838698167793,1.843177243481515,1.5470948591218183
55_1,2.0001351043463917,3.0,1.505184743973771,3.0,1.5066207578126343
55_2,2.000054115130452,2.0000598970662598,2.000066323636709,2.0000542147334675,1.0001039863456385
55_3,2.0001009963194516,2.0000664473806555,1.000101830707893,2.00006846912602,2.0000626921318205
55_4,2.0000899287202993,1.0001016144240833,2.0000685686085737,2.000066324114216,1.5692049933309709
55_5,2.0000542525614753,1.003036222305458,1.5074852739562556,2.000052635148574,2.000052926200064
55_6,3.0,3.0,2.0000601272573775,1.5035797107784434,2.000071083876341
55_7,3.999930245913932,3.0,3.999739463633377,3.9997445699129055,1.910484385906692
55_8,2.0001143108455,1.0001153430357335,1.0001004607118191,2.0001227617691604,1.0001416975569235
55_9,2.9999999999999996,2.0001481980033353,1.5027859916618713,1.505179143968797,2.9999999999999996
55_10,2.0000851583314265,2.000058942376102,1.000100863099605,2.000061254856761,2.000080444283787
55_11,3.000000000000001,1.7991823962622993,1.0001011089881435,2.4584871449417505,2.999999999999999
55_12,3.9999238376555146,2.386634039274586,2.0010557213659843,3.0,3.999919187041271
55_13,2.000054769604561,1.5676283695031736,2.0000578744867874,1.0001492217650527,1.5040503736468265
55_14,2.0000654811502727,1.6604085306794203,2.0176205943229433,2.000051639280514,1.9685792578592711
55_15,2.000071543833566,2.0000525197031234,1.1018018060965602,2.000053207627728,2.0000530467138713
56_0,2.0000847565778384,1.4944074338720028,1.7564443074570835,1.5010613826098496,1.6362074370416204
56_1,3.0000000000000004,3.0,1.0001009813113566,3.0,3.0
56_2,1.0001620051138715,3.000000775639731,3.0,2.1002971650935622,1.0001023497195771
56_3,4.995729191631409,3.0,2.9999999999999996,3.0,3.0
56_4,3.9999104842049937,2.4493537064055473,2.3399397916220726,3.999946248472818,1.000396273275982
56_5,2.9999999999999996,3.0,3.0,3.0,1.000100862325515
56_6,3.9993071368110202,3.9999439188034223,2.001124636058287,3.0,1.7874917883322867
56_7,3.9999188002820576,1.5066164604248917,2.0173663452251884,3.0,2.9999966623477645
56_8,3.0,2.0000524946120573,1.506616743928753,1.0001007616119757,2.0000516659625345
56_9,3.0,2.9999999999999996,3.0,3.0,1.5523301432089298
56_10,4.999811320310784,4.999545964242846,3.9999410058439504,3.999943532244834,3.0
56_11,4.999753606886235,3.999938208424219,3.999942890343573,3.3218366114658053,3.999944789703526
56_12,3.0000000000000004,3.0000000000000004,2.999999999999999,2.9999999999999996,1.0001000770008934
56_13,3.0,3.0,2.0006217440335767,2.9999999999999996,3.0
56_14,3.0,3.0,1.5074883278416604,3.0,1.0001005920115713
56_15,3.0000000000000004,3.0,2.9999999999999996,1.0001410518796723,2.9999999999999996
57_0,2.0000590492566985,2.0000532062983556,2.0000528750096844,1.5386071734547357,1.728876185631253
57_1,2.000108003172226,2.000062915723686,1.505770548775777,1.0001012574510795,1.5019457740828859
57_2,2.00005368734532,2.0000548544262555,1.9907963363036854,1.000100863707585,1.7185083502386078
57_3,3.0000000000000004,2.0000580193757167,1.0001005233521127,1.503171585663721,1.0001000594076228
57_4,3.9982366779243343,2.000057832477849,1.0001066202767401,1.5039604993185065,1.000052818377271
57_5,2.9999999999999996,2.726219442021859,1.5009816131648734,2.000054406979153,1.5252677952527172
57_6,1.48860992937831,2.000089311767441,2.999999999999999,2.00009440068052,1.6542043748881348
57_7,2.9999999999999996,1.000101828299927,1.504537616041062,1.3996888114929051,1.0001011086772973
57_8,1.0001026649127112,1.0001043955561462,1.000101258309306,1.0001017747324212,3.0
57_9,3.0,2.0000571281078376,2.000061333336928,1.0001005927985447,1.4998626154425763
57_10,2.0230606053386713,3.000001956864149,1.0001006774322232,2.000100247411387,2.0484931619670927
57_11,3.9998250908373993,3.0,2.9999999999999996,1.000229477999136,1.000100979094325
57_12,3.0,1.0001011096435077,1.4965619387399478,1.5058512114289326,2.0000517321655056
57_13,2.000057210169225,2.000052929554597,1.4561300740094507,4.999897923346955,1.5040540965193268
57_14,3.000000000000001,2.000060081069551,1.7813551489478994,1.000110432716155,2.3543779327341374
57_15,2.0000855238379924,1.504038141045498,2.0000526329739836,1.0003556537034768,1.739834640966026
58_0,2.0000569094869123,1.0001778811678477,1.0001606757427006,1.0001687512307766,1.0000632366111932
58_1,2.000162786230046,3.0,2.2744385659622846,1.5084642072873748,2.000124039041799
58_2,3.0,2.7628471336499314,1.709408020177183,3.0,3.0
58_3,1.0004347395756035,3.0,2.0000545989949607,1.0001016398010694,1.5058770053256065
58_4,2.00009448005637,2.0000592049006896,2.0000602093717292,3.0,1.000100761517022
58_5,3.0,3.999116243872702,3.0,1.5282564808430674,1.0001892492507805
58_6,3.9996176875872766,2.9999999999999996,3.0,1.0001016136610943,3.0
58_7,3.0000000000000004,2.000095429805727,2.0000572816701023,1.000842494413569,1.6423623181091385
58_8,1.0001432986529935,1.0001000032787066,1.0001000130050282,1.0001000158300823,1.5035828167031693
58_9,2.0000854110432296,1.49694502390463,1.0001023592916858,2.6947850021136466,2.0000578166063248
58_10,3.9994385631759246,2.000080895709396,1.9567704161092179,1.0001014243635933,1.0001012564015939
58_11,3.9997613809154666,3.0,2.9999999999999996,1.0001173970660537,3.0
58_12,3.0000000000000004,3.0,3.9997687000973436,2.9999999999999996,1.0001011094176382
58_13,2.0000523206926086,2.0000523220158124,1.505416022324978,2.0000513007189147,2.0000515959700587
58_14,3.9962174133697124,2.0000562828574577,1.9755067638058008,2.0000555438222554,3.0
58_15,2.9999999999999996,2.0000532089029694,2.0000527550113913,1.0001016159022191,1.6640711442288623
59_0,1.0001397425480818,3.0,1.0001056446712715,3.0,2.7530988605595854
59_1,3.000000000000001,2.0000533148168733,2.000053317683566,1.5583807544722645,1.5031787403384784
59_2,3.0,3.0,3.0,3.0,1.000256013261389
59_3,2.000054402121909,1.0005563153641046,3.0,1.5034896125338326,1.0001000766318267
59_4,1.000242107837925,1.0001016139114607,1.000514058946747,1.4768332149376295,2.0077696730103187
59_5,3.0,3.0,3.0,1.0001220932586024,1.5046147896559638
59_6,3.0,2.7208646975364577,3.0,3.0,1.0001018315773937
59_7,2.9999999999999996,1.000100862908679,3.0,3.0,1.000378827836027
59_8,2.0238533840484,3.0,2.3483026999509833,1.0001008628725718,1.0001004058323644
59_9,3.0000000000000004,3.0,1.5078406828501598,1.7399884994646744,1.502881630771415
59_10,2.00005783251833,3.0,2.000053121931734,1.0001598975175867,2.031303664837633
59_11,3.0,3.0,1.6428947919088892,3.0,1.0011272987517892
59_12,3.0,1.504578722891818,3.0,3.0,2.9999999999999996
59_13,3.0,2.000053913740084,3.0,3.0,1.0002361387783412
59_14,2.9999999999999996,3.0,1.0001003165877997,1.5582962087504986,1.0003156485523637
59_15,2.000052144198831,2.0000520982234318,1.000122683600968,1.5813879768872867,1.000125970266206
60_0,2.0000513660107244,2.000051869746377,2.000054151897423,1.000106395920256,3.0
60_1,3.0000000000000004,3.999850498130648,1.3408108440583397,2.9999999999999996,2.9999999999999996
60_2,3.9997232549224346,3.999933615039253,3.9999417572261815,1.5050954439155477,2.4658480308239397
60_3,3.999914255400249,2.9999999999999996,1.0001004058798844,3.99986556225231,1.0001000070694277
60_4,3.0,1.0001000058773615,1.0001023506376205,3.0,2.9999999999999996
60_5,3.9999338475265063,3.0,1.0001288700028812,3.999839396239884,2.9999999999999996
60_6,3.0000000000000004,3.9998844077552143,3.999884406701106,3.999910030526698,1.000050270377391
60_7,3.999942661424705,3.0,1.0001000019913249,3.0000000000000004,2.9999999999999996
60_8,2.0000967915473,2.673865028490686,1.3811425453371742,1.0000504374117574,1.000100012003632
60_9,3.0000000000000004,1.0000504139892719,1.0001026642807338,1.3428815079049736,3.2990564408350624
60_10,3.9987226633925315,3.999936937840138,3.999945976819339,3.0,2.464832391306181
60_11,3.9998280836256628,3.999936937840138,3.999942583503863,3.0,2.4682126476318422
60_12,2.244944561020723,1.0004950044065357,2.9999999999999996,1.4834084353112633,2.8584647214851646
60_13,3.0,2.9999999999999996,1.8883278663307317,1.8733194479517443,2.206835579506709
60_14,3.999237506164212,1.478513552687948,1.5045626565806531,1.9148884869934395,1.578147125873554
60_15,3.0,3.07068744236326,1.000055319976936,1.4749153105702628,1.986997452435229
61_0,2.0001066711273205,1.0001223141186928,2.000274079145829,1.000053033533946,1.0000598913155225
61_1,2.854794422502183,2.0000602190500953,1.9014629916124761,1.0004457713986474,2.000068555252071
61_2,2.000052002833958,1.0002284516295739,1.0002284878021628,2.0000662499575466,1.0002868334822084
61_3,3.9662992949302724,2.000059865072739,2.0000568952670865,1.5552432793590911,2.000058717854747
61_4,2.8547990809415946,2.000058128347385,1.0041738504188253,1.0003994042298885,2.0000535004890034
61_5,3.0,1.5121956845856994,2.000056116932881,1.544878549315718,1.0001003022953914
61_6,2.0000529143634624,2.000061268755158,1.480516392083531,1.00067600255012,2.0000626963509314
61_7,3.0,2.0000548607499606,2.0000522803817233,1.000101434841556,2.000051943257765
61_8,2.0000628967219307,3.0,2.000052534985049,1.4964627083171247,1.5031690283253587
61_9,3.993528542121031,2.000051375594889,1.6768793704172404,1.5025169174948911,2.0000513803331303
61_10,2.000053280839359,3.0,3.195498246427231,1.7085854673531844,1.0006295681618738
61_11,1.0001014302278817,1.000100170570373,1.0001018380507694,1.0001001497583253,1.3390444890954587
61_12,3.999601842590337,2.9999999999999996,1.0001011380724203,3.0,3.0
61_13,2.0000524985041985,3.0,2.0000522190728955,2.0000510618152827,1.0001001475412532
61_14,2.0000520952378924,1.49308884920195,1.5352989283262342,2.0000576843915687,1.0001026719455177
61_15,2.0000711317064073,2.000051471889416,1.0011749999400155,2.000051073461037,2.0000509667887267
62_0,1.0002285545242422,1.5040718546469434,1.0001286890126364,1.0001417121800367,1.0001798810989004
62_1,3.999770472426901,3.0,2.0335546141129375,3.0,3.0
62_2,2.0000900798445724,1.424882103805705,3.000000000000001,2.0000711007406102,1.0001006706723437
62_3,3.0,2.0000613455128198,1.0001051432065486,1.3981779037283928,1.501717203707966
62_4,2.9999999999999996,1.0001004605692012,1.000104393112481,1.5035885671432567,3.0
62_5,2.9999999999999996,3.0000000000000004,3.0,1.5035815050731798,3.9997655754826993
62_6,3.0,3.0,2.999999999999999,3.0,2.9999999999999996
62_7,3.9999016969002867,3.0000000000000004,2.9999999999999996,1.5040526330254889,2.999999999999999
62_8,2.00014346074306,2.3640812766907326,1.000111948884131,3.0,1.000103017754075
62_9,3.0000000000000004,1.0006543163337056,1.000113756313823,1.000101426449525,1.4861834963325786
62_10,1.0125833042463686,3.0,3.0,3.0,2.9999999999999996
62_11,3.9999048017038654,1.0001026645436468,3.0,3.0,3.9999451840929896
62_12,2.999999999999999,3.0,1.5017191856651013,1.478037445162756,3.0
62_13,3.9996050929463993,2.9999999999999996,2.0001079285138195,1.0001034310743653,1.000100760824831
62_14,1.0001108220117072,2.732358113207445,1.0002166284753011,1.000138737701293,1.0005965716960297
62_15,3.0,3.0,1.6522849933310406,2.0409032313677766,2.00006633784002
63_0,2.000064534365257,1.000107248984097,2.0000509898116774,1.525205804827874,2.0000507701589365
63_1,3.9999252302951267,3.9999050664174844,2.7209438616008015,3.999935002893313,1.0001687140311173
63_2,3.999917733862554,2.9999999999999996,3.999872382870387,3.999928068983256,3.0
63_3,2.0002281095511685,2.000135787229238,2.000094800559591,2.0001741725993147,1.5066465923382126
63_4,4.990348033775388,1.5074792619440078,2.9999999999999996,3.0,3.0
63_5,3.0,4.7994393076970265,1.0001026626592309,3.0,3.000000000000001
63_6,4.999830638439807,2.292272028643669,1.0001007609918655,4.999811314133776,1.0001112258895755
63_7,3.0,3.0,3.0,1.5897479242247698,1.0001008628609727
63_8,1.0002662987478588,1.0007890815731593,1.605936348309896,1.0001341564521122,2.000069735862723
63_9,3.9996387346422337,3.0,3.0,3.0,2.999999999999999
63_10,2.9999999999999996,2.9999999999999996,1.014363301098667,3.0,3.0
63_11,4.999871203779903,3.99993533437632,1.000102073243575,1.5194096865550244,1.0001180411790278
63_12,3.9999368212335287,3.0,2.0965942176537733,2.2213195289276046,2.2979411100626983
63_13,2.9999999999999996,2.9999999999999996,1.8797591536919207,3.0,2.999999999999999
63_14,3.0,2.000052844649552,3.0,2.008803176860656,1.5168544171002272
63_15,2.000052751256054,3.0,2.00005226771693,1.5222684416625274,1.5066263816747532
64_0,3.0,2.000052460818983,2.679750396281884,2.0000537361272275,1.001224739895209
64_1,2.9999999999999996,3.0,4.95613552222332,1.3745281167981043,1.747219632040188
64_2,3.0,2.000061728597814,2.0001071831823434,2.9999999999999996,2.0493872851547783
64_3,3.9999088311294,3.999874676074267,1.000170132548559,3.999864656684927,2.9999999999999996
64_4,2.9999999999999996,3.9998040939185175,3.0,1.000101524418144,1.9758395418807135
64_5,2.9999999999999996,3.0,2.0000943884856612,2.000094768014083,1.819205970647828
64_6,3.0,2.000120082767548,3.0000000000000004,2.9999999999999996,1.0001014253173537
64_7,3.0000000000000004,2.855131624063646,1.0004909790088745,3.0,1.0001056633968122
64_8,3.0,1.8084040889100186,1.9688185969536598,1.5063401603568072,1.0000517479286941
64_9,3.999933986874495,2.5915918946053775,1.504587325160904,3.0,1.000102350339486
64_10,3.0,2.0001080362601256,2.00014636012738,1.0003610758493324,1.4502544705458977
64_11,2.9999999999999996,2.0002409168259523,2.9999999999999996,3.0000000000000004,1.0001001901786934
64_12,3.0000000000000004,2.999999999999999,2.827428007248715,3.9998548404371213,1.000101108951948
64_13,2.000101822504358,1.0046320871438217,2.0000578882422353,2.000061334617519,1.0001023510188618
64_14,3.0,3.999875278441183,1.0001018342600727,2.9999999999999996,3.999791851727783
64_15,3.0,2.0000589356243683,2.000057863258431,3.0,1.5040104661328662
65_0,2.000055507496763,1.0049224662709697,1.0001018388735905,1.0001009811206107,1.7679005598763486
65_1,3.0,3.0,2.0077480379668704,2.9999999999999996,1.0001018302068059
65_2,3.9994106761662547,3.0,1.000100978855822,3.0093346762037787,3.0
65_3,2.999999999999999,2.9999999999999996,1.5074897586013387,3.071422578061979,3.0
65_4,2.000166022160906,3.0000000000000004,2.0000545553924183,2.000058785500004,2.0000579129217937
65_5,3.9999247245356364,2.9999999999999996,1.0001014295850448,1.5666232814656056,3.617782408143742
65_6,3.9999342117333896,3.99992250938897,3.2092180593478066,1.000748657930779,1.0001021178256482
65_7,2.0011593172361497,3.9997378780153046,3.0,2.9999999999999996,2.115849137828587
65_8,2.000055219755163,2.000052522010005,1.0000517481775393,2.0000515951356896,1.0001011082837485
65_9,2.000085222827371,1.861001833258768,2.000057271419216,2.843854376684258,2.509208714932594
65_10,2.9999999999999996,3.0,1.9997592720007198,1.5058523623257287,1.503148607763208
65_11,3.999935881645189,3.999940823492337,3.1788811698334127,1.000608618119289,1.0001023876860622
65_12,3.9980986379860544,3.0,3.0,1.0001001900835262,2.1634980111255744
65_13,3.0,2.0000554552977468,2.0000548132316833,2.0000737417371495,1.0003349893972258
65_14,2.999999999999999,3.0009340017868964,2.0002273504156607,2.0310701059509984,1.0002577455820847
65_15,3.0,1.4841959746749827,2.0000548136424916,2.0000644798853537,1.5045849529255253
66_0,1.0002138514984642,1.0001072452409043,1.0001570687231311,3.0,1.000100459711778
66_1,3.9998543002293876,3.0,3.9981234240038983,1.0191534019474875,1.0001523009524642
66_2,2.0000557099196365,3.0,2.0000540127864292,2.894915393993401,2.0000524940698137
66_3,3.0,3.9997721377000377,2.0005742753468154,3.0,1.00010024552134
66_4,2.9999999999999996,3.0,2.0000634289518486,1.0002371470997502,1.0001009782596688
66_5,3.9999243405517992,3.0000003463697187,1.507484711789752,3.0,2.9019298404907414
66_6,3.9999289298357685,2.000555827083439,3.0,1.6265432914818017,1.532976759860464
66_7,4.99986302354443,1.0001668425322194,1.0001006713639156,1.0001007639844413,3.999938965355442
66_8,3.0,3.0,3.0,1.0001174635895564,3.0
66_9,2.9999999999999996,3.0,1.5185571393708188,1.0001000876210897,3.0
66_10,2.0001553668825474,3.0,2.0001275038929545,2.000101185908534,1.503167425635403
66_11,3.9990103280206313,3.0,2.000084942622489,2.9999999999999996,1.5021859702821718
66_12,2.00052556299877,1.0001943509300244,3.0,2.000453867427529,1.000100359476302
66_13,3.0000000000000004,2.0001346052761813,1.5028010262229805,2.999999999999999,2.9999999999999996
66_14,1.0017192180806849,1.0001049770412291,1.0001049802243624,1.7276033202545296,1.000176302798428
66_15,2.000061389795998,2.0000512690470815,1.5283732522049052,2.671293304786593,3.0
67_0,1.0016677157872644,2.000059866783625,1.7466561181020404,1.6416303877886356,1.5035824683676222
67_1,2.000068746835503,3.0,1.6332395867622067,2.0060518850999953,1.5017045070191501
67_2,3.999898074862066,3.9998746833195606,1.5154566890133752,2.9999999999999996,1.0001002781943658
67_3,2.0005152908444503,1.510793833639504,1.5356124438815413,1.000600696057521,1.00009999622215
67_4,2.9999999999999996,2.999999999999999,2.4073941905260523,1.0001823000568084,3.0
67_5,3.0,2.9999999999999996,2.9999999999999996,1.000107257686259,1.5669718970212436
67_6,3.0,3.999914659261571,2.360529299041081,1.0001001140234762,1.0000505140180511
67_7,3.999600306221859,1.2977050743155745,3.0,2.9999999999999996,2.000250956927227
67_8,2.0000849682985318,3.0,1.5033725830067004,2.006850502964474,3.0
67_9,2.9999999999999996,2.000080473006479,1.402935737392158,3.0,2.2522700310318235
67_10,3.9992923831664315,3.9668237210362296,1.3756922287168922,3.0,2.9999999999999996
67_11,3.999772789972526,3.999925333310402,3.0,3.20860118774217,3.0
67_12,3.9999272525731406,3.9999186307255585,3.9997423690384357,2.000844349699436,1.0003030952887897
67_13,2.5955420905344924,1.836137096866997,2.9999999999999996,1.6680335385703657,3.0
67_14,2.000053537506508,3.0,3.0,1.5051832932594,1.0001002162938761
67_15,2.0000523461991757,3.0,2.0000587620474324,1.0005484673077858,2.0000736322771524
68_0,2.0000538901277434,2.000088951013855,1.0001026873461134,2.0000843838047295,2.0000576844625173
68_1,2.0000560820433715,1.4779897381180371,1.0001004605811754,1.000100863874407,1.5141395274347378
68_2,2.9999999999999996,2.0000603794189327,1.0001001482086318,2.0000612938994924,3.0
68_3,2.000054337450238,1.4652070780306152,1.5050222287065962,2.000053750109188,2.0000518073269773
68_4,2.0000544331497108,1.46537975423458,1.0001005222316601,1.0001006715195473,2.0000518073269773
68_5,2.000059775502144,2.000054246786034,2.000054899846833,1.0001020821364244,1.0014817494218742
68_6,3.999539966868824,3.0000000000000004,1.5045798927073593,1.0017222945659925,2.1353480905668456
68_7,3.0,1.4724718418306662,1.4189695475527124,2.000080493620952,1.5016779985785509
68_8,2.000056203522428,2.0000520909883135,1.5940830974932716,2.0068992230270983,2.0000526694430434
68_9,3.9999348464545927,3.0,2.9999999999999996,1.000505801876791,3.0
68_10,2.000264149191738,2.0001472026246145,1.0001011843811436,3.122644215874402,3.0
68_11,2.000264149191738,2.9999999999999996,1.0001013310329927,3.1462738284076073,1.5046311246110877
68_12,4.911206476821538,2.9999999999999996,1.0001014289290269,2.0311874537231778,3.0
68_13,3.0,3.0,1.4597823995994845,1.6154429197466444,3.0
68_14,2.000057012084533,2.000055379574298,2.00005300526299,1.0001009787249588,1.6646639835037325
68_15,2.0000689824950793,1.588228990445827,1.0000989188325644,1.5149387015095737,1.5634124347934646
69_0,3.0,1.574147222413151,1.4805397930659558,1.0001734260724426,2.000051011625376
69_1,2.9999999999999996,2.000158399223627,1.3993639714968078,3.0,3.0
69_2,3.0,2.9999999999999996,1.5019021572529154,1.0001002171047368,3.2782501038419993
69_3,2.000064527539525,2.000052426550048,2.0000513650523857,1.0001003586657844,1.0002946032800075
69_4,2.9999999999999996,2.0000664131874846,2.0001334369804913,3.0,2.9932055916253866
69_5,3.0000000000000004,3.0,1.9304014223870722,2.0000599527374163,1.0001000678590553
69_6,2.000100722481213,2.0001079974346654,3.0,3.0,1.3627083401010303
69_7,2.9999999999999996,2.9999999999999996,1.1869341882336113,1.9674083855999613,1.594977328909126
69_8,1.000141694567306,1.000102350494438,2.357561461540471,1.0001038801138817,3.0
69_9,2.9999999999999996,3.0000000000000004,1.2579187546550117,2.259493581283982,3.0
69_10,3.0,2.0001079974346654,3.0,2.0003045628060523,1.2398289374684246
69_11,2.000100687066198,1.970073927084703,3.0,1.000113538668382,1.0002676625258864
69_12,3.0000000000000004,2.6541878113638826,3.999612877546807,3.040279917042691,1.9833485259657415
69_13,2.9999999999999996,3.0,1.4178779140940319,1.741443352637438,1.724088861136145
69_14,2.000077245407733,2.000051405805982,2.0000516298157756,1.0001002451280934,1.4964945341226137
69_15,2.0000530499198694,2.0000516668566886,1.4909114063751456,1.0001014283810303,1.5017109755563172
70_0,2.000174720930624,1.0005182371570542,2.0000562105850888,2.000066357905205,1.5019408185927767
70_1,3.999932272648946,3.0,3.0,3.0,3.0
70_2,3.9999085037611692,2.9999999999999996,1.5051815621881264,2.9999999999999996,1.0001003587846646
70_3,2.9999999999999996,1.5137680714437785,1.0010448233105678,3.0,1.000354338170371
70_4,3.0,2.0000569378501147,1.0005036970957242,1.0001746208295925,2.276357249052913
70_5,3.9999178992794677,1.0006418086007636,1.0001038973618122,1.502814768923256,2.9999999999999996
70_6,3.0,3.0,2.5765171060848417,3.0,1.0001014334581517
70_7,1.0001146205189553,2.999999999999999,2.9999999999999996,1.0001019139560936,3.0
70_8,1.0000653183157544,1.0001324988087816,1.0001324827027342,3.0,3.0
70_9,2.9999999999999996,3.0,2.0000714341900117,3.0,2.000054833668146
70_10,3.9999329772666337,2.1584641918987066,2.3831037835276345,3.0,2.194431626893151
70_11,3.9999329772666337,3.0,1.5045987044202753,2.9999999999999996,1.0000999961029555
70_12,2.9999999999999996,2.9999999999999996,1.0001001674711074,1.0001003592493685,1.0001002223615325
70_13,4.998273342074364,1.5107987881351648,2.9999999999999996,3.0,2.0001231608274965
70_14,3.9998977268082347,1.6409299541404185,2.7319377450901974,1.5636434983812089,3.0
70_15,3.0,2.3111197477506256,1.000105149190272,1.0020156330777867,1.0001016140188623
71_0,1.0006797433848076,2.0000598691734406,1.5191951555238896,1.0001005238890883,2.0000499980872357
71_1,2.0000659352616017,3.736950897667346,2.0000499980216793,1.5031712250459872,2.0000771978066436
71_2,2.9999999999999996,4.461744757097962,1.4354769378209895,1.5049867260093548,2.000049998128954
71_3,2.0000564931984703,3.9859540186252786,3.554285877455056,1.482822170055581,1.6774038502745974
71_4,3.000000000000001,4.8874405692664,4.999900003980481,3.532345118633086,3.016177496486584
71_5,4.917825344807139,1.5017239559858615,4.135744707921166,3.0000025943374204,4.096146748493386
71_6,3.0000000000000004,4.3674692044639,1.000100277740897,4.42442389705643,1.000101646046976
71_7,3.0,1.0001535398447348,1.6761813823272775,4.170939809645677,4.999900003873206
71_8,2.0002740462381166,2.0000499982004705,1.0000918086387314,1.000100762005032,3.0699739099638252
71_9,4.865285610629811,4.075790533330076,1.0001011106324766,1.0001023504230002,1.000100405772525
71_10,3.0000000000000004,3.858313412082465,3.0000000000000004,4.2433390033083205,3.0
71_11,3.999928803851213,4.571171400994208,3.999927380839306,3.277630874719336,1.5015264504741739
71_12,4.5875141896795935,4.567007414185525,4.999900003897045,2.532452186017058,1.0003873590072714
71_13,3.9999144801008746,3.0,1.0001004102194768,2.9999999999999996,1.0001350820392092
71_14,3.9984442795115824,4.164083325163017,3.0,1.5040545261411207,3.542088752143884
71_15,3.0,2.0000499980931954,1.899162687374759,2.000061312757923,1.5031792847064536
72_0,2.0000568536493915,2.0000803374102416,1.000082532563353,2.0000843780587765,3.0655742309641396
72_1,3.0,2.000054863639974,1.4322409379720533,3.0,1.0002020140091288
72_2,2.9999999999999996,2.9999999999999996,3.000003815192846,2.000164824659144,1.0001231635995607
72_3,3.0,3.0000000000000004,1.000100980107917,1.0042308074038069,1.0001008681540802
72_4,3.0,2.00021277293678,2.9999999999999996,2.887280409981344,2.000172521760872
72_5,2.0001387391162315,2.000100853863101,2.7330166316171884,2.000064703706744,3.0
72_6,3.0000000000000004,2.123344793914012,2.7227026102495158,1.000103017383433,3.0
72_7,2.0001867665387563,3.0,1.5100096870992086,2.0002139376121892,3.0000000000000004
72_8,2.000060401287034,2.0001142207665787,1.0001038768366524,1.000200036451653,1.5074853906537797
72_9,3.9987833582016195,2.0000615610715466,3.0,2.000068958769801,1.696432629141701
72_10,3.999932027637002,3.9999444289058004,3.999945840837385,3.2983571103034732,1.000467562833714
72_11,3.9999209775819105,3.999944855036466,3.999945840837385,3.999939669492778,1.0002906194070125
72_12,3.9999034271598157,3.999891001168437,1.000146298478028,3.99993647524488,1.5024829662051697
72_13,3.999541089221232,2.0000645600859976,1.0003698843618685,1.000101833401445,1.4825202478097883
72_14,2.0000548322966143,1.4994885185920146,1.8833252286325357,1.0001007631735992,3.0
72_15,2.0000530088450543,2.0000522550282427,1.0010495122306213,3.0,2.000056786034588
73_0,3.0,2.0000522672755494,2.0000513380886815,2.000119103667335,1.8699590049703132
73_1,3.9995643676564785,2.999999999999999,2.096032571537219,1.000101109691432,1.8174213204145273
73_2,3.9999339782860823,2.9999999999999996,3.9999107089615054,3.0,2.6310327644398517
73_3,3.99993655332389,2.00090436094381,1.0001005264277492,2.1376326797717793,1.5571827046859483
73_4,2.00005569779729,2.6738633447409494,2.000053915975621,2.0000613379791963,1.0007324245800726
73_5,2.000100291893452,2.0000942282207457,1.6662223268228673,2.00008907835184,2.0000644078769034
73_6,3.9999018376370588,2.999999999999999,2.9999999999999996,1.0001128662092702,2.001485999514607
73_7,3.9999414621546543,2.9999999999999996,3.999793162590804,1.0001001679837953,1.7023114031233784
73_8,3.0000000000000004,2.000052008174077,2.000053303266363,2.000025346908123,2.0000531452696224
73_9,3.0,2.9999999999999996,3.863215032625723,1.0001012579154285,1.0004129675363242
73_10,3.9999217712286117,2.000049998266028,2.7716483305338784,3.0,3.0
73_11,3.999935993729885,3.999918993069091,3.999938289577066,2.7192997601008995,3.2792538213524534
73_12,3.999932230309772,3.9999446744811538,1.6738683341994134,3.999945226277337,3.0000000000000004
73_13,3.999932373728247,2.9999999999999996,2.001189755077996,2.0756655284706462,1.0001008656856636
73_14,2.5190527935093483,3.0,1.0001005271901842,3.0,1.3743175370279321
73_15,3.0,2.0000511482540544,1.0001023515675447,1.0001038750959712,1.0000999963771025
74_0,3.0,3.0,2.0002281538690694,1.2244507267556561,3.0
74_1,3.999876743260228,2.9999999999999996,3.9992769184043997,2.9918928215994773,1.9433753834140632
74_2,2.000140532611621,2.0000544467980887,2.0000664533150205,2.7093289753130305,1.000102349743526
74_3,3.999510109784286,2.000133111844414,1.1992939106084803,2.9999999999999996,3.0
74_4,3.999735912176434,1.3069123219424743,1.0001006764311926,1.000100130079707,2.0000844103415973
74_5,3.9996202466904087,3.0,3.0,3.0,1.5617799358250473
74_6,3.9998620567533045,3.99955695723145,3.0000019730491436,1.5051689498416085,1.5074790384441465
74_7,3.0,2.9999999999999996,3.9998763871121485,2.9999999999999996,1.5051797284658592
74_8,3.0000000000000004,2.0000519188035235,1.5841770955381345,1.5091954285094062,2.779871909937694
74_9,3.9999380797536364,3.999915310701166,2.341472592671428,3.999941234352863,1.0001007605980579
74_10,2.0000854970613724,2.0000588795346297,2.0000711009780736,2.0001454687844356,2.0000846325459976
74_11,2.000090026068823,1.6322842908806123,2.000077021729716,2.000133586294622,2.0000664420759904
74_12,3.9999331582068693,3.0,3.0,3.9999146111105697,3.9998745979370844
74_13,2.9999999999999996,2.9999999999999996,3.0,1.0004032765530118,1.0001004077040319
74_14,2.000089710397323,2.0000536917082656,2.0000519663583014,1.000104978293875,1.5683935721441673
74_15,3.0,2.0000509791552337,2.0002527166275232,2.000051527501177,1.0001008736257018
75_0,2.0000708978100765,3.0,1.0000550506505863,1.000054791636871,1.0001694073247676
75_1,2.000052354417568,3.0,2.0000568760235486,1.0000870064833511,1.5045904235145076
75_2,3.0000000000000004,2.9999999999999996,2.1880178969924007,1.0001010184190253,2.9999999999999996
75_3,1.0012530394571637,3.0,2.0000570330918364,1.0009414375730308,1.000102520727419
75_4,2.0000955727764445,1.7841358177876867,1.8506234305548332,1.000750502993486,1.5074828390266546
75_5,3.9998350839817687,2.0001844877386974,2.000126675123993,1.0001009779977421,1.0001764278255538
75_6,1.9146550929404802,3.9999400575083377,2.588935133797306,2.4601160865992746,3.9999420484281827
75_7,3.9998154162984463,3.0,1.5095558257583623,1.0001016145075055,1.000190073939842
75_8,1.0006836037979794,2.0000579483163397,1.4506114385623459,1.000550428568538,1.9321183445797825
75_9,2.9999999999999996,3.0,3.0,3.0000000000000004,1.0001008624686327
75_10,3.9998873290454076,3.0,2.9999999999999996,3.0,2.999999999999999
75_11,3.9999237756912622,3.999934894610112,3.999940532846947,1.5065749867581253,3.99992603680511
75_12,3.0,2.9999999999999996,1.5861383048875783,1.0001012570451557,2.999999999999999
75_13,2.9999999999999996,3.0,1.0001016149364037,1.0036504299965048,3.0
75_14,2.9999999999999996,2.0000627186824658,1.000100671471549,1.4820743255283846,1.000138007051495
75_15,2.0000537409124366,2.6717715456327107,2.0000517208714874,2.0000518489935337,2.0000512613941646
76_0,2.0000889500737147,1.0000568369127478,1.000062375856709,3.0,1.0000548992679177
76_1,2.000065067188829,2.6747007195241963,1.6401208245244108,2.00005253665441,1.5024816694192737
76_2,2.9999999999999996,3.0,2.0000546054675543,1.0001005230540227,2.000051472908939
76_3,3.999870199188083,1.916575250234254,3.0,2.9999999999999996,1.5038677852052798
76_4,2.9999999999999996,3.0,1.9488148836227965,2.9999999999999996,3.0
76_5,2.0000641296958444,2.7162115700017693,1.6597748853222134,1.505852407732499,3.0
76_6,2.000081874953279,3.0,2.0000676759290292,2.000090218835788,2.004186170624308
76_7,3.9999142455740295,2.9999999999999996,2.0001237679802863,2.000192737161614,1.842605397720844
76_8,2.0004193746819725,1.000115351071592,1.0001011127789405,1.5040593810213858,1.513243823108222
76_9,2.000808929082622,1.5040488995103132,2.0000527504337033,1.5176327299559011,2.000052001230386
76_10,3.9975430622878254,2.6728832919442453,2.0000531218244855,3.0666946372431605,2.0000518896770085
76_11,4.977950586186151,3.0,1.0001008725169496,1.0001001153346958,3.9998909563493545
76_12,2.000109217403976,2.000056798294323,2.000060368554555,2.000053856407226,2.0000534596624586
76_13,2.999999999999999,3.0,2.9999999999999996,2.8766101077077297,2.9999999999999996
76_14,1.481900553421937,3.0,1.6323057179671239,1.9641869728637746,1.879692242254542
76_15,2.0000549961486116,3.0,1.0001006721267953,2.000051012084362,1.0001317223628337
77_0,2.000315104487464,3.0,1.0001163580042192,1.000101110477531,3.0
77_1,3.999388907088927,2.9999999999999996,1.000100245092247,1.0001014242804287,3.0000000000000004
77_2,3.0000000000000004,3.0,2.9999999999999996,3.015246593663921,1.642347845516775
77_3,2.000055689971312,2.000073644656522,1.5107921547725276,2.0000611801420227,3.0
77_4,3.0000000000000004,3.0000018890470557,3.0,3.0,1.0001014243878326
77_5,2.0000513432736207,2.000053673417255,3.0,1.459198078858251,1.5074792139620934
77_6,3.999924519826474,3.0,1.0001092896021309,3.0,2.9999999999999996
77_7,3.0,2.9999999999999996,3.0000000000000004,1.5045430721461182,3.0
77_8,2.0000582456229914,2.0001010742093195,2.000089616513875,1.503169182746643,2.0000557065458175
77_9,3.0,2.0484254376589774,3.0,3.0,2.0032337336146413
77_10,1.5121869469894897,2.772017961051171,3.0,1.5681508997113438,1.5007404618048001
77_11,3.0000000000000004,3.0,2.9999999999999996,3.0,3.0
77_12,3.0,3.999787260630428,2.9999999999999996,1.9996343570211346,1.0001018326865043
77_13,1.0001695974664226,2.0000612217070417,3.0,3.0,3.0
77_14,3.0,1.5095560201508988,2.030301537166029,1.5040260456104801,1.5017147982579777
77_15,3.0,2.0000686502561678,1.501558633614454,1.0001008629323809,2.000070944128769
78_0,3.0,1.8675980270016632,1.6837287809967376,1.0006487707016503,1.0001018630944993
78_1,2.000066870075688,2.0000709415735525,1.5040893238410216,3.0,1.740173905755042
78_2,4.999727775990837,2.014348813600661,1.7841958934106898,3.9999381219785137,3.9999306844552884
78_3,3.9999260868508966,3.9999286369061164,1.000100189987989,3.0,1.0001002775022056
78_4,3.0,1.0001074258744487,2.9999999999999996,2.089925232974171,2.2112145803467005
78_5,3.999935447487355,3.9999280851132077,3.999936013564539,3.999928354360988,1.5554936449983554
78_6,3.0000000000000004,4.999372198311612,4.9972279924948015,2.48818389586063,1.0001030210554018
78_7,3.999940806094486,1.8144091598518874,2.9999999999999996,1.0010782786235715,1.5006614229122701
78_8,2.000056787697232,1.5211959754100985,2.00005758954511,1.5095531377400782,3.0
78_9,4.9973607060669885,3.999937624650709,1.5114183773712704,1.5152716468273517,3.0
78_10,2.000059711902642,2.000054244468436,1.984219800709489,1.0001005226608435,1.5040550365784364
78_11,4.999797249018828,2.014377350325656,1.645633302896894,3.999938675012627,3.9999427485892953
78_12,4.999810089013798,4.999658704504258,2.4533245756036,3.9999447124632206,3.0
78_13,3.0,1.0001074258744487,2.9999999999999996,2.085330404724095,3.0
78_14,2.9999999999999996,2.9999999999999996,2.000066814425141,2.7904697998877253,3.0
78_15,2.9999999999999996,1.8721461752045732,1.0001002804110617,2.9999999999999996,1.0001189027549517
79_0,2.9999999999999996,2.671884669416698,1.4989981785024886,3.0,2.000051443383523
79_1,2.0000545477882583,2.0000523709087075,1.0001012636619477,1.631954285453174,1.5074945417841588
79_2,2.0000945455393335,2.0000569872919396,2.000054407628748,3.0,2.000053357424213
79_3,2.0000528508895523,3.0,2.000053964655407,2.000051407087184,1.0001001674472183
79_4,1.0004625689103963,2.00005401341263,2.0000537130626386,2.0000541216032692,1.0023463778886967
79_5,2.00114104564338,2.0000614307693803,2.000068652408269,3.0,1.000101613696861
79_6,3.9998905789521753,3.0,3.0000000000000004,3.0,2.9999989846922794
79_7,2.0002091061267406,2.0000599313780887,2.0000611956022176,3.0,1.5879807716996388
79_8,2.0000890805608535,3.0,1.0001325165068915,2.0001699437740004,1.0001001669580714
79_9,3.0,2.000058751289592,1.5012441564178964,2.000061271502989,1.6577434717735215
79_10,2.000077275038287,3.0,3.0,2.0000686155586482,1.0001001917988468
79_11,2.000184681099218,3.0000000000000004,3.0,3.0,3.0
79_12,3.0,2.0000946041325207,2.0000645701059834,1.5085114570048874,3.0
79_13,2.0000550858286497,3.0,2.0000600546025322,1.000102074292442,2.0000555038135714
79_14,3.9167976478669453,3.9296854325642423,1.0001038825333852,1.7522589167035858,2.000052354059899
79_15,3.0,2.000053966461017,1.7535756961838147,3.0,2.0000533566559047
80_0,2.0087305570402294,1.000103892951646,2.286443454159405,1.0001003578549124,1.309246952769888
80_1,3.0,2.288513470308992,1.0000502180344046,1.000095518806421,2.0000518473962607
80_2,3.0,1.000104975421514,1.5066228932475452,1.1788392237026069,3.0
80_3,2.9999999999999996,2.9999999999999996,2.9999999999999996,3.0,1.0000999961387138
80_4,3.9999395804699036,1.3394090309132707,3.0,2.5192256039743532,3.9999335678591503
80_5,3.999891581692077,2.9999999999999996,1.0001011094883108,3.732989265963375,1.0000607127259897
80_6,1.7107068812712762,3.0,3.999942353770148,3.0,3.999935390965311
80_7,3.0,1.0000998378000547,1.0000999961625525,1.0000999961148749,1.6595572446192053
80_8,1.000327045059947,2.0000767833044764,1.183725102996817,1.3353008590924618,1.0001000789084649
80_9,1.8864628461039812,1.0000999962817472,1.8526083104734152,2.4771904440717574,1.8961149900341483
80_10,2.9999999999999996,3.0,2.9999999999999996,1.000193874517577,1.0000999965201363
80_11,4.999768484280179,1.0000999961148749,2.5054383267663067,1.0001011081654565,1.0000999964843778
80_12,2.9999999999999996,1.0000999962698276,1.490397936050519,2.25108214721979,1.3337629340156918
80_13,3.0,1.0000999962102304,1.0001002453428098,3.0,1.6055787339657142
80_14,2.000054180231221,1.000099997580975,1.5028010799639404,3.0,1.33401272410379
80_15,3.0,2.9999999999999996,1.749827603091983,1.335138668560252,1.0001001311755626
81_0,3.999840003378412,3.0,1.0002488866013313,1.1613072361487315,2.9999999999999996
81_1,3.999928645697006,3.0,1.5027742797157984,1.0001014240906716,3.0
81_2,3.0,3.0,3.0,1.0001020738637485,1.7486630513203107
81_3,3.999121033764017,3.0,2.739483775573079,3.0,1.0003543253453793
81_4,3.0,3.0000005301628407,2.1738592431243853,3.9986586461132028,3.0
81_5,2.0001244477802587,3.0,2.9999999999999996,2.0001332474734332,2.0000844852848076
81_6,2.9999999999999996,3.999897482625845,1.5357440728840142,1.7493848628870323,2.0382222815740336
81_7,3.0,1.0001269257721577,1.000101431229672,3.0,2.9999999999999996
81_8,2.0000635423358637,2.0000577499321444,2.000065253291634,2.0000602740067355,1.5007062086187033
81_9,2.0039920384300935,1.5121845995776466,2.9999999999999996,3.999935188769074,1.0001156319014373
81_10,2.999999999999999,1.0001049768743226,2.000080934245086,3.0,2.000073819512086
81_11,3.0,3.9999215024687356,1.531778901276346,1.0003948963458813,3.0
81_12,2.9999999999999996,3.0,2.999999999999999,1.0001005223031991,2.9999999999999996
81_13,3.9999137100211803,3.0,3.9998648293488084,3.9999225547204005,1.503842304281184
81_14,1.72408918314018,3.0,1.000101618584602,1.8985563802278174,2.000308552446266
81_15,3.999928732966291,2.2267023259969267,2.2359117248002005,3.9996862103860042,2.0205524706564217
82_0,3.999837286102937,2.000080443375635,2.9192531225331466,2.9383984420429847,3.0
82_1,2.9999999999999996,2.0005809241270813,2.0003224190951077,2.147855942590835,3.0
82_2,3.999935010879251,3.999898560039614,1.5015242626521512,3.0000000000000004,3.9998851306603194
82_3,3.0,1.9040156091090263,3.9997642216273306,3.0,2.9999999999999996
82_4,3.0,3.0000000000000004,3.0000000000000004,1.0001026620751063,1.0009023876237
82_5,3.0000000000000004,3.9999418708411745,3.9999384027105958,3.0,3.999947152191434
82_6,3.9999302147007145,3.999918768866724,1.5449820818883444,3.9999405562861363,3.4298866980199816
82_7,3.9999143756929554,2.9999999999999996,3.9995152705759605,3.0,3.9971038042035447
82_8,2.0001075776851964,2.0000736479004497,2.000073759365441,1.8355344751635418,1.5058816584765367
82_9,3.0000000000000004,2.9999999999999996,3.999612883816198,3.9998552271763357,3.997891058951493
82_10,4.999743696148853,3.9999391415864136,1.0001007627201135,3.9999423007148165,3.9999454544949637
82_11,4.999721271639734,3.9999392423136735,1.0001006719013696,3.999943373745199,3.999938144304539
82_12,3.0,3.0,3.0,3.0,1.0001009776042475
82_13,2.9999999999999996,3.9996390869995384,3.0,1.8759436408101016,1.0001006712806637
82_14,2.0000616095306296,2.000051593574148,1.5058927207382937,2.0000513646408162,1.564004210414753
82_15,2.0000664836456337,2.0000533225584163,2.00005337858874,3.0,1.5021951858879679
83_0,2.9999999999999996,2.000089188548566,1.9936407051622662,3.0,1.5066249119656072
83_1,2.0000688792292647,2.0000518320072467,2.000052930550169,2.0000518929190942,1.6718442313745305
83_2,2.0001619704029516,2.0000589144488874,1.447837326190556,2.0001447807709907,3.0
83_3,2.9999999999999996,3.0,2.000094588171574,1.0001011091067398,2.000144283133251
83_4,3.0,3.0000000000000004,2.0000666477965305,1.7881543632020178,3.0
83_5,3.0000000000000004,2.0000805259282486,2.0000578227326136,1.0001003579027408,1.0001030255486811
83_6,3.0,3.0,1.973060971629662,1.8882413468418608,2.999999999999999
83_7,2.9999999999999996,3.0,2.0000270585543056,3.0,3.0
83_8,1.4915529968988908,2.0000589201276573,1.000088020898245,1.8074572055742257,1.594664615298101
83_9,2.9999999999999996,1.902759591060692,3.0,1.5107954791708629,1.9703830904487016
83_10,3.9999043831424217,2.9999999999999996,2.9999999999999996,3.0,2.000478352089624
83_11,2.9999999999999996,3.0,2.0001345254606004,1.0001925314217837,1.5045793621642307
83_12,2.9999999999999996,2.000124142622536,2.0001253779528354,3.0,3.0
83_13,2.00009479606744,2.000051894343671,2.6762026499985776,1.0001406929853076,1.5051967573233365
83_14,2.000159578686734,2.0000538858538017,1.5031877927577022,2.0000684951245185,1.000568135988118
83_15,2.9999999999999996,2.000107117091378,1.616896384803517,3.0,1.0001002776336645
84_0,2.0010061502175502,2.9999999999999996,1.5552700792637792,1.1816508076571937,1.000100978235839
84_1,3.0000000000000004,2.00005688542778,2.999999999999999,3.0,1.0000906220486732
84_2,3.0000000000000004,3.9998752133322735,3.0,3.0,3.0
84_3,2.9999999999999996,2.9999999999999996,1.9398557149113935,3.0,3.0000007152112715
84_4,3.9998328445242035,2.9999999999999996,1.0001005944193138,2.9999999999999996,2.9999999999999996
84_5,2.0009424434959375,2.0000540234129507,1.0001025663928067,1.5058742941396597,3.0
84_6,3.9999243190188727,3.0,3.0,3.0000020534126373,3.999905256768318
84_7,3.9994262037529307,2.50000299372053,2.446817315188218,2.882105630524386,3.0
84_8,2.0000530852436533,3.0,2.0000562101500403,3.0,1.0001006708992968
84_9,3.999883605092404,3.0,3.0,3.0,3.0
84_10,3.999926607900761,3.9998740404652335,3.0,2.9999999999999996,2.9999999999999996
84_11,3.999926607900761,3.9998740404652335,2.999999999999999,3.0,3.0
84_12,3.0,1.485898850208793,1.7551063658959765,1.0001020743044864,3.0
84_13,3.0,2.0001003837152327,1.0001009790224809,2.0001068601076244,1.0002680490565574
84_14,3.9994159817212163,2.9999999999999996,1.5087664917565766,2.9999999999999996,2.1830325419925165
84_15,2.0001338953043093,2.9999999999999996,2.0000599984438177,2.000053307325175,1.0000999961744723
85_0,2.0000684103162536,1.0002000296330722,1.0001325071467522,1.0001286577839235,3.0
85_1,4.999770871145149,3.9999457453582603,3.0,4.9994495141414825,3.0
85_2,3.9999137666135627,1.7976413132391569,1.7590461719146342,2.527168588719175,3.0
85_3,3.9996775381280774,3.999941057557885,3.9998536698844904,1.0001002793385612,2.9999999999999996
85_4,3.0,3.999713287431893,2.9999999999999996,2.9999999999999996,2.00247603849713
85_5,3.99994056193097,3.999939729616653,3.0,3.0000000000000004,3.0
85_6,4.999871172526607,3.0,1.0001020770703186,3.0,3.316343811992837
85_7,3.9999299956039813,3.0,3.0,3.9999284563045054,1.501343745826623
85_8,1.0002036250541086,2.8209749856315476,1.502812232321087,1.461955727070846,1.000099996150633
85_9,3.999904147950575,3.0,2.9999999999999996,1.0001007617197666,1.1536662321117503
85_10,3.0,2.0000711156632396,3.0,2.0000549952901663,2.4390223694839843
85_11,3.999832019800517,4.999786529213051,4.8320192300478455,3.99987718824312,1.0002260495814297
85_12,4.999769695059334,3.9999444243345375,3.999944406681354,1.0001004605692012,2.574739283205352
85_13,3.9994027351323873,2.0001619017995154,2.9999999999999996,1.000483237316927,2.0001146365457725
85_14,2.0003374861188314,3.0,3.0,1.0001317141835597,3.0
85_15,3.9999247231378425,1.8730151631266982,2.999999999999999,2.631955155541102,1.000100315813109
86_0,2.0000571554815054,1.00006885323254,2.000036298271915,2.810155615927586,1.2632676984877542
86_1,2.0000627018286763,1.0000999962936665,1.517566960006122,1.0001002790879232,3.0
86_2,3.0000000000000004,1.6035437178971332,1.5020879033207817,1.463683021489069,2.0000738062162218
86_3,3.0,1.0000999964367,1.3359388249427877,1.0000999960433583,1.000050115241834
86_4,3.0,2.000054121311026,1.4816329556941032,3.0,1.0000999961863917
86_5,3.0000000000000004,3.0,2.0000510123584903,2.000050893617853,1.0000999966631703
86_6,3.9997933412949256,2.999999999999999,1.7374626855754816,1.000103018445298,3.0
86_7,3.0,2.07713963316271,3.0,2.9999999999999996,1.2575360864226461
86_8,3.0,1.0001027734798629,3.0,1.0000510759509604,2.2103534258461295
86_9,1.3777830257651866,1.3232720487376157,1.0000512145171288,1.3029546735625113,1.000099996508217
86_10,2.9999999999999996,1.0014950326036758,2.672596367542525,1.0002145399925206,2.00005159394958
86_11,2.0000569044400636,1.6605915888596399,2.8755529086938383,2.684495677643783,1.5179566158652307
86_12,3.999933541928997,1.9426596530680418,3.0,3.9998993994503116,2.9186377012839064
86_13,2.0000627309069148,3.0,2.2082115947639913,2.7543921081130964,1.0000501147639216
86_14,2.000053312742523,2.000062666826877,2.000066297308207,1.0003117613445127,1.0000969982234789
86_15,2.541578578277889,3.0000000000000004,1.4433143332623255,1.0000910334334092,1.4691781753223405
87_0,2.9999999999999996,2.0000844950993697,1.4527838452672739,3.0120875533305997,2.00006118049991
87_1,2.0000519653154947,2.0000544013224557,1.0010523461287606,4.021382181582898,3.0159343288480343
87_2,2.0000552209410225,2.6755726693448096,1.6549090627132725,1.7049238261562683,2.0000522366128837
87_3,3.0,2.0000854732297437,2.000107741124979,3.023122294626067,3.0
87_4,3.0,2.000050929019937,3.011073991569417,2.000051013467006,2.0000510959128097
87_5,3.0,3.0,1.4916645213158812,2.158584803720717,3.002496116302784
87_6,2.000159106583172,3.0,2.0000846931892857,2.0001152315123965,3.0
87_7,2.000320222380886,3.06527120877882,2.9999999999999996,2.000187103045734,2.9999999999999996
87_8,1.0003331532238449,2.0000572590762573,4.999900003885125,1.0001002453308612,2.679580456272209
87_9,2.999999999999999,2.9999999999999996,3.1369285020159476,2.41513728781171,2.000305048822201
87_10,3.0000000000000004,3.4955917818555644,2.9999999999999996,1.502782174975645,2.0002281749476127
87_11,2.999999999999999,3.0002239619782554,2.9999999999999996,3.0141854247980033,2.00022866568731
87_12,4.160390769319261,2.999999999999999,2.000076803532156,4.192473296652899,2.7548653697841363
87_13,2.9999999999999996,2.9999999999999996,1.386862583883113,1.5004653426173409,3.00249171327584
87_14,2.000123726689889,2.000061419946764,1.6738403398822903,2.6780808632481325,2.0000569132656554
87_15,3.0,2.0000515123270235,1.520330788079544,2.000051709309196,1.0001002156752878
88_0,1.000826731800717,1.473872440468854,1.5051466618870581,2.0000549528135867,3.0
88_1,1.0001043962950296,1.506570919134242,1.5095556749063028,1.0003289423476793,1.0001005223750699
88_2,2.000054958713928,2.6803383742933256,2.695056367058618,1.0001063942873734,1.0001043929931648
88_3,3.0,1.5232466189479685,3.0,3.0,1.0002998390537436
88_4,3.998629233446475,3.0,2.000057106605278,1.0001281651797274,1.001596197158397
88_5,3.0000000000000004,1.0001018297659,2.000054159943561,2.000054006797002,1.0004432111467885
88_6,2.0000590563905334,1.000119735129709,1.0001008653049117,1.0001014680850395,1.0001154194422759
88_7,3.0,2.9999999999999996,2.0001595755434662,3.0000000000000004,1.0001012567591163
88_8,2.0002479025594995,3.0,2.372784154622251,1.1976679177910592,3.0
88_9,3.0,3.0,1.0001654135461184,3.0,3.0
88_10,2.0000600085629228,1.5282311735879246,2.692746459362625,2.000064486798901,2.0000603390773644
88_11,2.000062391626825,1.517584925605395,2.693677446425875,3.0,3.0
88_12,3.0,2.000057273534764,1.534359836737546,1.5123370620861651,2.000056209154612
88_13,2.0000653298269633,2.6752516040873857,1.5217671871924463,1.5161143149631868,2.000052143054534
88_14,1.0002133931470287,1.0001687429897237,1.0001057730003728,1.0001197039610217,3.0
88_15,2.0000576169065334,3.0,2.0000562082007938,2.029264992746577,2.0000528571596776
89_0,2.000053213957095,2.0000515750569683,2.0000542939188715,3.0,1.5010595982886128
89_1,3.0000000000000004,2.0414464953370914,2.0000535324460635,1.502038090867286,3.0
89_2,3.0000000000000004,2.0000771503706614,3.0,1.0000999961744723,2.0000628133263194
89_3,3.0,2.03694251892045,2.000056091620329,1.5025406986325625,1.8037456417451057
89_4,2.000057782717639,2.000052317891551,1.0001075273349798,2.000053453606936,1.0001005933235185
89_5,3.0,2.046450162958542,2.0000557021952217,1.501992476013971,3.0
89_6,1.0010681135662063,3.0,1.000228457568851,2.7630349355817203,1.0001016215639813
89_7,2.000081705462404,3.0,2.9999999999999996,2.0000628120632196,2.0000614304364426
89_8,1.531745480448157,2.01827566695001,1.0001819382380377,2.6986800637816755,3.0
89_9,3.0000000000000004,1.50404964019673,2.515140280825596,2.506680092393692,3.0
89_10,2.000057782717639,2.0000559855995035,1.0001086875465084,2.0000564643523355,1.000100522565351
89_11,2.9999999999999996,1.527248418416211,3.0,3.0,1.0006772489629534
89_12,3.0,2.7720235504564297,1.5035830785378919,3.0,2.5366595243806134
89_13,1.0001781413839554,2.0414340626293073,2.0000889769832666,1.501772492480708,3.0
89_14,2.0000577134514423,3.0,1.5137672638675912,2.0000514077494382,1.497626775234661
89_15,2.000095272662707,2.000052578594522,1.8103592476753725,2.5116161857610244,2.76351958643315
90_0,2.000061935433413,2.0000555372837567,1.7974135405838738,2.0000517319808813,3.0
90_1,3.0,2.9999999999999996,3.0,3.0,3.0
90_2,3.9999415038916872,3.9999436279247194,3.999947297497112,3.9999468723355998,3.0
90_3,3.0,1.9777416992931638,2.9999999999999996,2.9999999999999996,3.0
90_4,3.9999218762237096,3.0,3.0,1.016799578120676,3.0
90_5,4.998185501458135,3.0,2.000100517544877,3.0000000000000004,2.0017689105712906
90_6,2.9999999999999996,2.0000892537377988,2.0001238157715955,3.0,3.0
90_7,3.9998979301384283,3.999865051619197,3.0,1.0001348145133828,3.0
90_8,3.0,2.000071142857253,2.0000534517358517,2.000057192832244,2.0000688531015043
90_9,3.0000000000000004,3.9992353194432138,3.092383574627822,3.9993559468008395,3.0
90_10,2.001572209362361,2.0000524267586965,1.0001011099049673,3.0,3.0
90_11,3.999927992593783,3.0,3.0,2.9999999999999996,3.0
90_12,3.0,3.0,2.400710861533907,1.5000369928792654,3.0
90_13,3.0000000000000004,3.0000025843233074,1.8226547229620127,3.0000000000000004,3.9999104792075455
90_14,3.0,1.6701467746452454,1.7348814498971665,3.0,2.003271768736571
90_15,3.0,2.9999999999999996,2.0765597161117104,1.501060130268031,1.000123573743999
91_0,1.0010640247016938,2.357550754018639,1.0001105560721562,2.000185903490649,1.0001223159313128
91_1,3.0,2.9999999999999996,3.0,2.9999999999999996,2.9999999999999996
91_2,2.9999999999999996,2.999999999999999,3.9991777142516614,3.0,1.000100244997018
91_3,2.000058713319768,2.7103850732464814,1.0001213025583002,1.544895751407603,1.0003403090424354
91_4,3.9998963187740384,2.9999999999999996,2.9999999999999996,3.9998846574729923,1.000100191810799
91_5,3.0,3.0,2.0000739615463656,1.0003176000662255,2.0000627841948107
91_6,3.0,2.9999999999999996,1.9810037301443668,2.324090742544489,1.5391151800478196
91_7,3.0,2.9999999999999996,2.221489636575157,2.0358944970083446,3.0
91_8,3.99993863776907,3.9999052305891314,3.2370425732429218,3.0,3.0
91_9,3.0000000000000004,2.00005780731406,1.6136734250145357,3.0,2.000051943448337
91_10,3.0,2.9999999999999996,2.9999999999999996,2.0004953358702324,2.9999999999999996
91_11,2.9999999999999996,3.0,1.0001012570572045,1.8145852079413216,2.007757593338888
91_12,2.0001247937239066,2.9999999999999996,1.0001003616219144,1.2028515566926596,2.0000844971415033
91_13,3.0,2.0000533151026296,2.000052008781927,2.000051350330384,2.0000517247278315
91_14,2.9999999999999996,2.9999999999999996,1.5262975277031676,2.0000944827063725,2.0000737222700997
91_15,3.0,1.532884943270825,2.672567019925656,2.0000517529005704,1.000100193109993
92_0,2.9999999999999996,2.9999999999999996,1.541803566560274,1.0001140843607381,1.0001456406415057
92_1,3.0,1.00746059460395,3.9997252997725496,1.0001009783314614,2.9999999999999996
92_2,3.0,3.0,3.0,1.0001006719839174,2.9999999999999996
92_3,2.00005913185606,2.0000843913366557,1.000168819509975,2.7261413461555186,3.0
92_4,3.0,3.0,3.9997252758778434,3.081200754283091,1.1522805757020045
92_5,3.9999231335922776,1.563543315042907,1.0001030209243646,1.0001026726722027,3.0
92_6,3.0,3.0,1.5051903163887517,3.0,1.0024734848414747
92_7,2.9999999999999996,2.0002884525833777,1.393522808548006,2.9999999999999996,1.8843541137994808
92_8,2.000053007438596,2.000056105948437,1.0001030224861092,2.000052631942326,3.023049610626554
92_9,3.9998594636365308,3.000343488477704,1.6846995620038534,3.0,1.0001011087252714
92_10,3.0,1.5074782868313266,1.8701306419511166,1.0001157530732863,1.0001038817118157
92_11,3.0,2.9999999999999996,2.57470154627859,2.3376601156983665,1.0001864080876464
92_12,2.0002184928292435,2.2923554550380545,1.444394595108321,2.000076956260771,2.0000587526367113
92_13,2.0002040237835508,4.999900003873206,2.3886373148403583,1.0001030506748283,1.0015914399388626
92_14,2.9999999999999996,2.0000536944024674,1.5084597245404252,2.0000542673542134,2.8983304180428284
92_15,3.0,2.000064373464439,1.0001034221466394,1.000138774316971,2.9999999999999996
93_0,2.000052001724952,2.0000626559437666,1.5426612500333088,1.0005483528248833,3.0
93_1,2.0000588996438884,2.000057966905961,1.0010557506363276,2.0000545986968645,2.0000563555371946
93_2,3.999903196697563,2.9999999999999996,2.0490839919005284,1.6059950562060894,1.0000990584897547
93_3,2.000053379703036,2.0000568665827734,2.0000803448541724,1.0003406163702864,2.0000598916017625
93_4,3.0,2.9999999999999996,1.5107982321862357,1.000101615711189,1.0001472630361048
93_5,2.9999999999999996,2.0807736132253076,1.0001038790642225,3.0,2.999993408027229
93_6,2.9999999999999996,3.9999099861325047,3.1884158562432336,2.268678129058679,2.9999999999999996
93_7,3.999754334623009,2.9999999999999996,1.0001063942046025,1.993594721999324,1.000100215687213
93_8,2.9999999999999996,2.0000710291623816,2.000058179407018,2.000061522879862,3.0
93_9,3.999907579970312,3.0,1.0001030434761533,3.9997146591282893,1.5251608200423281
93_10,3.999920361604452,2.9999999999999996,3.9999370627250723,1.337699053527226,3.999936956344602
93_11,3.9999295665679795,3.0000000000000004,3.999935839718829,1.3771203826127252,3.9999260729081687
93_12,3.0,1.0001014240428014,2.9999999999999996,1.000100761194236,3.0388698749713985
93_13,2.000150476814634,2.0000589423825854,2.9999999999999996,1.0001016145193937,2.0000579088809585
93_14,2.999999999999999,2.000058915652465,1.6794038514331304,1.5096624874520481,1.0001018307430234
93_15,2.9999999999999996,2.0000524355791374,2.0000516321045847,2.0000514800965647,1.0001012577019852
94_0,1.0002969498885002,1.0000501676840696,1.0000512259187064,1.5066150420679025,1.000033520784017
94_1,3.0000000000000004,3.0,1.000104435893492,1.4938525723601308,1.5021977945276903
94_2,2.0000961041230854,3.0,2.000052428331981,3.0,1.0001020744830071
94_3,2.000058625454767,2.0000555121693733,1.000101831994989,2.0000589156942934,3.0
94_4,3.0,3.0,1.0001004094683807,3.0,1.0001012561642588
94_5,2.000071283118863,3.0,3.0,2.0000644351496333,1.000352191583707
94_6,2.9999999999999996,2.9999999999999996,1.5024875358763028,2.0053889156198546,3.0
94_7,2.9999999999999996,2.0001466691930143,1.8891256234160376,1.507484964220397,2.9999999999999996
94_8,2.0000554475742587,3.0,1.0001023537366156,3.0,2.000062821777996
94_9,2.9999999999999996,2.9999999999999996,1.4835328953056437,2.0000599714207037,2.0000737342111585
94_10,3.9998451753264956,3.0000000000000004,1.0001011088682334,3.0,3.0
94_11,3.9998692707988854,3.0000000000000004,1.0001009777352101,3.0,3.0
94_12,2.9999999999999996,3.0,2.999999999999999,3.0,1.0001011090590186
94_13,3.0,2.000052924775582,2.0000524259298715,3.0,1.5066269477882026
94_14,2.0000590396376317,2.000052753205167,1.0000999963055859,3.0,2.0000519660664193
94_15,2.0000900985547507,2.0000773594480235,1.0001007609205799,1.0001009811447443,2.000051269124341
95_0,2.0000613372640346,2.000064352974176,2.562827889184142,1.5058608224281473,2.0000890099485487
95_1,2.0001866942662163,2.0000614902141134,3.0,2.8002840800971,1.000287259209088
95_2,3.9999354480954055,3.999928426458399,1.0005269566995327,1.5095618665112938,3.0
95_3,3.0,2.9999999999999996,3.0,2.0002270158130995,1.0001005258191882
95_4,3.9999137334613653,3.0604192773164756,3.0,1.968743072520315,1.0001394489068272
95_5,3.0000000000000004,2.9459492729059744,1.000101833473031,2.0951248264856908,2.9999983768018814
95_6,3.999934800794406,3.0,3.999898269331349,3.9999368557362884,3.999933292800325
95_7,3.9999698907913013,1.9356279523107458,3.5970402386749636,2.0430977344164165,2.8203274829571043
95_8,1.0057891545382758,1.0002478654837752,1.0002654801274355,3.0,2.0000561182254355
95_9,3.9999257732897138,1.6307380848645834,3.0,2.4979832342378803,1.5317776785567774
95_10,3.999771879660965,3.0,3.0,3.999837183981229,3.0
95_11,3.9999371713574376,3.99992826324815,1.0001007633646688,1.510803540337038,3.9999229394385476
95_12,3.0,3.0,2.0001235436488516,3.0,3.9962523218788855
95_13,2.9999999999999996,2.000252388981262,2.000094538680822,1.5058965557726165,3.0
95_14,3.0000000000000004,1.7356045614621378,2.000053207717113,2.0000553860939534,1.0002018727813329
95_15,1.007922350444587,3.0,2.0000541552288063,2.000051374378688,1.000102667535623
96_0,2.0000589692864006,2.0000534992970773,1.000101719960901,2.00005240415223,3.0
96_1,3.0,2.0002081300422634,2.9999999999999996,1.0001005223750699,3.0
96_2,2.999999999999999,2.0002322011048164,1.0001014244112607,1.000100460401911,1.5179936817629271
96_3,2.9999999999999996,2.9999999999999996,1.9087214374509736,2.999999999999999,1.0001008646135607
96_4,3.9999385066622577,3.0,2.999999999999999,1.6160896422855122,3.0
96_5,2.9999999999999996,3.0000000000000004,1.5126390880448257,2.9999999999999996,1.0001007627441445
96_6,3.999933287722651,2.7766870157103676,3.0,3.999933352464714,1.000101258512321
96_7,3.0,3.99966932205428,2.9999999999999996,1.0001005919043544,2.9999999999999996
96_8,2.0000523201324376,3.0,2.7148760886581167,2.0000541448589804,1.0001018376330475
96_9,2.9999999999999996,2.000191276815046,3.0,1.0001005225294057,3.0
96_10,3.999850194250182,2.000191276815046,1.8634851051038839,1.0001004058678764,1.5344422011121825
96_11,3.0,3.0,2.0000809190229627,2.9999999999999996,3.0
96_12,2.9999999999999996,3.000001929463256,2.0002322569919633,1.0004439648906809,1.5066189419781848
96_13,2.9999999999999996,2.0003137327433724,1.9951346405587889,1.0003223116237032,3.2916432960160407
96_14,3.0,2.9999999999999996,1.9440836300589175,1.0041464798197903,1.000508316222335
96_15,2.0000603177945195,2.0000515949450537,1.0001044247840303,2.0000511929368425,1.495153609084243
97_0,1.0001883636490043,1.0000999961267945,1.000107252822442,1.0001072464692458,2.000375955954945
97_1,2.9999999999999996,1.3366501123601346,1.3359350859310928,2.0000588057753133,1.3666542215913113
97_2,1.006595655393097,2.0000555322364266,1.3343171281420272,1.3356361640735497,1.5035845256579796
97_3,1.0015763163194595,2.6759482641510104,1.0001001315690732,3.0,1.5028034002259376
97_4,2.000061475612025,1.4548991662977881,2.000094184103558,1.4124160812876367,1.000099996031439
97_5,2.9999999999999996,1.81031051587113,1.0001016148056308,1.334106024029441,1.0000504537969492
97_6,3.0,1.0000999960791168,1.3394037607084486,1.3437903339219563,1.0000999963532637
97_7,3.0000000000000004,1.1860018783193975,1.652109863133153,1.4548159675608006,1.5015251503473277
97_8,1.000107257006813,2.000204037369769,1.5121928476021267,1.000113540457684,1.0000734039068684
97_9,4.992989068353395,1.2515941900070375,1.366769482728544,1.201056403594491,3.50395926578548
97_10,2.000054003572492,1.0000999962459889,1.6667722051054636,1.3353711894808107,1.0004451754169856
97_11,3.9998807428083696,1.014311778915895,1.8392746682162555,2.0731684769316243,3.0
97_12,3.999895251633624,3.9547479073855984,2.223387102031452,1.761716670059233,1.5095592185782303
97_13,3.0,2.000063001237129,1.0001031149337904,1.000100760169803,1.0000500908008032
97_14,2.0000614949162183,1.0001779068307886,3.0,1.5021930206093612,1.0000500200666314
97_15,2.0000534118870434,1.000099996031439,1.3356366969983258,2.0000525759300705,3.0
98_0,2.0001020655975297,2.0000522017830904,1.8666423335387252,3.0,2.00005195427751
98_1,3.9996583439110696,3.999876262299035,3.9999153293464333,3.999939826268378,3.9998766220561817
98_2,3.9998099075714513,3.0,2.3485416797811047,3.0,2.6312818669458853
98_3,3.9993920464844823,3.0,2.754488333585305,2.0001448255823813,3.0
98_4,3.9999390953862943,3.9999430275352577,2.259178950072617,3.9999457297549585,1.0114164508019714
98_5,2.999999999999999,3.0,3.0,3.0,3.0
98_6,4.999729328120275,1.521595484160637,3.999938540264908,2.293081041708499,3.9999408362878595
98_7,3.9998511854876715,3.9997611266515936,3.0,2.3539187998352364,1.0001002788495696
98_8,2.0000709755196127,2.0000634032043254,1.0001003154909882,3.0,1.0008167375749588
98_9,2.9999999999999996,2.0000568996297843,3.0,3.0000000000000004,3.0
98_10,3.0000000000000004,3.999744603799304,2.999999999999999,2.9999999999999996,3.0
98_11,4.99962167374038,2.2638459479005713,2.396691249677246,3.99994532051951,1.0001618166391721
98_12,3.999939077798405,3.0,3.9999367096896807,3.9999456079262115,3.999946693241241
98_13,3.0,3.999842143670501,2.258177566480226,2.033089796248142,3.0
98_14,1.0001011564888753,2.000053247040037,3.0,1.0001001902145297,1.0001262944855545
98_15,3.0,3.9999314792247707,3.9999053303543772,1.505182667563709,3.0
99_0,2.9999999999999996,3.0,3.0,3.0,2.0000845693956504
99_1,2.9999999999999996,1.5356810796612197,2.000052982424989,2.000052220294263,1.0001014242203878
99_2,3.0,3.0,3.0,1.000100863123206,3.0
99_3,3.9998975105864774,2.00028395126423,1.0001012579154285,3.0,1.0001030258943178
99_4,3.9999232539816667,3.9992585112878634,2.5458660295293676,2.9999999999999996,1.0001001648610919
99_5,3.999825250381855,3.0,1.0001123812639208,3.0,3.0
99_6,3.0000000000000004,3.999897824440877,3.0,3.0,1.5705340668810885
99_7,3.0,2.000651688194942,1.0001018316253547,2.9999999999999996,1.0001526334157191
99_8,2.000060961737596,3.0,1.5615955649565754,1.5084763580984266,1.0001020741136155
99_9,3.9999131728603734,2.0000615924735365,1.5086819307340957,1.0001026680597203,2.000062913131742
99_10,3.0,1.6066945225038922,1.923072616346407,3.0,1.0001034252702163
99_11,4.999569205898381,3.99989798512355,3.0,2.9999999999999996,1.0003522251092178
99_12,3.999902101449498,1.0024329882584655,2.7377100483931898,1.0002202998123861,1.0001002450448226
99_13,3.0000000000000004,1.5225736633397449,2.374857684729699,1.501138580276651,3.0
99_14,3.9996391292116993,1.493436544976149,1.006619359755692,1.000739489546696,1.0002924419257095
99_15,3.000000000000001,2.0566739557815743,1.0001196809895445,2.000144505908215,1.503179366186792
