group,COT1,COT2,COT3,COT4,COT5
0_0,2.000075197531573,2.000069721938638,1.0005480597084682,2.0000787988122988,1.0001814898242554
0_1,3.0000000000000004,3.0,2.0001117008751352,3.9997045353193297,3.000000000000001
0_2,3.9999464641867837,3.9999477527496934,3.999946768949948,3.999945449089473,3.9999459809436733
0_3,2.0005679606474454,2.0003120539629697,2.000163205645163,3.9998070549684943,3.0
0_4,3.9999484586122542,3.999945934593442,3.999942523367548,3.99989921153935,3.999929490183167
0_5,2.0028300393839387,3.999925915685019,3.9998080304975447,3.0,3.0000000000000004
0_6,4.999871139762014,3.9998675315339485,4.9996775795273205,4.999821636458044,4.999852205681618
0_7,3.0,3.99994899769597,3.999944519382032,3.999943060088222,3.9999483408794725
0_8,3.9999396626464154,4.999838059026536,3.9999222489137027,2.0002027068459722,3.000000000000001
0_9,3.9999444306517398,3.99991885386326,3.999937743959339,3.9999443129251424,3.999948210159551
0_10,4.999886376494947,3.9997754182409175,3.9999383243399955,4.999896849313704,4.999863043843094
0_11,3.999943156584016,3.9998140698156646,3.999941785208466,4.99987100902402,4.999871115835546
0_12,3.9999446634076867,3.9999412967229886,3.999947689265898,3.9999193996410427,3.999925887341065
0_13,2.9999999999999996,3.9999452601883596,3.0,3.9999446979928877,3.0
0_14,1.0009862473736628,2.000071725138559,1.0006752917588344,2.0000250498644343,2.00006951799497
0_15,3.999949162017398,3.9999488724513963,3.9999480480113974,3.9999481851515037,3.9999474314664254
1_0,2.0000627895169854,1.0001516676656679,2.0002004622846843,2.000056838493213,2.00005248298402
1_1,3.999661948237435,3.9997754779834405,3.9999449056368377,4.99989156841052,3.9999486413611094
1_2,3.999910170256571,3.999880068510893,3.99992698894304,3.0000000000000004,2.0002750784469026
1_3,3.9999462313018244,3.9999461663106355,3.0000000000000004,3.9999348123030583,3.999947680529223
1_4,3.9999473645533645,3.9999489806920083,3.9999429556982893,4.999799305940765,3.9998995004195836
1_5,3.999946411929176,3.9999466491313975,3.999938487792906,3.9999406171539262,3.9999260032283233
1_6,4.99989695537928,4.999882592932933,4.999861692174397,4.99989964677064,4.999893507827136
1_7,3.999949001748695,3.9999262580851425,3.9999401889823596,3.999925831552869,3.9999482683293412
1_8,4.999852374716617,4.999796758874147,3.0000000000000004,3.0000000000000004,2.0000756656529113
1_9,4.999625550257555,3.9999481013532496,3.9999445073732627,3.9999404856801797,3.9999349165425357
1_10,1.0006249304618804,2.000075751547434,3.0000000000000004,3.0,2.0005701714267095
1_11,4.999899991727304,4.99989988421257,4.999899799368069,4.999899992513345,4.999899989927236
1_12,3.99994124059315,3.99994467777112,3.9999489683966,3.9999385693491747,3.999947762272578
1_13,3.99976475439613,3.000000000000001,2.0001325322383354,3.0000000000000004,3.0
1_14,2.0000579707972306,2.0000565265149484,1.0009858761692738,2.0000590606041584,2.0000557477413845
1_15,3.9999488715872666,3.9999458092726394,3.9999442465968396,3.9999481420485283,3.999947240227191
2_0,2.000072320732684,2.0000615744514096,2.000107469909398,2.0000900319977086,3.0
2_1,3.9999486554152113,3.999948629918114,3.999946248574189,3.999945523682637,3.999948212782065
2_2,4.99979990898333,4.999627984370319,3.999942238058063,4.99983890577758,4.999852672978286
2_3,3.999941148984252,3.9999472712308104,3.9999179351940635,3.99994654166594,3.999948534737816
2_4,3.999919547457105,3.999885769014566,4.999899595311808,4.999882375326162,4.999894948363607
2_5,3.999947412126347,3.999949248864442,3.9999450964037635,3.999948186760574,3.999948512018773
2_6,4.999898502913582,4.999899326775473,3.9995767916625025,4.99989994463261,4.999899906133088
2_7,3.999931342217018,3.999949171750019,3.999941711977637,4.999820939746788,4.999871170334057
2_8,3.9999457646266614,3.999943185143336,3.9998370647066475,3.9999106536244833,2.9999999999999996
2_9,3.9999430966928413,4.999735004739144,3.999944769290513,3.999925906983821,3.999931475106774
2_10,4.999899931139351,4.999899898790247,4.999885621644188,4.999899845806963,4.99989356600737
2_11,4.9998998043270175,4.999899885034514,4.9998806214647,4.999892906487898,4.999899105061437
2_12,3.9999474511877127,3.999945787805455,3.999946807468854,3.999910665269192,3.99994567214536
2_13,4.998924385024294,3.999942520709314,3.999908510009692,3.999943633681107,3.9999451646455473
2_14,3.9999494348852593,3.9999493380716165,3.9999464066726893,3.999946130135649,3.9999493436324225
2_15,3.9992105237705267,3.9999260195115167,3.9999486684140453,3.000000000000001,3.99981295750066
3_0,2.0000577228036565,2.000059788421604,2.00007742451517,2.00005851964961,2.0000501445978145
3_1,3.0000000000000004,3.999909636821018,3.0000000000000004,3.0000000000000004,3.0000000000000004
3_2,3.9999446328819377,3.9999477195531377,3.9999104831980072,3.9999310647660278,3.999910154158796
3_3,3.9998852451002596,3.0,3.0,2.999999999999999,3.0
3_4,3.0,2.000084512490766,3.0,2.0000850625061837,3.0000000000000004
3_5,3.9999386357306834,3.0,3.999857427913603,3.999884378086246,3.0000000000000004
3_6,3.999931573961425,4.999871281903144,3.9999391995461315,4.999896916211551,3.9991676025212497
3_7,3.9999457479867204,3.999947280474545,4.999894362767227,3.999944322670318,3.9999107357794816
3_8,4.999687587005447,3.999931521164901,3.999942864490503,3.999944012093945,4.999877507915943
3_9,3.9999473729090163,3.9999466490719136,3.999946532744451,3.9999385970093373,3.9999427992778216
3_10,4.999822044147279,4.999839241435434,4.999732872420735,4.999882449218339,3.999725149421033
3_11,3.999931538495806,4.9998526459355235,3.9998964869189644,4.999894942164167,3.999725687455051
3_12,3.9999494685536514,4.9989507020728405,3.999948925972884,4.999821001239019,4.999891772719587
3_13,3.999925652294957,3.0,3.0,3.0,3.999770741478469
3_14,2.000067631999631,3.0000000000000004,2.000130039389213,2.0001093473949387,2.0000659282237603
3_15,3.9999467171703826,3.9999467186480984,3.9998895537867476,3.9999485282711693,3.000000000000001
4_0,3.0000000000000004,3.0,2.000072269758088,2.000091157399468,3.0
4_1,3.0000000000000004,3.000000000000001,3.000000000000001,3.0,3.0000000000000004
4_2,3.9999468266417657,3.99994789709162,3.9999388964062867,3.999937661797904,3.999940919954354
4_3,3.0,2.0001437445697285,3.0000000000000004,3.0000000000000004,3.0
4_4,3.0000000000000004,3.0,3.0,3.0,3.0000000000000004
4_5,3.9999458760251723,3.9999242402509982,3.999771745990509,3.9998983718565135,3.999925827935059
4_6,3.999935579702124,4.999734903226682,3.999943315671063,3.9999256844741717,3.999947515466199
4_7,3.999919539292893,3.9999477453770287,3.99994340754964,4.999838510057057,3.9999471215032942
4_8,3.999932143422817,3.9999115675346815,1.0002286338437425,3.999905869153545,3.9997614819299745
4_9,3.999944033842287,3.9999344003759916,2.0001002527943865,3.999880127649239,3.000000000000001
4_10,3.9999450716339005,3.9999408807607346,3.999928338397476,3.9998835237045176,3.0000000000000004
4_11,3.0,3.999944822381872,3.9999329924769125,3.0000000000000004,3.9999318608939616
4_12,3.999946778772467,3.999945855897926,3.9999447479599985,3.9999446304801665,3.999948786584415
4_13,3.0000000000000004,3.0,3.0,3.000000000000001,3.0000000000000004
4_14,3.0000000000000004,3.0000000000000004,3.0000000000000004,3.0,3.0
4_15,3.0000000000000004,3.9998383761538534,3.0000000000000004,3.0,3.0
5_0,2.000093748789577,2.000050213846811,1.0004914648300802,1.0011774301493523,2.000054432636431
5_1,4.999799825906953,3.9998675339181067,3.999929458857517,3.9993402283114516,4.999862979533346
5_2,4.999687495622705,4.999893604115491,4.999307732085428,4.9998933442377735,4.999889343479657
5_3,3.999948219701642,3.9999493418801326,3.999948192839731,3.9999476228695197,3.9999481054420136
5_4,3.999941197855072,3.9999458595870196,3.999947869491242,3.9998856544659267,4.999687770190288
5_5,3.9986616893570495,4.999852744538464,3.9998830495266273,4.9998996834361344,4.999898123067125
5_6,4.999877552591942,4.999877656866377,4.999723002333828,4.99987742850576,4.999896082445651
5_7,3.9999463687312873,3.0,3.0,3.999930243259887,3.0
5_8,2.0000668361836333,2.0000594771718507,2.0000792695648815,2.0000620646617153,2.000065369855569
5_9,3.999946664490113,3.9999472978367647,3.99994669858155,3.9999098826005235,3.999947099583023
5_10,3.999910847527248,3.9999109162502324,4.999104153587909,4.999889251948423,4.999882548937854
5_11,3.9999355507124728,4.999688225936952,4.99944354056363,4.999549855243623,3.999910875149349
5_12,3.9999478161383406,3.999949366798864,3.9999477291665393,3.999948610863896,3.0
5_13,3.999948189686989,3.0,3.9999367096301914,3.9999425371464343,3.999946456021443
5_14,3.9993664127563746,3.0,3.0000000000000004,3.0000000000000004,3.0000000000000004
5_15,3.999949825733301,3.9999496590494132,3.9999468652611094,3.9999495086826133,3.9999496217868655
6_0,2.0000592864378115,2.000057065197629,2.0000832493369063,2.0000764246603726,2.000053083902476
6_1,3.0000000000000004,3.9998593665876445,2.0002943820966554,2.0008260773598057,3.0000000000000004
6_2,3.9999456566785927,3.999944489880562,3.9999472628928716,3.9999426981675628,2.9999999999999996
6_3,3.0000000000000004,3.0,3.0000000000000004,3.0,3.9998851433205056
6_4,3.9999196370689702,4.999886435927924,3.999946612131729,4.999886299410582,4.999891745005644
6_5,3.9999386084642756,3.0000000000000004,3.999884730589831,3.9999384836925675,3.999910324682623
6_6,3.999935563467,4.999863156911877,4.999616704260911,4.999899530502558,4.999898878651836
6_7,3.0,3.9999259893416084,3.000000000000001,3.9999305073522105,3.9998985053481046
6_8,2.000067933340477,1.0002339227335948,1.0001472283750354,1.000215310957655,2.000099993772316
6_9,3.999947831913923,3.999947317379391,3.0000000000000004,4.998654585026228,3.999940980530633
6_10,3.9999481358083444,3.999945795762009,3.9997710147249426,3.9999451953151253,3.9999402844317067
6_11,4.999549853758411,3.999931388208035,3.9999421115013307,3.9999395414203067,3.9999473077361514
6_12,3.9999474016245733,3.9999490994981923,3.0000000000000004,3.9999466857557002,3.9999483505223634
6_13,3.0,2.0000885998728952,2.9999999999999996,3.0,3.0
6_14,3.0,2.0001999623747766,3.0000000000000004,3.0,3.0
6_15,3.0000000000000004,3.0000000000000004,3.000000000000001,2.0001946222879825,2.000436936901627
7_0,3.9999423799516753,3.9999465207648175,3.0,3.0,3.999926018001649
7_1,3.999931175093398,2.9999999999999996,3.0,3.0000000000000004,3.0
7_2,3.999910990892531,3.999814058791318,3.999948445095599,4.999891541948964,4.999862933620835
7_3,4.998946551109963,3.9999429898999326,3.9999451784131397,4.999798787464948,4.999443485205488
7_4,3.999918987886438,3.0000000000000004,3.0000000000000004,3.0000000000000004,3.0
7_5,4.999852662703947,4.999893593171939,3.9999165222799062,4.999899827749349,4.99989357156146
7_6,4.999852647042084,4.999882583373711,4.999129927278293,4.999899289048937,4.999839227105698
7_7,4.999686400078502,3.999945714539095,3.0,3.9999342072223714,3.0
7_8,3.999941278247028,3.999935645690554,3.9999451161253927,3.999944609746081,3.9999446562862784
7_9,3.99994560416041,3.9999455608190244,3.999938699056553,3.0,3.999935319888408
7_10,3.999940681843488,3.999943059295649,3.9999482034068756,4.999882209499308,3.9999429213825244
7_11,4.999896088179217,4.999898571190045,3.9997726922235217,4.999899746432513,4.999899647568794
7_12,3.999942736067044,3.9999486615061723,4.9998846687638645,4.999895610188344,3.9999454761470132
7_13,3.9999353512070144,3.0,3.0000000000000004,3.0000000000000004,3.0000000000000004
7_14,3.0000000000000004,3.0000000000000004,3.0000000000000004,3.0000000000000004,3.0000000000000004
7_15,3.999949506566917,3.999948738801953,3.9999471874448966,3.9999478322657285,3.9999448436235383
8_0,2.0000809673534374,1.000231638444302,2.0000908219544273,2.000079256526938,1.0013545052494233
8_1,3.999931501876863,3.999931574736646,3.9999440338008734,3.999910910721917,3.99993066183103
8_2,4.999895005210072,4.999871352287782,3.9999260987159984,4.999899682458183,4.999899303734598
8_3,3.999938758039684,3.9999446620130277,3.999942462134352,3.9999386082371378,4.999158863734435
8_4,3.9999381229208626,3.999945769299394,3.0,3.0,3.0000000000000004
8_5,4.99973471408577,4.99989178761973,3.999946117477444,4.999862993662764,4.9998981164990735
8_6,4.999899115897139,3.9986618180921942,4.999887577423487,4.999897533128813,4.999898789430414
8_7,3.9999261812865896,3.999943047804379,3.9999207640638903,4.999852450421546,3.9999460755914087
8_8,4.9996267261004625,3.9999331006116408,3.9999464009268872,3.999918041659408,4.999793229770472
8_9,3.9999466492506315,4.999626918631375,3.9999337731418736,3.9996565538912225,3.9999467619948343
8_10,4.9998969664285315,4.999889461484189,3.999883506671366,4.9998998708743905,4.999899884438933
8_11,4.999899963036612,4.999896124296072,3.9999185775474078,4.999899672863358,4.999899926300464
8_12,3.999867317760353,4.999771402950835,3.9999466474802334,4.9998934655346305,3.999813496875593
8_13,3.9998666275751567,3.999941674859068,2.000156878935184,3.999846793201573,3.99993920363341
8_14,2.0002710158128747,3.9998969477016653,3.999757331854873,3.999834532314411,3.0000000000000004
8_15,3.0,3.9999355979939484,3.0000000000000004,3.0,3.0000000000000004
9_0,3.0,3.0000000000000004,2.00005676711806,2.000097996229689,2.0000652261735454
9_1,2.0001013206201326,3.0,3.000000000000001,3.0,2.000089528625306
9_2,3.999947809230542,3.999942636309503,3.999939799150495,3.999933715838537,3.0000000000000004
9_3,3.999949081731643,3.999940996486587,3.9999400593850183,3.999944249004446,3.9999409169744222
9_4,3.9999449537215694,4.9997713975563745,3.9999266505171494,4.999673675479572,3.999926226308469
9_5,3.9999409634026875,3.9999485562887953,3.9998922189335815,3.999939936601048,3.0
9_6,4.999899556023571,4.999899120879986,4.999862650043683,4.999899924286328,4.999893527315252
9_7,3.9999479735052437,3.9999383385643776,3.999938824953209,4.999546813112858,3.999946455497053
9_8,2.000054347999007,2.000057772425041,2.000157447180443,2.0000820105678208,2.00005455257952
9_9,4.999734030805307,3.999946656075065,3.0,3.999945671007229,3.999941684251721
9_10,4.999898153104775,4.999897624758919,4.999868877760283,4.999899894094456,4.999899968531361
9_11,4.999899673864608,4.999899682792627,4.999899064866784,4.999899998330518,4.999899918719047
9_12,3.999919502783549,3.9999263567205383,4.999822131478154,4.99988149442183,4.999871159736639
9_13,3.999943914828145,3.9999091359919636,3.0000000000000004,3.999939597633637,3.0
9_14,3.0000000000000004,3.999945041590254,3.9999407032512764,3.9999471730099683,3.9998993318697327
9_15,3.99994940500782,3.99994934584964,3.999937275374328,4.999838606841471,4.999821750555359
10_0,1.0001009629193727,1.0001001792116138,1.0001061182913227,1.000101188303271,1.0001016391337318
10_1,2.0000693990851133,3.0000000000000004,2.000078672507812,3.0,1.0010852834524497
10_2,2.0000974034790895,3.0,2.000076899343089,2.000071254077141,3.0
10_3,2.9999999999999996,3.0000000000000004,2.0000847606942873,3.0000000000000004,3.0000000000000004
10_4,3.0000000000000004,3.999839324009417,3.0,3.0,3.9990246447957682
10_5,3.0,3.9999482458831683,3.999894903190098,3.9999311928469563,3.0000000000000004
10_6,3.9998836988834356,3.0,3.0000000000000004,3.999326034927762,2.000077230708695
10_7,3.999949111602792,3.9999482744677204,4.810870167333025,4.990809286725539,3.9999462021407104
10_8,3.9997422838948884,3.0,2.0002172095862463,3.999877321646516,2.0000858955898018
10_9,3.999931299921364,3.9999478884321746,3.9999357271189413,4.999733043685808,3.999944035373991
10_10,2.000067302650004,1.0006110973143933,2.000058726180551,1.000119690443067,1.000105391941236
10_11,3.9999225986205795,3.9999258014101855,3.9999300132278823,3.999941119529222,3.9999409424118473
10_12,3.9999195566468875,3.999947993500957,3.9999470853323973,3.9999106039921672,3.9999483366776256
10_13,1.0001121759100522,2.000338884472798,1.0001425403501,1.000105428130981,1.0001122544144967
10_14,3.0000000000000004,3.0,3.0,3.0000000000000004,3.0
10_15,2.0000680927270773,2.0000594107380754,2.0001112544697643,2.000061398604405,1.001159448916045
11_0,2.0000714317400017,2.000082279705003,2.0000506441322137,1.0005740192612376,2.0000638302764253
11_1,2.0001254725139685,2.0000701375030006,3.994209120046137,2.0000648006279294,2.000069554136415
11_2,2.000060474594703,2.000069875494158,3.0000000000000004,2.9999999999999996,2.000064033411216
11_3,3.000000000000001,3.000000000000001,3.9923776882024145,3.99946737148467,3.0000000000000004
11_4,3.9998626918935503,3.9997863741137367,2.0000660629439446,2.0001379250000255,3.99907463797284
11_5,3.000000000000001,3.0000000000000004,2.0001069437127303,2.000082249019948,2.0000714765642
11_6,4.999445930276492,4.999839130920031,4.999766618659761,3.9999271154468157,3.999843113755006
11_7,3.9999487624817727,3.999948971728209,3.9999449873419928,3.999946643773596,3.999938715320416
11_8,2.0000582212406255,2.000054949648535,2.0000732806125394,2.000057997378802,2.0000649761807763
11_9,2.0000567261794835,2.0000574608746695,2.000076908774791,2.000070707601001,2.0000556255675725
11_10,3.9999077885201126,4.999621657625777,3.999933544549913,3.999942130018936,3.9999442195918053
11_11,3.9998140405708975,4.999886457622417,4.999885919441456,4.999838369140266,4.999894998892086
11_12,3.999918835818771,3.99989910588033,3.0,2.9999999999999996,3.999771981498182
11_13,2.0001083791468597,3.0000000000000004,2.0001126296640908,2.0000875552006323,2.0000856365462196
11_14,1.0001663784748895,2.000081158292552,2.000061157768738,2.0000909396783135,1.0003127583272313
11_15,3.0,3.0,3.9995349244917264,2.00016362432475,3.0000000000000004
12_0,3.0,3.0000000000000004,4.677815313391159,3.9988444724685595,2.0002298768169706
12_1,3.999935484546017,3.999926236042428,3.9999454091944617,4.999882209474573,3.9998669271661194
12_2,4.9998976341169445,4.999893595640018,4.99988901853755,4.999899630142263,4.9998999262766075
12_3,3.999947747582244,3.9999479181962183,3.999940698335012,3.9999471074799726,3.0000000000000004
12_4,3.9999446412314072,3.9999465310696345,3.9998189110361024,3.999944116907316,3.999942593277167
12_5,3.9999454878874943,4.999770262859742,3.9999395640500635,3.999909828946044,4.9998495560624825
12_6,3.9999304319472713,3.0,3.9999212875149834,3.0000000000000004,3.0
12_7,3.9999490639113193,3.999945687468964,3.9999442201997817,3.9999256539163657,3.99994428559267
12_8,2.000051926837832,2.000052966601697,2.0000501530549544,2.0000545719910607,2.000053598518657
12_9,3.9997764418312847,3.9999350897448496,3.999812644176267,3.9999247655215404,3.0000000000000004
12_10,3.9999410544292853,4.999871246381601,3.999944320536483,4.9998914023415555,3.999885157988865
12_11,4.999897631303803,4.999897645977419,4.999882382419558,4.999897594589309,4.9998994518660185
12_12,3.99989978939777,4.999889456502325,3.9999487684358535,4.999891499024833,4.999882552680782
12_13,2.9999999999999996,3.0,3.0000000000000004,3.9999101475769216,3.0
12_14,3.9989865423182738,3.9993737216898375,3.000000000000001,3.0,3.0000000000000004
12_15,3.0000000000000004,3.999910773124292,3.999794585382654,3.999925940026646,3.0
13_0,1.0001548784340422,1.0001075099682393,1.0001490670131328,1.0001123213900973,1.0001190027371085
13_1,3.0,3.0,3.0,3.0000000000000004,3.0000000000000004
13_2,4.999897612444988,4.999882587606304,3.9999391724049373,4.999891540386139,4.999882376065983
13_3,3.9999190782445324,3.000000000000001,3.999945349578947,3.999946877228809,3.0
13_4,3.0,3.0000000000000004,3.0,3.0000000000000004,2.0006669534812627
13_5,3.9999431135056565,3.9999428293086643,3.0,3.9999351441626763,3.999909983274725
13_6,4.999898869650685,4.9998976226017335,4.9998993725368255,4.999899980617534,4.999899444844478
13_7,3.9999387219237734,3.9999472660876116,3.999939924174444,4.999871112367405,3.9999472331822696
13_8,2.000089764761829,2.0000550434475977,2.0000619114089355,2.000081027300532,2.0000539155819452
13_9,3.999945749536285,3.999948720921918,3.9999470111383757,3.9999430579365205,3.9999491181289515
13_10,4.9998935268622295,4.999899381418623,4.999885339370147,4.9998998418503815,4.9998998155671694
13_11,4.999893563312968,4.999897603255055,4.999885339370147,4.999899794541,4.999899932689259
13_12,3.999947966466084,3.999949437424473,3.999941753596548,3.9999457276566504,3.999949502448292
13_13,4.99973480725446,4.999891778344852,3.9999341263472448,4.999894679530662,4.999886323799044
13_14,3.0000000000000004,2.000088064909543,2.000184007697033,2.0000979008157236,2.0000737799695694
13_15,3.9999479479425344,3.999947808390299,3.9999063166521305,3.999948765574761,3.999948142555157
14_0,2.000063118135028,2.00007495536922,2.347962200568118,2.000060141165752,3.0
14_1,3.0,3.0000000000000004,2.0000728835161055,2.000078540549928,2.0000690058869584
14_2,3.0,3.0,2.0016598787225974,3.999931208574296,3.0000000000000004
14_3,4.999863183028563,4.999871325590699,3.9999466041692084,4.999898874110153,3.9999263299405516
14_4,2.9999999999999996,3.0,3.0000000000000004,3.9999261542102107,3.0000000000000004
14_5,4.999863166730847,4.999893603626303,4.999889217072131,4.999898144332275,4.99988943355655
14_6,3.9998857502431617,3.9999263354726393,3.9999312324834753,4.999898889009707,4.999897646597555
14_7,3.999656057802129,3.9991468149839577,3.0000000000000004,3.0000000000000004,2.000134349251027
14_8,1.0001076336941737,1.0001007027385092,1.0001161804322103,1.0001019351629783,1.0001064073753954
14_9,3.9999387543640115,3.9999489603204372,3.999948949842926,3.99992626451699,3.9999458186005823
14_10,3.9999495469045785,3.9999485677858893,3.999949506429732,3.9999482161971263,3.999948457492242
14_11,3.999899934442141,3.9998441373442613,4.9998216684459615,4.999891767284512,3.9999261806067556
14_12,3.999949507419255,3.999948619243768,3.9999497638688557,4.999158092739403,3.9999466220073625
14_13,3.999949494211373,3.999946726003034,3.999940646251914,3.9999457437727686,3.999938395349643
14_14,3.9997689141885475,3.0000000000000004,3.0,3.0000000000000004,3.0
14_15,3.0,3.999836753618945,3.0000000000000004,3.000000000000001,3.0000000000000004
15_0,3.999938464961998,3.9999473930060385,3.999941383526715,3.999945398067662,3.999947476655082
15_1,4.9998949735386224,4.999895012968785,3.999920404733326,4.999899792848564,4.999899906930637
15_2,3.9998674572326776,3.9997753796838484,4.999769506179214,4.999899311578255,4.999899118018725
15_3,4.999893574493079,4.999897642377098,3.999882179276782,4.999899870850521,4.999899588625053
15_4,4.999896112244733,4.999898571332547,3.99990809404941,4.9998996999688865,4.999899676032977
15_5,3.9998440961806327,4.999871333156142,4.998592504406602,4.999898871188702,4.999899314188574
15_6,4.999897624591849,4.999891760036238,4.999874748261008,4.999899895309366,4.999899523875066
15_7,4.999882603040772,4.999898565003559,3.9999428307458516,4.999899118054839,4.999899750949746
15_8,3.9999459805201805,3.999946567986029,3.9999393228435167,4.99982051049691,3.999944617512013
15_9,3.9999475474473187,3.9999480734368493,3.999942191356996,4.999898505333145,4.99987128884308
15_10,3.9999394575749174,3.999946396295926,4.999390923956622,4.999893490685507,4.999886310292986
15_11,3.9999394575749174,3.999946143431749,2.9999999999999996,4.99989847075506,4.999897590047612
15_12,4.999886426833762,4.999882600561438,4.999876731982658,4.999898155822718,4.999897639349132
15_13,3.99966222795284,4.999893574648453,4.999885176076462,4.999899916538474,4.9998998469870255
15_14,4.999882595020314,4.999889443819503,3.9999418426563826,4.9998991244559425,4.9998988789491206
15_15,3.9999306204628517,3.9999456998654748,3.0000000000000004,3.999945874976285,3.9999348563286525
16_0,3.0000000000000004,2.0003239518230287,3.0,3.000000000000001,2.9999999999999996
16_1,3.99994464469439,3.9998140546639913,3.9999149951146786,4.999894896952476,3.9999191997173944
16_2,4.999899583713959,4.999899959496502,4.99989943644077,4.999899971738035,4.99989996773247
16_3,4.999897501158958,4.999899940115301,4.999894316242864,4.9998999866492495,4.999899120736793
16_4,4.999899887538338,4.999899994325288,4.9998994965306505,4.999899973943078,4.999899972250365
16_5,4.999896905006505,4.9998994762662745,4.999894382245064,4.999899912307327,4.99989495350029
16_6,4.999899975564222,4.999899990892839,4.999899816520311,4.999900000797946,4.999899983323469
16_7,4.999899709135874,4.999899999808598,4.99989981714018,4.9998999989384405,4.999899997937154
16_8,4.99989351634964,4.999898571416019,3.999899131709886,4.999899847630571,4.999898155667616
16_9,4.999899907073804,4.999899999808598,4.999897918888637,4.999899991167022,4.999900000917144
16_10,4.999899982858516,4.999899997949075,4.999899813087623,4.99989999871196,4.999899984122231
16_11,4.999899981261331,4.999900002836211,4.999899924000035,4.999899999045721,4.999899998950361
16_12,3.99993872387229,3.9998999649550404,4.999797051483559,4.99989991174661,4.9998629669974575
16_13,3.9999472911552534,3.9999489981132013,3.9999469024198064,3.999949155658241,3.999948347888333
16_14,3.9999495922131874,3.9999494121361674,3.9999456827062962,3.999941192067164,3.9999494802709203
16_15,3.9999484401127305,3.9999458613278556,3.9999490280680625,4.9998774294004855,3.9999482360201655
17_0,2.0000643230257364,2.000066108216119,2.000081960017367,2.0000590143906094,2.000054533036812
17_1,3.999942161622054,3.9999448299329066,3.999933614650257,3.9999183182737523,4.998258426465336
17_2,3.9999485507101142,3.999946533859184,2.9999999999999996,3.9999354200319805,3.9999482327776508
17_3,3.9999427505133953,3.999944264977116,3.9999476486396075,4.999798001012881,3.9999356433127407
17_4,4.999899130403956,4.999897630838555,4.999896807535172,4.9998935326326714,4.999899132001149
17_5,3.9996620387648893,3.9998138781257873,4.999896124415003,4.999851276356115,4.999889418847569
17_6,3.9999312323713907,3.9999379903600216,3.9999432524362257,3.9999147855405286,3.0
17_7,4.999877580509073,4.999863123216068,3.999942929368041,4.999893525265188,3.9999195351951884
17_8,1.0001375474385858,1.0001088628300594,1.0002402836565907,1.000107224035521,1.0002291537487717
17_9,3.9999109712919636,4.999891794211543,3.9999313124655376,4.999897629110108,4.999896120732702
17_10,4.99962562834793,3.999943246052623,3.9999381439643487,4.999760037035657,3.9999399524303128
17_11,4.999897634641446,4.9998774155008725,4.999891252817002,3.999661860390133,4.9998994645732555
17_12,4.999863064056592,4.999889456871524,4.999535204534112,4.999889385649805,4.9998894409113035
17_13,3.9999431638785,4.9996859145935675,3.999929596891898,3.9999180742816685,3.9999257770371033
17_14,3.999943120413219,3.0,3.9999115255664903,3.9999443926993883,3.9999410905943247
17_15,3.999948084594102,3.999944419155208,2.9999999999999996,3.999938719678001,3.999945538713737
18_0,3.0,3.0000000000000004,2.0000586866195804,2.000052487895559,2.000137893477452
18_1,3.9999387277354383,3.999947108010618,3.0000000000000004,3.9999461329840895,3.9999479047621076
18_2,3.0000000000000004,3.0000000000000004,2.0000770987420444,3.0000000000000004,2.9999999999999996
18_3,3.0000000000000004,3.9993363365731494,3.0,3.0,3.0000000000000004
18_4,3.0,3.9990368853914027,3.0,3.0,3.0000000000000004
18_5,2.000066138426266,2.0001011948945266,1.0007545236560313,1.0003288574369,2.0000792734703414
18_6,3.9999308494132375,3.9999380190574576,3.999948961965608,3.999947696858822,3.9999409118667155
18_7,3.9999447021529173,3.9999446994052206,3.999947560279301,3.9999445588977482,3.999935542195376
18_8,3.999758751267139,3.999917347524017,2.0000835017844074,3.0,3.999925742835253
18_9,4.9998935213321065,3.9996623008164933,4.999870058449473,4.999899462606269,4.999899947183743
18_10,4.9998935085299525,3.999662286704186,4.999680106150561,4.999899655245454,4.999893570882792
18_11,4.999886361072484,3.9997259059197257,3.9999302556336422,4.999899655245454,4.999893570882792
18_12,3.999935591914425,3.9999412639143213,3.999949347869834,4.999882415770781,3.9997258465301306
18_13,1.0008936284374474,1.0001484294487037,1.000444317742654,1.0001262015717018,2.0000618113790853
18_14,3.9999387264524473,4.999451332673615,3.999936733744335,3.9999482456454194,4.999821928190209
18_15,3.0,3.0,2.0001379962212256,3.0,3.0
19_0,3.0,3.0,3.0000000000000004,3.0,3.000000000000001
19_1,4.999799747627848,4.999893601909763,4.999770259069396,4.999898880808947,3.9998855423214414
19_2,4.9998981105277505,4.999899916777069,4.999898817179955,4.99989997793647,3.915649776808966
19_3,3.999867299005057,3.999775429220724,3.999948389166298,4.9998629755777255,3.999943040909643
19_4,3.999919476408429,4.999771508971862,3.9999477062396203,3.9998856799380875,3.9999107620843555
19_5,4.999886349318736,4.999898569854578,4.999837579461932,4.9998997924431805,4.999871158535903
19_6,4.999899314117272,4.999898157276882,4.999894903758443,4.999899953573038,4.999899910638174
19_7,4.999891677109905,4.999895018714956,4.999894867402996,4.999896103376865,4.999898159935344
19_8,3.0,3.99988417514942,3.0000000000000004,3.0000000000000004,3.0000000000000004
19_9,4.999839134447624,4.999886424581686,3.999925754081466,4.9998863743032285,4.999886398261001
19_10,4.999891739903687,4.99989913074942,4.999862847955589,4.9998981261423125,4.999896950075656
19_11,4.9998988574683825,4.999899847702197,4.999897993127098,4.999899974682302,4.9998999885328255
19_12,3.9999195398448153,4.999852727216805,3.9999489177954586,3.999942972444414,4.999687985278088
19_13,4.999852587296607,3.9998999622792817,3.999945640706525,4.999889394364381,4.99982188680446
19_14,3.999949416099866,3.999948849111134,3.999947365625493,3.999945691468218,3.9999490958329664
19_15,3.0,3.0,3.0000000000000004,3.000000000000001,3.0
20_0,3.0000000000000004,3.0,1.9825056406896093,3.0000000000000004,3.0000000000000004
20_1,4.999898881534951,4.999897646346901,3.9998421597532103,4.999897580094314,4.9998949743254455
20_2,3.999909865804089,3.0,3.9999454839065023,3.9999258689258377,3.0000000000000004
20_3,4.999897619145146,4.999871337342678,4.999666071931557,4.999899108458981,4.99989488822714
20_4,4.99989500904803,4.999898887626505,3.9964356519044024,3.9904928642620754,4.999898863178599
20_5,3.999867489331221,4.9998527407909865,4.999727411142233,4.999876277795529,3.9982964276322543
20_6,4.999896944187252,3.9972261701106913,4.999891170462361,4.999899956635626,4.999899674709998
20_7,3.9999315898267156,3.9999446784153143,3.999947217847179,4.999821895370889,3.9999109950310636
20_8,3.0000000000000004,3.0,3.999566300982257,3.0000000000000004,2.0000816978809848
20_9,4.999771379879481,3.9999467491570853,3.999945016129567,4.99985244744119,3.9998857424129306
20_10,4.999877644041101,4.999882616331079,3.9999226748047705,3.9997254788068473,4.999895012515889
20_11,4.999899588995002,4.999899972059594,4.999899299765231,4.999899988175188,4.999899976351125
20_12,4.999894967697344,4.99989612136374,4.999881929879816,4.999899878943969,4.999899880267567
20_13,3.9999194982493047,3.999941246994338,3.9999403318313504,3.9999382798826932,4.999624572940292
20_14,3.0,3.0000000000000004,3.0000000000000004,3.0000000000000004,3.0000000000000004
20_15,2.0001197644251167,3.0,3.0000000000000004,3.0,3.0000000000000004
21_0,3.0000000000000004,2.0000582903946227,2.0000764499351122,2.0000562266465876,2.0000569820957432
21_1,3.0000000000000004,3.0,3.999948155106767,3.9999353700690974,3.999885248295845
21_2,4.999628051837794,3.9999263383232337,4.999882105854806,4.999898874383587,4.999895004195861
21_3,3.0,2.000069403990142,2.000073111853942,2.000055271033657,2.00007066183453
21_4,2.0000665426303326,2.000067181382222,2.0000541691933855,2.0000619338064713,2.0000565699269743
21_5,3.999942619626482,4.999891774078314,4.999893411514102,3.9999289712630572,3.9998436579673813
21_6,4.999896114497629,4.999889457528119,4.999862196675596,4.999899467087071,4.99989500432731
21_7,3.999949223690441,3.999948378038985,3.9999429584156916,3.9999431989163705,3.9999493057990056
21_8,3.0000000000000004,2.000067002893276,3.0000000000000004,3.0000000000000004,3.0
21_9,3.9999493097204994,3.0,3.9999461806027976,3.9999487796886033,3.999948718847876
21_10,3.9999431794981875,3.999945849574666,3.9999488176307225,3.999949227552335,3.9999494350997478
21_11,4.999159881139882,3.999867550451064,4.999876870837859,4.999898874383587,3.9998857277929307
21_12,3.9999479287926687,3.9999443866917406,3.9999483124147814,3.9999449797131947,3.9999469537686716
21_13,3.999947404843097,3.0000000000000004,3.9999303820414283,3.9999412116460245,3.0000000000000004
21_14,3.0000000000000004,3.0,3.0000000000000004,3.000000000000001,3.0000000000000004
21_15,3.999941241331129,3.999926179486973,3.0000000000000004,3.0000000000000004,3.999885275182289
22_0,2.0000627314005848,2.000057140896812,2.0000906926346946,2.000060850398842,2.000055078306479
22_1,4.999889391205578,4.999897607606646,3.9999197995582456,4.999898451588354,4.999897611396987
22_2,4.999821926220865,4.999822031596502,3.9999376927339894,4.99987759920998,4.9998950001905715
22_3,4.999886363253094,4.999898871534548,3.9998410964086717,4.999896912397744,4.999898549674774
22_4,4.999891738485099,4.999898890678108,4.999137528212909,4.999898116034095,4.99988248663409
22_5,3.9999383291786392,4.999448913862006,3.999946621512354,3.9999450664434275,3.999944107364331
22_6,4.999898559377539,4.999899781273962,4.999897476937227,4.999899786578357,4.999899917050724
22_7,3.9999194487746035,3.999948554590114,3.999945953515664,3.999867144674825,3.99994103364652
22_8,2.0000889062085854,1.0001289720734226,2.0000927818257326,2.000077513188258,1.0003151737923799
22_9,4.999734751908831,4.9997350021477525,3.9998661377535134,4.999899831217714,4.999898159553763
22_10,4.999882558627885,4.99988644952806,3.999939186130292,3.999167976101401,4.99983914920863
22_11,4.999897637156019,4.999893595103442,4.999894739584116,4.999899896847161,4.999899851469054
22_12,3.9999429117455683,3.999940102427632,3.9999458801375023,3.9999405680988396,3.9999442377404377
22_13,3.999899893015748,3.9998441150882607,4.999430996060013,4.9998711581854725,4.9998864141395565
22_14,3.0,3.9998975022031886,3.0000000000000004,3.0,3.0
22_15,3.0000000000000004,3.0000000000000004,3.9997936258481506,3.0000000000000004,3.0
23_0,2.0000954779260733,2.0004494455375785,2.0000878775528745,1.0001961128458674,1.000723295914745
23_1,3.0,2.9999999999999996,3.0000000000000004,3.0,3.0000000000000004
23_2,3.9999440033746603,3.0,3.9999215592524995,3.999942006835519,3.9999100315558684
23_3,3.9999069795225752,3.0,3.0000000000000004,3.0,3.999842186895971
23_4,2.0002002881464778,3.0000000000000004,3.0,3.0,2.0001388060665724
23_5,2.9999999999999996,3.9999449208114743,3.999931477203489,4.999101036407492,3.9998933443119564
23_6,3.9999473103349183,3.999946663417571,3.99994453119396,3.9999189185310953,3.999944116013219
23_7,4.999626920608405,3.9998999840383793,3.999945830061273,4.99983904362728,3.9999487265542824
23_8,3.9999365303500296,4.999882537601462,3.9999072478111257,4.999832355751448,2.000405520057821
23_9,3.999925999592248,3.9999483686464705,2.999999999999999,2.9999999999999996,3.999941145353792
23_10,3.9999407332173798,3.0,3.999864408128903,4.999897402614988,3.9999286183717726
23_11,3.999885688663007,3.999941144090817,3.9999439450690106,3.0,3.0000000000000004
23_12,3.999947434917449,3.9999412712390856,3.9999381341660625,4.999862028244245,4.9998864415557644
23_13,3.99993134185933,3.999931146599,3.0000000000000004,3.0000000000000004,3.999866050730792
23_14,3.0000000000000004,2.00006057822116,2.0000903749423755,2.000063297778005,1.0051847977509685
23_15,2.0000803454872527,2.000075680562638,2.000208605916856,2.0001162638108076,3.0
24_0,4.999852668477642,4.99988257295536,3.9999159575381613,4.999898793185004,4.9998980012332375
24_1,3.9999485503642345,4.999321093587599,3.999939128927773,4.999686619588128,3.999948614004986
24_2,4.99988639342282,4.999871302880117,4.99986175732056,4.999898031748313,4.999893489720569
24_3,3.999725634162645,4.999863105597119,3.999945769615002,4.999862589125687,4.999152702553454
24_4,3.9999108735006415,4.99988638160993,3.999945606532186,4.999893547829156,3.999661689463624
24_5,3.999948547002852,3.999948553606766,3.999920046115855,3.9999445667708624,3.9999405546176083
24_6,4.999897584552372,4.999896968717612,3.999942633669113,3.9998135517472013,4.999896020771168
24_7,3.999931401299942,3.999948298361252,3.9999278206358264,3.999946801175222,3.9999412324571417
24_8,3.0,3.999604155886892,3.0000000000000004,3.999934433362575,3.999767030274353
24_9,3.999919281500369,3.9998997333849196,3.0,3.0,4.999759313752707
24_10,4.999891737865219,4.9998950192510705,3.999940139408378,4.999898758498408,4.999882195562168
24_11,4.999897880410017,4.999894975348873,4.999781384564056,4.999899599066953,4.999896935176029
24_12,4.999839182016733,4.999863090281355,3.999941285643981,4.999882382574806,4.999838954232366
24_13,4.998332345375955,3.999946743369982,3.9999442303436363,3.999948422099789,3.9999478000106654
24_14,3.999946563963153,3.0000000000000004,3.0,3.0,3.999898160440334
24_15,3.999943170637311,3.9999479225289076,3.999944284001515,4.999626316679729,3.999946558628862
25_0,3.999938642811364,3.99994584112929,3.9999280879622554,3.9999485374725463,3.9999430976646972
25_1,3.9999466574934006,3.9999109714700083,3.9999468313381614,4.999891665022436,4.999882569177849
25_2,3.999948890486861,3.9999412538894497,2.9999999999999996,4.999770933705963,3.9999314884026957
25_3,3.999935208108097,3.9999262690100283,2.001024876880344,3.9999442255699855,3.0000000000000004
25_4,3.9999466732397795,3.999949300143373,3.9998911271373943,3.9999481348307357,3.0000000000000004
25_5,3.999935585415656,4.999877666212578,3.9999481645897,4.999899294627451,4.999896928249816
25_6,3.999946715048442,4.999852730350552,3.9999409134159127,4.99988639516318,4.999893548532773
25_7,3.9999484561033647,3.9999492668035304,3.9999489257166556,3.9999410090565335,3.999938765710608
25_8,3.999939230286085,3.999943620456389,3.9998967656842677,3.9999360025207324,3.9999093100368777
25_9,3.9999483059302805,3.999949048731639,3.999948226209902,3.999947254358095,3.9999483885107603
25_10,3.9999108535114254,4.999852740219653,4.999877042302716,4.9998935216775084,4.99989985329328
25_11,4.9998776228360144,3.997226222142486,4.999888618448553,4.999899919577606,4.999899965229923
25_12,3.9999487955005537,3.9999489194645763,3.9999464739014865,3.9999479849956288,3.0000000000000004
25_13,3.9999314838316997,4.999891784233859,3.9998667056468586,4.999899661229456,4.999899676080849
25_14,3.9999457939384104,3.9999110028937452,3.999946015874172,4.999893445235549,3.9998998815677753
25_15,3.9999493438169815,3.9999491195237513,3.9999452459328806,3.9999482894034344,3.999948003811511
26_0,2.000081959056045,1.0001710027644153,2.0000748237138386,1.0001408661625653,1.0002510315349105
26_1,3.9999109605017984,3.9997259165520376,3.999943429494904,4.99989887158238,4.999891761264702
26_2,4.999734706446237,4.999871337224314,3.9999490573256353,4.999889289543215,3.9998998483856876
26_3,3.999945776994176,3.9999383220031763,3.9998765709635444,4.999819973885136,3.0000000000000004
26_4,3.0000000000000004,3.0000000000000004,3.0000000000000004,3.0000000000000004,2.000663708201858
26_5,4.999871296348909,4.999886418739481,4.999798458380975,4.999898836645021,4.999898571488132
26_6,4.999899318253669,4.999893599191904,3.9999463501300725,4.9998917131190685,4.999899322699396
26_7,3.999947420303307,3.99994842824447,3.999949022781858,4.99945155243235,3.999948788270623
26_8,1.0001055095454772,1.0001018811645543,2.0005896983502747,1.0001014381669158,1.0001023722247628
26_9,4.999550276351197,3.999926329685668,3.999947064210728,3.9999108751226133,3.9999356220423676
26_10,4.999771413981654,4.9998393282192595,3.9999476958932325,4.999894986328164,3.999475742743352
26_11,4.99988256275216,4.999895015364985,3.999813247055322,4.999899447789518,4.999899115646502
26_12,4.999821997466659,4.999886451257343,3.9999443723815666,4.999898101014172,4.999863201989044
26_13,1.0001781639542906,1.0002605198017338,2.000078157087818,1.000111686631903,2.0000572687551337
26_14,2.000056334021784,2.000050872448321,2.000072196678914,2.0000634802643487,2.000054967081661
26_15,3.9999479562923845,3.999946738745439,3.999949185093698,3.9999431174987663,3.999948627164974
27_0,2.0000623717729695,2.00006153484233,2.0000541039616433,3.0000000000000004,2.00007560710558
27_1,3.000000000000001,3.0000000000000004,3.999834087943646,3.9998631786524497,3.0
27_2,3.9998660291856285,3.9997013499887424,3.0,3.0,3.0000000000000004
27_3,3.9999083895347716,3.999947405594119,3.9999366766255595,3.999939837078903,3.9999373978625266
27_4,3.9999410055991356,3.99994446096909,3.999935268169664,3.9999442512457146,3.999925846921775
27_5,2.000093069557808,2.000081975397599,2.000097124033077,2.9999999999999996,3.0
27_6,2.0001277465397966,3.0000000000000004,3.0000000000000004,2.0002308275572482,3.0000000000000004
27_7,4.999627714117472,3.999938805040913,3.9999475119728594,3.9998671765980447,4.99962597469159
27_8,3.0000000000000004,3.0,3.0000000000000004,3.000000000000001,3.9997596279120393
27_9,3.9999465635458336,3.999946925127006,3.9999375340797867,3.9999457230793265,3.999947476940796
27_10,3.9999444250853267,3.999940833737378,3.9999424355998974,4.999680251234922,3.9998851429644824
27_11,3.9999461406603385,3.9999313961215144,3.9999446591407066,3.9999345170621607,3.999930884951761
27_12,3.9999490225672014,3.9999479322436904,3.999947387964313,3.999945641737612,3.999945905842305
27_13,3.9999429405129097,3.9999460372105777,2.000095912687493,3.999944204698006,3.0
27_14,3.0000000000000004,3.999944601711996,3.9999296823819526,3.999864508445995,3.99993829947537
27_15,3.0,3.0000000000000004,2.0020821421090993,3.0000000000000004,3.0000000000000004
28_0,2.000057327347149,2.000071668428225,2.000095550496042,2.000066358870005,2.000060446177278
28_1,4.999687512745335,4.9997349632049355,3.999909463170534,3.9994739382677937,4.999896927046702
28_2,3.999935312438509,3.0,3.999910560957698,3.9999347214687453,3.0
28_3,3.999943322549544,3.999916166764272,3.999904436360133,3.99994150882598,3.999917583556825
28_4,2.0000917992119684,3.0,1.888006003114666,2.000105646492542,2.0001075078636843
28_5,3.999946615850439,3.999946702568177,3.9999474415926675,3.9999429275971927,3.999813694080787
28_6,4.996424977126106,3.9999385652241712,3.999941320633297,3.999942348865048,3.9999397441297253
28_7,3.999930833594799,4.994179660131217,3.9999055022264076,3.999943038823288,3.9999426067293866
28_8,1.0001829213272708,1.0001082993362649,1.0001190936856068,1.0001231551500127,2.0001151904849346
28_9,4.999851390184941,3.999924143888299,3.9999443819115617,3.9996608693389013,4.999863052899209
28_10,3.999935312438509,3.0,3.999918697717476,3.9999308462780525,3.0000000000000004
28_11,4.999799820502612,4.999863178152586,4.999138459978417,4.9998860010160815,4.999898122912177
28_12,3.9999465719615865,3.999947915674618,3.9999475668052686,3.9999385234873945,3.9999452838314573
28_13,3.999925489611744,3.999938144720188,3.9998594267450422,3.9999403289577997,3.999941280065527
28_14,3.0000000000000004,2.0000670610370324,2.0001654555919455,2.000117910265437,3.0000000000000004
28_15,2.000078615832527,2.0000656475135723,3.0000000000000004,3.0000000000000004,3.0000000000000004
29_0,2.0000695111419096,3.0,2.000163719864004,2.0000679024218635,3.0
29_1,3.9999482888492204,3.9999446718587786,3.0,3.9999387623568783,3.9999488047568046
29_2,3.999945849103792,3.999948012685717,3.9999494938301696,4.999627637057798,3.9999484090125303
29_3,3.99994316306748,3.9999466757369064,3.999944097608415,3.9998853229451097,3.999926314292292
29_4,3.9999496332659112,3.9999496587454155,3.0000000000000004,3.999949003936231,3.9999474218350253
29_5,3.9999494885558486,3.9999492381489885,3.999948626139655,3.9999411817812414,3.99994849764933
29_6,3.9999263022274545,3.9999446607613236,3.999948185783045,4.999897610610467,3.999944541889614
29_7,3.9999315179622466,3.9999446725508987,3.9999496590674144,3.9999195262218303,3.9999467594202915
29_8,3.000000000000001,3.0,3.0000000000000004,3.0,3.0
29_9,3.999946747173006,3.999943204625469,3.9999491492452535,4.999734789699982,3.9999412689681066
29_10,3.9999431353664905,3.99994673652183,3.9999380400055355,3.9991681859380037,4.9998392601036485
29_11,3.999931494269456,3.999944677699757,3.9999346789105124,3.999775381300818,4.999886414269039
29_12,3.999947475671352,3.999938826603609,3.999946517808263,4.999886337446705,4.999871317806062
29_13,3.999931455593287,4.999852740081236,3.999946768103817,4.99988254291744,4.999898568997017
29_14,3.9999484128923823,3.999949162142454,3.9999474936702244,3.999941073900177,3.9999484534806986
29_15,2.0000658810556624,2.0000605820587256,2.000069174175362,2.0000550978318596,2.0000632344777594
30_0,3.0,1.0021616753862168,3.0000000000000004,3.0000000000000004,3.0000000000000004
30_1,4.999821614114638,3.99993850224771,4.999897333454252,4.999894816421135,4.999882532905443
30_2,3.9999465843394346,3.9999412577575715,3.9999069527001105,3.9999474230685474,3.999941236629881
30_3,3.9999487000501484,3.9999492578396625,4.97974800877572,4.999451212309224,3.9999412703446815
30_4,3.9999446690813594,4.999882552490527,3.999930922642346,4.999898546754807,3.9997259280333757
30_5,4.999799567316005,3.999944426045054,3.9999475284112065,4.999893449466575,3.999899906104834
30_6,4.999862969950326,4.9998917632074855,4.999798614993982,4.999894998605759,4.99989857236981
30_7,3.999949594215617,3.999949524792888,3.9999479860210516,3.9999486517315135,3.9999491431783376
30_8,2.0000571938685403,2.000063444577435,1.0002277321411928,3.0000000000000004,2.9999999999999996
30_9,3.0,3.0,2.0003223355886806,3.0,3.0000000000000004
30_10,4.999839021455441,4.999882520580727,4.999622383312116,4.999852412061836,4.999734433108698
30_11,4.999852423829335,4.999871143706162,3.999939050765593,4.999895971803785,3.9995802586215867
30_12,3.99994574004209,3.9999446757266837,3.0,3.9999465003220225,3.9999431620012573
30_13,4.999877182289491,4.9998775396357305,3.9999377897973503,4.999898504808996,3.999775287924204
30_14,3.0,3.0000000000000004,3.000000000000001,3.0,3.0
30_15,3.0,3.0000000000000004,2.000095085456958,2.0000887968046306,3.0000000000000004
31_0,2.000060883432752,2.0000640412182453,3.0,2.0000826620850827,2.0000538070844023
31_1,3.999931543186371,4.999863195676016,4.999685649112621,4.999687895696987,4.999863170263643
31_2,3.999885693223521,4.999893605605173,4.999851459289131,4.999889393982808,4.999863130500058
31_3,3.999947703646417,3.999844110988945,3.9999421803959447,3.9999472292664637,4.942426961504147
31_4,3.9999402315733223,4.99979763470879,3.9996797989077386,3.999904194771732,3.0000000000000004
31_5,3.9999195461892447,4.999886456299701,4.999891377583887,4.999895009500102,4.999896121292898
31_6,3.999867329307287,3.999885685926611,3.999931059664913,3.9999416460482613,3.999946494981647
31_7,4.997891813126326,3.999662342170936,3.999949039445354,4.999799799538395,3.9999432097462444
31_8,1.0002679439274464,2.000068690210434,1.000245367469946,1.0001478525514578,1.0010530977713765
31_9,3.9999412309145463,4.999852752130312,3.999947990461215,3.9998671668282344,3.999941261678888
31_10,3.999884586114701,3.999938548805569,3.9997616993416663,3.9999411079014946,3.0
31_11,4.999839146821739,4.99989764802808,4.999870477196359,4.999889441041314,4.999898169853068
31_12,3.999947998102045,4.999688275062546,3.9999485452688255,3.999813771426046,4.999839234087464
31_13,3.9999490456859075,4.999550983442599,3.999947099833283,3.9999492636507457,3.9999492784490736
31_14,3.999935403963962,3.999948589449906,3.0000000000000004,3.999947267553902,3.999935547769158
31_15,3.0000000000000004,3.999707349414169,2.9999999999999996,3.0000000000000004,3.0000000000000004
32_0,3.0,2.000068404797434,2.000133260757453,2.0000922281704447,2.0000637491037327
32_1,3.9999386436684756,3.999943163121472,3.9999471066337215,3.999947968713062,3.999944550619864
32_2,3.9999260804959462,4.999734854598027,3.9999428513187096,3.9999481033739044,3.99994540393789
32_3,3.999948454214273,3.99994746493736,3.9999458731165976,3.0000000000000004,3.999944841208846
32_4,4.999852537436141,4.99982197510973,3.999945870529924,4.999852411300326,3.9999478300306994
32_5,3.999910286956371,3.0000000000000004,3.0000000000000004,3.0000000000000004,2.0022332660618156
32_6,4.99989358857143,4.999893604532332,3.9998609007343218,4.999896900597839,4.99989857227427
32_7,4.9998969528753685,4.999897639897659,3.9999237500108205,4.999899398010946,4.999899458779625
32_8,4.999896075924891,4.999896977095738,3.9999158954540577,4.999899943345273,4.999899324976399
32_9,3.999911028034536,3.9999109976742835,4.999893611028152,4.999893602112656,3.999941264825856
32_10,4.999896953376774,4.9998985651222325,3.999891681425737,4.999896868325037,4.99989609275645
32_11,4.999896953376774,4.9998969712450405,3.999891681425737,4.999894682260103,4.99989609275645
32_12,3.999940198293166,4.9994461834277955,3.0,3.0,3.9999444164314677
32_13,3.999946709475848,3.9999452063294956,3.9998987035805116,3.999940220522245,3.999945465001685
32_14,3.000000000000001,3.0,3.0000000000000004,3.0000000000000004,3.0
32_15,3.999945824518779,3.9999493145005793,4.924839333438414,4.995614758623652,3.999948796508054
33_0,3.0000000000000004,3.0000000000000004,3.0,3.0,3.0000000000000004
33_1,3.9999487309472785,3.999948732597074,3.9999475886122893,3.999946554808098,4.999160069913931
33_2,3.999948970637257,3.99994918799635,3.999945168686257,3.9999455083482434,3.9999482573025342
33_3,3.9999489193571582,3.9999491299593175,3.9999422902257717,3.9999481650121917,3.999947924466125
33_4,3.999946682924226,3.999949006278484,3.9999493210501806,3.9999313142114565,4.9995488183648815
33_5,3.9999492546577016,3.999948839915135,3.999944059082357,3.999946392398426,3.999947485964679
33_6,3.9999483902211694,3.99994918799635,3.999943651793853,3.9999455083482434,3.999947924466125
33_7,3.9998856789813115,4.999889446561694,3.9999452315039155,4.999898521019682,4.999898129193978
33_8,4.999891699554792,3.9998857894719184,3.999942071231797,4.999896892122244,4.999852588579016
33_9,4.999550173416197,3.9999458120806084,3.9999471062285736,3.999946042693761,3.9999386352189283
33_10,3.999948970637257,3.99994918799635,3.9999422902257717,3.9999481650121917,3.9999482573025342
33_11,3.9998998491417685,3.9999446810957378,3.999944801844055,3.9998848658472808,4.999852680349911
33_12,3.9998675246991238,4.999877666999143,3.9999342702643665,4.999894905487189,3.999662283733099
33_13,3.999948331027494,3.9999471485383045,3.999942176611703,3.9999449373140745,3.9999474899814698
33_14,4.999871256598557,4.999891779764649,4.998628177527911,4.999894867771996,4.999893492128104
33_15,3.9999467669476565,3.999947986444374,3.9999486217710727,3.9999354725791987,3.9999491947906574
34_0,2.000056398299073,3.0000000000000004,2.0000617702747707,2.000056965980231,3.0
34_1,3.999944108199323,3.9999353353417213,3.999880673177116,3.9999380136583302,3.999944247806064
34_2,3.9999353324952676,4.999771157250403,3.9998980984979142,3.9998849039929047,4.999546179365739
34_3,3.999940901537695,3.999947078782386,3.9999452990291062,3.999945526776397,3.9999310908592176
34_4,3.9999459406543285,3.9999419348931857,3.0000000000000004,3.9999374503798295,3.999917836320242
34_5,3.9999488558225407,3.9999465661558156,3.999946848347625,4.999871154598651,3.999935376703969
34_6,3.0,3.9999414786808782,3.999923804678184,3.9999338661084503,3.000000000000001
34_7,3.999946517034136,3.9999461142356982,3.9999473146141242,3.999935404112525,3.9999384902439976
34_8,3.0000000000000004,3.0,3.0000000000000004,3.9998642209304434,3.0
34_9,4.999451164353615,3.9999196306224123,3.999948733914729,3.999926194269392,4.999852555400825
34_10,3.9999460067321215,4.999822028318528,3.999940008803808,4.999886253378499,4.999882564574687
34_11,3.9999385602897735,4.9993233064768665,3.9999381608188442,4.999871041376969,3.9999455830617148
34_12,3.999942684042714,3.999944939435836,3.9999403630555865,4.999799028582955,3.999946296193075
34_13,4.999548371419156,2.9999999999999996,3.9999447852633105,3.9999107194125556,3.999938281266375
34_14,3.0,3.0000000000000004,1.9859430454849316,3.0000000000000004,3.000000000000001
34_15,3.0,3.0000000000000004,3.0,3.9999094972170934,3.0
35_0,2.000135268160874,1.0001084419718507,1.0002494570754688,1.0001152509545814,1.0002012815974846
35_1,3.9999263111563463,3.999941176656428,3.99994563396014,3.9999355059604875,4.999822033986432
35_2,4.99985267925686,3.9999259221445067,3.9999420425820045,3.999933998518889,3.9999424249258086
35_3,3.9999463626049,3.999935468515989,3.9999434313723627,3.9999425739499768,3.9999456780342504
35_4,3.999947711203424,3.9999471478884137,3.999941415512873,3.9999351536447114,4.999319866300676
35_5,3.9999463247707774,3.999947031562527,3.99993862842335,3.999918763464213,4.999319866300676
35_6,3.9999446759834876,3.9999490514433376,3.9999490440169905,3.9998425438774303,3.999947734250307
35_7,3.9999472433384757,3.99994900470501,3.9999459038754908,3.999942998518245,3.9999479042553956
35_8,2.9999999999999996,2.0000841316276197,1.000328360514106,2.0000502811891985,3.0
35_9,2.0002418741833283,3.9999385716680242,3.0000000000000004,3.0,3.0000000000000004
35_10,3.999931333586667,3.999942888096938,3.9999400678422368,3.999943500299647,3.9999396417501876
35_11,3.999844064875908,4.999899406593293,3.999898678143849,4.9998969459515825,4.9998981459535345
35_12,4.999852691816151,3.9996622961237103,3.9999103579256823,3.9999262410564356,4.999891784889616
35_13,3.0000000000000004,3.0,3.999946323077906,3.0000000000000004,3.0
35_14,1.0005196857957779,2.000074829629281,2.000100528749292,1.000104110361105,2.0001567309142363
35_15,3.0000000000000004,3.0,3.0000000000000004,3.0000000000000004,3.0000000000000004
36_0,2.000059478947186,1.0002679338727771,2.000075155532972,2.000057669879518,2.000055033034821
36_1,4.999687983593415,3.999943170839614,3.9999477428441343,4.9997996634808795,3.999947987666004
36_2,3.999944026869341,3.999947304052883,3.9999079435148626,3.9999434171456225,3.9999310462030513
36_3,3.9999486910619786,3.999938650523099,3.999943109059437,3.9999351682677506,3.9998856102771754
36_4,4.999863131213107,4.999734933137994,3.9999420945458284,3.9999313736410054,3.999948148473064
36_5,4.999799882961884,3.9999315658440073,3.9999452360093373,3.9999408173468294,3.999945746276202
36_6,3.9999385611124056,3.9999387140261335,3.0000000000000004,3.999943343481379,4.948508928999456
36_7,3.9999478245832107,3.999948798147138,3.0000000000000004,3.99994555143222,3.9999386635106116
36_8,3.0000000000000004,3.0,3.000000000000001,3.0,3.0000000000000004
36_9,3.9999499408429435,3.999949654739965,3.999949286453043,3.99994672601502,3.9999497179405266
36_10,3.9999192324699195,3.9999444221112874,4.999682129098718,3.9999458879627627,3.9999443300306035
36_11,4.9991579988931285,3.9999195095550584,3.9999463805026263,3.9999416764920728,3.999946897896317
36_12,3.9999487858573635,3.9999447224995395,3.999949071158867,3.999948789492726,3.9999494749605256
36_13,3.0,3.9999467578348304,3.999846138828985,3.9999446309391575,3.0000000000000004
36_14,3.0000000000000004,3.0,3.0,3.0000000000000004,2.9999999999999996
36_15,3.99994583273167,3.999948365112226,3.9999474894865292,3.9999262218733223,4.937876002675958
37_0,2.0000577873304044,2.0000569808553124,2.0000604026756093,2.0000823238076095,2.0000751678467226
37_1,3.9999446443423445,4.999686306968547,3.999882948552557,3.0000000000000004,3.9999337492488163
37_2,3.0000000000000004,3.999938484307697,3.9998986879100134,3.9999347907821705,3.999947092765066
37_3,3.9999475624358545,4.999799453775907,3.0,3.99992033218247,3.9999306638514027
37_4,3.9999467348414126,4.999799756668314,3.9999410852424147,3.999897600678909,4.999732724283946
37_5,3.000000000000001,3.0000000000000004,3.0,3.0000000000000004,2.0000825504451543
37_6,3.999945501267992,3.9999385049872385,4.996546262227989,4.99976896833731,2.9999999999999996
37_7,3.999931476680686,3.99993156376506,3.9999485599838667,3.99988568966885,4.9997345744332575
37_8,2.0000715401858478,2.000058114080453,2.0000509305101324,2.0000502477952016,2.000071239928293
37_9,3.0000000000000004,3.0,3.0,3.000000000000001,3.0000000000000004
37_10,3.999910745275119,4.999839226105752,3.9999430895957406,3.9999377591808125,3.999938124720133
37_11,3.0000000000000004,3.999910804967653,4.999615917550721,4.999870839577053,3.9999369000482936
37_12,3.999946560089065,3.0000000000000004,3.0000000000000004,3.9999308464440118,3.0000000000000004
37_13,3.9999446443423445,4.999768816351862,3.0000000000000004,2.999999999999999,3.999933773941185
37_14,2.0001619715042116,2.0000652714277494,3.0000000000000004,2.9999999999999996,2.0000572063787785
37_15,3.0000000000000004,3.9999351415575,3.9998830417849742,3.9999311146495033,3.9998424062652527
38_0,2.0000769908159133,2.0001270679072025,2.000097696963117,2.0000813737023897,2.0000613632556368
38_1,4.999889388904993,4.999889455131638,3.9996596834836016,4.99989695001558,4.999899683460058
38_2,3.9999474878532326,3.999946469186848,3.999943722261849,3.9999399190019416,3.000000000000001
38_3,3.999938226746124,3.0,3.0,3.000000000000001,2.9999999999999996
38_4,4.999896973509493,4.999893607344739,3.9999189073377526,4.999898159851736,4.99989913663806
38_5,4.999896083089288,4.9998991210227235,4.999860882645001,4.9998969082019595,4.999898862368118
38_6,4.999894992490453,4.999891781170359,3.999940584863794,4.999891489822874,4.999889353086456
38_7,3.999947758745045,3.999944290151947,3.9999416406960413,3.9999252015992113,3.9999462769070155
38_8,3.0000000000000004,3.000000000000001,3.0,3.0,3.0
38_9,3.999941146885686,4.99988260910858,3.99994763081409,3.9999097176991825,3.9999434151316113
38_10,3.999899811929792,4.999898569270767,3.999925066732034,4.999870820132784,3.9999192557794045
38_11,4.999896083089288,4.9998991210227235,4.999849594695217,4.999852434799092,4.999898146716591
38_12,4.999627545123736,4.999877657664013,3.9999467209430453,4.999862885788542,3.999919510246424
38_13,3.99993154912031,4.999889455501283,4.999440598926089,4.99989944466615,3.9998440450889543
38_14,3.9999353339476085,3.999935437666097,3.0000000000000004,3.9999414917811364,3.999919221375647
38_15,3.999842484512763,3.0000000000000004,3.0,3.999938459199256,3.0000000000000004
39_0,1.00208099004648,2.000088931856345,3.0,2.000051940307023,3.0
39_1,3.999947984226873,3.9999476749747687,3.9999361248642344,3.9998438270012384,4.999444272664412
39_2,4.999899956873759,4.999898566552702,3.9999336336805253,4.999899576264068,4.999899135934766
39_3,3.999945280708525,3.999946784237082,3.9998985271551915,3.999945964160772,3.9999433677439025
39_4,3.9999406399336714,3.9999445607513087,3.9999423088194686,3.9998979298985837,3.0
39_5,3.9999451651104736,3.999935368854106,3.9999385899454776,4.999882492188554,4.999153547956027
39_6,4.999897630004174,4.999896974653962,3.999915328851142,4.999897597760318,4.999898152126877
39_7,3.9999195451932845,3.9998999784777816,3.999942667747365,4.999852602886705,4.999839152515475
39_8,3.999931324547322,3.9999443084610635,3.999918635528332,3.999925735350941,3.9998069558617817
39_9,3.999910988369267,4.999877653303868,3.999946469521133,4.999877341444783,4.999839213446731
39_10,3.0,3.9999238958360457,3.9998692659296413,3.9999027466859305,3.0000000000000004
39_11,4.999898524977023,4.999898878233917,4.999891136585916,4.999899741462087,4.999899806365616
39_12,4.999891771086063,4.99987134082149,3.9999189768549823,4.999894972060637,4.999889435917015
39_13,4.99973472888674,3.999910997011261,3.999940946732138,4.9998773742573075,4.999549539233058
39_14,3.9999109763126834,3.999899948332166,3.999898727795628,4.999899300062728,4.9998981564423115
39_15,4.99983917023071,4.99985274998355,3.9999440620928812,4.999877602274706,4.999863180976406
40_0,3.0,3.0000000000000004,2.0001175609299873,3.0,3.0
40_1,3.999947385854459,3.999949354324344,3.999939723210483,3.99994854774837,3.9999474718691377
40_2,3.9999484225111552,3.9999494058423437,3.999949150723301,3.999949437943019,3.9999495348830303
40_3,3.9999474466406584,3.999943172722815,3.999949071313735,3.999931487623072,3.999948579318156
40_4,3.9999491810650962,3.99994933666543,3.999938178423555,3.999948864214473,3.9999492009352315
40_5,3.999949179497525,3.9999467133676667,3.999947067000252,3.9999470900950422,3.9999490773693127
40_6,4.99962792020164,3.99993155934281,3.9999490735845016,4.999882572942443,4.999891756185591
40_7,3.999949514153436,3.9999474758737716,3.9999493127123853,4.9994504947325344,3.9999480043956606
40_8,3.0000000000000004,2.0001351282729036,3.0,2.000199973151315,3.0000000000000004
40_9,3.9999492157628955,3.9999494946827223,3.999948689083754,3.999947261731057,3.9999490440110796
40_10,3.9999483357480776,3.999948357888867,3.999948122654204,3.9999489019122327,3.9999446853936598
40_11,3.9998675260409495,4.999839277165793,3.9999353914718183,4.999891779060163,4.999895018869692
40_12,3.999948037515485,3.9999458809657105,3.9999491131465574,3.9998439609078815,3.9999412694802152
40_13,3.999931419162481,3.0,3.9999290281161635,3.999938680538102,3.000000000000001
40_14,3.999945762421719,3.999943134299749,3.999939530745314,3.9999465740173705,3.9999411975028627
40_15,3.9999489549506935,3.9999431862454835,3.9990323694016436,3.9999263025082255,3.9999107818085933
41_0,2.000080056928499,3.0000000000000004,3.0,2.0000936120966593,3.0
41_1,3.9999493244534756,3.999947990222657,3.999948520683938,3.9999486532570883,3.9999458111442734
41_2,3.9998440184840973,4.9998991369245,4.999897705256622,4.999898855383494,4.999899746277527
41_3,4.997888844373181,3.9999466330574465,3.999945575355522,3.999947095202555,3.9999466818339275
41_4,4.9998917313327675,4.999898162807382,4.999895868289766,4.999898090369987,4.999897629086256
41_5,3.9999354697000697,4.9998631747923845,3.9999488810571826,3.9999312844306623,4.999549870860562
41_6,3.999843851874508,4.999899134658979,4.99989735561409,4.999899260178588,4.999898881642334
41_7,3.999949577604845,3.99994745264234,3.0,3.9999487914894054,3.0
41_8,2.000064652254842,1.0014581821598811,1.0001418530897948,2.000062592024795,2.0000567785493186
41_9,3.999949134357782,2.9999999999999996,3.9999341384497784,3.9999489269681643,3.9999314297465354
41_10,4.999886405319673,4.999898168446434,4.999897769506107,4.999899573069595,4.999899809392109
41_11,3.999867406106496,4.9998991369245,4.999895582630809,4.999899106992671,4.999899473178674
41_12,4.999839274877231,4.9998961123997265,4.999889163769547,4.999895974508995,4.999799977497287
41_13,3.999947783317173,3.99994425544771,3.9999443993921386,3.9999258230146126,3.9999454482605468
41_14,3.999947291328026,3.9999474427904618,3.999947095899806,3.9999480151058298,3.9999256421003064
41_15,3.9999409693571275,3.0,3.0,3.9999186145382124,3.9997215735755187
42_0,3.9999457841461674,3.999931417051646,3.0,3.0000000000000004,3.9999109139252815
42_1,3.9999410984313304,3.999911015734187,3.999944749849502,3.9996621265996404,4.999852590595472
42_2,4.999839174077465,4.999871327783179,3.999946294136805,4.999889360596138,3.999925950429244
42_3,3.0000000000000004,2.9999999999999996,3.0000000000000004,3.000000000000001,2.0000751312788907
42_4,3.9999483443178017,3.9999481873686253,3.999903741652586,3.999942942879009,3.999926165094373
42_5,3.999949097346823,3.999949225835912,3.9999459890671774,3.999931413084225,3.9999465607500846
42_6,4.999548910966252,4.999886449254416,3.999948269180958,4.999891678957148,3.999926149544762
42_7,3.9999492353356003,3.9999493444782668,3.999949220489176,4.999686953431846,3.9999479295318356
42_8,3.0000000000000004,3.0000000000000004,1.0191772453122372,3.0,3.0000000000000004
42_9,3.0,3.0000000000000004,3.0,3.0,3.0000000000000004
42_10,3.999938569575228,4.999799919334943,3.999948907866154,4.999891637321008,3.9999404746612033
42_11,3.999931443091019,3.999931494368784,3.999943672247561,4.999871028238673,3.9999109217594984
42_12,3.999931545897059,4.99986320870119,3.9999428665581056,4.999871297088915,3.9998999854684825
42_13,3.9999431629845015,3.999931578843182,3.9999464636800863,4.999877261093331,4.999889427596017
42_14,3.9998854628560707,3.9998659664726373,3.9997910414254148,3.999942252349982,3.0000000000000004
42_15,3.9999491165914427,3.9999492176999447,3.9999478303228386,3.9999465129394984,3.999946694993331
43_0,2.9999999999999996,3.0000000000000004,3.0000000000000004,3.0000000000000004,3.0
43_1,4.999871207215962,3.999844108993802,4.999836520792308,4.999898495285439,4.999893580931354
43_2,3.999899916072892,3.9999110399017597,3.9999473002563746,4.999886438337619,4.9998392720743405
43_3,4.999899465466874,4.999899132573449,4.999897714267103,4.999899957613108,3.9991681768772147
43_4,3.999938609244519,3.999940376012072,3.9999442831970056,4.99987749299378,3.9999446973851422
43_5,4.9998988814992575,4.999899683304975,4.999843381546252,4.9998998771086365,4.999896946809159
43_6,4.99989988911168,4.99989999967748,4.999899857513144,4.99989999864044,4.99989998120172
43_7,4.999852603619223,4.999877674388695,3.999930617996502,4.999891708447675,4.9998776566767535
43_8,3.9999343215200724,3.9998347958084506,1.000384861923372,1.0001313248486914,2.0000861611986016
43_9,3.9999496414729774,4.999451694924093,3.999948285118384,4.999821979203963,3.9999495250311714
43_10,4.9998864159750065,4.999899592951662,3.999924306268596,4.99989957701417,4.999886337470573
43_11,4.999899233751256,4.999899959853876,4.999898743407545,4.99989999088092,4.999899947374563
43_12,4.9998712748006495,3.99972595869359,3.999938520746231,4.9998994667069,4.999893604603826
43_13,4.999886293046871,4.999893597081726,3.9999307324155557,4.9998969187623254,3.999935305704532
43_14,3.0,2.0001190020713477,2.0000999954870875,3.000000000000001,2.0000807572545374
43_15,3.9999488036124196,3.999938831771678,3.9999486335720444,4.999896957930219,3.9999431728711277
44_0,2.0000597306177936,2.0000562326836957,2.0000690966781516,2.000058161151126,2.000052961148396
44_1,3.0,3.0000000000000004,3.9994705660756105,3.999160073709534,3.0
44_2,3.9999493915267488,3.999949286554542,3.9999479770092763,4.999450729708975,3.9999488285316764
44_3,3.9999446348365524,3.0,3.9999391863972513,3.999930563200826,3.9999350862995007
44_4,3.9999485651209703,3.999943146099895,3.999948101830177,3.99994821464733,3.999945736036592
44_5,3.9997635177383035,3.9998843199804828,3.0,3.0000000000000004,3.9989262623771653
44_6,3.0000000000000004,3.999940799145635,3.0000000000000004,3.0,3.9999405060569946
44_7,3.9999484550126265,3.9999458795711056,3.9999492979020244,4.999863154325659,3.999919636020295
44_8,3.999947354629697,3.9999430214152256,2.9999999999999996,2.9999999999999996,3.9999460503515873
44_9,3.9999491683230497,3.9999486824025525,3.9999491309186785,3.999919303855661,3.9999486414923253
44_10,3.9999444004712874,3.9999463272208904,3.999799123178658,3.999930816675563,3.9999312997585537
44_11,4.999882561988851,4.999891674976015,4.999862482816857,4.999899553866048,4.999898148087166
44_12,3.9999496611768164,3.999949254842407,3.999947423926823,3.9999493535379944,3.9999493221707354
44_13,3.999945636933752,4.9907184979052275,3.999916170427458,3.9999453714272333,3.0000000000000004
44_14,3.9999486461294445,3.9999487550676247,3.999947696846583,3.9999486945069624,3.9999487922345045
44_15,3.999946508057935,3.0,3.999928779995018,3.999946000014691,3.999945149143946
45_0,3.999948389267658,3.999949212115538,3.9999241551635456,3.9999480949464923,3.999946750504257
45_1,3.0,3.99994297983437,2.000528975245394,3.0000000000000004,3.0000000000000004
45_2,3.9999492366767813,3.999947325383727,3.9999431404497305,3.999946541630125,3.9999482077105046
45_3,3.9997694644316755,3.0,3.0000000000000004,3.0,3.0000000000000004
45_4,3.999937898649051,3.9999464392914437,3.0000000000000004,3.0,3.99981266517453
45_5,3.999947448130462,3.9999263138207297,3.9999482308528864,3.999867487432531,3.9999479500942323
45_6,3.999947566977452,3.9999477012805755,3.0000000000000004,3.9999437411013217,3.999944529483352
45_7,3.9999492703793407,3.9999484879764213,3.9999496446675926,3.99994470539446,3.9999458376247077
45_8,3.9999447165577044,3.999931607225047,3.999949231336923,3.9998140449216497,4.999871348285695
45_9,3.999948040990579,3.9999480558782396,3.9999492790034092,3.9999480093660997,3.9999494160342612
45_10,3.9999487083400824,3.9999411728229655,3.999945352743249,3.9999354714584054,3.9999487178168494
45_11,3.9999483917582803,3.999935615723686,3.99994886166335,4.9998712643804595,4.999839114822093
45_12,3.999949658739405,3.999949429276594,3.999949719770184,3.999945810203046,3.9999493445677707
45_13,3.9999356585517463,3.9999315951020167,3.9999412074568146,4.999886439349402,4.9997715351439025
45_14,3.9998421555235693,3.999842741965027,3.0000000000000004,3.000000000000001,3.0000000000000004
45_15,3.999949592797286,3.9999495909077125,3.0,3.999948917401987,3.9999467144942993
46_0,3.999910884582934,4.999688137079766,3.9999465323397194,4.9998628301393575,4.999799704882841
46_1,4.999852277945874,4.999877626545029,3.999931192586191,4.999895966820923,4.999896093543303
46_2,3.999813821135033,3.9998139400104167,4.999231726776635,4.999877233602997,4.999770846148119
46_3,3.999940829684542,3.999919621039212,3.999946296580798,3.9998848406727654,4.999625853019577
46_4,4.999870633936372,4.999898161913385,4.999759941376541,4.999897450772615,4.999899879301626
46_5,3.9999447733673126,3.9999262288519914,3.9999419129960456,4.999731606383099,3.9999353140129035
46_6,4.999899935872127,4.999899714094163,4.999895111642271,4.999899976851514,4.999899988508984
46_7,4.99988626995738,4.99989500877307,3.999945119404188,4.999898943996348,4.999821010950533
46_8,2.002133401697697,3.0000000000000004,3.0000000000000004,3.0000000000000004,3.0000000000000004
46_9,4.998680244403381,3.9999446152050546,3.999946819740401,3.9999424944669606,3.999943141099602
46_10,4.999899770856142,4.999899708038629,4.99989751260246,4.999899964217107,4.99989993537117
46_11,4.999899770856142,4.999899567812018,4.999890991676499,4.999899983442688,4.9998999346200925
46_12,4.999871262417328,4.999899475301222,4.999683066521593,4.999896888533763,4.99989816389261
46_13,3.0000000000000004,3.000000000000001,3.0,2.0001379348747195,3.0
46_14,3.9998138963249064,4.999871311812215,4.999554353600408,4.999897495353702,4.999898854835108
46_15,3.999944667729115,3.999946712604629,3.9999459572232894,4.999541915238717,3.9999463983702603
47_0,3.0,3.0000000000000004,3.000000000000001,3.0,3.0000000000000004
47_1,4.999899941653143,4.999899327407775,4.999893350162084,4.999899798975016,4.999899984563336
47_2,4.999899856368674,4.999899539895972,4.999898334703068,4.999899733535482,4.999899986470426
47_3,4.999899451806095,4.999891788727772,4.999881575000467,4.999899464191627,4.999899835651581
47_4,4.999899856368674,4.999899327407775,4.999894639991818,4.999899733535482,4.999899986470426
47_5,3.999340083156394,4.999863187666326,3.999934881180789,4.999863018547712,4.9998712312220395
47_6,4.9998995900430945,4.999899593440523,4.99989903954889,4.99989953165901,4.999899841266091
47_7,4.996575871397432,3.999948899569683,3.99994579446852,3.999948008537917,3.9999463620385103
47_8,2.000054734983466,3.0000000000000004,2.0000732360396594,2.0000571566079994,2.000081480100047
47_9,3.9999488681301414,3.999947874145677,3.9999437703076692,3.0000000000000004,3.9999454632375264
47_10,4.999899457444322,4.999896979480696,3.999935197023775,4.999898131363001,4.999899930687543
47_11,4.999899941653143,4.999899327407775,4.999898334703068,4.999899884271857,4.999899986470426
47_12,4.999882559725905,3.999867563166911,3.9999462745770944,4.999882554397769,4.999882522809186
47_13,4.999799697191977,4.999882619920449,4.999862412885069,4.999871254393277,4.999893506491773
47_14,3.9999492250312945,3.999946732314294,3.999947965261856,3.99994459085418,2.9999999999999996
47_15,3.9999490393919492,3.9999490046036357,3.9999247651830045,3.9999470572440554,3.999947727807537
48_0,3.0000000000000004,3.999717701692096,3.0000000000000004,3.000000000000001,3.9996514765041904
48_1,3.999943071339633,3.999943834786564,3.999947103653328,3.999941806681852,3.999935210389909
48_2,4.999882603326033,4.999896121375686,3.9999448514305778,4.99989906117143,3.9999386516917386
48_3,4.99962713559462,3.9999476199848902,3.9999460531651354,3.9998989502568167,3.9999456569652403
48_4,3.0,3.9999410587384348,3.9999291994256208,3.999940893396115,3.0
48_5,3.999867269886375,4.9998950148400825,3.9999425080918054,4.999897472204336,4.999894911053664
48_6,3.999813812050636,4.999893580096527,4.999894410602439,4.999899552780886,4.999899798462177
48_7,3.9999387246768006,3.999926335823998,3.9999413174453102,4.999882410526654,3.9998855605056574
48_8,3.000000000000001,3.0000000000000004,3.0000000000000004,3.0000000000000004,3.0000000000000004
48_9,3.999940963456408,3.999919564806122,3.999946448940408,4.999851760882528,4.999734472299316
48_10,4.999734470679764,3.999475577907699,4.999898342891952,4.999899420921269,4.999899661777784
48_11,3.999813799689188,4.999893586865927,4.999898646951341,4.9998995198816125,4.999899918147894
48_12,3.9999484342221776,3.9999447080946418,3.9999484006747883,3.9998673197026005,3.999948336975555
48_13,3.999804582858783,3.999947323285744,3.9999118696164992,3.9999394616993325,3.999898965570528
48_14,3.999948681061405,3.999947862041309,3.0000000000000004,2.9999999999999996,3.9999353543551717
48_15,3.0,3.0000000000000004,3.0000000000000004,3.999945931047545,3.9999458406169666
49_0,3.0000000000000004,3.0,3.0,3.0000000000000004,3.0
49_1,3.9999408797007674,4.9997994620977355,3.999942350330454,4.999870613220398,3.9999457972100476
49_2,3.999948305346675,3.999948635520102,3.9999471380904597,3.9999429790651972,3.999948089570371
49_3,3.999948734176841,3.999946433558137,3.9999262575490686,3.999946122596359,3.999948363753286
49_4,3.99994736836161,3.999945849121986,3.0000000000000004,3.0000000000000004,3.999813802649308
49_5,3.9999494752346116,3.999948319500836,3.999949071802628,3.999943083062918,3.9999387609607124
49_6,4.99962788087658,3.999935654230008,3.9999434918478327,3.9998668212611985,4.99987746942722
49_7,3.999946675653724,3.999946755802625,3.9998560344224328,3.9999429432607023,3.9999446176254874
49_8,2.000136181459078,2.0000633195487514,1.0007756218456587,3.0,2.0000553912315784
49_9,3.999885692623464,4.999877683603909,3.9999485384149835,4.999889408012223,4.999799970016904
49_10,3.9999485353457467,3.9999412332322444,3.999947493110317,3.999910136319415,3.9999262015377317
49_11,4.999627536148802,4.999839171160243,3.9999454444821096,4.999894949126457,3.999844016253824
49_12,4.999877690515475,3.999949521913816,3.99994909445625,3.999948518729415,3.999946629719916
49_13,3.9999194313232205,3.999919622583982,3.999937271734495,4.999891532711599,4.996413199581971
49_14,3.9999488649654173,3.999947839584512,3.9999310903121073,3.999945981158119,3.0000000000000004
49_15,3.0,3.9997584618440576,3.9997146202710887,3.999718153244618,3.0000000000000004
50_0,2.0000697166765184,2.0000524909047552,2.0000988998658698,2.000068191511394,2.0000909099244275
50_1,3.9999481495700295,3.9999471154186312,3.999946978895434,4.999886400788497,4.999799853374762
50_2,3.9999464871140273,3.999946967738881,3.0,3.9999193512637925,3.9999441088968175
50_3,3.9999462177439966,3.999946868730228,3.9999296580970465,3.999936265784922,3.999944837722854
50_4,3.999946754831217,3.999948709091161,3.9997962090406567,3.9999485016304535,3.9999492091473754
50_5,3.999947193393328,3.999946574738585,3.999909744400614,3.999939142594172,3.9999309527338953
50_6,4.999886431315067,4.999871316408638,3.9999402624575655,4.999898140791753,3.9964545738812385
50_7,3.99994470903649,3.999938832618199,3.9999473064247324,3.9999108805854116,3.9999195678688393
50_8,3.999947027104546,4.999798710480555,3.9999423094286564,4.999886010634471,3.0
50_9,3.999948738576054,3.9999491678819488,3.999949024885814,3.9993409491949143,3.9999431417199007
50_10,3.9999474057546824,4.9998220847492805,3.9999450190610997,4.999891735934971,3.999813990529929
50_11,4.999899112583378,4.999898077353788,4.999886123036939,4.99989955068354,4.999899835591875
50_12,4.998307135555266,3.999938657311937,3.9999457839135912,4.999889392194815,3.999943382500243
50_13,3.9999261026952406,3.999948318541315,3.999933181184573,3.9999390571475515,3.9999480800818654
50_14,3.999947754460221,3.9999489789159144,3.999945323475274,3.9999108852574867,3.9999476116708754
50_15,3.999949673943564,3.9999492429703305,3.9999375023593724,4.997883885333592,3.9999478511825366
51_0,3.9999486761500465,3.999947972127986,2.9999999999999996,2.999999999999999,3.999948601000187
51_1,3.999944701842709,3.999947470855693,3.9999481490511806,4.999839143849337,4.999839227443299
51_2,4.999889451233377,3.9999110400351903,4.999870577773163,4.999882588558471,4.9998713083532085
51_3,4.999734788612733,4.999323569182496,3.9999469983306515,4.999877557242178,3.999899796522922
51_4,3.999935606700062,3.9999493035520772,3.9999452289055313,3.9999445945253056,3.99994107820319
51_5,4.999771308895267,4.999324134357101,3.9999483503020867,4.999852415464973,4.999852526717329
51_6,3.9999431087078654,3.999947994811918,2.9999999999999996,3.9999443195529403,3.99994275708782
51_7,3.999844048114073,3.999911043706231,4.999143101591953,4.9998916437806855,4.9998527119948015
51_8,1.004459459322037,2.0000524459785463,2.0000648719058653,2.0000693191989214,2.0000556936061527
51_9,3.9999446949292077,3.999935670745884,3.999947868835671,4.999889320462832,3.999926318044788
51_10,3.9999445692141973,3.9999487299219294,2.9999999999999996,3.9999474896117615,3.9999460119943606
51_11,3.999899289140554,3.9999429681770775,3.9999409650715494,3.999919185568941,3.9999298992212413
51_12,3.0,3.999949457700286,3.0000000000000004,3.999944319350551,3.9999472566170473
51_13,3.999899952060724,3.999941280922792,3.9999443628454867,4.999863069515822,4.999839216652577
51_14,3.9999262265319895,3.0000000000000004,3.0,3.0,3.0000000000000004
51_15,3.9999315264989024,3.9999489882671977,3.9999436891202933,3.999935558879192,3.999946550028485
52_0,2.0000603453001538,2.000064778041595,2.000076633549716,2.0000541791165776,2.000058470677414
52_1,3.9999350769439497,3.9999455464256624,3.0,3.999721281613173,3.9999463033569143
52_2,3.000000000000001,3.9991655174797756,2.0002390164490365,2.0001575985880975,3.000000000000001
52_3,3.9999429009519356,3.9999378932978127,3.999910252012433,3.0,3.0
52_4,3.9999445282974326,3.999925515530834,3.999894791443238,3.0,3.999910649653233
52_5,3.99994102579087,3.9999405775698906,3.0000000000000004,3.0000000000000004,3.0000000000000004
52_6,2.000354667571024,3.0000000000000004,3.000000000000001,3.0000000000000004,3.0000000000000004
52_7,3.999948959599271,3.9999446075828122,3.999946197361087,3.999947412036583,3.9999486249177125
52_8,2.0000532653434107,2.000052329030593,2.0000598024058864,2.000052938262492,3.0000000000000004
52_9,3.999949619581574,3.999948648143729,3.9999480038591373,3.999945706206542,3.9999445548752517
52_10,3.9998990479672725,3.999918743934684,3.0000000000000004,3.999838490592853,3.0
52_11,4.999882505419742,3.9999109964461304,3.9999307856000748,3.9999352320015893,3.9998997243662555
52_12,3.9999466957201086,3.999949296990379,3.9999485300770004,3.999948296221262,3.9999481472274714
52_13,2.0000915652333053,3.999587624331575,2.0001488297052568,3.0000000000000004,3.0000000000000004
52_14,3.9999378307006226,3.999945426913171,3.0000000000000004,3.999945775002831,3.999938084085211
52_15,2.0000726131658517,3.999163472613325,2.0000716533910454,2.0001392100343574,3.996603138428552
53_0,2.000066323749454,2.0000654185658195,2.0000809911905715,2.000058733267134,2.0000524337135905
53_1,3.9999446255395426,3.999948808565228,3.999945489371774,3.99994766452182,3.9999109853741883
53_2,3.999867472949651,3.9998857394584615,3.9999415700231506,4.99989913313334,4.999877625504901
53_3,3.999870649649311,4.9995978166417405,3.9999288073203187,3.0,3.9997179610029545
53_4,3.0,3.0000000000000004,3.0000000000000004,3.0,3.0000000000000004
53_5,3.9999438147028465,3.9999406953960883,3.999937687871583,3.9999433578447334,3.0
53_6,3.999919542206939,3.9999387835079574,3.9999454664800442,4.999852607283236,3.9999431047505496
53_7,3.99994646396569,4.99894995837932,4.998660346361358,4.999550037797448,3.999948255151531
53_8,3.9999467113238523,3.999948755806746,3.999937870351878,3.9999484263733867,3.999949227379411
53_9,4.999852733211806,4.999771558590189,4.999821730825243,4.999899961355638,4.999896122126694
53_10,4.999886445464201,4.999839294316116,3.9999252687653963,4.99989605103552,3.9998997969948404
53_11,3.9998440853930606,4.999687938290999,4.999837678058708,4.999899455668223,4.999889438920867
53_12,3.9999467880694333,3.999911060585554,3.9999466586732733,4.999898156859953,4.999891783566194
53_13,3.9999478500144394,3.999941229483569,3.9999460674625813,3.999946964025908,3.9999412311349194
53_14,2.0000586306812145,2.0000633412357782,2.0000773611730525,3.0,2.0000565644800825
53_15,3.9998672867574907,3.999944688719148,3.9999377523510926,3.999947939056339,3.0
54_0,2.000064610507715,2.000060485513244,2.0000750088867503,2.0000658127134945,2.0000540979420904
54_1,4.999899107671954,3.9995806222156847,3.9999464437496743,4.999896891919026,4.999899135696938
54_2,4.999886299708463,4.99989498844996,4.99985026065112,4.999899784075706,4.999897579843907
54_3,3.999885236086736,3.9998856467640573,3.9999458699101655,3.9998432405930684,3.9999355672169035
54_4,3.9998998614735997,4.999877667462761,3.999899311228286,3.9991678433881988,3.9999315492750003
54_5,4.999891711629096,4.999882610359901,3.999931257202345,4.999898858339181,3.9997252571726056
54_6,3.999931340304291,4.9998631791431185,3.9999475307177104,4.99989884246227,3.99988552535911
54_7,3.999926225316264,3.9999196535004535,3.9999468828960936,4.999896933256713,4.999863134802932
54_8,2.9999999999999996,2.0000553078656367,2.0000683607777403,2.0000565189994006,2.0000574138086566
54_9,4.999871197190857,3.9998999489054143,3.999944562783584,4.999838706350044,4.999799470186622
54_10,3.9999194269992624,3.9998857377104216,3.9999404268376946,4.999891598259044,4.9997705579814795
54_11,4.999898862034276,3.9995806092191333,3.9999192171607807,4.999898115127462,4.999899133646327
54_12,3.999931577156672,4.999863154860695,3.999944493915822,4.999897626094238,4.999896120219558
54_13,3.99994453115236,3.9999474950295384,3.0,3.9999375319047936,3.9999311642525304
54_14,4.999852665663749,4.999886453307921,3.999940835417005,4.999898128919345,3.99894605315905
54_15,3.000000000000001,3.0000000000000004,2.0001702057895177,3.0000000000000004,3.0000000000000004
55_0,2.0000524878061756,2.0000661731185008,2.000068866343877,2.0000607592544255,2.0000542085295407
55_1,3.9999386057882917,3.9999410987105097,3.999943354905629,4.999797892559484,3.999947773006768
55_2,3.999884515316196,3.000000000000001,3.0,3.999942078269968,3.9998435052908876
55_3,3.99994922931028,3.99994459088964,3.99994468916029,4.999627386820369,3.999949190439639
55_4,3.9999466726558732,3.999946744884248,3.9999300751758673,3.99994577557542,3.9999409665372996
55_5,3.0000000000000004,3.999940724331266,3.0,3.0000000000000004,3.0
55_6,4.998948462684298,3.9999444971332734,3.9999467032837135,3.999938427675847,3.9999480075602487
55_7,3.9999484519669717,3.9999496430403996,3.9999457173340596,3.9999487611823232,3.9999492980453026
55_8,3.9996608693389013,3.9999251269228595,3.999920339715022,4.999841466992511,3.0000000000000004
55_9,3.9999473728612327,3.999948682748008,3.999944414208179,3.999942867189969,3.999948664402747
55_10,3.9999106623213083,3.9999455235932997,3.9999449680617083,4.999769547169725,3.9999472013913175
55_11,4.999896957978029,4.999899585561889,4.999889040372809,4.9998975712373275,4.999899574762008
55_12,3.999926322949344,3.9999263615761302,3.9999477504188317,4.999893518125058,4.999852637096009
55_13,2.2567490487417916,3.0000000000000004,3.0,3.9998981490040415,3.9998846696191075
55_14,2.9999999999999996,3.0000000000000004,3.0,3.0000000000000004,3.9998123661256706
55_15,3.999946651074051,3.9999479236137288,3.0,3.9999468883549576,3.999948171937788
56_0,3.9996527488248135,3.999937635283022,3.000000000000001,3.0000000000000004,3.0000000000000004
56_1,3.999948771976199,3.999935573765181,3.9999458916759676,3.999899304309273,4.999889311428093
56_2,3.9999446513573655,3.999949468905133,3.999940842838385,3.9999495190951553,3.9999478710943195
56_3,3.9999479011209873,3.999948378682474,3.9999464993023524,3.9999384927761774,3.9999456916409106
56_4,3.999885604678174,4.99989494831602,4.999126839261674,4.999862794675567,4.99989759596035
56_5,3.9999356092208807,4.999898157920194,3.9999191984812206,4.999899104667861,4.99989815931567
56_6,4.999821859560124,4.999889439493547,3.9999302318355276,4.999899536296114,4.999899669668658
56_7,3.99994898661604,3.9999492361523132,3.999944016725146,3.999948363419522,3.9999495374816103
56_8,3.0,2.0000874840871528,3.0,2.9999999999999996,3.0
56_9,3.999926253216828,3.999948750609356,3.0,3.9999492107625856,2.9999999999999996
56_10,4.999688078856789,4.999896081444443,3.9998127226876043,4.999899895023359,4.999899799952223
56_11,4.999891749201344,4.9998991199024,3.99985954467947,4.999899898492317,4.999899799952223
56_12,3.0,3.0,3.0000000000000004,3.0,3.0
56_13,3.9999478594310665,3.9999261465170104,4.998657290108733,4.9998893137867375,3.999775245299945
56_14,3.9999467478940143,4.999160838931154,3.9999457127629223,4.999882526778486,3.999580448154272
56_15,3.9999490493336007,3.9999492122109643,3.999949215888073,3.999943117981106,3.999947450842585
57_0,3.0,3.0,3.0000000000000004,3.0,3.0000000000000004
57_1,3.9999481360583187,3.999946570382298,3.999908367782711,3.999944960116964,3.999938708704089
57_2,3.000000000000001,3.999638281498647,3.0000000000000004,2.0001375145442317,3.0000000000000004
57_3,3.999948725493518,3.9999494766116905,3.9999460989728846,3.999948211208449,3.9999494910405473
57_4,3.999945845962544,3.9999488784712693,3.999947697591605,2.9999999999999996,3.9999479222428054
57_5,3.9999490957196584,3.999947901609496,3.0,2.999999999999999,3.9999494023263735
57_6,3.0,3.0000000000000004,3.0,3.0000000000000004,3.0000000000000004
57_7,3.9999474902377075,3.9999467747374124,3.9999482961502757,3.9999486564938027,3.9999494476933357
57_8,1.0001014622450435,1.0001056923513256,1.0001077232561895,1.0001018748237227,1.000100267215617
57_9,3.0,3.000000000000001,3.9999196635858714,3.0,3.0000000000000004
57_10,2.0002373363938943,3.0,2.000123467149759,2.0000907895264217,3.0
57_11,3.0,2.0005918890383265,3.0000000000000004,3.0000000000000004,2.0002267577308985
57_12,3.0,3.0000000000000004,3.0000000000000004,3.0000000000000004,3.0000000000000004
57_13,2.000061347045175,2.000074972874541,3.000000000000001,2.999999999999999,3.0
57_14,2.9999999999999996,2.0001153978684436,3.000000000000001,2.0001343578111137,2.0002750257585165
57_15,2.9999999999999996,3.000000000000001,3.0000000000000004,3.0000000000000004,3.0
58_0,2.000055684171984,2.0000573474492915,2.000070711253644,2.000055999742283,2.0000541780682672
58_1,3.9999412788676842,4.9998864538915235,3.999949378176228,4.999771290715264,3.9999429587967104
58_2,3.9999483545391823,3.999948647273241,3.9999480256310593,4.999852679516129,3.9999471649877085
58_3,3.9999458206450447,3.9999487478554063,3.9999476480853837,3.9999471217301856,3.9999476940340233
58_4,3.9999488583318166,3.9999472436478265,3.999906695484994,3.999946789225933,3.999947843726338
58_5,4.99988643210206,4.999899594441772,3.9999256481226944,4.9998935776045705,3.9997753258006576
58_6,4.999852741712771,4.999899593381034,4.999894713908735,4.99989966337456,4.999898167349441
58_7,3.9999491209601303,3.999938727990931,3.999948401431713,3.9999194716738082,3.99992615127274
58_8,2.0000618379246586,1.0001809514481088,1.0005916597328735,1.000147939932259,1.0001781646490817
58_9,3.0000000000000004,3.0000000000000004,3.9996555487722287,3.999724342444322,3.0
58_10,3.999885723713713,3.9995806529027162,4.999891429983628,4.999898573907481,4.999899684616234
58_11,4.999863112368747,4.999899135732491,4.999882133149928,4.99989853841149,4.99989968212447
58_12,3.999943080445936,3.999945843024518,3.999862153089963,3.9999485692456087,3.999938736775051
58_13,3.9998098001552296,3.9999352458856396,3.999799077883109,3.9998652413914995,3.0000000000000004
58_14,3.999767476134044,3.0,3.0000000000000004,3.9997174433575995,3.0000000000000004
58_15,3.9999489963489347,3.999949396640168,3.9999490922807928,3.999943093993407,3.9999490695376894
59_0,1.0002218879282894,1.0001036948758886,1.0001377897604606,1.0001113670572837,1.0003327919967164
59_1,3.0000000000000004,3.0000000000000004,3.0000000000000004,3.9999444218968216,3.999938631439541
59_2,3.999946717534021,3.9999482090092817,3.0,3.9999427534632503,3.999919532527907
59_3,3.9998108048280923,3.9999189659281726,3.999776810555453,3.9999399501413655,3.9998994445659677
59_4,3.9999488481517274,3.9999429872723957,3.99994597355314,3.9999476268148793,3.999948915941881
59_5,3.9999467367668307,3.999948673539654,3.9999488691311504,3.9999470542103714,3.9999480460683334
59_6,3.9999427984610265,3.999947554563562,3.9999458611786554,3.9999347069936877,4.998652551933432
59_7,3.9999464987186815,3.9999463158364437,3.9999445168072314,3.9999188833104293,3.999940059159053
59_8,3.0000000000000004,3.0,1.0031497504028364,3.0000000000000004,3.0
59_9,3.9999481532053998,3.9999445834815526,3.9999411201668638,4.993399264244144,3.9999429531473276
59_10,3.999945479550138,3.9999457277105948,3.999940990543734,3.999942642239183,3.9999378924457454
59_11,3.999943228215703,3.9999409711379714,3.9999457041151953,3.999932367412,3.9999369796375372
59_12,3.9999480423552076,3.9999467825150115,3.9999478678464624,3.9998857655090836,3.999941293886511
59_13,3.9999194500359447,3.9999409458268875,3.0,3.9999467812391085,3.999946520091539
59_14,3.9999491292973173,3.999948308487107,3.0000000000000004,3.999947533322636,3.999944542038789
59_15,3.0000000000000004,2.0000664294465595,2.0000607991078265,1.0009237599224894,2.0000523980912472
60_0,3.0000000000000004,3.0,3.0000000000000004,3.0,3.0000000000000004
60_1,3.9999314546158913,3.9999412488179176,3.9999423677994628,4.999871059064098,3.999925954030714
60_2,4.999898880606615,4.999896074327113,4.999881346964804,4.999899841599635,4.999899837594752
60_3,3.999935650552088,3.9999495384468093,3.9999490631365053,3.99994666355464,3.999949339853647
60_4,3.999949317391075,3.9999489646473236,3.9999371033793274,3.999948973092988,3.9999483109606944
60_5,4.999863011518028,4.999771330329805,3.999926586025739,4.999870920484608,4.999852437977425
60_6,4.999734928115461,3.99994312482329,3.9999485124240683,3.9999485887346036,3.9999354070688584
60_7,3.999725351070486,4.999451117655969,3.9999489556657495,4.999687607558977,4.999686335635182
60_8,2.000116611035352,2.000139738233065,2.0000800339001077,3.0,3.0000000000000004
60_9,3.99994859148785,3.9999478880861674,3.99994434221288,3.9999308379933987,3.999947489504382
60_10,4.99989764243677,4.999898160995349,4.999890914508462,4.999899940616234,4.999899740150418
60_11,4.999897637251315,4.999898158468896,4.99988158879197,4.99989996070052,4.999899740150418
60_12,3.9999468695646128,3.9999486155486887,3.9999393294657453,3.999930751337904,3.9999471301100553
60_13,3.99991103364809,3.999949470401023,3.9999487657479773,3.999910850589364,3.9999492743186393
60_14,3.9999409913131765,3.9999474388564686,2.9999999999999996,3.0,3.9999466819938743
60_15,3.9999480131030527,3.99994958553789,3.999946470009308,3.99994873128687,3.999949549783335
61_0,1.000318387063379,1.0002626062174216,2.0000510398762623,2.0000628705171306,2.0000538117212283
61_1,3.999899006805073,3.9999466997075364,3.0,3.9999463022481145,3.999339581958068
61_2,3.0,3.0,3.0000000000000004,3.0000000000000004,2.0000514488909142
61_3,3.999947949480066,3.999948734570494,3.0000000000000004,3.9999454328662916,3.999843504837109
61_4,3.999899006805073,3.99994310465497,3.0,3.9999463022481145,3.999339581958068
61_5,3.0000000000000004,3.999910689661433,3.0,3.0000000000000004,3.0
61_6,2.000135551641831,3.0000000000000004,3.0000000000000004,3.0,2.000089513259242
61_7,3.999945727573617,2.9999999999999996,3.0000000000000004,3.0000000000000004,3.0
61_8,3.0000000000000004,3.999841283986835,2.0001712858447016,3.0,3.0
61_9,3.0000000000000004,3.0000000000000004,3.0,3.0000000000000004,3.0
61_10,3.999942991777158,3.9999471361590904,3.9999399587941116,3.0,3.999866712630555
61_11,2.000102263057823,4.9998891058998325,3.000000000000001,3.9998844421333035,3.0000000000000004
61_12,3.9999356329226936,3.9999315388291943,3.0000000000000004,3.9999412541285344,3.0000000000000004
61_13,3.0,3.9999491064831663,3.999856442198416,3.999942865765695,3.0
61_14,3.0000000000000004,3.0,3.0000000000000004,3.0000000000000004,3.0
61_15,3.9999492025975356,3.9999490143602734,3.999947475784379,3.999945488275602,3.9999476131487195
62_0,1.000379823452116,2.0000695360974152,2.0001230806505546,2.000062736937225,2.0000538950919013
62_1,4.999852634781056,3.999867526704572,3.999946699368026,4.999882389226745,3.999941138123983
62_2,3.9999490974362044,3.9999488305335364,3.9999400286092803,3.999947096585039,3.9999481914631496
62_3,3.9999314387576375,2.9999999999999996,3.999942103098594,3.9999491047670275,3.9999429974859857
62_4,3.999948364051421,3.9999491765656736,3.999947651291968,3.9999385309498234,3.999948977503077
62_5,3.999949437048984,3.9999431442345728,3.9999478173239478,4.999886303368251,3.999949026810366
62_6,3.9999446204140723,4.99932449851965,3.9999484673553543,3.9998139412196223,3.99994584991439
62_7,3.9999486545090606,3.99994312748714,3.999948418547901,4.999839034696138,4.999734993493698
62_8,3.0000000000000004,2.000244957621013,2.0000813461158544,2.0000777559774674,3.0
62_9,2.000151115886905,2.0000966778154776,3.0000000000000004,3.0000000000000004,3.0000000000000004
62_10,3.9999315174089403,4.99973506317386,3.9999483062459102,4.999882505453814,3.999899905735516
62_11,4.999899742224721,4.999898566278739,4.9998975303395365,4.999899975814603,4.999899905298645
62_12,4.999451710108602,4.9994518117846445,3.9999422284386106,4.999838982708957,4.999882596997305
62_13,3.999931047163518,3.0,2.9999999999999996,3.9999402006408227,3.9999094244741564
62_14,2.0000716656727855,2.0000679242453065,2.000079053127855,2.0000616261296553,2.000053321503486
62_15,4.942314061092961,3.999943201061609,3.999949135084923,3.9999387685657566,3.9999480061539447
63_0,3.0000000000000004,3.0000000000000004,2.9999999999999996,2.0002109975017115,3.000000000000001
63_1,4.999898126964296,4.9998935714536525,4.999837010145275,4.999899787305563,4.999899884462789
63_2,4.999893520008626,4.999871303716603,4.999770415133958,4.99989942183883,4.9998961057601266
63_3,3.999931107951135,3.999941202390681,4.967846729362452,4.9996261896247995,3.999945686217317
63_4,3.999941261470377,3.999911016156831,3.999946584173319,4.999896090336731,4.999799862720642
63_5,3.999941221974921,3.999919612105973,3.9999101219905397,3.9998856442713575,4.999886298730681
63_6,4.999889359022904,4.999895006472574,3.9999260294672916,4.999898828980753,4.999899909243752
63_7,3.99993755245239,3.9999453669518,3.0000000000000004,4.998246743425452,3.9999460151416346
63_8,3.999939189139142,4.999852530030821,3.999942868947838,3.0000000000000004,4.999667855465405
63_9,3.9999399331678913,3.99994212677654,3.0,4.999759613528343,3.9999468519891908
63_10,4.999687440717727,3.9999457798962044,3.9999476759282913,3.999926267615107,3.9999457542446
63_11,4.999877627486031,4.999897641340457,3.999931036445937,4.9998935515483725,4.999896100289139
63_12,3.9999473811101742,4.999771527193913,3.9999490529333475,4.999899272252688,3.9998674764479483
63_13,4.999852545311441,3.9999429829160857,3.9999487265483857,4.99989605653124,4.999852302870395
63_14,3.0000000000000004,3.0,3.0000000000000004,3.0000000000000004,3.000000000000001
63_15,3.0,2.000073619291802,3.0000000000000004,3.0,3.0
64_0,3.0,3.0000000000000004,1.310249242871447,3.0000000000000004,3.000000000000001
64_1,3.999944532922265,2.9999999999999996,3.9999445730821286,3.999944758324735,3.99993824873796
64_2,3.999910967932196,4.999863164263856,4.997286916030133,4.999894954620558,4.999895001371134
64_3,4.999449695291718,3.999947885201657,3.9999482098317336,3.9999193505549333,4.999626550721388
64_4,3.99994873117962,3.999947283144609,3.999946874529156,3.9999260486227852,4.997861607488382
64_5,3.9999386012936777,3.999941137933868,3.9999333047558814,3.9999455471052094,3.0
64_6,3.999946431960616,3.999725765331663,3.9999372767046366,4.999770402147167,4.999821550846949
64_7,3.999944586133883,3.9999445859488088,3.9999472317813507,4.999734404468808,2.9999999999999996
64_8,3.0000000000000004,2.0001236790257115,2.0010461158171875,2.0004625029496723,3.0
64_9,3.99994826584973,3.9999465609588087,3.0000000000000004,3.9999489520003255,3.0000000000000004
64_10,4.9998825897630494,3.999844086437555,4.999861648993109,4.9998995765861425,4.999862817584314
64_11,3.999899832086993,3.999938693578725,3.999940528275155,3.9999261686698997,4.999799671922206
64_12,4.999891746780935,4.999863199915284,3.999930784558448,3.9994756393929993,3.9995806170171124
64_13,3.999915166240056,3.0000000000000004,3.999870548591222,3.999863462422552,3.0
64_14,3.999947963098817,3.9999483527214603,3.9999470020970276,3.9999262068972024,3.9999483262594584
64_15,3.0,3.0,3.0000000000000004,3.0000000000000004,3.0000000000000004
65_0,2.0000844364612784,2.0000778197649938,3.0,3.0000000000000004,2.0001876814759347
65_1,3.0000000000000004,2.000054850933939,2.000110090177942,2.000070825308646,3.0000000000000004
65_2,3.0000000000000004,3.9999409842320435,3.9999217417389117,3.9999258161065976,3.0000000000000004
65_3,3.9999494293781357,3.999944566389498,3.999944313486217,3.9999262013001142,4.9996279051715495
65_4,3.9999467354613887,3.9999489848759633,3.9999399239611853,3.9999483891006005,3.9999431102159653
65_5,4.999889438694226,4.999889425713036,3.9999254256626866,4.999898853618778,4.999898880713292
65_6,4.999871260412971,4.999898885576715,3.999842134373664,4.999899975266154,4.999899458612602
65_7,3.9999412328626174,3.9999387595191993,3.9999301365855957,3.9999109317723978,3.999938773178533
65_8,1.000448987197952,1.0001297735482815,1.0002417858620738,1.000151927667075,1.001356506923401
65_9,3.999938486213945,3.9999261281499274,3.0000000000000004,3.0000000000000004,3.0000000000000004
65_10,3.9999411974617027,3.9999446296039762,4.998932084465855,4.999626535860031,3.999935445534713
65_11,4.999877578387629,4.999894948445963,3.99972214180485,4.999899118615215,4.999899464763491
65_12,4.999877607435857,3.9997754756263704,3.9999105940327158,3.9998856068972186,4.999899136018177
65_13,3.0000000000000004,3.0000000000000004,3.0000000000000004,3.0,3.0
65_14,3.99994918170879,3.999949138535443,3.0,3.9999456158594597,3.9999477018292677
65_15,3.999948360904347,3.9999479647671277,3.9999490216255755,3.999948980298613,3.0000000000000004
66_0,1.0001028714022757,1.0001003077073414,1.0001005905692009,1.0001008275531629,1.0001003667237727
66_1,3.999885542973789,3.999926201885301,3.0000000000000004,3.9998135514302864,3.999473938530714
66_2,3.0,2.00045006489734,3.9985133095629917,3.999812336894425,3.9977877211560133
66_3,3.0,3.9999476876986058,3.0000000000000004,3.9999353110561926,3.9998429212244653
66_4,3.999947289223942,3.999947135336505,3.9999357296575395,3.999944258284352,3.999941087155255
66_5,3.999945830949614,3.9999315144882552,3.000000000000001,3.999944909868507,3.0000000000000004
66_6,3.9999465192449817,4.998664957605657,2.999999999999999,3.0,3.9999452674482487
66_7,4.999821954147557,4.999852746457077,3.999898887848424,4.9998985588412435,3.999725950693221
66_8,4.999850387893307,4.999869394648472,4.999895325169231,4.999895240756598,2.9999999999999996
66_9,3.9999425015595045,3.9999472388977892,3.9999459985842742,4.999870896478699,4.999734198880021
66_10,3.0000000000000004,3.9999385487041796,3.0000000000000004,3.999658535030255,3.997089726122228
66_11,4.999871270651983,4.999871236750967,4.999307612138232,4.99979347399593,3.9986611943534713
66_12,2.0001585811789826,2.0001017153809246,3.0,3.0000000000000004,2.000156495397605
66_13,3.999948703411432,3.999940972193348,3.9999469192679964,3.9999460436412018,3.9999477064542246
66_14,1.0001498028794773,1.0001034541043876,1.0001206444098105,1.0001029067682223,1.0001023888173037
66_15,3.0,3.0,2.0002002534851533,2.000228638574127,3.0
67_0,2.000063569132141,2.000061765257006,2.000062060477665,2.000060218299807,2.000069751828291
67_1,3.000000000000001,3.0000000000000004,3.0,3.0000000000000004,3.0000000000000004
67_2,4.999891751073445,4.999735103330983,3.999938391118699,4.999898145035659,4.999899328266312
67_3,3.999947200348262,3.0000000000000004,3.999896949757369,3.9999405741846594,3.0
67_4,3.999938738916671,3.999943210174422,3.999948074783232,4.999771391188005,3.9999108755592934
67_5,3.999947997613141,3.9999446931412446,3.999947714213164,3.9999356014662317,3.9999457640132823
67_6,4.9998826023505085,4.999895003456928,3.9989447520409973,4.999898886017252,4.9998999283749335
67_7,3.99994949346664,3.9999490087516714,3.9999368976884306,3.99994450296273,3.999944669939829
67_8,3.0,3.0,3.0,3.0000000000000004,3.0
67_9,3.9999493577096557,3.999947975233359,3.9999463711509717,3.999944597182371,3.9999474106181685
67_10,4.999871281819482,4.999839333103293,3.999919132019958,4.999898157467829,4.999852717899111
67_11,4.999897639158646,4.999839306361388,4.99987718492623,4.999899310791333,4.999899748315472
67_12,3.9999495983699753,4.999771595088875,3.9999486062094083,4.999889382397175,3.999946762608958
67_13,4.997311387172307,3.9999477979428604,3.999949014020365,3.9999475454509157,3.999948234595712
67_14,3.0000000000000004,2.000159699805518,3.0000000000000004,3.0000000000000004,2.0002282637315427
67_15,2.0000879398361975,1.0002328160147205,1.0003748725965482,1.0002129470628365,2.000054836343977
68_0,3.0000000000000004,3.0000000000000004,3.0000000000000004,3.0000000000000004,3.0000000000000004
68_1,3.999942107430657,3.999937013216118,3.0,3.0000000000000004,3.000000000000001
68_2,3.9999465490033486,3.9999480558963154,3.9999455247791866,3.9999471689335357,3.9999468461124867
68_3,3.999939767521411,3.9999445557157567,2.9999999999999996,3.0,3.000000000000001
68_4,3.9999409595163637,3.9999447690287298,3.0,3.0,3.000000000000001
68_5,3.999935169859916,3.9999455711066094,3.9999155678665312,3.9999382343619203,3.99993124642391
68_6,4.999822081484738,3.999919647714062,3.9999248958167,4.999889259148708,3.998661699249909
68_7,3.9999473147988307,3.999947797978357,3.999929136489255,3.999910842252316,3.999948341117921
68_8,3.0000000000000004,3.9998809777937163,3.0,3.0000000000000004,2.0010964899787256
68_9,3.999935623304098,3.9999388146136474,3.9999457786629535,4.999852432163709,3.9999388147494717
68_10,3.999945734826599,3.999946442962961,3.999946521771779,3.999942908390546,3.9999312685543433
68_11,3.9999412384655337,3.999946639493691,3.999946521771779,4.999626005131456,3.9999312685543433
68_12,4.999871300724534,4.99973506102809,3.9999470705523157,3.999867466721394,4.999889424067198
68_13,3.999948631909201,3.9999311386491656,3.999948167163987,3.9999382760629056,3.0
68_14,2.0000739910981578,3.0,2.000122578806018,2.0000666222127186,2.0001146174781725
68_15,3.9999411338636075,3.9999474575830853,3.999897035215655,3.9999381987170977,3.0
69_0,3.0000000000000004,3.0,3.999820807106878,3.999524309191903,3.0000000000000004
69_1,3.9999475019552464,3.999947978546989,3.999946975999041,3.999942945048751,3.9999478338513286
69_2,3.999949027918823,3.999947431901673,3.9999443185103605,3.9999354813054917,3.9999477818865286
69_3,3.9999103257945103,3.9998659010419235,3.0000000000000004,3.0000000000000004,3.0000000000000004
69_4,3.9999386493667077,4.999839289244491,3.999930377445355,4.9998825378998015,4.999889380334893
69_5,3.9999478589301702,3.999949316896329,3.9999482840752236,3.9999477498946305,3.9999444550452443
69_6,3.99993874193172,3.9999412191730377,4.999434465078803,4.999852579917378,3.9998998647778516
69_7,3.999944409649604,3.9999431827111502,3.0,4.860228808098287,3.000000000000001
69_8,2.0000569049282837,2.0000658764187027,2.0000741781261704,2.00006048859491,2.000054605711849
69_9,3.9999489272962943,3.9999491916675396,4.738032158415569,4.995621927133868,3.9999429741602692
69_10,3.9999411808990026,3.9999355740879396,3.999945823821891,4.999852346008308,3.9998998647778516
69_11,3.9999445301692655,3.9999355740879396,3.999945823821891,4.99987118049264,3.9998998309792193
69_12,3.9999494276379903,3.9999479869746795,3.9999489435014426,3.9999431433408335,3.0
69_13,3.999949089616474,3.9999493023719235,4.995613741163399,4.9978812615256665,3.9999489890357545
69_14,3.9999183357138826,3.9999312780965175,3.9999315627207723,3.000000000000001,3.0000000000000004
69_15,2.000067320678462,2.0000829921653107,2.0000505571522402,2.0000500525657,2.0000554759755285
70_0,3.0000000000000004,3.9998932875662154,3.0000000000000004,3.999883252677437,3.0
70_1,4.999863124311018,4.9996281048659315,4.999548387223024,4.999871290258822,4.999852712952114
70_2,3.99989957030219,3.999919526573477,3.9999441136409994,4.9998863322160725,4.9994495411086906
70_3,3.999931495001053,4.999799907742861,3.999948225816799,3.9999313130424787,3.999885714240683
70_4,4.999893552466979,4.999886363766708,3.9999429926476275,4.999891691616423,4.999889387068915
70_5,4.999771321622694,4.999799930436222,3.999948989250399,4.9997996053394465,3.9999315054590254
70_6,4.9998996769631585,4.9998985704511645,4.9998915101924295,4.999899796102768,4.999899875940143
70_7,4.9998935668422,4.999889447169156,4.999733159435307,4.999893508112949,4.999898148967839
70_8,2.0000581264054396,2.0000641443568163,2.0000775448972203,2.0000619461734166,2.9999999999999996
70_9,4.99986290177425,3.99991958798191,3.999946076855327,3.9999260150513627,4.999627028359396
70_10,3.999580375505995,4.999896115856697,4.999861608632469,4.999898078950533,4.9998993121382895
70_11,3.999580470046956,4.999895011622269,4.999861608632469,4.999899235216388,4.9998993121382895
70_12,3.999946760653809,3.999946778438783,3.999948456234384,3.9999431505460623,3.9999493546822413
70_13,3.9999109069197765,4.999895008535275,3.9999452070324635,4.9998975966513415,4.999896067556936
70_14,4.999882574111956,4.999886461960592,4.999820359619337,4.9998985511292995,4.999899449433968
70_15,3.9999458142203537,3.9999490360425387,3.9999446117009034,3.999943158681404,3.0
71_0,2.0000571587713196,2.0000560602831294,2.0000694837211386,2.000056824077476,2.000056554997423
71_1,3.999814008383324,4.999871327350863,3.9999452252640584,4.999898878031277,4.999839204351363
71_2,3.0,3.9999445589753626,3.99994708778843,4.999877474481254,3.9999483321002933
71_3,3.999919592779643,4.999839314530321,3.999944408970094,4.999891571343428,3.999946723798338
71_4,3.999899903146251,3.999911035276044,3.9999473325059234,4.999838839329683,4.99982173980023
71_5,3.9999412486328594,4.999628056412048,3.9999469038921194,4.999871239851388,3.9999109148695218
71_6,4.999891747746507,4.999886444500163,4.999877151666268,4.999899861207254,4.999897633318009
71_7,3.999943159772129,3.9999196553997005,3.0,4.999898865419777,4.9998775721761035
71_8,2.0000535441452865,1.0005559795813705,2.0000515390868783,2.0000614511231514,2.0000554854989283
71_9,4.999871248814896,4.999839265502463,3.9999397075414564,4.999899435737906,4.999897638872661
71_10,4.999898549412435,4.9998969735212375,4.999881971528001,4.999899843506907,4.9998995720441215
71_11,3.9997258979452206,4.999871267959076,4.999897761148253,4.9998993184923055,4.999899681087821
71_12,4.999891767450101,4.999898169233047,4.9998930129451695,4.99989994035384,4.99989946499046
71_13,3.99994913727208,3.9999494824287627,2.9999999999999996,3.999947906824587,3.999948298998962
71_14,4.999898561463559,4.99989697925406,4.999819808368011,4.999899607375327,4.999897617964122
71_15,3.0,3.9999190565527623,3.9998245943535857,4.999732885588392,3.9999406265227613
72_0,2.0000614831219754,1.0001329827620888,1.0013175730408357,1.0002687450557834,1.000471049247753
72_1,3.0000000000000004,3.9999409803760093,3.999944025534426,3.999931270832628,3.9999383647642444
72_2,4.99867954920831,3.999947405069614,3.999946162544138,3.999935390780539,3.9999383158754647
72_3,3.999949156504656,2.9999999999999996,3.9999139876927807,3.999942947694207,3.9999192252284463
72_4,3.999948523992117,3.999948382968237,3.9999417604927756,3.9999443245236477,3.9999450677903226
72_5,3.999909958617543,3.9999101843810707,3.0,3.999909832895165,3.0000000000000004
72_6,3.999948125056437,3.999947776964214,3.9999366536158973,3.999943839871023,3.9999455545791194
72_7,3.9999486602845065,3.9999474403047097,3.999934729485996,3.9999193222147937,3.9999444719536914
72_8,2.0003105843139743,3.9999001829661496,2.000089488418273,3.0000000000000004,3.9996850783945064
72_9,3.9999383057996543,3.9999477072229017,3.9998200445301273,3.9999465732964126,2.9999999999999996
72_10,4.999770994699478,3.9999431549088924,3.9999437698311424,3.9999261099445205,3.9999355013002207
72_11,4.999687795851319,3.999938775581521,3.9999412479595966,3.999899863215855,3.99993146550629
72_12,3.999935549300446,3.9999355864668393,3.999928417950434,3.9999385756605395,4.99954906342617
72_13,3.999947239332943,3.9999381472894755,3.9999180383377873,3.9999452661122694,3.9999408204288356
72_14,3.0,3.0000000000000004,2.9999999999999996,3.0,3.0000000000000004
72_15,2.000061477270578,2.000058412603754,2.000110069462744,2.000070098018399,3.0000000000000004
73_0,2.0000569290468966,2.000056496584056,2.0000887331868404,2.000055756001771,3.0
73_1,3.999947864771224,3.999943116438515,3.999948206041385,3.999946018741069,3.999941174968841
73_2,4.999863153898723,4.9998894504468545,4.999861930428885,4.999896097584707,3.999580365648014
73_3,3.999949433741156,3.999949318446031,3.9999350012197032,3.9999465285841804,3.0000000000000004
73_4,3.9999428172049014,3.9999372859294646,3.0000000000000004,3.0000000000000004,3.0
73_5,3.9999482038422065,3.9999445939942095,3.0000000000000004,3.9999462611016483,3.9999472829604232
73_6,4.999877626400635,4.999882600501568,3.9999306467242093,3.9993406050643996,3.999662205192389
73_7,3.9999474575412637,3.9999458292330443,3.9999460758421455,3.9999488351111228,3.999948608432667
73_8,4.999822003767389,4.999821966653948,3.999930516136428,3.998295888080367,4.999889438085059
73_9,3.9999487879429823,3.9999479908961506,3.9999486922303755,3.9999412200370688,3.999935587116091
73_10,3.9998999474387724,4.999896981197241,3.9999304826292645,4.999898152365598,4.99989176779643
73_11,4.999895015877812,4.999899593643235,4.999898582931202,4.999899799999996,4.999899930520564
73_12,3.9999412376141126,3.99993159834347,3.9999444623108373,4.999871252651427,4.999451539272338
73_13,3.999935599900121,4.99977158265531,3.999947058650402,4.9998960991323615,4.9998392257938695
73_14,3.9998641055034634,3.0,3.999844917965446,3.999549452953735,3.0000000000000004
73_15,3.0000000000000004,3.0,3.0000000000000004,3.0,3.000000000000001
74_0,3.9999486692488615,3.9999482425404005,3.9999482834433286,3.9999384990523605,3.999940984793254
74_1,3.999946602363408,4.999687692413873,3.9999388102438447,3.9998138720217993,4.999839088843538
74_2,4.999896098118741,4.999898558566855,4.999851390972524,4.999899842100716,4.999899473012782
74_3,4.999771028204303,3.999938720989322,3.999946177646867,3.999774522402732,4.999882296740923
74_4,4.999893561846961,3.999580620496809,4.999862292437899,4.999899586562865,4.999899577312314
74_5,4.999877563869501,4.999899808475448,4.999888365732274,4.999899953966216,4.99989988104219
74_6,4.999899935049485,4.999899831277403,4.999899600438104,4.999899985517069,4.9998999894980765
74_7,3.999938796017493,3.9999484417225455,3.9999486782124207,4.99985243462645,3.9999445264799527
74_8,3.0000000000000004,3.9998337365986587,3.0,3.0,3.0000000000000004
74_9,3.9998674948204425,4.99973504538729,3.9999447806442774,4.999886310531724,4.999451409135727
74_10,4.999896956607308,4.999899832540833,4.999898805724965,4.999899927504881,4.999899969532575
74_11,4.999894998546751,4.999898574349173,4.999896724955918,4.999899927504881,4.999899973228061
74_12,4.999889399751612,4.999896118669725,3.9998119055710157,4.999899447813447,4.9998999512605815
74_13,4.999871236359546,3.9997754437249218,3.9999412862639723,4.999898517325118,4.999896940360257
74_14,3.0000000000000004,3.0000000000000004,3.999821653922483,3.999930906540119,3.999937288594622
74_15,3.999942704556068,3.9999475657023713,3.9999458239053185,3.999946254355133,3.999944263428009
75_0,1.000141039101672,1.0001651356619206,1.0001642799183157,1.0001521805297662,1.0001432411176732
75_1,3.0000000000000004,3.0,2.000419609392867,3.0,3.0000000000000004
75_2,3.999943168932482,4.999882616759509,3.999939764524312,4.999882285688589,4.999863110900015
75_3,4.999734473786108,4.999627227704297,3.9999359824778105,3.9998427747143444,3.9999256249539057
75_4,3.99992599371081,3.999947835674428,3.000000000000001,4.999882444759763,3.999885323036843
75_5,4.999839149980661,3.999844098643586,3.999946923732027,3.9998666775844374,4.999862981611817
75_6,4.999899990416,4.999899986160467,4.9998979102231615,4.999899953882735,4.99990000052379
75_7,3.999948662489358,3.999949015665436,3.0000000000000004,3.9999477408592963,3.9999477035277096
75_8,3.9999471185061823,3.999945585260563,3.999943318770904,3.9999436966645994,3.0000000000000004
75_9,3.9999487635304996,3.999948786369584,3.999947348776822,3.9999353385617744,3.999949068506532
75_10,4.9998994662773475,4.99989932812262,3.99990856135583,4.999899338637025,4.999899673292419
75_11,4.999899937731337,4.9998999857909,4.999896637178236,4.999899955777018,4.999900000774106
75_12,4.999877635555837,4.999899137519365,4.999897406119204,4.999899979319105,4.999899844007579
75_13,3.999941096887573,4.999627830905066,3.9999349250173615,3.9998993544049894,3.99993537608943
75_14,3.999938503503419,3.9999466473133,2.9999999999999996,2.9999999999999996,3.0000000000000004
75_15,3.9999482953156487,3.9999456854007933,3.999887266501313,3.999940738504083,3.999884108473422
76_0,1.0010361435165056,2.0000579146023743,2.0000721956942153,2.0000544001667633,2.0000566201816703
76_1,3.999948965201797,3.9999490713735226,3.9999476965072533,3.9999462729497965,3.9999453352458945
76_2,3.9999490135375453,3.999947388357833,3.999938339542889,3.999938675477446,3.9999386936970405
76_3,3.999946750760642,3.9999467320461024,3.9999454601093443,3.9999456330062664,3.9999494993014904
76_4,3.9999487559556552,3.9999446222082624,3.9999486926118832,3.999945635551341,3.9999481732851407
76_5,3.999942574765958,3.9999469496629088,3.0,3.9999433578741868,3.9999465705014408
76_6,4.999882583158847,3.9998857872792555,3.9999354118902914,3.9998440514198053,4.999877612143978
76_7,3.9999480468790347,3.999949876780397,3.9999496195517352,3.9999490283243895,3.999948027734956
76_8,1.0001199006237877,1.0001107462498007,1.0001721539822614,1.000102632359752,1.0001052664836456
76_9,3.9999315193461795,3.999945812777972,3.9999372634906183,3.999931148745009,4.99962679372147
76_10,3.999948833651223,3.9999464108565927,3.999947169034703,3.9999428928350995,3.999938579666307
76_11,4.999863148438754,3.999814030660471,3.999899379973728,4.999889423268872,4.999898159589203
76_12,3.9999480201361113,3.9999467945656706,3.9999466020293655,3.9999196016716185,3.9999467340904005
76_13,3.999948693434352,3.999946754026711,3.999948483673723,3.999948046437813,3.999948961339903
76_14,3.0,2.0000591411175788,2.0000900562034207,2.0000585630969807,2.000054012858534
76_15,3.0000000000000004,3.0000000000000004,3.0,3.0000000000000004,2.9999999999999996
77_0,3.0000000000000004,2.0001427735459183,3.0000000000000004,3.0000000000000004,3.0000000000000004
77_1,3.0,3.0,3.0,3.9999412263840757,3.0000000000000004
77_2,3.9999451175981173,3.999944800705908,3.999942259716617,3.999945666483806,3.9999259484766467
77_3,2.000060093280481,2.000068432777818,3.0,3.0,2.0000558974449425
77_4,3.9999444493896203,3.99994828119029,3.9999474697948485,3.9999411167524834,3.9999108336639493
77_5,2.0000589725880284,2.0000555631445653,2.0000708806757017,2.0000730890011607,2.0000543040978647
77_6,3.999946829156593,3.9999482447508234,3.9999406847996912,3.9998855964501754,3.999946287938735
77_7,3.999947427633938,3.999935615126872,3.9999145082303698,3.9999187335168536,3.0000000000000004
77_8,3.9999480457284644,3.9999452228978427,3.999947451897087,3.999945473911587,3.0
77_9,3.999935625098159,3.9999315695282016,3.9999425409260434,3.9998673806487255,3.999935570840959
77_10,3.9999386884584496,3.0,3.9999484287809457,3.9999476920790804,3.99994705090262
77_11,3.999945709937864,3.9999485601390026,3.999935531654917,3.999947657394797,3.9999457541556405
77_12,3.999949496285469,3.999949099420725,3.999947990216728,3.9999457072972455,3.999949296710255
77_13,2.000090456022013,3.000000000000001,2.9999999999999996,3.0000000000000004,2.0000613814209576
77_14,3.999944687539177,3.0,3.9998857957584604,3.0000000000000004,3.0
77_15,3.99994928462945,3.9999488431094425,3.99994665193826,3.9999484653232082,3.999947401010667
78_0,3.9999306188373605,3.999925374749876,3.0,3.999941052283728,3.9999410193661724
78_1,3.999945365634092,3.999948642576807,3.0,3.0000000000000004,3.999931079885857
78_2,4.999899904082765,4.999899712758229,4.999897257166395,4.999899968233267,4.999899999653639
78_3,4.9998935327753316,4.999889427120575,3.999937300943798,4.999896912016643,4.999899292041438
78_4,4.999893568201072,4.999894999070791,4.999862034080005,4.99989976356074,4.999899933762398
78_5,4.99989933653855,4.999899316775538,3.999774777835807,4.999899846605728,4.99989992889941
78_6,4.999899905656209,4.9998991239913275,3.9997192223266698,4.999899996804737,4.9998999871737935
78_7,4.999550844834698,4.998951514937191,3.9999482755107123,4.999852286453917,3.999941123951948
78_8,2.000061811439039,2.000059168474194,2.0000663897662725,2.0000782688087875,2.000055109477503
78_9,4.999838977080056,3.9998998589062205,3.9999461412980017,4.999820669297532,4.999798887133044
78_10,3.9999315082903757,3.999926328963738,3.999943680805865,4.999886305513588,4.999898543739085
78_11,4.999899812526728,4.999899898098943,3.999843217660366,4.9998999763153575,4.999899999653639
78_12,3.999725652979365,4.999822107964054,4.999899810930112,4.999899111904128,4.999896950647764
78_13,4.999896066853963,4.999898563513833,3.9999259880257654,4.999899737623429,4.9998999563136515
78_14,3.9999481962903483,3.9999492265570735,3.9999440964162813,3.9999455201302756,3.999947128482764
78_15,3.9999387562833255,4.999871341536796,3.999945771867859,4.99987108042674,4.999862852806304
79_0,2.0001191703193197,3.0000000000000004,2.0000937222531663,2.0000713839516044,2.0001189268620347
79_1,4.999771069420899,3.999945453159732,3.0,4.999147990459885,3.9999451516705364
79_2,3.9999472814165946,3.999948999913412,3.9999351917242456,3.9999474527973478,3.9999471187801494
79_3,3.9999481257418275,3.9999480519267085,3.999854007535898,3.999947824344935,3.0000000000000004
79_4,3.999945046935839,3.9999445062523504,3.999928474760772,3.9999470571963562,3.9999475469824493
79_5,3.9998674465901947,3.999946725222331,3.999948226245573,3.999885495560213,4.999450660841298
79_6,4.999899381371022,4.999899899255226,4.999898301161349,4.999899642109191,4.999898872560146
79_7,3.9999408510626355,3.999944136557066,3.9999385306400335,3.9999103930290905,3.999941505697935
79_8,3.0000000000000004,2.0001458290193965,3.0000000000000004,3.9998819401955887,2.0002799756681156
79_9,3.9999473362669846,3.999941230670078,3.0,3.999947616647217,3.999938713269284
79_10,3.999945804022073,3.9999311978701066,3.999946207063853,3.9999452941538785,3.9998997596622554
79_11,4.999896084365119,4.999896117275374,4.999891158101338,4.999899720030133,4.999899905238991
79_12,3.999938781386261,4.999852731135452,3.999930924175762,4.9998825853779,4.999839307740046
79_13,3.9999430504564604,3.0,3.999867559651039,3.9997683728917477,3.0
79_14,3.999944194625043,3.0,3.0000000000000004,3.9999383841155645,3.999945824548682
79_15,3.999945786172088,3.9999488439913433,3.999947219902917,3.999947149885203,3.9999481917968858
80_0,1.000251969372685,1.0002660577783973,1.0005135092080812,1.0003870829614847,2.000053839874944
80_1,3.0000000000000004,3.9998312306346464,3.0000000000000004,3.0000000000000004,3.9998424207141143
80_2,3.9999464226211505,3.999931533906929,3.999925466834776,4.9998935294621605,4.99989500586479
80_3,3.9999457279904096,3.9999488313025764,3.999948625561617,3.9999473495100593,3.999948313988218
80_4,3.99993564229788,3.999899951480491,3.9999418160032407,3.9998674424151397,3.9998441188913323
80_5,3.9999430462906385,4.999323223734593,3.999946699678169,3.9999489107327357,4.999863138736166
80_6,3.9998998722670867,3.999814004868573,3.9999258734844885,3.999844046960168,4.9998713233016785
80_7,3.0,3.0000000000000004,3.0000000000000004,3.0000000000000004,3.0
80_8,1.000109652816839,1.0001021289952465,1.0001243782559275,1.0001071396302355,1.0001018786136875
80_9,3.999949511734295,3.9999493988631367,3.9999305283603586,3.9999492753676944,3.9999474285814016
80_10,3.9999493861625375,3.9999466942001805,3.9999486533525372,3.9999486636162604,3.99994453227277
80_11,3.9999196236079175,4.999871327484675,4.999838038205795,4.999898121970765,4.999896963688121
80_12,3.0000000000000004,3.999949524512307,3.999948844963105,3.9999455896471114,3.9999458065138382
80_13,3.9999474398994903,3.999885719028718,3.999940577664962,3.9999195002866474,4.9998527308777465
80_14,2.000083172347045,3.0000000000000004,2.0000503538245495,2.0000613441884503,2.0000606734251343
80_15,2.000099282416053,2.00007840381998,3.000000000000001,2.0000828710849,3.0
81_0,3.0,3.0000000000000004,3.0,3.0000000000000004,3.0
81_1,3.999949298218037,3.99994793154684,3.999944360319393,3.999884121851086,4.999733981434117
81_2,3.9999478605514036,3.9999482582206625,3.999940946583331,3.999947005053043,3.999944941509837
81_3,3.9999478773939234,3.999948829252801,3.9999484070275595,3.999945532747981,3.9999193145465015
81_4,3.9999485709857705,3.999931477991453,3.9999417352935063,4.999838428763965,3.999941093311625
81_5,3.999937721408487,3.9999427902604014,3.999938722804903,3.999930854658512,3.9998855429394546
81_6,4.9998999142855425,4.999899676855918,4.999882433517946,4.999899634230361,4.999899898730598
81_7,3.999945385587509,3.9999355108119414,3.9999455587574637,3.999842893045547,3.9999194861457363
81_8,4.999877495078729,3.9999385689204083,3.9999341177756595,3.999917897700759,3.999909552194948
81_9,4.999899124778327,3.996454380844792,3.999916561990679,4.999899873782883,4.9998974994666545
81_10,3.999949230574048,3.999947221041482,3.9999183961142606,3.9999464924311106,3.9999461711920583
81_11,4.999899928434572,4.99989974437065,4.999899479234014,4.999899918076312,4.999899936241519
81_12,4.99989815050592,4.99989502040759,3.999927689620858,4.999899916478827,4.999886336981846
81_13,4.999899310350522,4.999899459662006,4.99985063027529,4.999899985195186,4.99989992895905
81_14,3.9999444994936555,3.9999472654321533,3.999943935062201,3.9999407364122144,3.999945059255492
81_15,3.9999491712493787,3.999947905603039,3.9999212099380603,3.9999461640165626,3.9999484038033404
82_0,3.999949266541351,3.9999492989389815,3.9999442845856126,4.998678733348928,3.9999488680822837
82_1,4.99955031236614,4.999822055250586,3.9999443400790144,4.999882424471283,4.999451205615443
82_2,4.999877614467987,3.9998441534887834,3.9999482127285195,4.9998935656611545,4.999891738580797
82_3,4.99988927627602,4.999877584941586,3.999946613800536,4.999893487241087,3.999931302851886
82_4,3.9999458407718556,4.999771481796007,3.999943141087662,4.999838392470105,3.999919635038304
82_5,4.999899110056016,4.9998997249762525,4.999896692104907,4.999899983740733,4.999899996912018
82_6,4.999897565276863,4.999889457360101,4.99976535772398,4.999899933189865,4.99989888064241
82_7,4.999839314761692,4.999799624414581,3.99994938445178,4.999896911407726,3.999813473620674
82_8,3.9999458495391447,3.999948844826015,3.9999487848140607,3.9999355590647725,3.9999428923348614
82_9,4.999889443580712,4.999891788501619,4.998933875653902,4.999899430100343,4.99989947338166
82_10,4.999899947648501,4.999899985493227,4.999899128710712,4.999899997269624,4.999899994194162
82_11,4.99989974212946,4.9998999799379655,4.999899383373051,4.999899997269624,4.999899994194162
82_12,4.999821986064264,4.999863191513224,3.9999455900587066,4.999899780892784,4.99977118235993
82_13,4.999898460241996,3.9996621719269547,3.999943845908202,3.9982938048414622,3.999918890968608
82_14,3.0,3.998931592272744,3.0000000000000004,3.0000000000000004,3.0000000000000004
82_15,3.9999467108053737,3.999949362590785,3.99993457585076,3.9999406260406696,3.9999474925679412
83_0,3.999949540717941,3.999949701645883,3.999945304923381,3.9999489740823497,3.999949615689694
83_1,3.999949155276719,3.9999487043293898,3.999901129055823,3.999931134120255,3.0000000000000004
83_2,3.9998440551620593,3.999935586758617,3.9999461649879824,4.999882470029059,3.999918622560273
83_3,4.9998217628889146,3.999947470295438,3.9999469180707443,4.999852224917615,3.9999192325757185
83_4,4.999871271891577,3.999946755880039,3.999947395455944,4.999838999248349,4.999771274111887
83_5,4.999863107538163,3.9999388079786686,3.9999423057215115,4.999889285765323,4.999882405878469
83_6,4.999896929084144,3.999725928828009,3.9999377066754778,4.999899313068131,4.9998960231195175
83_7,3.999910969680644,3.999926337450389,3.9999479972975505,4.999870853832257,4.999821332450002
83_8,2.0000571181608704,1.0012445141059796,2.0000552689782563,2.000058389044211,2.000064818811946
83_9,3.999867320931084,4.999852286040343,3.9999467853756254,3.9996605684443423,4.999893556114718
83_10,4.999898543249932,4.999877670799784,3.999865775688049,4.999898834797077,4.999899565618844
83_11,4.999897616462637,4.999896117263428,3.999840841769025,4.999899106670936,4.9998994632617135
83_12,3.999935617254647,3.999885748712345,3.9999480100280644,4.999687476249255,4.999871071973642
83_13,3.9999481672831974,3.9999489432269226,2.9999999999999996,3.9999486463383436,3.999945459263461
83_14,3.9999466324792374,3.999949032335437,3.999949353073026,4.999799454096755,3.9999430139241
83_15,2.9999999999999996,3.0,3.9998468055327128,3.9999097407761384,3.000000000000001
84_0,3.999926062503553,3.0,3.0000000000000004,3.999899725083166,3.0000000000000004
84_1,3.9999464080014624,3.9999454244154125,3.999944974980904,4.9998917322389325,4.999852610550703
84_2,3.999948868881028,4.999550704027789,3.9999477703663713,3.9999355168133612,4.998678753421415
84_3,3.9999491384937382,3.9999491734365056,3.9999325399253705,3.999948383331398,3.99994922958509
84_4,3.9999490749968687,3.999941273485312,3.9999439338344205,3.9999485090208706,3.9999457811299153
84_5,3.9999464927173634,3.9999465398067073,3.99991508217545,3.9999446419828084,3.0000000000000004
84_6,3.999945817760042,3.999899923618331,3.9999477032892465,4.999889355553303,4.999899581246578
84_7,3.9999490249455536,3.9999457624694457,3.999944969366662,3.9999472429032497,3.9999486489660887
84_8,3.0,2.000067420994949,3.9937365255766095,3.998525096583873,3.0000000000000004
84_9,3.999947363182409,3.9999457478435008,3.9999481362968825,3.9999482456273063,3.999949279343174
84_10,3.9999195986777214,4.999799880030382,3.999934802964739,4.999889253807784,4.999896088477223
84_11,3.9999263096575883,4.999799880030382,3.999944216575812,4.999877558957505,4.999896088477223
84_12,3.999948544744212,3.9999410746867983,3.9999057273652046,3.9998852855691975,3.9999108832587633
84_13,4.99983922782109,3.9998440910363633,3.999944355009013,4.999896923673827,3.9999489981191685
84_14,3.9999490331874723,3.9999490911781135,3.9999481195019118,3.999948816402841,3.9999486899174648
84_15,3.9999412390078746,3.9999474325929096,3.9999448620394538,3.9999412612436562,3.999943191281571
85_0,2.000058582079467,2.0000660136984707,1.0003166747772776,2.0000570498025065,2.0000597205748174
85_1,4.999889291914502,4.9998991329424065,4.999877196392374,4.999899948209025,4.999899909660233
85_2,3.9999384495124484,4.999871337535661,3.999949181201997,4.999891725897779,4.9998526750701915
85_3,3.9999315573102034,3.999844109040563,4.999838401866702,4.9998995100718355,4.99989912284703
85_4,4.999893559593099,3.9998441107863143,3.9999107323920824,3.9993408903700836,4.999889445619264
85_5,4.99989812628493,4.999889455465026,4.999798195055268,4.999899509106362,4.999899910888709
85_6,4.999899324701868,4.999899885082248,4.9998987956516885,4.999899977006507,4.999899979414483
85_7,3.999949553567916,3.999919626004552,3.999948058083649,4.999882551570953,4.999449984612213
85_8,2.0003751054460968,3.0000000000000004,2.0001285631276726,3.9998098819301537,3.0000000000000004
85_9,3.9999457353575574,3.9999458478103844,3.999948905332842,3.9996621192359108,3.9999412111874952
85_10,3.9999487213510534,3.9999472388144834,3.9999476344254026,3.999942945328307,3.9999480995411485
85_11,4.999899917992804,4.999899919434457,4.999897324419056,4.999899942511506,4.999900000082756
85_12,4.999893536398195,3.9997259523371516,4.999731691655885,4.9998995462136255,4.999897643784038
85_13,3.9999459135249613,3.9999453901463315,3.999933486710262,3.0,3.9999470996068798
85_14,2.0003159798006758,2.9999999999999996,3.0000000000000004,3.0000000000000004,3.0000000000000004
85_15,3.999949635763455,3.9999495240478478,3.0000000000000004,3.999938693727692,3.9999412907810212
86_0,3.0000000000000004,3.0,3.0,3.0,3.0000000000000004
86_1,3.999931294630171,3.9999405285510896,3.0000000000000004,3.9998659888117687,3.0
86_2,3.999949045155492,3.9999480426652774,3.9999486804712583,4.999852659442055,3.999948444988163
86_3,3.0000000000000004,3.0000000000000004,3.0,3.0,2.9999999999999996
86_4,3.999945738248033,3.9999445801923534,3.9998928506257183,3.9999354252476245,3.0
86_5,3.9999477990747505,3.9999482932113635,3.000000000000001,3.0000000000000004,3.999474953421334
86_6,4.999882557282063,4.999771434823558,3.999948820264852,3.99993860888233,4.999852682995593
86_7,3.9999107619986938,3.9999196563284185,3.999948434293645,4.99989966758199,3.999931575071226
86_8,2.0000614604688893,2.000055675547893,2.000088686994341,1.0001225113342573,1.0001779747779858
86_9,4.999799292324304,4.9997999702249185,3.999949520137583,4.999882430527157,3.999926330043684
86_10,3.0,3.9999479487409735,3.0,3.0000000000000004,3.000000000000001
86_11,3.0,3.9999471009419065,3.9999455081395494,3.0000000000000004,3.998631418965544
86_12,4.999852560103956,4.999822096180933,3.999945755710779,4.999898573502807,4.999877681397409
86_13,3.999865965046666,3.000000000000001,3.0000000000000004,3.0,3.9989348315790068
86_14,3.999383607232705,2.000389403948846,3.0,3.0,3.0000000000000004
86_15,3.9999478979201712,4.999550694324635,3.9999491071270916,3.9999194203384465,3.9999431843860234
87_0,3.0,2.000552826189077,3.0000000000000004,3.0,3.0
87_1,3.999944234944796,3.99991910142703,3.999889697580726,3.0,3.0
87_2,3.999943843648955,3.9999436434497944,3.000000000000001,3.999923482863686,3.9994550847498926
87_3,4.999734802852691,4.999839185334161,3.999945382839363,3.9998850663903447,4.99983905262552
87_4,2.0000740208801044,3.0000000000000004,3.0000000000000004,3.000000000000001,3.0
87_5,3.99994440914264,3.999945689089881,3.9999444063770495,3.9999462781350585,3.9999481695482992
87_6,3.999938451706576,3.9999262434762843,3.999947989543069,4.9997706255795835,3.9999449060715113
87_7,3.999949381728447,3.999949253250799,3.9999461869795288,3.999947932678957,3.999947391331444
87_8,3.0000000000000004,3.0000000000000004,3.0000000000000004,2.9999999999999996,3.0
87_9,3.999938758994392,3.999926345425668,3.999948129156611,3.9999262588483226,3.999948404548044
87_10,4.998678853647231,3.9999467083493223,3.9999482538997566,3.999948543522134,3.999946623676395
87_11,4.998949618778649,3.9999474055345314,3.9999476312491007,3.999942967998576,3.999944390881637
87_12,3.999941235766681,3.9999490110881966,3.9999466480465427,3.99994448975567,3.9999445376398843
87_13,3.999948155262036,3.999945689089881,3.999947022158074,3.9999461889941634,3.9999473023780396
87_14,3.0000000000000004,3.0000000000000004,3.0,3.0000000000000004,3.0000000000000004
87_15,3.0000000000000004,3.0000000000000004,3.9998297486635237,3.999772503605082,3.0
88_0,3.0000000000000004,3.0000000000000004,2.0001481931579144,3.0000000000000004,3.0
88_1,2.9999999999999996,3.0,3.0,3.0,2.0014109163062392
88_2,3.999944324624694,3.999940880284254,3.0000000000000004,3.0,3.0000000000000004
88_3,3.999946944376881,3.999918525038406,2.000302303848701,3.9581839903194718,3.0
88_4,3.0000000000000004,3.0000000000000004,3.0000000000000004,3.0000000000000004,3.0000000000000004
88_5,4.999799252310447,4.999852611445302,3.9999426260575928,3.999930930122606,2.9999999999999996
88_6,3.9999467421725443,3.999945089639521,3.9999437168203364,3.999944638519435,4.999734555679615
88_7,3.999948615912269,3.9999485988009185,3.0000000000000004,3.9999476870015167,3.999925959542165
88_8,3.998454247017658,3.9999392429989835,3.0000000000000004,2.0000973450444803,1.0002114852927606
88_9,3.999948557802596,3.9999471503085124,3.0,3.999910747344764,3.0
88_10,2.00272816659856,3.0,2.000103496552685,3.0000000000000004,3.000000000000001
88_11,4.999893589405869,4.999899137103323,3.9998840318103235,4.999899120224194,3.9675566756503913
88_12,3.9999464638109767,3.99994879839136,3.999939134809174,3.999884582244011,3.9999255000560003
88_13,3.9999385999712005,2.003845678848997,3.0,3.0000000000000004,3.999918410424577
88_14,2.0000704964269302,2.9999999999999996,1.000378105263774,1.000426958956423,1.0004675200149282
88_15,2.0002839803641135,3.9998292428809514,2.0000907181174274,3.0000000000000004,2.000115142218558
89_0,2.000064954768619,2.0000578389551498,2.0000828676419067,2.0000681937282145,3.0000000000000004
89_1,3.0000000000000004,3.9999292306244545,3.0000000000000004,2.0001918874848146,3.0000000000000004
89_2,3.9999258422576767,3.999943671872434,3.9998820777082376,3.9998119464145434,3.999934989203543
89_3,3.0000000000000004,3.99989795302316,3.0,2.0002935908716486,3.0000000000000004
89_4,4.998783840278597,4.999874473985452,3.9999369711617856,3.9999072781246126,4.99979733912444
89_5,3.0,3.999909507587367,3.0,2.000362238187828,3.0000000000000004
89_6,3.000000000000001,3.0000000000000004,3.0000000000000004,3.999839280032035,3.0000000000000004
89_7,3.0000000000000004,3.000000000000001,3.0,3.0000000000000004,3.000000000000001
89_8,2.0001203329079327,2.000063441161844,2.0000830907580283,2.0000607332162104,1.0002344148984526
89_9,3.000000000000001,3.999934829117134,3.9999350050868143,3.0000000000000004,2.9999999999999996
89_10,4.99873683116551,4.999893600813052,3.9999402309595267,3.99992684257707,4.999665110434856
89_11,3.9999297549524786,3.9998855410510705,3.9999431964313814,4.99982083784519,4.99982137710097
89_12,3.0000000000000004,3.000000000000001,3.000000000000001,3.0000000000000004,3.0000000000000004
89_13,3.0000000000000004,3.9998069912380663,3.0,2.0001931474864376,3.0
89_14,3.0,3.9999191473775704,3.0,3.0,3.9998816904785555
89_15,3.0000000000000004,3.0000000000000004,2.9999999999999996,3.0,3.0000000000000004
90_0,2.000056783573079,2.0000565554025656,2.000061153794418,2.000050914656491,3.0
90_1,3.999919264718333,3.0,3.9997677015773947,3.9999404607033258,3.000000000000001
90_2,4.999891755566029,4.99989360368567,4.99984991007894,4.999899987078422,4.999899972691523
90_3,3.9999492188263392,3.9999467621971294,3.0,3.9999484400772074,3.9999386219400326
90_4,3.999949555952064,3.9999494005620986,3.9999490586726907,3.999949479400948,3.999949529006616
90_5,3.9998673186147333,3.9999195707384216,3.0000000000000004,3.0,3.0000000000000004
90_6,3.9999195781177974,4.999863113087366,4.99941005071332,4.999897612957928,4.999896098845502
90_7,3.9999482646695546,3.9999492699560175,3.0000000000000004,3.999941176917591,3.9999490935561672
90_8,3.000000000000001,3.000000000000001,3.0000000000000004,3.0000000000000004,3.0
90_9,3.9999495047310667,3.999948277775584,3.0,3.9998672726906346,3.999948906012522
90_10,3.9999479138453564,3.9999473902286957,3.9999479695652917,3.9999479282444836,3.999948328125287
90_11,4.999882512535839,4.999899591187666,4.999799104389076,4.999899983490375,4.999899972011901
90_12,3.9999480006761763,3.9999431739200992,3.999948532842291,3.999899936623372,3.999945777167085
90_13,3.9999446863591257,3.0,3.9999172574393103,3.999944505299002,3.0000000000000004
90_14,2.000093247234837,3.0,2.000102510030676,2.0001603152429137,3.0000000000000004
90_15,3.999949226658464,3.9999467573460863,3.9999492276240223,3.9999195792677478,3.9999474207081525
91_0,2.0000553956411986,2.0000580694935954,2.0001141126491735,2.0000688019482658,2.0000613884356824
91_1,3.999926286876252,3.999926294675702,3.9999430605163893,4.999870965169638,4.999877426788605
91_2,3.999947522737385,3.9999466388386606,3.9999451235640167,3.9999439042435077,3.999946815777163
91_3,3.0000000000000004,3.9998987969150908,3.999926470668089,2.000092676386663,3.0
91_4,3.999941216617312,3.9999387492616747,3.9999477697525383,3.999885570981154,3.9999430097276822
91_5,3.9999439626269226,3.9999473793519593,3.999941474061825,4.999134466644645,3.999938528374343
91_6,3.0000000000000004,3.999947817669642,3.9999204982286938,3.999942442490202,3.9999351895610213
91_7,3.999931409644694,3.999943154176188,3.999905865881747,3.9999315395671613,3.0000000000000004
91_8,3.9994757990743453,4.999799991577248,3.999885416440472,4.999896965737923,4.999898170281551
91_9,3.9999479002150173,3.999941161654092,3.0000000000000004,3.9999382973887254,3.0000000000000004
91_10,3.9999456896918337,3.999944679713916,3.999948680268554,4.999734465767948,3.9999355346769665
91_11,4.999771012896138,3.9999412485617736,3.999939909031753,4.999897593981249,3.9999108365437706
91_12,3.9999411848025135,3.999947398596683,3.999947519399865,4.999549231338481,3.999947101532126
91_13,3.99993507683034,3.999942759120387,3.9998458078203716,3.999942528010109,3.0
91_14,3.999948356011306,3.999946707777524,3.0000000000000004,3.999945357546869,3.9999254958997805
91_15,3.0000000000000004,3.0000000000000004,3.0000000000000004,3.0000000000000004,3.9999191738426743
92_0,3.0000000000000004,3.0000000000000004,3.0,3.0000000000000004,2.9999999999999996
92_1,4.999896954700036,4.999899137091321,4.99986119407117,4.999899803003897,4.999899753930117
92_2,4.999898873811237,3.999168251521876,4.999888069780953,4.999898536885862,4.999898888675295
92_3,3.0,3.999943556185804,3.000000000000001,3.0000000000000004,3.0
92_4,4.999891758283895,4.99989611995748,3.9999370392192013,4.999891715205647,4.999893575686051
92_5,4.999896081682925,4.999898561415479,4.999859116092407,4.999899295676431,4.999899673208709
92_6,4.9998917601201205,4.99988945340278,4.999817608508927,4.999898858159459,4.999896970815324
92_7,3.9999431132667436,4.9997350258720825,3.999947324716259,3.999938409271883,4.999734785960887
92_8,2.000064869963731,2.0000581342073267,2.0001126863000382,2.0000570976178165,2.0000591471902136
92_9,3.9999456495157104,3.9999428781921855,3.999940230548334,3.9999480984863047,3.9999405719075267
92_10,4.999889403567085,4.999898168576772,4.999849166237365,4.999899289954298,4.999899866452547
92_11,4.9998999113174785,4.99989986908665,4.999899791548801,4.999899980844054,4.99990000284813
92_12,4.999897615007817,4.9998392525315,4.999611011111741,4.9998984721850315,3.9995801499729806
92_13,3.999856943071372,2.0000807676528387,2.0000808646348194,3.0000000000000004,2.0000771568033313
92_14,4.999852389787499,3.999946339956993,3.9999360886699296,4.999871035058168,3.9998853055144723
92_15,3.9999186599608914,3.999938504302829,2.9999999999999996,2.9999999999999996,3.9999476151337987
93_0,2.000061158549689,2.000074202017665,3.0000000000000004,2.00005617999375,2.0000645509796193
93_1,3.999899171390549,3.9998813556828923,3.999571624885878,3.999897474568324,3.0000000000000004
93_2,4.99955018933691,3.9999412732533526,3.9999256574155453,3.99993871451517,3.9999431254312547
93_3,3.999933455093326,3.9999428888484916,3.0,3.0000000000000004,3.9999153499852245
93_4,3.9999491713507274,3.999949039868766,3.9999466827930714,3.9999464867204555,3.99994844350414
93_5,3.999948353490296,3.9999484800676024,3.9999460575277217,3.999930592010907,3.9999467549209315
93_6,4.999898132663089,4.999899754061183,4.999897892616675,4.999899805209341,4.999899885583091
93_7,3.9999412177012164,3.9999387740081107,3.9999446736828363,3.9999107941038115,3.9999314392951257
93_8,4.9998949976279174,4.999898166634093,4.999889070177895,4.99989980362383,4.999899137222841
93_9,4.999893581741165,4.999877683186829,4.99953999904357,4.999899466456722,4.999899137650884
93_10,4.999889400049113,4.9998935358020224,4.999897494900342,4.999899581866085,4.999898571595541
93_11,4.999886385351152,4.999889445548512,4.999897862768769,4.999898869317271,4.999893580716183
93_12,4.999898881892793,4.999899638008368,4.999875175671728,4.999899942296826,4.999899987614885
93_13,3.9999479815390004,3.9999486744216552,3.999949121353611,4.9996874648433565,3.9999431556711453
93_14,3.999948771290484,3.999948938322067,3.9999476652006307,3.9999471136667157,4.998321693316052
93_15,3.9999258172934606,3.999919256267874,3.0000000000000004,3.9999438163950467,3.9999426644221505
94_0,1.0001036158695191,1.0001056864384652,1.0000999970326754,1.0001019589184226,1.00010083287028
94_1,3.9999484712946094,3.9999484982157267,3.99992741881425,3.9999310189955337,3.9999488465070825
94_2,3.9999478200719607,3.9999428614989463,2.9999999999999996,3.9999442162899337,3.999945532926952
94_3,3.0000000000000004,3.0000000000000004,3.000000000000001,3.0,3.0000000000000004
94_4,3.0000000000000004,1.0002283382190194,3.0000000000000004,2.0000765956515636,1.0035751156927712
94_5,3.9999490589408344,3.9999466719285137,3.999877102806234,3.9999457339206734,3.999935577676178
94_6,3.999949166916372,3.999949106685867,3.9999485758193116,3.999946773259389,3.999940951404027
94_7,3.9999490017009114,3.999949039749524,3.9999475516013794,3.999949295357224,3.9999458014895453
94_8,3.9998733410079548,3.0,3.999677731078461,3.999591504272424,3.0000000000000004
94_9,3.9999486772645376,3.9999492179502396,3.9999459478542434,3.9999472755397636,3.999947604173307
94_10,4.999839063148847,3.999899828642436,3.9999413297397877,3.999167136309098,4.999838958562549
94_11,4.999877446924742,3.9998138528338734,3.9999370784465658,3.999580051791569,4.999896080180942
94_12,3.9999497389199288,3.999949416969057,3.9999489268371162,3.999948699638738,3.999949520411778
94_13,3.0,3.0,3.0000000000000004,3.0000000000000004,3.0000000000000004
94_14,3.9999410358098535,3.9999385585252867,3.0000000000000004,3.999884975870063,3.0
94_15,3.999949736696836,3.9999446765609306,3.9999410110526585,3.999948613897542,3.999948696628622
95_0,1.0002174077274963,1.0001777445284001,1.7570630341913551,1.0003810400388142,2.0000918737777194
95_1,3.0000000000000004,3.0000000000000004,3.0000000000000004,3.0000000000000004,3.999940136512391
95_2,4.99987116622196,4.999891791969593,4.999898516180636,4.999899842052943,4.999899926336249
95_3,3.000000000000001,3.0,3.9999028006773374,3.9999312573274497,3.999919255151253
95_4,3.9999387862251634,3.999938755484129,3.999723924405713,4.999899114991031,4.999897613518063
95_5,4.999863064819282,4.999891790968707,4.9998948921840425,4.999899691970964,4.999899320468906
95_6,4.999897585946998,4.99989968474705,4.999897985128854,4.9998999854813055,4.999899966886985
95_7,3.999926355437737,3.9999196682369162,3.9999482302866554,3.999899968211867,4.99894939312234
95_8,3.9999418870224903,3.999939014280777,3.9998953222053726,3.9998888933427437,4.999833236903986
95_9,3.9999480510266343,3.999945893225541,3.9999493685626457,4.999771533878319,3.999931576357532
95_10,3.9999410838361684,4.999895022052224,4.999820455802054,4.999893580120684,4.999896965486839
95_11,4.99987116622196,4.9998894581334214,4.999898793840593,4.999899939650882,4.999899903153208
95_12,3.0000000000000004,3.9999457676492005,3.999947311252462,3.999947715667307,3.9999490240632554
95_13,3.999948211029784,3.999947709505493,3.9999340417565077,3.9998852804991727,3.9999477506215517
95_14,3.0000000000000004,2.0005754892266676,3.0000000000000004,3.0000000000000004,3.000000000000001
95_15,3.0000000000000004,3.999935123272277,3.999900450444778,3.999931315034262,3.999654238628952
96_0,3.0,3.999925514367447,3.0,3.0000000000000004,3.0000000000000004
96_1,3.9999407979658064,3.9999453808374223,3.0,3.9999312762129278,3.0
96_2,3.999910164849046,3.9999429942505786,3.0,3.9999308890057073,3.0000000000000004
96_3,3.999947211124383,3.9999478949228293,3.99993133740695,3.9999375403788417,3.999940506563262
96_4,3.999949426213809,3.999949297985375,3.9999433615630005,3.9999465469829487,3.9999465260213434
96_5,3.999947211124383,3.9999478949228293,3.9999356541476496,3.9999397217379737,3.999940506563262
96_6,3.999867423287729,4.999891785200179,3.999895219794236,4.999886377164159,3.9999355614476317
96_7,3.999948681252098,3.9999479931669324,3.9999376719888593,3.9999488488551846,3.9998664206562844
96_8,2.9999999999999996,3.9997576793303766,2.000076327272468,3.0,3.0
96_9,3.9999407979658064,3.999942988534586,3.0000000000000004,3.9999408685194084,3.0
96_10,3.999940824659823,3.999944487812863,3.0000000000000004,3.9999396625806503,3.0
96_11,3.9999106511631326,3.999867308206575,4.999675131615288,4.999821513996025,4.999862997556216
96_12,3.9999411122585546,3.9999473231549008,3.0,3.0,3.0000000000000004
96_13,3.9999442119212567,3.999945707535851,3.99990291231859,3.9999347999846697,3.0000000000000004
96_14,3.99994691060881,3.0,3.999938218186652,3.9999475070386974,3.9999467926107375
96_15,3.0000000000000004,2.00011825231438,3.0,3.0000000000000004,2.000100983487702
97_0,2.0001677051926503,1.0001142180028246,1.0001688657359629,1.0001042181895439,2.0001330313313717
97_1,2.00433980251493,3.9999466885680985,3.0000000000000004,3.999945412901163,3.999919490142892
97_2,3.999923992040337,2.999999999999999,3.999921521504023,4.999802663001786,3.999908271607967
97_3,3.0,3.0000000000000004,2.9999999999999996,3.0,3.000000000000001
97_4,2.0000659026736436,2.0000574221826866,2.0000720785892354,1.0003775001532034,2.000052244884443
97_5,3.999941172924144,3.9999478916444113,3.999946864826431,3.99994557287,3.999947727253211
97_6,4.99988255569665,4.999877624267749,4.99983835910656,4.99989959084167,4.99989815355767
97_7,3.999948361673319,3.9999483094528108,3.9999487932657245,3.999944506228489,3.999926332230047
97_8,2.0000556994178247,2.000099886769837,1.000232349346261,1.000115409430536,2.000089619430732
97_9,4.9998525268397245,3.999885712720811,3.9999105785965474,4.999899132274995,4.999895008535275
97_10,3.9999442325252055,3.0000000000000004,3.0000000000000004,3.0,3.0000000000000004
97_11,3.9999464223830086,4.9994487601765405,4.999820822244189,4.999852580943357,4.999770810354772
97_12,3.99994318284921,3.9999467508679345,3.9999255846303843,4.999891745303332,3.9999315611118815
97_13,3.999774100170383,3.0,3.0000000000000004,3.0,3.0000000000000004
97_14,2.00023711567326,3.000000000000001,3.0000000000000004,3.0000000000000004,3.000000000000001
97_15,3.0000000000000004,3.0000000000000004,3.000000000000001,3.0000000000000004,3.0000000000000004
98_0,3.999949591158184,3.9999492426664087,3.9999387683275773,3.9999428440355507,3.9999482391368595
98_1,3.9999262264191224,3.9999315317667627,3.999944846102652,4.999898518969564,3.9997752828690345
98_2,3.9999495207991917,3.9999480100041502,3.9999458049997174,4.9997708580237665,3.999910932902586
98_3,3.9999386669249515,3.9999466768153327,3.99994796542888,3.9999486418676877,3.9999478758269515
98_4,3.9999432007992097,3.9999479947700034,3.9999421403230273,3.999941096541827,4.9996877674117775
98_5,3.999944662990466,3.999919631634995,4.9996243699225005,4.999871258161412,3.999919366129058
98_6,4.9998999765061205,4.999900001358175,4.999899633455304,4.9998999713684125,4.9998999095767145
98_7,3.9999479970350516,3.9999467214851343,3.9999481412616102,3.999938669977273,3.999949032907523
98_8,2.000356454464074,2.9999999999999996,3.0,2.000068179185519,3.000000000000001
98_9,3.9999478944934475,3.999948098796403,3.999929231491325,3.0000000000000004,3.0000000000000004
98_10,3.99994860373006,3.9999493254065337,3.9999465016808387,3.999949510601977,3.9999495817887545
98_11,4.999899972965755,4.999900003146118,4.999896698982634,4.999899964907973,4.999899729947195
98_12,3.99994802136984,3.9999316033199213,3.9999493528105834,4.999863146673454,3.9999388290412012
98_13,3.999813783100472,4.999886384124163,3.999939500748996,4.999899111975554,4.999894953715101
98_14,2.0000623431728943,3.0000000000000004,2.0000722030379103,3.0000000000000004,2.000068112607887
98_15,3.999949592153507,4.999799975537213,3.9999473343237923,3.999919565628113,3.9999387424199204
99_0,3.999907791903962,3.0000000000000004,3.0,3.0000000000000004,3.9995609715045237
99_1,2.0000633361695725,1.0020530589383805,2.000121111124912,2.0000829972193515,2.000059512804677
99_2,3.9999457852125366,3.999948483506353,3.9999480544417647,3.999941008328615,3.9999351753057844
99_3,3.9999473750665917,3.999949399834756,3.9999487291708995,3.999947791416737,3.999948643453332
99_4,3.9999465986501663,3.9999486104231994,3.999946185328806,3.9999469805341157,3.999945043252923
99_5,4.999549829859315,3.999947196641014,3.9999382005580397,3.999944313831457,2.9999999999999996
99_6,4.999882557101209,4.999882574326835,3.9999404307650366,4.999862986246818,4.9998981339857735
99_7,4.997315999970039,3.999949207538564,3.999949633790507,3.9999464536728384,3.9999475054891476
99_8,3.0000000000000004,3.9998555029775984,2.0001850033793693,3.999930727021085,3.999919062440803
99_9,2.9999999999999996,3.9999455393988264,3.999919079218761,3.999934848962825,3.0000000000000004
99_10,3.9999486130870046,2.999999999999999,3.999938779013497,3.9999465033555057,3.9999460801387356
99_11,4.999852661198242,4.999889448981023,3.9999451770782763,4.999896924579517,4.999896963640521
99_12,3.9999479188993408,3.999947957936975,3.999946681732627,3.99994655123826,3.999948438811448
99_13,3.0,3.9999410053726074,3.0000000000000004,3.0,3.000000000000001
99_14,3.9999350476085587,3.0000000000000004,3.0000000000000004,3.9999352384544165,3.9999192493474793
99_15,3.9999490423061848,3.9999466715527787,3.999691268832544,3.9999472398275513,3.9998660397342842
