group,COT1,COT2,COT3,COT4,COT5
0_0,2.000034780861907,1.5066184980052468,1.000188802576834,1.0001286802766856,2.0000340476821594
0_1,1.506608523996408,2.9999999999999996,3.0000000000000004,3.0,2.0000600805096247
0_2,4.9976520671738855,2.732348180040793,2.0002700129097564,2.000216101673838,2.999999999999999
0_3,2.0001524606194363,1.560395033549752,2.0001068632747345,2.000080476706474,3.0
0_4,2.2669147422704876,2.3835226967760303,2.6270378552463014,1.3485512146367729,2.3702872557559185
0_5,2.999999999999999,2.0000904147096055,3.0000000000000004,2.00006229349146,2.9999999999999996
0_6,2.1498548974499294,4.999816423239645,2.6838719271386937,2.315487534705328,3.9997468269501346
0_7,2.840342370781804,3.9999207155248486,3.9999058768807885,2.358612735614215,2.4369056810188727
0_8,4.999807643007752,1.5084517250594498,3.9998628495252344,2.0001367146391673,1.000352071030931
0_9,2.9999999999999996,3.0,2.9999999999999996,2.999999999999999,2.9999999999999996
0_10,2.2809836555857346,2.7478559052631795,2.743258374423778,2.7603898303322687,2.7770772822739906
0_11,2.225883966926495,2.2625741833624313,2.9999999999999996,3.0,2.3313593857610035
0_12,2.8296172055855413,2.113867736568741,2.238586270449561,2.287201151028855,2.2106202869818277
0_13,3.999823219549311,2.0004915093292754,2.023088627273312,3.0,2.000158617779097
0_14,2.0000889944677165,2.000071140316931,1.601180511848379,1.3060659846458293,1.0000776876453068
0_15,2.384702822740742,2.3876319290097037,2.999999999999999,2.9999999999999996,2.9999999999999996
1_0,2.0000767897940768,2.000068536945097,1.5104146986975697,1.0003402733507474,1.645042551564855
1_1,4.999624581836472,3.9998832413067564,4.999696428474984,3.0,3.999926850300902
1_2,3.0,3.0,3.9999628321196825,2.9999999999999996,3.9999304737205374
1_3,2.9999999999999996,2.9999999999999996,2.0001390106280144,1.4120912801308103,1.3458507137021896
1_4,2.9999999999999996,2.9999999999999996,2.000292646606742,2.0001032257431866,2.9999999999999996
1_5,3.0,3.0,3.0,2.000063843120351,3.0
1_6,3.0000000000000004,4.999883757798537,4.999720789104146,3.9998987423563443,3.0
1_7,2.0000907735218925,2.0000916104102653,3.9985328696751807,2.000061343051808,2.0000632757907573
1_8,2.000081979088791,1.0018345048997148,2.000101217111493,2.000079041990757,1.5317314608943673
1_9,2.9999999999999996,2.999999999999999,2.00029871519809,1.1757865298124746,2.9999999999999996
1_10,2.000177040967859,2.0004109335836633,2.9999999999999996,3.0,3.580253988701495
1_11,4.999892616143214,4.999898545645759,4.999881965341078,4.999872817394588,4.999826193126424
1_12,3.9997742789122186,3.0,2.9999999999999996,2.9999999999999996,1.9524161344056035
1_13,1.5618283688257735,2.000090353271014,2.0000689311140634,2.0000581349636217,2.000054550457994
1_14,1.4829982783554376,2.0000630765118257,1.0002002295565218,1.000312023207768,1.000340265117353
1_15,3.999842793797935,3.0,3.9997826054784116,1.31350003827899,2.9999999999999996
2_0,2.0000525498965445,2.0000560840157227,2.0000545374479746,1.6638101315261713,1.5321326301754137
2_1,3.9999272626713767,2.7477228186995477,3.9999148900189248,2.9999999999999996,2.9999999999999996
2_2,4.9997954464169005,4.999851845853438,3.0,3.0,3.9904555269595403
2_3,2.000075387101589,3.0,3.0,1.0000945928572191,1.2697746068396858
2_4,3.9998607450960173,2.000115037279037,3.0000000000000004,3.0000000000000004,2.9999999999999996
2_5,3.9999109223758738,3.999922997191032,3.9999163683156365,3.0,1.8186409838163151
2_6,4.999852396029435,4.999670036450645,3.9998461756544086,2.9999999999999996,3.0
2_7,4.998426902241663,3.99991808750746,2.999999999999999,2.999999999999999,2.000378088270825
2_8,2.000057823835252,3.0,2.000062983291537,2.0000552882580322,1.492451910610147
2_9,3.9997931515058562,3.9993378147061636,3.9997775579015817,2.000065708840627,2.9999999999999996
2_10,4.999825026349488,4.999832465052757,3.000000000000001,2.9999999999999996,2.0003126545948797
2_11,4.999801534298545,4.9998646304282435,3.000000000000001,2.999999999999999,3.999810510615889
2_12,3.9998798640050897,1.52507944391837,2.9999999999999996,2.999999999999999,2.9999999999999996
2_13,3.9998906605700326,4.999823480142778,3.999877339126447,2.000120938608595,3.998274050191677
2_14,4.999390005794139,3.9999262350201126,3.0000000000000004,2.999999999999999,3.9998958307972523
2_15,2.9999999999999996,3.0,3.9996687364906216,2.999999999999999,2.9999999999999996
3_0,2.0000530455096692,2.000053372985696,3.0,2.0000542276489366,1.5315146844514318
3_1,3.0,3.0,3.0000000000000004,3.0,2.0000745986905932
3_2,3.9999242329986098,3.9999287013805334,2.9999999999999996,2.9999999999999996,2.9999999999999996
3_3,2.9999999999999996,2.999999999999999,3.0,1.0001334919248228,2.0001074260024168
3_4,3.0,2.0000922189211043,2.0000688748489264,2.000062588442309,3.0
3_5,2.000090418060194,3.0,2.000069776342021,2.0000720429716448,2.0000669738808203
3_6,3.9998421555235693,3.999912182161789,3.9998194270526386,3.999735241953576,2.9999999999999996
3_7,3.9998867292665152,2.999999999999999,2.0001751652936677,3.0,3.999878407070005
3_8,4.999146103861093,3.999939499252903,3.999908594981976,3.9999266535755793,3.9999014393934544
3_9,3.0,2.000256183308682,2.9999999999999996,2.0000692890948684,1.4084459346710285
3_10,2.0006649804751144,4.999787271907085,3.0,3.0,3.9998622693295434
3_11,4.999765407974258,3.0,2.999999999999999,1.8564293386705462,3.9998255826898763
3_12,3.999929853794988,3.9999307863890703,3.9999403625075463,3.9999426187388414,3.9999425049867265
3_13,3.9998376697025404,2.9999999999999996,2.9999999999999996,2.9999999999999996,2.9999999999999996
3_14,2.0000621829600367,2.0000581134952737,2.000063675366321,2.0000582837729355,1.643506748339817
3_15,2.9999999999999996,3.9996752198643972,3.999717264935367,2.9999999999999996,3.999635462242683
4_0,2.000063909089492,1.4889700634541427,2.0000564085381436,2.000054533669371,2.0000547363304513
4_1,3.0,3.999754117622787,1.00019539109717,2.0000899360312747,2.9999999999999996
4_2,4.994951822966174,3.0,2.0001667638242604,2.0001136768552024,2.999999999999999
4_3,2.000067229785783,2.0000655244361787,2.00005660614592,2.000053667123612,2.0000525509693694
4_4,2.000149079203966,3.0,3.0,3.0,2.0000690290120477
4_5,3.0,2.9999999999999996,3.9994464155363123,2.000095688435668,2.999999999999999
4_6,4.998448691929984,3.0,2.000141198872507,2.0001473168847155,2.9999999999999996
4_7,4.999784822211178,3.999932417306442,4.999677492602258,3.999937000484584,3.9999348859275305
4_8,2.000102270021604,1.000132781998153,1.000117638439612,1.0001121159897959,3.0
4_9,3.9994219581534107,3.0,3.0,3.0,2.9999999999999996
4_10,1.1503771024983396,3.999861284270616,2.999999999999999,2.9999999999999996,2.9999999999999996
4_11,2.9999999999999996,2.0000621861070393,3.0,2.0000750719296607,2.0000727359052495
4_12,3.9999339522763813,4.999178418041662,3.999929191768558,3.999913273024504,3.999922444736528
4_13,2.000090316492019,2.0000901833983264,3.0000000000000004,2.000057826404882,2.000060601791952
4_14,2.0000551479255946,2.000055338660188,2.0000556974985413,1.4919183490880716,2.0000536701691773
4_15,3.0,2.9999999999999996,3.0,2.9999999999999996,2.5235712241650248
5_0,1.4554536134061073,2.0000684457353968,2.0000628273251255,2.000094140761031,1.6625749107878414
5_1,2.000137824169681,3.9987146687946953,2.9999999999999996,2.9999999999999996,2.0000786138295457
5_2,4.999633841458962,4.999877392008907,4.9993979736913285,2.000372313302346,2.9999999999999996
5_3,3.0,3.0,3.0,3.0,1.6196180744630946
5_4,2.9999999999999996,2.9999999999999996,3.999876413395508,2.00007000713029,2.9999999999999996
5_5,2.9999999999999996,2.9999999999999996,2.9999999999999996,1.7739847771008568,3.999739922770877
5_6,2.9999999999999996,2.9999999999999996,2.0001607011351106,3.950508226476002,3.0
5_7,3.9999154826288263,3.999928191390603,3.9999172139661034,2.9999999999999996,2.9999999999999996
5_8,1.0000640295686039,1.0000742334559167,3.0,1.0000551262076363,1.359447938119223
5_9,2.9999999999999996,3.99982003882627,2.0004023788470895,1.1325857202512737,3.0
5_10,3.0,3.9999346135647467,3.999723828115029,2.000153685614174,2.9999999999999996
5_11,3.0,3.999871004805214,3.0,1.7044587096860788,2.999999999999999
5_12,3.9999042288122513,1.789007492332536,3.9613141830023855,3.8726656187718165,2.9999999999999996
5_13,2.000058315449717,3.0,2.0000558392339127,2.0000534506332004,2.0000532422663246
5_14,2.0000610650574964,1.3458331052651613,2.000062286685361,1.495725093880727,1.161601467606626
5_15,2.9999999999999996,2.999999999999999,4.520351864480587,3.0000000000000004,3.0195290652475713
6_0,2.0000570293370723,2.0000543358228717,2.0000844772292194,2.000064378446881,1.512461107508573
6_1,2.0000568673390693,2.0000582291373394,2.0000627084612934,2.000055209235941,1.7003240002909894
6_2,3.999863741803037,3.0000000000000004,3.0000000000000004,2.9999999999999996,2.9999999999999996
6_3,2.0000808233900633,2.0000671826095706,3.0,2.000053206095808,2.000054410209795
6_4,2.9999999999999996,3.0,2.9999999999999996,3.0,3.0
6_5,2.0001600787904272,2.907703156296436,2.9999999999999996,3.0,3.5184440557993257
6_6,2.999999999999999,2.0010385479573847,2.9999999999999996,3.0,2.999999999999999
6_7,2.9999999999999996,2.000197307267507,3.0,2.000074098561919,2.0001155280639886
6_8,2.000068438445344,2.0000613152955857,1.0001536095372543,1.0004088436197651,1.000408316760087
6_9,2.0001893113179587,2.0001183994860154,1.0001008647090253,2.0000634654067464,2.000055781540497
6_10,3.0,3.0,2.000068598961405,2.000070113383304,1.2792875341079888
6_11,3.9998407176726327,4.999853937504822,3.999872367174118,2.0001534074528133,1.0921219599525889
6_12,3.0,2.999999999999999,2.000186713195147,2.0001163785218727,2.0001588378748605
6_13,3.000000000000001,2.000057154939127,2.000067428145613,2.0000614554689142,2.0000805329950584
6_14,2.0000566269880817,2.000058753948023,1.001081102087957,1.4843869434117103,2.000054004698645
6_15,1.8637415638358679,2.0000545323519106,2.000053429075417,1.4878054274287196,1.647328875356387
7_0,2.0189444754728707,2.000183133956452,1.9913353416080322,2.2776827660918677,3.999701818449242
7_1,3.9999165062183204,2.999999999999999,2.999999999999999,2.9999999999999996,2.9999999999999996
7_2,4.999874423673348,4.999882488159333,3.999903308862432,3.999899366893327,4.999769748271755
7_3,3.9999250084207643,3.999907521409856,3.0,3.9998192284322243,3.999913194745216
7_4,3.0,2.000660897359871,2.0001742819813786,2.000216857640624,3.9986937098828856
7_5,3.9999127090580053,3.999936530503618,3.9999248197818784,3.999939069461038,3.9999386304503197
7_6,4.999837892272176,3.9999045201988648,2.7316530902429266,3.9999283468812212,3.9999336703199257
7_7,3.0,2.9999999999999996,3.9996675880740917,2.000090506936778,2.000090508122341
7_8,3.9999081737098496,2.9999999999999996,3.999931673359441,2.750447271748592,3.9999217185552673
7_9,3.9999226962643912,3.9999370226975866,3.9999066999892903,3.9999284804965374,3.999902660863724
7_10,3.9999305056948833,3.999929361396069,3.0,3.0000000000000004,2.926568403051444
7_11,4.999892687661883,4.99989732252352,3.999883547277067,4.999874340654183,4.999882513321791
7_12,3.999927769772654,3.999932820489324,4.9982734618175115,4.997912699638164,2.9999999999999996
7_13,3.9998864747043714,2.9999999999999996,2.9999999999999996,2.999999999999999,3.0
7_14,2.0000627316991713,2.000059521065829,3.0,1.6247159051239743,3.0
7_15,3.9998774518024414,2.9999999999999996,2.0000891014066577,2.999999999999999,3.99976273622987
8_0,2.000089034049538,1.66096086903124,1.000059682236601,1.0000613285148403,1.0002000573768863
8_1,2.7550066073861967,3.0000000000000004,3.999675333909991,3.999486810193825,2.9999999999999996
8_2,4.9998801746848995,3.999623532024313,3.999883455632713,3.999903274591672,3.9998984620853792
8_3,2.9999999999999996,3.999915470387272,2.9999999999999996,2.0000999571642275,2.9999999999999996
8_4,2.0004727967993188,2.9999999999999996,3.0,2.0001081896872486,2.9999999999999996
8_5,4.999861449917824,4.9998793830432025,4.999842773413128,3.999901851157912,3.9998993970431056
8_6,4.999894289781684,3.998075843835487,4.999886247189658,3.9998653009419596,3.9998135907236416
8_7,2.00005787540522,3.0000000000000004,3.0,3.0,2.000057931767113
8_8,1.0001783627393783,3.0,2.0000640548232687,2.000068203323223,2.0000608878978876
8_9,3.0,2.0001835145366247,2.0003586298364824,3.0,2.000109625652311
8_10,4.9994085131430825,3.9999333735262153,3.9999330838882736,3.0000000000000004,3.9999339377159857
8_11,4.9998893212021365,4.999896064028516,4.999881815399741,3.999889040733658,4.999856164053465
8_12,3.999910497367275,3.999907451663571,3.0133329219758975,3.218557497023986,3.9997935083246645
8_13,2.0000717467104643,2.000085614846728,2.7595621585759593,2.696877119355743,2.000055352355602
8_14,3.0000000000000004,2.0000724557868375,1.4515021920145368,2.000057249700135,2.000058316904638
8_15,1.7990189729406199,2.000292687043827,2.0000815271588017,2.0000690663371574,2.000071505836026
9_0,3.0,2.00005920364325,3.0,2.0000532992854603,1.5609213638610209
9_1,2.0193472825018297,3.0,2.000069740993092,2.000063201412653,2.000066667244824
9_2,3.0,3.0,3.999916722052281,1.7744808493941524,2.020601568039565
9_3,2.9999999999999996,2.9999999999999996,2.0001075986792234,2.0000727982994033,3.0
9_4,2.999999999999999,3.0,2.9999999999999996,3.0000000000000004,2.9999999999999996
9_5,2.9999999999999996,3.999892676156039,2.9999999999999996,1.8158446304754485,2.000150555178874
9_6,3.9998988305294865,4.999857023555378,3.0,3.999916639455093,3.9999224180157955
9_7,3.9999099113151937,3.9999185147505836,3.0,2.9999999999999996,3.9998456707612307
9_8,2.0000662482007137,2.0000590247492345,1.3528328912103633,2.0000889918159097,2.000132452850595
9_9,3.0,2.999999999999999,3.0,2.9999999999999996,2.0855181794928126
9_10,4.9998694762770715,3.0,3.0,3.0000000000000004,3.9999066541954265
9_11,4.999891851139559,4.999893179122276,4.999890003017871,4.9998607010274645,3.999845777938718
9_12,3.9999276621479627,4.999610561795793,3.999917134417192,2.4104896876401036,3.9999341179317915
9_13,1.0001007609799057,3.9996668998186036,2.000063251302678,2.000058748184227,2.000058252238596
9_14,3.0,2.0001135904492147,2.0000582251326633,1.0798320083308035,2.48535399157786
9_15,3.9999315516664953,3.9999375608737022,3.9999320275418455,1.513185380909029,3.9999164330631487
10_0,1.000101836190892,1.0001007639603998,1.0001009872477804,1.0001001153704852,1.0001001333206798
10_1,2.0000572619849586,2.0000563219416656,1.4650034058720072,1.4393763539398694,2.0000570028885045
10_2,3.999888335251027,2.9999999999999996,2.9999999999999996,1.7245540884251531,2.9999999999999996
10_3,3.0,2.000103339714511,2.000057256763143,2.0000541381771235,2.0000570263221484
10_4,2.999999999999999,3.9996846398290566,2.0000886374888567,2.000133352883965,3.9962301985718645
10_5,3.994728524897522,3.0,2.000063414134791,1.4748301037548375,2.000056856546595
10_6,3.9998994436007083,4.982166478191556,3.0,2.000511773274117,2.000112083302233
10_7,3.9999212323586835,3.9999135378424433,2.0003581774100456,2.999999999999999,3.9994739934255548
10_8,1.8390480823946447,2.0000962150923387,1.0001158381327928,2.000084046705804,2.000170160373837
10_9,4.999672565477562,3.9999088209733626,1.5066172108313471,3.9999167778011397,3.999914955775643
10_10,2.0000637930499634,2.2319013931792764,3.0,1.4557042990371238,1.0016752636852397
10_11,4.9998892774806345,4.999894923474552,1.0037088455928298,3.0000000000000004,4.999768611728991
10_12,4.999654855828278,4.9998362418931785,4.999731131682727,3.999922394589385,2.9999999999999996
10_13,1.0001030235578134,1.0001026707292204,1.000103900331118,1.0001038827959896,1.0001011141493772
10_14,2.0000653676736726,3.963655529322207,2.0000584754877693,2.000054487545599,2.0000534508657015
10_15,2.00008904784545,1.0002289337243406,1.0000543351824982,1.0000568473459874,1.000147251372549
11_0,1.000408108401596,2.000057725461152,2.0000844573047374,1.3395900272770707,2.0000587269375005
11_1,2.000056595513653,2.000057767514242,1.000343412452977,1.0002876926728745,2.0000593241108837
11_2,2.0000672753785613,3.9964937276411505,1.5095565259897172,1.5095550426710171,2.000078578744798
11_3,1.4606172181827706,2.0000587927401314,1.4469553892203764,2.0000847116074207,2.0000596133429256
11_4,2.9999999999999996,3.0,2.0000605840433296,1.670452636025164,3.0
11_5,2.0000866255063334,3.0,2.0000653925795824,2.5454210791917107,2.0000566024444497
11_6,3.999836815746902,3.9998400266212566,3.000000000000001,2.999999999999999,2.0002276512079358
11_7,3.999930753865294,3.9999361294481535,3.4229662029580847,2.9999999999999996,2.417846096982825
11_8,2.0001003788521508,2.9999999999999996,2.0000855508351494,2.000063165082228,2.9999999999999996
11_9,1.0001016664294426,2.000058093422043,2.0000611972899325,2.0000566049835777,1.4280755438711634
11_10,2.9999999999999996,3.0,3.0,2.00011316170596,2.0000782093148364
11_11,3.999864935695029,3.9998961581749377,4.999837084078697,4.999379251594453,2.0002742157509483
11_12,2.9999999999999996,2.9999999999999996,2.9999999999999996,2.000193716920331,3.999635355594448
11_13,2.6049004199751438,2.0000644553953606,2.0000630960291015,2.0000596231591987,2.0000566119211953
11_14,1.0001368211783923,1.000168923426453,1.0001153724309881,1.0001038804240554,1.000107252762919
11_15,2.00005367003796,2.000053113784172,2.000054974573305,2.000053202740401,2.000052914381611
12_0,1.0001288369832984,3.0,2.000059957488031,2.000052628313157,1.7719534074693988
12_1,3.9999110344665185,2.999999999999999,3.9996896603313767,3.9997808348713146,3.0
12_2,4.999890523870006,4.999885891455341,4.999876881778092,3.0000000000000004,3.999904105072529
12_3,3.999921559294854,3.99990830886049,3.999899725400009,1.9073218131578358,2.999999999999999
12_4,3.999924676150993,3.999923691756203,1.0001030190892417,2.999999999999999,2.0005887000697036
12_5,2.9999999999999996,3.0,3.0,2.000096386301742,2.000134033513961
12_6,3.0,2.9999999999999996,2.9999999999999996,2.000061206980204,2.0000748938133697
12_7,3.9999294784302735,3.0000000000000004,4.999316961905399,3.0,2.9999999999999996
12_8,2.0000589517340948,2.0000602783223007,1.0000832446326997,1.0004498312162078,1.0004965383151174
12_9,2.9999999999999996,2.9999999999999996,2.9999999999999996,3.0,3.0
12_10,3.999914649456026,2.9999999999999996,2.9999999999999996,2.9999999999999996,2.9999999999999996
12_11,3.0,3.9998683426987394,1.5379303115031848,2.0000449447288853,3.0
12_12,3.0,3.999928253420106,3.0,2.9999999999999996,2.9999999999999996
12_13,2.0001093552850406,3.0,3.0000000000000004,1.2383971194722843,2.0000715141299947
12_14,2.00005400420458,2.0000561179928917,2.0000570152731627,1.4685722675261064,2.0000546614941386
12_15,2.0000850881001964,2.9999999999999996,2.9999999999999996,3.0,2.000071437227999
13_0,2.000070872300701,1.0003117943888449,2.000070879524673,2.76959713476917,2.0055949168184073
13_1,2.0000379024724726,3.0000000000000004,2.00006567482587,2.0000607024149515,2.000061713403471
13_2,3.9999191614009506,4.999809337906318,3.9999207864949473,3.999928194613116,3.999933404290906
13_3,2.9999999999999996,2.9999999999999996,2.999999999999999,2.0000815964761096,3.0
13_4,2.000061609358131,2.0018981250294496,2.000057176465602,1.4869625263367205,1.5029526643197164
13_5,2.000458502221285,2.000342997983928,2.9999999999999996,2.9999999999999996,2.9999999999999996
13_6,4.99987708726406,3.99944490041664,4.99986197295784,2.9999999999999996,4.999407223608777
13_7,1.981775772508544,3.9999309343707288,3.0000000000000004,2.9999999999999996,2.9999999999999996
13_8,3.0,2.000081855387147,2.000064218531987,2.0000615278748617,2.000054909657112
13_9,3.9998835531502466,2.023421255399712,3.0,3.0,2.36714043740204
13_10,3.999856160308345,3.9938986843838062,2.301664097457344,1.7169575901379457,2.9999999999999996
13_11,3.9998708139644847,3.0,3.0,2.9999999999999996,2.9999999999999996
13_12,2.4315689847603177,3.999702223752831,1.8709669459152225,2.9999999999999996,3.9992035313033973
13_13,3.0000000000000004,3.0,3.999863545785139,3.9996096723968537,3.9998846123890246
13_14,2.3405157012972513,2.0000773356264556,2.0000563807470466,2.000056931770323,1.2575182472848678
13_15,2.0002839468924076,3.9996657455042772,2.9999999999999996,1.8298439805908622,2.9999999999999996
14_0,1.000695110762258,2.000062788015153,3.0,2.763346488299429,2.0000618773835575
14_1,2.9999999999999996,2.000091786742807,2.000078996744758,2.000081877350455,3.0000000000000004
14_2,4.999808227162431,4.999796898075957,1.0264624171040817,3.9999283841240096,2.0000483279125048
14_3,3.9999123602211655,3.9999036128250602,3.9999254451400343,3.0,3.0
14_4,2.0010300544276185,3.999857447955543,2.0001136765869494,2.0000738332355983,1.1323701141597258
14_5,4.999870914583263,4.999867161082309,4.9998377809266605,2.3717387027446,3.9999353141901337
14_6,4.999899132954511,2.978343548450524,4.999886162440004,4.999882326181679,4.999819686634257
14_7,2.0000788659748334,2.000070269184401,3.304574948074804,2.5245081546796264,2.4243769166732294
14_8,1.0000999967227675,3.2326372489716357,3.249095083877128,2.8331440818205413,2.6279175410443543
14_9,3.9999280880643644,3.428792523696629,3.999903165248337,3.99966871327439,2.0004318776988157
14_10,3.9999297995673926,3.999916122273539,1.8611995311952119,3.0,4.99875725519531
14_11,4.999886285130677,4.999889393006196,4.999877338271721,3.999891334379087,3.9997253024914707
14_12,4.999870860335559,4.999851864797057,2.795362291832992,3.9999266036147887,2.736543930214512
14_13,2.9999999999999996,2.000130989885203,1.3839475022418115,2.000060815043977,2.0000716401779854
14_14,1.0000999965797337,2.9999999999999996,2.0000777946791723,2.000081626470448,2.0001008990067053
14_15,3.0000000000000004,2.0000911901558154,3.287384564169532,3.0,2.000081102662562
15_0,3.9997611183163615,3.9998438211609884,3.9999117254024052,1.2118820640530614,2.9999999999999996
15_1,3.9999138104059773,3.9998958870308345,2.9999999999999996,2.9999999999999996,2.9999999999999996
15_2,3.000000000000001,3.0,3.999912906484847,3.9999108133242394,3.9999170446850285
15_3,3.999893346210249,3.999913352454861,3.99980578353807,3.0,3.9997355709059925
15_4,3.0000000000000004,3.999853461591548,3.999870575285057,2.9999999999999996,2.999999999999999
15_5,3.999924367816682,4.999673991395873,3.999924352173763,3.9999188801648664,3.9999327270774847
15_6,4.999842925613224,4.999865581970477,1.0074450059219708,3.9999221038517714,3.9999267554049074
15_7,3.9999240344193803,3.0,3.9999328081775403,2.9999999999999996,3.999924138806836
15_8,2.0001669551364647,3.999802053055972,3.0,3.0000000000000004,1.0065526183555331
15_9,3.9999162253644323,3.9999272449572567,3.999888587718126,1.18172038189981,2.9999999999999996
15_10,3.0,3.0,3.999877309120419,3.9998161608991167,4.999636743399564
15_11,3.0000000000000004,3.0,3.999883171399446,3.999815795301553,4.999664411421296
15_12,3.0,3.999922943224977,2.055336855640028,3.0,3.0
15_13,4.999893547484266,4.999887855689641,4.999844802958473,3.0000000000000004,4.99987073564657
15_14,3.0,3.0,3.9999237919090804,2.999999999999999,3.999920177489959
15_15,2.000102436827613,2.000095535449173,2.999999999999999,2.000070488802878,1.7283444768079326
16_0,2.610914504410966,2.9999999999999996,2.9999999999999996,2.9999999999999996,2.643755493173317
16_1,2.999999999999999,2.9999999999999996,2.999999999999999,2.603408791437578,3.0
16_2,4.999890554086491,4.999894983955979,4.999873909330364,4.999857408763942,4.999887932762265
16_3,4.999862737711571,4.999874611255269,3.999898625487603,2.7810310202583253,3.999918852106541
16_4,4.999877316794053,3.9997951950530206,3.9998642692892274,3.9999148774566198,4.999783224381601
16_5,3.9998829200696306,2.8795202099350847,3.9999108172525455,3.9999094755859095,2.901013565846082
16_6,4.999896543881115,4.999891697421779,4.99984501579006,4.999884438283386,4.999870981064929
16_7,4.999892648348935,4.99987081871187,4.999856826240382,3.9999190438711802,2.8951483773776854
16_8,4.999893418129988,4.9998949387072225,4.999887083095679,4.999871125480379,3.9995284781621043
16_9,3.2635109737511696,4.999884545658146,4.999856826240382,3.0,2.859601154515842
16_10,4.999892702668894,4.999891727424367,4.999836945692178,3.1436285649563276,4.999845591531993
16_11,4.99986150850887,3.9999108014116294,3.9999046855418645,3.9999048407622557,3.0
16_12,3.9998979718271497,4.999867109188052,2.7318087265966433,3.9999273097144714,2.8243526750012564
16_13,2.001199532910035,3.0,3.9998572765673526,3.9996314097145165,2.1930674329461533
16_14,2.5635434085461477,2.010795411556696,3.9999356796254673,3.999908732600946,3.0
16_15,1.0541134245567836,3.9998979840351345,2.9999999999999987,2.6129477124304863,3.0
17_0,2.7186099749807533,3.4294171547500785,2.0000946290583217,3.736655164778541,3.5836009499862516
17_1,2.000117961562718,2.000106808739616,2.000082668552389,2.0000636373259537,2.0000545425608767
17_2,4.997994020053082,3.999900267219328,2.9999999999999996,2.999999999999999,2.9999999999999996
17_3,1.5222638394497032,3.999874686150149,3.0,2.9999999999999996,2.000127056968238
17_4,4.999873689743865,4.999890435115194,3.999828502412758,4.662884505127918,3.9999077961266836
17_5,4.999881312744332,4.999850360800716,4.676786339815695,4.747346176412092,4.626836804975104
17_6,3.9998976553513064,4.999653133066454,3.9998892613400363,2.000134342327589,3.9998688726487335
17_7,2.2255259870407627,4.998990875648823,2.159179106349041,1.6112801391496798,2.2210434028603885
17_8,1.0001030215449387,1.0001023566332512,1.000101844677928,1.0001018445348417,1.3356403236291914
17_9,2.5313655343103463,1.3471584914918535,1.8898687957435623,1.766446845482358,2.371110278330125
17_10,3.0,3.9998184235578838,1.5862942497184536,2.0000646253471004,2.000093404645241
17_11,4.99986002899472,4.999894924690649,4.999947124141997,3.0,3.999911419362229
17_12,1.0449485863270658,2.3178378863529874,3.999929911725403,1.6070418713905414,1.8184755236672325
17_13,1.2739578628220196,2.9999999999999996,2.999999999999999,1.4250595161371769,3.7273862816310936
17_14,1.815665583343888,2.9999995322331623,2.9999999999999996,1.430408613463744,2.999999999999999
17_15,4.997349038353238,3.0000000000000004,3.9999091366334136,2.0005567949115637,3.999847223300244
18_0,1.4600183867779313,2.0001338515591582,3.0000000000000004,3.0,1.8923363567931701
18_1,4.999871028777747,3.999904517817751,3.9999236806356713,3.9999285564727476,4.999508474039914
18_2,2.0002266313036334,2.999999999999999,2.0001010323513837,2.0000867419318133,2.00006764591424
18_3,3.0,2.9999999999999996,3.999802153769385,2.9999999999999996,3.0
18_4,2.9999999999999996,2.9999999999999996,3.999735899476188,2.9999999999999996,2.9999999999999996
18_5,2.000063232857162,1.0008185454422427,2.0000692979736496,1.4553465696711425,2.000059603493104
18_6,3.9999323550090695,4.999562359054838,3.0,1.7767492355138872,2.9999999999999996
18_7,3.9998296192750415,4.999884597245398,3.999904618465855,2.3536640107094917,3.999928106157685
18_8,1.0044647410359424,1.0127899638607656,1.4606500471529227,1.4438154124302498,3.0
18_9,4.999886285227332,4.999898370330587,4.99985734765114,4.999796888475882,4.999845586041469
18_10,4.999890599989165,4.999898734620878,4.999887885095433,4.999837652638752,4.999862198342914
18_11,4.9998965515102,4.9983997899241475,4.99987996848873,4.999851957104375,4.999862198342914
18_12,4.999894952546503,3.9994206447114884,4.999890564160083,4.999871214757459,4.999894344553511
18_13,2.0000560557596736,1.0009787458537165,2.0000588163355175,2.0000587874957114,2.000060886896339
18_14,3.99987651891139,4.999874461268407,4.999807686143345,3.999935224050593,3.9999176840756445
18_15,1.4300422491947786,2.000065222276601,3.0,1.3117770910539446,2.000095236516345
19_0,2.9999999999999996,2.9999999999999996,2.0001019558358273,2.0000659231101747,1.0012797284213202
19_1,3.999923673568602,3.0,2.9999999999999996,3.0,3.9999175873080883
19_2,4.999896519922827,4.999898552833152,4.9998915595657785,3.9998517987811146,4.999871093085368
19_3,3.999896533387232,3.0,3.0000000000000004,3.0,3.0
19_4,1.000113697179743,3.9999358757751864,3.9999264714283327,3.9998882737189994,2.000722809058341
19_5,3.9998937831160966,3.0,3.0,3.0,3.0
19_6,4.9998960695959855,3.999534996313614,4.999860073754782,4.99988112442182,3.9997931014714356
19_7,1.0001099645238376,4.999893515884751,3.9998245500292002,3.999905669607057,3.999923115344686
19_8,2.9999999999999996,3.000000000000001,3.0,2.0001914495704094,2.0004108705720047
19_9,3.9997234052315913,3.0,4.999861320680653,3.9999032299557267,3.0
19_10,3.999921790413011,2.9999999999999996,3.9999056655793668,3.999893045678835,3.999902745306003
19_11,4.999896519922827,4.999898537290784,4.9998915595657785,4.999891592477101,4.999872249633937
19_12,3.0,4.999848704144804,3.0,3.0,3.99991826300507
19_13,2.2386225713281767,4.999678598725996,3.999914295448023,3.9999192524302805,3.999906904185521
19_14,1.0001016143883164,3.999936444044975,3.0,3.0,3.9999222162783092
19_15,2.0000648614635193,1.532046526928536,3.0000000000000004,1.4631977379864882,1.1574556637452365
20_0,1.2467819731129823,1.949156491031957,3.0,2.999999999999999,2.9999999999999996
20_1,3.99988287739373,4.999793318194347,3.999896218561299,3.9999047665661744,4.999517670381794
20_2,3.9999253860533237,4.999639664716352,3.999927599688381,3.9999257573754887,2.9999999999999996
20_3,4.99982913458711,4.999862886537143,4.999857822039886,3.9999324128035,3.999934115278148
20_4,4.999768117836005,4.999830141244759,3.999917678534315,3.9999190231232387,3.999931242221793
20_5,3.999855040320555,4.999862433194437,3.9998980112502025,3.9999138807005723,3.9999287308547373
20_6,4.999856829089348,3.9997252688188945,4.939179044011509,4.923274218684969,3.9999240677710737
20_7,3.999937473538383,3.9998926164188306,3.999930869439388,3.9999360504504327,3.999936744269799
20_8,1.0001420107245973,2.000095643485674,1.0001481070630769,1.0001224621398703,1.0001093101157243
20_9,4.999871119043267,4.999894334219496,4.999838921762748,4.999752123511843,3.999932418899937
20_10,3.9999211139430213,3.999920902669517,3.999926031208434,2.9999999999999996,3.9999244460507675
20_11,4.999887722293588,4.999886175244288,4.999849093451435,4.999714668219078,3.999884045249011
20_12,4.999891744611613,4.9998949815123295,4.9998863511188665,4.999879977450718,4.999845788311462
20_13,4.999829386122311,4.999877456066414,3.999930160759789,3.99993307523994,3.999934277249384
20_14,2.9999999999999996,3.0,3.999765182848148,3.998715722406506,2.9999999999999996
20_15,1.6511644667605698,3.0,2.999999999999999,2.0000587500147624,2.000077488583252
21_0,1.5628889970284352,2.000055032063539,3.0,3.0,3.0
21_1,1.8219808066699579,3.9997786363556425,2.9999999999999996,1.7400914355212913,1.7816370943713054
21_2,4.999747029532496,4.9997948611992,4.9998705408184625,3.999932317164663,2.2017545529970146
21_3,3.0,2.000065486185703,2.000084060930956,2.000060972502035,2.000059637361853
21_4,2.000061312137471,1.000570444443349,2.000082058050262,2.000069907143369,1.0001784147181445
21_5,3.0000000000000004,1.3938354955121723,2.0880784759857733,1.7695102071087834,3.9998093223412825
21_6,3.999901482865376,4.9998822775016585,2.838012091422108,4.999311275966796,3.999813597023229
21_7,3.0,3.0,3.9999346606111623,3.0,2.9117120184749963
21_8,2.0000573183180697,2.000056857767831,1.4467795930614322,2.000070934970992,1.0024169955030129
21_9,3.999913938357414,3.999916275622492,2.0002628003564698,2.000163630852635,1.7468335903875731
21_10,3.9999268677644806,3.999927299926635,2.207647772121119,3.9999175627989985,3.9999212823901686
21_11,4.999866730055841,4.999792477386698,4.999866736064526,3.9999311244961056,2.2867171190660973
21_12,3.9999357871829138,2.4068795018758946,3.0,2.9999999999999996,2.2412557061573106
21_13,2.9999999999999996,1.8976622527338787,2.000126763239377,1.2535853762717992,2.999999999999999
21_14,3.0,2.000055689320885,2.0000624488701964,2.000058488676031,2.000055993955603
21_15,2.000216929463303,2.00010025094589,2.9999999999999996,3.0,3.0
22_0,2.0000518926447484,1.4752499786998,2.000052926086701,2.0000528439462233,2.000051564770587
22_1,3.9998509886780553,3.9999181697336805,3.0000000000000004,1.735324188940153,3.9998323074333815
22_2,3.999899895101789,3.999906402753545,1.0044718842470166,1.0160483473512782,2.000151646200756
22_3,2.9999999999999996,3.999911312562254,3.0000000000000004,4.998506897025972,1.547339445986162
22_4,2.0000801044853818,1.336429667428856,3.0000000000000004,2.0000800073685636,2.000063051443898
22_5,1.662690411221349,3.0,1.006088738643072,2.9999999999999996,1.7038216749243038
22_6,3.9998905914243728,3.9999197313520316,4.999679545821897,2.999999999999999,1.0001105466325932
22_7,3.9999204830863073,3.000000000000001,2.0190394698825553,2.9999999999999996,3.999890032013989
22_8,2.000224733488027,1.0001197867070675,1.000104404829419,2.000337917078404,1.0001135499473612
22_9,4.999809043701052,3.9998663697315764,3.999927036900047,3.9999333158004435,4.999409551818127
22_10,2.000078967048652,1.3938605598237688,2.000095961103126,2.0000717859550647,2.0000629262907372
22_11,2.9999999999999996,1.4080899251224868,4.998648146492446,2.000376032822669,3.9998987014635654
22_12,2.0000836455883553,1.3103050874129116,2.0000596647541005,1.000969704347847,1.4730246830479863
22_13,3.9998927548317393,3.999928312481441,2.9999999999999996,1.7225325169560797,2.0004108574286783
22_14,2.0000743576989386,3.0,1.6425498880558889,3.0,2.0001581532618875
22_15,2.9999999999999996,2.9999999999999996,3.0,3.0,2.00012007236983
23_0,1.5384514890590053,2.000054912839079,2.0000570661083548,2.0000663198585595,2.0000528787045098
23_1,3.0,2.000150748758359,2.000123029088258,2.000065771304211,2.0000585057037665
23_2,2.000127258959689,2.999999999999999,2.9999999999999996,2.000070246515575,2.0000710879614165
23_3,2.0000592389736,3.0,2.0000590115415973,2.0000559891455847,2.00005560664559
23_4,2.0001040329042,2.999999999999999,1.0067212609755105,2.0000589193475964,2.000056793353311
23_5,2.0000932168714214,2.000094138800247,3.0,2.0000589263561395,2.0000574995909974
23_6,3.999920045711313,3.999920912152118,3.0,2.9999999999999996,3.0
23_7,4.9997333353025475,3.999913295300257,3.9999072034376533,3.999913212103326,3.0
23_8,3.9998035054889245,3.0,3.0,3.0000000000000004,1.000457256437857
23_9,2.9999999999999996,3.0,3.0,2.999999999999999,3.9998659820125972
23_10,2.0005152430473894,3.999625245120876,3.0,2.0000683060852875,2.0000864158406926
23_11,3.0,4.998431288588278,3.0,2.999999999999999,2.9999999999999996
23_12,3.9999150031288657,3.0000000000000004,3.999895924812797,3.99981569294408,2.9999999999999996
23_13,2.000082390940913,3.000000000000001,2.000076494833888,2.0000573184189454,3.0
23_14,2.000060894995049,1.0006141366750272,1.000376837869088,1.0003406441959886,1.4962641299928316
23_15,2.0000962818643884,2.000109487426004,2.000066026048155,1.6061182624524453,2.0000587385114144
24_0,4.999896098226276,4.999895579769854,4.9998949827049675,4.999867208144269,4.999947487068117
24_1,3.0,4.9997889840029455,1.8364752418678614,3.9999223078090496,3.0
24_2,3.999873906433141,4.999866802052958,3.9998427540090153,3.999916746385917,4.999667931142466
24_3,4.9998767643346715,4.999856634826181,4.9998794817507495,2.0023639349635984,3.0
24_4,3.999875706982039,4.999845177243685,4.999830120080477,3.0,3.0
24_5,3.999923036550081,3.0,3.999925369421761,2.9999999999999996,3.0
24_6,4.999768521443603,3.9998877690977066,3.0000000000000004,4.999809470322238,4.999841893644691
24_7,4.999836229071256,3.000000000000001,3.9999109909014305,2.9999999999999996,3.9999065885028537
24_8,3.0000000000000004,3.0,2.9999999999999996,2.0000735604476576,2.999999999999999
24_9,4.999714516799156,3.0,3.999836644107185,2.0001053724802578,2.9999999999999996
24_10,4.999874016168009,4.999874010006299,3.999915209989841,3.9999277962169937,4.998814939568364
24_11,4.999891704190834,4.999897630087398,4.999882366542035,4.9998573022759345,4.999886401527991
24_12,4.999864296841354,3.999842131958606,4.999781288786965,2.9999999999999996,4.999127234750349
24_13,4.999870926326313,4.999880147329366,3.9999127595664756,3.9999215985468464,3.0
24_14,3.0000000000000004,2.000164971926859,2.9999999999999996,3.0,2.0000952209162133
24_15,2.999999999999999,3.0,3.0,2.9999999999999996,3.0
25_0,1.0086226087906625,2.0000905986021307,1.923484696617412,1.449666437607072,3.0
25_1,3.999924919059455,4.999837891986885,3.9999127195926505,3.9999052258414247,3.999922452607499
25_2,3.999908242753298,3.999913305556972,3.9999138926979123,3.0,3.99980178017998
25_3,3.999878797398413,3.999924007771399,2.0002167325715465,2.0001620222998553,2.9999999999999996
25_4,2.9999999999999996,2.9999999999999996,2.9999999999999996,1.8795373440891052,2.9999999999999996
25_5,2.9999999999999996,3.9994859418587505,3.9998683644010034,1.2047618381217555,2.9999999999999996
25_6,3.9999197578683146,3.999932209933534,3.0000000000000004,1.7648618841216832,3.999916821727939
25_7,4.999678816180963,3.999724936981169,3.9999304855564155,3.999937831552915,3.0
25_8,3.999817277699461,3.0,3.0000000000000004,2.000083225069883,3.0
25_9,3.9999209959908244,4.999751023969043,3.99992747937115,3.999931176665942,3.9999397033463633
25_10,3.999922716598299,3.999902105002872,3.9999254664039983,3.9999189350097812,3.999920563220094
25_11,3.999885025654402,4.999887824447324,4.999807023370219,4.997620582554769,3.0000000000000004
25_12,4.999836534758462,3.999916026663611,3.999917233367591,3.999906356797884,3.0000000000000004
25_13,4.999866830611342,3.998560833207625,3.9998979707916433,3.999930124524009,3.999928766032475
25_14,3.999927559940694,3.9999276179935976,3.9999217191337286,3.9998929922677813,2.999999999999999
25_15,2.9999999999999996,2.9999999999999996,1.0042062037069017,2.0001194345417166,2.0002455525664025
26_0,2.2942655208058005,1.0002000961586637,1.0002003417375362,1.0001472673595562,2.0000844139499727
26_1,4.999724340718388,3.999923653321568,3.0,3.0,3.0
26_2,4.999845695157561,3.999497424506643,3.999865803808787,3.999926834536366,4.99953109667972
26_3,3.0,2.9999999999999996,2.9999999999999996,2.9999999999999996,2.999999999999999
26_4,3.0,2.999999999999999,2.999999999999999,3.0,3.0
26_5,3.9999230828006778,4.999829375851748,4.999746937924577,2.9999999999999996,3.0
26_6,3.9999329974819187,3.999849700156077,4.9995986041832055,3.9999346154660573,3.0
26_7,3.986703517044935,3.999925434592642,3.999923105666432,3.9999263439614863,2.3598217613327552
26_8,2.0531689735936363,1.000111943972142,1.0001135351420856,2.012047023817297,2.0035471233394384
26_9,2.3549313285705042,3.9999393437276254,3.999934554664099,3.999879788374968,4.998872967590015
26_10,4.999851877726448,3.9997532409686856,3.9999093169285524,3.999933404412104,4.999350216949325
26_11,3.9998662093095536,4.999850607999453,4.9995639871716895,4.999253110622159,3.9999209148029307
26_12,3.9999209728857648,3.9999246043472816,3.999917942311588,3.99991305416867,3.99993471933095
26_13,2.8346454678549953,2.0000651331833037,2.7637674274166075,2.7808341241995556,2.7438787494992534
26_14,2.0000540039775023,2.000057323102983,3.0,1.4221142223024836,2.000052035387514
26_15,1.7580938754602045,4.993797709816006,3.9998460411081522,3.0,3.99980272961968
27_0,2.9999999999999996,3.0,1.4673578013213948,2.0000580778436197,2.0000664770065963
27_1,2.9999999999999996,2.9999999999999996,3.999354399177252,1.4420812443106255,2.9999999999999996
27_2,3.0,2.999999999999999,2.9999999999999996,2.0000698166228106,2.000062045202875
27_3,2.0000606122407016,2.000068175895449,2.0000648864107937,2.0000559866237233,1.5583301987010283
27_4,2.9999999999999996,3.9988604943748687,3.0,2.000062495093402,3.0
27_5,1.4291825421710722,3.000000000000001,2.000079058699362,2.000064825493466,2.000056959472536
27_6,3.988775996355216,2.9999999999999996,3.0000000000000004,3.0,2.0000816328559194
27_7,3.9999226270291994,4.999674443718351,3.999930437526095,3.9999320617786016,1.6095640448774384
27_8,2.000062424137211,1.4331958576495012,2.000066700023415,1.5677653701788736,1.4702700691184283
27_9,2.0001549507674534,2.9999999999999996,2.9999999999999996,3.0000000000000004,2.0000698114610485
27_10,3.9999112487296644,3.999908803698208,2.001122333787409,4.996512986887388,2.9999999999999996
27_11,3.9998702451635926,3.999907792102194,2.0010198797106913,4.997745798474331,2.9999999999999996
27_12,3.999875326051023,3.999912790751541,3.0,2.999999999999999,2.9999999999999996
27_13,1.9548656459241711,2.000136946007543,1.3772554224512688,2.0000745427711037,2.000066235206767
27_14,2.9999999999999996,3.999736289736174,2.9999999999999996,2.9999999999999996,2.9999999999999996
27_15,2.9999999999999996,2.9999999999999996,1.298318416391746,2.9999999999999996,2.9999999999999996
28_0,2.000055206840018,2.000064661629613,1.0005011573897447,1.0000977193877414,1.4698992547184604
28_1,3.3997357022440355,3.0000000000000004,3.9999225925199395,2.1603492804965696,3.0
28_2,2.9999999999999996,2.000390591198005,2.9999999999999996,3.0,2.000061405339256
28_3,3.240557020866795,3.999909000318816,4.999673052764503,2.0000737691622326,2.9999999999999996
28_4,1.52262780365677,2.000055568632563,2.000060434327935,2.0000583818094264,1.0462121718171693
28_5,4.999562184782037,3.9999331243621246,3.999903841230391,3.9999256098447225,3.999935199066874
28_6,1.5045749571618254,3.9999212309527574,3.9999078617568515,2.0001551544657867,2.9999999999999996
28_7,4.999828858050383,4.999808964348287,4.999781539373783,2.999999999999999,2.9999999999999996
28_8,2.8759036775024542,3.159839608561441,1.0001082396650325,2.837696797254411,1.000122340522976
28_9,3.9998966813453354,3.9998421282964873,2.4562990547766264,2.564173087507619,2.9999999999999996
28_10,2.9999999999999996,3.0000000000000004,3.0,3.0000000000000004,2.0000638567445916
28_11,4.999820659935104,4.999819984820602,4.999851856166959,3.9999084672880003,3.9999243571146192
28_12,3.999930351831414,3.9999241153051,3.999930275170094,3.9998569532984054,2.9999999999999996
28_13,3.999893752964718,3.366707033261011,3.9999221742469175,2.9999999999999996,2.9999999999999996
28_14,1.0001287026009271,1.0001609329165475,2.335755502117867,2.1122830627348597,2.000084492078083
28_15,1.001777212932651,2.000061312996418,1.5223778295984804,1.507478777112753,1.4789890077345118
29_0,2.50001229121834,2.0000607969325785,1.738925575711478,1.0007575551333339,3.0
29_1,3.999899245053316,2.5000127084353037,2.9999999999999996,2.61997934851147,2.017643220278112
29_2,3.9997748051937076,4.9998935776045705,3.0,3.9999127068435607,3.9999338459283282
29_3,3.0,3.9999272647318764,2.9999999999999996,2.9999999999999996,3.0
29_4,3.9999095908412845,3.9999213853780717,2.9999999999999996,1.83843230655483,2.0001596400327366
29_5,3.9999194646712106,3.999935124035831,2.5000121124631685,3.9999267917816548,4.99840130028205
29_6,4.9996303537317655,3.9999171080469167,3.999873865505701,3.9998423399599843,3.9998455247765263
29_7,2.5000121720716,3.999924131945297,3.0,2.500012440227402,3.999925616411205
29_8,1.7714215519284298,2.9999999999999996,2.9999999999999996,2.000070972125127,2.9999999999999996
29_9,3.9999170871651892,3.999867068008654,3.9999293131573563,3.999931358420199,3.9999166169795597
29_10,3.0,4.999866921522156,4.999816181187873,3.999920868585247,3.9999353792654526
29_11,3.0,4.999862735866855,4.999850559857484,3.9999180598927335,3.0
29_12,4.999851600649434,4.99989356227525,3.0,3.999924126462447,3.9999283252944218
29_13,3.9999253898113096,1.0002823378897983,3.9999274197308914,3.0,3.9999352580511647
29_14,1.839589097351574,2.000985589385277,2.9999999999999996,3.0,2.9999999999999996
29_15,3.0,1.0006231743811522,3.0,2.00007133702406,1.7196014443079282
30_0,2.000071855058935,2.0001014691718564,2.0000798162047126,2.000069586771488,2.0000727565799825
30_1,4.999885984437901,4.999890372166902,4.999859632197651,4.999828384076462,4.999858086660081
30_2,3.999927357327139,3.0,1.507441250272058,2.9999999999999996,2.9999999999999996
30_3,4.99967440061746,3.0000000000000004,3.9999236378019494,3.999904633758845,3.999927057235949
30_4,4.999862514880363,4.999767086412375,3.0,3.0,3.9999034413886414
30_5,1.0001583729183599,4.99988604719245,4.9998634509467035,3.999898268625394,4.999657798242985
30_6,4.999683403580107,3.9998739381384874,3.999900453669874,3.9999155260938237,3.999927343650937
30_7,2.0259657249153284,3.9999248162756023,3.0,3.0,3.0
30_8,1.0002346826951853,1.519753479056301,3.0,2.01427972765569,1.0001224307192065
30_9,1.6808331102688108,3.0,2.0000730594955036,2.0000580999006816,2.000055567786853
30_10,3.122613075875413,3.9998906066844686,4.999397772328362,2.9999999999999996,3.999828252787975
30_11,4.999879297398201,4.999881737134605,4.999867729284647,4.999259490296039,4.9998227782816365
30_12,2.9999999999999996,3.999931988344518,2.9999999999999996,2.9999999999999996,2.9999999999999996
30_13,4.99989053812553,4.999876683340066,4.999860442516925,4.998456083839755,3.999906317195451
30_14,3.0,2.0000746887884064,2.9999999999999996,2.0000594090087356,2.0000698390097535
30_15,2.9999999999999996,1.3178360463285481,2.999999999999999,2.000060672793557,2.0001477517642554
31_0,1.0002002005476842,1.0000739874740399,1.320227179486536,1.334992708884385,1.0003417125517269
31_1,3.9996957769354333,4.9998743886771315,4.999867273487523,4.99961596013656,4.99983846493984
31_2,3.9998734575068093,4.999879929369566,4.99978154140528,3.999922644678737,3.999923493370419
31_3,4.999468647829585,3.998401973089939,3.9999253160703963,3.9999214619914425,4.998869477409042
31_4,2.000220504650672,2.9999999999999996,3.9997796608569747,3.0,2.999999999999999
31_5,3.9998435117844697,3.9992855274601276,4.999810091264059,4.999767645844505,3.0
31_6,3.9999126012199815,4.999826726021246,3.9998975423404226,3.999902762555141,3.999898543321274
31_7,3.9999238087557996,3.9989994848735235,3.999935540749,3.9998958107610907,3.9999128735857066
31_8,2.0001228199110503,1.0001473649419135,1.0001016135298149,1.000132533874722,1.000119704460164
31_9,3.999924611386221,3.999930309236485,3.0,2.999999999999999,3.0
31_10,3.0,2.000062370516876,3.0,1.000342231867973,1.5868813452530588
31_11,3.9991680394570106,4.999890561118953,4.999890626641596,4.999817541884955,3.9998133675661167
31_12,4.999867202067898,3.999661989972961,3.9998665832395264,3.9999249302652773,3.999933150897043
31_13,3.0000000000000004,3.0000000000000004,3.9999313263094143,3.9997954716555872,3.0
31_14,2.999999999999999,2.0001195789458164,2.9999999999999996,3.9817732198660094,2.000074429494896
31_15,2.9999999999999996,3.0,1.327028470291771,2.000057715048322,1.3633140022253223
32_0,2.0000808959294183,2.0000772920550713,2.000054717909015,2.0000653525004686,3.0
32_1,2.9999999999999996,2.9999999999999996,2.000097571500253,2.0000872135729697,2.9999999999999996
32_2,3.999918941928745,4.999792603540668,3.999922871500103,3.0000000000000004,4.99806323200937
32_3,3.9998957274938256,4.9994877316249955,3.0,2.999999999999999,3.0
32_4,4.999856850844133,3.9999268741563156,3.9999091436382,3.9999265738042147,4.9993818707341
32_5,3.9998330778628968,2.9999999999999996,2.000105936421045,2.000116918852521,2.999999999999999
32_6,3.999897094748365,4.99983721990625,3.9998962012567767,3.999915370906705,3.999915373777927
32_7,4.99987105627393,4.999886417585543,4.99986283044523,4.999747985059128,4.999769461479335
32_8,4.999700553131825,4.999810226192983,3.9998919429254025,3.999925236500383,3.999935529985251
32_9,3.999922298445605,3.9999223668988826,3.0,2.000716037980478,3.999919997841012
32_10,4.99988793378763,4.999886347531078,3.9997944351943753,3.9998840568660174,4.9997968942172974
32_11,4.9998905832775495,4.999891718507057,3.9998127126133234,3.999876059465749,4.999796907803516
32_12,3.999746674980864,3.9998085585073544,3.9998345740345767,3.9998921290672906,3.9998515667515533
32_13,4.99966786695588,2.9999999999999996,3.9998452414298096,3.9995736131052584,2.999999999999999
32_14,2.00008082846722,2.0002141316441437,2.9999999999999996,3.0,2.2829963809321043
32_15,3.999908555420789,3.999908324688438,2.9999999999999996,2.9999999999999996,2.9999999999999996
33_0,1.8128523223306618,1.7987031133524718,1.252474924550666,1.4216269265549706,3.0
33_1,2.9999999999999996,2.9999999999999996,2.9999999999999996,2.9999999999999996,1.1683979698658749
33_2,3.999927308885846,3.9999023196162855,1.691494501055942,2.9999999999999996,2.999999999999999
33_3,3.999924696132815,3.9999090336343732,1.7397436427630515,1.9650246677072183,2.999999999999999
33_4,2.9999999999999996,1.7683212608606211,3.0,2.9999999999999996,2.0002715585676714
33_5,1.8095139834257694,2.6047613795606153,3.0,2.0001272918264847,2.999999999999999
33_6,3.9999277200698153,3.999896056937057,1.681920982962587,2.9999999999999996,3.9998973158517743
33_7,3.910087144631441,4.999895591915323,4.999884587304636,3.999892525222524,4.999785919641793
33_8,3.0,3.9999311077293145,3.9999154266635903,3.9999224606924426,3.999926826771358
33_9,3.9999317824556764,3.999937792347167,3.9999392459321177,3.99993497463765,3.9999389483282846
33_10,2.264091589625551,3.9999090336343732,1.6967403152975804,3.0,2.9999999999999996
33_11,3.9999302219073654,2.79122837972272,3.000000000000001,3.9926783705795246,3.0000000000000004
33_12,3.419596251283013,3.9999321403951527,4.999601842637479,3.0,3.999896158057606
33_13,3.0,3.9999381007313377,3.9999117817120124,3.9999201747569644,3.9999183726219187
33_14,4.999874513919472,4.999886326183837,4.9998744198710305,4.999829386497636,3.9999326263039765
33_15,3.999914089734691,3.9999296838845395,2.9999999999999996,2.999999999999999,3.0
34_0,3.0,2.0000579408256125,2.0000556654337935,2.000055145500073,1.7113221603056779
34_1,2.9999999999999996,3.9998633834623276,3.9998303298496656,3.0000000000000004,2.9999999999999996
34_2,3.9999007862938756,3.999862700034785,3.9998881498396788,2.999999999999999,3.9998278416024147
34_3,3.9999333007275815,3.9999241351572876,2.2098110016543773,3.9998815356786626,3.9999298878982836
34_4,3.0,4.998332845263726,2.9999999999999996,2.0001585061656333,2.9999999999999996
34_5,3.9999294603775755,3.0000000000000004,3.9999270319824554,3.9999163861938194,3.999927900498939
34_6,3.9998403459041536,3.9998097582749863,3.9998961084539335,3.99990014105751,4.999757321345235
34_7,4.9991579177476515,3.999931681358902,3.0,2.9999999999999996,3.0000000000000004
34_8,2.999999999999999,2.0003283487454717,2.9999999999999996,2.0002314756554043,2.9999999999999996
34_9,4.99978218539039,3.9999292712547536,3.9999273982357617,3.9999263611166516,4.996872973623446
34_10,3.9999141235477236,3.0000000000000004,1.332735752166196,3.9999206413742225,3.999932263416224
34_11,4.999889224892229,3.999724364656527,3.9998611185635298,3.9999109684075917,3.998737868559542
34_12,3.999925865015552,2.9999999999999996,4.998814805238605,3.999880206024594,3.0000000000000004
34_13,4.9995690765337875,3.9999377747308307,3.9999332271523413,3.99992617139997,3.999931662333968
34_14,2.9999999999999996,1.6077038861629005,2.000122727035906,2.00008705233514,2.9999999999999996
34_15,1.097322918929038,2.9999999999999996,3.999765092302214,1.882895900770345,3.0
35_0,1.0002286168104269,3.0,1.0001607525703764,1.00016073442521,1.0002650554390828
35_1,2.9999999999999996,2.9999999999999996,2.000152142758969,2.0000988891930267,2.000119481263209
35_2,3.999896207245294,3.999919229853178,3.0,2.9999999999999996,3.9999206456671352
35_3,2.000112344318301,2.0000749558249216,2.0001186590213997,2.000066023139926,2.000077358361971
35_4,1.3115136147171864,2.0000957889497575,2.0000817979894854,2.000074961388765,3.0000000000000004
35_5,3.0,2.0000832120720076,2.0001045891199696,2.0000742957787883,2.000065383045231
35_6,2.0001428504128214,2.9999999999999996,3.0,3.0,2.000162116044713
35_7,2.0000864161750997,1.9433328844041782,3.0000000000000004,3.0000000000000004,3.0
35_8,2.000080707993058,1.0001612205777843,3.0,3.0,3.0
35_9,1.4471898565599286,3.0,3.0,1.4418133632309866,2.000062430774791
35_10,3.0,3.999920142000838,3.0,3.0000000000000004,3.999917387416364
35_11,4.999819187676165,2.000948895428051,3.9998999399481567,3.9997890175604294,3.9999008694768077
35_12,3.999905536406934,2.9999999999999996,2.3488641259369896,3.9999151917346736,3.999923629771005
35_13,3.0000000000000004,3.9999329488686315,3.9999270308661012,3.9999261723545114,3.0000000000000004
35_14,1.0002907340365805,2.000095170089495,1.0002168089516574,1.000160982176042,2.1820021845352295
35_15,3.0,2.000151881649025,2.9999999999999996,3.0,2.9999999999999996
36_0,1.0006780006515623,2.0000612667168802,1.550508377645118,1.0002650671137938,2.000062701697636
36_1,3.0,3.9999255360859753,2.000414885111542,2.0002255056208185,2.9999999999999996
36_2,3.0000000000000004,3.999903991268976,3.999892076329485,3.9996403398938267,2.0000930819033833
36_3,4.99944647293402,3.9999192809886446,3.9998902779638112,1.2489047360010306,3.0
36_4,3.999924681002154,3.0,3.9999016031703167,2.999999999999999,3.99887891109131
36_5,4.999789082994839,3.99991425576035,3.9999051078969403,3.9998964658433014,2.000601814066664
36_6,4.999809469064834,3.999333541150742,3.9998866021033574,3.999858329029155,2.9999999999999996
36_7,2.0001846221671236,3.9999038476434734,2.999999999999999,2.0000821637775257,1.2192883551698013
36_8,2.0000701526941724,2.000067536913457,2.0000737548901224,2.0000784891918677,1.0003143539990769
36_9,3.9999338441481918,3.999896538751393,3.999912984805672,2.9999999999999996,2.9999999999999996
36_10,3.9999053769083455,3.9998810321216793,2.0029576817747494,1.1393589318536042,2.9999999999999996
36_11,2.00169506291112,3.9998862902745103,3.0000000000000004,2.0003093153858327,2.999999999999999
36_12,2.9999999999999996,2.9999999999999996,3.9974060784744445,3.9812270972457835,2.630275633395055
36_13,2.9999999999999996,2.9999999999999996,1.8393531155683405,2.0000694083999657,2.9999999999999996
36_14,2.0000536674568723,2.0000558207156027,1.4548493627080739,1.472266528129856,2.000054177412744
36_15,4.999487875676309,3.9983130363705057,3.9999009283084686,3.999816724025563,2.000525606709044
37_0,1.0003400578171553,1.000450705479575,2.0001003101668338,2.0000736666959473,2.0000662601139045
37_1,3.0,3.999855908498396,3.0,3.0,2.0000756207160153
37_2,2.000336726082501,3.999889736694606,2.9999999999999996,2.9999999999999996,2.000096233174348
37_3,2.0001464850697808,2.999999999999999,2.0000809904552215,2.000063365360124,2.000055851618423
37_4,2.9999999999999996,4.999533985167658,3.0,2.9999999999999996,2.0000641278548015
37_5,2.9999999999999996,2.0000977200957553,3.0,3.0,2.000071816202403
37_6,2.0028807284150947,3.9999022572811906,3.999858618573024,2.000230467813324,2.9999999999999996
37_7,4.999494368768018,4.999809621144805,3.999927507833335,3.9999310054553603,3.9999310047468217
37_8,1.0001120132278012,1.0001474289423127,1.0001370248155133,1.0001197825219938,1.5502020842639728
37_9,3.0,2.000076114228021,3.0000000000000004,3.0,2.0000585143452922
37_10,3.0,3.9998954527696737,4.997245415909411,2.9999999999999996,2.9999999999999996
37_11,2.9999999999999996,2.0005090259521183,2.9999999999999996,3.0,2.0001614713649274
37_12,2.999999999999999,2.9999999999999996,3.0,2.999999999999999,2.9999999999999996
37_13,3.0,3.999855908498396,3.0,3.0,2.0000756207160153
37_14,2.0000568620292865,2.000058479689187,2.0000718939321755,2.0000616468212313,2.000060561364797
37_15,3.0000000000000004,3.0,2.000065511575013,2.0000593121606265,2.0000563238605005
38_0,1.0001324819767692,1.000188472712297,1.0001253217695232,1.0001223305555638,1.2813303291936198
38_1,3.9999500001546164,3.9999499511653354,2.9999999999999996,2.9999999999999996,2.000369334557854
38_2,2.999999999999999,3.9959258542748164,2.0001389280060473,2.0001844229859764,2.0000725620743944
38_3,3.9999331726851333,3.998703052884377,3.999929579809586,3.999895444622672,3.999907339403803
38_4,3.9998969485868074,3.999297095368311,4.999632854907563,4.999378673055342,3.999936991056476
38_5,4.9998293386609935,3.997704173346197,4.999853576884031,3.999913769105499,3.0
38_6,3.9998736633548466,3.0000000000000004,4.999814522368071,4.999551809083944,3.9999044667575
38_7,4.999740824921892,3.999916554364605,3.9998970684445867,2.0002075033510063,2.9999999999999996
38_8,1.0002675535033498,2.000069910606461,1.000216788021579,1.0001418833627556,1.000125345156828
38_9,3.9999068615261493,3.999913670519945,3.9998778534707546,3.999709182005232,1.2700585989768063
38_10,2.999999999999999,4.999313811498909,2.9292947693567117,3.0,3.999826366633155
38_11,4.999879135585131,3.9972285197032478,4.9997316027064755,3.999906076186068,3.0
38_12,3.999895113187508,2.3562005507406947,1.4304374049587563,2.9999999999999996,3.9999081342557004
38_13,3.0000000000000004,3.999919304846539,2.9999999999999996,2.9999999999999996,2.9999999999999996
38_14,2.251925050143808,3.9998283927200373,2.9999999999999996,2.0001300223088374,2.0001202288509354
38_15,3.0000000000000004,3.0,2.0435185677019647,1.53380686438005,2.0000811506645255
39_0,2.000057690959584,2.0000584783594366,2.000058182381668,1.658220962079253,1.0001032553402307
39_1,2.9999999999999996,3.9999359734543662,2.9999999999999996,2.9999999999999996,2.9999999999999996
39_2,3.0,3.0000000000000004,3.9999145365386193,3.9999201525862356,3.999923097261939
39_3,2.0001929117372064,2.9999999999999996,2.999999999999999,2.999999999999999,2.0000968921068316
39_4,3.9999012146836215,3.0,2.9999999999999996,2.000205680058595,2.9999999999999996
39_5,4.999609387848058,4.999818038723341,3.9999084942695515,2.0003514018514164,2.9999999999999996
39_6,4.999774881015069,4.9998840133138165,3.0,3.9999007430942237,4.9975201980603305
39_7,3.0,3.0000000000000004,3.0,3.0,3.999881049511857
39_8,1.0009127150540005,2.000085587373222,2.00010097186611,1.41045881287758,3.0000000000000004
39_9,4.999820239954789,3.9999093097231118,2.3710506638809745,3.999930924228256,3.99993691358993
39_10,3.9998924858797147,4.999771096004919,3.999879245093308,2.0001934295280157,2.999999999999999
39_11,4.999879816192348,4.999870302341808,3.9998625928146376,3.9999126587657066,3.9999184553382094
39_12,3.999929708244186,3.9999311483684123,3.9999149574627886,3.999911907773933,3.999902628076936
39_13,3.9997950596953826,3.0000000000000004,3.0000000000000004,3.0,3.999933443406305
39_14,4.999700900037923,4.999880167390062,3.999924471786058,3.999929712464841,4.997877016198438
39_15,3.9999322035389424,3.9999399664413056,3.0000000000000004,3.0,3.9999372412495826
40_0,2.0000559139003204,2.0000577109070297,2.0000571834092162,2.0000535319214703,2.000052144151433
40_1,3.9999091510421536,2.846509058617942,3.9999242471231944,2.9999999999999996,3.99981514337785
40_2,3.999912692186833,2.8153095002883823,2.8103152004397196,3.999875884477114,3.0000000000000004
40_3,2.839996236113336,4.998608199779452,3.999915768284599,2.999999999999999,2.4185056089849337
40_4,3.0,3.999931329612358,2.450303176797893,2.999999999999999,2.6749227581379045
40_5,3.999883243893858,3.9987876912386024,3.999909269900601,2.9999999999999996,1.8866273740860884
40_6,4.99979420879926,3.017280729947897,3.9999139489984055,3.9998840452837947,2.9999999999999996
40_7,2.7711320830779766,3.9995567153498564,2.2406414941462525,2.439321643494986,1.6912763797890762
40_8,2.0000633649432027,3.0000000000000004,1.5448723127187776,1.7142466227305933,2.0000647374554843
40_9,2.769017491400735,3.9998273312082664,2.933107002829213,2.3399145945100477,3.999883912556412
40_10,3.9999254194955016,4.999761979959612,2.788957459207752,3.9998537990803205,2.999999999999999
40_11,4.9997782017659995,4.999844339302916,4.99978083170285,2.9999999999999996,3.999922283772747
40_12,1.7753070271145663,2.8730749846969377,2.8244846735761313,2.9999999999999996,2.003536570457243
40_13,2.278906121860588,3.9998784768059434,2.0002906151218123,2.0000783857260327,2.9999999999999996
40_14,3.9999324788618207,3.9999319387166583,2.348287059865302,2.381671343372881,3.999880549000643
40_15,2.9999999999999996,3.999894401393731,3.999874593041784,2.000071864935524,2.9999999999999996
41_0,2.000054718415409,2.0000552823217603,3.0,1.5448779720296686,2.0000563112374907
41_1,3.9998398707832714,3.999932141301023,3.9998999159097677,3.0,2.999999999999999
41_2,4.999866389212816,4.99986532753362,4.999870547389302,3.9999138931051705,3.9998929749283283
41_3,4.999454849391714,3.999927830135622,3.9999320483133234,3.999906500554754,3.999920668171371
41_4,3.0,3.9999308662456587,3.9999340635529337,2.999999999999999,3.9999291003707644
41_5,3.999916005782448,3.9984427439270624,3.9998777221715076,2.9999999999999996,3.0
41_6,4.999834102400962,4.999859578954653,4.999870295547123,3.9998955210141593,3.9998799400006013
41_7,3.9999286323889467,3.0,4.998575541044838,1.818955732686543,3.9998325601730564
41_8,1.0000573324771411,1.0000583857170786,1.000117444638051,1.0001049894619058,1.000115334262327
41_9,3.0000000000000004,3.999929868676897,3.9999234814566087,1.8224660333740812,3.9997897130215865
41_10,3.0,3.9999054328041677,3.9999355206626936,3.999889795477167,3.9999093778517505
41_11,4.999813576640452,4.999860416150707,4.9998272605503535,3.9999000872293293,3.999920195497929
41_12,3.9999182769268704,3.3833865889119705,3.999922167398376,3.999918885336567,3.9999236997356147
41_13,3.9999077067102826,4.99979593881034,3.999921550762146,3.99992832539046,2.33753354275553
41_14,3.9999022219269538,3.0000000000000004,2.999999999999999,2.9999999999999996,3.0
41_15,2.9999999999999996,2.999999999999999,1.9749239555594227,2.0000594316563123,2.0000742328836107
42_0,3.0,2.0001020013013013,3.994534609751686,2.000066986259413,3.997480325434634
42_1,3.9999190078902322,3.0,3.0,2.9999999999999996,4.991918065223607
42_2,3.9998844250114085,4.999870653781165,3.9999035692573566,3.999909055493012,4.999708704603356
42_3,2.9999999999999996,3.0,2.000078524308086,2.0000604426076047,3.0
42_4,1.6386486887599976,3.9999402050333117,3.9999332269079653,3.999858623407639,3.9999378645284827
42_5,3.0,3.9999041066163064,1.0000999968538822,4.999553331592051,4.999680903763424
42_6,4.999870956507687,3.999531102958129,4.999887975520409,4.999880041983192,4.999884584502511
42_7,4.9997517756954215,3.999921880981786,3.0,3.9999392846413273,3.999938963079529
42_8,3.0,2.000115125979238,2.0000802292731334,2.0000652552106613,3.0
42_9,2.9999999999999996,3.0,1.0000960693588399,1.0016450383139373,2.0000573108199484
42_10,4.9998707141802585,4.999886323930903,4.999862159451943,3.999913878851699,4.9996799634643505
42_11,3.0,4.999893561263065,4.9998879900136695,4.999845772086998,3.999885355980366
42_12,4.999809610642113,1.0129209898437241,3.9999243941947724,3.9999351310157474,3.9999356240315125
42_13,3.999813097353913,3.0,3.99991305759403,3.999913379439497,3.9999096934532687
42_14,2.0001263803102285,2.999999999999999,2.1588935481631917,3.0,2.0000957390892538
42_15,3.9999392271814314,3.9999389996315724,3.9999296304086935,3.9999131818198492,3.9999346552546995
43_0,2.000052202069249,1.5702986850226608,1.0007656565311804,2.0000559830187425,2.000053860370494
43_1,2.81212476775483,3.999890793843854,4.999634197359548,2.0010847733064643,3.9999317337110916
43_2,4.999891646379357,3.082617539996381,3.0,2.6081053388628828,2.4243690435952168
43_3,3.999910155182958,4.999626276288417,2.105715681525379,2.0808928389208536,2.09189761987042
43_4,2.149556368240427,2.9390629610521617,1.8727842952686993,3.0,1.91927819916141
43_5,4.999818060155557,4.999825294593957,3.999920131342161,3.0,3.999935421456525
43_6,4.999891716527739,4.999897896169601,3.9997508930306513,3.999866033121211,4.999829619404553
43_7,3.631828886208889,3.9999308377734746,3.6154794168618762,3.9999110683535193,3.62793088904579
43_8,3.0,2.0001050329358305,1.6029591474038092,3.0,1.4544648187555722
43_9,2.9209014056393,4.999533275205583,1.43933117484621,1.691409810033743,2.586947109214649
43_10,2.999999999999999,3.0,1.6733357512171363,2.000248789996639,3.9997334089303958
43_11,4.999894924583057,3.9994750683981337,3.0000000000000004,3.0,3.999922811803291
43_12,3.0,2.0937250275162613,3.999930884420985,3.0,2.747404326184993
43_13,4.999553781348183,3.999922915506691,3.9999197915559592,3.9999237237222345,3.9999168238321827
43_14,2.000059178182301,2.000060197994383,2.0000690272588297,2.0000193375959268,1.4280542235471598
43_15,3.9998056633967134,3.999915306836119,3.0,2.9999999999999996,3.999846340798865
44_0,2.0000708945873176,1.5273977710417266,2.000094255403689,1.394631633419699,1.6529898736839088
44_1,2.0000350883557605,2.000270505620839,2.798002767841645,2.3263353758695056,2.0000301686992183
44_2,3.999921624189295,3.9999198089028583,2.5159366265497995,2.5495443823159425,2.2255071631705303
44_3,2.999999999999999,2.2977900212654023,2.999999999999999,3.0000000000000004,3.0
44_4,2.3350493081324126,2.999999999999999,2.0001080705057657,2.0000407968731446,2.327260468116555
44_5,2.000238714509161,2.999999999999999,2.0001002432705848,2.000069993487994,2.000119256721803
44_6,3.000000000000001,3.9999194619283074,4.999210811217222,4.933800713159981,3.9998973291309925
44_7,2.5783979077917767,3.999884974530148,3.9999303572467433,2.865497101324928,3.999939566851674
44_8,1.0001566189736897,3.0,3.0,3.0,1.0001625156715788
44_9,2.7785979312663165,2.278251296863149,2.3927168391747107,2.391049459799343,2.0000412520698374
44_10,2.9999999999999996,3.999910473346846,2.0001673992833586,3.0,2.0002138273318733
44_11,4.99989554602607,3.5122058031240293,4.999794002159967,2.56797431780572,3.9998967126022476
44_12,2.3545866545402596,2.822395682668988,3.9999078439092615,2.8195911619822733,3.9998969994630214
44_13,2.2311558187223013,2.9999999999999996,1.3318774347743532,2.189976573263792,2.00002655184708
44_14,2.7410407875213645,2.1872147889802838,1.8292678780065672,2.2868295949356057,2.379446922786618
44_15,3.0,3.0,2.385097999312501,2.9999999999999996,3.9990993440592
45_0,2.9999999999999996,3.0,4.999896973187755,1.7151754478455485,1.897405020590401
45_1,2.9999999999999996,2.9999999999999996,2.0000694937630925,2.0000645134863926,2.0000639437153738
45_2,2.442591713499732,3.9998838758355575,2.9999999999999996,2.9999999999999996,3.0
45_3,2.0000909097480744,2.999999999999999,2.0000276462174775,2.0000499980097595,1.000100015663177
45_4,2.9999999999999996,2.999999999999999,3.0000000000000004,2.9999999999999996,1.3825993902290155
45_5,3.0,3.0000000000000004,3.0,3.9998585400510027,2.0001974407502012
45_6,2.999999999999999,3.9992162207707245,3.0,2.0002281087301244,2.9999999999999996
45_7,3.9999302900399845,1.000100111806444,3.999922834141574,3.0,2.5971074277479027
45_8,1.612899294799048,3.986785158239104,3.0,2.000082593267391,2.0001013439804
45_9,3.9999309336144977,2.991021169046665,4.9981144342732895,3.0,3.999913997256159
45_10,3.9999210381847785,3.9999193087300524,2.9999999999999996,2.9999999999999996,2.9999999999999996
45_11,4.99986981712516,4.999884405075803,4.999845923150088,2.5684174519694465,3.0
45_12,4.999670508228616,4.999779144599735,3.999923691242678,3.9999343772846965,2.839871412401439
45_13,3.9999297133222957,3.9999235919729204,3.999926023037874,3.999893045422166,2.999999999999999
45_14,3.0,1.8373765826426887,2.32531892701304,1.7328529739364893,3.4545808774285502
45_15,1.0990481825791183,2.9999999999999996,1.9938188362855496,4.552041171576947,3.1338407810121964
46_0,3.9999349761461427,3.999937725395236,3.0,3.9999216126412764,3.999934154978082
46_1,4.999874170661438,4.999890556577343,3.0000000000000004,3.0,4.99981862668264
46_2,3.999895673511869,3.9998285835179535,3.999916058075088,3.0,3.0000000000000004
46_3,4.999830124106311,2.20640919219461,2.8230152262015156,3.9999351021960403,4.999685937612291
46_4,3.999340333481113,4.999898364490305,4.999793352140372,3.99991994575079,3.9999184064374567
46_5,3.9998763782002196,3.9998591715988128,4.999726783207082,4.9995738693373,3.9999140442543384
46_6,4.9998506308279245,3.999828464204083,4.999842902384806,3.999922118363126,3.0000000000000004
46_7,4.999871185219986,2.57973777621571,4.9997513897928005,3.9999251889684424,4.9997992125134765
46_8,2.0000981829873994,3.99979293531343,2.000092236578649,2.0000922183623007,1.3342049557753137
46_9,3.999930876565987,1.0001555600545613,3.0,3.0,3.9999385474770452
46_10,4.999850620001901,4.9998878372961695,3.0000000000000004,4.999807179201056,3.0
46_11,3.9998885443117733,4.999882299944611,4.999805796501317,4.999850605270199,3.0000000000000004
46_12,4.99987117181036,1.8952072142930612,2.767516747709952,4.999785040106614,4.999839193512461
46_13,3.4306862509742193,3.999865647060089,3.9998996092783017,3.999866996527489,3.9998887856155556
46_14,3.999892272636884,3.9998758638196588,4.999699055368029,4.999517361313869,3.0
46_15,3.999923431858031,3.9999209688500024,3.999931943688083,2.9999999999999996,2.4460878996726136
47_0,2.000059133435418,1.472166391673027,2.000055642821972,1.5690156426456006,1.4932621326911004
47_1,4.999865349909078,3.9998511382669593,3.0,3.0000000000000004,3.999899692651616
47_2,4.999822567720787,3.999916193165812,2.9999999999999996,4.999772614201547,3.9998863362452455
47_3,4.999792598571801,4.999837893254482,3.0,3.9999253315237135,4.999602491081716
47_4,4.9998226267385,3.9999142085398134,4.999622389504044,3.0000000000000004,3.9998863362452455
47_5,4.999880143490608,4.999862608566882,4.9998673422475886,3.9999287150136005,3.999931547671953
47_6,3.999912639021369,4.999793441521911,3.999909382917926,3.999893078153153,3.999922894283718
47_7,1.510787875738467,3.9998449068780597,2.999999999999999,2.9999999999999996,3.999870700550204
47_8,2.000058178018356,3.0,1.6546429454494314,1.4396528982783046,1.6836264817483144
47_9,1.5784141663688014,3.9989136104738163,3.0000000000000004,2.9999999999999996,2.9999999999999996
47_10,2.9999999999999996,3.0000000000000004,3.0,3.0,4.9995316673025405
47_11,4.999822567720787,3.9998115465491493,4.999689364616483,3.0000000000000004,3.9998863362452455
47_12,4.999880179512333,3.9998924107032408,4.999829921048114,3.0,3.999921887365793
47_13,3.9999286887374623,3.999855666306919,4.9996702899956915,2.999999999999999,3.0000000000000004
47_14,3.9999247018048996,3.9999321455248666,3.0000000000000004,2.4077406798316114,3.999916393005939
47_15,2.9999999999999996,3.999912248217849,2.999999999999999,2.999999999999999,2.999999999999999
48_0,2.999999999999999,1.5699744604522865,2.9999999999999996,2.9999999999999996,2.999999999999999
48_1,3.999920120658897,3.999928962419221,2.9999999999999996,2.9999999999999996,2.9999999999999996
48_2,4.999807713122935,4.999829379577884,3.0,3.0,3.999931611002752
48_3,3.999920859069725,4.99974357854173,3.0,1.0001180926254307,2.0019486137437332
48_4,3.9999067904676373,3.999913174618482,3.0,1.8887179482909833,2.9999999999999996
48_5,3.9998921374629126,3.999911489694224,3.999846230799145,3.9995172498023783,3.0
48_6,3.99982910979335,4.99987695925404,4.99986164990894,3.9998903784910973,3.9999246333710388
48_7,3.9999130645269276,4.999677536003233,3.999926044809979,3.9999350340516346,3.9999291002871074
48_8,2.0001105760081117,2.0001048000303925,3.0,2.0000724006214736,1.4584544242513102
48_9,1.5131611850797382,3.9998556464186628,4.99970080632644,3.9999337444947436,3.9999166380963955
48_10,4.999571123533457,3.0,3.999891153463908,3.9997285108730414,3.999920377691943
48_11,3.9998120287140058,3.9992509296012035,3.9998616697094813,3.9998535806795497,3.999909139513527
48_12,3.0,4.999783567610653,3.999898617959863,2.536414712256541,3.999941733094074
48_13,4.999577810655951,3.9998284882998627,3.9999234463593067,3.0,3.9999223372438757
48_14,1.8988255746158074,3.0,1.9297782927673506,3.0,2.9999999999999996
48_15,1.9122707103847705,2.9999999999999996,3.0,3.0000000000000004,3.0
49_0,2.9999999999999996,2.000078374755055,3.0,3.0,3.0
49_1,2.00237065408547,3.9999195025122893,3.999841027533689,3.999819322648331,3.999826482530719
49_2,3.9999127388807603,3.9999241300137887,3.999884576166513,3.999934944702445,3.9999386551300455
49_3,3.0,3.0,3.0,2.999999999999999,2.999999999999999
49_4,2.999999999999999,3.0,3.0,3.0,2.9999999999999996
49_5,2.7465228176650194,3.0,3.0000000000000004,3.0,2.9999999999999996
49_6,3.9998134460728045,4.999862837635075,4.999857915417662,3.9998845944234334,3.9998986406640418
49_7,2.9999999999999996,2.9999999999999996,3.0,2.999999999999999,2.9999999999999996
49_8,1.5668354303971728,2.0001326368894827,1.648050574056503,2.000186062854503,1.0001253881002665
49_9,4.9998672730203495,4.999884599188675,2.2608144838283417,3.9998987979098315,3.9999324198710178
49_10,3.999917428082101,3.999928722981649,3.0,3.999934539841792,3.999939409615313
49_11,3.9997750578775553,4.999874512309556,3.9998991530294687,3.9999283286857943,4.999751781031657
49_12,3.999920670533688,3.999931729884185,3.999884408430209,3.9999321739836615,3.9999398194205473
49_13,3.0,3.9999231111377016,3.9999223771684247,2.0007540567858526,3.0000000000000004
49_14,2.3259791081994967,2.9999999999999996,3.9998797437844966,1.8063484155414755,2.9999999999999996
49_15,2.126310444312098,1.8835279987147244,1.7996047752215232,1.3391364443418676,1.8570593740756876
50_0,1.4475891344458893,2.00007020177969,3.0,3.0,2.4085492830088118
50_1,3.9999266330853303,3.9999231331188083,3.9999028211243335,1.889608263715762,3.9998273871189096
50_2,3.9998652625635205,4.999874235863636,3.999889988762181,3.9999339702624,4.999558256598894
50_3,3.999922022681056,3.9999373767699957,3.999930551962194,3.999928975255243,3.999917233789672
50_4,3.99984355488564,3.999886088632016,3.0,2.9999999999999996,3.9997517264985563
50_5,3.9999215521129456,3.999923301069495,3.0,3.6232957109310737,2.000634724531963
50_6,4.99988637067754,1.6831242680939764,3.9998986157965226,3.999936292987139,3.999922411516884
50_7,3.9999728002096777,3.9999404859479806,3.9999728123634153,3.9999716119476134,2.2883925380827113
50_8,4.999878496023188,4.999883220360828,3.999881076995523,3.9998415363187876,4.999724351853571
50_9,4.999867151571208,4.999810089545508,4.999838552339775,3.9999253953647536,3.9999711807284846
50_10,3.999695680200671,4.999884576982139,3.9998430775460276,3.9999092937885865,4.999618701720353
50_11,4.999894313872133,4.999889372598226,4.999896094389791,4.999877482610155,3.9998559487617023
50_12,4.9998445768550415,4.9997023477919,3.9999225556163815,3.9999210308375037,3.999929066050405
50_13,3.999914919166372,3.999912352531853,3.9999183550770065,3.999898047487608,3.9999270154360476
50_14,2.9999999999999996,2.9999999999999996,2.9999999999999996,3.0000000000000004,1.4157174226335105
50_15,3.9998978019493565,2.0011795711308915,1.923274887982285,2.999999999999999,1.7619756564914597
51_0,2.9999999999999996,3.0,3.0,2.9999999999999996,2.9999999999999996
51_1,3.0,3.9999284096275813,4.998295317627698,2.0003880939626377,2.999999999999999
51_2,3.0,3.9999150423126237,3.9999160491555443,2.0003054777649116,2.9999999999999996
51_3,3.9999052865865337,3.9999189238722197,4.999564771805085,2.9999999999999996,3.9998466865762667
51_4,4.999521752649293,3.9999312573027033,3.0000000000000004,2.9999999999999996,3.999913798007568
51_5,2.9999999999999996,3.999929713507842,3.0000000000000004,2.9999999999999996,3.0
51_6,1.0000999964247805,4.999462939882517,3.9998440139455353,2.999999999999999,2.9999999999999996
51_7,3.999885072784485,4.999857902621676,3.9999315342643005,3.999940021122943,3.0000000000000004
51_8,2.0000604042786394,1.0004553802650586,2.0000815223556763,1.3492402084337738,2.000071402922612
51_9,3.9999250008819343,4.999751432289829,4.999576312228278,2.9999999999999996,3.9999339499931925
51_10,3.0000000000000004,2.9999999999999996,1.8936744945223243,2.00013916318936,2.9999999999999996
51_11,3.9998824244341433,3.0,2.9999999999999996,3.0,3.999850651213524
51_12,3.9999073292428378,2.999999999999999,3.9999277626414242,1.9806449860501465,2.9999999999999996
51_13,3.0000000000000004,3.9999285564234546,2.001190141443024,2.0006797778375023,3.0
51_14,2.9999999999999996,2.9999999999999996,3.0,2.00008928400314,2.9999999999999996
51_15,3.999895895742959,3.0,3.9999160450253384,2.9999999999999996,3.9998458662871648
52_0,2.000068383372107,2.0000561725619614,2.0000577593844127,2.0000560270389602,2.000055590451565
52_1,3.999909142847804,2.9999999999999996,2.0002856066155905,2.0003881874755045,2.9999999999999996
52_2,2.9999999999999996,3.999465376043466,3.0,3.0,2.0000755864424504
52_3,3.999916347313653,3.9999141780719487,3.9998392704701415,2.9999999999999996,2.9999999999999996
52_4,3.999909551342083,3.9997004789616835,2.000211121246028,2.00013019546181,2.9999999999999996
52_5,3.9999163471179187,3.999887912554343,3.99986681398622,3.999767334254363,2.9999999999999996
52_6,2.0003444291552386,3.9993921064573534,1.674443455634302,3.0,2.000078441694226
52_7,3.9999173391216947,3.9999314886294557,2.999999999999999,3.999786809626553,2.9999999999999996
52_8,3.0,1.9620028512697512,2.0000699554240216,2.0000574858347737,2.00005849483317
52_9,3.999936228481835,3.0,3.0,2.9999999999999996,3.999924523119403
52_10,3.9998981953675576,2.9999999999999996,2.0003349730534317,2.0001916717083663,2.9999999999999996
52_11,4.999835712620412,3.999851638389325,2.0022945370681904,4.9991864715310825,3.0
52_12,3.9999243305858827,3.999921540844589,3.999918184263676,3.9998743375089663,3.999928140287847
52_13,3.0,3.0,2.000093322500774,2.0000610272717667,2.0000692159551035
52_14,3.999902232929419,3.99992558950042,1.6764480917631417,2.000091594138314,2.9999999999999996
52_15,2.0000549139957795,1.001015898522776,2.0000656485218724,2.000065671485252,2.000054987333823
53_0,1.8627068639719582,2.0000558258773524,2.000068628472602,1.6547604112490788,1.4895015743603446
53_1,3.0,3.999935912712951,3.9999239706431453,3.999923246222728,3.9999139593662134
53_2,4.999792369796328,4.999851613751741,3.0,3.999916735832723,3.9999392758027783
53_3,3.999884384356829,2.9999999999999996,2.9999999999999996,2.000159074276018,2.000138464493439
53_4,2.0000596657200345,3.0000000000000004,2.0000604504332373,2.000060169178666,2.00005582955456
53_5,3.999885576124152,2.9999999999999996,3.0,2.9999999999999996,3.9998946003366433
53_6,2.0150489691419655,3.999931904227913,3.999925699157339,3.999932119964732,3.0000000000000004
53_7,3.9997929555807135,2.001134536145913,1.8967305781077235,3.0,3.9997096423054863
53_8,2.9999999999999996,2.999999999999999,3.0,3.0,2.999999999999999
53_9,4.9998979165885125,4.999897645357382,4.999895005769354,4.99985809158269,4.999877645935064
53_10,4.998837728023362,3.9999331510748517,3.9999238706733817,3.999917778746563,1.8115287428424696
53_11,4.99989432283546,3.0,2.1089259327574688,4.999858023530831,4.999889382338108
53_12,4.999891744051955,3.0,4.999862874021542,1.531787961738882,3.9997753409629286
53_13,3.999925758921854,2.0012785913062645,3.9998494665872095,3.999849618876756,3.9999076397016786
53_14,3.0,3.0,2.0000578693028626,1.5447810514634654,2.000057159163983
53_15,3.0,3.9992140265376914,3.998787338505415,2.6554594670779994,3.0
54_0,2.0000520087163984,2.00005589947145,3.0,2.7474526207126173,1.5890694806424854
54_1,3.9998642516368603,3.0,3.9999060862909674,3.000000000000001,3.9999264117995326
54_2,3.0000000000000004,4.999777986392154,2.7269366169767575,3.0,3.9999321706209465
54_3,3.9999229911372063,1.5955934956772901,2.9999999999999987,2.0454184308971444,3.999878542460244
54_4,3.9999049089522782,2.6401885260125453,3.999873240917968,2.9999999999999996,3.0
54_5,3.9999001898367688,2.4929341586843488,2.9999999999999996,3.99985784443665,2.9999999999999996
54_6,3.9997939629592256,3.998999680598453,3.0,3.9998969300054643,3.9999115443551347
54_7,4.999566108885454,3.9989221854750854,3.0,2.4531711588971823,3.9999325188702812
54_8,3.0,2.0000547588528423,2.000058102511628,2.000071880862361,2.000054955096273
54_9,3.999924113446016,4.999578049380623,3.9999315392714276,3.99989310046885,3.999935781270871
54_10,4.99973393039367,3.0000000000000004,2.0012645937689517,2.0007292640128336,3.999866992423375
54_11,3.9998286672572427,4.9959601068537305,3.9999221028142524,2.9999999999999996,3.999927061335707
54_12,1.000134401069294,1.0755894847920078,3.9999049142292833,3.999892395204144,2.210647413845915
54_13,3.0,2.9999999999999996,3.999846899798658,3.0,2.0001049301990075
54_14,3.9997749890471255,3.0,3.9999170757066036,3.9999268806543404,3.9999244010439337
54_15,1.3538402840758708,2.0000684048808828,2.0000679798664724,2.000054155408052,3.0
55_0,3.0,2.000053373319691,2.0000543781806237,2.000054735668722,1.7100874724052741
55_1,3.999882868638137,3.0000000000000004,4.99968335948074,3.999923999254231,3.9999002147502747
55_2,2.000245793819168,2.0001724288784843,2.0001036502376612,2.0000831767915974,2.0000609713692317
55_3,3.9999256277189534,3.0,3.9999194993706135,3.999795056396358,2.9999999999999996
55_4,4.9994000311305395,3.9999297657336594,2.016082779714616,3.999473932220595,2.9999999999999996
55_5,2.9999999999999996,3.0,2.9999999999999996,2.999999999999999,2.0001389233942266
55_6,3.999895864894867,2.0025646182169856,3.9999020843582156,3.999786297720522,2.9999999999999996
55_7,4.999809838568951,4.999862838276957,3.0000000000000004,3.0000000000000004,2.1193449047509265
55_8,3.999670704858711,3.0000000000000004,2.000070067052765,2.0000667815375768,2.000060884929211
55_9,1.0002480361487438,3.999312849845287,3.0,3.9999038561375055,3.9998796955867992
55_10,2.8050316985241253,3.999924491672594,1.035740467403806,2.0000461400015044,2.9999999999999996
55_11,4.999881808356061,3.9996592417227186,2.1348510450316383,3.9999138165118726,3.999889713406591
55_12,3.0,4.999882445247593,3.99992543137974,3.9999312379616634,3.999936475608222
55_13,2.000069070722767,2.0259259311542186,2.000059602216472,1.4410265198668324,1.515703909322058
55_14,3.9996783365728543,3.999404226076171,3.0,2.9999999999999996,2.9999999999999996
55_15,3.0,3.0,3.0,2.999999999999999,2.0001381756440466
56_0,2.000078570805316,2.999999999999999,3.0,1.4616887695783034,2.0000584180396297
56_1,3.999856290610591,3.999829759966297,3.0,3.9999104176389806,3.999893001522757
56_2,2.0000862922977825,3.9999401101583407,3.0,3.999935281878351,2.9999999999999996
56_3,3.9999390257462846,3.0,3.0,3.0,3.0000000000000004
56_4,3.9994125669696987,3.9994273694776687,4.999884575051185,3.0,4.9997533618147045
56_5,3.999923492683429,4.999647797711014,3.9999284241459527,3.9999369004956478,3.999927339124569
56_6,4.999897325873489,4.999897917350633,4.999896109813417,4.999891767045328,4.9998630291203225
56_7,3.0,3.99993809893137,3.999935254068971,3.9999397605012432,3.0
56_8,3.0,2.0000636720764673,2.000064013390843,2.0000662696303606,2.000057778504471
56_9,2.0001104789735615,2.000137089175218,1.7839580955924346,3.0,2.999999999999999
56_10,4.999896967823745,4.999899806139068,3.0,4.999877588662765,3.0
56_11,4.999894338987354,4.999899806139068,4.999893574720394,4.999877570709482,3.0
56_12,3.9999170767074275,2.0018395320468367,1.563224010593038,1.5991574030617501,3.9999382667769168
56_13,4.998236588661454,3.999941330139311,3.9999351080765075,3.999935283450254,3.999933933741769
56_14,3.9999377766914206,4.999434063610522,3.999934638869614,3.9999405133222,3.999939946381106
56_15,3.9999145620097396,3.0,3.0,3.999935612243801,3.9999382799012086
57_0,3.0,2.000076114159522,2.000062100349932,2.000061529900908,1.4170171954551467
57_1,2.999999999999999,3.0000000000000004,2.9999999999999996,2.0001105052959858,1.9344125462880533
57_2,2.9999999999999996,3.996877457520746,2.0000599868040077,2.0000623495019783,3.0
57_3,3.0,2.0004589018333805,2.9999999999999996,3.0,2.9999999999999996
57_4,1.7027711651002608,2.9999999999999996,1.4271271211570027,2.0000679251887283,2.0000900919692612
57_5,1.7473190535079843,3.9998996753986535,3.9995877594828033,2.9999999999999996,2.9999999999999996
57_6,2.0001094879843424,2.000095308749404,2.0000783608221355,2.000072115439497,2.000074381758345
57_7,3.999924586390752,3.0,3.0,3.0000000000000004,2.999999999999999
57_8,3.0,1.0001093075416139,1.00010235898155,1.0001004631436534,1.0001011133744726
57_9,2.000067675667138,2.0000646267364885,2.0000636152023197,3.887268179517312,1.373372989017118
57_10,2.9999999999999996,2.000081934552278,3.0000000000000004,3.0000000000000004,2.000085427850065
57_11,2.9999999999999996,2.9999999999999996,2.9999999999999996,2.999999999999999,2.9999999999999996
57_12,2.0000591970871207,1.378699862511923,3.0,2.9999999999999996,2.0000612357491625
57_13,3.0,3.0000000000000004,1.0005011049819303,1.292532409119819,2.0000552060174783
57_14,3.0,2.0000623890327645,2.0000596293159103,1.5453278912251378,3.0
57_15,2.9999999999999996,3.0,2.0000600848648094,1.000111057986999,2.0000596487871314
58_0,1.0000862677847984,1.0004095861411664,2.0000769327441312,2.000080386154563,2.0000587341610183
58_1,3.9998637497185454,3.999792720242182,1.7415680428356235,3.999748221215648,2.9999999999999996
58_2,3.9999214114116435,3.0000000000000004,3.9999025178517202,2.9999999999999996,2.9999999999999996
58_3,2.0000794744990706,3.0,3.999100862081209,1.4734822891847852,2.000056323812627
58_4,3.9999135241294064,3.9999215714169525,3.99991263260055,1.8472667739838344,2.999999999999999
58_5,3.0000000000000004,4.999734139135542,3.9999173453834316,3.999891756144127,3.9999011106161304
58_6,4.999763377566656,4.999818136694169,4.999813445503766,3.9999090238192876,3.9998412735284328
58_7,3.9999122911254954,3.9999054340372227,3.0,1.3216407227648228,2.9999999999999996
58_8,1.0001175235460547,1.0001050130281304,1.000103040329074,1.0031225292006416,1.0001003205935006
58_9,3.0,3.0,3.9996640642838304,1.6635609881226376,2.999999999999999
58_10,4.999653875157496,3.999918667723922,3.0000000000000004,3.0,3.9998658025340537
58_11,4.999781604874579,4.999778312117729,4.999848671236368,3.9999133013100017,3.999909577952568
58_12,3.9999293160835654,3.999936123673012,2.532686879793214,3.9778808234202327,3.9999288390690593
58_13,1.3088679316398322,2.9999999999999996,2.0001069726210488,2.0000637924484286,2.000071942079947
58_14,3.9998613754915633,4.924877910349906,2.999999999999999,2.9999999999999996,2.9999999999999996
58_15,3.999868667006441,2.9999999999999996,2.0001428815397597,1.3237078862639335,2.9999999999999996
59_0,2.0002740596637674,1.0001093358262694,3.0,1.0001135403146293,1.0001173868029587
59_1,3.0,2.9999999999999996,2.000138063103012,2.0000658036206,3.0
59_2,3.999909146070215,3.9999264337713387,2.9999999999999996,3.0,2.9999999999999996
59_3,2.999999999999999,3.9998854679523936,4.998687034941481,2.000091292000786,3.9991975449545976
59_4,3.9999187308416904,3.0,3.9999043487722634,1.8158655828286134,3.999785840714413
59_5,3.999913959151126,3.9999158013284144,3.9999067440840887,4.99265969886981,3.0
59_6,4.996578402898802,2.000738581729475,3.0000000000000004,3.0,2.9999999999999996
59_7,3.9999127960690277,2.9999999999999996,3.0,1.3455627434196797,3.0
59_8,2.0001233849684645,3.0,3.0,2.00008722736418,2.0000730631279002
59_9,3.0,4.999527884375898,3.0,2.000096502862407,2.000112015660665
59_10,2.0000598622778374,3.0,3.0,2.9999999999999996,2.0002060568798257
59_11,3.99983746155373,3.9998649429267474,3.0,2.000097600329761,3.0
59_12,3.9999211856661487,2.642698078704401,3.9999234676139994,3.99989316262357,3.999931865351233
59_13,2.9999999999999996,2.000185008096317,2.999999999999999,3.0,3.0
59_14,2.9999999999999996,2.0002133482510978,2.361803638740907,2.9999999999999996,1.4446373978769298
59_15,3.0,1.0006116014931663,3.0,3.0,1.6624188663835755
60_0,2.0000533743148567,2.0000561712796143,1.0015405638588426,1.0000974930236104,2.0000512589508457
60_1,3.999906743561893,3.999910056239845,3.999889975326871,3.999926572697005,3.9999319601289676
60_2,4.999896558424179,4.999898163093735,4.999892718713321,4.99988014935596,4.999874542992279
60_3,3.9998994927769145,3.9997256850416196,4.999610167468374,4.9996774356497715,2.398929985863202
60_4,2.43653248761047,3.9999269315751396,3.999878351969128,3.999862080626579,2.208761506643048
60_5,3.9997950580971047,3.999813248119652,3.99989664345457,3.9999126848793733,3.9999323840088072
60_6,4.999838177597189,1.866554061081519,1.7729850898410089,2.0258692404425505,2.1415768712003156
60_7,3.999934060364338,4.999783571759262,3.9999351663060145,3.9999267240784597,3.9999410283130237
60_8,1.4508538666390896,2.0000600381302034,2.0000616254314685,1.4701491436240068,1.929914588038686
60_9,3.0,3.999934197392713,3.9999316771922486,2.002431124562014,3.999928603637211
60_10,4.999896962913112,2.9460035239687445,4.999887978356706,4.999845567538078,4.999874492988953
60_11,4.999897638682072,4.9998893578552455,4.999893568236725,4.9998773895396775,4.999874492988953
60_12,3.999929517591214,3.0,3.9999304205468547,3.9999327565013685,2.2197603604372937
60_13,4.999845921185716,4.999871237741101,3.9999304487714205,3.999928302777718,3.9999324198406083
60_14,1.1935600250079519,2.9999999999999996,2.9999999999999996,2.999999999999999,3.999355510145509
60_15,1.2223346298038518,1.306978914976473,2.999999999999999,3.0,3.999917439825519
61_0,1.000074116928555,2.0000942177006027,1.0001063942631165,2.000169945235324,1.2992692077622798
61_1,3.9999108167665325,3.999925306479444,3.0,2.9999999999999996,2.999999999999999
61_2,3.0,3.0,2.0000622323915254,2.000058468347513,2.000056878311613
61_3,3.0,2.0001034259048622,3.0,2.000058834131666,2.000058530562275
61_4,3.9999201657814827,3.999925306479444,3.0,2.9999999999999996,2.999999999999999
61_5,2.9999999999999996,2.000118939843564,2.0000622588352566,2.000058530931587,2.0000566284062584
61_6,2.000202892336927,1.0001072417125305,3.0,2.0000585558148676,2.0000589722536697
61_7,2.9999999999999996,3.999892204145202,2.999999999999999,2.9999999999999996,2.9999999999999996
61_8,2.0000704034734733,2.000058833518058,3.0,2.0000602524028155,2.000066875233968
61_9,3.0,2.9999999999999996,3.0,2.0000561792185056,3.0000000000000004
61_10,3.999880148165264,3.9998303536325253,2.0000841855721725,2.0000743729563086,3.0000000000000004
61_11,2.000077368615093,2.0000956543888186,1.0001375039416025,1.0001254207714987,1.0001419084910976
61_12,3.999930287284449,3.999922641970647,3.999915250635844,3.999844741403566,2.9999999999999996
61_13,2.999999999999999,3.0000000000000004,2.9999999999999996,2.0000778854404677,2.9999999999999996
61_14,1.9116319616056852,3.998501906899215,1.135739228691603,2.000056869932161,2.000062336742224
61_15,3.0,3.9998411758940366,1.7173590089640878,4.93848745566119,2.000135989313856
62_0,2.0000613915301986,1.0004524409209778,1.0002655577197541,1.0001473647311938,3.0
62_1,4.999874481200118,3.0,3.0,3.9999316317244475,3.9999315029220788
62_2,3.0,3.0,1.0111263972412936,3.9998116938776045,3.9996557791384255
62_3,3.0,2.9999999999999996,3.0,2.0001063868726883,2.000397872203504
62_4,2.9999999999999996,1.000120777243233,1.0000999960433583,1.4701449041281576,3.0
62_5,3.9999159128825865,3.0,3.9999126701578316,3.9999331233055377,3.0
62_6,3.0,3.9998910543204684,3.999910003938704,3.9999280566194018,3.9999330649118674
62_7,3.999925589420062,2.9999999999999996,3.999926654617764,3.9998081570786317,2.9999999999999996
62_8,3.0,3.574211951227685,2.0001068920116754,2.000094354995659,3.0
62_9,1.0001372991284296,2.0000664927094842,2.0000637041169522,2.000078102861194,3.0
62_10,4.999844278724212,4.999818529440284,4.9996646516515595,3.9999267405466052,3.999936139317442
62_11,4.999899318217677,4.999899471295694,4.999895577338502,4.999882525191488,4.99989064433928
62_12,1.3819514131014317,3.0000000000000004,2.00008302115346,2.0000713268220367,1.4111940591617071
62_13,4.999862657961246,3.0,4.99957114827467,4.9996617161407535,3.999927006148713
62_14,2.000060657601909,3.000000000000001,3.0,1.0000906288628566,1.0006906982680124
62_15,1.000169541749629,3.0,3.999857037189695,2.999999999999999,3.999765181087344
63_0,3.0,3.0,2.000056181983815,2.0000520454542103,2.0000524263235744
63_1,4.999845685266914,4.999852065578074,4.9998453094487445,4.999396291434887,3.9999278067371544
63_2,4.999820832089031,4.99986298725929,3.0,3.999932622070983,3.9999098531069057
63_3,3.9999294997184363,3.9999345948926153,3.0,3.9999272463686086,3.999938920318217
63_4,3.0,4.999862602391338,4.999829591415741,4.999571783253429,3.999937613862498
63_5,3.9999282601248427,3.0,3.999911262677502,3.999925947658421,3.999929422663376
63_6,4.999890656438286,3.9999315602550674,3.0,4.9998863930161255,4.99989176485206
63_7,3.0,3.9999089791786737,2.000095414758782,2.9999999999999996,2.999999999999999
63_8,3.999869096321124,4.999855778826857,3.0,2.0004144525067695,4.999680969769181
63_9,3.0,4.999768877139545,4.999639811141778,3.999930844991852,3.9999379534439705
63_10,3.9999120784125375,3.0,1.006198597699857,2.9999999999999996,3.0
63_11,3.0,4.9998981659666,4.999893567151588,4.177458173160219,3.999580492861106
63_12,3.9999153757977943,3.99992866779717,3.0,3.5301924993437326,3.0
63_13,3.999909511396741,3.999931217567004,3.0,3.0,3.9999377961085627
63_14,2.0000699613701522,3.0,3.0,2.000059985660125,1.6514394100775045
63_15,2.000063620130529,3.0,2.0000583326795915,2.000060685166007,2.000059651541048
64_0,1.5302217097311988,3.0,2.000056463893416,1.7230919353593015,1.4532485710689904
64_1,3.0000000000000004,3.9998785066770597,3.0,1.7558129778723546,3.9998955408553556
64_2,3.999926257561603,4.999761808168263,3.999923307402642,1.6601433961103675,3.999929638798591
64_3,3.99993114248167,3.9999351243647348,3.9999167091190735,3.999930450631092,3.999916813268842
64_4,4.999827708817467,3.9999127343084773,3.99990814184294,3.999925284117181,4.9988439364132
64_5,3.9999170842443124,3.9999270632436468,3.9999211892266757,2.999999999999999,3.9998929510814576
64_6,3.9999009750209136,4.9998621938755585,4.999594255855432,4.999213625936578,4.999574817963368
64_7,3.0,3.0,3.999914075099637,3.999933324340353,3.999936250050991
64_8,3.0,1.6566990632267664,1.4371601777647733,1.5319448732744783,1.0027895345952609
64_9,2.002856612040902,3.9998963918064065,3.99992894380031,2.045531110763644,3.0
64_10,4.999868863934751,4.999876764440649,3.999912474657263,3.9999100534553436,3.9999055887694657
64_11,3.9998995424343353,3.9999061325811707,4.9997042504210585,4.999688952274329,2.9999999999999996
64_12,3.9999080979577997,3.999934071271254,3.9999291079661132,3.999935633662872,3.9999370069879907
64_13,3.999915700713282,3.0,3.9998816412207128,3.9998083809285507,2.9999999999999996
64_14,3.999937024909199,3.999936943919361,3.9999352411243416,3.0,2.0034775274121466
64_15,2.000268782165154,2.999999999999999,2.9999999999999996,3.0000000000000004,3.9993761276482402
65_0,1.672560496068491,2.0000556129926124,2.000053458726962,1.7220835921818514,2.000052145503753
65_1,3.998866095494824,3.0,2.9999999999999996,2.999999999999999,2.9999999999999996
65_2,4.99982933126317,3.9999084780123897,4.99979327025704,3.999926807080409,4.999569146584172
65_3,4.999168728196024,3.9967792720064708,2.0031914943838043,2.0016410027071485,3.9999338184899975
65_4,2.484614220247342,3.0,2.9999999999999996,2.9999999999999996,3.9998026077868447
65_5,3.999930074342404,3.9999334727703526,1.525082975670318,3.999928147853123,3.999933969004588
65_6,3.9994754035815525,3.0,3.9998966579884114,3.9998756825783794,4.999845863676317
65_7,3.9999133959847626,4.999838466634224,3.9999178423586534,3.999931277662905,3.9999344129508856
65_8,2.0000568364733,1.0033549257380263,2.00005660700432,1.4588994139287903,1.0000958848195511
65_9,3.9998052255010634,3.999924435554718,2.999999999999999,1.875345211141749,2.999999999999999
65_10,4.999866496325328,3.0,4.999653485567289,3.999913388983896,4.99927022042861
65_11,3.999531044833105,4.999890638308851,3.99987520655685,3.999875888716407,4.999838208718721
65_12,3.999931630884926,3.9999377980404898,3.99993791766125,3.0000000000000004,3.999937063434965
65_13,2.9999999999999996,1.5295670885314607,3.0,3.958891019484396,2.9999999999999996
65_14,3.0,3.999934720914557,2.9999999999999996,2.9999999999999996,3.999837241860775
65_15,2.9999999999999996,3.0,3.855268862768244,3.9373200938222253,2.9999999999999996
66_0,1.000103041437439,1.0001023536291485,1.0001093139770034,1.000101619525251,3.0
66_1,3.9999225475289433,1.0001026616100672,3.999924810696347,3.999934315571615,3.9999319817746324
66_2,3.0000000000000004,2.000087388784616,2.000093762115914,2.000080236412596,2.0000806592342584
66_3,4.999862405836688,3.0,4.999795390065376,4.99970081963867,4.999697207769688
66_4,3.0,3.999847767750459,2.0001332084351433,1.330329840193074,2.0001351808085492
66_5,3.0,4.999746000301262,3.999916904742784,3.999927729009773,3.0
66_6,4.999716750770448,3.9983908427876296,3.0,3.0,3.999922941441202
66_7,4.999895579972943,4.999899237136104,4.999896970100432,4.999896117037389,4.999892748036076
66_8,4.999882102230856,4.999886280400256,3.9998410156754094,1.0001607517232671,3.0000000000000004
66_9,3.999932611516646,3.9999346375003557,3.9999330875121584,3.9999334011869734,3.0
66_10,4.99964251211244,3.999912448123543,3.9999192075404006,3.9998989897704913,3.9999265713922667
66_11,3.999868667295343,4.999833399193036,3.0000000000000004,3.0000000000000004,2.0002474845357403
66_12,3.0,2.0000897699796303,2.0000787767074213,2.0000668794349776,2.9999999999999996
66_13,3.0,4.999866919285208,3.9999208081174964,3.999924495605482,4.998963832558224
66_14,1.0001023531523034,2.000658830900722,1.000106411273535,1.0001030264422914,1.0001119546415524
66_15,2.0000597718716637,2.0000709371046277,2.0000548047089874,3.0,2.0000667539539565
67_0,1.0006300032341455,2.000056309777425,1.42178386444832,1.4174116852665488,2.0000554287352688
67_1,1.3022085732353845,3.0,2.0000794836298397,2.0000798806670246,2.0001208323605373
67_2,3.999904807753063,4.999871092903618,4.999867147625761,3.9999206992471077,3.999934083863752
67_3,2.999999999999999,3.0,3.0,2.0000614006710147,2.00010189809891
67_4,3.9999225353222285,3.0,3.0,2.9999999999999996,3.0
67_5,3.9999283478656715,4.999725451793643,3.999931457018918,3.999924610388129,3.0000000000000004
67_6,3.9993406311621484,4.999886283737726,3.9998126319808343,3.999907245715058,4.99983718189188
67_7,2.9999999999999996,2.9999999999999996,1.8645050552519764,2.9999999999999996,2.9999999999999996
67_8,1.7642248835384577,3.9998228787018135,3.0,3.0,1.3816826978576298
67_9,3.999891016959847,3.9999188508975068,2.9999999999999996,2.0002390765099287,3.0
67_10,3.3731034321861695,4.999877395176901,4.999795473598041,3.999924153502626,4.999701008458941
67_11,4.999887857178841,3.999783279454692,4.999877306220051,4.999806576697638,4.9998739015482005
67_12,3.0,3.9999240213620872,3.999934255263918,3.9999333609173005,2.729494805406287
67_13,3.0,2.157060357643205,3.9999027374238043,3.9998456400813174,2.9999999999999996
67_14,2.000103750955761,2.9999999999999996,3.0,3.0,3.0
67_15,1.3214505723992234,1.0001473750877405,1.0001608569082485,1.0000626505656691,2.000073708326936
68_0,2.000057174833312,2.0000588793391594,1.000092509146127,1.9919305143806822,2.0000541625955073
68_1,3.9998739164561696,3.9998925350164867,3.0000000000000004,3.0,2.000067863284094
68_2,4.999486227091431,3.9999039856728937,3.0,2.9999999999999996,2.9999999999999996
68_3,3.9998897912962965,3.99989675155169,3.0000000000000004,3.0000000000000004,2.0000760385822534
68_4,3.0000000000000004,3.999881345674585,2.9999999999999996,2.9999999999999996,2.000061310849993
68_5,2.0000787645215876,2.9999999999999996,2.9999999999999996,1.431987611675449,3.0
68_6,4.999879563805032,4.9998818832126695,3.9999060409259184,3.9999188398766146,3.9999207722290064
68_7,3.9999266837445226,3.9999328232596008,3.999913504879067,3.999905459204483,1.5400302014436997
68_8,2.236576389893555,2.0000649044209324,1.0007173118763875,1.640669904280568,1.4712353328723717
68_9,4.999886401933519,4.999877461119773,4.999871010631155,3.999898801209711,3.999930259482512
68_10,3.9998652881665246,3.9998976859596005,4.999816546659133,3.9999182691020234,3.0
68_11,3.9998398822466443,3.999914090297363,3.9998658118057833,3.999899764480306,2.9999999999999996
68_12,3.9999043342667644,4.9998576174525615,3.999922644515527,3.999933365164514,3.999939802571447
68_13,3.999931887402329,3.9900223471580247,3.9999267735259783,3.9999007210187862,3.9998733285073618
68_14,1.8938845179795383,3.0000000000000004,2.000061437088778,1.4617740983024146,3.0000000000000004
68_15,2.9999999999999996,3.9998251470712742,3.999667751038833,1.3827092235046436,3.9984437424311654
69_0,1.4037589013246887,2.000069519413767,3.0,1.3828579395144185,2.000069044453331
69_1,3.9999200628098133,3.9999216742538692,3.9998910514575883,2.999999999999999,2.9999999999999996
69_2,4.999806562065744,3.9998974461056487,4.9998736639714565,2.9999999999999996,3.999913448772675
69_3,3.999616834877184,2.9999999999999996,2.9999999999999996,1.396824658236155,2.000063268192176
69_4,1.4408405756394074,3.9999182063920276,3.999864083997437,2.9999999999999996,4.999062157542987
69_5,2.9999999999999996,2.9999999999999996,2.999999999999999,2.0000812671153603,2.9999999999999996
69_6,3.9862491166654905,3.99961764707241,4.999879362518264,3.999891234387906,3.9997293627205437
69_7,3.9999114786358385,3.9999204820415146,3.0,2.9999999999999996,3.9991430237636605
69_8,2.0001325744587257,1.0001418187064681,1.0001418239521418,1.0001153541213736,1.0002650810949705
69_9,3.9999330707761485,3.999926028675849,4.994700928963837,2.9999999999999996,3.9999223364393353
69_10,3.96504136190061,4.999873498720316,4.999879362518264,3.999885187742435,3.9997543915013436
69_11,3.9876829861398018,4.999791299793734,4.999879362518264,3.9999062143767397,3.9997543915013436
69_12,2.4889937764990306,3.9999365432527116,3.9999365532541025,3.9999293286931517,3.0
69_13,2.9999999999999996,3.0,2.0002006177785208,1.4556522902969637,3.9985891341466497
69_14,2.827129062338477,2.000065166276338,2.000059052475409,2.000054708057279,2.0000546689198093
69_15,2.0000546630313933,2.00005706416024,2.00005608452831,2.0000548819727224,2.0000545373105463
70_0,3.0,2.000124794528749,1.426579295678286,1.5432525778316815,1.4864382480798533
70_1,3.0,4.998931576875136,3.999930547709997,3.9999262375589097,3.9999363655954188
70_2,3.9999267261901172,3.999927756204438,2.001304196997989,2.0006033088422686,1.9495628287109228
70_3,2.9999999999999996,3.998824574812433,2.9999999999999996,2.9999999999999996,3.0
70_4,2.000299118519751,2.9999999999999996,3.0,2.0001131333707245,3.999804239282449
70_5,3.0000000000000004,2.9999999999999996,2.9999999999999996,3.0,3.999908364505208
70_6,4.999750989066123,3.999909348178447,3.0,3.0,2.108811117455997
70_7,3.999911415280628,2.9999999999999996,3.999915300752803,3.999892190934072,3.0
70_8,1.0002291563563173,1.3815996464565805,1.0000562876323276,1.3735650177869057,1.0000677225807018
70_9,3.999918691187439,3.9999294205644933,2.9999999999999996,2.9999999999999996,2.9999999999999996
70_10,4.9997792681912845,3.999915470910473,3.999918229746601,1.0202891717357563,3.0
70_11,4.999745158306107,3.999912665595047,3.999918229746601,2.00313125311664,3.0
70_12,4.99966807640472,4.9996679163338325,4.996419868512667,3.9998823389042646,3.9999131141668403
70_13,3.999922716068939,3.9999260667649352,3.0,3.0000000000000004,2.9999999999999996
70_14,2.999999999999999,3.0,3.0,2.9999999999999996,3.9998596925406043
70_15,2.9999999999999996,2.00014581021086,1.1605567941291706,1.9741220447732433,2.999999999999999
71_0,2.000017033634736,2.0000261807036877,1.0001063953606386,3.575248249960847,1.4475615984149002
71_1,2.0578851281120074,3.998710256966939,2.00004999845078,4.594832506284985,3.9999182319713937
71_2,4.647487852784763,4.999929574396981,3.9999302161989045,3.999935376672951,2.000049998629573
71_3,2.000049998057437,4.247861696736435,2.9999999999999996,2.9999999999999996,3.0
71_4,4.65364510468133,3.9999175776337323,3.9997620928285706,4.016999879155111,4.322660654013602
71_5,3.977852985996267,3.0,3.999930773770978,3.9999332287975164,4.573200466111325
71_6,4.9997701666644,3.999903094964993,4.999922141104714,2.9999999999999996,3.0
71_7,3.2694214086034474,4.615824807450631,4.749429973124705,4.7885853790300885,4.3367501759380325
71_8,1.0001472643805431,1.0001286759005688,3.511939041435384,3.382479957862227,2.0000499994222305
71_9,4.893848837805842,4.610352858015732,2.9999999999999996,4.236413512232492,4.746791040317727
71_10,4.698966335952477,3.9999049679106804,4.999810646658428,3.0,3.0
71_11,4.999947986637187,4.999890561763517,4.999945428670025,4.999941053362656,4.999780965496344
71_12,4.999870547268918,4.999942777014445,3.9998642063078385,3.999813170463682,3.9999127384575726
71_13,4.696980084930014,4.99987117123968,4.559027301608892,4.5569160816499785,4.545643264500924
71_14,4.99954840361331,4.999828509943109,4.999694983622467,4.599488083631097,4.586553994471314
71_15,3.0,4.999900003968561,2.331560532719287,3.0,3.9996313819299574
72_0,1.0004961326910458,2.000057752590889,2.000076879550655,2.0000684797293884,2.0000554508339725
72_1,3.0,1.1883617822592494,3.9998253066517777,3.9992763956577972,2.9999999999999996
72_2,3.999865769655178,4.999867050746222,3.9999035696093013,3.999934997804755,3.9999176766451394
72_3,3.999917261485054,2.999999999999999,2.9999999999999996,2.999999999999999,3.0
72_4,3.999922819339885,3.9999266798882123,3.9999329881014125,3.9999344428619934,3.999935059089231
72_5,3.0,3.999914056616474,3.0,2.9999999999999996,3.0000000000000004
72_6,3.999898624605713,3.999903593562608,3.999897045784606,3.9999333931824075,4.999471414786122
72_7,3.999913620247762,3.999929923149622,3.999898665894289,3.999902122714961,3.999924212980295
72_8,1.5069652606503547,2.0000615240001487,2.000076884602265,2.0000656624361635,2.000069573977761
72_9,2.9999999999999996,2.9999999999999996,2.9999999999999996,3.0,2.999999999999999
72_10,3.999623810724615,4.9998845762169175,4.9998711792753525,3.999899358772562,3.9997521359787083
72_11,3.9994755561528614,4.9998927249115885,4.999845841776422,3.9999048178335728,3.9998138624373887
72_12,3.999920295540339,2.9999999999999996,3.9999214811920023,3.999934481322208,3.9999254560750326
72_13,3.000000000000001,3.9999161746881216,2.9999999999999996,2.999999999999999,3.999824867454591
72_14,3.0,2.0000632340484197,3.0,2.0000566297893614,3.0
72_15,4.999705778145379,2.000058762196093,1.4788226975030623,2.0000570162925584,2.0000544394787454
73_0,1.5736988154426632,1.6916184174151407,2.0000499980693567,1.6861363759011965,1.4807215129880262
73_1,3.0,3.0,3.9999327344565225,3.9998772699207246,4.994984724366
73_2,4.999886349569893,4.999893539509949,4.9998824264864155,4.999676040342637,3.9998665007926517
73_3,3.9999393631754234,3.000000000000001,3.9999362939885543,3.9999217069882707,3.9998912942297355
73_4,3.999888938845332,3.0,2.9999999999999996,1.8039015007944748,2.999999999999999
73_5,3.9999318337216017,3.999933250525511,3.0000000000000004,2.0011473761238094,3.9999177699613306
73_6,4.99987648176494,3.0,3.9999142311636326,3.999914037458876,3.999915785119702
73_7,3.9999312367466944,3.998500060079972,3.9999349667591093,3.999935716595222,2.0000499982719875
73_8,2.9999999999999996,3.999910486066769,3.9999085635958846,3.9998708709958426,2.0000499981110744
73_9,3.999929631676671,3.999502520553263,3.9999340255580074,3.9999130750908196,3.9999424782500097
73_10,3.999922100936246,3.9999044917676936,4.999766929343732,3.999937722189416,3.0000000000000004
73_11,4.999889375377028,4.999892712633779,4.999874489828805,4.999850837407001,3.99969538107153
73_12,4.999890594696933,4.999895589662684,4.999871046801864,4.999820836788206,4.99985807425276
73_13,3.99969575019956,4.99984586583716,4.999746028414616,4.9994556470611675,4.999531055891009
73_14,2.9999999999999996,2.9999999999999996,2.999999999999999,1.5837224851128282,2.000133817287832
73_15,3.0,2.0001174555420644,2.000086129760252,2.0000907541951323,2.999999999999999
74_0,3.9999125018846313,3.999932288245268,3.9998884824779,2.9999999999999996,2.9999999999999996
74_1,4.999795463535918,3.9998986429819157,3.9999321299106034,3.9999276819212843,3.0
74_2,3.9998876548807534,1.81025743181762,4.999804825805826,4.99950668863733,4.999314130689142
74_3,3.9999266820803223,4.999797881227918,3.9999317518173823,3.9999023194307073,3.0000000000000004
74_4,3.9999303201952783,3.99993631859027,3.99993149550248,2.9999999999999996,2.9999999999999996
74_5,3.999911361828679,3.9999021208749945,2.0030680361932194,2.002616377508828,3.0
74_6,4.999870328667692,4.999882289599985,4.999711525818525,3.999923637301042,3.999918977593862
74_7,3.999934091344415,3.999926616206321,3.99993698028661,3.999921132402978,3.999941448245061
74_8,2.0000683614749852,3.0,3.0000000000000004,1.437465527128218,2.000058995151242
74_9,4.999783572155291,4.999810967864393,3.99993804399915,3.9999348198431415,3.9999420863635886
74_10,3.999880558428831,3.99980342195449,4.999731642011528,3.0000000000000004,3.999268424539493
74_11,3.9998759257829537,3.99980342191518,4.999770007411447,2.9999999999999996,3.9996732625375535
74_12,4.99985142410816,4.999871016677724,4.999749336145763,3.9999253745872028,3.9999348083097455
74_13,3.999891975496884,4.99974710476229,3.999919957682023,3.9999248993620715,3.9999306376873895
74_14,3.999884057109475,3.9999017849531393,3.999718097164183,2.999999999999999,2.9999999999999996
74_15,2.9999999999999996,3.9995976908968993,2.000110602298357,2.000063425428647,2.9999999999999996
75_0,1.3504708449492593,1.0001535873543936,1.0001197279042582,1.000113539087321,1.0000560132025256
75_1,2.000104477042712,3.0,1.399968776465584,2.000054157630756,3.0
75_2,4.9998709214500705,3.999475527844012,3.999913384437013,3.9999351739399844,3.999939306913232
75_3,3.9998944297777026,3.999883698255466,3.9995417584050434,3.998897635910313,3.0
75_4,3.999916476278258,3.0000000000000004,2.9999999999999996,2.999999999999999,3.9997922458959425
75_5,3.9998957090729546,3.999811338639431,3.9999055381137465,3.9999162631943554,3.9999245843999267
75_6,4.999898563024725,4.999899772094968,4.999887953015007,4.999880127996498,4.999871009334873
75_7,3.999933838002353,3.000000000000001,3.0000000000000004,2.9999999999999996,2.9999999999999996
75_8,2.000236368468055,3.0000000000000004,3.0,3.0,2.9999999999999996
75_9,3.9999167257828008,3.9999209989927302,3.9999303615154753,3.999922838643021,3.999935663753917
75_10,4.999891629691905,4.999886270112047,3.9566800610623187,3.998713686409352,3.0000000000000004
75_11,4.999894316898813,4.999899476052459,4.999892695682837,4.999877393413916,4.99988246267415
75_12,4.999807174388561,4.999818037849988,3.999906156521898,3.999930351752716,3.000000000000001
75_13,3.999882401389242,3.999923072049102,4.999558507040472,3.0000000000000004,3.999912787459559
75_14,3.0,3.9998777256878233,2.9999999999999996,2.9999999999999996,2.9999999999999996
75_15,2.9999999999999996,3.999864452962281,2.9999999999999996,2.000093109750926,2.000090312067842
76_0,1.0001883968146121,2.00009418967335,1.0001688104114628,1.000125306832807,1.0001472621054601
76_1,3.9999047745172285,3.9999215186365458,3.0,2.0002831780459145,2.9999999999999996
76_2,3.0150567757164923,2.9999999999999996,3.9998126540481787,2.0000727499001694,3.0
76_3,3.9999038714171826,3.999931729325081,4.9991441359172155,3.0000000000000004,3.9999375933675565
76_4,4.999871109651854,4.99984533621088,3.9999283079996544,2.300866997935979,3.999937113230186
76_5,3.999905920528269,3.0,4.999475949400404,3.0,3.9998910988401257
76_6,4.9994088312613005,3.9999131250912874,3.0,2.9999999999999996,3.999864314426282
76_7,4.999646197143724,3.9999343696921077,3.999933124779405,3.9998663873543623,3.0000000000000004
76_8,1.0001135437377664,1.000113556562673,1.0001105485277373,1.0001044056754838,1.00010930391785
76_9,3.0000000000000004,2.999999999999999,3.0,3.999432016984634,2.0000977065303
76_10,2.9999999999999996,2.9999999999999996,3.0,2.0000884292793786,2.000105343073167
76_11,4.999887892461371,3.999874577910785,3.9997742627303596,3.9998883313363414,3.999865261407593
76_12,2.2353087055672414,3.9999290240070056,3.999903501004085,3.9999028881397116,3.9998251491167554
76_13,4.999766470240254,3.999908483883822,3.0,3.0000000000000004,3.0
76_14,1.5175450001535404,2.0000619656191687,2.0000613695552025,1.000246367970645,1.4565543130785474
76_15,1.417544988841934,1.4506242133739378,2.9999999999999996,2.9999999999999996,2.373360128166112
77_0,1.3434263755036429,3.0,2.0000820038936893,3.0,2.0000711108164366
77_1,3.99991106387157,1.0003085951551345,2.0009108611319517,3.0000000000000004,3.9999071644930813
77_2,3.9999143863945914,3.999926744769643,2.0004156756254656,1.1654861246159152,2.9999999999999996
77_3,2.000057257901367,1.0007772439305858,1.5509012876078299,2.0000644654442215,2.00008044780951
77_4,3.9999336088761144,3.9999145669680773,3.999928410265412,3.999931797759777,3.999933628953998
77_5,2.0000521433583076,3.0,3.6092361696659463,1.0004089701557457,2.00005298140619
77_6,3.0,3.9999300892467335,3.9998935703016234,3.9999230888011548,3.99992364534341
77_7,3.0,1.554404071582816,3.999931735755525,3.9998782635257295,3.0
77_8,2.000202770921339,3.999851747811997,3.0,3.0,1.5197519524538485
77_9,3.9999331665691447,2.9999999999999996,1.3413541052408393,1.7781490318893964,3.9999329745563252
77_10,2.000150620480947,2.0004762323888303,3.0,2.9999999999999996,1.77246080571226
77_11,3.0,3.0,3.999927348990672,2.999999999999999,3.0
77_12,3.99993301113089,1.4605887372929764,3.9999298066884656,3.9999110432997282,2.9999999999999996
77_13,2.0000810434530756,1.418817093390983,2.000095056295233,2.0001073736312494,1.4518322564862731
77_14,1.629463768770876,2.9999999999999996,1.1697684720149952,2.0001182190152726,2.9999999999999996
77_15,2.9999999999999996,2.9999999999999996,1.9738560724504226,2.9999999999999996,3.0
78_0,2.000126936397148,2.000081529680311,2.9999999999999996,3.0,2.9999999999999996
78_1,3.999838452622435,3.999862790448288,3.0,2.999999999999999,2.9999999999999996
78_2,4.999899230925945,4.999897622101537,4.999896958335878,4.9998845804030685,4.999895590605049
78_3,3.0,3.9999238144116833,4.999702095514374,3.0,4.999426153797134
78_4,3.0,3.9998291247777154,3.999919421810528,3.9999284787029086,3.999937057242014
78_5,4.999898368756802,4.999899015196185,3.9995801768754657,3.9997950364166592,4.999877447329148
78_6,4.99989963454068,4.999898377172906,4.9998949550622545,4.999884464173202,3.0206895072870514
78_7,4.99986726636826,3.999904661994268,3.999921800037852,2.9999999999999996,3.999930055985537
78_8,2.0000967578374778,2.000087210163224,2.9999999999999996,3.0,3.0
78_9,4.999874511271821,3.0,4.999783945247285,4.999730054344748,3.99992810268461
78_10,2.0002162076145185,3.0,3.9998968343581804,2.000064821095434,3.0
78_11,4.999899320268613,4.999897622101537,4.999896100610799,4.999891722393475,4.999893584541618
78_12,4.999897325682625,4.999897326815173,4.9998935750422095,4.999884619631482,4.999882581073604
78_13,4.9997954814306125,3.9998291247777154,3.9999166905360433,3.999930525559361,3.9999214236854503
78_14,3.9874002611158037,2.9999999999999996,2.9999999999999996,2.9999999999999996,2.9999999999999996
78_15,3.0,3.999936148929814,3.9999051468629108,1.7668746474803034,3.0
79_0,2.0000633314850056,2.9999999999999996,2.000069742362045,1.4690950229575448,1.4670187044660157
79_1,3.999837540079374,3.999907281990747,1.51376201700295,2.0001049625407634,2.0000818561139786
79_2,3.9999161498042306,3.999917754536188,3.9998559994529748,3.9998823894652604,3.9999042050311355
79_3,1.3730963392360993,2.9999999999999996,3.0,2.0000835623494573,2.0000628146026345
79_4,3.0000000000000004,3.0,1.0001030181114294,3.9997197221428733,2.9999999999999996
79_5,3.9999281818607977,4.999780032656834,3.999917920227522,3.9998852074177624,3.9999023335824906
79_6,3.999873490653245,3.9998835422746164,4.999856362459101,3.999110331414836,4.9995216531825335
79_7,2.000183996198604,2.9999999999999996,3.0000000000000004,2.9999999999999996,2.000068868137769
79_8,3.0000000000000004,2.000065598140239,2.000070491193765,2.0000651634985034,2.000059006338435
79_9,3.9999279184888077,3.9999329963496275,2.9999999999999996,3.0,2.0003688709172702
79_10,3.0,3.9999273991410473,3.999902488502591,2.0002256471218898,3.999885998192923
79_11,3.999827082472386,4.999879948377932,4.999832367161838,4.9998162671959765,3.9999045096457055
79_12,4.999788901887579,3.9997936812430273,3.9999037575567384,3.9999072917712555,4.968251612835692
79_13,3.999904301000553,3.0,3.9994292493064303,3.998900397822517,3.998722851082964
79_14,3.0000000000000004,2.9999999999999996,1.0001000113004277,2.999999999999999,2.0001199895684194
79_15,3.9999216580397783,3.9999267938862375,3.999872779162594,3.9998678072683895,3.9998484547194435
80_0,1.4419435244129015,2.000068826758602,1.0000999962102302,2.00009430080837,2.000066531418775
80_1,1.6803521282498088,3.0,1.6949601319035992,1.6988171901595615,1.1375518175806596
80_2,3.999924964583258,3.0,3.0000000000000004,2.9999999999999996,1.3636187083840026
80_3,3.0,3.999931900103452,3.0,1.8338347521336789,1.55696222908156
80_4,4.999845929078485,4.999857887600622,3.999899160723178,2.331949334123051,4.999369600532146
80_5,1.0850936473957946,4.999819977116343,3.9999320851393074,1.7308736143873988,1.9354194850343307
80_6,2.6192614217355525,3.0,4.999798331751036,4.9997657697070075,4.9997521135132965
80_7,2.9999999999999996,3.0,1.5335475064438562,1.826813158787989,1.5308429673876587
80_8,1.0002469247442891,1.0001690825319898,1.0001370488244181,1.0001538878559384,1.0000999969015603
80_9,2.299118088986405,3.999937300675459,3.0,1.6999041646335844,1.4683539344098646
80_10,3.0,3.9999093053883277,1.0000999965558948,1.5789345486440158,3.9999216494237957
80_11,4.999893565947451,1.0000999969849969,4.999886317184334,4.999862580258764,4.9998515645267805
80_12,1.4916832074421005,2.9999999999999996,1.7108325182398312,1.6889310941273283,1.802698944281204
80_13,2.2745181847543297,4.999809880554471,3.999928233396143,3.9999349879228836,3.9999353994345626
80_14,2.0000579651769144,1.0006347405657428,1.000200291992829,1.0001607502090901,2.000073824820324
80_15,2.9999999999999996,2.9999999999999996,2.00013914841266,1.6659703876626086,1.7263527276180473
81_0,2.9999999999999996,2.9999999999999996,2.9999999999999996,2.9999999999999996,2.078253565195081
81_1,4.9998775209196,3.0,3.9999279502729572,3.9999216937235764,3.608797775125624
81_2,4.999843993868403,3.9997515316406225,3.9999046199155326,3.9999197164095914,2.8243888441977645
81_3,4.998810865489936,3.999920801556593,3.9999159439441074,3.9998837116979202,3.999898816871791
81_4,3.999897022561548,3.9993068190980567,4.9997714312011015,3.0,4.99951250834599
81_5,3.99989103994648,4.999818018587858,3.999884650953097,3.9998785351125545,2.9999999999999996
81_6,3.9998117599515037,3.0,4.999865981543282,4.999842314986146,3.9998652763934652
81_7,3.999855937584181,3.9998763103446717,3.0,4.999782134067337,3.999934475616892
81_8,3.0,2.000145261735738,4.999891227058302,4.999842076167428,2.0001094079925323
81_9,3.0000000000000004,3.999826656596023,4.999806523154802,3.999923187021008,3.9999268084629294
81_10,3.999915692860125,2.009606222511967,4.999782626538978,4.999474612120051,3.9999234405712216
81_11,3.999852266450261,3.0,4.999870513300413,4.999694996217847,3.9999077392788926
81_12,4.99965774551285,4.999851425523997,3.0,3.9999210235235036,4.999633968658323
81_13,4.9998361636294355,4.999891681376908,4.999851047628086,4.999837870231941,3.999876131915327
81_14,2.2880269456865525,3.9999376074448265,3.9999278281315527,3.999915088709181,1.3273489521493875
81_15,3.9999356588605677,3.999473975864035,3.0,3.0,4.999185912382912
82_0,3.999934577067574,3.9999372445096513,2.9999999999999996,2.9999999999999996,3.9999215089786415
82_1,3.999931216769167,3.999935223083531,3.9999047199891877,3.9999119742942697,2.9999999999999996
82_2,4.9998801953184495,4.999893571584874,3.9998991826515673,3.999920347968467,4.999579895651123
82_3,4.9998844603363715,3.9993406947546117,3.99969547656178,3.9999134311589275,3.9999253964964296
82_4,3.999897744079306,3.9999168006908943,3.999933148560082,3.9999314151163134,3.999924036028976
82_5,4.999892721430605,4.999893576317757,4.999891758236271,4.999838314804052,4.999867203926957
82_6,3.9988128005672894,4.999896559985657,4.999880179536296,3.809614365083805,3.999898259504492
82_7,4.999646329705432,4.999767679692893,3.999935402753483,3.9999392659323454,2.4731689824034495
82_8,3.9998968618871444,3.999921280830068,3.999915774597947,2.9999999999999996,2.9999999999999996
82_9,3.691548904376088,4.999846061186494,3.99993537177974,3.9999378327321806,3.999935834444266
82_10,4.999898883073091,4.999896560939329,4.99989655993787,3.9998430801505918,4.999896571261296
82_11,4.999899230723609,4.999896963735928,4.999898563370914,3.9998429409969534,4.99989656768554
82_12,2.9999999999999996,4.997433620558644,3.9999287326605715,2.999999999999999,3.999907634575918
82_13,4.999894289292266,4.999897629944291,1.0001018290147352,3.9998890437769585,3.9999055809864705
82_14,2.9999999999999996,1.1012471844701162,4.554917054385605,4.764346187166449,2.0000574202384938
82_15,2.000125970735717,2.000095015818653,2.9999999999999996,3.0,2.0000772593401095
83_0,3.0000000000000004,3.999942200994181,3.999937318644116,2.999999999999999,3.0
83_1,2.9999999999999996,2.999999999999999,2.9999999999999996,3.0,1.6978312432944536
83_2,3.0,4.9997799891248205,3.0,2.9999999999999996,3.0
83_3,3.9999294978107804,3.9999254682120533,3.999930369382349,3.99990072185266,2.9999999999999996
83_4,3.0,3.999914838613245,4.999675900574413,2.9999999999999996,2.999999999999999
83_5,3.999917611092335,4.9993299518129355,3.999924110412195,2.9999999999999996,2.999999999999999
83_6,4.999819403076743,3.9998917813706454,3.999918113520308,3.999931072759542,3.99993867207462
83_7,1.2987834013890878,3.9999252708031676,2.9999999999999996,2.9999999999999996,2.00041140898789
83_8,1.0000913285762254,2.000057733090301,2.0000634120308516,2.0000698864718456,1.5698794640248248
83_9,4.999867305106823,3.9995804796508585,4.999821321730393,3.9999368965450635,3.999938426024536
83_10,3.0,4.999866995103596,4.999782680892556,2.9999999999999996,3.0
83_11,3.9999066321088463,4.9998563661675615,3.999918235806791,3.9998389119795106,2.999999999999999
83_12,3.999902960193503,3.0,3.0,4.99853078455406,3.9999111865864414
83_13,2.0007233950102803,3.999888656855248,3.0,2.0000969555899344,3.999051931968154
83_14,3.999866507880514,3.0,1.589816218292794,2.0001977289215924,2.9999999999999996
83_15,3.9998723910304093,2.9999999999999996,2.2877280741756416,3.0,3.999817287217654
84_0,1.913710468188473,2.9999999999999996,2.055630315558017,2.000135929647731,2.9999999999999996
84_1,3.9999100431260324,3.9993880386563943,4.999083066321477,2.9999999999999996,3.0
84_2,3.999865541320975,3.999813273848444,3.999909082657559,3.9999284609608665,3.999934809615454
84_3,3.999929787761456,3.9999319624598466,3.9999328770001092,2.9999999999999996,3.999896240347154
84_4,3.9999300363044217,3.9999036324710318,3.9999172335993225,3.999918888332693,3.9999176786001676
84_5,3.999917581864909,3.9999197216347446,3.9999025739760232,2.9999999999999996,2.9999999999999996
84_6,4.999893466882225,4.99988891849486,4.999874093076456,3.0,4.999817035025688
84_7,3.9999245320117827,4.9998082167611875,2.403511657260301,1.9418573076501775,3.9998970718348175
84_8,2.00005960530976,2.0000596025210258,2.0000665390725825,2.0000628237555573,2.0000571489973082
84_9,3.9999159753394737,4.9993597513901955,3.99992941506504,3.0000000000000004,3.9999127306923645
84_10,3.9998539804549478,4.999890500340992,4.999849176319658,3.9998971734754325,4.999855577976014
84_11,3.999790312161581,3.9995789006594293,4.9998841730827515,3.9998906561650434,4.99980090411468
84_12,3.9999220937322564,3.9998680470872277,2.0018253604435188,2.9999999999999996,3.999858091444879
84_13,3.0,3.9987800041547885,3.999876099303516,2.000176946342754,1.5250732123860142
84_14,3.0000000000000004,3.9999310052104433,3.9999314332687055,3.9998950641560698,3.9999181147837235
84_15,3.0,3.999932839691497,3.999928600787888,3.99968140114811,3.999846305672676
85_0,2.0000767890231583,2.0000844375284887,1.000153580637042,1.0001472497661394,1.0001606617975476
85_1,4.999882585364986,4.999890683138289,4.999863074310781,3.999877070028405,3.9998856693788216
85_2,4.9998845427118495,3.999580282622045,4.9998519641802375,4.999749426276785,3.999914278946011
85_3,3.0,4.9998862678602745,3.9998840186831996,3.9999254272085043,4.999707406421586
85_4,3.9999315866074325,3.999935261483514,3.999928473446201,3.999934440327639,3.9999319148017896
85_5,3.9999048056351736,3.999910233053427,4.999644155642182,3.9999241053520156,3.999925323069775
85_6,4.999898164094848,4.999899322460851,4.999896538373813,4.999893580943059,4.9998969615662565
85_7,3.9999271643046934,3.9999342200276726,3.0000000000000004,4.997534230048422,3.0
85_8,2.0000699119221177,2.00006283273766,3.0,2.000060670170856,1.0010958602451074
85_9,3.999933114797399,3.999936899708201,3.0,2.9999999999999996,3.999938968627872
85_10,3.999899721730186,2.9999999999999996,3.0,2.000086911974007,2.0001943483203153
85_11,4.999898555467898,4.929539490465583,4.999899473464823,4.999897923287243,4.999898565861864
85_12,4.999845854166399,4.999858056787295,3.9998852178968844,3.999867228861497,4.999863028336891
85_13,3.0,2.9999999999999996,3.0,2.9999999999999996,3.999816234831842
85_14,3.9999057066923935,2.9999999999999996,3.999892898710158,2.9999999999999996,2.9999999999999996
85_15,2.9999999999999996,3.999879462486388,3.0,2.9999999999999996,3.9999247776927613
86_0,2.0000689231037962,1.5391043126139368,1.000099996806204,1.0005179716317867,2.0000590068393773
86_1,3.999918380070407,3.0,1.7500337012071479,2.9999999999999996,3.999166143189659
86_2,3.999908684864578,4.999662249527206,3.999876363168382,2.9999999999999996,2.999999999999999
86_3,1.001809763437975,3.0000000000000004,3.0,1.0000999966512505,3.0
86_4,2.9999999999999996,3.0000000000000004,2.9999999999999996,3.0,2.00006261978474
86_5,3.9999195166237684,3.9999251922942682,2.999999999999999,2.999999999999999,2.9999999999999996
86_6,1.0001027718113147,4.999594743755157,4.999644208544774,1.7574436197118188,1.0000999961267942
86_7,4.997995609290292,2.2968508618006616,2.2483634753696284,1.6643719943497954,2.1391340767178844
86_8,2.0000614215620502,1.0015830400654693,1.0003419550838275,1.000450078961871,2.0000685326399776
86_9,2.6126833152340074,4.999857399162074,4.999558011892717,4.999114043598975,3.999927387293035
86_10,3.999905999640914,3.9999254684982377,2.999999999999999,2.9999999999999996,2.9999999999999996
86_11,1.291304078871805,2.0001301126794284,1.6041976793164499,1.0000957157809083,2.0000783257108847
86_12,2.0642723636131115,3.9998766171214526,4.999830250557209,2.0120670191067322,2.229435917371421
86_13,3.0000000000000004,2.000098297605155,1.00393382854554,1.0006977002483768,2.000057488624501
86_14,2.0000585195899228,3.0,3.036868467493529,1.0002464778890765,3.0
86_15,3.999922836415478,4.999347978039449,2.9999999999999996,2.9999999999999996,2.9999999999999996
87_0,3.999766762674827,3.9998246855630795,2.9999999999999996,3.0,3.9993782922571564
87_1,3.9018361153561414,2.0001780246948053,2.000094298607581,3.803394883525932,2.0000781324026544
87_2,3.0,2.999999999999999,1.352055869693281,2.0000629929943714,2.0001084343102575
87_3,3.0000000000000004,4.999846637365205,3.0000000000000004,2.9999999999999996,2.9999999999999996
87_4,2.0000692244417215,3.0000000000000004,1.0001185587654426,1.4862573949608178,2.0000631224793786
87_5,3.23101445450698,2.8957996574419926,2.999999999999999,2.9999999999999996,3.9998366135117607
87_6,3.0000000000000004,4.99986424499023,3.999870206222366,3.9998844341036506,3.999897038880834
87_7,3.9999127746793888,3.999907590985308,3.0,2.9999999999999996,3.0
87_8,1.3392535534022205,3.151275789700567,2.0000593868561416,2.0000636807901433,2.000057484398287
87_9,4.999910814534443,3.9999249580470306,2.0037858349718,3.0,2.001885552244329
87_10,4.999794689980174,3.999884928238846,3.9998590068786313,4.647464497286119,3.0000000000000004
87_11,4.999843834385147,4.9998759230045495,4.999940203764955,3.9998942019632073,3.0
87_12,3.0,4.999904370832162,3.999845773343399,3.99966119042597,2.9999999999999996
87_13,3.3450473865769474,2.8957996574419926,3.9998932636822717,2.999999999999999,3.9998366135117607
87_14,2.0001249270402384,2.999999999999999,2.000144187026088,2.0001087499382,2.9999999999999996
87_15,3.1899551811704616,4.231630532003311,2.0000786694398363,2.000063841265191,2.999999999999999
88_0,3.0,2.0000593324182265,2.000068846934259,2.0000623586382646,2.000054738196089
88_1,2.000280422849835,3.999900049695047,1.5108250382341513,2.0001272610503573,2.9999999999999996
88_2,3.0,3.999887021852074,3.0000000000000004,3.0,2.9999999999999996
88_3,4.9997715491242465,3.999903505596974,3.0,2.9999999999999996,2.9999999999999996
88_4,3.0,3.999808327812527,3.0,3.0,3.9992848313372984
88_5,4.9998128875378045,3.9983647258752715,3.0,3.0,2.9999999999999996
88_6,2.000215058512834,2.9999999999999996,4.999487139016791,3.9998045509886313,2.9999999999999996
88_7,3.9998890470609223,3.999902549615448,3.0000000000000004,3.0,3.9999303523063863
88_8,1.000364811306282,3.0,3.0,3.9997406834721736,1.0002616023439446
88_9,3.999915023068836,4.999295814460336,4.999576928226077,4.996953891054666,3.9998933812585986
88_10,3.0,3.9985884166443024,2.000250265229428,2.000146576889978,2.0000982890051673
88_11,3.0,4.999767389682229,3.999896625914927,2.000235947949858,4.9979914201056905
88_12,3.9999208490148677,3.0,3.0000000000000004,2.9999999999999996,2.000444645451227
88_13,3.999910717278876,3.9998663164282147,3.0000000000000004,2.9999999999999996,2.9999999999999996
88_14,1.000376220115858,3.0,2.0000951791874972,2.0001068885594147,2.0000845037151915
88_15,2.0001523918835806,3.0000000000000004,3.0,2.0001073716203326,2.0000982886710115
89_0,3.0,2.0000579386854174,2.000059617270791,2.0000596085099023,3.0
89_1,2.0004032595284063,2.9999999999999996,3.999677814771475,1.0019474424088353,3.0
89_2,3.9999144945344276,3.9999141822939936,3.9998857442568645,2.9999999999999996,2.999999999999999
89_3,2.000225155407747,3.9998022820107852,3.9998068994740645,2.9999999999999996,2.999999999999999
89_4,3.9998904511692777,4.999761212301506,4.99970894595907,4.996697318675632,2.999999999999999
89_5,2.0001845413691597,3.999843811494427,3.9997644190896215,2.9999999999999996,3.0
89_6,2.9999999999999996,2.0001538361583013,2.0000747316045007,2.000072436548424,2.0000690513142403
89_7,2.9999999999999996,2.9999999999999996,2.0001906593001437,2.0002526007311534,2.9999999999999996
89_8,3.0,2.9999999999999996,2.0001388019167936,2.0000816804316868,2.0001022298406688
89_9,2.000074973163169,2.000080145318419,2.0000751028562993,2.5575950572479176,2.540366275188702
89_10,3.999888057611842,4.99969245163511,4.999631481922323,4.997977008851041,2.999999999999999
89_11,4.999814454902595,3.0,3.999845841719323,3.9996726562322817,3.999788232838277
89_12,3.9998846210073613,3.0,3.0,2.999999999999999,2.0001232202462904
89_13,2.000086402065466,3.0,1.0008437899700948,1.0004211493460797,3.0
89_14,3.0000000000000004,3.0,2.000093501469378,2.000063153262586,3.0
89_15,3.0,2.999999999999999,2.9999999999999996,2.9999999999999996,2.0000789812559945
90_0,1.496450976469211,2.00005871781893,3.0,1.7059119006307628,1.6843840208681922
90_1,3.9999274447689395,3.9999360733825715,3.0,3.999923313907033,3.9999306574108258
90_2,4.999887990645376,4.999893592111742,4.999820431840208,4.999830578435219,4.999830900414639
90_3,3.999935781859724,3.0000000000000004,3.9999193094538033,3.999916973321664,3.99993488807159
90_4,3.9999300642743463,4.9997694893702365,3.999935733556502,3.9999169743511196,3.0
90_5,2.22637871202849,3.999915225259807,3.0,2.9999999999999996,3.0
90_6,3.9999252764708233,3.9999154063852282,3.9999230625900424,3.99992498992517,3.99992773440718
90_7,3.9999348221796867,3.9993621149038168,3.999927830857275,3.9999322877753727,4.999282271794517
90_8,2.9999999999999996,2.00006569133116,2.000067536001764,3.000000000000001,1.6886110466928594
90_9,3.999917408770023,3.999917673895675,2.9999999999999996,3.9999315106559084,4.999558637900623
90_10,3.0,2.0002218154516593,3.0000000000000004,2.0000705719605496,2.0000943527879445
90_11,3.999931977603854,3.9998919487749482,4.999506522149515,4.999418238450923,3.9999256713600766
90_12,2.7653286513883253,4.999862886624891,4.999820644451325,3.999924154359635,3.9999276239203736
90_13,4.999793376031708,3.999917430603641,3.0,4.999507818380373,3.999932214407288
90_14,2.0000603575937532,3.0,3.0,2.000059393436257,2.0000635156429745
90_15,3.0,3.0,3.0,2.6554572557256084,3.9999246465311247
91_0,1.0002000577069545,1.0001779511479656,1.0001607093863467,1.0001368289291075,1.000141703267126
91_1,3.999917910572545,3.9999135178428173,3.9999236682984023,3.0000000000000004,2.9999999999999996
91_2,4.999571203411998,4.999828145293232,2.9999999999999996,3.0000000000000004,3.9999106021364192
91_3,2.0001244007961043,2.9999999999999987,2.0000837116984216,2.0000606163822763,2.0000589265417488
91_4,4.999845584960634,4.999889367341761,4.999866599809104,4.999461901933336,3.0000000000000004
91_5,3.9999126672499026,3.9999140461185707,3.9999135737661664,2.9999999999999996,2.0002230232599882
91_6,4.999779214971129,3.999908507769238,3.0,3.0,3.9999281010698704
91_7,2.9999999999999996,3.9999334080346123,2.0011483987550163,2.0005561441877266,2.9999999999999996
91_8,4.9998458615431876,4.99986711653632,3.99988375142315,3.0,3.9999142598328254
91_9,3.999900957077383,3.999903288421346,3.0,2.0001097483044825,2.0001285490779352
91_10,3.9999246998803692,3.9998984563487907,2.31501247409386,1.7605746514215699,3.999916235243568
91_11,4.99985146263106,4.999877343827899,4.999836560423716,4.999662333098816,4.999762128304735
91_12,4.999825325731991,3.99989080871542,2.32209580290529,3.0,3.0
91_13,2.0001477781962853,2.9999999999999996,2.9999999999999996,3.0,2.0000695015463967
91_14,2.9999999999999996,3.0000000000000004,2.9999999999999996,2.999999999999999,2.0001490315566435
91_15,2.000072266191869,2.000081596447553,1.4356709453847831,2.000057703189645,3.0
92_0,1.8185471099022303,2.999999999999999,1.793686880744166,1.8440672923213859,2.0087159615531966
92_1,4.99981840813905,4.9998799736125195,4.999763831849304,3.999924484193575,3.999931845654459
92_2,3.999918978532845,4.999636921180642,3.999926699298203,3.000000000000001,4.997897619023463
92_3,1.9919748409552,2.0000839911587422,2.000071324409942,2.000068747203967,1.0006331727456352
92_4,3.999915891871368,4.999641876490207,3.0,3.0,3.9999235226803505
92_5,3.9999236445852513,3.000000000000001,3.9999130180072435,3.999925830249053,4.999320797057087
92_6,4.999862295631124,4.999857147963678,4.999656628370728,2.24933190418049,3.999918980375133
92_7,4.999780038386405,3.9999273546169483,3.9999285912360083,3.999903770523536,3.0
92_8,2.0000701153807507,1.0005573862834292,1.000201650201919,1.0002504954966125,2.0000634513787117
92_9,3.99987700213441,3.0000000000000004,3.9998864303908266,1.1261692203436198,1.0911008221649734
92_10,4.999744656590418,4.999857414914845,4.999827511168737,3.9999231833625437,3.9999163415752657
92_11,4.999828838026975,4.999879977271892,4.999851018897093,4.999762979768279,3.9998292358295
92_12,3.0,3.999929352975921,3.0,3.0,3.0
92_13,2.000061542613673,1.0019803912705565,2.0000734861104434,2.0000810507387374,2.000066952676025
92_14,3.9998504828974535,3.9998840296929212,2.00022386005482,2.000119279654887,1.35550876788121
92_15,2.999999999999999,2.999999999999999,3.0,2.999999999999999,2.9999999999999996
93_0,2.0000579696297636,2.0000551417151824,2.00006067190475,2.000055607181839,2.0000538274194506
93_1,3.9996562253869863,2.999999999999999,2.0001291181924645,2.0001083540686664,2.0000722523347885
93_2,3.9999322730491915,3.9999258707967713,3.9999268173597624,3.9999324797678995,3.999939296089394
93_3,3.999616116987259,2.0003915346935957,2.000097214524642,2.000060640157105,2.0000578724011246
93_4,3.9998828198778025,2.9999999999999996,2.0003714155545254,2.0002790441310734,3.9998060712835772
93_5,2.9999999999999996,3.9998104721514727,2.7760958364505286,2.9999999999999996,2.9999999999999996
93_6,3.9997510464276296,4.999873806903284,3.999812481992693,3.99991926590667,3.9999123577822875
93_7,3.983402562167242,3.999927769899772,3.0,2.9999999999999996,3.9998109592573514
93_8,3.0000000000000004,3.9987855001399244,3.999908134439418,3.999892629600371,3.0
93_9,3.999918803989311,3.9999271701215084,3.0000000000000004,3.0,2.999999999999999
93_10,4.999828136083924,4.999880016843362,4.999851925811094,3.0000000000000004,2.9999999999999996
93_11,4.999836569616333,4.999866916611731,4.999857566761087,3.9999171034606826,3.000000000000001
93_12,3.9999126367011923,3.99987394901606,3.999912002664546,3.999915924137818,3.0
93_13,3.999802391913816,3.0000000000000004,2.999999999999999,2.999999999999999,2.0001747884463943
93_14,2.9999999999999996,3.999413629056549,2.9999999999999996,2.9999999999999996,2.000162835929794
93_15,2.000148334925989,2.000245630379048,3.998367523981369,2.0000700660445645,3.0
94_0,1.0001004146647978,1.0001002784917095,1.0001002211097632,1.0001001013287092,1.0001001001962646
94_1,3.999892238581818,2.0004746994057805,3.0,2.9999999999999996,2.9999999999999996
94_2,3.9998988198867598,3.0,2.000245820606885,2.0000831043776444,2.9999999999999996
94_3,2.0001913272536713,2.9999999999999996,2.9999999999999996,3.0,2.0001814200315096
94_4,3.0,2.000055688790749,2.0000611840409666,1.0003748168280178,2.0000535296208164
94_5,1.7719227818952625,3.0,2.0003044094128795,3.0,1.8229051779620427
94_6,4.999880100902464,4.999890587843324,4.999806426209994,4.9998570141305985,3.999930412984274
94_7,3.0000000000000004,3.0,2.9999999999999996,3.0,2.9999999999999996
94_8,3.0,3.998926422643818,3.0,3.0,2.0001382136710117
94_9,1.2847450175983297,2.9999999999999996,1.352044450014328,2.0000671245020385,2.000063315871444
94_10,3.9998626970556708,4.999836215535916,4.999823719712414,3.9999065905726745,3.9999259142374832
94_11,3.9998412224326483,4.999748481500491,3.999900639483756,3.999918716751751,3.9999194235589433
94_12,3.0,3.5517643347373973,3.999929802249549,3.9999294187069228,3.9999337710438843
94_13,3.0,2.9999999999999996,3.0,3.000000000000001,3.0
94_14,1.7994613908499213,1.710834066592974,3.0,3.000000000000001,3.0
94_15,2.9999999999999996,2.000204561311644,2.9999999999999996,2.000081848140467,1.9632558707161196
95_0,1.0000693204729696,1.4062524071369855,1.0002457574117265,1.0000916313333237,1.0002001779881604
95_1,1.2821875453145128,3.0,1.785405269572669,1.7404010615869001,3.0
95_2,4.999874414960998,4.999886309424434,4.999874378093208,4.999851296768794,3.999875704759881
95_3,3.999902981518854,2.0003609170054615,3.9998922265193695,2.9999999999999996,3.99984651393072
95_4,4.999704802625102,3.999913374502327,2.5923076628949215,3.999933597826971,3.999939047832788
95_5,4.999866914583634,4.99985770850606,4.999857387831207,3.999896710030572,4.999630765190727
95_6,4.9998917166479275,4.999895560317141,4.999887928340202,4.999884289000304,4.999843744307218
95_7,4.120340885827313,3.9963475040627223,2.999999999999999,3.999969310284103,3.999971925267397
95_8,3.999647853265416,1.0014287261644348,1.0003998245969696,1.000645540942769,2.0000708513948067
95_9,3.9999381115356147,3.0,4.999354150559204,1.7067698332192145,3.9999382057073176
95_10,4.999714291061266,3.999906768586696,3.9999139697671806,3.9999119593032715,3.999926262890463
95_11,4.999874446310327,4.9998800463961555,4.999862509683614,4.999837205324705,3.9998913378886245
95_12,2.9999999999999996,2.999999999999999,2.528540782769379,3.9996224863039886,3.9758543437259726
95_13,3.999933428267758,3.9999308967342206,3.9999258056153923,3.999886335108706,4.999275467926115
95_14,2.9999999999999996,3.998361913818205,1.353820953116628,1.4467173449170634,2.0000616478704174
95_15,3.0,2.0000544304374923,2.0000654428687863,1.543883265260227,2.0000606146178446
96_0,2.9999999999999996,2.000091083697432,3.9995053110526095,3.993718160293148,2.000095200076223
96_1,3.9999209196646315,3.9999264212676957,3.999898954999597,2.9999999999999996,2.999999999999999
96_2,3.0,3.999923257266124,3.9998911225976967,1.8378996006945314,2.9999999999999996
96_3,3.999923705277526,3.9981432261304817,3.0000000000000004,2.9999999999999996,2.9999999999999996
96_4,3.99987550083972,4.9997671233228145,3.9999199309675544,2.9999999999999996,3.999939846007792
96_5,3.9999097998542683,3.9985422315156405,3.9999034742094883,2.9999999999999996,2.9999999999999996
96_6,4.999850852593057,3.9998957264000925,3.999812014204245,3.999933172018229,3.9999235196596215
96_7,3.9998919797266757,4.999704841643008,3.9999268208136995,3.999934676406838,2.9999999999999996
96_8,3.0,2.000060450986939,2.0000613435817876,2.0000637663627074,1.0033279169025298
96_9,3.9999267583058984,3.9999192824237233,3.9998930722471315,2.9999999999999996,2.9999999999999996
96_10,3.9999267583058984,3.999920567082765,3.9998930722471315,3.9998443581578207,2.9999999999999996
96_11,3.0,3.999920027848672,4.999799014616079,2.9999999999999996,3.0
96_12,3.999929629474232,3.999927893042453,3.9999251565178042,3.999922963754295,3.0
96_13,3.9999243281660832,3.0,3.999920537456207,1.8520673973457416,2.9999999999999996
96_14,4.999558428505761,3.9999332949354742,3.0000000000000004,2.9999999999999996,3.9998706309587693
96_15,2.000090454485289,2.000197264936592,2.000090667735721,2.0000698177733334,2.000074121290085
97_0,1.3009420562633756,1.0001688067316843,1.0000374723857925,1.0001105433904518,1.0001472726521285
97_1,2.0846055922704654,3.999586466253206,3.0,2.9999999999999996,1.9481660876962508
97_2,3.0,3.999906391858071,3.999858810021737,3.9996217230731568,2.9999999999999996
97_3,3.0,2.000057870291812,3.0000000000000004,3.0000000000000004,3.0000000000000004
97_4,1.0000999962102302,3.000000000000001,1.0004998599314239,2.000056050145774,3.0
97_5,3.999928184340493,3.0,1.332989279120644,3.999815374177861,2.9999999999999996
97_6,1.906423088922616,3.0,1.8985860296379762,3.99974624554642,2.9999999999999996
97_7,3.0000000000000004,3.999916760144021,1.1914664077253623,1.1690737270708913,4.999594413593056
97_8,1.0001370646508627,1.0001482340569743,1.00014784538712,1.0001328329935217,2.000090460992348
97_9,3.999917511943529,1.0000999964486197,1.000099998355752,1.0002466554981961,2.9999999999999996
97_10,3.999890418191912,3.9999057705685037,3.9996524201221666,3.9997673671681104,2.999999999999999
97_11,4.999885619962891,4.999898118919087,3.999694314887676,3.0000000000000004,3.9997728453722243
97_12,1.0000999963532637,1.100006877431219,2.126265547533667,2.2792147855304132,2.216933244641885
97_13,3.999882336804193,1.6270317004734032,3.9998923283698007,2.000116159572808,2.9999999999999996
97_14,1.0003727923484025,1.4424140822460934,3.0,2.000089123293763,1.0000454386954871
97_15,2.000065364337566,2.0000656241687853,1.0000999988921397,1.0000472429151066,2.000059665278531
98_0,1.76112733955009,2.000158264041379,2.000095534079309,2.0000717382187965,2.0000667504569956
98_1,4.999894314085927,4.999887902187522,4.999882430039267,4.999850042068062,4.9998211279591525
98_2,4.99989357382603,4.999889420933018,4.999858001455868,4.99981075299164,3.999905532555866
98_3,3.9997650377135834,3.0,3.0,2.0001300922554672,2.9999999999999996
98_4,4.999838803716371,4.999821436146865,3.9999212560532333,3.9999407290812026,3.9999228526611006
98_5,3.999808017349203,2.9999999999999996,2.0003330712772596,2.000143444549115,2.9999999999999996
98_6,4.99989654799407,4.999899231450769,4.999897313548048,4.999861301168182,4.9998800110639126
98_7,4.999783584477275,3.99989214446236,4.999646100626803,4.999269252820399,3.999939279610489
98_8,2.0000664610681684,1.0007084399293467,2.0000926367835414,2.0000749539174345,2.000067566158989
98_9,3.0,3.999925757866201,2.9999999999999996,2.9999999999999996,2.9999999999999996
98_10,3.0,4.99970871412745,3.9999237919205113,3.9999372623356866,3.9999403754516307
98_11,4.999899124253745,4.999898561869397,4.999892643165022,4.999890530319428,4.999851876830358
98_12,3.0,3.999939394823506,3.999936979756639,3.9999359193766995,4.999106112376044
98_13,4.999895547885047,4.992739791129782,4.999826732615472,4.999843731250762,3.9999200058531144
98_14,1.692641520118888,2.0196190916648047,3.0,1.000314339886674,2.0000571976713126
98_15,4.999798527601111,3.999942700986614,3.9999276031966122,3.999942718014289,3.999943528924865
99_0,2.9999999999999996,2.9999999999999996,3.999887073575028,3.0,2.999999999999999
99_1,2.0000665859274225,2.0000611850119174,2.000062850683722,2.000058846295719,2.3433264716450037
99_2,3.9998913317550087,4.999851587695858,3.9999256412050848,3.0000000000000004,3.999970533015148
99_3,3.99993555124286,3.0,3.999928955360977,2.999999999999999,3.9999349686969703
99_4,1.1884538803951405,3.9999130421605873,4.999614195813302,2.9999999999999996,3.999937339819507
99_5,3.0,3.9999286326244463,3.9999231182998938,3.999910290490741,3.0
99_6,3.9999242608672314,4.999871011871964,3.9999080809987984,3.9999276592777058,3.9999351169318933
99_7,4.99967745700007,3.9999340265060033,3.999930226538125,3.9999293140394725,3.9999352957400647
99_8,3.0,2.000103434116526,3.9996484843782434,2.000071584855476,1.0016931923314352
99_9,2.9999999999999996,3.9999147015174885,2.9999999999999996,2.9999999999999996,3.9998436846962404
99_10,3.999933385607187,3.9999237661761677,3.999934136489813,3.0,3.9999115891787675
99_11,3.9996615431522984,4.999862405029052,3.9998286406508496,3.9999267981742745,4.999797582010273
99_12,3.999923084795762,4.99982938652152,3.999876156530462,3.9999322768029892,3.999921695657596
99_13,3.9998109286349033,2.0001393202225697,3.0,3.0,3.0
99_14,2.999999999999999,2.9999999999999996,3.0,2.9999999999999996,3.9996870804782496
99_15,3.9999210218548185,3.0,2.002809365633166,2.5127615447392286,2.118938660875248
