group,COT1,COT2,COT3,COT4,COT5
0_0,1.0001038745352784,1.000110038665608,1.0001180120809365,1.0003775917320163,1.000102122414535
0_1,3.0,2.6875474871544762,2.00500413506529,2.6774913081607004,3.0000000000000004
0_2,3.000000000000001,2.6793834514309838,2.6812740153300374,2.6763794722508414,2.7103374908582847
0_3,3.000000000000001,2.000101192753439,3.000000000000001,2.681630948354492,2.000139024472623
0_4,3.0000000000000004,2.7038650182018316,3.000000000000001,2.6866321522943584,3.0000000000000004
0_5,2.795821499305389,3.0000000000000004,3.999928929467645,3.9993820141909255,2.681663163067947
0_6,3.9999430052824705,2.999999574712443,3.0004505596249005,2.7678031546375514,2.7123826547091467
0_7,3.9999446095731597,2.7665774228931017,3.999931551470059,3.0000000000000004,2.6841194085899764
0_8,3.999946191795048,3.9999468025221416,3.999829652253062,3.147624038753377,3.626569879899087
0_9,2.9999999999999996,2.709147462601095,3.9998760563774196,2.6956674145653072,2.6746050589160246
0_10,3.99994947057408,3.0001937672304924,2.681309928327954,2.6793450568266213,2.670693851755992
0_11,3.0000000000000004,2.6893882963736955,3.0000000000000004,2.7407492218393643,2.6760280087804036
0_12,3.9999471087911065,3.128291546726769,3.999938752939491,3.2921398299064357,3.270461763098014
0_13,3.0000000000000004,2.693074381050727,2.697903761876439,2.7507429975668676,2.0002132436472886
0_14,1.0001606916766803,1.000613374884392,2.350150990643448,2.0000844458065923,2.3482292093091037
0_15,3.0,3.0000012879817177,3.9998204699199,3.0,2.7027054668299044
1_0,2.0000710012628007,2.3951884656686406,2.0000532057798854,2.7749378329630376,2.357554508606232
1_1,3.9999486285415364,2.9999997015932514,3.9995969919459426,3.0001349837720026,3.0
1_2,3.9999489011015372,3.999938144058366,3.99985855019217,2.728870380401041,2.7001392068857726
1_3,3.9998746782922594,2.6863701770530115,2.6763359388150025,2.6758350561024233,3.0
1_4,3.9999486202391683,2.0004397069481055,3.0,2.736058022693633,2.6709971191645163
1_5,3.999898371792493,3.0,3.0000000000000004,3.0000083248174687,2.6802449204903196
1_6,3.999949116692747,3.9999306291710353,2.7441405372788785,3.0003861635511337,2.6695848273840017
1_7,3.000000000000001,3.9964039882967817,2.676285468320333,3.0000000000000004,2.000170527806922
1_8,4.999165771088651,3.0000000000000004,3.6622420209598077,3.640929544908513,3.654338671674131
1_9,3.0000000000000004,3.9993332699914923,2.6956048201519467,2.7275376093186035,2.6747157694412365
1_10,3.0000000000000004,2.6791967009789124,3.9994657579996553,2.7224544055501934,2.000237043188122
1_11,3.9999491531671123,3.000002181143736,3.9999355808294115,2.769124469561173,2.7465463582667393
1_12,3.999947905095867,3.0000004577199144,3.0000042653625156,3.9999229057400703,3.000000287673154
1_13,3.999919174613703,2.676643261053631,3.0,3.0,2.9999999999999996
1_14,2.0000523807899406,2.0000514975234704,2.000080737831971,2.0000662555191693,2.7642065885786247
1_15,3.9999489456946935,3.0,3.999931438691822,2.734150306268959,2.687641937392668
2_0,2.000050908529632,2.684014427675741,2.6752433971819594,2.670860053568827,2.0000548628771346
2_1,3.9999371768468888,3.0,2.6934392087610535,2.7115579755368784,2.0000858784994544
2_2,3.999900887221151,3.999651102721252,2.0000775582158736,2.6814002246443103,2.0001266056472553
2_3,3.000000000000001,2.0000573768024386,2.0084421674525603,2.673269431383022,2.6862755587733025
2_4,3.0000000000000004,2.7213425264069553,2.696139306416102,2.7208068295806243,2.000432994423809
2_5,3.0000000000000004,3.99805166776082,2.9999999999999996,2.6837873283373566,2.6697813098908867
2_6,3.9999465571093005,2.6859268393932716,2.719539530471616,3.9996722500496724,2.6809199084491713
2_7,3.000000000000001,2.0004466752414523,2.679784687905837,3.0,2.6732674954024094
2_8,3.9999363532765067,3.6318574728658755,3.6319795344530625,3.570090349445152,3.6172082741527736
2_9,2.000179568749489,2.0000835947966698,2.6806364281983908,2.6736933519483426,2.6718479495480367
2_10,3.999947921187743,2.712099887636803,2.708595729177543,2.9999999999999996,2.0000920865903122
2_11,3.9999490276208007,2.7119702989444567,2.7324532249923634,2.9999999999999996,2.00010290513845
2_12,3.9999496358280147,2.9285341610151363,2.9571623940317355,3.9998294831561676,3.0002314647186585
2_13,3.9999494717959685,3.00003288108448,3.0000622744916745,2.7017982940651977,2.67727998513777
2_14,3.000000000000001,2.0004406144595626,2.6746034650690484,2.6945710356349935,2.671324336573728
2_15,2.9999999999999996,2.0000521080638465,2.000074354088432,2.669303226105921,2.0000589539152474
3_0,2.000050982868387,2.0000549786139077,2.0003804364742166,2.6756537492297765,2.6913879450666016
3_1,3.0000000000000004,3.0000000000000004,3.000000000000001,2.722992243354496,2.671985575769776
3_2,3.9999493715010144,3.9998788885481207,3.999946354182993,2.781330202318914,2.0000799776756413
3_3,2.000171148718451,3.0000000000000004,3.0,3.0008422695336208,2.0009662510684336
3_4,3.9998927321596605,2.0001175907914472,3.0,3.0,2.6742340873656194
3_5,3.999942297878381,3.000002314057178,3.0000000000000004,2.7156130480986636,2.67505201639365
3_6,3.9999471547307612,3.000000000000001,3.9999382043256504,2.6917502658372197,2.67390294420473
3_7,3.0000000000000004,3.0000196667581034,2.6911322233398316,2.675208218181959,3.000000000000001
3_8,4.999894044566405,3.6666525698441443,4.999847128864378,3.666645258782296,3.6666464374725205
3_9,3.999899057722018,2.688755158976508,3.999934850470324,3.0000000000000004,2.0000659201056274
3_10,3.9999491523504367,2.699437011793199,2.6878955717036885,3.9998964909710875,3.0
3_11,3.9999488811050283,2.7303409966994647,3.999932796651087,2.8407556253179704,2.6757323296519564
3_12,4.9998101458698105,3.999928920530472,3.295650399242235,3.31774885120935,2.999997992799327
3_13,3.999946963024304,3.0000000000000004,2.7199171326180522,3.0000000000000004,2.683572167523409
3_14,2.0000524061908114,2.000071665708616,2.0004215614684253,2.677217861632695,2.832918110916478
3_15,3.0000000000000004,2.7062569135152423,2.6927045655567845,3.000060172977312,2.6753505562404944
4_0,2.0000530254073268,2.000053125917825,2.7055365531242135,2.0000811739614672,2.0000516862738205
4_1,3.0000000000000004,3.0,2.6943494793074514,2.766246858170782,2.671342948184721
4_2,3.000000000000001,3.0000000000000004,3.0000000000000004,2.0009021886945217,2.000070728543681
4_3,3.0000000000000004,2.0000942996532807,2.9720465384530694,2.680728213625194,2.670796585887339
4_4,3.0,2.0000977096459684,2.6708244538263997,2.6827999108175424,2.6718468560921353
4_5,3.999835320616505,2.7400128254722045,2.7338579646372647,2.7926498545325438,2.6729997366756018
4_6,3.9999471449267823,2.9999999999999996,2.6841535160478114,2.6795943322055873,2.672819350714975
4_7,3.9999414859583817,3.999940611468611,2.7976244926137346,2.8250279399040883,2.9999994582288108
4_8,4.999846220442476,3.9995308325218404,3.6664599403633966,3.6663398226177124,3.9999216651477605
4_9,3.000000000000001,3.0000000000000004,2.6868553797211376,2.6768758832429063,2.676615048053323
4_10,3.0000000000000004,3.0000000000000004,2.6876355353420447,3.999749319469677,2.000543066433568
4_11,3.0000000000000004,3.0000000000000004,2.702288008437306,2.700022345054973,2.679842181719493
4_12,3.999947020078053,3.999925995916034,3.3131929189164797,3.320012491910807,3.3215010685633413
4_13,3.0000000000000004,3.000000000000001,3.0000000000000004,2.7050159461268164,2.0000762362799756
4_14,2.0000643666055224,2.726034110026108,2.673487608708097,2.000195323573444,2.0000788047535782
4_15,3.0000000000000004,2.6726128973719074,2.000067063950741,2.6725161056396627,2.000056258803605
5_0,2.0001003791281713,2.0000685919643666,2.672142408394793,2.6702042600121354,2.673676855546086
5_1,3.0,2.000366207237822,2.673133750777234,2.6842731616190805,2.6747712975446505
5_2,3.9999388049815567,3.9999032390993574,3.0000000000000004,2.70082749045065,3.9998709651526707
5_3,2.9999996360871224,2.701479250101318,3.000012966490833,3.0000004963389006,2.6944519277883296
5_4,3.000000000000001,2.715685189038632,2.673775052287282,3.001494935307606,2.67758483663218
5_5,3.0000000000000004,3.000696999125722,3.0000319061415497,2.7839279756238238,3.0
5_6,3.9999392028649763,3.0000000000000004,3.0,2.6733268132873147,3.000000000000001
5_7,3.9999486398176174,2.999999912929443,2.8366534924372258,3.0000089570699515,2.7579894675166536
5_8,3.999930748136642,2.6718686702112766,2.6788317545031077,2.2888107271271774,2.6700025273662407
5_9,3.9999410578626025,3.0000000000000004,2.815288191257646,2.855852059405901,2.7109780558002115
5_10,3.0000000000000004,2.0001240604258514,2.6735065871563313,2.9999999999999996,2.7016938399199972
5_11,3.9999355046319653,3.000002587764733,3.9999439651178967,3.082646374942893,2.853290196949814
5_12,3.9999495902819553,3.999866977612404,3.998811342109294,3.2670335476263013,3.0000266498147514
5_13,3.000000000000001,2.0000795986795747,2.668994773414842,2.6685520843401656,2.0000670681119654
5_14,3.000000000000001,2.674707561773433,2.69555006658094,2.6726460746331613,2.934942708936476
5_15,3.0000000000000004,2.674727737512292,2.0000557070582974,2.6720064287674994,2.0013548542110886
6_0,2.000051728828199,2.0000696477590787,2.000052978914851,2.0000410222049774,2.6408323714149304
6_1,2.000051122190681,2.0000545681765054,2.000118879229251,2.000070295736325,2.7817418472097177
6_2,3.999899770854572,3.0000000000000004,3.000000000000001,2.9999999999999996,2.7268938147075863
6_3,2.000206024928149,2.6681829499797365,3.0000000000000004,2.680400882238847,2.668584560529029
6_4,3.9999398060939284,2.710052655576563,2.6843613096068952,2.721748297935942,2.673447383374735
6_5,3.0000000000000004,3.000444298718483,2.0000918411431625,2.6844373576581373,2.6688258222001804
6_6,3.999938758756176,2.710465262406795,2.6841442034372287,3.0,2.6938771657265947
6_7,3.0000000000000004,2.7149725017848167,2.675855977834414,2.705519470089397,2.681168866908249
6_8,2.000068599789355,3.0000000000000004,2.7467312922874703,2.691840260534909,2.670426325376137
6_9,3.0000000000000004,2.6808400607457155,2.6726872382539453,2.671231411650379,2.670882807826129
6_10,2.000052166327751,2.000059361007742,2.0001606509784935,2.000097458489205,2.672292235388876
6_11,3.9999486999009224,3.0000058100934908,3.0000217588465596,3.000677078771228,3.0
6_12,3.9999469971148307,3.0000000000000004,3.0000170885597184,2.957599777495453,3.00031557410459
6_13,2.000051794566965,2.000057165642474,2.673961067196491,2.6725672372000266,1.0039047384023598
6_14,2.0000511954397266,2.000052846193313,2.6803530493816363,2.0000979083880512,2.0000613494646315
6_15,2.0000511220115564,2.000057556640151,2.0000529493118155,2.6698851972303688,2.0002822128884272
7_0,3.0000000000000004,3.0000000000000004,2.6771832295276026,2.678468390999999,2.673562067738425
7_1,3.999949181893608,3.999921477301544,2.7312912542121386,3.0002572835913672,3.000008638792186
7_2,3.9999479611736524,3.0,2.757649352217412,2.813340753509449,2.6851225359207205
7_3,3.9999486868182665,2.6899296229014675,3.000005006088083,2.7275752440081393,2.675598517856563
7_4,3.999949710734529,3.999906945014659,2.717637553598646,2.807203101184769,2.685544273420937
7_5,3.226732324494256,3.0014260362762704,3.9999365210762727,3.0001399476857626,2.6745589296186876
7_6,3.999945726709088,3.9998665969966196,2.6814963409854187,2.727099276668378,3.0016477208091032
7_7,3.9999379544627165,2.7405791243522204,2.705028346293867,2.715373134927529,2.677336037778272
7_8,3.9999336583814697,3.197597057151735,3.2276841327282035,3.1788935062512986,3.2861295175932246
7_9,3.999915132653397,3.999692551800355,2.7230175376125647,3.0009640745495227,2.7368234874964816
7_10,3.999943384151677,3.9995278077177705,3.0000000000000004,3.0000011192761438,2.6880834794527413
7_11,3.99994915695155,3.9998347060239716,3.999928344156358,3.058253875914721,2.678104950423008
7_12,3.999945083661917,3.3251777789678454,3.3212049863424538,3.999905667135756,3.3271216759212754
7_13,3.9999482483510063,3.9999136532621504,2.6857886561516344,2.7477699150073667,2.9999999999999996
7_14,2.0000542936859613,2.000051078389765,2.0000581728985733,2.0000704912001095,2.000149439084315
7_15,3.999921291228317,3.0000000000000004,2.7072523246379374,2.6919444107083135,2.6744202844215703
8_0,2.000054227225765,1.0003160960236024,1.0001940848139916,2.000226846553178,2.3952607180785237
8_1,3.9999452829675204,2.999999485385827,3.0000118162112717,2.715705050435296,3.0000303856776096
8_2,3.999949156278157,3.000000000000001,3.9999449539841287,2.7962875541191328,2.0000757956684883
8_3,3.999321341041707,2.671950139979315,2.675982106190313,2.682445219772668,2.676373798819454
8_4,3.000000000000001,2.702085345974943,2.7094838725381507,2.7687159468329314,2.6773567800750246
8_5,3.9999447051443178,3.0000031824591424,3.000025678634601,2.8973268742603993,2.7222926674226153
8_6,3.999948074282587,3.9998665081795046,3.9998259091615482,2.6827798738026836,2.675912775722562
8_7,3.0000000000000004,2.000052572318486,2.7123742216927313,2.7011264867097804,2.0000550153519248
8_8,3.9999351085832857,3.0,3.999936268681429,3.663964038184755,3.999856179881344
8_9,2.0001350091281798,2.6723667157257744,3.0,2.698400958683809,2.6713740537937394
8_10,3.9999486798631434,3.999943203797424,2.712929722308793,2.7491230504721322,2.0002435414498483
8_11,3.9999494855694935,3.9999313492962556,3.9998838905578005,2.7412497700259895,2.698925673095942
8_12,3.999940907449921,3.0000000000000004,3.0000000000000004,3.9996192277066585,2.7449293239865193
8_13,2.72247385007544,2.682461557420436,3.0,2.7057016773232676,2.672460485476322
8_14,2.000057768670129,2.0000575739175734,2.701341135358973,2.6837877687917215,2.682046102463583
8_15,2.0001070219147494,2.669166827378067,2.000096747330962,2.9999999999999996,2.0000699814137355
9_0,2.6865685631001623,2.6701335837954225,3.000000000000001,2.6740617656633368,2.670987925828292
9_1,2.000052778904845,2.6742705074972286,2.0000873010737346,2.674338652547221,2.0001594397559903
9_2,2.9073285878802286,3.003708163374802,2.7354503773599896,2.8581703036912436,2.7027190075407272
9_3,3.9999382659960254,2.7643424237607865,2.7286015298867223,3.999730750601323,2.6835247200568815
9_4,3.99994761366743,2.679726094929444,2.678674798490208,2.6924612988947185,3.000000000000001
9_5,3.999935449377328,3.0000000000000004,2.7037888308612263,3.0009885979383095,2.68316670753817
9_6,3.999949104528643,3.0000355584050964,3.0008274961823744,2.7874740338552995,3.0000041930456947
9_7,3.9999058005405717,2.747768282923748,2.6931532040564017,2.6739266542014466,2.695186936539854
9_8,3.9999427722132856,2.9999999999999996,3.0999288745497626,3.2078486655619627,3.308867542503177
9_9,3.0,3.0000000000000004,2.0000666619466054,2.7110875001122023,2.0000533249248242
9_10,3.999948173893091,2.7667352949962685,2.9999999999999996,3.999474241169796,2.7484592328436612
9_11,3.999948654461465,2.7580006028182615,3.0,3.0092357973677766,3.9998475823174364
9_12,3.999944185554664,3.0000142891569617,3.3186079347146027,3.286723139040879,3.262909351445089
9_13,3.9999376462901215,2.689828937015518,2.6771798753418596,2.7561663950893527,2.675565172912087
9_14,3.000000000000001,2.774038520187604,2.6790511852085563,3.00028088361087,2.6865903462157172
9_15,3.9999261655122527,2.6958132055948325,3.0,2.7158314594787196,2.674926901707657
10_0,1.0001004637514233,2.333405457376863,1.0001007249813767,2.3334495068070895,1.0001089756273343
10_1,2.000057535702365,2.0001572614785292,2.000057664193234,2.999999999999999,2.0000526992310923
10_2,3.9999488903136067,2.731116379883981,3.0031796515941616,2.000060386053468,3.002226712631401
10_3,2.0000524313297943,2.000053073915042,3.0000000000000004,2.6776401477064065,2.0000741116555165
10_4,3.0000000000000004,2.000071077287547,2.6754884596310697,3.0,2.6716826581826374
10_5,2.0000541822697575,2.0000668330546043,2.000051322526588,2.000102288792431,2.000102717071336
10_6,3.9999463273397167,3.9998667270286097,2.9999999999999996,2.7466315931652865,2.6757822778618046
10_7,3.9999479200616257,3.0000000000000004,2.706744007388125,2.7574493831617146,2.703611118654849
10_8,2.0000581248256593,2.000054897295864,2.000061760822021,2.794128587655537,2.5615971997814166
10_9,3.0,3.9983572281876523,3.0000000000000004,3.0000008354909404,2.67469259840138
10_10,3.0000000000000004,3.999312603387181,3.0,2.691344443414448,2.0000678970397443
10_11,3.999948807331499,3.999948413351074,3.999942764280756,3.999866315017997,3.9999089701641832
10_12,3.9999486262410633,3.999929520302467,3.130030992947651,2.9785430131297606,3.2348415888120816
10_13,3.0000000000000004,2.0000626938771067,2.678503084965624,2.6870481103980217,2.0000583746146483
10_14,2.0000542464291073,2.0000583666229166,2.0000609714045945,2.711748917813862,2.0008427415141674
10_15,2.0000664484291484,2.0000573757961044,2.2172313400630372,2.000060949603134,2.3437975223080594
11_0,2.000052573653153,2.84121456766987,1.0005182620278776,2.7468032424476823,2.6000861997463725
11_1,3.000000000000001,3.0000000000000004,3.0,2.7057112009338855,2.673038435954852
11_2,2.0009627207899943,2.0007924556482792,2.7030102096220103,2.002561645709331,2.67102208521051
11_3,2.000061774875983,2.0000636062082244,2.000066435938682,2.000115843269964,2.679958538146965
11_4,3.0000000000000004,2.9999999999999996,2.6749959688118765,2.7175687025473776,2.0000815733328
11_5,3.999945040052839,3.000000000000001,3.0000000000000004,3.001929923219345,3.0
11_6,3.9999456793810344,3.999899550714046,2.6832399291770415,3.074085119236458,2.678050775429837
11_7,3.9999462309093285,3.000000000000001,2.6886454445042087,2.710241126849377,2.027411646764363
11_8,3.9999465497302467,3.0761322698891833,3.306861610902266,3.0000295374692647,3.251569703448603
11_9,3.9999490841813654,2.8545455813522276,2.798449158472172,2.9212857088510464,2.690382786696248
11_10,3.0000000000000004,3.99892422349109,3.0,2.7474735040990814,3.0000000000000004
11_11,3.0000000000000004,2.7108592336532493,3.0000000000000004,2.7520202534764007,2.6717852371303863
11_12,3.999948748076089,3.0000281770676374,3.999339237642343,3.000065631879263,3.0000350975471104
11_13,3.9999410966849553,2.764170894785118,2.0110081793765,2.783456877695459,2.6745494922859283
11_14,1.0001064490828424,2.3341007755334555,2.3351591180592317,2.3340868459337205,1.0002330822390877
11_15,3.0000000000000004,3.0000000000000004,2.9999999999999996,2.002878597489592,3.000255155635669
12_0,2.0000771591325868,2.0000619576754604,2.000101943922936,2.6946589132997723,2.6978025966579873
12_1,3.0000000000000004,3.9998462628681106,2.0001329078556553,2.7285960788034194,2.671716276454476
12_2,3.9999448465672462,2.9999999999999996,2.000108070617069,2.7220348320468837,2.6813138164025565
12_3,3.999892759378448,2.000103365909183,2.6825039057540163,2.6921996579782466,2.6919995934240415
12_4,3.99994349892223,2.7028298993701294,2.6847508783145897,2.6958087295517794,2.670401869012716
12_5,3.0000000000000004,2.0000707058610074,2.0003522526464,2.689565825113495,2.67467792258879
12_6,3.0000000000000004,2.0000519311822913,2.0001911796094975,2.7014380680451664,2.6692401485703723
12_7,3.9999492268374324,3.000032255720403,2.7206553869469863,3.000032029013658,2.7304619824585297
12_8,4.999819109454537,3.5182434653955212,3.9999171860560776,3.9997257978742464,3.532096430371194
12_9,2.6813643200499,2.6825614609952466,2.67956780114514,2.677966795854086,2.672969896415492
12_10,3.0000000000000004,3.0,2.6736441171067,2.69808371293996,2.671261039416436
12_11,3.999949273371367,3.9998785841818334,3.0,3.0005013232180016,2.6798757275551166
12_12,3.99989325374444,3.999929050461842,3.473770662048981,3.286697531822629,3.2954275390105763
12_13,2.000056892824168,2.0000527462674986,2.0001037942554367,2.672974446705145,2.000160430407894
12_14,2.0000647078412297,2.0000706082799393,2.419686957824662,2.5297518688305116,1.0001303343498817
12_15,3.0,2.0002091438047547,2.000063653005416,2.7000017793804956,2.0000549801158782
13_0,2.0000603527909195,2.3396330311086526,2.0006629569123793,2.405188073436018,2.3370081063598147
13_1,2.000151411359666,2.0003542207437373,2.6690139283231433,2.6684532158383325,2.6710436389614314
13_2,3.0000000000000004,2.710080939029423,2.706030696830152,3.0000215537610178,3.0
13_3,3.999940117517998,2.710230460782367,3.000000000000001,3.00002567173551,2.6707540436248323
13_4,3.0000000000000004,2.000261380233205,2.669938442339698,2.682111112363696,2.7170183277741806
13_5,3.999947492168585,2.6844353038385442,2.687428559716702,2.708538407026728,2.6703788516768614
13_6,3.999933191536125,3.9999410318882,2.6776540224584493,2.7108627461166437,2.67307193457866
13_7,3.9999487933491884,3.000000496343737,2.8530338636522323,3.998076169450403,3.9991671437998426
13_8,3.0000000000000004,2.0027311136193435,3.270613839914149,3.2415242419785084,2.9999984090802716
13_9,3.999948188930222,3.0000070759266713,3.9999226058011015,2.9395979051347165,2.785336032094699
13_10,3.999947739095333,3.000000278990736,2.7004553320581017,2.7670632730974027,2.9999999999999996
13_11,3.999949570876051,3.0000006502011436,2.679796522071627,2.7581203206757374,2.9999999999999996
13_12,4.999867290795667,3.1795416101139944,3.2738280547726193,3.3797042700563704,3.317320537480195
13_13,2.7081621120495742,3.0,2.682202014717386,2.691647040240762,2.6715770790420876
13_14,3.0000000000000004,3.999549015147508,2.673488055029339,2.999999999999999,2.6684278414858005
13_15,3.999735495628244,2.999999703007197,2.6843622924114747,2.7148778523748485,3.0000000000000004
14_0,2.0000537950340216,2.6803518911992157,2.0000518097289803,2.6891687028281965,2.0000918442150746
14_1,2.9999999999999996,2.67310356876987,2.0005827851354563,2.681236541112365,2.0000954912107813
14_2,3.9999487181029405,3.0000000000000004,3.0000000000000004,2.715695943130516,3.0
14_3,3.9999482572614005,2.8027369209380333,2.694805501431208,2.7832576713939083,2.699102277290584
14_4,3.0000000000000004,2.6680393183067994,2.000053198836641,2.670689007475059,2.6722752356847845
14_5,3.9999463492424128,2.686563863411263,2.6813329620613864,2.0000149764703,2.7087222556309105
14_6,3.9999482808332365,2.7400614986428624,3.999940095781946,2.9999999999999996,2.6769087985574536
14_7,3.9998981278134647,2.6720740851627798,2.671172737061539,2.7398196410776077,2.000229114046078
14_8,3.999921538144149,2.0001072583269215,2.0001281417043506,3.0,2.000138435422169
14_9,3.0000000000000004,2.732801583209561,2.679499613553395,2.7100485406623456,2.6744256498736334
14_10,2.7141310772840708,2.7102549071211914,3.0000000000000004,2.7420304771573862,2.6762256782526546
14_11,3.999944943173056,2.688078931778439,2.000117357776163,2.9769217279986533,2.6818043870228228
14_12,3.9999459850976153,3.999930376062018,3.000001742655155,3.264710159494394,3.0000063744749137
14_13,3.0000000000000004,2.6697780813561365,2.6723712182906225,2.6706134921817077,2.0003056881684436
14_14,3.000000000000001,2.6818986041613666,2.000243262760066,2.6747890107031465,2.670444932089193
14_15,2.0000712017226348,2.6691852775623808,2.0001383548712757,2.670514036684938,2.6621942467670703
15_0,3.0,2.0000517955142567,2.6735238480152024,2.000255573496478,2.6877095440231518
15_1,3.9999495406998773,3.9998821194649796,3.0000000000000004,2.8287901657619825,2.6790660385785316
15_2,3.9999458367963783,3.9999333621906943,3.9997221652221024,2.7162790973601827,2.6796960185150978
15_3,3.9999362410576107,2.758036169184889,2.7439962349585385,2.9999999999999996,2.689857976762969
15_4,3.9999488178213687,3.999946878956579,2.7378760910153725,2.7155189599003253,3.0000000000000004
15_5,3.9999455812379803,3.0000000000000004,3.0000105518898854,3.000182805983129,2.6954268437456532
15_6,3.999947304386644,3.9999397600368183,2.7352097485385753,3.9995297259003966,3.99952539283178
15_7,3.9999488680525777,3.999939962639443,2.713228691650343,3.0000164618868688,2.7320194027741374
15_8,3.3160562867908174,3.999919424050427,3.9999417654269696,3.19898731116235,3.000091676982521
15_9,3.9999487470866497,3.0,3.000035706085133,2.757066977948523,2.0037556185888272
15_10,3.999948858927692,3.000051012595366,3.9997707126412236,2.806702737986474,2.7508397843138233
15_11,3.999948454113041,3.999938807859962,3.999526200425382,2.8183350721469114,2.7508397843138233
15_12,3.9999493300257334,3.9998992604160364,3.0000052860006265,3.2395993958563243,3.290785911539319
15_13,3.999949074943094,3.999918832093492,3.999916445562993,2.9245024730724936,3.999898213598669
15_14,3.9999487276927495,2.9126475667894955,3.9998829604011368,3.001629570584823,2.718050205719143
15_15,2.0002052249946063,2.6808022691038986,2.0000520670588435,2.000092543450368,2.7324369450218615
16_0,2.000201278147514,2.0000659906933005,2.000068166764399,2.6713884028283816,2.6708488494228457
16_1,3.9999494989080544,3.000000000000001,3.999922514169697,2.7932027139792663,2.680665545972911
16_2,3.9999433884365745,2.7658180276345536,2.7439030165208655,3.000027197656481,2.7164103932486405
16_3,3.999949735647847,2.6981020213466027,3.9999463508400397,2.740894231144319,3.0
16_4,3.9999494306177086,2.999998850937878,3.0331315388442275,3.00002197237471,3.0
16_5,3.999948018836757,2.999999077612001,3.999938462524052,3.0001179798625506,3.0000411925775055
16_6,3.9999490490354996,2.777502760190516,2.804697866289786,3.003212095626216,2.75668085225744
16_7,3.9999494040539822,2.7408972478487286,3.0000000000000004,3.0205665592378534,2.0008192308447783
16_8,4.999889276050818,3.666649371210622,3.666645907685429,3.6666469142801215,3.6666532717294014
16_9,3.9999465987516243,3.0000084690149396,3.9999029689395993,3.0197668458757803,2.682848195737954
16_10,3.9999484481827965,3.999940581395202,3.9997589655042263,3.000617799765128,2.7445941684523696
16_11,3.9999395633647494,3.000023324166617,3.0000000000000004,2.7482827411866193,2.6707917533608456
16_12,3.9999314987013905,3.999938713144265,3.3008124285241123,3.3199974080246863,3.323046920295206
16_13,3.999894577222967,2.9999999999999996,3.0002670525840265,2.771936546342456,3.0000260583532348
16_14,3.0000000000000004,3.0000000000000004,3.0000000000000004,2.7299865665174075,2.6716513969095956
16_15,3.000000000000001,2.0036250405728193,2.699728446859492,2.699783714139403,2.671592791351394
17_0,2.000054106434685,2.0000889661384065,2.000054938384134,2.800612162889102,1.0003228273133697
17_1,3.0000000000000004,3.0000000000000004,2.8991649092231215,2.000330557731817,2.0000682164699644
17_2,3.999231326288359,3.000000000000001,3.0000000000000004,3.000775790150836,2.684445794263702
17_3,3.0000000000000004,2.6727144114397476,2.6713386570101987,2.6934325965626806,2.0000581929364185
17_4,3.9999489545807845,3.9999359834738644,3.999941888041736,2.8951737727350304,3.9998759718968766
17_5,3.9999397237650003,2.696602002397581,3.9993551829593192,2.827218143616905,2.6772764281670023
17_6,3.0,2.784103720070564,2.6960419702532294,2.9999999999999996,2.000873508320056
17_7,3.999944169676696,3.9999192696572474,3.15344355423185,3.0000001827501155,2.7025043497050896
17_8,3.0000000000000004,2.9999999999999996,3.0000000000000004,2.7408647090350278,2.0000555004941356
17_9,3.9999492101071223,3.000002007555388,2.6993999303259795,2.7729862129045753,2.002441881163565
17_10,3.0000000000000004,2.6764419682728335,3.0,2.7157226959729774,2.676976959003698
17_11,3.1841584870862,3.9999288622922986,3.9999474426592325,3.999841606762993,3.999911842827088
17_12,3.9999445352800156,3.0,3.1604500763195955,3.0001155650081177,2.9999999999999996
17_13,3.0000000000000004,2.000068601970743,3.0,2.68265888739529,3.0000000000000004
17_14,2.000125743113729,2.000078915568753,2.9999999999999996,2.6739625052510574,2.6796209790850423
17_15,3.0000000000000004,2.6757711192185596,3.000043330320721,2.6824673538871706,2.6700740776523797
18_0,3.0,1.0001201646059383,2.8618234137595544,2.785441712032391,1.0001200972841897
18_1,3.999949675826775,2.9999991983474636,2.9999989255579127,2.9377749653688316,3.0000043251057784
18_2,3.0000000000000004,2.7043049877461773,2.918804715773195,3.0000000000000004,2.0000915014795018
18_3,2.0001105585765098,3.0,2.0000708412976502,2.6801377000683733,2.0000672030384514
18_4,3.999782050947579,2.0005638238300327,2.6947863326652124,2.688992103036013,2.000093957315316
18_5,3.0000000000000004,2.6702371428432032,2.6715228954620702,3.0000036214044186,2.6695481360420654
18_6,3.000000000000001,2.7641931520144825,2.6950561170512835,3.0001643997499476,2.683556035376087
18_7,3.9999491806478886,3.9992548449603476,2.9148141711864364,3.074166806660497,3.999821682701111
18_8,2.0000622600866107,2.0000559016760713,2.6823069212767496,2.683100752994629,2.0002461872280906
18_9,3.9999495734984936,3.024513498319647,3.000000458015686,2.782525458784754,2.6875151016272945
18_10,3.999934843010665,3.9996199089283166,2.999999674780876,2.7746375568744828,2.674930822348178
18_11,3.9999441556225044,3.9996199089283166,3.0000490780564224,3.0033639274883823,2.6736286626620656
18_12,3.9999455657894227,3.000002660617794,3.998946373029621,2.9689110895109048,3.0001020214993996
18_13,2.000196120368714,2.670703610458034,2.6793395232913797,2.673814149747032,2.671714978455735
18_14,3.999946872919817,3.9990500502801343,2.6893657055063764,2.6889726667994442,2.67987069145687
18_15,2.0002181896717595,2.6787824055457383,2.726067924840949,2.6691081535457206,2.000078424437682
19_0,2.0000844177881043,2.671027293841584,2.0002828492019886,2.002552617605032,2.668330762656726
19_1,3.0,3.999501060336298,3.000105272832259,2.7399924724167346,2.6735183906836864
19_2,3.9999491114060137,3.9999231707351637,2.883595272686399,3.257531257263982,3.999874705024114
19_3,3.9999493057095084,3.9999436357200873,3.999948101204203,2.7573904867002224,3.9996427278747997
19_4,3.999949790426521,3.9999444023126323,3.000039752488406,3.0000010767135135,2.6873411027975553
19_5,3.9999491892240044,3.9999369504159974,3.9999481784761475,2.809953019932033,3.9997937922149767
19_6,3.9999494442902783,2.83739183236458,3.0000540628880366,3.9993403624245554,3.999933584934423
19_7,4.999659290845822,3.999934492715629,3.1124594945704116,3.0000063655588267,2.7124658500850067
19_8,3.0000000000000004,2.0000561264503562,2.6700618735871524,3.0,2.0000790913062496
19_9,3.9999394411979807,3.0000011122685435,3.999948681502369,3.000001639996452,2.691751666130901
19_10,3.9999408102134524,2.711310685709722,3.0,3.0000155230777557,2.669629478406989
19_11,3.9999454495951356,3.9995805666211632,2.86328726194614,2.8999737615791967,3.999874705024114
19_12,3.9999494266307716,3.999695873639453,3.320271824743974,3.317113596397845,3.315296860761032
19_13,3.999949432984204,3.9999385314028264,2.6903145253067544,3.0,2.705485793641629
19_14,3.999949110542259,3.0000028116523536,2.67587370318788,3.0000588328670488,2.695296863931256
19_15,3.0000000000000004,2.773750294902223,3.0000000000000004,2.8045217976695085,2.000232058232333
20_0,2.0000612285492276,2.0000577940049182,2.4783352942884895,2.000110409885634,2.709859060261037
20_1,3.9999403597297003,2.7115719927634774,2.6969183914837376,2.6801936761758665,2.9999999999999996
20_2,3.9999327931304003,2.7274787756819285,3.999748879353065,2.694778614384146,2.9999999999999996
20_3,3.9999492341439344,3.000006514826808,3.999843775680774,3.000004889292515,2.695927619496354
20_4,3.999949571465994,3.9999431497297353,2.803121835470016,3.0003082449066687,3.0001994588733347
20_5,3.9999481905809837,2.729715662219518,3.9999325612341905,3.000108879933877,2.737202500073251
20_6,3.0,3.0000002125929432,2.706751734608921,2.000057741905256,3.000000000000001
20_7,3.9999497478480497,2.9198063192611556,3.122254160782296,3.0006734267522015,3.0003119369605478
20_8,2.000100168409801,2.338891286991131,1.0001140163749964,2.342444133050612,2.0001401888928747
20_9,3.9999477377726484,3.9999231790110263,3.00001196344365,3.000028705322154,2.7359464463457774
20_10,3.999827429536085,3.000000000000001,2.721329217991484,2.86382020791985,3.0000000000000004
20_11,2.9999999999999996,2.7495659113934776,3.000381975673273,3.9997107133834695,2.7292760307089265
20_12,3.999945282121078,3.2761716946608734,3.30138873460517,3.9998299203201184,3.999899793982935
20_13,3.0000000000000004,3.0,3.00003196112747,2.684386473193182,2.6698892085948236
20_14,3.0000000000000004,3.0000000000000004,2.720394969619824,2.732886887499811,2.669220879676492
20_15,3.0000000000000004,2.000055265187655,2.6705521396831973,2.6796761145471693,2.000189926024776
21_0,2.000052820386187,2.0000894169551673,2.3465089000171924,1.0003786674985617,2.0000869740435188
21_1,3.0000000000000004,3.0000000000000004,3.0000000000000004,2.675340893948061,2.687887539270759
21_2,3.9999492546516633,2.765098901224059,3.9999470012923357,2.733566057231974,2.675364286252783
21_3,3.0000000000000004,3.0,2.6821018421295024,2.772112880076691,2.675120099724931
21_4,3.0000000000000004,2.0000584588289168,2.000056595542516,2.6877356345866517,2.7818553136443382
21_5,3.0,3.000000000000001,3.997598938982139,2.6715213724834665,2.000080850997414
21_6,3.9999372115685814,3.000014148569702,3.9999410166961846,2.775204467653154,3.0000000000000004
21_7,3.999949283991625,3.9997931897836345,3.0000244800369096,3.000191161461319,2.677259416279227
21_8,3.9999496667911454,3.28473624592486,3.043383999008873,2.993220621813425,3.999257323177283
21_9,3.0000000000000004,2.7028873219206453,2.6876540687093766,3.0012667319359583,2.676898681801885
21_10,3.9999481381505366,2.6847866592693217,2.6826699011054678,2.6748177620321534,3.0000000000000004
21_11,3.9999490649903966,2.740769949852657,3.9999494514843117,2.0000548721386378,2.6835019782041685
21_12,3.999949514123853,3.0000009073754033,3.247209915188713,2.9463060695428567,3.0003008924474224
21_13,3.0000000000000004,2.689518220405594,2.6900453010890972,3.000669826896451,2.6713881391633674
21_14,2.000052523458627,2.0000506372840947,2.0001009787985167,2.672126163959178,2.6886095090733293
21_15,2.0000578602786887,2.0000770846459264,2.6698559391274026,2.6725949519273478,2.0000601978083816
22_0,2.9999999999999996,2.0000902488544217,2.000194161456745,2.0001270086079614,2.0000517898464567
22_1,3.9999478416044054,3.000001717467416,2.708352688116051,2.711071160580106,2.6749300450212576
22_2,3.0000000000000004,2.6816979701076438,2.6719669478389463,3.021817068932377,2.000066851284831
22_3,3.999947649605336,3.0,3.9998797854588797,2.7154126871754496,3.0000000000000004
22_4,2.000060173040263,2.000052860872761,2.0000910081257315,2.6749930244222995,2.0000630473433736
22_5,3.0,2.6708259233217526,2.0000530038388185,2.674634551479885,2.677462228273736
22_6,3.9999490744243396,2.757762315533677,2.6826192143580396,2.0000776031695424,2.6760875104630446
22_7,3.9999261514388897,2.9999999045929098,2.748049660890228,3.0307689233733375,2.6937190516623355
22_8,3.9999128188918225,3.6603648145601504,3.6603579732348677,3.6549891711509064,3.6498221338553787
22_9,3.999949158960289,2.6929010831628237,2.681732578423329,2.687545955252482,2.9999999999999996
22_10,2.0000513815368333,2.0000553726243515,2.000115587281821,2.0000616440380785,2.3953025568020925
22_11,3.999943981275022,2.7657922293267125,2.677546179230426,2.6968183652311573,2.6873914854072805
22_12,3.999945681430967,3.0,3.1918980235724677,3.999910392971747,3.1854391257772834
22_13,3.999930349691909,2.7105474757302903,2.9999999999999996,2.6947964559814865,3.0000000000000004
22_14,3.000000000000001,2.0000837847588273,2.6817700521106445,2.7382594387656707,2.6703096402994886
22_15,2.000055834870666,2.0000705427168906,2.6944892965302314,2.6700260616270257,2.0000594240873455
23_0,2.0000520069938665,2.0000784433563195,2.762655861789241,2.0003405862165713,2.703371870862742
23_1,2.000205055904584,3.000000000000001,2.677776686611073,2.6688297372884113,2.675232998607502
23_2,2.000128612950412,2.6836996286285926,3.0,2.679780207491254,2.000103280364702
23_3,2.0000664331186866,2.000075563197042,2.000074289654462,2.0001073660054263,2.0000540781072482
23_4,3.9999337120186733,3.0000000000000004,2.673617691424213,3.0008138934740503,2.6788674013049714
23_5,3.999942760901614,2.734128195855199,2.687490768911233,2.7283290351594927,3.000000000000001
23_6,3.0,3.0,2.6942041791231173,2.7234190892169803,2.67506066641084
23_7,3.999949424270603,3.9999287701850577,3.9999459874695797,2.8221659371448737,2.6769534982685776
23_8,3.99994826637429,3.999912669264506,3.5032289121907616,3.9998828723226874,3.999938481248596
23_9,3.9999494421025976,2.682123580834931,2.6795880562670193,3.000324545829724,3.0
23_10,3.0000000000000004,3.0000000000000004,2.9999999999999996,2.7677860102270366,2.681022474082842
23_11,3.999949331199645,2.999999806799937,3.000214227522896,3.0047295530082354,2.679462126685709
23_12,3.999949150598471,3.999899623642033,3.2943592963628907,3.292414320303686,3.0013188665206174
23_13,3.9999359488358905,2.6912416105883232,3.000000000000001,2.6917429922401768,2.67505815471194
23_14,2.0000686271461006,2.000176769509866,2.9740077773164133,2.362059392278647,2.138530634853056
23_15,2.000068627275113,2.0000541165728474,2.000054827892197,2.7095364688115082,2.693675708909671
24_0,3.9999484777555856,2.764320479203249,2.6871880550128444,3.004020841082229,3.0000000000000004
24_1,3.000184493138112,3.0,3.9999150983997454,2.721165585899545,2.669670450885168
24_2,3.999946593155119,3.999947315126887,3.9999376277910725,3.0172191364499614,3.9980193178135526
24_3,3.9999496315673833,3.0000058458752044,3.9997246240429956,3.0000643916219154,3.0007632879386867
24_4,3.9999383936272377,2.6946638888591474,2.6958874809849127,3.996447299851018,2.674065890535708
24_5,3.9999479800370086,3.9999474974850355,3.9999356027141992,2.9814972935938853,3.9996988957973487
24_6,3.999947646124798,2.694953256539024,3.000537134573572,3.0006060000072163,2.6707387955795188
24_7,3.999948437041292,3.186131627703132,3.999942978266365,2.993142110636611,3.999144419653257
24_8,3.999940603154623,3.999914967190438,3.5689369713232093,3.5699822505199763,3.468605575953998
24_9,3.9999497523180727,3.300119011385887,3.07046058977214,3.999858761463641,2.7456310428858366
24_10,3.999949743127884,3.999934525606679,3.000052597427505,3.0491712174794534,2.9999999999999996
24_11,3.9999491742351045,3.0002881273142252,2.733977368629844,3.9995747827249346,2.6719495251480936
24_12,3.9999477705035726,3.999941040935146,3.302226413281412,3.30412876526385,3.000322995206034
24_13,3.9999479506960567,3.999923175150912,3.0,3.9995290049245873,3.9995299134317817
24_14,3.000000000000001,3.0000000000000004,3.0,2.695248075778218,2.667488123030508
24_15,3.0000000000000004,3.9991291131562043,3.0000000000000004,3.001655505475458,2.6751877850384105
25_0,2.000084504129234,2.000094251634776,2.6693782210105725,2.6679223172676765,2.6714180715784113
25_1,3.999945762105527,3.9998381733119515,2.690036764568678,3.9996849341322407,2.675626297634973
25_2,3.99994408013395,2.715827195893861,2.679708131157147,2.6951222041887353,3.0
25_3,3.9999488601732174,3.0000186483044695,2.999999900919248,3.155266694562883,2.8233972735871986
25_4,3.000000000000001,3.000000000000001,2.6710193304550356,3.0000000000000004,2.67238666017891
25_5,3.9999355510521015,3.0000000000000004,2.695652925674019,2.7268837504063157,2.6787417500924597
25_6,3.9999465718782425,3.000000000000001,3.9998197267462037,2.7475814292875356,3.0000000000000004
25_7,3.999948450823052,2.681277061333368,2.682222609994036,2.682142920611654,2.6736961748992183
25_8,4.999770183417099,3.9999307916972575,3.6635558156691297,3.6423064923779136,3.0000000000000004
25_9,3.0000000000000004,2.6777847318786137,2.680428876915485,3.999765405166837,2.673182458146726
25_10,3.9999401050731227,3.000005063119908,2.69257636301373,3.004058914779638,3.0000000000000004
25_11,3.9999459565553455,2.7117190924917765,2.7086257413559256,2.727169439373575,2.6851690167934708
25_12,3.9999490101703743,3.304019183729091,3.3145204964010686,3.2726530407947783,3.3097781486989923
25_13,3.99994924249983,3.999923172626561,2.6893594334392423,2.6993999983456356,2.6821530031960705
25_14,3.999941211490831,3.000000000000001,2.6936875425364106,2.742981075772686,2.669899754739461
25_15,2.0000578172798615,2.000125521189309,2.0000615606726524,2.6710826325762254,2.6709539255385906
26_0,2.0000514298726033,2.000058611144953,2.372277175358589,2.0004213755370905,2.451996009709656
26_1,3.9999487785441197,3.0,2.7216893424048205,3.0000000000000004,3.99990389629013
26_2,3.9999479793097947,3.0317665603355097,3.9999412884972956,2.7730256104545212,2.6756349878195307
26_3,3.999943666544345,3.0000000000000004,3.000001239662048,2.8245490741740396,2.741569382943694
26_4,3.9999049869080543,2.00020490928409,2.0004523912157017,3.0,2.0001211889138544
26_5,3.9999478122762318,3.999933524877235,2.76498680543883,3.000635642868149,3.0000014482566
26_6,3.999945064440876,3.9999436162550186,3.9999469838124933,2.7619573864949225,2.9999999999999996
26_7,3.9999466133352404,3.0060729748451305,2.9999998119654934,3.000065599183786,2.7011201547835437
26_8,3.9999476704810912,3.0739367237785458,3.0000011475441557,3.0006079939621424,2.774228118836888
26_9,3.9999456418692074,2.740416976550957,3.999578122432975,2.824690859400346,3.0000000000000004
26_10,3.9999479278567716,3.9990607099809994,3.9997752604901176,3.000363959785433,3.0000653152896537
26_11,3.999949576412566,2.813283875517353,2.7295142481308057,3.0,2.8742990672840913
26_12,3.999932487778943,3.4566930827099394,3.2602745072944135,3.256081466858462,3.999899477771273
26_13,3.0000000000000004,3.0000000000000004,2.000072914769789,2.684934421692832,2.6793940805803076
26_14,2.0000574732002083,2.0000557108903476,2.7715003981764466,2.7071685949408177,2.0000555467721357
26_15,3.9999464014333745,2.7850359272306044,3.99985437335836,3.0000019120507675,2.6793372675753853
27_0,2.0000511519435142,2.743527213370461,2.000055039209327,2.6878726792283825,2.410768725522604
27_1,3.999101443396824,2.000077766680649,2.6681043046091855,2.6672129020597994,2.000075137577031
27_2,3.000000000000001,2.6702612256373537,2.000162713848255,2.6754199292707628,2.6734655817709316
27_3,3.0000000000000004,2.000100469221496,2.6800069647119455,2.689403220621248,2.6720304486425235
27_4,3.0000000000000004,2.0000690994930523,2.670347818261331,2.668911139229831,2.000345020160377
27_5,2.0001142469808575,2.6684563149685774,2.670506895516825,2.6697498645330433,2.667989304518279
27_6,3.0000000000000004,2.000055646075915,2.9999999999999996,2.671956571875626,2.000058134313708
27_7,3.0000000000000004,2.6943393667058904,3.0,2.714848685985489,2.672587852334196
27_8,3.0000000000000004,2.9999994775044874,3.000000286800088,3.999769957987593,3.208970786058563
27_9,3.0,3.0,2.6857826122123014,2.6825839099198703,2.671137196175151
27_10,3.0000000000000004,2.705453812626584,3.0000000000000004,2.9999999999999996,2.6687405799973685
27_11,3.0000000000000004,2.68619734345207,3.0000000000000004,2.9999999999999996,2.6692246915940614
27_12,3.0,3.0000000000000004,2.6698489018262492,2.673846656153877,2.668886660616002
27_13,3.0000000000000004,2.0001215851976832,2.0000891224489403,2.7112082744123973,2.6687905100288276
27_14,3.000000000000001,2.667794662730789,2.6674823529900014,2.667375881932268,2.000065747030493
27_15,3.0000000000000004,2.000110842716426,2.9999999999999996,2.6699295099134526,2.6745021643972193
28_0,3.000000000000001,2.668793365654629,2.669014210226316,2.6806350988018943,2.000057379824416
28_1,3.000000000000001,2.748460322192181,2.9999999999999996,3.000310056907341,2.669489027628217
28_2,2.000114558150043,2.6695175181701924,2.0000572698930235,2.669535322011007,2.000052311944013
28_3,3.0000000000000004,2.687251686950648,2.677747279413645,2.673482692592972,2.0000903376116685
28_4,3.0000000000000004,2.6684711659641787,2.000230351063347,2.0002102958512182,2.679157707733126
28_5,3.000000000000001,3.0000000000000004,2.000399945903818,2.6779461430096534,2.670434390706991
28_6,3.000000000000001,2.6849338737452637,2.673619247832827,3.0000000000000004,2.000241157599774
28_7,3.0000000000000004,3.0000000000000004,2.713367911413521,2.6977976144921447,3.0000000000000004
28_8,3.0000000000000004,2.7056195882965173,2.6823783670239107,2.0000872056723304,2.000344695083858
28_9,3.000000000000001,2.6899444915057904,3.0,3.000000000000001,3.0000000000000004
28_10,2.000070935673213,2.669840331704098,2.000052586026036,2.0001248343842657,2.000117556325649
28_11,3.999880609672484,2.7422492644268788,2.6774648194914468,3.002247140609332,2.9999999999999996
28_12,3.999947425053311,3.0000302510433743,3.1503884227062406,2.940440708326201,3.0
28_13,3.0000000000000004,2.0003903759916533,2.672905402353969,2.68870089341872,2.6682384287357945
28_14,1.0001223187432509,2.000055194634019,2.367938262482237,2.0000949051667627,2.395249446928862
28_15,3.0000000000000004,2.6723000198092373,3.0,2.6691630021121884,2.6693347305152884
29_0,2.0000517330296117,2.00005599292985,2.000077586222361,2.6901745254201765,2.0000894765269037
29_1,3.0,3.0000000000000004,2.684829860993977,2.684637282704482,2.672353874422474
29_2,3.9999486785101257,3.9995708151986156,3.9997509330260477,3.000058624603202,2.6866747567701963
29_3,3.999919248551326,3.0000000000000004,3.000000000000001,2.6945392601444484,2.678730115171558
29_4,3.999939104230399,3.999939366846088,2.7119727556565874,3.00027701979673,3.0
29_5,3.000067342653236,2.716807915662149,2.762803293257976,3.0000046557409608,2.683170196836122
29_6,3.9999240896836596,3.9997451168568103,2.759587925646013,3.000376692392839,2.6724391297078998
29_7,3.999942210827969,3.1318638741821037,2.690598286279015,2.8681561282150603,2.6837416344466387
29_8,3.999945012785494,3.0000000000000004,3.0000000000000004,2.773534865181334,3.0
29_9,3.9999467642597004,3.065883606035852,2.736103544902863,2.792886995308691,2.6810094192894462
29_10,3.0000000000000004,2.678532190495131,2.67853803289805,2.6780469529467616,2.669049919120477
29_11,2.0023272785212476,3.0000000000000004,2.6756666150163397,2.682284754015583,2.6692641194519195
29_12,3.9999328713490905,3.417987467422357,3.2660517242055773,3.9998439785995035,3.28034221702882
29_13,3.999941678064963,3.000000710436047,3.996443358298057,3.0013376076022764,2.674257104154643
29_14,2.707395139941685,2.00007208045887,2.673936905101664,2.6787478144452113,2.000059495510022
29_15,2.000077651526823,2.6698234251001836,2.674129223096125,2.6716963173741117,2.701333299891555
30_0,2.0000578247528824,2.0000504223713067,2.0000512492059492,2.00318833329219,2.7016488237412313
30_1,3.9999489486745246,2.6950815884453845,2.6775423780797927,3.000418673752425,2.6775456532964697
30_2,3.0,2.0000555810113054,2.6742082338809627,2.68007600615084,2.670575430974763
30_3,3.0000000000000004,2.9999999999999996,3.0000000000000004,2.701545576095359,2.9999999999999996
30_4,3.999944861902662,2.6845990052086037,2.679779715912118,2.6893233088891337,2.6695846623011303
30_5,3.999923081833114,2.7338108306450013,2.675958917222906,3.0003143441562083,2.673634017285427
30_6,3.9999466236345502,2.6917588537981305,2.00667794329655,2.680932063445762,2.668958051468641
30_7,3.0000000000000004,2.67363610543196,2.684465371062972,2.686833587098802,2.0002303270203825
30_8,3.0000000000000004,3.0000000000000004,3.3071611405686805,3.0000053161388918,3.0000010942011572
30_9,2.0000836405567255,2.76258070628899,2.7301931544848017,2.714454421938572,2.701866870340276
30_10,3.9999262928847465,3.0000400281390687,2.674083096050304,2.671336514053096,3.0
30_11,3.999935326360935,3.000000000000001,2.6797816814693682,2.6766830073944656,2.6749228590455383
30_12,3.9999489154355032,3.2759203291965537,3.270478853084615,3.0002460070502734,3.000139668271702
30_13,3.9999470245950546,3.0000000000000004,2.6742678263717163,2.6750306560439965,2.671792577264082
30_14,2.000068251717772,2.6723687227682413,2.683253707789068,2.974763918340888,2.0001157895210824
30_15,3.0000000000000004,2.000050926707245,3.0000000000000004,2.0015373452931478,3.0
31_0,2.000051281730298,2.7100632422915405,2.0001162641537547,2.000103416949308,2.7395550959738877
31_1,3.999946909160149,3.0000027084412633,2.7694183833720674,3.999813460304202,3.998534756933457
31_2,3.9999473659593905,2.9999999999999996,2.7107368148734987,3.0005355592659075,3.0
31_3,3.99994973616037,3.000010032653493,3.999945132390123,3.000023686620294,2.702350806408648
31_4,3.0000000000000004,2.6887362069831937,3.000035399014968,2.965268215103338,2.68450463735919
31_5,3.999948656058888,3.0004154189415715,2.831147367202227,2.7395460147131327,3.9995869542695814
31_6,3.999948101275924,2.999999557593174,2.7027806630729247,3.0049910873724124,3.0
31_7,3.9999490527365977,2.741098574248389,2.792047885054447,2.7829491417138925,2.672570039367762
31_8,4.999839256655963,3.645093067166232,3.663655578738881,3.6423952237308823,3.644886859266076
31_9,3.9999488914515555,2.7379448123980983,2.9999999999999996,2.6894697916408488,2.676414218386647
31_10,2.0000560496154547,2.0000537270082983,2.6816755145944726,2.6743932470579534,2.705480175690398
31_11,3.999949507699123,2.960503738245081,2.768370255295067,3.0002447707597995,2.682985690307477
31_12,3.99994600391912,3.227762340896152,3.308604204935909,3.3167928485677556,3.3218584780972886
31_13,3.999948436230698,3.0000005945034953,3.0000370430805283,2.8848102454364417,2.7344291264526275
31_14,2.7507011009514777,2.7228456655278626,2.9595970497409474,2.697565993372076,2.9999999999999996
31_15,3.0,2.6695593028929503,2.671940248668996,2.6687913025317207,2.6808360141308922
32_0,2.0000508710181197,2.000053609348063,2.0000513121444397,2.6916089860489634,2.000163995452775
32_1,3.0,3.0,3.999941713437666,2.8051128536882732,2.753408533372431
32_2,3.999949809861543,3.9998854907857155,3.9994116363531864,3.000098180109009,2.7930600681445727
32_3,3.999949487238547,2.9999990603023012,3.999829842671592,3.0000051266827246,3.0001317430305257
32_4,3.999942949261341,3.999910844870655,3.9999445979873323,3.000009520397606,2.755741618159159
32_5,3.999949343399539,2.8816821298420585,3.999906382371117,2.8170241384181396,2.000724871168387
32_6,2.0029265689389746,2.7656593587597103,3.000000000000001,2.788339266677622,2.7157812598373976
32_7,3.9999493209606345,3.000011581808316,3.9999312587448315,2.6801817734695343,2.672455511282624
32_8,3.9999108330219957,3.9998960161483095,3.6652413872919993,3.6648396478136287,3.6659848592419357
32_9,3.9999490812366845,3.9999057552419974,2.71237497543515,2.687059953581106,2.7110743699040483
32_10,3.9999493853282466,2.706358661855649,2.7528587948819636,2.756048624349381,3.0
32_11,3.9999496522966234,2.6952921868432944,2.7262190459211526,2.7498448528201074,3.0
32_12,4.99978647979947,3.1889836933021947,3.9999043628012405,3.216866862492381,3.308965723713717
32_13,3.999948236830595,3.999875371346035,2.689585549835282,3.0001424851491065,2.7005506743497576
32_14,2.0000514244904557,2.0000562303293883,2.7465449848967096,2.0000670606071957,2.790171103624383
32_15,3.0000000000000004,3.999935208959413,3.000000000000001,3.0000036913405115,2.9999999999999996
33_0,3.99994587055374,2.6726905925889426,2.670374143324506,2.714821006893552,2.6708965800036104
33_1,3.99993100553332,2.6711418941623686,2.681083321628349,2.696674262788849,2.9999999999999996
33_2,3.9999163464713234,2.6768513682184496,3.0000233291296357,2.6944520789362016,2.6691109236333475
33_3,3.9999422280694663,2.674553485667608,3.000022470016724,2.6944520789362016,2.669976325059973
33_4,2.000053668237707,2.0000516303702605,2.000075553556376,2.000160812589579,2.6821375196447397
33_5,2.0001562742346315,2.0000540047524327,2.6698281524044325,2.670028332561141,2.0000622908398156
33_6,3.999947304881117,2.6768509967627123,3.000005463797133,2.684252648988594,2.6688132403284226
33_7,3.999949071117005,3.999948187154026,2.740718647320619,3.0002636824866658,3.999773010264783
33_8,4.999881863819579,3.6665402210707025,3.665985508680099,3.666376452947679,3.6665519749193
33_9,3.9999462358142477,3.000001221171989,2.6739830876159054,3.000011777450603,2.671316193885666
33_10,3.9999311400139086,2.694892957936962,3.000005508666674,2.697809932122113,2.6699980718381067
33_11,3.9999495820212734,2.99999947576854,3.9999154701708917,3.1351901385809082,2.7163206179124266
33_12,3.9998811504364826,3.999925596387128,3.999936545237507,3.3098296871723276,3.9999057125520996
33_13,3.9999467661433337,3.000003482841856,2.9999987669169093,3.9986828870521283,3.0
33_14,3.0000000000000004,3.000000297745959,3.9998029189179376,3.000266040821022,2.6744395424970278
33_15,3.9999370824404985,2.6761725588490086,2.680841076166989,2.68869850415005,2.000251558844946
34_0,1.000228463394061,2.3548342642711715,2.0000892340876937,2.0002017727923826,2.0000853106290513
34_1,3.0000000000000004,3.9999269107854314,2.7138757711462063,2.7162761694015023,2.001204932821136
34_2,3.0,2.6809916968555254,2.6895067339072862,3.9989242213413863,2.6705648081667053
34_3,3.0000000000000004,2.999999603124894,2.9999999999999996,2.7477299955337218,2.677994304899083
34_4,3.999927389397925,3.9998628657336854,3.000000613061017,3.0008578385722524,2.691398593479186
34_5,3.999948120663974,2.7507870763130997,2.683623084309507,3.999572759300085,2.6713611138254625
34_6,3.000000000000001,2.6826052523287887,2.0001090119546676,2.699117560846106,2.000073647112469
34_7,3.999947798312069,2.9119621499274975,3.999659846343817,3.0018607875860477,3.9999459796742656
34_8,3.000000000000001,2.9999999999999996,2.0001595447682408,2.6801644620127507,2.9999999999999996
34_9,3.999949145991545,3.999946968800001,2.940402433579398,2.786824474480921,2.717493249174632
34_10,3.999945729266491,2.7061500022355536,3.9996814127419413,3.0002030955868895,3.0
34_11,3.9999452151800914,3.9999423000051437,2.999999999999999,3.0072315461692023,2.6994292155404347
34_12,3.999940130099778,3.999946777020097,3.000004275431364,2.9637385570201547,3.278333052855691
34_13,3.999943395123966,2.7975290090883775,3.0002526666745775,3.999208890874021,2.6717148813597267
34_14,3.0000000000000004,2.674519402576372,2.6759425871003946,2.7016548571275516,2.671151711589108
34_15,3.0000000000000004,2.686374590467255,3.00020650149078,3.9980419042953854,2.0002046369190984
35_0,1.0006094223171198,2.000101549249011,2.000097119147269,2.00013265500965,2.341761889488
35_1,3.0,3.000000000000001,3.000019750910952,2.672799663771627,2.6685638555718167
35_2,3.9998964220116484,2.674049978898016,2.678554012180925,2.689133908593338,2.672227260999057
35_3,3.0000000000000004,2.0000554137464284,2.7028032725721642,2.6720030495165203,2.6781266791568012
35_4,3.000000000000001,3.0000000000000004,2.674026461812689,2.6711401932610395,2.670800278631399
35_5,3.0000000000000004,3.0000000000000004,3.996874493998963,2.673114547947737,2.671018709721988
35_6,3.0000000000000004,2.668122943028571,2.000061531951634,2.672107455623318,2.6714789497284563
35_7,3.999949690453101,3.9999422940089255,3.0,2.772798921461204,2.671710546189491
35_8,2.0001589898407417,3.0000000000000004,3.0540474435108345,2.839918378729598,2.6914046726824457
35_9,3.0000000000000004,2.00014876064276,2.673759889797541,3.0000000000000004,2.6714559725985865
35_10,2.0007874365985234,3.0000000000000004,2.6792779890723817,2.6894087042059445,3.0
35_11,3.0000000000000004,3.0000000000000004,2.6881278259480004,2.686830205544429,3.0000000000000004
35_12,3.999949488937295,3.0000004457998104,3.9998753010239594,3.00114139207522,3.000002293682879
35_13,3.9999391988901234,3.000000000000001,2.671517644715373,2.999999999999999,3.0
35_14,2.0000505611985298,2.6887309408538798,2.841318306769889,2.680564826930603,2.372347999734663
35_15,3.0,2.6717105830569974,3.000000000000001,2.697920104602818,2.999999999999999
36_0,2.000106668990903,2.0001704262164828,2.0008829164033988,2.0005299444342364,2.3341120868868837
36_1,3.999936637500612,2.684965652944303,3.0,3.000060163486891,2.6710721107619615
36_2,3.0000000000000004,3.0000010926036684,2.673422733763328,2.7155928651948664,2.670931227574986
36_3,3.0000000000000004,2.6736472893228473,2.676327957960982,2.6873804556804313,2.669713412993564
36_4,3.0004223532637955,2.6830780031862864,2.697656544433854,3.000094796982258,2.000835136073029
36_5,3.0000000000000004,2.6713045935013207,2.000568747573468,3.0000000000000004,2.0000681922450982
36_6,3.999857566595703,2.6764097857181786,2.6865644253361216,2.7304982895180343,2.6744483880830985
36_7,2.0000644564562515,2.000050845843713,2.0000532735857632,2.689093387703589,2.710101434356421
36_8,3.0,2.7732456208592158,3.0000079898217624,3.001876007096415,2.6954888369756986
36_9,3.000000000000001,2.999997637389651,3.0000831198905904,2.710468267031504,3.0000000000000004
36_10,2.689229154290294,2.6933694494456057,2.677964383983186,2.7384708467111114,2.683150967548973
36_11,3.0000000000000004,2.0025817343534533,2.0001571469225223,2.691890908791989,2.000134778734033
36_12,3.999943995710221,3.999884261949676,3.301849174334068,3.461605519346195,3.2977229825719383
36_13,3.0000000000000004,2.678537216997705,2.0000913247826704,2.6785170121958526,2.672199278162801
36_14,2.0002193698228004,2.669480518469495,2.6718942464571325,2.673458774379549,2.000101361781591
36_15,3.999940387503537,2.685394415568481,3.9991374814530185,2.7563755692478473,2.684201776658135
37_0,2.0000643462287555,2.525304617641696,2.6616068562360384,2.746763250113875,2.0003916367088608
37_1,3.0000000000000004,3.0000000000000004,2.6819032722612812,2.677411883942574,2.000059793958602
37_2,2.0002578942117277,3.0000000000000013,2.670169513676292,2.9999999999999996,2.000090931922055
37_3,3.0000000000000004,2.00008351039331,2.000063543808718,2.688159103717128,2.0000724174874627
37_4,3.0000000000000004,2.6897307441392426,2.9999999999999996,2.7016466392183442,2.67375948902161
37_5,3.0000000000000004,2.0185163775741604,3.000003032887665,2.700507131459771,2.6728531507269286
37_6,2.0021967508442913,2.9999999999999996,2.6855074992523926,2.6981070067378994,2.675734753155525
37_7,3.9999489376544077,3.9999102247663565,3.000000935509342,2.8751193371230253,3.9999298600878705
37_8,2.0000649093321816,2.6963534434708,2.7128727011529086,2.7067446825902493,2.7402586218201384
37_9,3.0000000000000004,2.6716067724236123,2.0001871405393272,2.00009778427482,2.0000777704615214
37_10,3.9999460085974756,2.699290182633459,3.0000000000000004,2.7274809700753484,2.672090296087438
37_11,3.000000000000001,3.999894691596092,3.0,3.000207901758009,2.6869254266039935
37_12,3.9999370202598112,3.999933597481698,3.2942516626837364,3.3120799380177135,3.999910942818059
37_13,3.0,3.0000000000000004,2.6780026733005338,2.6830528088292884,3.0000000000000004
37_14,1.0007567089918232,2.7053623607689774,1.0003538938178065,2.624745449927077,1.0005916884814294
37_15,2.000051562714259,2.0000730809118603,2.0000521564343496,2.6696586509973668,2.6912778157868544
38_0,2.0000526546619555,2.402561114014837,2.338898544496711,2.0002846973031523,2.3396399628508475
38_1,3.999943941463043,2.6776508280828955,2.670980383185257,2.6822642342676235,2.6702663474564003
38_2,3.0000000000000004,2.6846712773035435,2.99999741246786,2.701938658686556,2.6796328142961494
38_3,3.9999416850272786,3.0000000000000004,2.677771944739563,3.000020357272128,2.6765223567383756
38_4,3.9997155015570063,2.6811728455927537,3.0000000000000004,2.0002959060344008,2.67166277202056
38_5,3.0,3.0000000000000004,3.0,3.000403148056402,3.000000000000001
38_6,2.0004098611577588,3.0000000000000004,2.6794206273952885,2.6984586089857383,2.6713854563983346
38_7,3.9999496158686005,3.9999109706331963,3.0816034335389264,2.9002620405220214,3.0000095083338065
38_8,2.000056362259945,2.0000779872353314,2.0002269336404748,2.340497153459065,2.337168456843948
38_9,3.9999380989078492,2.798233766665443,2.681279870033485,3.0000614665663985,2.699482362462397
38_10,3.0000000000000004,2.7113921654586437,2.673502613437779,2.739928201114583,2.000069862872995
38_11,3.0,3.0,2.6954456609099005,3.0000178320150948,2.0000697803100937
38_12,3.999945661036291,3.286245542259951,3.000018764166353,2.9448682853008217,3.2347461354198415
38_13,3.0,2.999999999999999,2.000158653753124,2.677192198083732,2.6725504465646335
38_14,3.0000000000000004,2.000050463668599,2.6764786509555467,3.0,2.6862671111702707
38_15,2.0001356678833933,2.668841750365496,2.0001156772550543,3.0,2.0000735034519885
39_0,3.0000000000000004,2.6707462188457893,2.0001378282902316,2.6805242386403174,2.000569599921133
39_1,3.9999479914921467,2.6917347208916604,3.0000000000000004,2.693694570016635,2.671131570697508
39_2,3.9999328222828967,2.6922303718713834,2.6788530096336767,2.702101932042411,2.6859016563507545
39_3,3.0000000000000004,3.0000000000000004,2.000202605210191,3.0001852397674624,2.671919952489252
39_4,3.0000000000000004,2.689541684907394,2.675982135967205,2.7073027807718097,2.6811856086111554
39_5,3.000000000000001,2.9999999999999996,2.6776505937154886,2.7085686730036262,2.0001249305029183
39_6,3.999943861350287,2.999998710721624,3.0000519331696545,3.0000556128877016,2.678935675696365
39_7,3.9999456478287185,3.9998327851479765,2.7722632388830704,3.0,2.694017460597081
39_8,1.0001174119181988,2.00017470590737,2.0001769645311978,2.345011083113837,1.001066211521441
39_9,3.9999396015504143,3.9999099384834906,3.1299344567249534,2.9999989683057526,2.86277629217051
39_10,3.0000000000000004,2.0001193524665264,2.693523136519577,2.679691094719741,2.0000580132616617
39_11,3.999948317445133,2.7278669588080247,3.9998856744087985,3.000173194746475,2.698922553445445
39_12,3.9999477752296695,3.285090989105594,3.306176166581016,3.2964577277826796,2.9642569094648556
39_13,3.9999493293047994,3.999609709542671,3.0000099038456205,3.003477567568814,2.693399245994912
39_14,3.9999491074727413,3.9998423130642813,2.685729490133649,2.6890847047125224,2.6721745059564936
39_15,2.9999999999999996,3.000000000000001,2.7068610884936817,3.0007516275045223,2.684834838014015
40_0,2.000051014593555,2.6885624216644173,2.6977012964079066,2.715004749258874,2.8204469736362396
40_1,3.9999474037224876,3.000003223824648,2.7735000317637146,3.0007339435057934,3.000000000000001
40_2,3.999947855651834,2.726440048060288,2.715303987589442,3.0013502901485554,2.674414261511389
40_3,3.9999427747351435,3.0000085840490254,2.735997502280943,3.0012178463471124,2.698643003096583
40_4,3.0000000000000004,3.0000061445296953,2.6781633500316673,2.763284602644343,2.0004238562916075
40_5,3.999926945924992,2.7485695582723606,3.000054803766048,3.0001445982423567,2.6781490150333145
40_6,3.999949063714612,2.692167849594927,2.7061856207935238,2.821490040751621,2.699957733803352
40_7,3.9999480880922618,3.0000002949380695,3.0000008106049907,3.006540768459362,2.6851797113058002
40_8,4.999323212367735,3.9999392471349786,3.642403641081276,3.65346986880947,3.6391015179715143
40_9,3.9999406844894865,2.697976306271904,2.0003261380183592,2.694683580064383,2.670068420633873
40_10,3.9999480341600906,2.9059440899449998,3.9994074106747504,3.00173458157827,2.682554393766777
40_11,3.999948221316888,2.7839220449943713,2.726525555553098,3.999410094137345,2.688982950505445
40_12,3.9999496203685294,3.0000063122565095,3.00001011629306,3.0001170149508747,2.7372292431144936
40_13,3.999940063795075,2.7833525462787265,2.7094544766156337,3.00000086141237,2.687866617038794
40_14,3.9999477853970964,3.0,2.9999984006305054,3.0000541296752097,2.6775166162171073
40_15,2.711712452269513,2.697986878923588,2.0012109226852006,2.68500394515269,2.66974584535473
41_0,2.0000595357632904,2.000053612750611,2.0000720405958443,2.683968608655858,2.6861720358830925
41_1,3.999914500232788,2.0002767807167334,2.7417212302919456,3.000630657154247,2.999999999999999
41_2,3.9999492375051475,2.9999999999999996,2.7546054609921993,3.0004950970247153,2.6755016150801647
41_3,3.0,2.685462698346636,2.6947045113625134,2.692325539445881,2.684302791059369
41_4,3.9999184353235546,3.9999228278403423,2.68299823230893,3.0,2.000146028568285
41_5,3.9999480537263437,3.0,2.6882975185906295,3.0145024866473245,2.674693741831224
41_6,3.999949808842564,3.0,2.804934833699974,3.0001618073837535,2.763367107242088
41_7,3.9999435437467543,3.000000820748492,2.777363993301408,3.0000072245957403,2.696292664048682
41_8,2.000056787309959,2.999999999999999,2.9240023025528945,2.4027322480292477,2.350156798706808
41_9,3.0000000000000004,3.0000000000000004,3.0000033636832715,2.747386459013155,2.0001211247493593
41_10,3.0000000000000004,2.000110069451738,3.000000000000001,2.9999999999999996,2.672900564944884
41_11,2.999999425732167,2.999999999999999,2.717620087892415,2.999999173231191,3.0000000000000004
41_12,3.999949126031752,3.2656927164483847,3.9998564458586743,3.000075086097274,3.0000822284883473
41_13,3.999941016416027,2.6791620706934713,2.6989619319085008,2.706668061606759,2.9999999999999996
41_14,3.0000000000000004,3.0,2.701589653177799,2.7110037407511904,3.0000000000000004
41_15,2.0000568351559065,2.000052563330292,2.0000640133319547,2.0000674308520883,2.5803507617531487
42_0,2.000058803605523,2.000141356661922,2.694352952996978,2.6799868427670077,2.000066876937212
42_1,3.9999366024804965,2.7015071311643286,3.0,3.002301475885087,2.67032184173281
42_2,3.0,3.0,2.673374700447778,3.002311908368458,2.6709569938587356
42_3,2.0000532416524717,2.0000622766790626,2.7260382775206176,2.6864527930571898,1.000987644139601
42_4,3.0,2.6706023518016604,2.6835597642074416,2.7058676266878425,2.000081351352746
42_5,3.0000000000000004,2.0004402830946293,2.000055887378555,2.6865877217498326,2.6710049861532967
42_6,3.000376660075819,2.6852484259577705,2.67982568116959,3.0,2.000227314958211
42_7,3.999939520185157,2.715688992803281,3.9999132692563975,3.9998749566514307,2.6815551307293006
42_8,3.0000000000000004,3.000000189983461,2.9999997942175574,2.739885248677221,3.0002767316433303
42_9,3.9999332939095975,2.000128654005992,2.678076095704486,2.7204916348615025,2.673205257663458
42_10,2.9999999999999996,2.6793803981683704,3.0,2.67970592548466,2.672892759137855
42_11,3.9999488876373386,2.733401967070322,3.9987826074252086,2.7571671995101195,2.6775241829177974
42_12,3.999922527526275,3.2452733795277364,3.3107338923454117,3.3194555647863604,3.313510844172825
42_13,3.0,2.782205488014692,2.6806649596777525,2.7102779996727193,2.670400990301403
42_14,2.0000616062058176,2.000053549134549,2.6726583207310894,3.0,2.000340999485547
42_15,3.000000000000001,2.000051463777854,2.0000527309865985,2.6696506500907047,2.6821516705786523
43_0,2.000065198227664,2.000100567711613,2.6943037791742883,2.6697351493484835,2.0001479009625283
43_1,3.9999494249260845,3.0000003190505247,2.6977923145887934,3.0007783268928208,3.9999119926048246
43_2,3.9999470846951164,2.7338251272196707,2.687809871851169,3.0000021029978567,2.6745986139466216
43_3,3.999949653733141,3.0000604291740034,2.999998946801719,2.7563341886378208,2.6997933654229755
43_4,3.0000000000000004,2.0001565240039967,2.705744612985567,2.6762184478646267,2.66938672389283
43_5,3.000002673771239,3.0687670369158973,2.999999907725962,3.000103471113609,3.0000000000000004
43_6,3.999941521842888,2.904788900229673,3.9998314527276495,3.015711082010003,3.0
43_7,3.0000000000000004,2.999999128604904,3.0,2.7207442870650564,2.68999907708404
43_8,3.999932842867935,4.999097082349596,3.6659768749438193,3.664594907620507,3.666185639405631
43_9,3.000000000000001,3.999841397477264,2.6745228701514008,3.000165123474037,2.6689151598034964
43_10,3.9999448654846548,3.999939225816525,3.0000000000000004,2.695011950174248,2.6810568953286964
43_11,3.9999480019459317,2.70621396057101,3.0,2.711093600802494,3.000000000000001
43_12,3.9999445271897005,3.2955031641682497,3.2958927124224875,3.9999153812275883,3.9998293794816187
43_13,3.0000000000000004,2.8675377785026073,2.765625315462574,3.000025153402662,2.6828606459336166
43_14,3.99991503657223,3.000270172640731,3.0000281307362666,3.0000169236393326,2.673218665128732
43_15,3.0000000000000004,3.9999341395891137,3.000000000000001,2.682501818206536,2.670778807370773
44_0,2.000051713683911,2.000051263498351,2.916421463946438,2.6202566713630686,2.382522113076799
44_1,2.0005245392121167,2.000075605393202,2.6943265982249187,2.668145088431678,2.000082544997365
44_2,3.9999367955177343,2.68893022387819,2.675198325217627,2.7323883667673,2.6677291826619607
44_3,2.743527111302057,2.7020339673344456,3.0000019857785007,2.727001581212837,3.0000328099635762
44_4,2.7846962694800306,3.999838019669245,2.688317281712001,3.0,3.0000000000000004
44_5,3.0000000000000004,2.6741382395481184,2.6745961976377246,2.684900539466135,2.674152489905681
44_6,3.9998941409952695,3.0000000000000004,3.0,2.6846369926307196,2.9999999999999996
44_7,3.9999456983103645,2.999999491817046,2.6971843789384007,3.0000389025615384,2.9999999999999996
44_8,1.0001026750687179,1.000376733100838,2.0001210282365336,1.0010818311135017,2.3415743213438454
44_9,3.999947432771316,3.0000001914005114,2.7228040435845413,3.0000163157705657,3.0000484550662376
44_10,3.9999288763270076,3.000000000000001,2.678520320147813,3.000769820940225,2.9999999999999996
44_11,3.9999483553554507,2.9999989738440007,3.0000000000000004,3.000174573079788,3.000000000000001
44_12,3.9999485323358215,3.277855600139354,3.270966274202229,3.0035122435674215,2.8838561834360847
44_13,3.0060905759857492,2.685187767165704,2.000082445020025,2.6919113667424313,2.000189107778239
44_14,3.0000000000000004,3.000000000000001,3.0,2.705656595905729,2.0000645684014438
44_15,3.9997775866563683,2.000177656190839,2.672243533523627,2.6747371885800515,2.6722225305551923
45_0,3.0000000000000004,2.000124207249169,2.6723463601923356,2.6753251206510473,2.5027404075043034
45_1,3.0000000000000004,2.6689905409611248,2.6702643873470278,2.6776727094650266,2.670591064200692
45_2,3.9999194252130548,2.739916440364662,2.6803832317621468,2.6946771615250293,2.671944471717691
45_3,3.0000000000000004,2.680570934600546,3.0,2.9999999999999996,2.674270433513243
45_4,3.00000566328347,2.002267664500187,2.6737824787726616,2.6776488402575866,2.6736602308392214
45_5,2.0000553098084946,2.6677014857825947,2.000116135126063,2.6745650825737783,2.6674980423763683
45_6,3.0000000000000004,3.999887352706198,2.9999999999999996,2.6720799733017966,3.0000000000000004
45_7,3.999948037563081,3.0000001990086527,2.705690777853428,2.7107315766822393,2.6759501930948346
45_8,3.0,2.668861724712415,2.6695336972009676,2.674424147787006,2.668147697235926
45_9,3.999949319387241,3.0000051627004174,2.71091210336515,3.0000661891377254,2.678504486417658
45_10,3.9999335462371057,3.9999136775938684,2.99999989808965,2.7638883488388535,2.682827708564405
45_11,3.0000000000000004,2.6944560745633623,3.000000000000001,3.0009326688691162,2.678863853053659
45_12,3.9999334523763865,3.999933593915976,3.3148163946851525,3.315113802371167,3.3213263060104974
45_13,3.999943454985747,3.000000000000001,2.7354711836356937,2.6865106126154057,2.682917748511548
45_14,2.685838944438647,2.674132353156465,2.6816927025853827,2.689082464894714,2.6733872989987844
45_15,3.0000000000000004,2.682380382002238,3.0000000000000004,2.001607319754846,2.6744010169864323
46_0,3.999947982778586,3.9999250619536735,2.677693840553771,3.0000259965290748,2.678966191786959
46_1,3.999940606981257,3.999866505931724,2.676947058553617,3.0022061714672557,2.684305089979797
46_2,2.0003058031924006,3.9999260658873945,2.678555788958775,2.676716576843156,2.6724640485885773
46_3,3.000000000000001,3.000000000000001,3.9998075059780667,3.021688595760481,2.0000589032437754
46_4,3.999947033207473,3.9998925898017252,3.9997388079579745,2.688862523356015,2.675884888318295
46_5,3.9999476720785676,3.9998901743870414,3.0000028984262563,3.0000000000000004,2.683780016259808
46_6,3.999946946688685,3.9999085461713797,2.711480655285276,2.7057207814574724,2.6851884552417387
46_7,3.999914123788162,3.999475520818986,3.999910722385338,2.988787907060657,3.999751051779008
46_8,3.9999095040764483,3.0000000000000004,3.2935041539691983,3.000008597320802,3.0000095721358004
46_9,3.0,2.763539921188059,2.7334316677299366,2.763898984267156,2.6828388786983908
46_10,3.9999470092014673,3.0000643531819824,2.684894262629585,2.8224139703239914,3.000180580972196
46_11,3.999947843535558,3.999890133926685,2.6879147088029467,2.8658753100289025,3.001092941165248
46_12,3.999949840186271,3.999919101928568,2.9569424219342166,2.988985691575131,3.9999057048019377
46_13,3.9999481475851875,2.6807602507759762,2.6740893989340875,3.000693605664408,2.670059500066806
46_14,3.0000000000000004,3.9998028989163474,2.685521793018391,2.6806609094383322,2.670803610440931
46_15,3.999922831768063,2.702071294186704,2.6775717289140495,2.6825761392485523,2.9999999999999996
47_0,3.0,2.0019398457206243,2.668505037734935,2.671386795338553,2.000103113777141
47_1,3.9999479261826956,3.99987659424147,3.9997708100956126,2.710738703712707,2.6707567551604834
47_2,3.999942076422321,3.9999190149689863,2.707664274835584,2.706109462212077,2.672292997222279
47_3,3.999949127456196,3.9998996451586892,3.09112880577655,3.0014410285887427,3.9996586189291112
47_4,3.999946370358633,3.999899644877718,2.693302287727237,2.776610645344153,2.6722701729601823
47_5,3.9999479511371545,3.999579737070279,3.9996235859520644,2.9436953416308365,3.999885550028057
47_6,3.9999487131979476,3.999944160325533,2.7115185404945206,3.0002094226851646,2.672468730108302
47_7,3.245374343610381,2.9999993849331115,2.9999999067761984,2.999999303750884,3.0000043370638734
47_8,3.0000000000000004,3.0000000000000004,2.675619851756237,2.6919277105956034,3.0000000000000004
47_9,3.999944581079855,2.999999193391072,2.999999843254501,3.266923173295422,3.139638719142952
47_10,3.999945205101391,2.765485295837372,3.9997937976991254,3.2911523683191133,3.0
47_11,3.999946370358633,3.9999193649139753,3.9997708100956126,2.706355100367025,2.6757809537579837
47_12,3.9999418324109595,3.9998811473228786,3.3123130013525506,3.326359196287604,3.0000008610020683
47_13,3.9999480003007553,3.000005305507533,2.78837678757877,3.0000423322965286,2.8269717646031443
47_14,3.9999481017822767,3.9999195760253277,3.000000808615788,3.0000143548314218,2.7124301469829755
47_15,3.9999386008657485,2.7152173446057817,2.6757559524114285,3.0,2.6716663702534196
48_0,2.0001668624477014,2.000054077278814,2.0000537062507213,2.6704841069253495,2.697988743449777
48_1,3.0000000000000004,2.000346593627747,2.0003515236692926,2.713393016371568,2.6984630678754633
48_2,3.0000000000000004,2.69270900579496,2.000090510891732,3.0080151496720693,2.6719875923489385
48_3,3.0000000000000004,2.9999999999999996,2.6781601288200836,2.6724547943789285,2.6801622250720887
48_4,3.000000000000001,2.0004711511773023,2.6725935858109082,2.6715406880983092,2.6778255307321355
48_5,2.000133803700832,2.000052703164333,2.0000676151845824,2.000125031908772,2.6914051952475098
48_6,3.9999446937014755,3.0000000000000004,3.999902992839372,2.776115733663336,2.6766981545857833
48_7,3.9999372827530757,2.9999999999999996,2.721038657839226,2.755862025920102,2.6899155146612097
48_8,3.999911006724716,3.9999193048037744,3.490511085854575,3.9997946270091367,3.5336249940456863
48_9,3.9999426665738156,3.999589430920454,2.691856923026369,2.7071113083679585,2.673978327794818
48_10,3.999935240433397,3.999766718527062,2.6923131381870666,3.000000000000001,2.0002008674822878
48_11,3.9999471629792858,3.9999295923136935,2.6835530125255684,2.694986205721753,3.000000000000001
48_12,3.999940919554991,3.0000056923462086,3.0000004020375393,3.0016832010291257,3.0002741241914483
48_13,2.000052480707401,2.0003165205463724,2.0000740217971744,2.9999999999999996,2.0000773150406337
48_14,3.0000000000000004,2.675090499585637,2.6757512251333666,2.9999999999999996,2.0000801435585616
48_15,2.000055614083146,2.0000543521770426,2.0000809086367273,2.0001915027734865,2.4295300806010722
49_0,2.0000905567890634,2.00005270964368,2.672871659144313,2.6680468195405367,2.0001166769633847
49_1,3.0000000000000004,2.710473125125595,3.0,2.720400832320054,2.0001044070473273
49_2,3.0000000000000004,3.0000000000000004,3.0000000000000004,2.682942584166576,2.9999999999999996
49_3,3.9999463629090104,2.689504066914695,2.677134830979583,2.710543700129084,3.0
49_4,3.999885011622218,2.6979823325414114,3.000052557101358,2.7209816822015456,3.0000000000000004
49_5,2.9999999999999996,3.0,2.680245153866294,3.0002061540004092,3.000000000000001
49_6,3.999940091180148,2.6985490824473017,3.0000000000000004,2.691142274170911,3.0000000000000004
49_7,3.999946683854028,2.6871441040500708,2.6792532296002163,2.7400268361136075,2.0000762371223395
49_8,3.0000000000000013,2.6969352307790477,2.7249353778934577,2.7394655290585916,2.7099729913398436
49_9,3.9999480296541243,3.9999139017268908,2.7791522262955812,2.854704496125793,3.999876979548462
49_10,3.9999470668510932,2.7108322038722945,2.693893776203489,2.7103492995719467,2.6747549002056625
49_11,3.999910852380231,3.0000000000000004,2.00006925983565,2.7026510688027385,3.0
49_12,3.999949421046277,3.0000238119102374,3.9994120344708146,3.0000426181606827,3.0
49_13,3.99991638368052,2.792062895287869,2.68483868232925,3.0000000000000004,2.67317342632163
49_14,3.000000000000001,2.6748861831607647,2.6774746154192726,3.0000076585571005,2.6694735384523773
49_15,3.000000000000001,2.0000581119286287,2.6679370888050755,2.000069484644532,2.0003395660964394
50_0,2.9999999999999996,2.669949141921344,2.6944911777529215,2.6702277465662756,2.7436631146291384
50_1,3.9998848804935188,2.677547727374157,2.6785080112604955,2.727478342674905,2.0020483355037633
50_2,2.000715039660243,2.674261801698874,2.6884380209149925,2.68590924558897,2.6709461864321833
50_3,3.999892513365198,3.0000021663192618,2.683676133415336,2.716208956873301,2.6713361009467924
50_4,3.9999109071852548,2.701765527220742,2.67671340773651,2.002537368368963,2.6766396586814976
50_5,3.0000000000000004,3.0,2.675162637374498,2.7101593641561466,2.000061768885024
50_6,3.0000000000000004,2.677630415177932,2.6783693120799903,2.6796509223610765,2.0000667461105803
50_7,3.999942165211226,2.710295795466454,3.0000000000000004,2.7002641146035216,3.0
50_8,3.0000000000000004,2.7784092627778776,2.785909068295085,3.0000000000000004,2.7670979284791866
50_9,3.9999430973363843,2.9999999999999996,2.6769170535489297,2.677732464973447,2.6736407180636257
50_10,3.000000000000001,3.0000000000000004,3.000000000000001,2.702533488945119,2.669130906680416
50_11,3.999949002892986,2.7478503039187023,2.7069786900284374,2.682275295958701,3.998565354255602
50_12,3.9999440161169115,3.9998931735088146,3.300123268552025,3.2896582081464247,3.30073548673098
50_13,3.9999452729193488,3.000005559047339,2.6731544631445976,2.903692266099537,2.6711044389768492
50_14,3.9999260608991873,3.0000000000000004,2.7094351309243336,2.6775355446784044,2.000150252978347
50_15,2.0020402965310913,2.000116343453936,2.000057095943245,2.6726057609520133,2.6724973318854905
51_0,3.0,2.6698301140582514,2.6745423492153613,2.6720606336594086,2.6678957450665988
51_1,3.0000000000000004,3.0000012633745174,2.672159582776747,2.686737089800235,2.6683312082009767
51_2,3.999929087962948,3.0000000000000004,2.674891362520524,3.0000000000000004,2.0000763584566226
51_3,3.9999452401042555,2.9999999999999996,2.6721268145488337,2.6777878704835376,2.9999995265061097
51_4,2.002078237861166,2.6776802134864788,2.6718700997998677,2.720767590717863,2.672981415990022
51_5,3.9999445686006028,3.9999354967234666,2.74884456627825,2.763860254907067,2.679454409725408
51_6,2.0000552646333727,2.000050978976458,2.0000512041357057,2.0000515253554476,2.0000770378163932
51_7,3.9999487215597487,2.6892909564915968,2.693026008651178,2.6864910594055997,2.669303213670656
51_8,2.000054232470648,2.68221073521015,2.000085199163335,2.6751138814310753,2.6804407606668468
51_9,3.9999486231355537,3.0000000000000004,2.7332030248571244,2.8027300834816344,2.6949542514679057
51_10,2.000054169872642,2.000052285554489,2.000057330726541,2.000076577611922,2.0000621960782636
51_11,2.0000520320200335,2.9999999999999996,3.000000000000001,2.001273025164654,2.669097451506815
51_12,3.9999470762559737,2.9999995094610146,2.7014847740895083,2.9999999999999996,3.0000000000000004
51_13,3.0000000000000004,2.6805535263383193,2.673057222855378,2.7263829595831597,2.669963705028863
51_14,2.000053284546078,2.667302494155595,2.999999999999999,2.9999999999999996,2.6733193916059323
51_15,3.000011892069991,2.6809037815171255,2.6811489427465265,2.701479498235159,2.6717820223793307
52_0,2.000060005368306,2.000053435775023,2.684675440981813,2.0000815217116954,2.0000642402339808
52_1,3.0000000000000004,2.6997039485495264,2.6950331755528723,2.6865465244967246,3.0
52_2,3.000000000000001,2.000430594611274,2.0000913250000076,3.000236938778069,2.0001367547253914
52_3,3.000000000000001,3.0000043200429265,2.000077186226241,2.672528955873751,2.6720453042602825
52_4,3.0,3.000000000000001,3.0,3.0,2.7110171222861092
52_5,3.0000000000000004,3.000028597488166,2.6713417125603813,2.6715809512278503,2.6737504876756666
52_6,2.6914142450384118,2.0000600600849046,2.000052372976685,3.0,2.000055989282473
52_7,2.000080759919399,2.000058540713051,2.9999999999999996,2.668187170362814,2.0001038519908305
52_8,3.999949089771693,3.000000781738404,2.99999848830072,2.8114652535527296,3.9997728436461566
52_9,3.999942496993582,3.0,2.6963089298159804,2.688374674715837,2.6863982726006777
52_10,3.000000000000001,2.686518206822682,3.0000000000000004,2.680966343051482,2.6729258874824127
52_11,3.0,3.0000000000000004,2.6698411767979158,2.6841622143934933,2.000052425077993
52_12,3.9999054794930085,3.0,3.9994742914613486,2.9999999999999996,3.000032178370472
52_13,3.0000000000000004,2.000072046400775,2.701530856458731,2.00011482536867,2.6735895547829207
52_14,3.0000000000000004,2.000078924200465,2.6764066914307194,3.0,2.000056491094798
52_15,1.0004496516667585,2.000075014102737,2.0001198950989147,2.44069423051303,1.000172709328594
53_0,2.0000524759272995,2.78060297060613,2.00006172272676,2.0003414945679525,2.0000841449870426
53_1,3.9999385372479246,3.999910419994798,2.6721066824841375,2.7014950428881193,2.671130130532834
53_2,3.9998072941315352,2.7264644815454604,2.6765163291135394,2.9999999999999996,2.0000684808195355
53_3,3.0,2.6963623132641032,2.003523539114529,2.7413150288367687,2.6762678963733157
53_4,2.0001167073751924,2.000050957961639,2.73924606039551,2.672526419777045,2.6888064566065166
53_5,3.000000000000001,3.9997406284507866,2.9999999999999996,2.9999999999999996,2.0000691142258202
53_6,3.999746362020076,3.0,2.682487918776017,2.688755793845787,2.00042695250822
53_7,3.9999489357409908,3.000000387830175,2.7897286957116223,3.99985594429656,3.9998856098596907
53_8,3.000000000000001,2.000063730334618,2.00019702556119,3.0,2.68619594714551
53_9,3.999945449380761,3.9996997120804525,3.0000000000000004,2.764416209566459,2.6738834592019747
53_10,2.000380272363204,2.6916547255022127,2.6754205497024266,2.670249671139653,2.668665770355777
53_11,3.9999497584328587,3.9999439228386997,3.9999328536781107,2.8147562902476895,3.999656905989554
53_12,3.9999345393279553,3.9999320801225244,3.2530756317015967,3.272999035156727,3.329141131744596
53_13,3.999947673526244,2.748691664347452,3.000019675494273,3.000208952993245,2.672417678407988
53_14,3.0000000000000004,3.0000000000000004,2.7998599897346725,3.0000000000000004,2.9999999999999996
53_15,3.9998306085373994,3.0000000000000004,2.736604719458179,3.000878990754794,2.6797718565562376
54_0,2.0000516435714295,2.0000506944751892,2.000050807736608,2.670884144157702,2.701296305269711
54_1,3.9999411822576447,2.000125433740299,3.0000000000000004,3.0,2.6764986652745666
54_2,3.999946345094475,2.0031396265683723,3.9999343267219856,3.01625559273132,3.0
54_3,3.9999454536484484,3.9995490293932625,3.000009450449685,3.0000012432220666,2.6833035040770503
54_4,3.9999052042794876,3.0000000000000004,3.9963689760799728,3.007787890537998,3.0000000000000004
54_5,3.9999459396293986,3.0000000000000004,3.0000087085831737,2.7150749265608676,3.0000000000000004
54_6,3.0000000000000004,3.0,2.689414309786002,2.7262180240182428,2.0040415244855723
54_7,3.9999493217712567,3.000001536101263,3.9999281995966696,2.774426601709414,3.000006969859423
54_8,3.0,2.0000951174609183,3.0,2.000051489912189,2.0001599795210527
54_9,3.9999494856349576,2.999999371096488,2.7060079208726777,3.000021246736108,2.676570153610246
54_10,3.0000000000000004,2.715471815299763,3.000003316978274,3.0003927335355023,2.6734887479801355
54_11,3.999942781737622,2.6977169441249713,2.692337254578961,2.9999999999999996,2.0002640235395903
54_12,3.9999457118688437,3.2890098047610987,3.000056847803715,3.0000328620253516,3.9996932360178525
54_13,3.999890739319298,2.7589745518930924,2.691910428382526,2.693243117112512,2.6728815312424636
54_14,3.9999478434345352,2.674929239618387,3.000082761574517,2.688871707940819,2.6714459760081954
54_15,3.0,2.668782791739937,2.0000655406998544,2.000050847130789,2.0002498153970087
55_0,2.000070515444129,2.0000570792732826,2.67237183751892,2.668674403709144,2.701671353883831
55_1,3.999949241766815,3.000003540205357,3.000007614721956,2.7600777655096724,2.6880727887155924
55_2,3.0000000000000004,2.682840651385812,2.6725402787476904,2.676018332809482,2.00011983836424
55_3,3.9999453611166604,3.000000000000001,2.6890299218961493,2.698198744284939,3.999720687219698
55_4,3.0000000000000004,2.000355064091922,2.0001303996180333,2.6796703712721603,2.685175877484518
55_5,2.8001029204179444,2.693260827381339,2.6788927831088727,2.7047632074101786,2.0000705718469365
55_6,2.000190764309108,2.6916770045366034,2.6725649210812703,2.681511963643811,2.0001323854299136
55_7,3.9999495544202177,3.9998670053231122,2.9999999999999996,3.00008591166118,3.0000000000000004
55_8,4.999890945333157,4.999892590037757,3.666653271730741,3.666650291755513,4.9997982263401735
55_9,2.711038822690683,2.845990362989248,3.0,3.0000000000000004,2.9999999999999996
55_10,3.0000157817962756,3.0454113001625895,2.7440356004993562,3.0000017428545434,2.686390450371565
55_11,3.000000000000001,2.000186735299995,2.0000734696215114,3.0005060188214814,2.6725694975949867
55_12,3.9999484405600443,3.999939127359182,3.278505722452281,3.2975988675583032,3.315708924017893
55_13,3.000000000000001,2.9999999999999996,2.706066874643068,2.675903130082233,2.684544722357069
55_14,3.000000000000001,2.9999999007231293,2.806749217084499,2.7823080520062557,2.708201900198854
55_15,3.0000000000000004,2.9999999999999996,3.0000000000000004,2.670338667709096,2.6691472756356065
56_0,3.0000000000000004,2.0001332132502023,2.6719256777079656,2.0001037065666476,2.0000639394832973
56_1,3.9999490840799963,3.9999283415489035,3.0000213891101914,2.765681286808666,3.999837345409892
56_2,3.999917123324799,2.684672584325014,2.7017041816672496,2.705998533882259,3.9992537408545568
56_3,3.999948615721642,3.000001475514072,3.0000501572516005,3.0105196142319026,2.702782304660793
56_4,3.9999489985125285,3.9999221939136675,2.6825526584349286,3.996408793113636,3.999306307140422
56_5,3.999948707881398,3.0,2.7048663631919707,2.8427634950177834,2.679204779286065
56_6,3.999948688469225,3.999899704054999,2.7175151841759426,3.0009054104862,2.6830049685663475
56_7,2.7249294752238304,2.686198910604151,2.9101054276353917,2.6877257577199973,2.9999999999999996
56_8,3.999942122849312,3.000000783279411,2.7726449367461212,2.7632821249620445,2.705854919750453
56_9,3.9998843136728635,2.674526311412123,2.698737016045369,2.7101964416575823,2.6693792931807554
56_10,3.9999487280502555,3.999939111280159,2.7170873562519904,3.999840542132935,2.6748355464388904
56_11,3.999947749596817,3.999944998689765,2.750506746699688,3.999840542132935,2.6730242003306097
56_12,3.9999467260746844,3.3111648280553334,3.3117513690806053,3.2932743762986996,3.3150073805788507
56_13,3.999948881242123,2.710345126775569,3.000006241303084,2.686470502096464,2.6749904512315896
56_14,3.999938806679,2.706226525775416,3.0,2.802892037577457,2.6774875226366674
56_15,3.999908754798334,3.000038263280521,2.6831305473724667,2.801067114344987,2.6725250800521554
57_0,3.0000000000000004,3.0000000000000004,3.000000000000001,2.6706142148139445,2.6717785519846373
57_1,3.0000000000000004,2.6726813306028583,2.693373750964988,2.68451346280365,2.0000915221559983
57_2,3.0,2.689955506557499,2.6825302098786192,2.7006830638107204,2.6707419085904256
57_3,3.0,3.000016887607512,3.9998987071559227,2.7273636685296196,2.738261569139833
57_4,3.0000000000000004,2.999999893746675,2.695626963582506,2.6952564070885012,2.6801812941578476
57_5,3.9999407446601483,3.999378087907761,3.000002748430238,3.0004407316815325,2.6809281455481173
57_6,3.999943390099156,2.7331247014204525,2.7019916492182134,2.7055954422079864,2.685304851400873
57_7,3.999948609493386,3.999827845561467,3.9997230661874337,3.000108944954974,2.6779522263788027
57_8,3.0,2.000061511884172,3.0,2.000091035918192,2.000062386500572
57_9,3.0000000000000004,2.000056344606901,2.6781464091630838,2.6786817118161026,2.00005601185333
57_10,2.789119399550274,3.000000000000001,3.000008670285051,3.000006603108992,2.69590239739715
57_11,3.9999430930937567,3.0000000000000004,3.0000000000000004,3.0015437432866134,2.9999999999999996
57_12,3.999948968551424,3.0001612276053637,3.2452431192362727,3.0007938391453832,3.0746889965918753
57_13,3.0000000000000004,2.000157861190936,2.6889980929224544,2.670192079256367,2.0001354965802904
57_14,3.0000000000000004,2.0000569595915767,2.7055361755784024,2.000064805187874,2.6915249528017178
57_15,3.9999336537396304,2.695700057001637,2.6807805314352153,2.670952423168455,2.671099711748603
58_0,2.0000522022779452,2.0001018386431895,2.3640663457040008,2.772234629728052,2.343644112150366
58_1,3.000000000000001,3.0000000000000004,2.672140333193452,2.6750814365288615,2.000072303942731
58_2,2.789594840096535,2.773123825186441,3.9997791538483094,2.7280442017292694,3.0
58_3,2.00005208212001,2.67268229091097,2.0003068094981256,2.673770663581238,2.0000538627359923
58_4,3.9998921314585565,3.0000000000000004,3.000077311635513,2.7656472507668357,2.6753922749216983
58_5,3.0,2.7013912484630107,3.000000000000001,3.006703999736901,3.0
58_6,3.9997947960774582,3.0000000000000004,3.000000000000001,3.0030578059999566,2.000074951645753
58_7,3.999949057385134,3.0000000000000004,3.0000021604242555,2.782252896509369,2.000215444327502
58_8,1.0001030194344456,2.3333922562368756,1.0001116562228989,2.334806913064177,2.0011200600240087
58_9,3.9999496412165314,3.999885146417864,3.0000002884279526,2.7651495090547162,2.690409878222737
58_10,3.9999094145563125,3.999832682510467,3.0,2.69221364882723,2.0002129432368063
58_11,3.9999436788094043,3.0000000000000004,3.0000000000000004,3.017709472325522,2.000254015572024
58_12,3.9999476307184674,3.9999335868171633,3.1759414288812806,3.0000006765493556,3.000009651841093
58_13,2.821530048768719,2.6978525543211385,2.7139633941064867,3.0,2.6795916756358644
58_14,3.0,2.0001328536195055,2.999999999999999,2.6780149219969855,3.0
58_15,2.0000545405162047,2.00006688440939,2.6743726657821414,2.669328023511216,2.000340847918129
59_0,2.00005285362544,2.0000644102689336,2.7714934459124265,2.702230195657102,1.0002233575339876
59_1,3.0000000000000004,2.0002275122718296,2.687415723121878,2.6841274368161274,2.6745580512997327
59_2,3.0000000000000004,2.7578450133360026,2.7502562970408357,3.0002929243651693,2.7234410627868746
59_3,3.0000000000000004,3.0,3.000000000000001,2.6821713023156457,3.0013942286818507
59_4,3.999939492471323,2.6952437818237285,2.0026717981238393,2.7688678337098196,2.675125967272721
59_5,3.999938083745309,3.9998944994568304,3.0000000000000004,3.000650095697971,2.689142608170068
59_6,2.0001868882386034,3.0000000000000004,2.6822789676857606,2.67925815816099,2.679092975832738
59_7,3.000000000000001,2.9999999999999996,2.7518856869959025,2.7652031204254253,2.684118661958495
59_8,2.9999999999999996,3.515243834093592,3.5293022219151386,3.449141680079877,3.0
59_9,3.0000000000000004,2.0000601385443817,2.000173153740425,2.680899550879393,2.0001746167901393
59_10,3.9999188945427733,3.0,2.7097636761719994,2.7119537657002812,3.0000000000000004
59_11,2.001120008100994,2.000095675816163,2.00005430911612,2.000389912722879,2.6776773305019446
59_12,3.9999392361625534,3.999919378501385,3.999937796794012,3.179370066517174,3.999340582458696
59_13,3.0000000000000004,2.701258285579514,2.6899098676812088,3.0,2.677274507526848
59_14,3.9998957375381177,2.7420243863288234,2.7462799690862845,2.7644380464779115,3.0
59_15,2.0000650083938276,2.000050794595084,2.6807752592824525,2.689595012922225,2.6891937406656465
60_0,2.0001442034624506,2.668778309230926,2.0000871820627504,2.6735318989914445,2.6741875188648345
60_1,3.0,3.0000000000000004,2.6723592681497306,2.0000511118198228,2.672313883554531
60_2,3.9999487471402073,3.999774867777889,3.9999436765388157,2.916101181518899,3.999914419787939
60_3,3.9999486493120253,2.766988498681904,2.6984880532018787,2.8383185195435185,2.6790568635187926
60_4,3.999948950140842,3.000108640382875,2.7423129278208123,2.7318571636598916,2.669853831970471
60_5,3.9999494790787398,3.9999346357898866,3.999575941210187,2.715163968571959,2.67172299030232
60_6,3.999949532427387,3.0038719239752556,3.999924145884685,3.009655184980634,2.729558100724563
60_7,3.9999399098062836,2.7017315998120885,2.6768760444674333,2.7668354775781743,2.6768639576574813
60_8,3.9999467424407387,3.0000014207207872,2.8506560728667223,3.9995637516262064,2.7062103575084206
60_9,3.999941976731813,3.0,3.0,2.697836526926788,2.6709351781789437
60_10,3.99994956129818,3.999814048212536,3.999943170445804,2.9420826393290374,2.718947377794949
60_11,3.9999491786153594,3.9993406839476195,3.9999477583157423,2.8850820570718843,2.711339401028985
60_12,3.999945638328629,3.9973621380882385,2.7922123329839823,2.9999999999999996,2.7015782242992428
60_13,3.9999494480688726,3.000001051484139,2.729221333536154,3.000300115289151,2.682712485379068
60_14,2.0003080811154526,2.686255926235423,2.671941500361422,2.7018050630528574,2.670328045266279
60_15,3.9999336358777615,3.0,2.6715580184709777,3.0000078697453367,2.6715469291050633
61_0,2.0000510097601953,2.000050719083458,2.0002268856124275,2.6671479450589852,2.0001162981860867
61_1,3.9999332615763845,2.6824331783673894,2.0003803036513848,2.7407752279184567,2.673425335424403
61_2,3.0000000000000004,3.0,3.0000000000000004,2.6831007964707543,2.0000875027306932
61_3,3.000000000000001,2.684143509229739,2.679090314772487,2.6926811578359797,2.675568762831189
61_4,3.999944972060778,3.999677708975755,2.7023196597703993,2.782031670543426,2.6768530505812955
61_5,2.0000689381119203,2.0000947816833716,2.6933707005650795,2.6827248457130315,2.692043553730903
61_6,2.0000569367057284,2.0000542520368243,2.6868620218517814,2.6722803711403387,2.0000528700929574
61_7,3.999885242673391,3.000000000000001,2.6867610794313177,2.675380178902423,2.6801720366086936
61_8,3.9998827223173437,3.0000154674205035,2.7835034922296917,2.800407176451733,2.7328073821137995
61_9,3.0,2.68300085339798,2.706857972313053,2.6748722339640745,2.6735785992389616
61_10,3.0000000000000004,2.6717195623191725,2.6740924532255415,2.0000858151059475,2.0001036386459923
61_11,2.0000527653814983,2.0000575976625554,2.000054478981204,2.0000814620097636,1.0010809333060073
61_12,3.999943662843282,3.0000011949769356,3.9997739866025284,3.0015570799811506,3.0000311886292677
61_13,3.9998915851611074,2.684328974369307,2.697788075976162,2.6882101703261934,2.6729608410036287
61_14,2.000073764639114,2.680175055940059,2.6739288781417554,2.671372555377289,2.6792031284153532
61_15,3.0000000000000004,2.681707957852383,3.0000000000000004,2.6742906270979097,2.670847419765037
62_0,2.000100039390229,1.000251106270616,2.000344543596513,2.345030599168308,1.000131249472816
62_1,3.999946620720459,3.0000000000000004,3.999939430404147,3.0000429311137284,2.6820338386523552
62_2,2.000380865794004,2.0002987079112704,2.6749321722807613,2.0017672483411673,2.000054113813147
62_3,2.691826179480319,2.0001009691704152,2.673028090877894,2.67297143978882,2.6842110773995786
62_4,2.000429405168646,2.000148082778589,2.674532601269493,2.69140887347093,2.669822069096183
62_5,3.9999383672738564,3.9998440670898954,2.7989999903539378,3.999811858943645,2.67338288650781
62_6,3.000000000000001,3.0000000000000004,2.672300066909093,2.6744840705877673,2.0000695325457998
62_7,3.0000000000000004,2.6852624640374323,3.000023463394091,2.734039010540027,2.674098003413765
62_8,3.6420492741942376,3.5687716111817527,3.5878377057225093,3.4322467869599276,3.19271511936316
62_9,3.0000000000000004,2.0003288740568554,2.6825536921015214,2.675707614825469,2.68861181542097
62_10,3.0000000000000004,2.6808936384588264,2.701252592744509,2.6938650900483068,2.677035725678804
62_11,3.999948847633373,3.9998991891233118,3.9999407300051857,2.7754875973265243,2.9999999999999996
62_12,3.9999452100604356,2.861979668150414,2.7952909180309353,2.807435726597414,3.9999381892890598
62_13,3.999946352276147,3.0,2.687311068117335,3.000071293077137,2.6691439830988535
62_14,2.0000534790624522,2.000057580629047,2.0000537115963555,2.6863815185094717,2.75436792426723
62_15,3.0000000000000004,2.0010606730164437,2.674295141775529,2.6707806101224287,2.6714833172955297
63_0,3.000000000000001,2.6692618719739984,2.0002323099427515,2.669320734839235,2.000101289349819
63_1,3.9999480289273968,2.755917512356447,3.000002425598752,2.7822064481000113,2.6698638081615753
63_2,3.999930510164365,3.9990923749601026,2.6947421829317997,2.7020645795691136,2.668968315807536
63_3,3.0,3.000001365447619,2.6717115256859407,2.6945885018083655,2.6714255804848124
63_4,3.000000000000001,3.0000000000000004,2.0006999471910496,3.000719510467463,2.6683153092102327
63_5,3.0000000000000004,2.00823801160334,2.6771856813069155,2.6889672948072536,2.6695511018946037
63_6,3.999899518578767,2.679615155272571,3.0000000000000004,2.7061343085570004,2.6693805435374256
63_7,3.0000000000000004,3.0000000000000004,3.0000000000000004,2.6993166735085614,2.675110369044351
63_8,3.999925568411497,3.0,3.651811831664341,2.0002268165488095,3.665479889915801
63_9,3.000000968668256,3.0141083321768525,3.0000067556496375,3.00000616815613,3.000000000000001
63_10,3.0000000000000004,3.0000178388918814,2.7109094122058663,2.6855181220565085,3.000657739604229
63_11,3.9999477459907817,3.9998873843032428,3.0000000000000004,2.6953757290062255,2.668990181266768
63_12,3.999944441689559,3.2689346267808013,2.9941841917513643,3.276740949696813,3.2458735241933887
63_13,3.9999364527472903,2.6946306260481796,2.669407534728571,2.6897277968049904,2.668803700634405
63_14,3.000000000000001,2.0001438239295033,2.6833945486940323,2.6786392107780497,2.6778483601409486
63_15,2.0000816952832032,2.0000545684744897,2.000052037723755,2.675333683793909,2.0000734691924746
64_0,2.0000784725690925,2.675235239231886,2.6753290203251447,2.686574605854595,2.6713945071825242
64_1,2.000058786804408,2.6702663946312786,2.678234497879083,2.6725335320147536,2.694346014664606
64_2,3.999811759800934,2.691889303534532,2.0033589534317096,2.6858525896564998,2.672808509411959
64_3,2.001095439869957,3.0000000000000004,2.671296718419857,2.6711295254738427,2.6691372550670724
64_4,3.9999472221857215,2.726968458816874,3.9996429858012936,3.005957606723685,3.00144883794555
64_5,3.000000000000001,2.6719623190704507,3.0000000000000004,2.7237131717127525,2.668958447949967
64_6,3.0000000000000004,2.6782032074481283,2.6757915772194254,2.674000552598056,2.682509754391173
64_7,3.999933252178787,3.999660828651823,2.6802319125706147,3.000486702577904,2.697963361304097
64_8,3.9999435270418906,2.9438549910980893,2.999999722706864,3.9996518858040293,3.000017359796317
64_9,3.0000000000000004,3.0,2.6705111568511293,2.7015205557982407,2.6681564202765244
64_10,3.9999480133297056,2.6746971653130167,2.672971073130113,2.6747695659834587,2.6706255315828904
64_11,3.0000000000000004,2.675967377911872,2.6768707148583184,3.0,2.670614191859522
64_12,3.9999494503637343,3.053345109883011,2.7621113032639224,3.000134830252148,2.847585668248057
64_13,3.999940360051742,2.673338610543709,3.999301580368366,2.6843126617733555,2.6700318439860857
64_14,3.9999397459469272,2.7108622287025934,3.0,3.0003672444821143,2.6870560757377113
64_15,3.0000000000000004,2.6691141777586473,2.6709444610092454,2.6803267086885834,2.6689061218388774
65_0,2.9999999999999996,2.6718816492049067,2.000051388915706,2.721787960655476,2.899579422409278
65_1,3.999948740858529,2.759689384176652,2.7329521565492567,3.001796399071245,2.707809792572505
65_2,3.9998469609883927,3.999907896333747,3.9999126978560233,3.0002422149984285,2.6847659125696346
65_3,3.0000000000000004,3.0,2.7217805741777075,3.0026628824910255,3.0000000000000004
65_4,3.0000000000000004,3.000073958438768,3.999911938493861,2.6758740359752693,2.0001672418892333
65_5,3.9999465242449843,3.999935295315626,3.9998203748472143,2.77439700921235,3.999925960800767
65_6,3.9999497256292247,3.999949299457681,3.999935217506288,3.0014000122685305,2.707796955291653
65_7,3.999949237493625,3.0,3.057455386183227,2.7756281463104826,3.9990030797756657
65_8,4.999863169155378,3.6657963111462806,3.6628253631807985,3.6646019383794535,3.6656747956681635
65_9,2.9999999999999996,3.9999343110591776,3.9999288437147413,3.058945291646236,2.710385941900652
65_10,3.0000000000000004,2.716780767124224,2.709451027184399,2.7809558273222796,2.6765109641292266
65_11,3.999948875753432,3.9999461673124284,3.9999471642547015,3.006158115455717,3.99993943580948
65_12,3.999944948000565,3.9999443791763185,3.320512852023318,3.0404504331197977,3.9999221511579215
65_13,3.0,3.0,2.670630014275928,2.385315770390555,2.668979717427182
65_14,3.0,2.795729908260898,2.8355068726631587,2.9063049125586837,3.0000000000000004
65_15,3.0000000000000004,2.000104693731701,2.6746620900797735,2.671186984654896,2.000227481792776
66_0,2.000062795261573,2.0000768195333203,1.000297436038281,2.372835206327345,2.0006934074141003
66_1,2.0000649950561673,2.6713330281975285,2.6861849021930015,2.0000637134867665,2.7323521248106832
66_2,3.0000000000000004,2.675243074437588,2.680426847978507,2.0003252055705447,2.000106626406911
66_3,3.000000000000001,2.000133076870943,2.6723139590610288,2.674827900276909,2.6683421384111474
66_4,3.0000000000000004,2.6769141867259068,2.005325044089987,2.681724174516501,2.000070319864605
66_5,2.0000768207370174,2.0000529334411925,2.000053783710233,2.6756128333688842,2.0000766742657743
66_6,3.0000000000000004,3.0,2.9999999999999996,2.6896197380731777,2.6728927689036452
66_7,3.999949116859739,3.9999437840745546,3.999890513876775,3.0000134304028485,2.6778492594913734
66_8,4.999883201995476,4.999814556916772,1.0002625221532002,3.6623059158179654,3.6661419815084573
66_9,3.0000000000000004,3.000000000000001,2.6781160503807433,3.0000866743441534,3.0000000000000004
66_10,2.0000848233657575,2.6689352679742346,2.0000749648518545,2.0002431097284266,2.6747156833882326
66_11,3.0000000000000004,3.99990910658666,2.680489411482613,2.6846834605541323,2.669999787564801
66_12,3.99994952054307,2.9297663730026633,3.0000000000000004,2.9646526683868712,3.999209894626076
66_13,2.000248910764564,3.0000000000000004,2.6709941064750344,2.6889513667012728,2.9999999999999996
66_14,1.0001254994310325,1.0001364151102807,2.3334250753303434,2.3334079196306354,1.0001740941675952
66_15,1.0003507553858106,2.000075497619467,2.0001380040035732,2.0001024948349118,1.0001936943430427
67_0,2.0000534766785107,1.000613905675611,2.9240492228898285,2.841942883607902,2.377146198279524
67_1,3.0000000000000004,2.697789286770278,3.000000000000001,2.715191298312985,2.6706820335767216
67_2,3.999949459327353,3.0,2.729336157433817,3.000003849889284,2.695345984069202
67_3,3.999943881148254,2.6930728159590833,2.7290920639385057,3.0002132352253246,2.6775964615825067
67_4,3.999949521365644,3.02434925627751,2.7220507805682654,3.0002485038770397,2.690800688382276
67_5,3.999946180107463,3.1725693060339397,3.9998854122813947,3.0015133727737044,2.752284610784908
67_6,3.9999476414879087,3.9999386823800203,3.9999443463729594,3.0010333883565523,2.751842213381904
67_7,3.9999497021941455,3.0,2.7078398376616493,2.773098530554094,2.999999887464531
67_8,3.000000000000001,3.0000000000000004,2.000252235682012,2.6755171112309273,2.9999999999999996
67_9,3.0000000000000004,3.0000008096547273,3.0000000000000004,2.74018336422979,2.690043968919208
67_10,3.9999484312543983,3.0000000000000004,2.7510092158589927,2.748918902001117,2.692562308889251
67_11,3.9999489747322365,3.9999254167674603,3.0000000000000004,3.008590280345392,3.999924110220965
67_12,3.999948899158595,2.9728192081330835,3.1938392180987414,3.000022131037724,3.9998665949464183
67_13,3.9999383869176532,2.854873341704531,2.775539123050714,2.878777289760493,2.7321287524408095
67_14,2.000055154052324,2.000061204572487,2.6705455816429264,2.68225477084007,2.669490032055094
67_15,2.000050987278619,2.000057270876311,2.0000521087191867,2.67692189172077,2.6943303535316447
68_0,3.0,2.000085636303029,2.000054662084133,2.754552579990344,2.908641629281212
68_1,3.9997270591162,2.689212860933793,3.0000000000000004,3.0,3.0
68_2,3.0000000000000004,2.0000687481278856,3.000000000000001,2.6838004921807745,2.671628084211631
68_3,3.999850730129007,2.6846284250855788,2.6771640849125546,2.6891425884882647,2.672117896778079
68_4,3.9999366128680705,2.696004059561476,3.0000000000000004,2.689616679540142,2.671716056627149
68_5,2.0000684770177943,2.0000533054245646,2.669213530817146,2.000053795725263,2.0000541368188736
68_6,2.6808648541546556,2.675682049750492,2.673554957148365,2.0000532309188963,2.0002483874873227
68_7,3.9988706240570564,3.0,2.6782493436341976,2.676943147962717,2.000164057249793
68_8,3.9998408184536056,4.999339419153306,3.6563614639125843,3.6517824948475406,3.658622432691114
68_9,3.9999406121182863,2.7559781127300136,3.000000000000001,2.711070658695631,3.0000000000000004
68_10,3.0,2.67895649156765,3.0,2.6900936908463264,2.6731401270057655
68_11,3.99992515225186,2.678857512064961,3.0000000000000004,3.0000000000000004,2.6731401270057655
68_12,3.9999474891706908,3.999874592452429,2.761540689784485,3.000493322224874,3.000050697430022
68_13,3.999936301371277,3.0000000000000004,3.999920026372468,2.673433375160867,2.6717245696403604
68_14,2.0000773711039286,2.000061866691981,2.0000574426362996,2.6744156025384074,2.0000627154890727
68_15,2.0000912937954745,2.6803940517560756,2.0000517118363423,2.0003405353846975,2.000124761926206
69_0,3.0000000000000004,2.6768798913596017,2.0001304384436396,2.679531731901294,2.6738392577022525
69_1,2.000124636124933,2.6882287815417465,3.0000000000000004,2.6870589193602035,2.0000927229601593
69_2,3.9999483068542134,3.9998841464077395,3.0,2.6922669302409923,3.0000000000000004
69_3,3.0000000000000004,2.0000749558826354,3.0001321008838757,2.705217615994451,3.0
69_4,3.9995168537447547,2.9999999999999996,2.678905441980368,2.6740318612067235,2.0000545547312405
69_5,3.0000000000000004,3.001136723817281,2.0000647986140625,2.674467147674036,2.6829662228135653
69_6,2.9999999999999996,2.001168688684937,2.6743199166379266,3.0000000000000004,2.0000565087302227
69_7,3.9999456458800258,3.9998977891911993,2.724371464685924,2.0000628463499073,3.000000000000001
69_8,3.0,2.000112694784871,2.724005799262115,3.000088664430524,3.0
69_9,3.0000000000000004,2.672363754392838,2.675103509464548,2.6733328470809283,2.000084375755443
69_10,3.9998270507780838,2.0001351136949257,2.677081303167559,3.0029638352749624,2.000063873132776
69_11,3.0000000000000004,2.675468807097297,2.9999999999999996,3.0,2.000057812065219
69_12,3.999949612530752,3.176631153644931,3.999935500276026,3.9998668259764716,2.8422401198165184
69_13,3.0000000000000004,3.0000799377807366,3.0,2.7059082971238353,2.677870259698141
69_14,3.0000000000000004,2.6695414916869216,2.0008421746694474,2.6703303450477724,2.6790585417117376
69_15,2.000051650842539,2.000051138283162,2.4783767815177327,2.000064305569162,2.0001632869965014
70_0,3.9999489098387535,3.9999328320936307,3.0000932844137136,3.0002346040793118,2.6786834480432598
70_1,3.9999479486277667,3.9999438375819922,2.889431693165082,3.0000728156825778,2.724655505578237
70_2,3.999948130718458,3.000014866818055,3.9998673552523836,2.896614061965289,2.692158072680786
70_3,3.999947439983057,3.0000089343044487,3.99984214790046,3.01024025231936,2.672906429630028
70_4,3.999946970963008,3.9998897154025848,3.999945188962076,3.99984319428531,2.677833776290041
70_5,3.999949775204632,3.999931494250276,2.7161845721708735,3.9993377436875157,2.674607442601742
70_6,3.9999497081425575,2.8910670087470716,2.745082235957736,3.000187542625617,2.9999999999999996
70_7,3.999948663753323,3.9999308633407584,2.6922990641005264,3.000166533072195,3.9986636686117176
70_8,3.999947646273372,3.0000000000000004,2.846191219327001,2.8518079664127955,3.999916323049135
70_9,3.999943212690041,2.729834349210903,3.9980346488960166,3.0008307830291816,3.0000545137847414
70_10,3.999948645318645,3.999926124722397,2.7107890505007677,2.711009562871599,2.7093169269486883
70_11,3.9999493834388926,3.999923011161834,3.999885307403302,2.8890915998717404,2.705092201990422
70_12,3.9999482968891913,2.950371149660704,3.184567222956123,3.9996606913308237,3.99987543156972
70_13,3.9999493546105302,3.9999263187012533,3.9999033693220527,3.0087444332407003,2.9999999999999996
70_14,2.9999999999999996,2.784052708128492,2.688800589318491,2.6826294293518966,2.6725522769197814
70_15,3.0000000000000004,3.000001949272689,2.677124910021292,2.6806416654310663,2.6696711065535976
71_0,3.0,2.0000658446940274,2.0000555645802716,2.694567364968855,2.8815257394184703
71_1,3.0000000000000004,3.0,2.695471354661814,2.7159381205323756,2.6731286476522387
71_2,3.9999437624474625,3.000000444021601,2.6829348953561736,2.732917415003849,2.675550772176198
71_3,2.0000507709577793,2.678931552034587,2.7260817226699614,2.68673654521147,2.661630764798316
71_4,3.9999435869088624,2.6786417959545537,2.6777853860501573,2.7062093071981526,2.672146691594536
71_5,3.999948641355255,3.0000000000000004,2.71309128677555,3.000222654270945,2.674174245077405
71_6,3.9999277768237405,2.6916753396113418,2.6733517869384698,2.675980025917853,2.000088301956199
71_7,3.0000000000000004,2.0005633326114274,2.701021158979136,2.687005039822969,2.680029473821156
71_8,3.0000000000000004,2.7236739230367086,2.6831282039553535,2.00045052970679,2.000091433410755
71_9,3.000000000000001,2.6891576419503807,2.8637171655707006,2.685413499011015,2.0000661579455628
71_10,3.99993156058835,2.6806101054625504,2.68128291519067,3.000000000000001,2.672000389254535
71_11,3.999947642322462,2.684337005344632,2.6710759370567416,3.0012210526014202,2.6698492802918015
71_12,3.999941534507293,3.3136437609687937,3.321056740065224,3.315500005023201,3.303399421623043
71_13,3.0000000000000004,2.686397057845229,2.66974759999703,2.7016917718613347,2.6696628733126704
71_14,3.9999484702695804,3.0000000000000004,2.6812835397471657,2.7179614085506847,2.6740941408902406
71_15,3.0000000000000004,2.0001390783768627,2.000055882824458,2.0000979810475403,2.0000557075947354
72_0,2.000052766293148,1.0003875113231677,2.000399643835513,2.0000960974734223,2.0002131547583857
72_1,3.0,2.668876995514579,2.0000674602048214,2.6694648614325374,2.000340625545831
72_2,3.000000000000001,3.0000000000000004,2.67427196080816,3.0,2.000426525232521
72_3,3.9998671603013456,3.0000162994487063,2.7023941895367347,2.702483983357932,2.6819576608131177
72_4,3.0000000000000004,3.0000000000000004,2.674979682074728,2.680976457771092,2.0000534956847607
72_5,2.000076828836157,2.000057928339552,2.0006338468092,2.6705764210553804,2.6926267132870647
72_6,3.997763668368651,2.6901214545967282,2.6737699664578183,2.672947555492081,2.0001087083485722
72_7,3.000000000000001,3.999878833410983,3.0000053429967997,2.6956654839024035,2.672398287050832
72_8,2.0000894239849014,2.000050781704051,2.675946793690944,2.67972964887125,2.000063262810453
72_9,2.0000740170772344,2.000057825808145,2.6826785535984756,2.668394457940395,2.6766592102202744
72_10,3.9999485213098454,3.000000000000001,2.6785905469136853,3.0000000000000004,2.0030192754465923
72_11,3.999946876084634,2.6873549787885853,2.675176267381061,2.7428337041651374,2.003876210264134
72_12,3.9999462911812027,3.000003169483779,3.00005067365347,2.814701536613567,3.9998930051710317
72_13,3.0000000000000004,3.0000000000000004,2.673457721024487,2.0001705121382742,2.6944940757474307
72_14,2.0000769074928115,2.0000851307660548,2.000085139270464,2.68358367081853,2.7041440077952634
72_15,2.0000553099868617,2.000051489310506,2.0001186311187293,2.6775736642702572,2.0001245173702897
73_0,2.0001592861337754,2.000097848588001,2.0002348321543284,3.0000000000000004,2.000073239469916
73_1,3.9999474896416913,3.9998994828370584,3.0,2.0232946466395223,2.67129310191692
73_2,3.99994013562944,3.000000000000001,3.999935979289822,2.0000587726074253,2.6710502778368763
73_3,3.0000000000000004,2.6726977586514264,2.000381169677281,2.999999999999999,2.0000609555341384
73_4,3.000000000000001,3.0000000000000004,2.675656361291066,3.0,2.0000774331038156
73_5,3.0000000000000004,2.73657898924109,2.69248221803124,3.0000000000000004,2.0001426645495615
73_6,3.9999489115255003,2.8639095778008623,3.0000000000000004,3.999811171172336,3.0000000000000004
73_7,3.9999485409657147,2.756156738695194,2.7118362628957193,2.715505109243976,3.0
73_8,3.9999258282821626,3.9999444181299997,3.6534338358855925,3.5799226434214155,3.9998997954858937
73_9,3.9999494009434753,2.70173817069008,2.692755345524775,2.7151647543478754,2.671162254954843
73_10,3.9999271138529062,3.0000000000000004,3.0,2.726643231537557,2.000093286217419
73_11,3.9999309453320406,3.9999436829393256,3.9999471672229108,3.0000000000000004,3.0009574160472123
73_12,3.99994821726387,3.306909659956454,3.282224670759514,3.2438880672392454,3.2462568354967587
73_13,3.9999409913845736,3.0,3.999863971261419,3.0118792884924206,2.679738396707701
73_14,3.0000000000000004,3.0000000000000004,2.0007148866741833,3.000405370163715,2.0001814951440444
73_15,3.0000000000000004,3.0000000000000004,2.000055099692187,2.6725407079421015,2.9999999999999996
74_0,3.0,2.6708059952059378,2.0002303087134856,2.6732280797005292,2.67005060850605
74_1,3.9999351436918458,2.689814732704742,3.0000000000000013,2.6824555175963276,3.000119826645139
74_2,3.9999461438130366,2.7109994723570683,2.679303500580077,3.0000000000000004,2.674542161937853
74_3,3.9999328349238743,2.733667770351666,3.0000000000000004,2.7026866330509662,2.6731840152339874
74_4,3.999947641517752,2.679631449304013,2.0015764983159987,2.686511072550191,2.000092210931272
74_5,3.9999489064774054,3.9999136771234425,2.7034824492366507,3.0000071386898766,3.999023639764532
74_6,3.999945642053745,3.9998856390845385,2.692800243134757,2.765661994366595,3.999842367040238
74_7,3.999876259997721,3.000119219290404,2.7129279133736617,2.7635843686644304,3.000000000000001
74_8,3.999941905152393,2.7417120423956716,2.7286352560439284,2.7855764857503056,2.698891185145815
74_9,3.999946162079324,3.99991544015105,3.9999444628173166,3.0001335961342472,3.9999042404813245
74_10,3.9999484363381006,3.0,2.730609290948442,2.7414282746578333,2.6801874267774406
74_11,3.999949823325507,3.0,2.7229669097290583,2.8084601920079524,2.683156671132319
74_12,3.999949519792314,3.999934181951792,2.900693751519669,2.9344964356971692,3.0000320330405783
74_13,3.0000000000000004,3.999840527878583,2.698499408416719,3.0075753580724487,2.679593289406495
74_14,2.000224805266456,2.000068700824682,2.668328988419076,2.6690517566372454,2.673196153819207
74_15,2.000100104728047,2.000055129497121,2.6753307067149983,2.000065703459577,1.0001592884163923
75_0,2.0000768239072797,2.3482140787887484,2.336331866319449,2.346805705647142,2.0001586423953635
75_1,2.0000816224327513,2.000052413288889,2.6706104091693588,2.6688247007136328,2.6776273864036106
75_2,3.999928116521996,2.6797012277655416,3.0,2.6884267394727854,2.68050030511292
75_3,3.0000000000000004,2.0000555270687896,2.000062933239722,2.0000899325240917,2.0000530831752625
75_4,3.9995766234184154,3.0000000000000004,2.687792120396533,3.0024226067660766,2.672586840058289
75_5,3.0,2.683451374960583,2.000110477206069,2.6781871247811204,2.6725504459510505
75_6,3.0000000000000004,3.9999221222599832,3.9998120906686085,3.9990148975826276,3.0000000000000004
75_7,3.9999482233728942,3.999910361143545,3.000000000000001,3.0000236247190375,2.684669096532113
75_8,3.9999228981101442,4.99860159208305,3.6663736490447767,3.666336540337421,3.999611294381411
75_9,3.0000000000000004,2.677711730327131,2.6715981930674566,2.6755784421383146,2.0001565281201166
75_10,3.99969454407063,3.0,2.6758490352931164,3.0001450751752414,3.0
75_11,3.999941277097299,2.9999999999999996,3.9999371705281357,2.000077082054544,2.677915321715452
75_12,3.9999447094418086,3.3083219059029014,3.3107058785585908,3.321667306836247,3.999885443075612
75_13,3.0000000000000004,3.999537456640762,3.0000000000000004,2.676442201662355,2.000068319856431
75_14,3.9963043301946244,3.0000000000000004,2.673181085868023,2.6707214752664306,2.0000668868305196
75_15,3.99993205914473,3.0000482829916653,2.6851129585901314,2.6851572779875372,3.0000000000000004
76_0,2.0000804378336343,2.4295139939842585,1.0001953411166584,2.0002300474404633,2.0000860356783297
76_1,3.999947952388134,3.9999372148879515,3.999938211344894,3.000671209039966,2.6899890363537415
76_2,3.9999291171781213,3.000135689371694,3.000001615385242,2.6953739181168617,2.67993709148962
76_3,3.9999401305457853,3.000003102819223,2.8258196699563523,3.000937827063098,2.7343103929791246
76_4,3.9999461009035016,3.0000006602382316,3.999530148374956,2.9401842580789608,2.6810037014740553
76_5,3.000000000000001,3.0,2.6707917013870577,2.687134963146723,2.000074794098766
76_6,3.0,2.0008607505728784,3.000000000000001,3.000159118016088,3.0000000000000004
76_7,3.999949235120874,3.9998960303139657,2.0111858009992827,2.7478296103465025,3.0000000000000004
76_8,2.000056891422979,2.5086776778077855,2.000059487506416,2.40263593148537,2.0003692313368457
76_9,3.999948943215129,3.999929637094519,3.187204458112916,3.123807642664396,2.767313488935961
76_10,3.9999467706488776,3.0000000000000004,3.0000010494570555,2.8641266333066273,2.6962827628682806
76_11,3.0000000000000004,2.747616360203808,3.0000000000000004,2.0000805082711817,2.7049044420081008
76_12,3.9999440067183056,3.4568182036840156,3.2596560465365485,3.4744349070627667,3.3128106769107695
76_13,3.9999471393600285,2.852785158115257,3.9999011912211784,3.0002003415269316,3.0000000000000004
76_14,3.0,3.0,2.672373806401617,3.0000000000000004,2.6709910620999615
76_15,2.0000562329699076,2.0000557460188833,2.6721974244780364,2.6691234690600787,2.0000654999869933
77_0,2.000061269524049,2.667244134482308,2.6689799249649924,2.667759622075695,2.67217699327157
77_1,2.000136155657947,2.0000690338391496,2.676334767184804,2.6823482643603076,2.670924680562753
77_2,3.9999437911494646,3.0000722486967826,2.676670776624901,2.733991697237821,2.678260635886578
77_3,2.000056076982984,2.6693227625112432,2.0000538404413186,2.669770280495091,2.0000673006949956
77_4,2.7289214339513865,2.6915645086218842,2.6785689387442275,3.0000000000000004,2.6796940649528276
77_5,2.0000535158949586,2.0000530315457485,2.6733086870920992,2.6774310864838884,2.7903066721902596
77_6,3.999946659793915,2.6776991953423055,2.671136559793408,2.691854219796729,2.670869795984271
77_7,3.999948518485403,2.6713085233325207,2.7386705302382075,2.674776826561728,2.001349727959541
77_8,3.9999491452585088,3.2874579729774855,2.999999897088869,3.27348903048794,3.1280839098622053
77_9,3.0000000000000004,3.9993459339660795,2.678049386701655,2.6891265952072354,2.681030003889375
77_10,3.0000000000000004,2.678186172885716,2.6817722203360144,2.681429593962087,2.6740187419057775
77_11,3.0000000000000004,2.000186479779161,2.6717570861228555,2.6744846270885114,2.6678695812912228
77_12,3.0000000000000004,2.710805131251419,2.7159151348675046,2.9999999999999996,2.682745166139812
77_13,2.000081527411521,2.000051358430024,2.754775930858386,2.6738827869035853,2.000072658126882
77_14,3.0000000000000004,2.000078917737246,2.6785031629160327,2.678076559134285,2.699134192546664
77_15,3.0,2.00008504102357,2.0009570963208083,2.6814091062141356,2.67719346113242
78_0,2.0003818280957852,2.670356355847133,2.6707723221468864,2.680368163100827,2.668137368038505
78_1,3.9999440015329837,2.6890575184013366,2.6779932228326095,2.7101400236504216,3.0
78_2,3.999949011952518,3.9999479710730492,3.9999353186660054,3.000160116770949,2.6950272040670185
78_3,3.9999494823630672,3.999885536684779,3.9999224223553416,3.9982745328952864,3.9998503357926634
78_4,3.9999495578649658,3.999918332529122,2.6924891508126754,3.0000158557802843,2.678221482550393
78_5,3.9999485275558393,3.9999446871094166,2.770360580033572,3.0004971737967523,2.6795498887579448
78_6,3.9999486461115747,3.9999302551635894,3.999941227093436,3.9997208747013095,3.9999262739384895
78_7,3.999947837397159,2.9999998926105187,2.750865912596345,3.9998671033295397,3.999945781177897
78_8,4.999897128048824,4.999899083247583,3.6666501328187766,3.6666367292526822,3.6666563313481393
78_9,3.999944499684346,2.747798936222487,3.999905436520306,2.899042386937877,2.705898154075548
78_10,2.000052826751317,2.6913885025120687,2.0000530897133766,2.0000967807564805,2.7325357905179226
78_11,3.999949011952518,3.999945728164072,3.9999412539017856,3.000179387478634,2.6983961905788574
78_12,3.9999057953786887,3.9999050469005155,3.4742739019382087,3.2786381148928525,3.9999226436051045
78_13,3.999947628894647,3.0000193879523227,2.6981627714131644,3.000238441791792,2.677165766504252
78_14,3.999863613919565,2.673040285650023,3.000000000000001,2.7101690821307156,2.6707185825520594
78_15,3.0000000000000004,2.792566370735506,2.6836254678454226,2.9999999999999996,2.678318947659993
79_0,2.0000904736749514,2.0001394344853147,2.0000503790000925,2.6835008075478193,2.0000905211826607
79_1,3.9998283116962434,3.0,3.000000000000001,3.0001067374368793,3.0
79_2,3.99994149454019,3.000000000000001,2.6938095354533607,3.000061004769284,2.0002216512872324
79_3,3.0,2.000152284772329,2.6985573080863228,2.0000655922724007,2.6792120198660854
79_4,2.000081040553582,2.00005899548514,3.0000000000000004,3.0000000000000004,2.0001165985364855
79_5,3.9999397845615605,3.999933169269685,2.7188003404485785,2.0000614194523605,2.672874354032471
79_6,3.0000000000000004,2.6747297998178614,2.6788917977222333,2.685489714101731,2.6736293392813235
79_7,3.9999310994346433,2.6875147740045966,2.6821899290835134,2.7289373112412294,3.0000000000000004
79_8,3.0000000000000013,3.0000000000000004,3.6650123807154396,3.654621972799218,3.0000000000000004
79_9,3.9999492604686426,3.0,2.6836689583868027,3.0000079307517495,3.0004598555386828
79_10,3.0000000000000004,2.698428238156489,3.0000000000000004,2.687483462671493,2.0000560533516785
79_11,3.9999363363215337,2.705895626115927,2.6792375276267952,3.9988089790797603,2.000123849887876
79_12,3.999949676363156,3.0000008766337865,3.241253832558132,2.9694645754151905,3.0000572173322606
79_13,3.0000000000000004,3.0000000000000004,3.0000000000000004,2.716812045139642,2.675646773364315
79_14,3.0000000000000004,2.691417846502261,3.0000000000000004,2.7349554390532793,2.0004325365866813
79_15,3.0000000000000004,2.679875908187864,2.0002065277053225,2.704226072680953,2.669283686018575
80_0,2.000054223029681,2.0000514507737464,2.6823612810092956,2.0001990853096348,2.0000605666887235
80_1,3.000000000000001,2.680387142412181,2.0001149054489162,2.670420991263428,2.0000691206692833
80_2,3.9999436261242476,2.7020757367633896,3.999695410062805,2.7037691861888895,2.0001424756514963
80_3,3.0,2.000737563643207,3.000014247086627,2.7728755159530296,2.682025363083273
80_4,3.999944358596504,3.9999283300746913,2.7871823447758626,2.948415216573245,2.0009513702553674
80_5,3.9999491523623343,3.999874824711852,2.692687094307378,2.698196888335497,2.6853880392454514
80_6,3.99994963267575,2.7784953610746834,3.999937040696799,3.0000454302748136,2.692964807266497
80_7,2.0001369265099567,2.0000640799325504,2.000144027244126,2.674705015483538,2.671146699445827
80_8,3.9999488313565057,3.9998371443358667,3.999945630389416,3.0000068802715276,3.9998516811210783
80_9,3.9999474256017997,3.9998887231567046,2.680058433924349,2.7332904677400363,2.672580541945683
80_10,3.0,3.997632593610254,3.999914110654152,2.6948832807376824,2.7032960017188588
80_11,3.99994200730582,3.9998674146085684,2.8108808471401274,2.91244330977948,3.999882856264887
80_12,3.0000000000000004,2.00019398819425,2.676327430740523,1.5459813811519936,2.0004994588231337
80_13,3.999948713537451,2.70280868409829,3.0000000000000004,2.741568031731784,2.67702877198876
80_14,2.000063869058008,2.6728580853324044,2.674697556872955,2.673672713976182,2.6776066015551145
80_15,3.0000000000000004,3.0000000000000004,2.6751675170551596,2.693696399525397,2.6731726578690846
81_0,3.9993474372397224,2.999999999999999,2.6717462398996754,2.6693420563079835,2.0002335858602285
81_1,3.9999442160157685,2.726947769959397,3.0000318931523773,2.845189252354131,2.672988880025121
81_2,3.0000000000000004,2.000145643882848,3.0000000000000004,2.6928359563798994,3.0
81_3,3.0000000000000004,2.6718711547609137,3.0,2.0020207227413747,2.0000568036879005
81_4,3.0000000000000004,2.6915335691326114,2.673438035022198,2.6765005161056776,2.6695083425397486
81_5,3.999947068382786,3.0000097749926833,3.000005859714326,3.0076189979265195,2.0002657309147525
81_6,3.9999491149346684,3.999938210643005,2.713660052891722,3.9994253023125625,3.9995385346061214
81_7,3.999947236937233,2.773603889985092,2.7508918250779377,2.7210937087925995,2.685790845831611
81_8,4.999631507419133,4.999891514509508,3.6666216437088135,3.6665754016487058,3.6666172996640687
81_9,3.99994790499439,2.7644081166206327,3.0000870879701225,2.9999999999999996,2.682519612022667
81_10,3.0000000000000004,2.0011237912224815,2.6777945599149895,2.7569696166288957,3.0000000000000004
81_11,3.9999493173670526,3.999922862102775,2.6971262202666786,3.9996577373386932,2.671275506464859
81_12,3.999947359213295,2.9999999999999996,2.9999998933109784,3.0000000000000004,3.0
81_13,3.99994650047663,3.999944357655086,2.6847311245757943,2.6982025949206037,2.6714501993673148
81_14,2.0000509556015196,2.670258598234831,2.671607274829781,2.000111788821638,2.000068889086734
81_15,3.0000000000000004,2.6865748407976424,2.6737504258229334,2.6786085035136726,2.6699180618932457
82_0,2.6719316988305626,2.667349263806488,2.6697388532015887,2.000115899644312,2.0001033370661676
82_1,3.0000000000000004,3.000212605239222,2.6703798808362245,2.7550449328448265,2.6707561455304583
82_2,3.0000000000000004,3.0000014392233343,2.6866817236929235,3.998286798016077,2.67113665196688
82_3,3.0000000000000004,3.0006127172645014,2.6702860133813644,2.7271159806576004,2.6727306106360658
82_4,3.0000000000000004,2.6979099281109913,3.0,3.999133221087161,2.669069943763267
82_5,3.9999496654146194,3.999795566089967,3.999402796021193,2.8482907853987545,2.7024314613257254
82_6,3.999948967836089,3.999945792650786,2.749948042338659,3.0007152371971557,2.6919625902402675
82_7,3.9999420534115724,2.6824436760608017,2.6735479880121895,2.679034544829161,2.671360338717374
82_8,4.9998575758517925,3.658606741299323,3.647672082725498,3.547980840485021,3.9999360371712496
82_9,3.9999497699242132,2.999999580510713,2.7036878370765653,3.0758870814326422,2.6867038533996546
82_10,3.999949713077035,3.9998297968993466,3.040540618637794,3.0001967243170675,3.9998835057511513
82_11,3.9999498543772156,3.999752042906758,3.0406762727761203,3.0000585493151775,2.679577001291328
82_12,3.9999474968471533,2.9311919230348575,2.8505706709823553,3.0000289353792366,2.8391830495653174
82_13,3.99994814258487,2.7563993524040846,2.7215624571735466,2.772357064951212,2.6736678826348292
82_14,2.9999999999999996,3.9992463401825264,2.6694001465292385,2.69441044866943,2.6706409865788663
82_15,3.0000000000000004,2.6720494308544964,3.0000000000000004,2.6806576921766867,2.669796034062901
83_0,3.000000000000001,2.00007160799698,2.0000799146629062,2.6680245416140815,2.6741433000405292
83_1,2.0001181187537327,2.0001158979917477,2.6724214012350607,2.669851170395972,2.6713325563085757
83_2,3.999946750575609,2.705918663294309,3.0000000000000004,2.765149308328131,2.6951190399372527
83_3,2.999998879899665,3.0000000000000004,2.678638555220095,3.9995520438374084,2.0002640115821206
83_4,3.999889084409175,2.716079419356451,2.677508473103142,2.7157282400420653,2.677367806664627
83_5,3.9999230005788733,2.721092520071698,2.6800584288635854,2.7104162788978634,2.680724895379626
83_6,3.9999494824584914,2.75638458127212,2.673758929640543,2.6888627538187304,3.0000073021352796
83_7,3.999946590562265,2.763372916065518,3.0000005464578905,3.0000246664376733,2.6864836051241476
83_8,2.0000866145713125,2.0000731780872214,2.000820156900939,2.9999999999999996,2.0000576885453802
83_9,3.9999454679878097,2.732931476860894,2.702289453913098,3.0000074514554447,2.6734811157139773
83_10,3.9999490272691554,3.0000140033724234,2.677779596698094,2.7267800576316708,3.0000936929551
83_11,2.7121116219112125,2.6949450495918397,2.6716002052215067,3.001532809742002,2.6764710214294545
83_12,3.999946463566862,3.0000015779521254,3.184426816730017,3.9999422042659396,3.9999283636308025
83_13,3.000000000000001,2.6776131344594414,2.0000797364430607,2.671131625727,2.6682865186977933
83_14,3.0000000000000004,3.0000000000000004,3.0000000000000004,2.6792702393156604,2.6696544479747195
83_15,3.0000000000000004,2.0001157485542147,2.6711184561592334,2.676644296254039,2.6687687400619398
84_0,3.0000000000000004,3.0000000000000004,3.0000000000000004,2.671276708224487,2.669219290907634
84_1,3.999949228982771,3.0000106456327074,3.0775139840752113,3.0000659673446455,2.909640078370888
84_2,2.777064335868751,3.000059783549717,2.6986881522640385,2.7220625198521224,2.67424336257112
84_3,3.0000000000000004,3.9985227400014685,2.673625867415301,2.6822204814688315,2.672572434221818
84_4,3.999948862497784,3.9998099773499676,3.0000000000000004,3.0000830516804644,2.6765113129486355
84_5,3.999898182794934,2.000391866673353,3.0000000000000004,2.682430394102722,2.6703713587598785
84_6,3.999949468303126,3.0000019251736987,2.7778612967103755,3.000124691505786,3.9999098582718036
84_7,3.9998903632923546,3.0000000000000004,2.709804183391215,3.0000128614300747,2.000629778553759
84_8,3.0000000000000004,3.0,2.6774067909479067,2.0001687120518734,2.000087305813981
84_9,3.0,3.9993463255601656,2.7055549037455013,2.701910408037752,3.999870112188452
84_10,3.9999488570086146,3.999919449869217,3.999885603608671,3.0000009148045077,2.7747325715755684
84_11,3.999949062236327,3.999919449869217,3.999885603608671,3.0,2.732442702924695
84_12,3.9999491958812876,3.9998095748595706,3.2825329588434475,3.2144059144902215,3.3047796823632942
84_13,3.99994898342151,3.99993549038152,2.71433685218355,2.741495927329025,3.9997955039836723
84_14,3.9999431928965463,2.6976250845086565,3.000034501979914,2.684791168787327,2.669385693114633
84_15,3.0,2.001521190623029,2.6726209217483032,2.6716665089864384,2.6687638220394447
85_0,1.0007547413017832,2.0001704954311825,1.0001475162999378,2.3416830245509472,1.0001506511461704
85_1,3.0000000000000004,2.6789799483005114,2.671485792534696,2.6716345234526044,2.669288582601277
85_2,3.999930768336807,3.99925885638814,2.693421407291628,3.0009844308600138,2.679158397514986
85_3,3.9999439001008694,3.0000000000000004,3.9992282337634597,3.000002513994239,2.6736051373777285
85_4,3.0,2.6896698001533075,3.0000000000000004,2.0000529324755245,2.0001924914429274
85_5,3.000000000000001,2.6809195155837755,2.678115295343349,2.68284893267163,2.672541438209251
85_6,3.9999481826782173,3.0000000000000004,3.0000000000000004,2.729379725032177,3.000000000000001
85_7,3.9999482263707047,2.78419003067121,3.0000000000000004,2.6881875945351594,3.0
85_8,2.0000536718318345,2.780605435275284,3.0,2.743787351673042,2.76316182586454
85_9,3.999949598012288,3.0000817002474824,3.000039767882457,3.0000067694375776,2.6852103957086526
85_10,3.0000000000000004,2.0000614050052294,2.6740450314675095,2.6920117178648053,2.000065217114732
85_11,3.999949919011915,3.999929102137462,2.706963705061553,3.0012581208363325,3.9999439316465497
85_12,3.999949285565052,3.1633615148750245,3.9998771257393715,2.9329975991159833,3.2380967453800453
85_13,3.99994394173099,2.6984656653516237,2.6795458501305762,2.6889990898390206,2.0004322618488177
85_14,3.000000000000001,3.0000000000000004,2.672781042837383,2.695557935570394,2.6712802143984034
85_15,3.0000000000000004,2.674282516278624,2.6686090851073034,2.0001720934290015,2.6678943007517364
86_0,2.6915185894960616,2.7235453294984078,2.000051581428218,2.289940887251311,2.7901749257699238
86_1,3.9999401069447202,2.9999999999999996,3.0000066166711505,2.773213951091055,3.0000000000000004
86_2,3.000000000000001,2.681154689591178,2.681366196743201,3.9977567681219104,2.000197926361876
86_3,2.0000637856724635,2.0000655065559725,2.6728399587555,2.6714805079261605,2.6759042339979864
86_4,3.0000000000000004,2.6695169107925096,2.675655018715945,3.000000000000001,2.673696050513514
86_5,3.999944426402378,2.696147670807309,2.7414791190182957,3.998231013232905,2.6708205623977155
86_6,3.99984990731188,2.0003340653783575,2.6689796979795117,2.6789800933174686,3.0000000000000004
86_7,3.0000000000000004,2.6759538978645967,2.6946701275387905,2.674332461107196,2.6690772600367905
86_8,3.999948609565021,3.00011826759731,3.3163706809304636,3.2935678247281945,2.995496834788568
86_9,3.0000000000000004,2.6768069104702628,2.6728150518129277,2.6786880034358633,2.670409013888145
86_10,3.99994683244667,2.6915438985689244,2.676927639609026,3.0005297870686034,2.0008107244376756
86_11,3.0,3.0002032794957527,2.681899154699962,1.250054551163088,3.0
86_12,3.9999440143646674,3.174382197908149,3.996864179325568,3.0000227847516943,3.0000065051249196
86_13,3.000000000000001,3.000000105158156,3.0000000000000004,2.7216129085269594,2.6693578154924764
86_14,2.0000523805154775,2.000066525941096,2.0002758938432965,2.6744032803970006,2.0000638102570303
86_15,3.0000000000000004,2.6829722070872246,2.674729961760254,2.683260652976527,2.0000632238279796
87_0,3.0000000000000004,3.0000000000000004,2.6753372426005035,2.6804068444129254,2.66929133761581
87_1,3.0000000000000004,2.672880057955531,2.673620108913277,4.389525784987258,3.000000000000001
87_2,3.000000000000001,3.0000000000000004,2.675576272700754,2.676541653286373,2.00005519370459
87_3,3.999947670724988,2.6775904624276325,2.6811174954960566,3.0000008414952037,2.6952978346736183
87_4,3.0000000000000004,2.000057007245204,2.000297817422659,2.738784228803977,2.704948459386055
87_5,2.9999998944979698,2.6782823653100563,2.678428137275802,3.0001407446224704,2.6959098123383693
87_6,3.999948136839507,3.000009169997357,2.673365677194724,3.999658504919945,3.0000187446432935
87_7,3.999945748362127,2.6906507979551604,2.6827669470644433,3.0000000000000004,2.6890948784839988
87_8,2.000055373268311,2.0000605959444457,2.6759466649913604,2.675210693871519,2.00005242204982
87_9,3.9999493174031375,3.9999444055604094,2.7370849847479928,2.7964611614642085,2.712845903459717
87_10,3.999911896670873,3.999923107861599,3.000000000000001,3.009321767658659,2.0002394008315085
87_11,3.999892656735701,2.733870933715438,3.999927298873992,3.999515177680467,3.0000000000000004
87_12,4.997989087461465,3.000016504392905,3.308674866572074,3.287344698349921,3.281066289688126
87_13,3.0000207546984576,2.676561336012393,3.000000000000001,3.999326480166145,2.684550598688309
87_14,3.0000000000000004,2.6683394977997827,2.6698938147734723,2.689001759872738,2.668048436640296
87_15,2.0000643927764497,2.677623873392715,2.0000548239233042,2.670048766226394,2.0001096931592963
88_0,1.0002001183487816,1.0002913574419408,2.000188592276993,2.360650342310743,2.3396595137508958
88_1,2.0000588873834255,2.000059795848628,2.000120533988282,2.687998518163684,1.0002748755994562
88_2,2.9999999999999996,2.6780525578744308,2.0000623381727984,2.675417942728589,2.710004572644087
88_3,2.0000818035294894,2.0000531911543873,2.0000708443975577,3.0000000000000004,2.0001214181418634
88_4,2.0000518526354876,2.0000552066434913,2.000164408283918,2.389359847742714,2.3885425961337745
88_5,2.0000612425782207,2.675268572708627,2.6776698921955795,2.000293768682331,2.0001473074136618
88_6,3.0,2.67362342588976,2.679139387099794,2.670633736149751,2.0000668666502057
88_7,3.000000000000001,2.0000606907569183,2.0000557303019804,2.6704303836714924,2.667905481908153
88_8,3.0000000000000004,3.0000000000000004,3.5874039392848416,3.3142297958999576,2.9999999999999996
88_9,2.0003402063017126,2.0000893421632355,2.000074271897212,2.010123243936076,2.670305972347249
88_10,3.0000000000000004,2.0000569164311157,2.682492771432022,2.684693288009794,1.0008218050569413
88_11,2.000058838422983,2.000052951410044,2.0000524437261875,2.000058738946061,2.0000615854712165
88_12,2.000086768199425,2.0000511277810715,2.6693789625142124,2.674749677892895,2.6719095121411005
88_13,3.000000000000001,2.0000576658383413,2.000059412907692,2.684938694955516,2.69815363188129
88_14,1.0001063902238942,2.0001188624866946,2.3337011799037723,2.341572194052987,1.000106516263624
88_15,2.0000561013055096,2.0000626097543575,2.4196870976511313,2.744204080256123,2.0000740339836645
89_0,2.000050713844736,2.0000507591930448,2.5428346607258776,2.682274057043296,2.6000413864622254
89_1,3.0000000000000004,2.0000522462791324,2.0000609516302523,2.6708637458629947,2.0001354527725286
89_2,3.000000000000001,2.6706120532144157,2.6757531710425564,3.0,2.6699677224760845
89_3,3.0000000000000004,2.673771058267668,2.0018267398323673,2.6768974690312874,2.000088149742101
89_4,3.999752452483905,3.0000076797846416,2.69013066471699,3.0006221516581,2.678279885076208
89_5,3.0000000000000004,2.000077222819696,2.0018267398323673,2.682686336913429,2.000276175419213
89_6,2.0000515593265304,2.000090454022198,2.0000529280649793,2.698316621640792,2.851571139702061
89_7,2.000064364351559,2.000056837015498,2.674975265529403,3.0,2.6732277582737423
89_8,2.0001260541664476,2.0000528369492296,2.7594338068046875,2.744211352389443,2.708117389841675
89_9,2.000056863334795,2.000063171977357,2.7327291516519168,2.000234781445587,2.000068991213847
89_10,3.999793516046033,3.000008078936389,2.690054108794767,3.0154957089580368,2.673299955967665
89_11,2.0025355498743407,3.0000000000000004,2.6698962580409473,2.671107724007791,2.0000837359800587
89_12,3.0,2.668013038882032,2.6789771961219113,3.0000000000000004,2.6684286511859012
89_13,2.0000541870432187,2.7714351289996166,2.0001351975418076,2.000067367020654,2.000058936530174
89_14,2.000054856679075,2.0000717187879435,2.671108230168488,2.0000600754795372,2.7148718193214165
89_15,2.000051622664288,2.0000602527594946,2.0000609248595587,2.689331315257215,2.810181480223512
90_0,3.000000000000001,2.675090122628906,2.0008406717223997,2.670245265509755,2.6913420973347604
90_1,3.9994660926146333,2.6980010630916738,2.678539237592462,2.6848034603030024,3.0000000000000004
90_2,3.9999491201734134,3.0000024872066167,2.822412386914194,3.0005808630078743,2.706955909004415
90_3,3.999947694319653,3.000009074407036,3.000028366933595,3.0078231054438067,2.6933752642351223
90_4,3.999949493085228,3.0000012603310116,3.0979587143378153,3.000000877341037,2.6876241097896045
90_5,3.999934170729449,2.677995554919409,2.7219755745531957,2.6824981585709766,2.6709213475027385
90_6,3.0,3.9997941856311647,3.0,3.000000000000001,2.68889201854229
90_7,3.9999467391922803,3.0000034668520046,2.7159451991592847,2.7400620289405246,2.6715911148151106
90_8,3.999947984012265,3.0870811393393622,2.8841935207290534,3.0009157250295235,3.000004665302083
90_9,3.9999492889384287,3.0000055510020767,2.7389616936288563,3.0000817744491703,3.0000256169000266
90_10,3.0000000000000004,2.000054345483949,2.000058472030378,2.680355309442007,2.000065282184806
90_11,3.999946617221482,2.9999999999999996,2.0005546216722205,3.001288269734954,2.671025497184506
90_12,3.9999456882016036,3.3119332848467726,3.318464742630513,3.31506258599988,3.000012791485749
90_13,3.9999487939568295,2.7397788426298475,2.681097725152291,3.000030952034437,2.6728504318320336
90_14,3.998613262701427,2.669263810048105,2.6698629642574176,2.6697158591166996,3.0
90_15,3.0000000000000004,2.6772723998889907,3.0,2.68244511969088,2.67059888500516
91_0,2.0000684154175223,2.0001561008881183,2.0000569487981097,2.000190914667658,2.364082549713284
91_1,3.0,3.9998983877283,2.6842124231128457,2.7206455302205104,2.000343737291384
91_2,3.999947764877343,3.9999451058210345,3.999948497333375,3.0000845605186344,3.999914009544229
91_3,3.9999474458238495,2.9105117829815748,3.000169577961201,3.000026906644286,3.0
91_4,3.9999494380620884,2.715461175061618,3.0000000000000004,2.729097713268617,2.0001240152879944
91_5,3.999949643689873,3.999944370474426,3.999935286170093,2.7503237559021514,3.0100699186233646
91_6,3.9999494304035044,2.7885539080358255,3.0000000000000004,3.0,2.7082113339260885
91_7,3.999949201590661,2.777090498937395,3.0003902353242555,2.87195982682099,2.682323707259706
91_8,3.0,2.6822774571357253,2.0003606485884107,3.0001317277330894,2.999999999999999
91_9,3.999949207276282,3.9999431445148583,3.0000255107775136,3.9997408633381144,2.9999999999999996
91_10,3.999949237517279,3.0000612460751857,2.720594265489618,3.000000000000001,2.6870547511721474
91_11,3.999945975937172,3.9999438716189473,3.999947944837302,3.999899817161058,3.999829386646552
91_12,3.9999490028154727,3.2846826238105873,3.9998997868886663,3.30632445115884,3.323800970914358
91_13,3.9999483960855295,3.0000000000000004,3.000024878021094,2.7427698427975185,2.698599098725362
91_14,3.9999451028227098,2.67730132507989,2.678328969928982,3.9999251678348515,3.000000000000001
91_15,2.0000612727240825,3.0000000000000004,2.000068456361156,2.671722092928581,2.6805276782798715
92_0,2.000053892660261,2.6691269069657033,2.0000531932700705,3.0,2.732444226693156
92_1,3.999948695824417,3.9999347104670018,2.693253225211534,2.7497900637556034,2.69295994660414
92_2,3.0,3.0000000000000004,2.6802693488568816,3.0000000000000004,2.6763335028750523
92_3,3.0000000000000004,3.0000000000000004,2.000051501188426,2.67726229771808,2.7015259151793365
92_4,2.999999793374259,2.7120940698822134,2.6818313832292437,2.6847202970638935,2.679868556331611
92_5,3.9999287881829573,3.000015353878524,2.999999419251681,2.7477064588376177,2.6713654341770257
92_6,3.0000000000000004,3.0000000000000004,2.6774971101413003,3.0187127643669593,2.6773017912995267
92_7,3.0000000000000013,2.673717209048092,2.683145770805288,2.687368886920757,2.6862531432602132
92_8,3.9999395090751375,3.0000000000000004,3.9998969222899925,2.718607687317477,2.6885793687063164
92_9,2.0001073964883433,3.0000000000000004,2.677139668366693,2.6725742317667045,2.6742556645452873
92_10,3.9999469342862843,3.0000097679656443,2.6934281053097107,2.743729679995706,2.6755278308660735
92_11,3.999923469217239,2.678274737751615,2.6782735672830666,2.6880778274271826,2.6724031133537656
92_12,3.9999471093866332,2.9582629357016446,2.8867553631494025,2.9784387325128403,3.999160588835888
92_13,2.000059170887611,2.6953785121521143,2.800131141727415,2.7111366600635676,1.0037230635770455
92_14,3.0000000000000004,2.7125989555386796,2.7155151152518586,2.682776783632741,2.6726894382542628
92_15,3.0000000000000004,2.6868497783892016,3.000013702523142,2.6720522187535574,2.674441747163872
93_0,2.000051733232397,2.0000565305912645,2.525328925589163,2.003135849764538,2.000328708849741
93_1,3.0000000000000004,3.999883826725475,3.0000000000000004,2.7376387567766884,2.6868262287912605
93_2,3.9999457478912412,3.0000185150823064,2.672827351974716,2.805808085541665,2.670534930047992
93_3,3.000000000000001,2.6817231318624746,2.000077675663945,2.6743773086270117,2.675777125115335
93_4,3.9999280604234486,2.9999999999999996,2.000123533937192,2.695365818035853,2.6682032871116483
93_5,2.000884822621009,2.6690155121955415,2.6736108381101724,3.0,2.9999999999999996
93_6,3.9999492882469045,3.9997867389969337,2.684898293342645,2.7268199503411448,2.669193838861393
93_7,3.9999488152046685,3.9999106645098985,3.0000159888262945,3.0010898264872985,3.9972049848953666
93_8,3.999947414753987,3.5347107460924896,3.5891342963501547,3.2434570298374226,3.9999290267542773
93_9,3.9999494493624024,3.9999497913205744,2.9036015606757797,3.291994888835637,3.0000079126961867
93_10,3.999911004532941,2.701860273319509,3.0000000000000004,2.7710768301837243,2.0003697384895993
93_11,3.0000000000000004,2.7020058198054007,3.999935201097599,2.7231620782831705,2.000163174871498
93_12,3.9999467717156443,3.304962505114047,3.282523561441071,3.318725371167666,3.9999109882366497
93_13,3.0000000000000004,3.0000000000000004,2.6693271353374315,2.6865413256429944,2.6680971405847624
93_14,3.9999401361125204,2.698109786127306,2.6848546783143967,3.0,2.674719959170764
93_15,3.0000000000000004,2.6689776894999437,2.6688705640132806,2.7105119316677713,2.6692495041535516
94_0,1.000381109498155,2.0000622121752687,2.333934331023631,2.3497005777754967,2.000061500041782
94_1,3.9999147005903537,3.000540661854144,3.0000230336271745,3.000199928925044,2.681456040604892
94_2,2.0000881146635514,2.6719486658998974,2.0001112652131714,2.0012315924007504,2.0001617113131585
94_3,2.000381334099179,2.000058586656449,2.672251157248029,2.6709777406890907,2.697741379095686
94_4,3.000000000000001,2.671614802696746,3.0,2.000118900163735,2.000073212271759
94_5,3.0000000000000004,2.6834401333642526,3.0000000000000004,2.6917340768679203,2.000201006427941
94_6,3.0000000000000004,3.0,2.0003877042450453,2.670306147118934,2.684041568761129
94_7,3.0,2.6846419886255783,2.6771482513095286,3.000894800696999,2.6844800020239497
94_8,3.999933060978188,3.0000000000000004,3.098843102016894,3.2138236338092985,3.364936966653558
94_9,3.0000000000000004,2.9805272965118252,2.909354836535333,2.0002494764456076,2.0000772622480274
94_10,3.9999470482737434,2.001663306842934,2.6866025042667685,2.8037902935581527,2.6811072732494856
94_11,3.999947048267654,3.0,3.999931141630633,3.034607643188403,2.6803579294474673
94_12,3.9999332752182646,3.251293097876472,3.999933700344951,2.9771252487921567,3.000146634546347
94_13,2.000060309284087,2.0000564587383924,2.671238478948979,2.6695815486994308,2.000064559270652
94_14,3.0000000000000004,3.000029265941225,2.6788717542919995,2.7107997367733887,2.0004249206353477
94_15,3.9993328393080327,3.000029290019829,2.678479775838248,3.0000000000000004,2.0000800010374373
95_0,2.000061129007073,2.0000506136943326,2.000051141835359,2.7062494378434,2.5432025438290236
95_1,3.9999349924349814,3.0000000000000004,2.670470816496159,2.670087948326956,2.000081853377755
95_2,3.999936622391422,2.7285256664093853,3.0000000000000004,2.6958409042640206,2.6796217490033354
95_3,3.0000000000000004,2.6731758246955715,3.0000000000000004,2.6717020299404304,2.672840285801216
95_4,3.9999308258896584,3.0,2.6739980577632285,2.673871553081404,3.999027553126544
95_5,3.9999477141243336,3.0000000000000004,3.0,2.9999999999999996,2.001238366586267
95_6,3.9999488662051714,2.7066227182266767,3.999929353588394,2.7352361486800563,3.999819481894447
95_7,3.9999486969803932,2.711594875033017,2.7103752388228237,2.6798797121189795,2.674374253200329
95_8,3.6666553908852375,3.6666468282340343,3.6666339345764443,3.6666524109075804,3.6666490732441326
95_9,3.999940010686812,2.6928633264847974,3.9998502311233994,2.692380677750951,2.6703985638233436
95_10,3.999949297747136,2.687279311077676,3.0000000000000004,2.7021264379954784,2.679694373237409
95_11,2.8800896978873007,2.6821217229282155,3.0000000000000004,2.7112841742430858,3.9996013918046045
95_12,3.9999410351600955,3.9999465424768625,3.011022658812386,3.0000005464401864,3.000001935019011
95_13,3.9999404990306795,2.6746295514394367,2.6729202459118335,2.6868544153374008,3.0000000000000004
95_14,2.000061224699486,2.0000540832625364,2.0000675088247863,2.000068909159387,2.0002771528221555
95_15,3.0000000000000004,2.0000715031447522,2.6740019169791727,2.00010691063657,2.0000843652469626
96_0,3.0000000000000004,2.000062039403449,2.677326711793577,2.6789495500002234,2.0000549064267403
96_1,3.999949239191686,3.023869995546969,2.7409867948369246,3.001571155158914,2.6754950814408573
96_2,3.9999407103850935,3.014285033285222,2.7209443121889754,3.0001313407765324,2.6738310810473642
96_3,3.9999484790966373,3.000030795197727,2.697938914723487,3.0,2.6732766875383853
96_4,3.9999176885326384,2.782086288421885,2.783180594137467,3.0,2.68039931791341
96_5,3.999930943656847,3.000030795197727,3.0000171356659426,3.0000517459020988,2.6792791906435616
96_6,3.999948691008209,3.999794056463404,3.999856444566829,3.0000640500831515,2.7363361430159787
96_7,3.999948345957053,3.000408335424755,3.0000058301852426,3.000037464422774,3.0000000000000004
96_8,2.00072135238086,2.6813050765967734,2.682508606492541,2.6837996645923217,2.6752541808628614
96_9,3.9999493745227155,3.0278770815812592,2.7269742474510013,3.000175130504079,2.673107379261197
96_10,3.99994906679614,2.7005088898877228,2.69165351859466,3.000351253495525,3.0000000000000004
96_11,3.99994915597397,2.999999381439424,3.108843142943288,2.9038467932246466,3.000023589918116
96_12,3.9999447190729325,3.3977194590641493,3.1482930174953516,3.2695378232612695,3.3056533072193046
96_13,3.9999471939234814,3.0000274701300897,2.691461985427708,3.99988724078619,2.9999999999999996
96_14,3.0,2.728896164388619,3.9995104117370905,3.0010730118934914,2.6863248217979327
96_15,2.000052752281136,2.6945095377434294,2.0000677389917234,2.707735229296809,2.8517098821221447
97_0,2.0000515657956632,2.0000520098369443,2.0001635205679715,2.000060778147104,2.0000855224004477
97_1,3.0000000000000004,2.675272676522301,2.999999999999999,3.0,2.000074847635875
97_2,3.99993152192771,3.999859171415757,3.0000000000000004,3.997471728769161,2.000156753184488
97_3,2.0001233567760686,3.0000000000000004,2.6798139948287028,2.6713046025858436,2.999999999999999
97_4,2.0000592223453815,2.000050517452097,2.810135421134269,2.7819909735583304,2.4109065001861363
97_5,2.000082329978427,2.0000534014454185,2.000189977987747,2.671356853346796,2.6687369605829714
97_6,2.0000687247587803,3.0,2.670080634080672,2.0001696706592766,2.000052814748151
97_7,3.999937897719433,3.0000000000000004,3.999929660648158,3.0000000000000004,3.0000000000000004
97_8,2.0000901668974667,2.000062190410875,2.7099316996721523,2.7354003640069475,2.690226113316604
97_9,3.0000000000000004,2.770800973975224,2.717757180354721,3.000019280763655,2.6950558421674904
97_10,3.000000000000001,2.0000726218184495,2.7116179668306852,2.6895282441407877,2.0000799673822356
97_11,3.000000000000001,2.715523567481534,3.9998767486458995,2.720898922683298,2.702102094875466
97_12,3.9999455337435905,2.9550048822969894,3.0000050457705356,3.0000047665723724,3.0000007540778135
97_13,2.000065932817557,2.0000626926320817,2.00006982967552,2.668603374638657,2.0002773153561644
97_14,2.0000519311585085,2.000063978806564,2.3771166515665656,2.7034513363560357,2.0000688145188383
97_15,3.0000000000000004,2.0007416168505503,2.6790505614463704,2.681136514925388,2.6733731397074316
98_0,2.0000522435206127,2.000054523560752,2.000052456116804,2.6765766382337888,2.7053971914770867
98_1,3.9999464174246513,2.707666226822749,3.9999393461118613,2.706531035344415,2.6797440806985198
98_2,3.9998995395785157,2.6982339873652865,2.6856789818561135,2.7560862951750735,2.999999999999999
98_3,3.0000000000000004,2.6723552221450397,3.0000000000000004,2.6811513380224308,2.6732358138018073
98_4,3.999949012709297,2.7494252414703624,3.999945458231586,2.6982316589581137,2.695494006505985
98_5,3.9999451056126647,3.0000000000000004,2.6856973103276567,2.67514932780009,2.6764000555011664
98_6,3.999945282049948,2.7044378852123803,3.0,2.7181481581981006,2.6741822551018557
98_7,2.958237619708497,2.912634515124348,2.7430927588041185,2.992018567254838,3.0
98_8,4.999896490754064,3.0505881738717857,3.622735712268703,3.6319531227712805,3.9993983324468316
98_9,3.999949270582048,2.999999471301602,3.0000116448871674,3.000000788847436,2.6923018544998873
98_10,3.0000000000000004,2.001536408183524,2.67274157486658,2.6887531583760635,2.6752364941924154
98_11,3.9999471101083954,2.6901259409680014,2.6767806838631616,3.0001531971182374,2.6807555201797015
98_12,3.9999263374879552,3.5214012854643473,3.2556238215123634,3.245246178345204,3.3237027860800623
98_13,3.9999491166451735,2.7077527069773266,2.6909295444787205,2.6883075403703223,2.6892399202766173
98_14,2.000070967744403,2.693977710381891,2.6216519893464163,2.686045512673549,2.0000914482779484
98_15,3.9999309893275816,2.696234027077221,3.999898668007926,3.0,3.000237912250822
99_0,2.0001143991045964,2.000369490773229,2.6704975199870944,2.6764475639435363,2.000103530567529
99_1,3.9999386759539126,3.9998295799860726,2.69686568446706,2.7179589427114865,2.6757570142582026
99_2,3.0000000000000004,2.894852889442074,2.696114121124409,2.7020317351416385,2.6774081986334974
99_3,3.999948619547826,3.9999363518642417,3.0000000000000004,2.7207130460524542,2.6696566300427795
99_4,3.999942255520672,3.999910480329154,2.682066652345169,3.9984754971150767,2.6730933648382997
99_5,3.0000000000000004,3.9993585825200166,3.0000000000000004,3.00293322102456,2.6816001814139856
99_6,3.0000000000000004,3.000020171285476,2.007584625537158,2.9999999999999996,2.68373658135107
99_7,3.9998815524326687,2.9999986708049065,2.7445161906716296,3.0,2.712412591084856
99_8,3.9984361794670353,2.0000621221095214,2.686352049569974,3.0000064494454675,2.677452667120373
99_9,2.0000599226525346,2.00086120907299,2.0000726287610235,2.6730062981779623,2.674692897442515
99_10,3.000000000000001,3.000000000000001,2.6718705291401443,2.6724965127415934,2.6711468086206014
99_11,3.999947920937567,2.8046383112210105,2.699339105180311,2.741400882474676,2.698668758834952
99_12,3.99994802079768,3.0000000900193484,3.999922590889822,3.0000979394836045,3.000344734488315
99_13,2.000062710005118,2.948460092175325,2.0013246078829914,2.6778080993717452,2.6767507905318544
99_14,3.0000000000000004,2.673730249637157,2.671264321440248,2.671120919388824,2.00005513397362
99_15,3.0000000000000004,2.702141537286165,3.0000000000000004,2.6936955912175593,2.673338957063303
