group,COT1,COT2,COT3,COT4,COT5
0_0,1.0001023478957962,1.0001069151654798,1.0001008949506698,1.0001105843713527,1.0001000696106555
0_1,2.000061162465605,2.0000618510412247,2.000069106204641,2.000050553426769,2.0000550093794947
0_2,2.000068405250251,2.000051708772582,2.000050861678879,2.000134384795345,2.0000574243216045
0_3,2.000050439422817,2.0000512680335443,2.0000616535204254,2.0001003823702086,2.0000557154441383
0_4,3.0,3.0,3.0,3.0,3.0000000000000004
0_5,2.0000643585052678,2.0000593190978537,2.000050711187026,2.0001330004350706,2.000056091852819
0_6,3.9991670489953357,3.0000000000000004,3.0,2.0010282366025285,3.0
0_7,3.0000000000000004,3.0,3.0000000000000004,2.9999999999999996,3.0
0_8,2.0000508264685544,2.0000548326899654,2.000051233173238,2.00005077783545,2.0000505846869916
0_9,3.0000000000000004,3.0,2.9999999999999996,3.000000000000001,2.0001039456997924
0_10,3.9999262417792276,3.9995264358980904,3.000000000000001,3.0,3.0000000000000004
0_11,3.0,2.9999999999999996,3.0,3.0,3.0000000000000004
0_12,3.9999412619296892,3.99993913150244,3.0000000000000004,3.000000000000001,3.0000000000000004
0_13,2.9999999999999996,2.000067207174031,2.0000568697535988,2.000100887465451,2.0000502025286835
0_14,1.0001286472478248,2.000052487150372,1.000245982768822,1.0001778674191433,1.000102003153339
0_15,3.0000000000000004,3.0,3.0000000000000004,3.0000000000000004,2.000094925028136
1_0,1.0001135293851262,2.0000586859400253,1.0001028748475607,1.000178636079158,1.0001805389543026
1_1,3.0,3.000000000000001,3.0000000000000004,3.0000000000000004,3.0
1_2,2.9999999999999996,2.0000679890907853,2.0000500651704036,2.0000541019225913,2.0000577891130886
1_3,2.000054108586447,2.0000550076575836,2.000064401268691,2.0000546483359978,2.0000559591845164
1_4,2.000051970089153,2.00011744091996,2.0000596285526973,2.0000795565037506,2.000057883582057
1_5,2.000051537382631,2.000133283531234,2.0000515727565062,2.0000911911898434,2.0000890452027384
1_6,3.0,3.000000000000001,3.000000000000001,3.0000000000000004,3.0
1_7,2.0000999938423067,1.000103611530668,1.0001148104756172,2.000098733639628,1.0001009102084415
1_8,1.00010301585782,1.000100862349116,1.0001001490431671,1.0001002094643117,1.0001000113956464
1_9,2.000058690403638,2.000068440150759,2.9999999999999996,2.0000541019112306,2.0000538381112545
1_10,2.000051214482328,2.000134996182823,2.000050229629141,2.000050038506415,2.0000741347635387
1_11,3.999911033505755,3.9999401450999787,3.9999400889402232,3.9999479780284593,3.0
1_12,3.8570449261864543,2.9999999999999996,2.0000728553996066,3.0,2.0000508803868553
1_13,1.00012864631647,2.0000504305664366,1.0001313502138893,2.000123638451111,1.0001041947437537
1_14,2.000155833562525,2.0000698577057183,1.0003006050078687,2.0001450737073374,1.0001295590758144
1_15,3.0,2.000088933732693,2.000062980664062,2.0000736699032773,2.000070136901257
2_0,2.0000504216442,2.0000541468498376,2.000050610708359,2.000100831024131,2.0000500000420613
2_1,3.9993407122167537,3.0000000000000004,3.0000000000000004,3.0000000000000004,2.9999999999999996
2_2,3.0,3.0000000000000004,3.0000000000000004,2.9999999999999996,3.0000000000000004
2_3,3.0,3.0000000000000004,3.000000000000001,2.0001558306176657,2.0000827237120204
2_4,3.0000000000000004,3.0000000000000004,2.0001558619076936,3.0,3.0000000000000004
2_5,3.0,3.0,2.000360448938059,3.0,3.0000000000000004
2_6,3.0,3.999838891635431,3.9999110317176374,3.0000000000000004,3.0
2_7,3.0000000000000004,3.0000000000000004,3.0000000000000004,3.0000000000000004,3.0000000000000004
2_8,3.0,3.918400213206602,3.0000000000000004,2.000185889364622,2.0000803229493296
2_9,2.0000541203693647,2.000055631968824,2.0000501082006976,2.000132959295477,2.0000559225840355
2_10,3.0,3.0000000000000004,3.000000000000001,3.0000000000000004,3.9999153369710134
2_11,3.0,3.0,3.999911008462614,3.0,3.0
2_12,2.00005319886026,2.000069601653383,2.000052194673467,2.000115388503997,2.000062352642446
2_13,2.0000509291570334,2.0000500150846707,2.000052306615594,2.0000502024095574,2.0000566095074244
2_14,3.0,3.0000000000000004,3.0000000000000004,3.0000000000000004,3.0
2_15,2.00005064301729,3.0000000000000004,2.0000540221674554,3.0,2.0000554736628855
3_0,1.000113529575847,1.000108356136534,1.0003116611730067,1.000148658635526,1.0001109466706575
3_1,3.0000000000000004,2.0000540665630333,2.000050021098046,2.0000510356384127,2.0000811369220943
3_2,2.0001859532934563,3.0,3.0000000000000004,3.0000000000000004,3.0000000000000004
3_3,2.000054114176777,2.0000723208679156,2.0000501220395828,2.000053194134431,1.009189403927034
3_4,2.0000504425819106,2.000055346210776,2.0000641465081443,2.000050033077418,1.0001843294252586
3_5,2.0000643318458606,3.0000000000000004,2.000065644117236,2.0000511738107067,2.000050122093166
3_6,3.0000000000000004,3.0,3.0000000000000004,3.0,3.0
3_7,3.0000000000000004,2.0000549943008537,2.999999999999999,3.0000000000000004,2.000055918358315
3_8,3.9999354514156993,3.0000000000000004,2.000165011668137,3.9999257518705216,2.9999999999999996
3_9,3.0000000000000004,2.0000803213863607,2.00007361400791,2.00011419095358,2.0000593367933535
3_10,3.0,2.0001193045726318,3.0,2.0001701631641104,2.000150824579826
3_11,3.0000000000000004,3.0,3.0000000000000004,2.0006300378192297,3.0000000000000004
3_12,3.9998857311179,3.0,2.9999999999999996,3.0,3.0000000000000004
3_13,2.0000889450707704,2.0002356395191505,2.0000509137148708,2.0000999920485767,2.000064607467373
3_14,2.000132427471128,1.00011620573905,1.000107516595073,1.0001279187078447,2.001548360872764
3_15,2.000155864588207,3.0,2.000078897650982,3.0,2.0000510356324415
4_0,1.0001135288958376,2.000146770637923,1.0001054472274693,1.0001020179705846,1.0001002024317893
4_1,3.0,3.0,2.00005868594648,2.9999999999999996,2.000062236635708
4_2,2.0000611886303292,2.0000619940076145,2.000106798876059,3.0000000000000004,2.0001032162837626
4_3,2.0000889388852956,2.0000617971221675,1.000147407102147,1.000127917683272,1.0001293287423658
4_4,2.0000508170873372,2.0000651115944037,2.000050007718333,2.0000500036896836,2.000064391690208
4_5,2.0000504616485597,2.0000566979472314,2.000052250689347,2.000050033691155,2.0000529611661375
4_6,3.0000000000000004,2.000144591167535,2.000185889364622,3.0,2.0000972477498267
4_7,3.0000000000000004,3.0,3.0000000000000004,3.9999196785180637,2.9999999999999996
4_8,1.0001000340788524,1.000102363797866,1.0001008630875021,1.0001173807474144,1.0001002444249545
4_9,2.000050153240112,2.0000500159549093,2.000085674119782,2.0000777259106957,2.0000652479922536
4_10,2.000061166565873,2.000054284888547,2.000050011919819,2.000050178581824,2.0000557109680606
4_11,3.0000000000000004,2.0000665259224695,2.0000531962977357,2.000188197028218,3.0000000000000004
4_12,3.0,2.9999999999999996,3.0000000000000004,3.0,3.0000000000000004
4_13,2.0000508919612074,2.000063989808102,2.000050006764787,2.0000500040175067,2.0000789395201717
4_14,2.0000504971523156,2.0000648587512107,2.000068026918179,1.0008972649712347,1.0001074187349321
4_15,2.000050632819682,2.0000533488421945,2.000080861001079,2.000101255973054,2.0000500059898947
5_0,2.000050662905774,2.0000585112167606,2.0000500087493887,2.0000500088268813,2.0000725612370824
5_1,3.0000000000000004,3.0000000000000004,3.0,3.0,2.9999999999999996
5_2,3.0000000000000004,3.0000000000000004,3.0000000000000004,3.0000000000000004,3.0000000000000004
5_3,3.0,3.0000000000000004,2.0000736140189512,3.0000000000000004,2.0000552675236603
5_4,3.0,3.0000000000000004,3.000000000000001,2.9999999999999996,2.9999999999999996
5_5,3.0,3.0,3.0,3.0,3.0
5_6,3.0,3.000000000000001,3.000000000000001,3.0000000000000004,3.0
5_7,3.0000000000000004,2.0000643219426015,2.000077779029432,2.0002634161103057,2.0000896597701403
5_8,2.0000803936624987,2.0000552676189374,2.0000592143471376,2.000050810370645,2.0000531946052345
5_9,3.0000000000000004,3.7676860580868774,2.0000552675236603,2.00006115351924,2.0000509137148708
5_10,3.0,3.0,3.0,3.0,3.0000000000000004
5_11,3.0,3.0,3.0,3.0,2.9999999999999996
5_12,3.0,3.0000000000000004,3.0000000000000004,3.0,3.000000000000001
5_13,2.0000504232893177,2.000187235260935,2.0001330212490522,2.000050003659882,2.000050005048303
5_14,2.000051073741063,2.0000518307737107,2.0000823168289523,2.0000501074441694,2.00005790578885
5_15,2.000051553814071,2.00007421093156,2.000063624767734,2.0001004297349665,2.0000879797803326
6_0,2.0001324288376416,2.0001012273442322,1.000365057017065,2.0000500022949734,2.0001019473673987
6_1,1.0002284164539463,2.0000744332207088,1.00031755688104,2.0000500113715596,1.0002147559677808
6_2,3.0,3.0,3.0,3.0000000000000004,2.0000879580447446
6_3,2.000050354045142,2.0000524360323735,2.0000500497107216,2.000089632385228,2.000055305058626
6_4,3.0000000000000004,3.0,3.0,3.0000000000000004,2.000153135429436
6_5,3.0,3.0,2.000052277806563,2.000050379726987,1.0035091059102788
6_6,3.0,3.0,2.0001282576323858,3.0,2.0000823344882894
6_7,2.0001558610661463,3.0,2.0000567641913563,2.000116157168553,2.0000557434265342
6_8,2.0000509658528194,2.0000614595556385,1.000444614504351,2.0000500076110366,2.000089133370787
6_9,2.0000501980111767,2.0000544982191997,2.000100867568967,2.0001561110649564,1.002001039050458
6_10,2.0000525152811788,2.0000764712877253,1.0001398299487372,1.0001893113868041,1.0001100434224728
6_11,3.0000000000000004,3.0,3.0000000000000004,2.000337714106107,3.0000000000000004
6_12,3.0,2.00006115351924,2.000050107408344,2.0000552675236603,2.0000588211937194
6_13,2.0000643303393035,1.0001174149461491,1.0001133209668065,1.0001336327921815,1.0001039277339798
6_14,2.0000515742643508,2.000051002739012,1.0001071454955037,2.0001895877965747,2.00005007335336
6_15,2.000050223758665,2.000068979262814,2.000072079648737,2.000049999672546,2.0000689978404056
7_0,2.0000509553454786,2.000050806115323,2.000081164764764,2.0001565131899155,2.000050138459178
7_1,2.000050465027448,2.000053745049394,2.0000500239644188,2.0000688928886183,2.0000880148491933
7_2,3.0000000000000004,3.9991162935032887,3.0000000000000004,3.0000000000000004,3.0
7_3,2.0000502042750385,2.00005562954866,2.0000500113715596,2.0000500384765902,2.0000500050781063
7_4,2.000055286636524,1.000518472337661,2.000050553719008,2.000050044329331,1.0001422181885042
7_5,3.0,2.9999999999999996,3.977823802886351,3.0,3.0000000000000004
7_6,3.0000000000000004,3.0,3.0,3.0,3.0
7_7,2.000050164432587,2.000053523488007,2.0000915575207396,2.000110663309159,2.0000500585435605
7_8,3.9994757571017794,3.0,3.9925712648515845,3.0,3.0000000000000004
7_9,2.0000505849730374,2.0000502603711974,2.00005000790908,2.000050022587764,2.000065027428781
7_10,3.0000000000000004,3.0,3.0,2.000099992072572,2.0001642143399345
7_11,3.0000000000000004,3.99899167207559,3.0,3.0000000000000004,3.0000000000000004
7_12,3.0000000000000004,3.0,3.000000000000001,2.0001141908656606,3.0000000000000004
7_13,2.0000525234525863,2.000057754080857,2.0000912863138876,2.0000896748600665,2.0000531529518932
7_14,1.0001606492511574,1.000108490677082,2.000053194158208,2.000398938832615,1.0001047087637285
7_15,2.0000511881506204,2.000065527422039,2.0000501220395828,2.0000552675236603,2.000050806115323
8_0,2.000073619262356,2.000068750344926,2.0000502952846,1.0002419269474458,1.000119201619888
8_1,3.0,3.0000000000000004,3.0,3.0000000000000004,3.0
8_2,3.0,3.0,3.0,3.0,3.0
8_3,2.0000519645345984,2.000081881155954,1.0001660204171408,2.000059446848264,2.0000525567384893
8_4,2.0000511814935904,2.000055473263827,2.000050059842349,2.0000572659714946,2.0000921799973654
8_5,3.0,3.0,3.9990584636155915,3.000000000000001,3.0000000000000004
8_6,3.999947771892279,3.999896722816022,3.000000000000001,3.9999489908774994,3.0
8_7,2.000114197439218,1.0001102881510517,1.0001011731647165,1.0002001961536824,1.0001020316069673
8_8,1.0001003158964683,1.0001049764448813,1.0001001470051565,1.0001082040128915,1.0001000018602038
8_9,2.000050539528213,2.0000501219443603,2.0000779109692357,2.000050012879423,2.0000500040234663
8_10,3.0,3.0,3.0000000000000004,2.9999999999999996,3.0
8_11,3.999814028949799,3.0,3.0000000000000004,3.0,3.0
8_12,2.0000643550668613,2.0000643220017746,2.0000656593371335,2.9999999999999996,2.0000502956362927
8_13,2.0000519689689447,2.000069460804902,1.000113680287503,2.0000612120946237,1.0002002883478398
8_14,2.0000505397249557,2.0000559361077057,1.000165404545154,2.000101211869007,1.0001816650700643
8_15,2.0000643325804965,3.0000000000000004,2.000051708772582,2.0003388467672787,2.0000542623602184
9_0,2.0000506053445553,2.000053506025819,2.0000880593127097,2.000097643763298,2.0001575952632216
9_1,1.0001606538551353,2.000050026604912,1.000114331368406,2.0002359212942777,1.0001011472626806
9_2,2.0000643444400468,3.0,2.0000541019225913,2.0002244822868156,3.0
9_3,2.000053353449403,2.0000764743418626,2.0000500391861924,2.0000541019112306,2.0000605929179005
9_4,3.0,3.0000000000000004,2.0000643219908403,2.0000567642032756,2.0002270017638066
9_5,3.0,3.0,2.000054101929084,3.0,2.0001392436121264
9_6,3.0,3.999292715974879,3.0000000000000004,3.0,3.0
9_7,3.0000000000000004,3.0000000000000004,3.0000000000000004,3.0,2.9999999999999996
9_8,2.000054142653801,1.000111007556101,2.00006839026649,1.0001062326353058,1.0001002725677592
9_9,2.00005122736837,2.00005150778011,1.0004193413371376,2.00005915017708,2.0000789085097277
9_10,3.0,3.0,3.0000000000000004,3.0000000000000004,3.000000000000001
9_11,3.0000000000000004,3.0000000000000004,3.0000000000000004,3.0000000000000004,3.0000000000000004
9_12,3.0,3.0,2.001509455714963,3.0,3.0000000000000004
9_13,2.0000512055784454,2.000065709739483,2.0000847399089903,2.0000500171763695,2.0000612339183315
9_14,2.000050612234207,2.0000716256595426,2.0000500567078,2.0000501219678863,2.0000536008011003
9_15,3.0000000000000004,2.0000889337584815,2.0000658770332995,2.0002248657812913,2.0001445425697755
10_0,1.0000999970326754,1.0001049769704777,1.0001778716877088,1.0000999960671972,1.0001105416505898
10_1,2.0000612202592367,1.000142224101723,1.0001172023377896,2.0000531941465063,1.0001105738104108
10_2,2.9999999999999996,2.000050230904356,2.0000561993387573,2.0000653696385524,3.0000000000000004
10_3,1.0001779025311388,2.0000712441299084,1.00019030915082,2.000119292679694,1.0001124225169318
10_4,2.0000567805876126,2.000055267666245,2.000135654684983,2.000050807062929,2.0000521591698073
10_5,2.0000506112626026,2.000057489536236,2.000062978207988,2.0000501571972955,2.000052822663227
10_6,3.0,2.0000647773679416,2.0000567652880012,2.000594746280442,2.0001040506356036
10_7,3.0,3.0,3.0,3.0,3.0
10_8,2.0001002342017116,2.000064649877745,1.0001011133266988,1.0001778714209206,1.0001173722133714
10_9,3.0,3.9998932368754363,3.0,3.9999337707776585,3.0000000000000004
10_10,1.0001173790325748,1.0001509981197751,1.00011033481781,2.0000611535498156,1.0001016791004045
10_11,3.9998855747248676,3.0,3.0000000000000004,3.99994714087366,3.0
10_12,3.0000000000000004,3.0,3.0,3.0,3.0
10_13,1.0001001132246614,1.0001224612349229,1.0001002929861882,1.0001001463370347,1.0001004072985828
10_14,2.0000568170144355,2.000056409688782,1.0001069783175007,2.0000501573344294,2.000117871004486
10_15,1.0001000672272522,1.0001008611087685,1.000100189034063,1.000100669743044,1.0001018455121073
11_0,2.0000532103810706,1.000648236797374,2.000050711157006,2.0000505534087734,1.0001650634851549
11_1,2.0000567874598714,1.0002215626773086,1.0001600323481923,2.0000506302753474,1.0001165765797857
11_2,2.0000525730515286,2.000058771189326,2.0000621716486826,2.0000500649087436,1.0003916993158242
11_3,2.000073623202332,1.0001253515066564,1.0001281427846855,2.000220045282277,1.0001066544382666
11_4,2.0000643396242936,2.0000524663200823,2.0000592760024407,2.000050379780841,2.0000531832518496
11_5,2.00005047207868,2.0000501872889664,2.000139336452512,2.0000501583415433,1.0002349080752209
11_6,3.0,3.0000000000000004,3.0000000000000004,3.0000000000000004,3.0000000000000004
11_7,3.0000000000000004,3.0,2.0001636220016046,3.0,2.0001324236113325
11_8,3.0000000000000004,3.0000000000000004,2.0000829829708984,3.0,2.0001141911442617
11_9,2.000051958836665,2.0000533628064185,2.000081320313758,2.0000515077619805,2.0000574120685504
11_10,2.0000643549593944,3.0,3.0000000000000004,2.000056764263443,2.0000643787217647
11_11,2.0001000420571007,2.9999999999999996,3.0000000000000004,2.0001019854416064,3.0
11_12,2.0000567718688838,2.0000698614178476,2.0000605132738616,2.000420710513328,2.0000647671493517
11_13,2.0000507662375573,1.0002039836715442,1.000195595596524,2.0000756001368596,2.000163545258211
11_14,1.0001000257588468,1.0001003566271813,1.000100342656794,1.000177881986045,1.000103026001564
11_15,2.000050929383455,2.0000502603711974,2.0000620032623115,2.0000500500565526,2.0000620382185663
12_0,2.0000502137932847,2.0000550469156217,2.0000579699995944,2.000049998814327,2.0001389407449137
12_1,3.0,2.000274027689881,3.0,3.0000000000000004,3.0
12_2,3.9998996232606325,3.9999468040355244,3.9999480466046293,3.999949661379146,3.9993700449205822
12_3,3.0000000000000004,2.000056629144948,2.0000546625845996,2.000064321965756,2.000054783639634
12_4,2.0001000474040636,2.0000585021697095,2.0000665047610746,2.000050229539676,2.000055873354327
12_5,2.9999999999999996,2.000058646832503,2.0000665967153086,2.000050045032686,2.000056813885182
12_6,2.999999999999999,2.0000557993429906,2.0000812416202103,2.000050024947924,2.0000544330419383
12_7,2.0001142483802634,2.00007361399466,3.000000000000001,2.0000508061213176,2.000114877586838
12_8,3.0,2.000051376208858,2.0000557345224075,2.0000500232790714,2.0000614835757
12_9,2.0000519466130604,2.0000534594060775,2.000070414079959,2.0000560009221573,2.0000500051615533
12_10,3.0000000000000004,3.0000000000000004,3.0000000000000004,2.000155830882545,2.000593784978389
12_11,3.0,2.0000564782806958,2.9999999999999996,2.000248086782974,3.0
12_12,3.0000000000000004,2.0002481929657563,3.0000000000000004,3.0000000000000004,2.0000788956289886
12_13,2.0000506141355663,2.0001009836129118,2.000050064395892,2.0000500128913474,1.000387237027297
12_14,2.000051529569653,1.000123573220074,1.0001021512729382,2.0000501571376956,2.000286683990844
12_15,3.0,2.000061223137741,2.0000527493072777,2.000052194673467,2.0000530305509283
13_0,1.000102347955258,1.000114942845342,1.0001061060978513,2.000080321374313,1.000100245640808
13_1,2.000051525278472,2.000050015722396,2.000050057756663,2.000050044424774,1.0011477276264318
13_2,3.99972578249445,3.0000000000000004,3.0,3.0000000000000004,3.0000000000000004
13_3,2.0000736317116927,3.0,2.9999999999999996,3.0,2.0001028374824728
13_4,2.0000567741561643,2.000194615360631,2.000050073174486,2.9999999999999996,2.0000590198264185
13_5,2.00033781699546,2.0002359245965753,3.0000000000000004,3.0000000000000004,2.00006115351924
13_6,3.999867532467749,3.999945895913383,3.0,3.999937356088802,3.000000000000001
13_7,3.0,3.0,3.0000000000000004,3.0,3.0000000000000004
13_8,1.000136785166929,1.0001030601511043,1.0001000744503095,1.0001087448461479,1.0001000545090546
13_9,3.0,3.0,3.0000000000000004,3.0,3.0000000000000004
13_10,3.000000000000001,3.0000000000000004,3.0000000000000004,3.0000000000000004,3.0
13_11,3.0000000000000004,3.0,3.0,3.0,3.0000000000000004
13_12,3.0,3.0000000000000004,3.0,3.0000000000000004,3.0
13_13,2.0000643511576115,2.0000586863103176,2.0000502397015456,2.000137734058299,2.000056765496888
13_14,2.0000515344741148,2.0000500113775206,2.0000837575149286,2.000080785049325,2.0000647889538095
13_15,3.0,3.0000000000000004,2.0000736140012854,3.0,2.0000567641913563
14_0,2.0000507964249685,2.000058258734946,2.0000712554537046,1.0020558153691486,2.000050295397972
14_1,2.0000510093905945,2.0000505749725423,2.0000550678113926,2.0000500114132875,2.000059631598456
14_2,3.0,3.0000000000000004,2.000089049096492,3.000000000000001,2.000068390242555
14_3,3.0000000000000004,3.0,3.0,3.0,3.0
14_4,2.00005869315674,2.0000844755626135,2.000061662745877,2.0000703526844763,2.0000520790804526
14_5,3.0000000000000004,3.0,3.0,2.9999999999999996,3.0000000000000004
14_6,3.0,3.0000000000000004,3.0,3.0,3.0
14_7,3.0,3.0,3.0,3.0,3.0000000000000004
14_8,2.0000512115801525,2.000054332586868,2.0000501784031255,2.0000500180762697,2.0000543276818847
14_9,3.0000000000000004,3.0,3.0000000000000004,3.0,3.0000000000000004
14_10,3.0000000000000004,3.0,2.0007397926883534,3.0000000000000004,3.0
14_11,3.9995803459313577,3.0000000000000004,3.0000000000000004,2.9999999999999996,3.0
14_12,3.0,3.0,3.0,3.000000000000001,2.9999999999999996
14_13,3.0,2.000094219957917,2.000054946114443,2.0000506273668393,2.0000541019112306
14_14,2.0000541088129364,2.00005811247079,2.0000538179018617,2.000050014941589,2.000061530711223
14_15,2.0000505635053942,2.0000500082250086,2.0000505142756357,2.000050009577973,2.0000520089252056
15_0,3.0000000000000004,2.0000510356384127,2.0000504305664366,2.0000536196941496,2.0000502295814253
15_1,3.0,3.0000000000000004,3.0000000000000004,2.9999999999999996,3.0
15_2,3.0,2.000084854346804,2.000069504776725,2.0001596923646314,2.0000575219530323
15_3,3.0000000000000004,3.0,3.0,3.0,3.0
15_4,3.0,3.0000000000000004,3.0000000000000004,3.000000000000001,3.0
15_5,3.0,3.0,2.0014404381116133,3.0,3.000000000000001
15_6,3.9999109554000536,2.9999999999999996,3.0000000000000004,3.0,2.9999999999999996
15_7,3.9998857963751053,3.9998205390336996,3.0,3.0,3.0
15_8,2.0000684259893102,2.000052141034115,2.0001003919463747,1.0001503442517852,1.0001481535954624
15_9,3.0,3.0000000000000004,3.0,3.0,2.000073020603952
15_10,3.0,2.0001443026393972,2.0000515091451314,2.0000515095386464,2.0000524895223255
15_11,3.0,2.000263742115228,2.0000555765057353,2.000056765276081,2.000050918542542
15_12,3.9996622196120213,3.0000000000000004,3.0000000000000004,3.0000000000000004,2.0009378499272032
15_13,3.0,3.0,3.0,3.9999467996676104,3.000000000000001
15_14,3.0,3.0,3.0,3.0000000000000004,3.000000000000001
15_15,3.0,2.0000827331341635,2.0000686581166405,2.000050038250307,2.000051503680011
16_0,2.0000643273597447,2.000071100316876,2.000090313969698,2.0000501571257234,2.000050334871522
16_1,3.0,3.0000000000000004,2.000080321380738,2.000073614013799,3.0000000000000004
16_2,3.0000000000000004,3.0,3.0,2.000468700641965,3.0
16_3,3.999941297610534,3.0,3.0000000000000004,3.0000000000000004,3.0
16_4,3.0000000000000004,3.0000000000000004,3.0000000000000004,3.0,3.0
16_5,3.0,3.0000000000000004,3.0000000000000004,3.0,3.0000000000000004
16_6,3.999919630382927,3.0,3.0000000000000004,3.000000000000001,3.0000000000000004
16_7,3.9999496865966155,3.999893241013142,3.0,3.9999480596750594,3.999924871750912
16_8,3.0,2.0000549494880895,2.0000581780660607,2.000051341735976,2.000057552134425
16_9,3.9999496334807523,3.9998888501454752,3.9999432253964744,3.9999482874722947,3.9999482744322385
16_10,3.9999446925691178,3.0000000000000004,2.9999999999999996,3.0000000000000004,3.0
16_11,3.9998140243197513,3.9997082253206195,3.0000000000000004,3.999341042526569,3.0
16_12,3.0,3.0,3.0,3.0,3.0
16_13,3.0000000000000004,2.0000803213863607,2.000060911235292,2.0000626388375013,2.0000684488577924
16_14,3.0,3.0,2.000087198297301,3.0000000000000004,3.0000000000000004
16_15,3.0000000000000004,2.9999999999999996,2.00007361400791,2.0000736140012854,2.00005071116299
17_0,2.000068399874104,2.000081667906139,2.0000502295873916,2.0004734868518272,1.0001036639308405
17_1,2.000058709422104,2.0000504881702863,2.000089761189519,2.000050013749624,2.0000594462936534
17_2,2.000068396560391,3.0,2.9999999999999996,3.0,2.000053393768559
17_3,3.0000000000000004,3.0,2.0001468208655293,3.0000000000000004,2.000094700486947
17_4,3.0,3.0,3.0,3.9999444980398655,3.0000000000000004
17_5,3.9993405212941955,3.0000000000000004,3.0000000000000004,3.0,3.0000000000000004
17_6,3.0,2.000111201390959,3.0000000000000004,2.000100011361361,2.0003069378011773
17_7,3.0,3.0,3.0000000000000004,3.0000000000000004,3.0000000000000004
17_8,1.0001286670445677,2.0000633247155757,2.000138550981934,2.0000541026502354,2.0001862824868963
17_9,3.999943207438347,3.999943408426777,3.0000000000000004,2.9999999999999996,3.0
17_10,3.0,2.000062951888664,2.0000664225871096,2.000055267857794,2.000056417680886
17_11,3.9999376629835073,3.999902343897644,3.999795654964413,3.999939925683458,3.9999438357581703
17_12,3.0000000000000004,3.0,3.0000000000000004,2.000937320495223,2.0000531941403885
17_13,3.0000000000000004,2.0000736140888806,3.0,2.0001858980073925,2.000056764358235
17_14,3.0000000000000004,2.0000620472893873,2.0000573558182317,2.000050806115323,2.000069467563392
17_15,3.0,2.000091437323902,2.000056611951199,3.0000000000000004,2.000137704190313
18_0,2.000050563624871,2.0000523473794947,2.0000687806378967,2.0000500013830687,2.0000513305012717
18_1,3.000000000000001,3.0000000000000004,2.0002501385775626,3.0,3.0
18_2,2.0001324537167484,2.000057620733399,2.0000695076367463,2.000050034579424,1.0001288247437092
18_3,1.0001173767919356,2.0000616088751406,1.0001249889332229,1.000214717174657,1.0001051692517047
18_4,1.0001030163589728,2.000054864027296,1.0001139727603843,1.0002065745682918,2.0006634869432336
18_5,2.000051186696599,2.0000680403098663,2.000089380433943,2.0000500259849305,2.000084498113161
18_6,3.0,2.0000567641913563,2.0000552675236603,2.00005868594648,2.0001012100342015
18_7,3.0,3.0000000000000004,3.0000000000000004,3.000000000000001,3.0000000000000004
18_8,2.000061239390171,2.0000788417461486,2.0000870650213183,2.000050298198973,2.000324103493449
18_9,3.9998857993783465,3.0,3.0,3.9999447244308173,3.999944713411021
18_10,3.9999263795097373,3.9990536732063067,3.0000000000000004,3.9999477983120695,3.999938841568953
18_11,3.9999263795097373,3.9999263849114928,3.0000000000000004,3.99994895736451,3.99993567408946
18_12,3.9998138760601307,2.9999999999999996,3.0,3.0000000000000004,3.0000000000000004
18_13,1.0001779022180528,1.000140640182044,1.0001280641383168,2.000050107676559,1.000105502500188
18_14,3.0,3.0000000000000004,3.000000000000001,3.0,3.0
18_15,2.0000504765243776,2.000051299044196,2.000053056446089,1.0004687265164558,2.000081256149004
19_0,3.0,3.0,2.0002095434793707,3.0,2.000105271790257
19_1,3.9999458687715226,2.9999999999999996,3.9999458966942814,3.999948962800039,3.9998441679644463
19_2,3.999949612256327,3.999935594942667,3.999946802558049,4.9998527718104615,3.9999410994084537
19_3,3.0,2.9999999999999996,3.0,3.0000000000000004,3.0000000000000004
19_4,3.999943182914547,3.0000000000000004,3.0,3.999949192811837,3.0000000000000004
19_5,3.0,3.9992931246477497,3.0,3.0000000000000004,3.0000000000000004
19_6,3.9999458778430883,3.9999496644787276,3.999941311133959,4.999800015104974,3.9999310351170703
19_7,3.999949814874269,3.9999498897073864,3.999949724872238,3.999946378714463,3.0000000000000004
19_8,3.0,2.0005554701268373,3.000000000000001,2.000216223330664,2.0000890235003803
19_9,3.999948036430906,3.999940135319956,3.0000000000000004,3.999949913755269,3.999874653096323
19_10,3.9999195679508754,3.000000000000001,3.0000000000000004,3.999900007717461,3.0000000000000004
19_11,3.9999447185544184,3.999941228106625,3.999943233227635,4.99983935702167,3.999941219793731
19_12,3.9999426789232593,3.0000000000000004,3.0,3.000000000000001,3.0000000000000004
19_13,3.000000000000001,3.0000000000000004,3.0000000000000004,3.0,3.0
19_14,3.0,2.9999999999999996,3.0,3.0000000000000004,3.0000000000000004
19_15,2.000114217523052,2.0000619009076948,2.000072511271934,2.000052487150372,2.0000536798957502
20_0,1.000128646802729,2.000107664334169,2.000050553414839,1.000358897602014,1.0001279700812862
20_1,3.0000000000000004,3.0,3.000000000000001,3.0000000000000004,3.0000000000000004
20_2,3.0,3.0000000000000004,3.0,2.9999999999999996,3.0
20_3,3.000000000000001,3.0,3.0000000000000004,2.9999999999999996,3.0
20_4,3.0000000000000004,3.0,3.000000000000001,3.9995806023853016,3.0
20_5,3.0000000000000004,3.0000000000000004,3.0000000000000004,3.0,3.0
20_6,2.9999999999999996,3.0,3.0000000000000004,3.0000000000000004,3.0
20_7,2.9999999999999996,3.0,3.0000000000000004,3.0000000000000004,3.0
20_8,1.0001000035171133,1.0001475949188263,1.00010304755226,1.000100669743044,1.000100062316376
20_9,3.999945875846571,3.999919678474693,3.999949085832065,3.9998790426099977,3.0
20_10,3.0,2.000071614347811,2.0000630268762563,2.9999999999999996,2.0000588019244305
20_11,3.9999387867197456,3.999943977979492,3.999937327559459,3.9999388174493853,3.0
20_12,3.999947473585657,3.9999275015048608,3.9998610677987303,3.9999480486017003,3.999598162015658
20_13,3.0000000000000004,2.0002635206852117,3.0,3.0000000000000004,2.0001713825495964
20_14,3.0000000000000004,2.0000605471685375,2.0000533672104446,2.000067147738616,2.0000514538791263
20_15,2.0000525034150374,2.000055974841147,2.0000892799536,2.0000615101262738,2.0000556931238695
21_0,1.0005481536881577,2.0000557038698594,2.0000602165295005,2.0000502295336786,1.0001358968124527
21_1,3.0000000000000004,3.0,3.0000000000000004,3.0000000000000004,3.000000000000001
21_2,3.999949383778768,3.999945462915446,3.0,3.9999497391346757,3.0
21_3,2.00005528677971,2.0000500133382766,1.0001016461777896,2.000087954318303,1.0001007000922426
21_4,1.0001006698503236,1.0001001918940253,1.0001018320428483,1.0001000513143017,1.0001000500985913
21_5,3.9993397031356452,3.0000000000000004,3.0000000000000004,3.0000000000000004,3.0000000000000004
21_6,3.9999483884332436,3.999861060949965,3.999947803020514,3.9999499121221502,3.999948819185914
21_7,3.9999467806013587,3.999944316239168,3.999947512527789,3.999949877215443,3.999896741479112
21_8,2.000132548992343,3.000000000000001,3.0,2.0000683902364,2.0000664514105972
21_9,3.0000000000000004,3.0000000000000004,3.0000000000000004,2.9999999999999996,3.0
21_10,3.0,3.0000000000000004,3.0,3.0,3.0
21_11,3.9999488109254635,3.999934546105702,3.99994015696028,3.999949683175627,3.0
21_12,3.0000000000000004,3.0,3.0,3.000000000000001,3.0000000000000004
21_13,3.0000000000000004,3.0000000000000004,3.0,3.0000000000000004,3.0
21_14,2.000052539019354,2.00007237002597,1.0003918627020718,2.0000500076944885,1.0001371542593138
21_15,2.0000567712665642,3.0000000000000004,2.000052402840993,2.000228593819262,2.000053128379632
22_0,2.0000525045058137,2.0000527746913224,2.000076895517677,1.2976573020503603,2.0000740589913835
22_1,3.0000000000000004,2.9999999999999996,3.0,3.0,3.0
22_2,3.000000000000001,3.0,2.0001184189269656,3.0000000000000004,2.0000565861624406
22_3,3.0,3.0,2.0000736267346504,3.0000000000000004,2.0000803632082644
22_4,2.0000504941543578,2.0000532399781195,2.0000535943996773,1.000160801009308,2.0000538335515565
22_5,2.00005259866113,2.0000745362164922,2.0000555024369335,2.0000500241731194,2.0000600709268075
22_6,3.0,3.999405875440926,3.0000000000000004,2.001055096353332,2.9999999999999996
22_7,2.000068443244154,2.0000703721709576,2.000159321829248,2.0000508061213176,2.0000583770639837
22_8,2.000053353401921,2.000054208863452,2.0000829216317455,1.0001509932882044,1.0001087453350448
22_9,3.0,3.0,2.00044293896829,3.0,3.0000000000000004
22_10,2.000073672684941,2.0000594149508397,1.0002421270262947,2.0000500685796503,1.000108001651038
22_11,3.9999315701118796,3.0,3.0000000000000004,3.0,3.0
22_12,2.000050407786812,2.0000505023731736,2.0000592822240812,2.0000558555106847,2.0000619955140126
22_13,3.0,3.0,2.0000612164198106,3.0,2.0000730335917924
22_14,2.0000611726085213,2.0000592053535877,2.000050008254813,2.0000500129867316,2.0000529175874964
22_15,2.000051192674439,2.0000529852619957,2.0000740106258292,2.0000500010314233,2.000052115412598
23_0,2.000050434255923,2.0000578767282065,1.0041161164250996,2.000050009548168,2.0000576989395817
23_1,3.0000000000000004,2.0001111746192692,2.000051330387887,2.0000509137624225,2.0000656660429112
23_2,2.0000527513095947,2.000050085749761,2.0000596006961118,2.0000500500565526,1.0004335432903495
23_3,2.0000503587534766,2.0000519313080636,2.0000600674333517,2.000050050169727,2.0000675594010504
23_4,3.0,3.0,2.0001510697487364,2.000056764323043,2.000059324694016
23_5,3.0,2.0000847768263834,2.000115765754135,2.9999999999999996,2.0000553219130053
23_6,3.0,3.0,3.0,3.0,3.0000000000000004
23_7,3.99991963104352,3.0000000000000004,3.0,3.9999000077604543,3.0000000000000004
23_8,3.0000000000000004,2.000081147378204,2.0000855234907906,2.000051118769531,2.0001522571841885
23_9,2.000419517119932,2.000896745816591,3.0,3.0,2.0000795600335257
23_10,2.000054660475577,3.0000000000000004,2.0000598499289186,2.0000502093170547,1.0011162821944573
23_11,3.999919618655291,3.0,3.0,3.0,3.0000000000000004
23_12,3.0,2.9999999999999996,3.0,3.0,3.0
23_13,3.0,2.0000524871623386,2.00006499686816,2.000050488235918,2.000050711258475
23_14,2.000053209516765,2.0001033367045182,1.0001649858247297,2.0000501571436597,1.0001726244514149
23_15,2.0000510550564434,2.000052820988529,2.000091872284892,2.0000500064429074,2.000050010102552
24_0,3.99994904013706,3.9999497181076076,3.9999486240417963,3.999949778661528,3.9999458765490674
24_1,3.0000000000000004,2.9999999999999996,3.000000000000001,3.000000000000001,2.000094240762412
24_2,3.0,3.0000000000000004,3.0000000000000004,3.0,3.0000000000000004
24_3,3.0,2.0023433901310663,3.0000000000000004,3.9999263735672015,2.9999999999999996
24_4,2.9999999999999996,3.9999373598740693,3.0,3.0000000000000004,3.0000000000000004
24_5,3.0,3.0000000000000004,3.000000000000001,3.0000000000000004,2.0000643815285932
24_6,3.0,2.9999999999999996,3.0,3.9999458885999553,3.9998519455139765
24_7,3.0,3.0,3.0,3.0000000000000004,3.0000000000000004
24_8,3.0,3.0000000000000004,2.000052831757839,2.000054150103479,2.000072098686388
24_9,2.0000513815784506,2.0000524913937943,2.000061177925615,2.0006987475729683,1.000100820735306
24_10,3.0,3.0000000000000004,3.0000000000000004,3.999825776925188,3.0
24_11,3.9999493197389495,3.9999296629241745,3.999949611339122,3.9999471683494576,3.9999496173585545
24_12,3.0,3.0000000000000004,3.0,3.0,3.0
24_13,3.0000000000000004,3.0000000000000004,3.998946571452228,3.999947180960395,3.0000000000000004
24_14,2.000050254262148,2.0000688348774394,2.0000500067588254,2.000274782494401,2.0000583074934886
24_15,2.0000567692041953,3.0000000000000004,2.0000643219290946,3.0000000000000004,2.0000574696239264
25_0,3.000000000000001,3.0000000000000004,2.0001202428811116,2.0000552675236603,2.0000581265240123
25_1,3.0000000000000004,3.0,3.934625680175964,3.0,3.0000000000000004
25_2,3.0,3.0000000000000004,3.0,3.0000000000000004,2.9999999999999996
25_3,3.0,3.0,2.0001862472322127,3.0000000000000004,2.0000566825281862
25_4,3.0000000000000004,3.0,3.0000000000000004,3.000000000000001,3.000000000000001
25_5,3.0000000000000004,3.0000000000000004,3.0000000000000004,3.0,3.0
25_6,3.0000000000000004,3.0,3.0,3.0,3.0
25_7,2.9999999999999996,3.0000000000000004,3.0,3.0000000000000004,3.0
25_8,2.0000588232312255,2.000184357961051,1.000108208983683,1.0001019452348707,1.0001010561587163
25_9,3.0,3.0,3.8557977031488333,2.000088933745143,2.000098735545055
25_10,3.0000000000000004,3.0000000000000004,3.0,3.0,3.000000000000001
25_11,3.0000000000000004,3.0,3.0,3.9999110647573075,3.0000000000000004
25_12,3.0,3.0000000000000004,3.0000000000000004,3.0000000000000004,2.0001324225467636
25_13,3.0000000000000004,3.0,3.0,3.0000000000000004,3.0000000000000004
25_14,3.0000000000000004,3.0,2.000321978537442,3.0,3.0
25_15,3.0000000000000004,3.0,2.0001192669296417,3.0,2.0001052751945148
26_0,2.000068401142863,2.0000689966440595,1.0001310522939098,1.0005480488045795,1.00012004625974
26_1,3.0000000000000004,3.0,3.0,3.0000000000000004,3.0
26_2,3.9997258155558333,3.0000000000000004,3.0,3.0000000000000004,3.0
26_3,2.9999999999999996,2.000182616513883,3.0000000000000004,2.9999999999999996,2.000070337528069
26_4,3.0000000000000004,3.0,2.00009262226031,2.000068390248709,2.0000920329298704
26_5,3.0,3.0,3.0,3.0000000000000004,3.0000000000000004
26_6,3.999949805600913,3.9999483182136677,3.999942698119432,3.999946805668546,3.0
26_7,3.0,3.0000000000000004,3.000000000000001,3.0000000000000004,3.0000000000000004
26_8,2.000057011715113,2.000052157501124,2.0000563401070397,2.0001012939278295,2.0000521853100865
26_9,3.0,3.9996696777435354,3.0000000000000004,3.0,3.0000000000000004
26_10,3.999946771191046,3.000000000000001,3.999871481548511,3.0000000000000004,3.0000000000000004
26_11,3.999949584369644,3.0,3.9999110599701355,3.9997755079273007,3.0000000000000004
26_12,3.9999431748627936,3.999926337694198,2.9999999999999996,3.0,3.0
26_13,2.0000520614624815,2.000052723125115,2.0000567671952605,2.0000501800837864,2.0000623817090886
26_14,2.0001324330206915,2.00006115351924,1.0001176739865871,2.0000999920025837,1.0001027029616052
26_15,3.0000000000000004,3.0000000000000004,2.9999999999999996,3.0,3.0000000000000004
27_0,2.0000504762505797,2.0001016166031724,2.0000500294237096,2.000191221495131,2.00005020232615
27_1,2.000056812454692,2.000070205683501,2.000089594024566,2.000050711187026,2.000061678014093
27_2,3.0000000000000004,2.0001435973957373,2.000068390303418,3.0,3.0000000000000004
27_3,2.000050926028118,2.000052105006102,2.000069820854987,2.0000500448061866,2.0000725368692702
27_4,2.0000506328019614,2.0000593332233354,2.0000500148998577,2.0000500233506244,2.0000552696279734
27_5,2.0000504234860115,2.000050031604916,2.00005026235535,2.0000500430417785,2.000070418218083
27_6,2.000053251724505,2.0000501393771595,2.0000511751877563,2.0005252354975234,2.000050488492136
27_7,2.0001860529576962,3.000000000000001,3.0,3.0,3.0
27_8,2.0000509863313747,2.0000525375595863,1.0001136918988724,2.0001468357374894,2.000069947019853
27_9,2.9999999999999996,2.0000567641913563,2.000065277924199,2.000050430584238,2.000064936667889
27_10,2.0001559593552702,3.0,2.9999999999999996,3.0,2.0000643228417827
27_11,2.0001559593552702,3.0000000000000004,2.9999999999999996,3.0,2.000064322669406
27_12,2.0001324468644963,3.0,2.0001185282617984,2.0000683902719603,2.0000751894156785
27_13,2.0000567744547832,2.0000558620542486,2.0000611091547325,2.00006795297838,1.000130287815614
27_14,2.000080341971637,2.000065463829779,2.0000541019112306,2.0000536196941496,2.000059746113185
27_15,2.000050441550816,2.0000811140088826,2.000050001698955,2.000049999612947,2.0000499992195957
28_0,1.000838949530122,2.000086552369729,2.0000825521843955,2.0001111962217863,1.0001539867668823
28_1,3.0,3.0000000000000004,3.0,3.0,3.0000000000000004
28_2,2.000050973899106,2.000051596488992,2.000050057280054,2.0000744807810062,2.0000572986673166
28_3,3.0000000000000004,2.0000761579807746,2.0000559835905865,2.0000502310890482,2.000101689596357
28_4,2.0000512985254844,2.000275612333957,1.0001346120435388,2.0001076951709935,1.0002033055582624
28_5,3.0,2.0005242762271447,3.0,3.0,3.0000000000000004
28_6,3.0,3.0,2.0003877494787345,3.0,3.0000000000000004
28_7,2.0000541543585766,2.000058733797473,3.0000000000000004,2.0001125810308453,2.000052603799212
28_8,2.000061228918419,2.0000577181187027,2.0000500137734707,2.0001645978487312,2.000186563253733
28_9,2.00006435348061,2.000080409885729,2.0000890640978977,3.0000000000000004,3.0
28_10,2.0000508127130634,2.0000523477784706,2.000050057375339,2.0000501571972955,2.0000572986673166
28_11,3.998656613802393,2.0015344936814206,3.0,2.9999999999999996,3.0
28_12,3.0000000000000004,3.0,2.000080495319277,2.00007361400791,2.000054451261844
28_13,3.0,2.0000845083120087,2.0000565155726306,2.0000574728898677,2.0000518533917844
28_14,2.000114207090711,1.0001076499516943,1.0001142298244594,1.0001128910978894,1.000100250122761
28_15,2.000052547077543,2.0000531711533807,2.000070248826594,2.000050004261518,2.000054384439097
29_0,2.0000504051943597,2.000051577494672,2.0000499999586223,2.0000499988620053,2.0000500043807268
29_1,3.0000000000000004,3.0,3.0,3.0000000000000004,2.000123628956982
29_2,3.9998855451482522,3.9999478053025252,3.999867576322463,3.0000000000000004,3.000000000000001
29_3,3.0000000000000004,3.0,3.0000000000000004,3.000000000000001,2.0001947837884546
29_4,3.0,3.0,3.0,3.0,3.0000000000000004
29_5,3.000000000000001,3.0,3.0,3.0,3.0
29_6,3.0,3.0,2.9999999999999996,3.0,3.0000000000000004
29_7,3.0,3.0000000000000004,3.0000000000000004,3.0000000000000004,3.0
29_8,3.0,2.0000701159823104,2.000051936564754,2.0000552675236603,2.000065216941264
29_9,3.0,3.9999423348778316,3.0,3.0,3.0
29_10,3.0,3.000000000000001,3.0,3.0000000000000004,2.9999999999999996
29_11,3.0,3.000000000000001,3.0000000000000004,3.0000000000000004,3.0000000000000004
29_12,3.0000000000000004,3.0000000000000004,3.0000000000000004,3.0,3.0
29_13,3.0,3.0,3.0000000000000004,3.0,3.9997522881894203
29_14,3.0000000000000004,3.0,2.000138970269677,2.0000643219290946,2.9999999999999996
29_15,2.0000506947611965,2.0000525092677783,2.000065491804365,2.000050001186385,2.000050229545663
30_0,2.0001000160216256,2.0000599980196516,2.000055978346244,2.0000541019112306,2.0000509716756105
30_1,3.9998675766879135,3.0000000000000004,3.0,3.9999110654634,3.0
30_2,3.0,2.0060308464436236,3.0,3.0,3.0
30_3,3.9998656381853945,3.0000000000000004,3.0000000000000004,3.9999373611199065,3.0000000000000004
30_4,3.0,3.0000000000000004,3.0000000000000004,3.0000000000000004,3.0
30_5,3.0,3.0000000000000004,3.0,3.0,3.000000000000001
30_6,3.9998437109673493,3.0000000000000004,3.0,3.0,3.0
30_7,3.0,3.0000000000000004,3.0000000000000004,3.0,2.0004736620079795
30_8,2.0000539083168687,1.000108340365396,1.0001015247040255,2.0000511741387186,1.000107332077472
30_9,1.0005482941671373,2.000055476166357,1.000269491382411,2.0000552675358185,1.0001190211069146
30_10,3.0,3.0000000000000004,3.0,3.0000000000000004,3.0
30_11,3.999724454313908,2.9999999999999996,3.0000000000000004,3.999900007361517,3.0
30_12,3.0000000000000004,2.9999999999999996,2.0000620589696885,2.000051708772582,2.000051224400207
30_13,3.999661863128312,3.0,3.0000000000000004,3.9998675775273855,3.0
30_14,2.000050507069822,2.0000500832889117,2.000052614491466,2.0000500100369787,2.0000500297813346
30_15,2.0000643337667396,2.9999999999999996,2.0000502296053533,2.0000511738107067,2.0000525111808556
31_0,1.0002284088485,1.0001011989480049,1.0001003291634099,1.0001224796866433,1.0001107576467787
31_1,3.999919636552269,3.000000000000001,3.0000000000000004,3.9999263853075173,3.0
31_2,3.0,3.0000000000000004,3.0,3.0000000000000004,3.0000000000000004
31_3,3.0,3.0,3.0000000000000004,3.0,3.0
31_4,2.9999999999999996,2.0000737055173947,2.0000592429781006,2.000174244258673,2.0000549811289066
31_5,3.0000000000000004,3.0,3.0000000000000004,3.0,3.000000000000001
31_6,2.000132519742459,2.000051173912129,2.0000643220307186,2.000337697427949,3.0000000000000004
31_7,3.000000000000001,3.0,3.0,3.0,3.0
31_8,2.00005345955501,1.0001030354301341,1.0001001081944103,1.0001034606962136,1.0001006250062827
31_9,3.0000000000000004,3.000000000000001,3.0000000000000004,3.0,3.0000000000000004
31_10,1.0001286483901588,1.0001009539315584,1.00010173189246,2.0003766126365345,1.0001001108167238
31_11,3.999941290876126,3.0,3.996753953443982,3.9998947367672715,3.0000000000000004
31_12,3.0000000000000004,3.0,3.0,3.0,3.0
31_13,3.0,2.0000527365941787,2.0000576964061936,3.0,2.000051515754112
31_14,2.000050465367216,2.0000512369339933,2.0000582065015595,1.0007360640335294,2.000064785074564
31_15,2.00005066297138,2.0000507210323475,2.000050811383773,2.0000687318731436,2.0000517928024277
32_0,2.0000504385764852,2.000050011073494,2.0000500081832824,2.000049999809624,2.000050000971822
32_1,3.0000000000000004,3.0000000000000004,3.0,3.0,3.0000000000000004
32_2,3.0,3.000000000000001,3.0000000000000004,3.0000000000000004,3.0
32_3,3.0,3.0,3.000000000000001,3.0000000000000004,2.9999999999999996
32_4,3.9999196174030205,3.0,3.0,3.999911058802428,3.000000000000001
32_5,2.0000567686915955,2.000051119884398,2.0000529400742044,3.0,2.000053724767702
32_6,3.000000000000001,3.0,3.0000000000000004,3.0,3.0
32_7,3.999949780592589,3.99979416645153,3.999947511884421,3.9999499301925576,3.999775182438571
32_8,3.0,3.0,3.0,3.0,3.0
32_9,3.0000000000000004,3.0000000000000004,3.999885805818492,3.0000000000000004,3.9997522577745714
32_10,3.0000000000000004,2.9999999999999996,3.999937358824891,2.9999999999999996,3.0000000000000004
32_11,3.0000000000000004,2.9999999999999996,3.999937358824891,3.0,3.0000000000000004
32_12,3.0000000000000004,2.0000585414986354,3.0,2.000182473948633,2.000050945731606
32_13,3.000000000000001,3.0000000000000004,2.0001558521366767,2.9999999999999996,3.0000000000000004
32_14,2.0000611705232845,2.0000692453896627,2.0000592349741093,2.0000501783195714,2.0000515631969713
32_15,3.0000000000000004,3.0,3.0,3.000000000000001,3.0000000000000004
33_0,3.0000000000000004,3.0000000000000004,3.0,3.0000000000000004,3.0
33_1,3.9999497871782537,3.999944981877005,3.999942334847847,3.9999498615051503,3.0000000000000004
33_2,3.999949281006108,3.9999238962013233,3.999949372538036,3.9999492887476102,3.0000000000000004
33_3,3.999948479876832,3.999946798266887,3.999949288771393,3.9999492887476102,3.0
33_4,3.0,3.0,3.0000000000000004,3.0000000000000004,2.000224476877829
33_5,3.0000000000000004,3.0,3.0000000000000004,3.000000000000001,3.0000000000000004
33_6,3.9999492820127283,3.999946798266887,3.999949569338153,3.9999492887476102,3.0000000000000004
33_7,3.0000000000000004,3.999913215909496,3.0000000000000004,3.9997755217979907,3.999662347943275
33_8,3.999949284826218,3.9999443133848724,3.0,3.9996435728315056,3.0
33_9,3.0,3.99989990687249,3.0,3.0000000000000004,3.000000000000001
33_10,3.999948479876832,3.999946798266887,3.999949288771393,3.9999492887476102,3.0000000000000004
33_11,3.9999499120684283,3.9999496217089834,3.9999310504150785,3.999931345934533,3.999944018310499
33_12,3.999948053452494,3.9999432210453,3.999661767211233,3.9999263858669543,3.999911065901815
33_13,3.000000000000001,2.0001032728777655,2.000224933126559,2.999999999999999,2.000114333990244
33_14,3.0000000000000004,3.0000000000000004,3.000000000000001,3.000000000000001,3.0
33_15,3.9999196738338796,3.9996961522973593,2.9999999999999996,3.9998441691486177,3.0
34_0,2.0000803279508736,2.0000575016942745,2.000067255597519,2.0002200219848167,1.000124664092372
34_1,2.0000519750961923,2.0000536024222115,2.0000525254725923,2.0000517087905756,2.000054740407187
34_2,3.0,3.0,3.0,3.000000000000001,2.000088933887427
34_3,2.9999999999999996,2.0011868772206727,3.0,3.0,2.0002617018351785
34_4,2.0000505006925,2.000052748997178,2.0000501410043787,2.000089723608101,2.000055760781725
34_5,3.0,3.0000000000000004,2.0000680758356064,3.0000000000000004,2.0000812988372303
34_6,3.0,2.00007714111683,2.0000524875735075,2.9999999999999996,2.000051936928089
34_7,3.0000000000000004,3.0,3.0,3.0,3.0000000000000004
34_8,2.0000505005852416,2.0000514432047134,2.0000540866540577,2.0000500342454375,2.0000655746313774
34_9,3.9982948876459883,3.0000000000000004,3.0000000000000004,3.0000000000000004,3.9996240650165023
34_10,2.0000532476896278,2.000119285284483,2.0000567641976,2.0000889337744887,2.000067936464634
34_11,3.0000000000000004,3.0000000000000004,2.0000987713996072,2.9999999999999996,2.000194796233596
34_12,3.0,2.0000553312345675,2.0000561591638606,2.000050334889511,2.0000510111066623
34_13,2.0002741830735475,3.0000000000000004,3.0000000000000004,2.0003603849464664,3.0000000000000004
34_14,3.0,2.0000673878741972,2.0000506273842036,2.00006115351924,2.000051330358322
34_15,2.0000683934383305,2.999999999999999,2.000052487150372,2.0001570349464735,2.0000643219348837
35_0,1.0001606472624602,1.0001591058559864,1.0001851335265441,1.0016631560349625,1.0001056820520149
35_1,3.999949593184346,3.999829844917348,3.9999413097571663,3.9999498952678443,2.9999999999999996
35_2,3.0000000000000004,3.0000000000000004,3.0,2.000068390390953,3.0
35_3,3.0,3.9937966733152965,3.0,3.9999315267782594,3.0000000000000004
35_4,3.9999464403344307,3.000000000000001,3.0,3.9999401274296487,3.0000000000000004
35_5,3.9999386646004984,3.0000000000000004,3.0,3.9999401274296487,3.0
35_6,3.0000000000000004,3.0000000000000004,3.998946314706276,3.0000000000000004,3.0000000000000004
35_7,3.0,3.000000000000001,3.0,3.0000000000000004,3.0
35_8,2.0000509863850096,1.0001797809923634,1.0001008222256897,2.000050430864571,1.0001064659609638
35_9,2.9999999999999996,3.0,3.0000000000000004,3.0,3.0
35_10,3.0,3.0000000000000004,2.000052487264002,2.0000611536922963,2.9999999999999996
35_11,3.0000000000000004,3.0,2.0013400178531837,2.9999999999999996,3.0000000000000004
35_12,3.999949751221515,3.9999213498479054,3.999938845360473,3.999825779154918,3.0000000000000004
35_13,3.000000000000001,3.0,3.0,3.0000000000000004,3.0
35_14,2.0000506626318515,2.0000553966544046,2.000050011222527,2.000133641345648,1.0002106182462143
35_15,3.0000000000000004,3.0,2.9999999999999996,3.0000000000000004,3.0
36_0,1.0001063889239756,1.000114061187912,1.0001037989858583,1.0001711968570013,2.0006594344137034
36_1,2.0001559105848967,3.0,2.0002740598829667,3.0000000000000004,3.0
36_2,2.0000736314392715,3.000000000000001,3.0,3.0,3.0
36_3,3.000000000000001,3.0000000000000004,2.000291820801833,3.0000000000000004,2.0000717056424144
36_4,2.9999999999999996,3.0000000000000004,3.0,3.0,3.000000000000001
36_5,3.0000000000000004,3.0,3.000000000000001,3.0000000000000004,3.0
36_6,3.0000000000000004,2.0000920221247935,2.000155833484618,3.0,2.000059411578109
36_7,3.0000000000000004,2.0000608799224846,2.000058768084084,2.0000643219348837,2.0000578256768864
36_8,2.000053337369116,2.0000567990815177,2.000062741150567,2.0002265990847943,2.000060750571148
36_9,3.0,3.0000000000000004,3.0,3.0,3.0
36_10,3.0000000000000004,3.0,3.0000000000000004,3.0000000000000004,2.000155835401143
36_11,3.0,3.0,3.0,3.0,3.0000000000000004
36_12,3.0,2.9999999999999996,3.000000000000001,3.0000000000000004,2.000185886539545
36_13,2.000080345797367,2.0000712147309243,2.000055434641532,2.0000513303524197,2.000059297141844
36_14,2.0000519957234566,2.0000560982958904,2.0000653788597615,2.000050033899709,2.0000736951594225
36_15,2.9999999999999996,2.0000710982302308,2.000052487150372,2.0002356374694816,2.0000510356384127
37_0,2.0000505161352273,2.0000795799446482,2.0000827210187584,1.0003932786769159,1.000105378461035
37_1,2.9999999999999996,2.000057884934749,2.0000771701471587,2.0002766237783,1.0001396976627128
37_2,2.0000611841951432,2.0000536915357086,2.000081414311284,2.0000500497107216,2.000074565420779
37_3,2.000052506472062,2.000050016103954,2.000117450156184,2.0000500212411447,1.0001059519180946
37_4,2.000050605547019,2.000054121591093,2.0000583016166633,2.0000502027134717,2.000050092151108
37_5,3.0000000000000004,2.000060667261933,3.0,2.0008369273254707,2.0000505563239015
37_6,2.0017137113807513,3.0,3.0,3.0,3.0000000000000004
37_7,3.0,3.0000000000000004,3.0,3.995464328287739,3.0
37_8,1.0001030161087567,1.0001005510901213,1.000103346395778,1.0001004472071309,1.0001009847800855
37_9,3.0000000000000004,2.000080321374313,2.0001714821381253,3.0,2.000052487150372
37_10,3.0000000000000004,3.0,3.0,3.0000000000000004,3.0
37_11,3.0,3.0,3.0,3.0,3.0
37_12,2.000061164247206,2.000061575910053,2.0000751318971863,2.0001150866809523,2.000056586495719
37_13,2.0000506349059664,2.000057884934749,2.0001285782781717,2.0002248879051923,1.0001082245147113
37_14,1.0001023493262642,1.0001142039600839,1.0001002882071117,2.0001324220356675,1.0001173718800502
37_15,2.0001142038875397,1.0001829867212295,1.0001174169127733,2.0000500195781923,2.000126866925544
38_0,1.000117373524365,1.0001799668912807,1.0001014436263447,2.000224476810498,1.0001030558972508
38_1,3.0,3.0000000000000004,3.0,3.0,3.0
38_2,2.000058720905663,2.0000815434224015,2.000055282954167,2.000050014977359,2.000056974270146
38_3,2.0000512084211883,2.0000536166725733,2.000073923307085,2.0000500831876074,2.000064867548143
38_4,3.0000000000000004,3.9998372043455865,3.0,3.9999413138334576,3.0000000000000004
38_5,3.0,2.9999999999999996,2.9999999999999996,3.9999316076887235,3.0
38_6,3.999867406232447,3.0,3.0,3.0,3.0000000000000004
38_7,3.000000000000001,3.0,3.0000000000000004,3.0,3.0
38_8,1.0001011083556337,1.000215068537172,1.000100669743044,1.0001023475977717,1.000101827441757
38_9,3.0000000000000004,3.0,3.0,3.0000000000000004,3.0000000000000004
38_10,2.0001142385619346,2.0000524757849387,2.000054522732582,2.000051936660158,2.0000612374826874
38_11,3.0,3.0,2.9999999999999996,3.9998675660245646,3.0
38_12,3.999931557352636,3.0,3.0,3.0,3.000000000000001
38_13,3.0000000000000004,3.0000000000000004,3.0000000000000004,3.0000000000000004,3.0
38_14,3.0000000000000004,2.0002683365867235,2.0000768986087487,2.0000524871564607,2.000051330358322
38_15,3.0,3.0,2.000053194134431,2.0000608928486434,2.0000530914713965
39_0,2.000054115344739,2.0000525836422547,2.0000743013805686,2.000080779375549,2.00005141610451
39_1,3.0000000000000004,3.0000000000000004,2.0001390165215347,3.0,2.000114366403272
39_2,2.000064354984491,2.000052487281428,2.000134431868145,2.000055268411998,2.0000633021935883
39_3,2.0000508635862007,2.000053049937694,2.0000547475827153,2.000052818586281,1.001423184364516
39_4,2.0000612077728013,2.0000552676126375,2.0000700331273076,3.0,2.0000667545447013
39_5,3.0000000000000004,2.000062934867744,2.0000586861729976,3.0000000000000004,2.0000552677856174
39_6,3.0,2.000059516816975,2.0000510382191936,2.0000976903859153,2.000052714775155
39_7,3.0000000000000004,3.000000000000001,3.0000000000000004,3.0000000000000004,2.002132376676856
39_8,2.0000523165864474,2.000065554844322,1.0001070093929636,2.000050061189454,1.000169141987838
39_9,3.0,3.0,3.0000000000000004,3.0000000000000004,3.000000000000001
39_10,2.0000553153574847,1.0002829911098348,2.0000575807004433,2.000069931231979,2.000103010599794
39_11,3.0,3.0,3.0,3.0,3.0000000000000004
39_12,3.9999110489701346,3.0000000000000004,3.0,3.0000000000000004,3.9935810079591465
39_13,3.0,3.0,3.0000000000000004,3.0,3.0000000000000004
39_14,3.0,3.0000000000000004,3.0000000000000004,3.0,2.0002244869777015
39_15,3.0,3.0,3.000000000000001,3.0,3.0000000000000004
40_0,2.000051953788643,2.0000535666327663,2.0000571090305366,2.00005000029834,2.0000530841947977
40_1,3.000000000000001,3.0,3.0000000000000004,3.0,3.0
40_2,3.0,3.0000000000000004,3.0000000000000004,3.0,3.0000000000000004
40_3,3.0,3.0,3.922883343963035,3.0000000000000004,3.0
40_4,3.0000000000000004,3.0000000000000004,3.0000000000000004,3.0,3.0
40_5,3.0,3.0,3.0000000000000004,3.0000000000000004,3.000000000000001
40_6,3.0,3.0000000000000004,3.0,3.999106705767251,3.0
40_7,3.0,3.0000000000000004,3.0,2.9999999999999996,3.0
40_8,3.0,3.0,2.0000583447913147,2.0000501800837864,2.0000813189118993
40_9,3.0,3.0,3.0,3.0000000000000004,3.9326334652745225
40_10,3.0,3.0000000000000004,3.0000000000000004,3.0000000000000004,3.0000000000000004
40_11,3.0,3.9998874477656092,3.000000000000001,3.999944732321321,3.0000000000000004
40_12,3.0000000000000004,3.0,3.000000000000001,3.0,3.000000000000001
40_13,3.0000000000000004,3.000000000000001,3.000000000000001,3.0,3.0
40_14,3.0,3.0,3.0,2.0000552675236603,2.0000541019112306
40_15,2.000420578223143,2.0001824646805453,2.0000633920133133,2.999999999999999,2.000056333955876
41_0,2.000050256240251,2.000052727118242,2.000056828039777,2.0000500073726033,2.000067404181135
41_1,3.0,3.0000000000000004,2.000380027925,2.000155830602085,3.0
41_2,3.0000000000000004,3.0,2.0047092432078264,3.0000000000000004,3.0000000000000004
41_3,2.9999999999999996,3.0,2.9999999999999996,3.0,2.0000725136625315
41_4,3.9982933242836016,3.0000000000000004,3.0,3.0,3.0
41_5,3.0,3.0000000000000004,3.0000000000000004,2.000321803473832,3.0000000000000004
41_6,3.0,3.0,3.0,3.0,2.9999999999999996
41_7,3.0000000000000004,3.0000000000000004,3.0,3.0,2.9999999999999996
41_8,2.000052646836277,2.0000500419811074,2.0000500810895656,2.0000509139770157,1.0001831344952292
41_9,3.0,3.0000000000000004,3.0000000000000004,3.0000000000000004,2.00006115353147
41_10,3.0,2.000077775487676,2.0000654470406847,2.000050553522211,2.0001028361179407
41_11,3.0,3.0000000000000004,3.0000000000000004,3.0,3.0000000000000004
41_12,3.9994751922153684,3.0000000000000004,3.0,2.9999999999999996,3.0000000000000004
41_13,3.0,2.0000696095796293,2.0000908998765308,2.000150825273537,2.0000558850004806
41_14,3.0,2.0000696084116547,2.0000552689901387,2.000276912854114,2.0000579987260343
41_15,2.000053209093237,2.000054800834931,2.000059799407014,2.0000500111450297,2.0000500014247886
42_0,2.0001324473677418,3.0,2.000060425292907,2.000120974848562,2.0000510159407106
42_1,3.0,3.0000000000000004,3.000000000000001,3.0,3.0
42_2,3.0,3.0,3.0,3.0000000000000004,3.0000000000000004
42_3,2.0000644319004186,2.000055911903425,1.0001336541031627,1.000127932534617,2.000285244037029
42_4,3.0000000000000004,3.0,2.0001236238517164,3.0000000000000004,2.000097246758955
42_5,3.0000000000000004,3.0,3.0,3.0,3.0
42_6,3.9999356125773122,3.0,3.9999337681067217,3.999949619533715,3.0
42_7,3.0000000000000004,3.0000000000000004,3.0,3.0,2.9999999999999996
42_8,2.0000643398269533,2.0000567642214397,2.0000515078159067,2.000051936570467,2.0000525843933334
42_9,3.0,2.000214885318264,2.000054979835712,2.000167004739577,2.0000542794417853
42_10,3.0000000000000004,3.0,3.0000000000000004,2.9999999999999996,3.0000000000000004
42_11,3.999943211575914,3.9999381163890972,3.999896059712069,3.999949497042585,3.0
42_12,3.999945870935119,3.9998770851832455,3.0000000000000004,3.0,2.0056821837174525
42_13,3.0000000000000004,3.999944732333756,3.0,3.0000000000000004,3.0
42_14,2.00005123339384,2.0000502295756033,2.000050009619701,2.0000621938362473,2.000053308773707
42_15,2.0000684003802367,3.000000000000001,2.0000604136536584,2.000050379732997,2.0000536531715003
43_0,2.0000501594560895,2.00005109627057,2.00006480608733,2.000060046812529,1.0003120520052449
43_1,3.0000000000000004,3.0000000000000004,3.0000000000000004,3.9997259706663075,3.0000000000000004
43_2,3.0000000000000004,3.0,3.0,3.0000000000000004,3.0000000000000004
43_3,3.9999263780138423,3.9998330031752034,3.0,3.0,3.0000000000000004
43_4,3.0,2.000095718847957,2.000054457424173,2.0000768198828283,2.0000535036652862
43_5,3.0000000000000004,3.0000000000000004,3.0000000000000004,3.0,3.0
43_6,3.9999497479670927,3.9999445894651173,3.999949883997703,3.9999388460276335,3.9999324797746523
43_7,3.0,3.0,3.0000000000000004,3.0,2.000080321380738
43_8,1.0001005212775462,1.0001002457957817,1.0001000131123214,1.0001005282515132,1.0001000296208613
43_9,3.000000000000001,3.0000000000000004,2.0001326151928387,2.0000889337184646,3.0000000000000004
43_10,3.9998998450208068,3.0000000000000004,3.0,3.0000000000000004,3.0000000000000004
43_11,3.999945882848939,3.9999481150973577,3.9999053511494393,3.9999471771635218,3.9999320746801827
43_12,3.0000000000000004,3.0000000000000004,3.0,3.0000000000000004,3.0
43_13,3.0,3.000000000000001,3.0,3.0,2.0001143347482118
43_14,2.0000508207529095,2.0000514192876997,2.000054199928787,2.0000500040234663,1.0008643077548383
43_15,3.0000000000000004,3.0000000000000004,3.000000000000001,3.0,3.0
44_0,2.0000519587413246,2.000050001818158,1.0002703700759314,1.0001893264156934,2.0000567641913563
44_1,2.0000567856711755,2.0000500732461077,2.00005482156877,2.0000500388106026,2.0000500132726997
44_2,3.0,3.0,3.0000000000000004,3.0,3.0
44_3,2.0000541248148016,2.0000567295716563,2.000121120038155,2.000050019792835,1.0002757895746026
44_4,3.0,3.0000000000000004,2.0001561250826083,2.0000567641913563,3.0000000000000004
44_5,2.0000510487565895,2.000057187009433,1.0001162721688464,2.000050095732596,1.0001742369385604
44_6,2.000051739686926,2.000050995837713,1.0001082916248776,2.0000700100984896,2.0000783268723916
44_7,3.0,3.0000000000000004,3.0,3.0,3.0000000000000004
44_8,1.0001014228625849,1.0001030340480834,1.0002283997930963,1.000177879157945,1.0001063915110626
44_9,3.000000000000001,3.0,2.0000552675300156,2.00018588674399,2.0002002933532017
44_10,2.0001000080213043,2.000103965101455,2.000050553593539,2.0000507114670425,2.000069933943114
44_11,3.9999474900407517,3.999949739128695,3.999907858618802,3.999948654806954,3.9999493449674763
44_12,3.0,3.0000000000000004,2.0000868164135417,3.0,2.0000550448302454
44_13,2.000051983135832,2.0000648974587216,2.0000585869071887,2.000050018225324,2.0000560412410175
44_14,3.000000000000001,3.0000000000000004,3.0000000000000004,3.0000000000000004,3.0000000000000004
44_15,2.000051969106293,2.0000600224078307,2.0000543315016324,2.0000501219858093,2.000055903053108
45_0,3.0,2.000161125215213,2.0000643219290946,2.000235882071231,2.0000654616486746
45_1,2.000058703844061,2.0000725170052944,2.0000506928482418,2.000065420080198,2.0000539920698333
45_2,3.0,3.0,3.0000000000000004,3.0,2.00005868594648
45_3,2.000050870440201,2.000062074011997,2.0000500502353495,2.0000500498479377,1.0004191578204558
45_4,3.0,2.000051373514717,2.000051857289796,2.000115217722434,2.0000576997144477
45_5,3.0000000000000004,3.0,2.00048351344388,3.0000000000000004,3.0000000000000004
45_6,3.0,3.0000000000000004,2.0001324222872428,2.0000889337584815,2.0000623830976507
45_7,3.999938665715511,3.0000000000000004,3.0,3.9989465948183742,3.0000000000000004
45_8,3.9999487940283105,3.9999415359682593,3.0000000000000004,3.0000000000000004,3.9998175866320627
45_9,3.999919537166426,3.0,3.0,3.0000000000000004,3.0000000000000004
45_10,3.0,3.0,3.0,2.0006587875739217,2.9999999999999996
45_11,3.0,3.0000000000000004,3.0000000000000004,3.9998675753426283,3.0000000000000004
45_12,3.0,3.9975395333837476,3.0000000000000004,3.0,3.0000000000000004
45_13,3.0,3.9985972111859702,3.0,3.0,2.9999999999999996
45_14,2.0000508611367183,2.000067952543506,3.0,2.0000500054417008,2.000054578063904
45_15,3.0,2.000064356640281,2.0000589679449283,2.0000500382443396,2.0000691214067636
46_0,3.0,3.0,3.0000000000000004,3.0000000000000004,3.0
46_1,3.0000000000000004,3.999946361031438,3.0,3.999945846213266,3.999911022888616
46_2,3.0,3.0,3.0000000000000004,3.0,3.0
46_3,3.0,3.0,3.0,3.0,3.0000000000000004
46_4,3.9998997951452244,3.999940136708734,3.0,3.99994583934177,3.0
46_5,2.0005254104615773,3.0,2.9999999999999996,3.0,3.0000000000000004
46_6,3.000000000000001,3.999817561278544,3.999938719253348,3.9999492721434122,2.9999999999999996
46_7,3.9999492650098993,3.999949920901304,3.9999440302901617,3.999949794753172,3.0000000000000004
46_8,2.000051513084024,2.0000501093152367,1.0001131950432138,2.000050170190018,2.0001187682061787
46_9,3.0,3.0000000000000004,3.0,2.9999999999999996,3.0000000000000004
46_10,3.999885722827007,3.999861049363253,3.9999314743201473,3.999948767637487,3.0
46_11,3.9998674659607314,3.9997616783742838,3.9999372456297713,3.9999489895424234,3.0
46_12,3.999931562906912,3.999945898053605,3.999867577349958,3.9999497045960437,3.0
46_13,2.0000684048630997,2.9999999999999996,2.000051708772582,2.0000643219348837,2.0000811900945354
46_14,3.0,3.999885808787231,3.000000000000001,3.999948291119972,2.9999999999999996
46_15,3.0,3.0,3.0000000000000004,3.0,3.0
47_0,2.0001324738795754,2.000076816297948,2.000068817629154,2.000062496995687,2.000052833861817
47_1,3.9999445146259083,3.0,3.0,3.0,3.0
47_2,3.9999445146259083,3.0,3.0000000000000004,3.0,3.0
47_3,3.0000000000000004,3.0,3.0,3.0000000000000004,1.7269761412181142
47_4,3.9999445146259083,3.0,3.0,3.0,3.0
47_5,3.999931572720919,3.0,3.0000000000000004,3.9999423347694263,2.9999999999999996
47_6,3.0000000000000004,3.0,3.0000000000000004,3.0,2.0003991628281192
47_7,3.0,3.0000000000000004,2.000156082315537,2.9999999999999996,3.0
47_8,3.0,3.0000000000000004,3.0000000000000004,2.000224864881992,2.000110804145535
47_9,3.0,3.0,3.0,2.00006115351924,2.0000617880168643
47_10,3.0000000000000004,3.0,3.0,3.0000000000000004,2.0001112028531365
47_11,3.9999315084109153,3.0,2.9999999999999996,3.0000000000000004,3.0
47_12,3.0,3.0,3.0000000000000004,3.0000000000000004,2.000114342042334
47_13,3.0000000000000004,3.0000000000000004,3.0000000000000004,3.0,2.9999999999999996
47_14,3.0,2.00025011454521,3.0000000000000004,3.000000000000001,2.9999999999999996
47_15,2.0000611704217466,2.0000567641913563,2.000066902236844,2.000164531472088,2.0000508108297512
48_0,2.0000736572500935,2.000101784774931,2.9999999999999996,2.000115406638205,2.0000502023201654
48_1,3.0000000000000004,2.000091550066976,2.9999999999999996,2.000748131168321,3.0000000000000004
48_2,3.0000000000000004,3.0000000000000004,3.0000000000000004,3.0000000000000004,3.0000000000000004
48_3,3.0000000000000004,3.0,3.0000000000000004,2.9999999999999996,3.0
48_4,2.0000506514147642,2.0000502603652013,2.000069165386444,2.000051173798886,2.0000740554338856
48_5,3.872307387765939,3.0,2.0000509144538077,2.0000504887187707,2.0000502629335686
48_6,3.0000000000000004,3.999912052705834,3.0,3.999935676121379,3.0000000000000004
48_7,3.0000000000000004,3.0000000000000004,3.0,3.0,2.0001141911442617
48_8,2.0000684139514755,2.0000521902328576,2.0000567504300357,2.0000653951245795,2.000059970235737
48_9,3.999475389790275,3.0000000000000004,3.0,3.0000000000000004,3.996997570202609
48_10,3.0000000000000004,2.0005261585483174,3.0,3.0000000000000004,2.000150889002985
48_11,3.0000000000000004,3.0000000000000004,3.0,3.0,3.0
48_12,3.0000000000000004,3.0,3.0,2.9999999999999996,3.0000000000000004
48_13,2.000061218155236,2.000097652131074,3.0,2.000054101929084,2.000050627449865
48_14,3.0,3.0,3.0000000000000004,3.0,2.000128529079312
48_15,3.0000000000000004,2.0000522556659406,2.0000584052907118,2.0000649536534127,2.0000521576801207
49_0,3.0000000000000004,3.0,2.00005975452264,2.000050157131712,2.0000524625538185
49_1,3.0000000000000004,2.000054101917182,2.0000502302666394,2.0000541019945444,2.0000899357461996
49_2,3.0000000000000004,3.0,3.0,2.9999999999999996,3.0
49_3,3.000000000000001,3.0,2.000057241190418,2.0000552675236603,2.000058979274993
49_4,2.0000683970316198,2.000554596060659,3.0,3.0,2.0001278851802504
49_5,3.0,3.0,3.0000000000000004,3.0000000000000004,3.0
49_6,3.0,3.978026512896799,3.000000000000001,3.0000000000000004,3.0
49_7,3.0,3.0,3.0,3.0,2.0001324221601315
49_8,2.00005575850516,1.0008895654601595,2.000050490721516,2.0000501800837864,2.000088933789607
49_9,3.0,3.0000000000000004,3.9868688841704705,3.0000000000000004,3.0000000000000004
49_10,3.0,3.0000000000000004,3.0,3.0,3.0
49_11,3.0000000000000004,3.0000000000000004,3.0000000000000004,3.000000000000001,3.000000000000001
49_12,3.0,3.0000000000000004,3.0000000000000004,2.9999999999999996,3.0
49_13,3.0,2.000110675042373,2.0000541019885927,2.0000524871922556,2.0000519660664198
49_14,2.0001001696718297,3.0,2.000068020845337,2.0000567642032756,2.000061906520846
49_15,2.0000889523418097,2.000052194673467,2.0000897663469743,2.000050033512235,2.000054376130151
50_0,2.000051077943258,2.000050178325367,2.000050107396389,2.0002251738454078,2.000051529295013
50_1,3.0,2.0000671569957436,2.0000605626353267,2.0000739873382485,2.0000514264927274
50_2,3.0,3.0,3.0000000000000004,2.000337640681115,3.0
50_3,3.0000000000000004,3.0,3.0000000000000004,3.0000000000000004,3.0000000000000004
50_4,3.0000000000000004,3.0,3.0000000000000004,3.0,3.0
50_5,3.0,2.0000581663012844,2.0000649505066486,2.000050229629141,2.0000516335354264
50_6,3.0,3.0,3.0000000000000004,3.0,3.0
50_7,3.0,3.9999360433097935,3.999922280835979,2.9999999999999996,3.0
50_8,2.000064584682932,1.0001307091493636,2.000053303516612,2.0001187656101806,1.0001057285876591
50_9,3.0,3.0000000000000004,3.0000000000000004,2.0002740254433555,3.0000000000000004
50_10,3.0,3.0,3.0000000000000004,3.0,3.0
50_11,3.9999480396254996,3.999946123758432,3.9998608094932666,3.99994403007021,3.9999301571296546
50_12,3.0000000000000004,3.0,3.0,3.0,2.000056609846727
50_13,3.0000000000000004,3.0,2.9999999999999996,2.9999999999999996,2.00025009526598
50_14,3.0,2.999999999999999,2.0000643219426015,2.0000509137148708,2.0000697599034765
50_15,2.0000541118643027,2.0001106670814015,2.000052487150372,2.000104112876513,2.000054496043769
51_0,2.000274270916601,2.0006662007840963,3.0000000000000004,3.0000000000000004,2.0001039573829744
51_1,3.0000000000000004,3.0000000000000004,3.0,3.0,3.0
51_2,3.0000000000000004,3.0,3.0000000000000004,3.0000000000000004,2.9999999999999996
51_3,3.0,3.0,3.0000000000000004,3.0000000000000004,2.0026257634878757
51_4,3.0000000000000004,3.0,3.0000000000000004,3.0,3.0000000000000004
51_5,3.0000000000000004,3.0,3.0000000000000004,3.9997259604196658,3.0
51_6,2.000052574964511,2.0000531101730306,2.000061508153773,2.000052194679521,2.00005006540893
51_7,3.9999412613869727,3.999916480946793,3.999931609131707,3.999949567878122,3.9999356770430863
51_8,1.00054930840333,2.000050380466285,1.000138075056425,2.0001784782620597,1.0001146486501384
51_9,3.9999263682625386,3.9999356780284554,3.0,3.9999490862316214,3.0000000000000004
51_10,2.0000525051911833,2.000054156391265,2.000050073335455,2.000093049132803,2.000052911365547
51_11,2.0000890194555323,3.0,2.9999999999999996,2.000080322237717,2.0000898169355414
51_12,3.0000000000000004,2.0004735200791792,2.9999999999999996,2.0005741374284045,2.999999999999999
51_13,3.0000000000000004,3.0,3.0,3.0,2.9999999999999996
51_14,2.000080405754641,2.000238295107051,2.0000528185803654,3.0000000000000004,2.0000660537669424
51_15,3.0000000000000004,3.0000000000000004,2.0001858902010015,3.0,3.0
52_0,1.0002284015630396,2.0000565413490072,2.000050138441244,2.0000500128376943,1.0001591572362916
52_1,3.0000000000000004,2.9999999999999996,3.0,3.0,2.0000823506938907
52_2,2.0000531997127955,2.0000514948291985,2.0000504305962905,2.000186812893036,2.000054803707211
52_3,2.000156062371982,3.0000000000000004,3.0,3.0000000000000004,2.000061296498282
52_4,3.0000000000000004,2.000088933771821,2.0001858880078363,3.0000000000000004,2.0000683903095733
52_5,2.000156781524471,3.0000000000000004,3.0,2.0002976652535445,2.0000835958457204
52_6,2.000050808034482,2.000050953658596,2.000056626660228,2.9999999999999996,2.0000560068762248
52_7,3.0,3.0000000000000004,3.0000000000000004,3.0000000000000004,3.0
52_8,2.000058703241204,2.00005423343053,2.000052978539248,2.000064939093193,2.000050749675046
52_9,3.0,3.0000000000000004,2.0001324228698407,3.0,3.0
52_10,3.0000000000000004,3.0,3.0000000000000004,2.00037660160527,2.0000803214449916
52_11,3.0000000000000004,3.0,3.0000000000000004,3.0,2.0000736141264217
52_12,3.0000000000000004,2.9999999999999996,3.0,3.0,2.000077105138027
52_13,2.0000643381400725,2.0000500171942543,2.000075260920414,2.000050013749624,1.0001742641197484
52_14,2.000050666493551,2.0000521555163377,2.0000757123570096,2.000050202350085,2.000054819131565
52_15,1.0001049749323503,2.000050064449604,2.000050913732792,1.0001446417358317,1.0001062554481193
53_0,2.000054113771156,2.0000649594829625,1.0001384600644088,2.0001531391195924,1.0001049992729025
53_1,3.0000000000000004,3.0,3.0000000000000004,3.0000000000000004,3.0000000000000004
53_2,3.0,3.0,3.000000000000001,3.0000000000000004,3.0
53_3,2.000050455974039,2.000061632863578,1.0001452996387652,2.000062849276582,2.000275089255319
53_4,2.0000512098993313,2.000133268268773,1.0001296517725802,2.0000795599412426,1.0003174063503792
53_5,2.000337748883052,2.0000550391259466,2.000063139280814,3.000000000000001,2.000052793792605
53_6,3.0,3.0000000000000004,3.0,3.0000000000000004,3.0
53_7,2.9999999999999996,3.0000000000000004,2.0004981257849628,3.0,3.0
53_8,3.0000000000000004,3.0000000000000004,3.0,3.0000000000000004,3.0000000000000004
53_9,3.0,3.999885681221777,3.0000000000000004,3.0,3.9999110657123986
53_10,2.0001859569190414,3.0,2.0000562726477265,2.000178393017683,2.9999999999999996
53_11,3.9999356704049562,3.99992638428359,3.0,2.9999999999999996,3.999803387123253
53_12,3.0,2.9999999999999996,3.0000000000000004,3.0000000000000004,3.0
53_13,3.0,2.9999999999999996,2.0001824598642437,3.0000000000000004,3.0
53_14,2.0000502649962684,1.000377557075921,1.0001461425590643,1.0001199278010406,1.000128941005526
53_15,2.00005250522069,2.0000556614410105,2.0000557495587095,2.000052487150372,2.0000504881522123
54_0,2.000051205369638,2.0000535514762032,2.000052932916435,2.00005001957223,2.000050017033465
54_1,3.9999467840826566,3.9999129096983155,3.999946374816757,3.0000000000000004,3.0000000000000004
54_2,3.0000000000000004,3.0000000000000004,3.0,3.0000000000000004,3.0000000000000004
54_3,3.0000000000000004,3.0000000000000004,3.0000000000000004,3.0000000000000004,2.000132423249855
54_4,3.0,3.0,3.0,3.0000000000000004,3.0
54_5,3.9999458717279612,3.0,2.9999999999999996,3.0000000000000004,3.0
54_6,3.0000000000000004,3.0000000000000004,2.000419471158804,3.0000000000000004,3.0
54_7,3.0000000000000004,3.000000000000001,3.0000000000000004,3.0,2.000073614047659
54_8,3.0,2.000094883330407,2.0000803214144707,3.0000000000000004,2.000052818586281
54_9,3.0,3.0,3.0000000000000004,3.0,2.000128545637077
54_10,3.0,3.0000000000000004,3.0000000000000004,3.0,3.0
54_11,3.0,3.999934739466532,3.999940154999883,3.0,3.0000000000000004
54_12,3.9998670178359905,3.0000000000000004,3.0,3.9988674286725745,3.0
54_13,3.0,2.00005823805307,2.000056480092805,2.000050806139201,2.000059498305649
54_14,3.9999315683724648,3.999896059098871,2.9999999999999996,3.999935677985362,3.0000000000000004
54_15,2.0000532086702445,2.0000527057394164,2.000050008344227,2.000049999398391,2.0000500024558994
55_0,2.0000515354995674,2.0000529367783977,2.000050001573792,2.0000500015141904,2.000056613626296
55_1,3.0,3.0000000000000004,2.008020028954356,3.0,3.0000000000000004
55_2,2.00005209229951,2.0000902799392346,2.000075147720678,2.0001573032946536,2.0000601934004694
55_3,3.0,3.0,3.0,3.0000000000000004,3.0
55_4,3.0,2.9999999999999996,2.0000581343857906,2.0003876229771973,2.000101078398594
55_5,3.0,2.000086817042919,2.0000567651165775,2.0000506274619645,2.0000553763558733
55_6,3.0000000000000004,3.0,2.0000972917376174,3.000000000000001,3.0
55_7,3.0,3.0,3.0000000000000004,3.0000000000000004,3.0
55_8,2.0000544312838557,2.00022679960932,1.0001007725192692,2.000073638404725,1.0001060940237525
55_9,3.0000000000000004,3.0,3.0000000000000004,3.0000000000000004,3.0
55_10,2.9999999999999996,2.0040208080723785,3.0000000000000004,2.000935774478329,3.0
55_11,3.99994573861157,3.9999467956206796,3.0000000000000004,3.999949808610348,3.9999458790050277
55_12,3.9999447163197748,3.9998999064271104,3.999813846412641,3.0000000000000004,3.0000000000000004
55_13,2.0000611662496586,2.000051881440207,2.000051864227337,2.00005170877858,2.0000523632500813
55_14,2.0000889934799546,2.0000567641913563,2.9999999999999996,2.0000502023917863,2.000052124036281
55_15,2.0001324541882344,2.0002244770349344,2.0000730501888615,3.0,2.000057259427241
56_0,2.0000643522534647,2.0000561262651475,2.0000501783135904,2.000050025663114,2.0000504305543845
56_1,3.999938509011758,3.0,2.999999999999999,3.999945898047113,3.9999440307972227
56_2,3.0,3.0000000000000004,3.0,3.0,3.0000000000000004
56_3,3.0000000000000004,3.0,3.0000000000000004,3.0000000000000004,3.0000000000000004
56_4,3.9999432147944445,3.9998674169245683,3.9999468021112077,3.9999475120090224,3.0
56_5,3.0000000000000004,3.0,3.0,3.0000000000000004,3.0000000000000004
56_6,3.999949499444705,3.999948958908055,3.9998858060925326,3.9996396592933303,3.0000000000000004
56_7,3.0000000000000004,3.0,3.0000000000000004,3.0000000000000004,2.0000683902364
56_8,2.0001558653206812,3.0000000000000004,2.0001229240470964,3.0000000000000004,2.000066554251734
56_9,3.0,3.0,3.0,3.0,3.0000000000000004
56_10,3.999948046521404,3.9999132155224655,3.999941310049429,3.0000000000000004,3.0000000000000004
56_11,3.999949215494664,3.0,3.999941310049429,3.0000000000000004,3.0
56_12,3.0,3.0000000000000004,2.000937579131003,2.9999999999999996,3.0000000000000004
56_13,3.0000000000000004,3.0,3.0000000000000004,3.0000000000000004,3.000000000000001
56_14,3.0000000000000004,3.0000000000000004,3.0000000000000004,2.9999999999999996,3.0000000000000004
56_15,3.0000000000000004,3.0000000000000004,3.0000000000000004,3.0000000000000004,3.0000000000000004
57_0,3.0000000000000004,2.0000724980891733,2.0000567641913563,2.0000509137088125,2.000050229539676
57_1,3.0,3.0000000000000004,2.000288723071984,2.000064321965756,2.000089041630571
57_2,2.0000552877930815,2.0000540154924207,2.000052818586281,2.0000567641913563,2.0000528339693826
57_3,3.0,2.000103947882494,2.0000567641913563,2.0000643219290946,2.000059296456405
57_4,3.0,2.0000567641913563,3.0000000000000004,3.0000000000000004,2.0000736673810113
57_5,3.0,3.0000000000000004,2.0002917400558635,2.000833124660549,2.0000695998891014
57_6,3.0,2.000938323961746,3.0,3.0000000000000004,2.000119279153962
57_7,3.0000000000000004,3.0,3.0,3.0,3.0000000000000004
57_8,1.0001030175392924,2.0000611535975126,1.0001025527441239,1.000148100543934,1.0001062325149492
57_9,3.0000000000000004,3.0,2.000137850783163,3.0,3.0
57_10,3.0000000000000004,3.0000000000000004,3.0000000000000004,3.0,2.9999999999999996
57_11,3.0000000000000004,3.0,3.0,3.0000000000000004,3.0000000000000004
57_12,3.0,3.0,2.0001966598851104,3.0,2.0000736702657127
57_13,2.000061158157072,2.000050893612255,2.000055845956168,2.0000808231346796,2.0000689192016967
57_14,2.0001000003915936,2.0000534493937487,2.0000540221910086,2.0000500294237096,2.0000572300563095
57_15,3.0000000000000004,3.0,3.0,2.0002744804112904,3.0
58_0,1.0001173731311825,2.0000813610497734,1.0002617613277969,2.000050553420855,1.0001350703098282
58_1,3.0,3.0000000000000004,3.0000000000000004,3.9999232361541264,3.0
58_2,3.0,3.0,3.0000000000000004,3.0000000000000004,3.000000000000001
58_3,3.0,2.000073614038826,2.000061153537585,3.0,2.0000911617565778
58_4,3.0000000000000004,3.0000000000000004,3.0000000000000004,3.0,3.0000000000000004
58_5,3.999944719514054,3.9999432327689783,3.0,3.999949807364537,3.0
58_6,3.9999492361999285,3.999904292474046,3.999945887837824,3.999949768702301,3.999949054941713
58_7,3.0,3.0,3.000000000000001,3.0,2.0005241983057562
58_8,1.000099996329425,1.000117376232076,1.0000999961863917,1.000099997306825,1.0001063891267443
58_9,2.000155839577067,3.0,3.0,3.0,2.9999999999999996
58_10,3.0,3.0,3.0,3.0000000000000004,3.0
58_11,3.9999458462013524,3.999901278315349,3.999942329269308,3.999949807364537,3.000000000000001
58_12,3.0,3.0,3.0000000000000004,3.0000000000000004,3.0000000000000004
58_13,2.0000505007399187,2.0000525751731204,2.00005141950211,2.0001565724182937,2.0000534239023513
58_14,2.0002245135313115,2.0001966526099735,3.0,3.0,2.000150026039755
58_15,2.0001000189319016,3.0000000000000004,2.0001447073942398,2.9999999999999996,2.000099992022581
59_0,2.0000552893361165,1.0001670579169855,2.000051507750082,2.000194778354909,2.0002548246406655
59_1,2.0000586928051862,2.0000712301781944,2.0000538983812928,2.000050260382993,2.000051035644384
59_2,3.0,3.0000000000000004,3.0,3.0000000000000004,3.0000000000000004
59_3,2.000050722331734,2.0000500189882966,2.0000594728321666,2.0000500217775885,2.000060916736166
59_4,3.0,3.0,3.0000000000000004,2.0001324227771553,2.0003799202350945
59_5,3.0000000000000004,3.0,2.000118447241633,3.0000000000000004,3.0
59_6,3.0,2.0003304989794146,2.0000823360146844,3.0,3.0000000000000004
59_7,3.0,3.0,2.0012772244492343,2.9999999999999996,2.000214878443226
59_8,2.0000545350637537,1.000101537826307,1.0001021162161459,2.00005868625046,1.0001016448903997
59_9,3.0,2.002952938808226,3.0,3.0,3.0
59_10,3.0,3.0,2.000058686065607,3.000000000000001,2.0000552676247954
59_11,3.000000000000001,2.0000803229951107,2.000054103222295,3.0000000000000004,3.0000000000000004
59_12,3.0000000000000004,3.0,2.9999999999999996,2.000658782767325,3.0
59_13,2.9999999999999996,2.0000698505781997,2.0000562366109462,2.0000755742671923,2.0001013958826634
59_14,3.0000000000000004,3.0000000000000004,2.000099992022581,3.0000000000000004,2.0000643219348837
59_15,2.0000506501337574,2.0000500021400076,2.0000543797246477,2.0000500436321413,2.000072017694057
60_0,2.000050740080188,2.000049999136157,2.0001040137353385,2.0000500293402212,2.00005000500658
60_1,3.0,3.0000000000000004,3.0,3.0000000000000004,3.000000000000001
60_2,3.9999495369514704,3.9999499320043084,3.999948284212007,3.999948954187698,3.999949646169459
60_3,3.0,3.0,3.0000000000000004,3.000000000000001,3.000000000000001
60_4,3.0000000000000004,3.0000000000000004,2.9999999999999996,3.0,3.0
60_5,3.0000000000000004,3.99991967797673,3.0,2.9999999999999996,3.0000000000000004
60_6,3.0000000000000004,3.9999356770508045,3.999260005144427,3.9998675662324636,3.0
60_7,2.007439810626538,3.0,3.0000000000000004,3.0,3.0
60_8,3.0,3.0,3.0000000000000004,3.0,3.0
60_9,3.0000000000000004,3.0000000000000004,2.000054101929084,3.0,2.0000552675358185
60_10,3.999949400424651,3.9999499112577257,3.9999497391346757,3.999948667358804,3.99994916254797
60_11,3.9999493901203262,3.9999499032184507,3.9999490761052967,3.999948817225578,3.9999493412963694
60_12,2.000088970349863,2.0000531941403885,2.000071694454981,2.0000511738226807,2.0001192578904132
60_13,3.000000000000001,3.0,3.0,3.9996623573273364,3.0000000000000004
60_14,2.000051948210273,2.000205849457397,2.000050711157006,2.000051173792899,2.0001147160137274
60_15,3.0000000000000004,3.000000000000001,2.0003240463090584,3.0000000000000004,3.0
61_0,1.0001038737366232,1.0001013858518002,1.0001068892027218,1.0001784024177522,1.0001048482482293
61_1,3.0000000000000004,2.9999999999999996,2.000216343714865,2.0000567641976,2.0000552675413457
61_2,2.0000502450593434,2.000056984956186,1.0001744031236768,2.0000631601520036,2.0000637018345917
61_3,2.000051973355648,2.0000500045774223,2.000056222987641,2.0000813981613392,2.000076000027609
61_4,3.0000000000000004,3.0,2.000263557757363,3.0000000000000004,2.0000531941465063
61_5,2.0000504651466926,2.0000546372084833,2.0000514018364854,2.0000500061091078,2.0000690359666873
61_6,2.0000514709836597,2.0000604959673525,2.000062921213047,2.0000500648431063,2.9999999999999996
61_7,2.0000506296316893,2.000052912646651,2.0000500064429074,2.0000501571793596,2.000059850066567
61_8,3.0,3.0,3.000000000000001,3.0,3.000000000000001
61_9,2.0000503702918255,2.000053558551053,2.00007102192529,2.000050002485701,2.0000554851235868
61_10,3.0000000000000004,2.000097646946288,2.0000507112463555,3.0,2.0001111643036604
61_11,1.0001006704338848,1.0001019500614874,1.0001017553740363,1.0001295128079744,1.0001020486163594
61_12,3.0000000000000004,3.0,2.000220095097396,3.000000000000001,3.0000000000000004
61_13,3.0000000000000004,2.000060890393613,2.0000574937852496,2.0000643219426015,2.000074798873488
61_14,2.0000505970061733,2.00005000063806,2.00005952399777,2.00005000034602,2.000065567311418
61_15,2.0000803301156016,2.000051173792899,2.000062407645885,2.0000517087664287,2.0000571262615714
62_0,1.0001030157034054,1.0001014059718876,1.0001009208647929,1.000676544436671,1.000101722583067
62_1,3.0000000000000004,3.0000000000000004,3.0000000000000004,3.0,3.0000000000000004
62_2,2.0002741619943043,3.0,3.0,3.0,3.0
62_3,2.000058697179518,2.0000627948433785,2.000078308412514,2.000055969143453,2.0001183066267205
62_4,3.0,2.0000523617064476,2.0000515077562113,3.0000000000000004,2.0000587080507315
62_5,3.0000000000000004,2.0000972465440565,3.0,3.0,3.0000000000000004
62_6,3.0,3.0,3.0000000000000004,3.0,3.0000000000000004
62_7,3.0,3.0000000000000004,3.0,2.000099992022581,3.0
62_8,2.0000684018056374,1.000103917935711,1.0001031137305991,1.0001014681571805,1.000100175898975
62_9,2.0000552794605486,2.9999999999999996,2.0000519365761797,2.000050379745007,2.000050006997257
62_10,3.0,3.0000000000000004,2.000788683941238,3.0,3.000000000000001
62_11,3.9999492384290813,3.9999027641720617,3.999926385384808,3.999938846110799,3.9993013714169336
62_12,3.0,3.0,3.0,2.9999999999999996,3.0
62_13,3.0000000000000004,2.000099996841927,2.000058686166543,2.0000889385740326,2.000051938406277
62_14,2.00005035420009,2.0000643911590066,2.000050001543991,2.0000500029327206,2.000086368906962
62_15,3.0,3.0,2.0000987527745493,3.0000000000000004,3.0000000000000004
63_0,3.0000000000000004,2.0000589792991734,2.0000536196941496,2.000050033512235,2.00007410036243
63_1,3.0,3.0000000000000004,3.0,3.0000000000000004,3.0
63_2,3.0000000000000004,3.0,3.0,3.0,3.0
63_3,3.0,3.0000000000000004,2.0000552675300156,3.0,3.0000000000000004
63_4,3.0,3.0000000000000004,3.0,3.0000000000000004,3.0
63_5,3.0000000000000004,3.0000000000000004,3.0000000000000004,2.9999999999999996,3.000000000000001
63_6,3.999944702474404,3.999910989868994,3.9999471808948495,3.9999499702723376,3.9997499246118253
63_7,3.0,3.0,2.0000803214208966,2.00006115351924,3.0
63_8,2.000059863678565,1.0001146953653712,1.0001000213366285,1.0001004320091498,1.0001000249365353
63_9,3.0,3.0000000000000004,2.0000803214072422,3.0000000000000004,2.0000683902548637
63_10,3.0,2.003382368366281,3.0000000000000004,3.0000000000000004,2.000069852929279
63_11,3.9999446647130044,3.9996956579899234,2.999999999999999,3.9999499257404905,3.9999471812527347
63_12,3.0000000000000004,3.000000000000001,2.9999999999999996,3.0,3.0
63_13,3.0000000000000004,3.0,3.0000000000000004,3.0000000000000004,3.0
63_14,2.000056782780422,2.000051647654156,2.000052870688781,2.000134021198168,2.0000574206800374
63_15,2.0000502553403217,2.000052656330906,2.00007518347781,2.00042005153567,2.0000500060495012
64_0,2.9999999999999996,2.000050711157006,2.000057890500396,2.000058283039182,2.0000514408025736
64_1,3.0000000000000004,3.0000000000000004,3.0000000000000004,3.0,3.0000000000000004
64_2,3.0000000000000004,2.000068390367702,2.0001178870887437,3.0000000000000004,2.0000723352075664
64_3,3.0,3.0,3.0000000000000004,3.0000000000000004,3.0
64_4,3.0000000000000004,3.0,2.9999999999999996,3.0000000000000004,3.0000000000000004
64_5,2.000337832936489,3.0,2.0001141909387363,2.0000671360659523,2.9999999999999996
64_6,3.0,3.0000000000000004,3.0000000000000004,3.0,3.0
64_7,2.9999999999999996,3.0,3.0000000000000004,3.970921423111638,3.0000000000000004
64_8,2.0000587138199846,2.0000621637805067,2.000061153537585,2.0000506274619645,2.0000512784402518
64_9,3.0000000000000004,3.0,3.0000000000000004,3.0,2.9999999999999996
64_10,3.0000000000000004,3.9999000004483394,3.0000000000000004,3.0,3.0000000000000004
64_11,3.0,3.0000000000000004,2.9999999999999996,3.0000000000000004,2.0002382692583627
64_12,3.0,3.0000000000000004,3.0000000000000004,3.0000000000000004,3.9527831083023743
64_13,3.0,2.0001285470984986,2.00006839026649,2.0000536197000476,2.0000559662710398
64_14,3.0000000000000004,3.0000000000000004,3.0,3.0,3.0
64_15,3.0000000000000004,2.000088933722022,2.000051507750082,2.000051173792899,2.000057202123549
65_0,2.0000508264447685,2.0000507085583834,2.0000890402193727,2.000049999595067,2.0000523307705937
65_1,3.0000000000000004,3.0,3.0,3.0,3.0000000000000004
65_2,3.0000000000000004,2.0003766758183925,3.0,3.0,2.000100111594917
65_3,3.0000000000000004,3.0,3.0000000000000004,3.0000000000000004,3.0
65_4,3.0000000000000004,2.000051330358322,2.000089888147543,2.0000531941403885,2.0000812890476376
65_5,3.0000000000000004,3.0,3.0,3.999937273075544,3.0
65_6,3.0000000000000004,3.9999471645468705,3.999919677149462,2.999999999999999,3.0000000000000004
65_7,3.0000000000000004,3.0000000000000004,3.0,3.0000000000000004,3.000000000000001
65_8,2.0000532150712536,2.0000571677163865,2.0000743788495052,2.0001020470686752,2.0000542012222273
65_9,2.0000611582396313,2.0000523844251408,2.000100124278843,2.00006115351924,2.000061653937801
65_10,3.0,3.0000000000000004,3.0,3.0000000000000004,3.000000000000001
65_11,3.0000000000000004,3.9999463773436226,3.9999000061816905,3.999949365112161,3.9999484609069893
65_12,3.0000000000000004,3.0000000000000004,3.0,3.0,3.0
65_13,2.0001860360487678,2.0000531180934984,2.0000693244130177,2.00007361399466,2.0000541019112306
65_14,3.0000000000000004,2.000101717237096,2.0000639733951022,3.0,3.0000000000000004
65_15,2.0000519494437987,2.0000511870900057,2.000051411968935,2.000050295338208,2.0000578077077114
66_0,1.0001135313763587,1.000102939536164,1.0001138002029262,1.0001030155001642,1.0003129290872357
66_1,3.0,2.00005375384565,2.0000563658116204,2.000067385902563,2.000055199187287
66_2,2.0000552875664117,2.000051768390441,2.000062059327752,2.0000538358109003,2.000050581230292
66_3,2.000073639789058,2.000063975594433,2.0000592761452896,2.0000889344530077,2.000064939178259
66_4,2.000053230418017,2.0000695784533513,2.0000976787818936,3.0000000000000004,2.000063390826686
66_5,2.0000643339680937,3.0000000000000004,2.0000572844951745,3.0000000000000004,2.0000573334858083
66_6,3.0000000000000004,3.0000000000000004,3.0000000000000004,3.0,2.0000835328800077
66_7,3.0000000000000004,3.9999347574848,3.9997799568737755,3.9999401569961837,3.0000000000000004
66_8,1.000100051409709,1.0001353571636693,1.0001606743417044,1.0001007594900144,1.00010079358112
66_9,3.0,3.0000000000000004,3.0,3.0000000000000004,2.0004693629944796
66_10,2.0000525227669788,2.0000508874078857,2.0000547464202683,2.000065305088617,2.000055910831205
66_11,3.0,3.0,3.0000000000000004,3.0000000000000004,2.0001125910951325
66_12,3.0000000000000004,3.0,3.000000000000001,3.0,3.000000000000001
66_13,3.0,3.0000000000000004,2.0000567641976,2.000068390295212,2.000053468834927
66_14,1.0001000005609202,1.0001004046403308,1.0001004240935683,1.0001000586685165,1.000128687869942
66_15,2.000050959517193,2.000051212182124,2.0001028749067045,2.000050049675108,1.0006977399375698
67_0,2.0000503620910797,2.000051411020843,2.000081897100361,2.00005071116299,2.000050121938381
67_1,3.0000000000000004,2.0000623788247687,2.000058096247645,2.000050430590289,2.000050004911211
67_2,3.0000000000000004,3.9994748841922174,3.0000000000000004,3.000000000000001,3.0000000000000004
67_3,2.0000803366824353,2.0000537540069048,2.0000687920324136,2.0000500383099515,2.0000525850847937
67_4,3.0000000000000004,3.0,3.0,3.0000000000000004,3.0
67_5,3.0000000000000004,3.0,3.0000000000000004,2.9999999999999996,3.0
67_6,3.0000000000000004,3.0000000000000004,3.9998675748924315,3.999724461366232,3.0
67_7,2.9999999999999996,3.0000000000000004,3.0000000000000004,3.0000000000000004,3.0
67_8,3.0,2.001422551424629,3.0,3.0,3.0
67_9,3.0000000000000004,3.0000000000000004,2.9999999999999996,3.0000000000000004,2.0001794679105784
67_10,3.0000000000000004,3.000000000000001,3.0,3.0000000000000004,3.0
67_11,3.9999447250866837,3.99994473177889,2.9999999999999996,3.9999101352698774,3.0
67_12,3.0,3.000000000000001,3.0000000000000004,3.0000000000000004,3.0000000000000004
67_13,2.000050980055395,2.0000639696702307,2.000059841335497,2.0000531941521973,2.0000918574828725
67_14,2.0000505043523713,2.000053432455303,2.000057088469645,2.0000817791817957,2.000054998526592
67_15,2.0000515485689028,2.000057322054602,1.000847993805496,1.000126187611499,1.0001198484257314
68_0,2.0000515196462683,1.0002223766979212,2.0000550607254843,1.0002065305824246,1.0001065827045155
68_1,2.000050563231352,2.0000899266664987,2.0000504936060164,2.0002264867398765,2.0000557804857255
68_2,3.0,2.000138966476262,3.0,3.0000000000000004,3.000000000000001
68_3,2.0000531996410325,2.000115787014498,2.000050212499846,2.000133824500007,2.000056875010074
68_4,2.0000519424111833,2.0001157869114574,2.0000502718855477,2.0001161740295847,2.0000566033025113
68_5,2.0000509726114206,2.0000755892601956,2.0000534278722597,2.000050017045388,2.0000535165087627
68_6,3.0000000000000004,3.0000000000000004,3.0,3.0,3.0
68_7,3.0,3.0,3.0000000000000004,2.9999999999999996,3.0
68_8,3.0000000000000004,3.0,3.000000000000001,2.0003376665383947,2.000077095750856
68_9,3.0,3.0,3.0,3.999911066201501,3.0
68_10,3.0000000000000004,3.0000000000000004,2.000205906682073,3.0000000000000004,2.9999999999999996
68_11,3.0,3.000000000000001,2.0002745659613748,3.0000000000000004,3.0
68_12,3.0000000000000004,3.0,3.0000000000000004,3.0000000000000004,3.0000000000000004
68_13,2.9999999999999996,2.0000567641913563,2.000162932393509,2.0001324223799286,2.000064397960009
68_14,2.0000503395922746,2.000050002592985,2.0001032445459153,2.0000500075514283,2.000058917684406
68_15,2.9999999999999996,2.0000519365587817,2.000054014073784,2.000051507750082,2.0000507001072774
69_0,2.000185940000249,2.0000679347235386,2.0000513303524197,2.0000517087664287,2.0000625111158974
69_1,3.0,3.0,3.0,3.0,3.0000000000000004
69_2,3.0000000000000004,3.999919678180735,3.0,3.0,3.999662320836051
69_3,3.000000000000001,3.0000000000000004,3.0000000000000004,2.0002740257721143,2.000209523597971
69_4,3.0,3.0,3.0,2.001053650341441,3.0
69_5,3.0000000000000004,2.000080407580559,2.000196895174284,2.0001645405368285,2.000065463770864
69_6,3.0,3.0000000000000004,3.0000000000000004,3.0000000000000004,3.0
69_7,3.0,3.0000000000000004,3.0,3.0,3.0000000000000004
69_8,2.0000525389779025,2.0001144654097285,2.0000890773480053,2.000050379828166,1.0001022949111342
69_9,3.0,3.0000000000000004,3.0,3.0000000000000004,3.0
69_10,3.0000000000000004,3.0000000000000004,3.0000000000000004,3.0000000000000004,3.0000000000000004
69_11,3.0000000000000004,3.0000000000000004,3.0000000000000004,3.0,3.0
69_12,3.0000000000000004,3.0,3.0000000000000004,3.0,2.0001192714137344
69_13,3.000000000000001,3.0,3.0000000000000004,3.0,3.0
69_14,2.000058698628114,2.000052987044215,2.000156409953852,2.0000500196795494,2.0000545829324903
69_15,2.0000506057617815,2.0000531086712656,2.0000501074561146,2.000050017033465,2.0000655134276104
70_0,3.0000000000000004,2.9999999999999996,3.0000000000000004,3.0000000000000004,3.0000000000000004
70_1,3.999948058721102,3.9998175695781044,3.999531490570898,3.0000000000000004,3.998798841944105
70_2,3.000000000000001,3.0,3.0,3.999919676895658,3.0
70_3,3.0,2.9999999999999996,3.0,3.0000000000000004,3.0000000000000004
70_4,3.0000000000000004,3.0000000000000004,2.000080443902507,3.0000000000000004,3.0000000000000004
70_5,3.0,3.0,2.002807096916766,3.0,3.0
70_6,3.999946730461425,3.9999263738425475,3.0000000000000004,3.999948784027371,3.0000000000000004
70_7,3.999885690903282,3.0000000000000004,2.9999999999999996,3.0000000000000004,3.0000000000000004
70_8,2.0000517298412763,2.000050151493666,2.0000620194793406,2.000050040509256,2.0000656415723967
70_9,3.0000000000000004,3.0000000000000004,2.000068390695959,2.002120551178853,2.0000611540799933
70_10,3.999911031984523,3.999731690105707,3.9997959628546353,3.999945285160111,3.0
70_11,3.9999315834488876,3.999731690105707,3.0,3.9999439453728143,3.0
70_12,3.0,3.0,3.0000000000000004,3.0000000000000004,3.0
70_13,3.0000000000000004,3.0000000000000004,3.0,3.0000000000000004,3.000000000000001
70_14,3.0,3.0,3.0000000000000004,3.0,2.9999999999999996
70_15,3.0000000000000004,3.0,2.9999999999999996,2.0001858865023734,2.000106771558463
71_0,2.0000510652246555,2.0000570249992147,2.0000815374434313,2.000050011073494,1.0001237892272465
71_1,3.0000000000000004,2.000064029953042,2.0000525790712347,3.0,2.000053205857296
71_2,3.0,3.0000000000000004,3.0,3.0000000000000004,3.0
71_3,2.0000512258601657,2.0000684815762106,1.000376119167119,2.0000544114905714,2.0000612391097086
71_4,2.000088949851356,2.0000550219019333,2.0000511642093373,2.000118396538184,2.000055106009175
71_5,3.0,3.0,2.000079616237474,2.0000611535259663,2.000097655128806
71_6,3.0,3.0000000000000004,2.0000579156216327,3.0,3.000000000000001
71_7,3.0000000000000004,2.0000976440142235,2.0000699203773045,2.000304348917035,2.0000946827052117
71_8,2.0000516190763733,1.0002693939408929,2.0000810070264907,1.0011242592812593,2.00005012276067
71_9,2.00008898472672,2.000141159248021,2.000068919886719,2.000054101982642,2.0000573396543673
71_10,3.000000000000001,3.0,2.000196006356152,3.0,2.0001053069539445
71_11,3.9999492971567796,3.0000000000000004,3.9999412727530226,3.99992585693562,3.9999478614510253
71_12,3.99994966893696,3.0000000000000004,3.0000000000000004,3.9999497180956207,2.9999999999999996
71_13,3.0,3.0,3.0000000000000004,3.0,3.0000000000000004
71_14,3.0,3.0000000000000004,2.0000976530782295,3.0,3.0
71_15,2.000056777625581,2.000055158289785,2.000056856916147,2.000064921573951,2.000052037020499
72_0,1.000147235856931,1.0001186376357631,1.0002135644918357,2.0000643219290946,1.0001008735060706
72_1,3.0,2.000087944778207,2.00006115351924,2.000155830602085,2.0001209838800076
72_2,3.0000000000000004,3.0000000000000004,3.0000000000000004,3.0000000000000004,2.0003382225770534
72_3,3.0000000000000004,3.0,2.003136675973376,3.000000000000001,3.0
72_4,3.0,3.0000000000000004,3.0000000000000004,3.0000000000000004,2.000356467399916
72_5,2.0000736320231374,2.0000587645623837,2.000117043524071,2.000134655232087,2.0000572339902587
72_6,3.0000000000000004,3.0000000000000004,3.0000000000000004,3.0000000000000004,3.0
72_7,3.0000000000000004,3.0,3.0000000000000004,3.0,3.0
72_8,2.0000553032049133,1.0001093289965726,1.0002006152263485,1.0001646535191993,1.0001053711655066
72_9,3.0,2.0000684410815,2.0000509137268354,2.0000524871564607,2.000105281594902
72_10,3.9999192955319622,3.997689164039384,3.0000000000000004,3.9999491913099137,3.0000000000000004
72_11,3.999919619089321,3.999526457341932,3.0000000000000004,3.999948825366702,3.0
72_12,3.0000000000000004,3.999775522179535,3.0000000000000004,3.0000000000000004,2.9999999999999996
72_13,3.0000000000000004,2.0000823110245562,3.0000000000000004,3.0000000000000004,3.0
72_14,2.0000684062762812,2.0000513830390356,2.000068833679789,2.000052487150372,2.000089307704139
72_15,2.0000507354137738,2.0000540387776495,2.000186312345921,2.000049999863263,2.000090944701595
73_0,2.0000552894853914,2.0000511242706467,2.0000514434789465,1.0013654357159314,2.000051850543363
73_1,3.0,2.0000715979251686,3.0000000000000004,3.0,3.0000000000000004
73_2,3.0,3.0000000000000004,2.9999999999999996,3.000000000000001,2.000893574659929
73_3,2.000337881743679,2.0001006331267983,2.0000586859400253,3.0,3.0
73_4,2.0000511439688506,2.00005111096783,2.000056358266662,2.0000500088388042,2.0000662986672437
73_5,3.0000000000000004,2.000061300145966,3.0000000000000004,3.0000000000000004,2.0000537108747762
73_6,3.0,3.0000000000000004,3.0000000000000004,3.0,3.0
73_7,3.0,3.0000000000000004,3.0000000000000004,3.0,3.000000000000001
73_8,3.000000000000001,2.0000752484334052,2.0000552802659404,2.0000856241700555,2.0000529497117263
73_9,3.0000000000000004,3.0000000000000004,3.0000000000000004,3.0000000000000004,3.0
73_10,2.0001000441838475,2.0001303568962316,2.000076826523786,2.0002388122163373,2.0000522929258127
73_11,3.0000000000000004,3.0,3.0000000000000004,3.0,3.0000000000000004
73_12,3.99994664541794,3.99994836338374,3.9999463802045137,3.0000000000000004,3.0000000000000004
73_13,3.0000000000000004,3.0000000000000004,3.0000000000000004,2.9999999999999996,3.0000000000000004
73_14,2.000088947707843,2.000080395327361,2.000051173792899,2.000052194673467,2.0000527614536385
73_15,2.0000552807363565,2.000084788458621,2.000050806109379,2.0000921469002253,2.0000502643700964
74_0,3.0,2.0002818757805456,2.000082807911547,2.000185886539545,2.000058182065754
74_1,3.0000000000000004,3.000000000000001,3.0,3.0000000000000004,2.0000957389782057
74_2,3.0,3.0000000000000004,3.0000000000000004,3.0,2.000088941709839
74_3,3.0,3.0000000000000004,3.0000000000000004,3.0000000000000004,3.0
74_4,3.0000000000000004,3.0000000000000004,3.0000000000000004,3.0,3.0000000000000004
74_5,3.0,3.0,3.0,3.0,3.0
74_6,3.999919584867693,3.999945895728354,2.9999999999999996,3.999949619533715,3.0000000000000004
74_7,3.000000000000001,3.0000000000000004,3.0,3.0000000000000004,3.0
74_8,2.0000803490439973,2.0000519549150186,2.000055081173528,2.0000724550587035,2.0001392129017943
74_9,3.9999432217845237,3.9999406274649663,3.0,3.9999489642783015,3.0000000000000004
74_10,3.0000000000000004,2.9999999999999996,2.9999999999999996,3.000000000000001,3.0
74_11,3.0000000000000004,2.9999999999999996,3.0,3.0,3.0
74_12,3.9999316012462165,3.9999109762201064,3.9999373578113993,3.999775173672092,3.000000000000001
74_13,3.0000000000000004,3.0000000000000004,3.0000000000000004,3.0,3.0000000000000004
74_14,2.0000506370634272,2.000050043650036,2.000061577657516,2.000081071904098,2.0000500232373306
74_15,2.000050500448289,2.0000518411739088,2.0000675866788113,2.0000622332733218,1.0001795006238055
75_0,1.0001002771327392,1.0001539386641947,2.0000889337095717,1.000108203822461,1.0001003352308966
75_1,2.0001142043671534,2.0000599520815685,2.000050064729899,2.0000500114609783,1.000174221863541
75_2,3.0000000000000004,3.0000000000000004,3.000000000000001,3.0,3.0
75_3,2.0004194751843953,2.0001389715897537,2.000083160618857,3.0,2.000056260436186
75_4,3.0000000000000004,2.0001389503033034,3.0,3.0,2.000170170531332
75_5,3.0000000000000004,3.876076812316359,2.0001141928387156,3.0,2.000200231922468
75_6,3.9999474605095466,3.9999432354629656,3.9999196767374317,3.0000000000000004,3.0
75_7,3.0,3.0000000000000004,2.000068390303418,3.0000000000000004,2.000106790588428
75_8,2.000054154329118,1.0001538147349196,1.0001031233307447,2.00005410448589,1.0001005222556543
75_9,3.0,3.000000000000001,2.9999999999999996,3.0,3.0000000000000004
75_10,3.9999484742153624,3.0000000000000004,3.9996960862497497,2.9999999999999996,2.9999999999999996
75_11,3.9999458555108114,3.9996956205931005,3.0000000000000004,3.9999477973764894,3.0
75_12,3.999867557254101,3.000000000000001,3.0,3.0,2.9999999999999996
75_13,3.0,3.0000000000000004,2.000274031388469,3.0,3.0000000000000004
75_14,3.0,2.0005017700809877,3.0,2.0000683902364,2.0000636550078683
75_15,2.000061163365267,2.0000526286821207,2.0001336950531328,2.000053194134431,2.000057139902614
76_0,2.0000519535739794,2.0000596005357942,1.0007208124794107,2.0000501219264373,1.0001077541392331
76_1,3.0000000000000004,3.0,3.0,3.0,3.0
76_2,3.0000000000000004,3.0,2.000313069752846,2.000185886762576,2.0000643219464607
76_3,3.9999315903158204,3.0000000000000004,3.0,3.0000000000000004,3.0
76_4,3.0,3.0000000000000004,3.0000000000000004,3.0,3.0000000000000004
76_5,2.9999999999999996,3.0000000000000004,3.0000000000000004,3.0,3.0
76_6,3.0,3.0000000000000004,2.9999999999999996,3.9999000018132143,3.0
76_7,3.9999110581469757,3.9999468058239733,3.0000000000000004,3.9999000078474407,3.0000000000000004
76_8,2.000064481589492,2.0000500952565474,2.000056764263443,2.000051174299501,1.000203429683756
76_9,2.0000611656961333,2.000053194194219,2.0000670842449324,2.999999999999999,2.0000602588022556
76_10,3.0,3.0,3.0,3.0000000000000004,2.0000664376725905
76_11,3.9999484849966422,3.9998817027501867,3.999938846181734,3.9999260321899364,2.9999999999999996
76_12,3.0,2.9999999999999996,3.0,3.0000000000000004,3.0
76_13,3.0000000000000004,3.0000000000000004,3.0,3.0,3.0000000000000004
76_14,2.0000541140155237,2.000054839293574,2.0000501571376956,2.000050107438197,2.0000522821030637
76_15,2.000056788097001,2.000109781609734,2.000053744977916,2.000050006985335,2.000057171012621
77_0,2.0000524972163753,3.0000000000000004,2.0000665265145217,2.000100442894079,2.000050660402481
77_1,3.000000000000001,3.0000000000000004,2.00005596914905,3.0000000000000004,2.00005596914905
77_2,3.0000000000000004,3.0,2.0001344178948366,3.000000000000001,2.0000567642032756
77_3,2.000056781058872,1.0001797352885475,1.0001391870969947,2.000050022587764,1.0001085419205933
77_4,3.0,3.0000000000000004,3.0000000000000004,3.0,3.0
77_5,2.000054121197918,2.0000500171525215,2.0002357765810985,2.0001303287672716,2.0000600996281643
77_6,3.999899949513675,3.0000000000000004,3.0000000000000004,3.9999000029181,2.9999999999999996
77_7,3.9999194954954707,3.0000000000000004,3.0,3.0000000000000004,3.0000000000000004
77_8,3.0,2.0000687547785354,1.00039715241044,2.0000511746511576,2.0000543418425383
77_9,3.999949241599954,3.9999245216589996,3.0000000000000004,3.0,3.0
77_10,3.0,3.0000000000000004,3.0,3.0,3.000000000000001
77_11,3.0,3.0000000000000004,3.0000000000000004,2.9999999999999996,3.0
77_12,3.0000000000000004,3.0,3.0000000000000004,3.0,3.0
77_13,2.0000503485202175,2.0000556257405604,1.0002288731528814,2.0000500195781923,1.0001111495792712
77_14,3.0000000000000004,2.0000889337273575,2.000068390242555,2.0000576650933373,2.9999999999999996
77_15,2.000155867751896,2.00005868594648,2.000057968127281,2.0000505534087734,3.0000000000000004
78_0,3.0,2.000114340075848,2.000053194134431,2.00005007318046,2.0000544649876884
78_1,3.000000000000001,3.0,3.0000000000000004,3.0,2.000065554318602
78_2,3.9999495067636315,3.999942848316177,3.9997075810474723,3.999949084902656,3.9999363515892954
78_3,3.999814109724654,2.9999999999999996,3.0,3.9999388457707985,3.0
78_4,3.0,3.0,3.000000000000001,3.9998141101707234,3.000000000000001
78_5,3.0000000000000004,3.9999129072999824,3.0,3.999948053243573,3.0
78_6,3.9999490470149794,3.9998623058881555,2.9999999999999996,3.999949192102542,3.9999401326380863
78_7,3.0000000000000004,3.9999023766014767,3.000000000000001,3.0,3.0
78_8,2.000073776829008,1.000103121423472,1.0001025067801748,2.000055274514251,1.0001019753795313
78_9,3.999945883206637,3.999947630241716,2.9999999999999996,3.9999478051001742,3.0
78_10,2.000052519715465,2.000053164681047,2.0000500059898947,2.0001329837862296,2.000059402894372
78_11,3.999949760173062,3.999949964521276,3.998257670187567,3.9999493693194736,3.9999356482645427
78_12,3.9999499334644413,3.9999490417581542,3.9999496194201623,3.9999499950887896,3.999919618725218
78_13,3.0000000000000004,3.0,3.0000000000000004,3.996827098787037,3.0000000000000004
78_14,2.9999999999999996,3.0000000000000004,2.000216343974433,3.0000000000000004,2.9999999999999996
78_15,3.0,3.0,2.000630344441604,2.9999999999999996,2.9999999999999996
79_0,2.000050668371311,2.0000529560291063,2.0000533375717895,3.0000000000000004,2.0000538489344137
79_1,2.0000552884189147,2.000103273803018,2.000121109792826,2.000050295374183,2.000053997159956
79_2,3.0,3.0,2.0010534051816267,3.0,2.00006793174347
79_3,2.000073625163565,2.0000549279008784,2.000081401443979,2.000116392981456,2.0000688969228815
79_4,2.000051551137783,2.0000524871623386,2.000135237894522,2.0000511738049243,2.0001341210302135
79_5,3.0000000000000004,3.0,2.000498208348145,3.0000000000000004,3.0
79_6,3.999949079168916,3.99921138407631,3.0,3.0,3.0
79_7,2.0000502813263106,2.0000532876450654,2.0000747318742667,2.000115161048721,2.000100400660074
79_8,1.0001018282999272,1.0001020499875404,1.0001223203174263,1.000100672305683,1.0001003152051213
79_9,2.000068424971879,2.9999999999999996,3.0,2.000136530451152,2.9999999999999996
79_10,3.0,3.0,2.000077874212455,2.000051035662143,2.0000606663568283
79_11,3.0000000000000004,3.0,3.0,3.000000000000001,3.0
79_12,3.0,3.0000000000000004,3.0,3.0000000000000004,3.0
79_13,2.000050930855683,2.0000560678402266,1.0001810223626926,2.0000679585518086,1.0001872502922355
79_14,2.0000507679120925,2.0000745946007044,2.000050024405486,2.0000817041159977,2.0000796793758386
79_15,3.0000000000000004,2.0000976310948553,2.0000958503309447,3.0,2.000059269495194
80_0,2.0000515435571304,2.0000500148104305,2.0001468392758577,1.0003121208117072,1.0003428008808293
80_1,2.999999999999999,2.0000507526848237,2.000052172919316,2.0000746159835425,2.0000515128933305
80_2,3.0000000000000004,2.0000736141264217,2.000075599408878,2.0001278922773484,2.000052940854726
80_3,3.0,3.0000000000000004,2.000398955782464,3.0,2.000088933722022
80_4,3.0000000000000004,3.999849182628547,3.0,3.0000000000000004,3.0
80_5,3.0,3.0,3.0000000000000004,3.0000000000000004,3.0000000000000004
80_6,3.0,3.0,3.0000000000000004,3.999947181395603,3.0
80_7,2.0000511891401076,2.0000511135605987,2.0000592920937392,2.000050379726987,2.0000619893814036
80_8,1.0001286642912641,1.0001309343576368,1.0001646410529277,1.0002307419380982,1.000101632207949
80_9,3.0,3.0000000000000004,3.0,2.0005120843993693,3.0000000000000004
80_10,3.0000000000000004,2.9999999999999996,3.0000000000000004,3.0000000000000004,3.0
80_11,3.999926367959929,3.9999364658334695,3.0000000000000004,3.9999388461633885,3.0
80_12,3.0,2.0000509881549093,2.9999999999999996,2.0000818566853003,2.000050430572438
80_13,3.000000000000001,3.0000000000000004,2.0007948644616222,3.0000000000000004,3.0000000000000004
80_14,2.0000512199536384,2.0000508023548953,2.000075364328944,2.000060104693331,2.0000573470025778
80_15,2.000114227904948,2.0002321611538654,3.0000000000000004,2.0000505534087734,2.0001328332169246
81_0,2.0000502153191584,2.000052141230835,2.0000547698729214,2.0000504881466585,2.000055613522584
81_1,3.0,3.0000000000000004,3.0000000000000004,3.0000000000000004,3.0
81_2,2.0000525286494533,2.0000706294679347,2.000051936636164,2.0000611535559303,2.0000578240983398
81_3,2.0000510236586715,2.0000510891539527,2.000071679024578,2.0000809729966935,2.000054424626519
81_4,2.0000516178725767,2.0000520299580273,2.0000593159215523,3.0000000000000004,2.000061777729289
81_5,2.000053271446111,3.0,2.0000756464911444,2.0002358956322808,2.0000607369579173
81_6,3.0,3.9999490010577436,3.99991947187109,3.0000000000000004,3.0000000000000004
81_7,3.0,3.0,3.0000000000000004,3.0,3.0000000000000004
81_8,2.0000590424212854,3.0,2.0001869235585366,2.000099095945327,2.000098748702391
81_9,3.0000000000000004,3.0,3.0,3.0,3.0
81_10,2.000051240790431,2.000061881287332,2.000050295362163,2.9999999999999996,2.0000616659165007
81_11,3.0,3.9999496732993878,3.9999455992432904,3.0,3.0000000000000004
81_12,3.0000000000000004,3.0,3.0,3.000000000000001,3.0000000000000004
81_13,3.0,3.0000000000000004,3.0,3.000000000000001,3.999695944414609
81_14,2.00005252023996,3.0,2.0000576614163217,2.0000890201979047,2.0000537830723886
81_15,2.000053204540151,2.0001184130777694,2.000051330358322,3.0000000000000004,2.9999999999999996
82_0,3.0,3.0,2.0001795456437974,3.0,2.0001701660395006
82_1,3.0000000000000004,3.0,3.0000000000000004,3.0000000000000004,3.0
82_2,3.0000000000000004,3.999926385952341,3.0,2.9999999999999996,3.999938846378639
82_3,3.0,3.0,3.0,3.0000000000000004,3.0
82_4,3.0,3.0,3.99894659860743,3.0000000000000004,3.0
82_5,3.9999453403169056,3.9998416769226015,3.9999490792942267,3.999949974122401,3.999949699261796
82_6,3.0000000000000004,3.999948669588143,3.998972214323205,3.999949915585154,3.99991106606811
82_7,3.0,3.0,3.0,3.0,3.0000000000000004
82_8,3.0,3.0,3.0000000000000004,3.9989466080800105,3.0
82_9,3.0,3.0000000000000004,3.9999489642065478,3.9999498916443743,3.999885809015592
82_10,3.999943132791151,3.999910424912253,3.999949757694101,3.9999447321784602,3.9999284001825823
82_11,3.9999489494674156,3.9998838670570542,3.9999497650485902,3.9999458977192686,3.9999496852913254
82_12,3.0,3.0,3.0,3.0,3.0000000000000004
82_13,3.000000000000001,3.0,3.0,3.0,3.0
82_14,3.0,2.000068390242555,2.0000528185803654,2.0000567641913563,2.000090292917874
82_15,2.0000525031107412,2.00006115351924,2.0000505534087734,2.0000506273608147,2.0000500731923916
83_0,3.0,3.0,3.0000000000000004,2.9999999999999996,2.0038225639550418
83_1,2.9999999999999996,2.000059420243508,2.0000555940337708,2.0000505534087734,2.000054550833941
83_2,3.0000000000000004,2.000946389489736,2.000110686541089,2.9999999999999996,2.000086794622529
83_3,3.0,3.0,3.0,3.0,3.000000000000001
83_4,3.0,3.0,2.0002244801321822,3.0,2.0000548342279765
83_5,3.0,3.0000000000000004,3.0000000000000004,3.0,2.0000552675236603
83_6,3.0000000000000004,3.000000000000001,3.0,3.0000000000000004,3.0000000000000004
83_7,3.0,3.0,2.0001324226844686,3.0,2.000052112879435
83_8,2.00005324460308,2.0000513115126632,2.0000893965227187,2.000090449062194,2.0000524359903213
83_9,3.0000000000000004,3.0,3.0000000000000004,2.9999999999999996,3.0000000000000004
83_10,2.9999999999999996,3.0000000000000004,3.0,3.0,3.0000000000000004
83_11,3.0000000000000004,3.0,3.000000000000001,3.0000000000000004,3.0
83_12,3.0000000000000004,3.0000000000000004,3.0,2.9999999999999996,2.0000786574349787
83_13,2.0001324580899786,3.0000000000000004,2.0000696847330732,2.0000586859400253,2.000056960306961
83_14,3.0000000000000004,3.0000000000000004,2.0003130598624757,3.0000000000000004,2.0001236296195697
83_15,2.0000504960854153,2.0000532767978005,2.0000510708746955,2.000051330358322,2.000053324740008
84_0,2.0000532038129872,2.0000517087664287,2.000054201335774,3.0,2.00007361399466
84_1,3.0000000000000004,2.00006280912446,2.0000552675300156,3.0,2.0000529322965144
84_2,3.0000000000000004,3.0000000000000004,3.0,3.0,3.000000000000001
84_3,3.0,3.0,2.0000673923432686,3.0,2.000059978561583
84_4,3.0000000000000004,3.0000000000000004,3.0,3.0,2.0003564740283806
84_5,2.000055293663812,2.000089874157649,2.0000500217775885,2.000050627449865,2.000053693514408
84_6,3.0000000000000004,3.0,3.0000000000000004,3.0,3.0
84_7,2.0000736203415586,3.0,2.0000551932089743,2.000050049669142,2.0000518835200896
84_8,2.000080482029038,2.0000872335457722,2.0000555956848642,2.000051035823103,2.0000571368932722
84_9,3.0,3.0000000000000004,3.0000000000000004,3.000000000000001,3.0
84_10,3.9997247717100515,3.0,3.0,3.0000000000000004,3.0000000000000004
84_11,3.0000000000000004,3.0,3.0,3.0,3.0000000000000004
84_12,2.000050342160432,2.000051936564754,2.0000622999643904,2.000050627372965,2.000057295884515
84_13,3.000000000000001,2.0000736870384053,2.0000643221046848,2.000134405592109,1.002741435617231
84_14,3.0,3.0000000000000004,2.000171397389933,2.0000567641913563,2.0000532356207907
84_15,2.0000586917740106,2.0000522055619565,2.000068723154851,2.000050008683818,2.0000525991799436
85_0,1.0001472317817388,1.0001041838239213,1.0001157532770029,1.0001286438581887,1.0001006729736592
85_1,3.9999388095879196,3.999949704309924,3.9996623442975983,3.9999458979637996,3.0
85_2,3.0000000000000004,3.0,3.0000000000000004,3.0000000000000004,3.0
85_3,3.0,3.0,3.0000000000000004,3.0000000000000004,3.0000000000000004
85_4,3.0000000000000004,3.0,3.0,3.0,3.000000000000001
85_5,2.9999999999999996,3.0,3.0000000000000004,3.0,3.0
85_6,3.999949259371534,3.9999398020182575,3.0,3.999948963783272,3.9997617507515986
85_7,3.0000000000000004,3.0,3.0,3.999919678559025,3.0000000000000004
85_8,2.0000509195970833,2.000051702169549,2.000050020043252,2.0000500185711285,2.0000844948856127
85_9,3.0,3.0000000000000004,3.0000000000000004,3.0,3.0000000000000004
85_10,2.0000643475284954,2.0000564028346584,2.0000529960913997,2.00006115351924,2.0000622319621457
85_11,3.9999497927272705,3.999947418807299,3.9999042943937733,3.999949976226206,3.9999491928058415
85_12,3.9999497642856467,2.9999999999999996,3.0000000000000004,3.9995806861863854,3.0
85_13,3.0000000000000004,3.0,2.0000616227429435,2.0002481009463224,3.0000000000000004
85_14,3.0,3.0000000000000004,3.000000000000001,2.0001141908656606,2.0000920217981397
85_15,3.0,2.000741508720727,3.0,3.0,3.0
86_0,2.00006840299167,2.000056337520641,1.000122703877567,1.0001607797300713,2.000667486038516
86_1,2.0000512839056257,2.000053333263005,2.0000618549693145,2.000068834299261,2.000053310299147
86_2,3.000000000000001,3.0,3.0,3.0,3.0000000000000004
86_3,2.0000510246777865,2.0000514807465817,2.0000649204346463,2.000066348370102,1.0001406832825932
86_4,2.000073630772213,2.0000581025360313,2.0000514179049564,2.0001626137417214,2.0000517936668203
86_5,2.0000532097368837,2.000066361992761,3.0000000000000004,2.000050334877512,2.000051036979592
86_6,3.0000000000000004,3.0000000000000004,2.0002007934078403,3.0000000000000004,3.0
86_7,2.9999999999999996,3.0,3.0,3.0,3.0000000000000004
86_8,3.0,2.000060932172452,2.0000567641976,2.000050553432734,2.0000512938825987
86_9,3.0,3.0000000000000004,3.0,2.001340740614026,3.0
86_10,2.000051994000991,2.000068390248709,2.0001077129190903,2.000101533224059,2.0000551524432986
86_11,2.0000553214068346,2.999999999999999,2.000075889971025,2.0006640977058967,2.0000583454284135
86_12,3.0,3.9999460023511197,3.0000000000000004,3.0000000000000004,2.999999999999999
86_13,2.0000525130699,2.0000527390618883,2.0000521267421014,2.0000898370194102,1.0133518274529336
86_14,2.0000505858789857,1.0004535913275148,2.000080687686759,2.0000662717946485,1.000117417401206
86_15,2.00005065065817,2.0001053003519615,2.0000524158815196,2.0000575154565943,2.0000536094496484
87_0,2.000186037685649,3.000000000000001,2.000132422058177,3.0,3.0000000000000004
87_1,2.000050585265154,2.000060356180867,2.000082140316444,2.000100886976188,2.0000501574358838
87_2,2.000052565249754,2.000065852401852,2.000080981148127,2.0000692839333096,2.0000522067359197
87_3,3.0,3.0,3.0000000000000004,2.9999999999999996,3.0
87_4,2.0000520778047397,2.9999999999999996,2.000058809779347,2.0000741780579308,2.0000546450518746
87_5,3.0000000000000004,3.0,3.0,3.0000000000000004,2.9999999999999996
87_6,3.0,3.0000000000000004,3.0000000000000004,3.0,3.0
87_7,3.0000000000000004,3.000000000000001,3.0000000000000004,3.0,3.0
87_8,2.000052529382885,1.0063983853668952,2.000050012140389,2.0000500175162017,1.0001884826933243
87_9,2.9999999999999996,3.0000000000000004,3.0,3.0,3.0000000000000004
87_10,3.0000000000000004,3.0000000000000004,3.0000000000000004,3.0,3.0000000000000004
87_11,3.0000000000000004,3.0000000000000004,3.0,2.9999999999999996,3.0
87_12,3.0000000000000004,3.0000000000000004,3.0000000000000004,3.0,3.0
87_13,3.0,3.0,2.0004194923774588,3.000000000000001,2.000119289379226
87_14,2.0001324404866847,2.0000650405532583,2.0001560848749884,2.0000683902364,3.0
87_15,2.000068401340532,2.000055660326173,2.0000509137148708,2.0000505534087734,2.000059015832871
88_0,2.000051178453829,2.0000560644786503,2.0000816807771744,2.0000541019112306,2.00005909247858
88_1,2.0000804027501276,2.0000987284527083,2.9999999999999996,2.0000999920485767,2.9999999999999996
88_2,2.0000541139380896,2.000050936440075,2.000059141975682,2.000050138667786,1.007339712726276
88_3,2.0000524924544014,2.0000693204965163,2.0000691229681475,2.0000541019225913,2.0000529355029024
88_4,2.0000520468966623,2.000070472682728,2.0001029361458853,2.000089706039611,2.0000823717555627
88_5,2.0001564389825996,3.0,2.0001946272306816,2.0000709001829318,2.000051173971795
88_6,2.0008337819833066,2.0001378907337015,3.0000000000000004,3.0,2.000128545389009
88_7,3.0,3.0000000000000004,3.0,3.0,3.0
88_8,2.0000803764700428,1.0001041307925638,1.0001108565410441,1.0002283882716698,1.000100712989804
88_9,2.0008316511508775,3.0000000000000004,3.0,3.0,2.000197049793005
88_10,2.000053200231207,2.000135057235304,2.000059817858291,2.000059834648323,2.0000500419811074
88_11,3.0,2.00006980575242,2.0001023779901623,2.000051936803134,2.000050335318379
88_12,3.0,3.0000000000000004,2.0000643219464607,2.000068390242555,2.000062241443435
88_13,2.0000515477292695,2.000057530063251,2.0000500337150133,2.000136536225881,2.0000500258954874
88_14,1.0001105361791554,1.0002701316755878,1.0001841278184902,2.000050379757012,1.0001541859913445
88_15,2.0000506056126013,2.000052436365539,2.000051076470762,2.000069180576682,2.0000532585786304
89_0,2.0000503265872163,2.0000509458510685,1.0054145217093748,2.0000500003043,2.000077751512348
89_1,2.000050299587836,2.000074177937028,2.0000583578018793,2.0005250286824037,2.000054998771325
89_2,3.0000000000000004,2.0000889339318904,2.000080321742162,3.0,2.0002244898730823
89_3,2.000050662881964,2.00005574345028,2.000050061189454,2.0003383684105898,2.0000553807366765
89_4,3.0000000000000004,2.0000507112286074,2.9999999999999996,2.000669943517732,1.0246453258927943
89_5,2.000050662881964,2.000074667339162,2.00005012673015,2.0001154112010524,2.0000553807366765
89_6,2.000061195037413,2.000050229920663,2.0000552675831256,2.0000504886529358,2.0001001852632023
89_7,2.0000505052758646,2.0000517815797276,2.0000622298943145,2.0000501074202797,2.000068762382816
89_8,2.0000644466755855,1.000448961117238,1.0001223072427226,2.000064323146658,1.0001612418379733
89_9,2.0000504947027555,2.000054845289767,2.000050096286841,2.0000500274272768,2.000050431061294
89_10,3.0000000000000004,2.0000508062345603,2.0002752275745124,2.0006731133024265,1.0246453258927943
89_11,3.000000000000001,3.0000000000000004,2.00022448383547,3.0,3.0
89_12,3.0000000000000004,2.0000513303643785,3.0000000000000004,2.0000683902787992,2.0000693616093184
89_13,1.0001173753506252,2.0000611535259663,1.0001102999032443,2.000235772903706,1.000116558379788
89_14,2.0000505640421067,2.0000568456572623,2.0000630742891614,2.000050004100952,2.0000724517274895
89_15,2.00005125167945,2.0000903040906035,2.0000500054893857,2.000065112757247,2.0000542303904205
90_0,2.00005121519188,2.000055860778431,2.000050003659882,2.000050043596347,2.0000574083789653
90_1,2.0000587153993337,2.000060901079685,2.0000500396150933,2.000081520472655,2.000052984331993
90_2,3.9999355811933603,3.9999400389433637,3.0,3.9999491938488605,3.999926385942036
90_3,2.00005677464497,2.000066828887916,2.0000695253972287,2.00022860796707,2.000058979375843
90_4,3.0000000000000004,3.0,3.0000000000000004,3.0000000000000004,2.000150010814712
90_5,2.0000509298485762,2.000055760066351,2.000050012140389,2.000050005203278,2.0000520660219294
90_6,3.0,3.0,3.0000000000000004,3.0000000000000004,3.0
90_7,3.0000000000000004,3.0,3.0,2.0001141908930644,2.000068390242555
90_8,3.0,3.0000000000000004,3.0,3.0000000000000004,3.000000000000001
90_9,3.0,2.0001303431287956,2.0000541019225913,2.00006115351924,2.0000643219426015
90_10,2.000050890441353,3.000000000000001,1.0005738771269093,2.000050122164678,2.000064370981087
90_11,3.0000000000000004,3.0,3.0,3.9998858082962525,3.0
90_12,3.0,3.0,3.0000000000000004,3.0000000000000004,3.0000000000000004
90_13,2.000080337477721,2.0000552675236603,2.0000626754738096,2.0000536196941496,2.9999999999999996
90_14,2.000050668794326,2.00005078018429,2.00005000522116,2.0001149816460293,2.000068906797351
90_15,3.0,3.000000000000001,2.00007361399466,3.0000000000000004,2.9999999999999996
91_0,1.0001002439955156,1.0001008684641368,1.0001231843521217,1.0001176225390709,1.0001002110735842
91_1,3.0000000000000004,3.0000000000000004,2.0001859032304234,3.0,3.0
91_2,3.0,3.0,3.000000000000001,3.0000000000000004,3.0000000000000004
91_3,2.0000568516886323,1.0001013929078093,1.0001015829918383,1.0016737564643368,1.000103134546895
91_4,3.0,3.0000000000000004,2.0024554779145656,3.0,3.0000000000000004
91_5,3.0000000000000004,3.0,3.0,3.0,3.0
91_6,3.0000000000000004,3.000000000000001,2.000220137506338,3.0,2.0003303561072814
91_7,3.0,3.0,3.0000000000000004,3.0,2.0001039563330973
91_8,3.0,3.0000000000000004,3.0000000000000004,3.0000000000000004,3.0
91_9,2.0000507161753256,2.0000615124439047,2.000057565197914,2.000064696826227,2.0000535729140885
91_10,3.000000000000001,2.0007414270594337,2.000099992022581,2.000068390242555,3.0
91_11,3.999941285584096,3.9999401503691194,2.9999999999999996,3.999948477433636,3.9999484706989072
91_12,3.0,3.0,3.0000000000000004,3.0,2.0000643977108026
91_13,2.0000643297680822,2.000053900002511,2.000052575256554,2.0000524871802887,2.000058555338248
91_14,2.000132435814762,2.000052817132478,2.0000659732083466,2.0000504305664366,3.0000000000000004
91_15,2.00005075788774,2.00005157971179,2.0000515876858884,2.0000500043211225,2.0000597514956975
92_0,3.0000000000000004,3.0000000000000004,2.0001042050807674,2.000224476877829,3.0
92_1,3.0,3.0000000000000004,3.0000000000000004,3.0000000000000004,3.0
92_2,3.999899878764645,3.0000000000000004,3.0,3.0,3.0
92_3,2.000061199983765,1.0001440302464384,2.0000504884563917,1.0004766983917308,1.0001057165605334
92_4,3.0,3.999892670796613,3.0,3.0,3.0
92_5,3.9999263653004484,3.9998771062961214,3.0000000000000004,3.9999316022222065,3.0
92_6,3.0000000000000004,3.0000000000000004,2.001279913082598,3.0000000000000004,3.0
92_7,3.0,2.0003383872869627,3.0,3.0,2.000130345670246
92_8,2.0000516669042203,2.000057789702513,2.0000512284710057,2.0000764764723375,2.0000545118143385
92_9,2.0001558919102567,2.000321896207072,2.000063385314105,3.0,2.0000556583063864
92_10,3.0,3.0000000000000004,3.0000000000000004,3.0,3.0000000000000004
92_11,3.9999486475114048,3.999949580775783,3.0000000000000004,3.999949222486163,3.0
92_12,3.0000000000000004,3.9999394611872017,2.9999999999999996,2.9999999999999996,3.0000000000000004
92_13,2.0001324284443704,1.00010362359405,2.0000531942774646,1.0001945524362785,1.0001004889264258
92_14,3.0,2.000274024758443,3.0000000000000004,3.0000000000000004,2.000056614983845
92_15,3.0000000000000004,3.0,3.0000000000000004,3.0,2.000060431706478
93_0,1.0001105373600778,2.0001162760354525,1.00021497920244,1.0004489536209966,1.0001057923000238
93_1,2.0000515199975673,2.000082925106004,2.0000542204497056,2.0001565938831543,2.000050044406882
93_2,3.0,3.999885808798649,3.0,2.9999999999999996,3.0
93_3,2.000050269102303,2.0000515653903745,1.0006272273430887,2.000050178581824,2.000073087794542
93_4,3.0000000000000004,2.00005868594648,3.0000000000000004,3.0,2.00005868594648
93_5,3.0,3.0000000000000004,2.0001446475480984,3.0,2.00006961747754
93_6,3.9999497782441535,3.9999385327071124,3.9999496173585545,3.9999432348363095,3.9999269833410147
93_7,3.0,3.0,3.000000000000001,3.0,3.0000000000000004
93_8,3.0000000000000004,3.0000000000000004,3.0000000000000004,3.0000000000000004,3.0000000000000004
93_9,3.0000000000000004,3.99992638428359,3.999900003702012,3.000000000000001,3.0000000000000004
93_10,3.999949540455866,3.9999193756475173,3.999843937003846,3.999948825116417,3.9999383816670218
93_11,3.999949540455866,3.9999260878730487,3.999944726963705,3.999948667871593,3.99994984703435
93_12,3.999926374686249,3.999944697235832,3.0000000000000004,3.999935670686705,3.0
93_13,3.0,3.0,3.0,3.0,3.0000000000000004
93_14,3.0,3.0000000000000004,2.000594051283467,3.0,3.0
93_15,2.000052520680956,2.000050379732997,2.0000500567078,2.000050711157006,2.000052893360302
94_0,1.0001030158698725,1.0001316676596086,1.0001176632333588,1.0001003566271813,1.0001019798501494
94_1,3.0000000000000004,3.0,2.9999999999999996,3.0,2.0001141908656606
94_2,3.0000000000000004,3.0,3.0000000000000004,2.9999999999999996,2.0000818821810458
94_3,2.0000541220261594,2.0000671639988643,2.0000619625744047,2.000050073210297,2.000156391469601
94_4,2.0000510242428713,2.0000522358199713,1.0010566933384284,2.00005001542449,2.0000648035075845
94_5,3.0000000000000004,3.0000000000000004,2.000050379745007,2.0000509137148708,2.000051173798886
94_6,3.000000000000001,3.0,3.0000000000000004,3.0000000000000004,3.0000000000000004
94_7,3.0000000000000004,3.0000000000000004,2.0006990993540126,3.0,2.0001858868926776
94_8,3.0,2.000050574942527,2.0000992787032543,1.0001398065947995,1.0001609138322642
94_9,3.0,3.0000000000000004,3.0,2.001661700510025,3.0000000000000004
94_10,3.9999492380238157,3.999933177142129,3.0,3.99994923717759,2.999999999999999
94_11,3.9999492380238157,3.9999291143287365,3.0000000000000004,3.999949327045536,3.0
94_12,3.0000000000000004,3.0,3.000000000000001,3.000000000000001,3.0000000000000004
94_13,2.0000506293513904,2.0000691448519676,2.0000500092501143,2.0000500175162017,2.000050033953385
94_14,3.0000000000000004,3.0000000000000004,3.0,2.0000515077619805,2.000050913732792
94_15,2.000274160925309,2.000127897329955,2.9999999999999996,2.0000510356384127,2.0000617502851914
95_0,2.0000587052916483,2.0000576959538767,1.0008566740069949,1.000899286442056,1.0001760927942918
95_1,3.0,3.0000000000000004,2.0001825454272386,3.0000000000000004,2.000130360742719
95_2,3.0000000000000004,2.9999999999999996,3.999775494818936,3.9998675728797677,3.0
95_3,3.0,3.0000000000000004,3.0000000000000004,3.0,2.0000803214506138
95_4,3.0000000000000004,3.0000000000000004,3.0000000000000004,2.9999999999999996,3.0
95_5,3.0000000000000004,3.9998610658122065,2.9999999999999996,3.0000000000000004,3.0
95_6,3.999844070551135,3.9999320789115687,3.0,3.999919675502933,3.9997754944373454
95_7,2.9999999999999996,3.0000000000000004,3.0000000000000004,2.9999999999999996,3.0000000000000004
95_8,2.000337745000012,1.000102465917366,1.000117693105733,1.0001223110451283,1.0001064268059037
95_9,3.0,3.0,3.0,3.000000000000001,3.0000000000000004
95_10,3.0000000000000004,3.0,3.0000000000000004,3.0000000000000004,2.0002388452400397
95_11,3.0000000000000004,2.9999999999999996,3.999899992668694,3.99986757342266,3.0000000000000004
95_12,3.0000000000000004,3.0,3.0000000000000004,3.000000000000001,2.0002201099957144
95_13,3.000000000000001,2.000306921998169,3.0,2.0005241718455107,2.999999999999999
95_14,3.0,3.0000000000000004,2.000088933745143,3.0000000000000004,2.0000531941465063
95_15,2.0000504316631185,2.0000621297208094,2.000054440349202,2.0000500171346354,2.000050003081728
96_0,3.0000000000000004,2.000052726861736,2.000068830895676,2.000050009542206,2.000053836526083
96_1,3.0,3.0,2.0001107620738385,3.0000000000000004,3.0000000000000004
96_2,3.0,3.0000000000000004,2.000205908967274,3.0000000000000004,2.00007361400791
96_3,3.0,2.0000736822469762,2.0000586859699534,3.0000000000000004,3.0000000000000004
96_4,3.0,3.0,2.9999999999999996,3.0,3.0000000000000004
96_5,3.0,2.000099992316534,2.0000586859588037,3.0000000000000004,3.0000000000000004
96_6,2.9999999999999996,3.999761632072724,3.0000000000000004,3.000000000000001,3.0
96_7,3.0,3.0,3.0,3.0000000000000004,3.0000000000000004
96_8,2.000053236366063,2.000052727225485,2.0000578962217315,2.000050260382993,2.000053739702795
96_9,3.000000000000001,3.000000000000001,3.0000000000000004,3.0000000000000004,3.0
96_10,3.000000000000001,3.000000000000001,3.0000000000000004,3.0000000000000004,3.0
96_11,3.0,3.0000000000000004,3.0,2.9999999999999996,2.00194681530412
96_12,3.0,3.0,3.0000000000000004,3.0000000000000004,2.0000683903280376
96_13,3.0,3.0000000000000004,2.0003800221503756,3.0000000000000004,3.0
96_14,3.0,3.0,2.0001713771176006,3.0000000000000004,2.000058685993427
96_15,2.0000506943858687,2.0000622776019634,2.0000500004354196,2.0000679418865643,2.0000753369858395
97_0,1.0002648795219788,2.000057817762037,2.0004377874917956,1.0001952539231294,1.0001421954011616
97_1,3.0000000000000004,2.000190040491284,2.0000920966128235,2.000274030539159,3.0000000000000004
97_2,2.0000541836286065,2.0000561885934935,2.0000584069709775,2.000051331192721,2.000082874192418
97_3,2.0000611722641373,2.000082325542899,2.0000553449899066,2.0000510356504058,2.000050711174957
97_4,2.0000643338548723,1.0002065738866532,1.0002609285875872,1.0003485276144997,1.0001974765794484
97_5,3.0,3.000000000000001,2.0000679776362116,3.0000000000000004,2.00008893437653
97_6,3.0,2.0001826730341805,3.0,2.001277259409904,3.0000000000000004
97_7,3.9999315233868824,3.9999458886659687,3.0000000000000004,3.0000000000000004,3.000000000000001
97_8,1.0001779060711824,1.0001240985000306,1.0001143065394644,1.0001223070629404,1.0001112110370105
97_9,3.0000000000000004,3.9999316095351896,3.0,3.0,3.0000000000000004
97_10,2.00005322417206,2.0000547642888957,2.0000618642242896,2.0000500478333425,2.000060259321663
97_11,3.999885038127294,3.999943179903867,3.0,3.0000000000000004,3.0
97_12,3.9999386410112066,3.999948729612168,3.9999053530564503,3.9999458979462172,3.999919677926934
97_13,2.0000515874116602,2.000055750864322,1.0047352934223166,2.000050096519169,2.0000500651704036
97_14,2.0000684296192066,2.0000618949125606,2.0000522119806527,2.0000500059898947,2.000052905971736
97_15,2.000050390001785,2.0000521561244495,2.0000547971692573,2.0000565401933663,2.0000500296443584
98_0,2.000052500185052,2.000057228263402,2.000050178325367,2.000050553414839,2.0000500064309854
98_1,3.0,3.0000000000000004,3.0000000000000004,3.0,2.9999999999999996
98_2,3.0,3.9999499345791305,3.0000000000000004,3.9999453516530736,3.9999263859464524
98_3,2.0000553220380275,2.0000744906073185,2.0001007988244255,2.0000501219977576,2.000062565265629
98_4,3.9999458385188826,3.9999498925261485,3.9999480632564874,3.9999356780458215,3.0
98_5,3.0,3.000000000000001,3.0,2.0006674688267942,3.0000000000000004
98_6,3.000000000000001,3.0,3.9999401568884716,3.0,3.0000000000000004
98_7,3.0000000000000004,3.0000000000000004,3.0000000000000004,3.0,3.0
98_8,3.0,3.0,3.0000000000000004,3.0,3.0
98_9,2.000051517292074,2.0000531941403885,2.000051230730189,2.0000503797690277,2.0000500260028224
98_10,3.0,3.0000000000000004,3.0,3.0000000000000004,3.0000000000000004
98_11,3.9999275031461132,3.9999475127899524,3.9999316094052544,3.999938846360905,3.0000000000000004
98_12,3.999910575493793,3.999949620242988,3.999738346565049,3.000000000000001,3.0
98_13,3.0,3.999919678532521,3.9996240529900087,3.0000000000000004,3.0
98_14,2.0000567745149613,2.000052068435978,2.000052974409536,2.0000502295814253,1.0001287477656935
98_15,3.0000000000000004,2.999999999999999,3.0000000000000004,3.0000000000000004,3.000000000000001
99_0,2.0000524963763047,2.0000506273608147,2.0000510356324415,2.000061492281963,2.0000549591134615
99_1,2.0000525853173157,2.000052206032468,2.0000744197056677,2.000051936570467,2.0000751606659617
99_2,2.0002741160038684,3.0,3.0,3.0,2.000155831240912
99_3,3.0000000000000004,3.0,3.0,3.0,3.0
99_4,3.0,3.0000000000000004,2.9999999999999996,3.0000000000000004,2.0003989726133797
99_5,3.0,2.000192676429797,2.0000511738524627,3.0000000000000004,2.000189117534977
99_6,3.0,3.0,3.0000000000000004,3.0000000000000004,3.000000000000001
99_7,3.0000000000000004,3.0,3.0000000000000004,2.9999999999999996,3.0
99_8,3.0000000000000004,2.0001303756109623,2.0000643225967254,2.0000552676189374,2.000070014312988
99_9,2.0000509318329653,2.0000557154619667,2.0001570126989927,2.0002747326093973,2.0000500831995525
99_10,2.000056780277038,2.00009306030319,2.0001020372734266,2.000088933722022,2.0000506273608147
99_11,3.0,3.0,3.0000000000000004,3.0000000000000004,3.0
99_12,3.0,3.0000000000000004,3.0,2.0000803213863607,2.0000850083712063
99_13,2.0000512105609918,2.000065111094375,2.000056110042679,2.0000501226654306,2.0000500259849305
99_14,2.0000503158290255,2.000100458643494,2.0000686395941374,2.0001004853327373,2.000056133310242
99_15,2.0000586938668983,2.0000643219348837,2.000050806115323,3.0000000000000004,2.0000555521301973
