group,COT1,COT2,COT3,COT4,COT5
0_0,2.0000736145187625,2.0000567658249784,1.0002003467637703,2.00016260166154,2.0000686083191144
0_1,2.9999999999999996,3.0000000000000004,2.9999999999999996,3.0,3.0
0_2,2.000080953246209,2.000058706304275,2.000088955454974,3.0,2.9999999999999996
0_3,2.0000572067837825,2.000114259616116,2.000068392292812,3.0,2.86176942841415
0_4,2.9999999999999996,3.0,2.9999999999999996,3.0,2.0104943061773533
0_5,3.0,2.9999999999999996,3.0,3.0,3.0
0_6,2.9999999999999996,2.999999999999999,3.0,2.9999999999999996,2.9999999999999996
0_7,2.9999999999999996,2.999999999999999,2.9999999999999996,3.0,3.0000000000000004
0_8,3.9998416805793586,3.9998675115450673,3.999948393588252,3.6575601900343253,3.9999446968957337
0_9,2.000114279440067,2.999999999999999,2.999999999999999,3.0,2.9999999999999996
0_10,2.999999999999999,2.9999999999999996,3.0,3.0,3.0000000000000004
0_11,2.999999999999999,2.9999999999999996,3.0,3.0,3.0
0_12,3.9999499710829984,3.9999499952079995,3.9999499229751136,3.333322251435177,3.333322516330364
0_13,2.0000745313348207,2.0002002200509694,2.0000571469886483,3.0,3.0
0_14,2.0000501070507126,2.000050440901007,2.0000500756958126,2.0000554105653574,2.0000804262135627
0_15,2.9999999999999996,3.0,3.0,3.0,3.0
1_0,2.000050083628279,2.000050216522921,2.00005123691601,2.000057118381336,2.0000572186377137
1_1,3.999949658030291,2.9999999999999996,3.0,3.33087716206964,3.326749599784631
1_2,3.999941278265231,2.9999999999999996,3.9999453425226106,3.0,3.0
1_3,2.9999999999999996,3.0,2.9999999999999996,3.0,3.0
1_4,2.9999999999999996,2.9999999999999996,3.0,3.0,2.9999999999999996
1_5,3.0,3.0,2.9999999999999996,3.0,3.0
1_6,3.9999499262711633,3.9999467470832797,3.9999488238172245,3.0,3.0
1_7,3.0,2.0010683206232516,2.9999999999999996,3.0,3.0
1_8,4.999881671263523,4.99989888055889,4.999899445512709,3.66283657243245,3.665559955539059
1_9,2.9999999999999996,2.9999999999999996,3.0,3.0,3.0
1_10,2.9999999999999996,2.9999999999999996,2.9999999999999996,2.9999999999999996,3.0
1_11,3.9999499029741674,3.9999494366556436,3.999949370475768,3.9999446906624456,3.9999490009622773
1_12,3.0,3.0,3.999724457316678,3.0,3.0
1_13,3.0,2.9999999999999996,3.0,3.0,3.0
1_14,2.0000652395892917,2.7391627137609507,2.9999999999999996,3.0000000000000004,2.701279495426635
1_15,2.9999999999999996,2.9999999999999996,2.9999999999999996,3.0,2.9999999999999996
2_0,2.0000521956204036,2.0000509448675063,2.0000592552083107,2.6802978536779682,2.000117389643653
2_1,3.0,2.0000904478005292,2.0028011014945077,3.0,3.0
2_2,2.0001324360319326,2.0000552689119364,2.999999999999999,2.0001360507610197,2.000277237015297
2_3,2.9999999999999996,2.9999999999999996,3.0,3.0,3.0
2_4,2.0013393495322007,2.0002252093292086,2.000250075388175,2.0007946605758002,3.0
2_5,2.9999999999999996,2.000115371897703,2.9999999999999996,3.0,2.999999999999999
2_6,3.0,3.0,3.0,3.0,3.0
2_7,2.9999999999999996,2.9999999999999996,3.0,3.0,3.0
2_8,3.9999499448060662,3.99994986822142,3.324928215900317,3.99994323030761,3.9999356773486037
2_9,2.999999999999999,3.0,2.9999999999999996,3.0,3.0
2_10,3.0,3.0,3.9999189636099053,3.0,3.0
2_11,3.0,2.9999999999999996,3.9999107273094037,3.0,3.0
2_12,3.999919446930884,3.999944528041164,3.999946887586087,3.237351343053022,3.0
2_13,2.9999999999999996,2.000062666289225,2.0002297673958074,3.0,3.0
2_14,2.9999999999999996,2.9999999999999996,2.9999999999999996,3.0,3.0
2_15,3.0,2.0000889711612175,2.9999999999999996,2.851560396663255,3.0
3_0,3.0000000000000004,2.0000509901872037,2.9999999999999996,2.688556600490537,2.694257937080182
3_1,2.9999999999999996,2.9999999999999996,3.0,3.0,2.9999999999999996
3_2,3.0,3.0,3.0,2.999999999999999,3.0
3_3,2.9999999999999996,2.000073997570058,2.00005699660115,3.0,2.762648548335806
3_4,2.9999999999999996,2.999999999999999,3.0,3.0,2.9999999999999996
3_5,2.9999999999999996,2.9999999999999996,2.0010575335334324,3.0,3.0
3_6,2.999999999999999,3.0,2.999999999999999,3.0,2.987192757740629
3_7,2.0000647572542,2.00005564983677,2.9999999999999996,3.0,3.0
3_8,3.9999382910716013,4.999899137591075,4.99989854413211,3.9999187628679733,3.999918502853645
3_9,2.0002746042026747,2.000056810302774,2.0002924260859674,2.983731323926409,2.0000539123456833
3_10,2.9999999999999996,2.9999999999999996,2.9999999999999996,3.0,2.9999999999999996
3_11,3.0,2.9999999999999996,2.9999999999999996,3.0,2.9999999999999996
3_12,3.9999499720183227,3.9999499824480256,3.999949925937274,3.333231444594192,3.9999316070574937
3_13,2.9999999999999996,2.9999999999999996,2.999999999999999,2.999999999999999,3.0
3_14,2.000051942482809,2.000059725318384,2.0000579459805987,2.8204095492499515,2.7805919850493015
3_15,2.9999999999999996,2.0000520463359353,2.0002799989298485,2.84121094985708,2.931083544522685
4_0,2.0000511192405224,2.000053112306418,2.000053646257958,2.6718177256616698,2.000100125410163
4_1,2.9999999999999996,2.9999999999999996,2.9999999999999996,3.0,2.9999999999999996
4_2,2.9999999999999996,3.0,2.999999999999999,3.0,3.0
4_3,2.9999999999999996,3.0,2.9999999999999996,3.0,3.0000000000000004
4_4,3.0,3.0,2.9999999999999996,3.0000000000000004,3.0
4_5,3.0,2.9999999999999996,3.0,3.0,3.0
4_6,2.999999999999999,3.0000000000000004,3.0,3.0,3.0
4_7,3.0,3.0,3.0,3.2798703740718476,3.0
4_8,4.999899798355055,4.999900003241473,4.999899827534418,3.666658801455598,4.999889373730994
4_9,2.0000509355104295,2.000063093043619,2.00005937198646,2.6975902402766625,2.67738061039973
4_10,3.0,2.9999999999999996,2.9999999999999996,3.0,3.0
4_11,2.999999999999999,3.9999451845339076,3.999917696669012,3.3267492429665224,3.2901622771014187
4_12,3.999949724812499,3.9999490819757346,3.999949438526984,3.3333085564901155,3.9999388460686043
4_13,3.0,3.0,2.9999999999999996,3.0,3.0
4_14,2.9999999999999996,2.9999999999999996,2.9999999999999996,3.0,2.9999999999999996
4_15,2.9999999999999996,2.9999999999999996,2.001877628406198,3.0,3.0
5_0,2.9999999999999996,2.9999999999999996,2.9999999999999996,3.0,2.9999999999999996
5_1,2.000074047436804,2.00016847851151,2.9999999999999996,3.0,3.0
5_2,3.0,2.9999999999999996,3.0,3.0,3.0
5_3,3.0,3.0,3.0,3.0,3.0
5_4,2.000068881063442,2.0001031921978805,2.0001508194374154,3.0,3.0
5_5,2.000055284676181,2.9999999999999996,2.999999999999999,3.0,2.9999999999999996
5_6,3.0000000000000004,2.0000508097328016,2.0000501270042674,3.0000000000000004,2.0000679230003335
5_7,3.0,2.9999999999999996,3.0,3.0,2.9999999999999996
5_8,2.9999999999999996,2.9999999999999996,3.0000000000000004,3.0,3.0000000000000004
5_9,2.0000549774704144,2.9999999999999996,3.0,3.0,3.0
5_10,2.999999999999999,2.9999999999999996,3.0,2.9999999999999996,3.0
5_11,3.0,2.9999999999999996,2.9999999999999996,2.0002148658538825,3.0
5_12,3.9999470802249375,3.9999486217890037,3.999947801042032,3.317971406919311,3.237351294178006
5_13,2.0000525201325607,2.000066426401665,2.0000509231078656,2.9999999999999996,2.680297805829067
5_14,2.0000503964030507,2.0000511792345304,2.0000514795839495,2.694257913730892,2.000425287715432
5_15,2.000058726860572,2.000053756414497,2.0000644637327754,2.6912555980576123,2.000056188581694
6_0,2.000050975328783,2.000050213441452,2.000052693372564,2.6718178023890276,2.6675779182000716
6_1,2.0000599611405776,2.0000646603726686,2.00005266987202,3.0,2.0001125519012666
6_2,3.0,3.0,3.0,3.0,3.0
6_3,3.0,2.9999999999999996,2.9999999999999996,3.0,3.0
6_4,2.9999999999999996,2.9999999999999996,2.9999999999999996,3.0,2.9999999999999996
6_5,2.9999999999999996,2.999999999999999,3.0,3.0,3.0
6_6,2.9999999999999996,3.0,2.9999999999999996,3.0,2.9999999999999996
6_7,3.0,2.9999999999999996,3.999062689058229,2.9999999999999996,3.0
6_8,3.0,3.0,3.9999304083658886,2.9999999999999996,3.0
6_9,3.0,2.9999999999999996,2.999999999999999,3.0,3.0
6_10,2.0000512676938573,2.000074048932489,2.0000509808120666,2.74650305622932,2.000062071718518
6_11,2.9999999999999996,3.0,2.9999999999999996,3.0,3.0
6_12,3.999949972733546,3.9999496525289935,3.9999488560727787,3.9997746072637645,3.9996123869039977
6_13,2.0000835193087587,2.000080482184358,2.0000571982489856,2.7901418409778236,2.9999999999999996
6_14,2.0000554399039574,2.0000521627581227,2.6668114913752468,2.6667381065009765,2.0000892832657104
6_15,2.0001111519384187,2.000056592783335,2.000054372882231,3.0,2.746503073260832
7_0,2.000051532621044,2.0000517247457794,2.000088965871526,2.9999999999999996,2.746503105431465
7_1,3.0,3.0,2.9999999999999996,3.0,3.0
7_2,2.9999999999999996,2.999999999999999,3.999914408760973,3.0,2.9999999999999996
7_3,2.001347309576252,2.9999999999999996,2.999999999999999,3.0,3.0
7_4,2.9999999999999996,2.9999999999999996,2.9999999999999996,3.0,2.9999999999999996
7_5,3.0,3.9986454870698434,2.999999999999999,3.0,3.0000000000000004
7_6,2.9999999999999996,3.0,3.0,3.0,3.0
7_7,2.000339888647813,2.9999999999999996,3.0,3.0,3.0
7_8,3.999949961588653,3.9999496649495945,3.999949978955617,3.3331882437908353,3.999943234968566
7_9,2.0004336694507407,3.0,3.0,3.0,3.0000000000000004
7_10,3.0,2.999999999999999,2.9999999999999996,3.0,3.0
7_11,3.0,2.9999999999999996,3.9999042983020106,3.0,3.0
7_12,3.999949871070705,3.9999498393876527,3.9999497948365748,3.333299498947513,3.3324220024191957
7_13,2.9999999999999996,2.9999999999999996,3.0000000000000004,3.0,3.0
7_14,2.000051067334321,2.0000506946059247,2.000050725269841,2.668162908281128,2.000100491486152
7_15,2.0000746526842765,2.000122886043677,2.999999999999999,3.0,2.0000823062476774
8_0,1.0002457585691327,1.0008430322522937,2.0000544008758427,2.666685245059242,2.66676791974745
8_1,3.0,3.0,2.9999999999999996,3.0,3.9989722304460464
8_2,2.9999999999999996,2.9999999999999996,3.0,2.999999999999999,2.9999999999999996
8_3,2.000053230567056,2.000055427382829,2.0000574665598685,2.7805920295798066,2.000112553398082
8_4,3.0,2.000068437945773,3.0,2.899811923668649,3.0
8_5,3.0,2.9999999999999996,3.0,3.999326910916169,3.0000000000000004
8_6,2.9999999999999996,2.9999999999999996,3.0,2.9999999999999996,2.999999999999999
8_7,2.000050759008238,2.0000523556513152,2.000052357105505,2.6750716338434426,2.6750716338434426
8_8,4.999895986656293,4.999899853340657,4.999897923871709,3.6665573585046696,3.6665894585123375
8_9,2.0000890450487008,3.0,2.9999999999999996,2.9999999999999996,3.0
8_10,2.999999999999999,3.0,3.0,2.999999999999999,2.9999999999999996
8_11,2.9999999999999996,3.0,2.9999999999999996,3.0,2.9999999999999996
8_12,3.0,3.9994574457026073,3.0,2.9999999999999996,3.0
8_13,2.9999999999999996,2.9999999999999996,3.0,3.0,3.0
8_14,2.762648584539534,2.0000567777272082,2.000054707252565,2.7323224639934516,2.686135246889692
8_15,2.0000515745385083,2.000050344919987,2.000052870605513,2.66912275911206,2.0000507920979804
9_0,2.000224577425475,2.000156549500639,2.999999999999999,2.0016251747374527,2.999999999999999
9_1,2.0000528530710313,2.0000532982062067,2.0000764369963178,2.000071589060253,3.0
9_2,2.9999999999999996,2.0000613360128283,3.0,2.0001966137810254,3.0000000000000004
9_3,2.9999999999999996,3.0,2.9999999999999996,3.0,3.0
9_4,3.0,2.999999999999999,2.9999999999999996,3.0000000000000004,3.0
9_5,2.9999999999999996,2.999999999999999,3.0,3.0,3.0000000000000004
9_6,3.0,2.9999999999999996,3.0,3.999751911803207,2.999999999999999
9_7,3.0,3.0,3.0,3.0,3.0
9_8,3.9999495562859892,3.9999489948889937,3.9999492822691476,3.333029800282503,3.3331852270377884
9_9,2.0000515665761367,2.0000587450619904,2.0001742325863248,3.0,2.0000618846604055
9_10,3.9999429733568066,2.9999999999999996,3.9998980684146033,3.999931347240249,3.1795889272482656
9_11,2.9999999999999996,2.999999999999999,2.9999999999999996,3.0,3.0
9_12,3.999949980743402,3.9999499611836136,3.9999480623982095,3.333322118987179,3.999926383599001
9_13,3.0,2.999999999999999,2.9999999999999996,3.0,3.0
9_14,2.9999999999999996,3.0,3.0,3.0,3.0
9_15,2.9999999999999996,3.0,3.0000000000000004,3.0000000000000004,3.0
10_0,1.0001000026469338,1.0001003631708256,1.0001000195016903,1.0001038806856162,1.00010820431044
10_1,2.000050167073121,2.0000525031107412,2.000050718630658,2.6672221422935283,2.6670504082907263
10_2,2.9999999999999996,2.9999999999999996,2.999999999999999,2.9999999999999996,2.9999999999999996
10_3,3.0000000000000004,2.000052489241939,2.999999999999999,3.0,2.000065459783796
10_4,2.9999999999999996,3.0,3.0,3.0,3.0
10_5,2.0000587832351484,2.0000587146842177,2.0000543712489107,2.0199793872131777,2.668360332609024
10_6,2.0001872367024354,3.0,2.9999999999999996,3.0,3.0
10_7,2.9999999999999996,2.000059962755875,2.9999999999999996,3.0,3.0000000000000004
10_8,2.0000622114057465,3.0,2.000074805808745,2.73994992131204,2.707129530430957
10_9,2.9999999999999996,2.9999999999999996,2.9999999999999996,3.0,2.9999999999999996
10_10,2.0000512859436563,2.9999999999999996,2.9999999999999996,2.709836013339214,2.0003765787907803
10_11,3.0,2.9999999999999996,3.0,2.999999999999999,2.9999999999999996
10_12,3.9999496430045722,3.9999446965982157,3.0,3.313864613128909,3.9978245410732094
10_13,2.9999999999999996,3.0,2.9999999999999996,3.0,3.0000000000000004
10_14,2.9999999999999996,3.0,2.000081659123801,2.7626485338543145,2.9999999999999996
10_15,2.0000568456214505,1.0008859035297493,2.666768025690181,2.666795266142194,2.669812209300818
11_0,2.0000500735917504,2.0000500728706343,2.000050666279494,2.00005553545447,2.0000684679189855
11_1,3.0,3.0,3.0,2.9999999999999996,3.0000000000000004
11_2,2.000080708963112,3.0,2.999999999999999,3.0,3.0
11_3,2.9999999999999996,3.0,2.9999999999999996,3.0,3.0
11_4,3.0000000000000004,2.9999999999999996,2.0003444288453385,3.0,3.0
11_5,2.999999999999999,3.0,3.9999098902857555,3.0,3.319702194170933
11_6,2.9999999999999996,2.0011887028988524,2.9999999999999996,3.0,3.0
11_7,2.9999999999999996,2.9999999999999996,2.0024604454979804,3.0,3.0
11_8,3.9999499888132415,3.9999499955954314,3.9999499900762836,3.9999484874103763,3.999949738836429
11_9,2.9999999999999996,3.0000000000000004,2.9999999999999996,3.0,3.0
11_10,2.0004194560631814,2.9999999999999996,3.0,3.0,2.9999999999999996
11_11,2.000338072581563,2.9999999999999996,2.9999999999999996,2.9999999999999996,2.9999999999999996
11_12,3.9999486217412232,3.9999496643356443,3.999943556632817,3.290163582957073,3.279870355932749
11_13,2.9999999999999996,3.0000000000000004,3.0,3.0,3.0
11_14,2.0000515845097597,2.0000503137315873,1.0008401140730632,2.6667821890069576,2.0000524095819827
11_15,2.9999999999999996,3.0,2.999999999999999,3.0,3.0
12_0,2.000050180906277,2.0000515571037925,2.000052719626672,2.0002388033821377,2.00007388114688
12_1,3.0,2.9999999999999996,2.9999999999999996,3.0,3.0
12_2,2.9999999999999996,3.0,3.0,3.0,3.0
12_3,2.000103944327832,2.999999999999999,3.0,2.9999999999999996,3.0
12_4,3.0,2.9999999999999996,3.0,3.0,3.0
12_5,2.000061173807457,3.0,2.999999999999999,3.0,2.9999999999999996
12_6,2.000050178683145,2.0000504668871444,2.680297756457697,2.746503090292344,3.0
12_7,3.9998714828335564,2.9999999999999996,2.000162744323444,3.0,3.0
12_8,3.9999485308400047,3.9999458965036294,3.9999492672804515,3.999944666114014,3.9999412992018595
12_9,2.0000803504685063,2.000089032052669,2.9999999999999996,2.923999251068759,2.9999999999999996
12_10,2.9999999999999996,3.0,3.0,3.0,3.0
12_11,2.999999999999999,3.0,2.9999999999999996,3.0,3.0
12_12,3.999949821132184,3.9999499460696684,3.9999499207345326,3.091009132562919,3.9998675769408143
12_13,2.000054138106206,2.000068623061758,2.000059178229642,2.667988377535572,2.667295236432456
12_14,2.000050117706963,2.0000501517617657,2.6666889800300373,2.0000612531092705,2.6667075196828023
12_15,2.0000558978560514,3.000000000000001,3.0,2.7323224110656303,2.8000056030656055
13_0,2.0000500494485873,2.000050067161274,2.000050124960177,2.000050139407056,2.000050991051561
13_1,2.0001883815427326,2.000070103651386,2.999999999999999,2.9591923826240665,3.0
13_2,2.9999999999999996,2.9999999999999996,2.9999999999999996,3.0,2.9999999999999996
13_3,2.999999999999999,2.9999999999999996,3.0,3.0,3.0
13_4,2.9999999999999996,3.0,3.0,3.0,3.0
13_5,2.9999999999999996,2.9999999999999996,2.9999999999999996,3.0,3.0
13_6,3.0,3.0,2.9999999999999996,3.0,3.0
13_7,2.9999999999999996,2.9999999999999996,3.0,3.0,3.0
13_8,3.999946955419852,3.999948479126209,3.999949396574589,3.3327474960577765,3.9999388239640497
13_9,3.0,2.999999999999999,2.9999999999999996,3.9994574526442435,3.999829846210345
13_10,3.0,3.0,2.9999999999999996,3.0,2.9999999999999996
13_11,2.9999999999999996,3.0,2.999999999999999,3.0,3.0
13_12,3.9999498665053634,3.9999498312458552,3.9999498690681046,3.332777621168387,3.3331884026911736
13_13,2.9999999999999996,2.9999999999999996,2.9999999999999996,2.9999999999999996,3.0
13_14,2.9999999999999996,2.9999999999999996,2.9999999999999996,3.0,2.9999999999999996
13_15,2.9999999999999996,2.0000695944197653,2.999999999999999,3.0,3.0
14_0,2.0002808170884263,2.0008341130062552,3.0,3.0,3.0
14_1,2.00011419471018,3.0,2.9999999999999996,2.0005616552234735,2.9999999999999996
14_2,2.999999999999999,2.0003379485314423,2.9999999999999996,2.9999999999999996,2.9999999999999996
14_3,3.0,3.0,2.9999999999999996,3.0,3.0
14_4,3.0,2.000073617714986,3.0,2.0001713648491193,2.9999999999999996
14_5,2.9999999999999996,2.9999999999999996,2.9999999999999996,2.999999999999999,2.9999999999999996
14_6,2.0000586912499196,2.0000567649190444,2.000052822645532,2.000055819678733,2.0000515335564857
14_7,2.999999999999999,3.0,2.999999999999999,2.9999999999999996,3.0
14_8,3.0,3.0,2.9999999999999996,2.9999999999999996,3.0
14_9,2.9999999999999996,3.0,2.9999999999999996,3.0,3.0
14_10,2.000099999486666,2.000058696709377,2.000156322587311,2.9999999999999996,2.0000755555418293
14_11,2.00005868844409,3.0000000000000004,2.9999999999999996,2.0000658086742464,2.0001143183095595
14_12,3.999945884947146,3.999926154104618,3.0000000000000004,3.999899827507579,3.0000000000000004
14_13,2.9999999999999996,3.0,3.0,3.0,2.9999999999999996
14_14,2.0001148243927473,2.000662443062323,2.999999999999999,3.0,3.0
14_15,2.9999999999999996,3.0,2.999999999999999,3.0,2.9999999999999996
15_0,2.000073617140804,2.9999999999999996,2.9999999999999996,2.9999999999999996,2.6912555511043994
15_1,2.9999999999999996,3.0,3.0,2.9999999999999996,3.0
15_2,2.9999999999999996,2.9999999999999996,2.9999999999999996,2.000224824911761,3.0
15_3,2.9999999999999996,2.9999999999999996,3.0,2.999999999999999,3.0
15_4,2.9999999999999996,2.999999999999999,2.9999999999999996,2.9999999999999996,3.0
15_5,2.999999999999999,2.9999999999999996,2.9999999999999996,3.0,3.0
15_6,3.0,2.9999999999999996,3.0,3.0,2.9999999999999996
15_7,2.9999999999999996,3.0,3.0,3.0,2.9999999999999996
15_8,3.999931572554649,3.999949306573424,3.999942059776361,3.3258932084172663,3.0
15_9,3.0,2.9999999999999996,2.999999999999999,3.0,2.9999999999999996
15_10,3.0,2.999999999999999,2.9999999999999996,2.000159966708845,2.0000701116670463
15_11,2.9999999999999996,2.0001142201270024,2.999999999999999,2.0000823083858807,2.9999999999999996
15_12,3.999949984206062,3.999949731553688,3.999949886333667,3.9999263106906593,3.9999484892394293
15_13,3.0,2.9999999999999996,2.9999999999999996,3.0,2.9999999999999996
15_14,2.9999999999999996,2.9999999999999996,2.999999999999999,2.9999999999999996,2.000248107718227
15_15,3.0000000000000004,2.0000502995818397,2.000052121288697,2.000057217684503,2.0000513437089955
16_0,3.0000000000000004,2.0001324931313618,2.0010545126955335,2.9999999999999996,2.0001000916762863
16_1,2.9999999999999996,2.9999999999999996,2.9999999999999996,3.0,3.0
16_2,3.0,3.9999417257867043,3.999947576459758,3.3197021463220313,3.999761201655599
16_3,3.0,3.0,2.9999999999999996,3.0,2.9999999999999996
16_4,2.9999999999999996,3.0,2.9999999999999996,3.0,3.0
16_5,2.9999999999999996,3.0,3.0,3.0562434752770837,3.008907460334263
16_6,3.0,3.0,2.9999999999999996,3.0,2.9999999999999996
16_7,2.9999999999999996,2.9999999999999996,3.9999304084584404,3.0,3.1587887202039924
16_8,4.999899782657086,4.99990000283621,4.999899983478453,3.666656523356582,4.999893599322772
16_9,2.9999999999999996,2.9999999999999996,3.267677486999313,3.0,3.1587887202039924
16_10,2.9999999999999996,2.9999999999999996,2.9999999999999996,3.0,3.0
16_11,2.9999999999999996,3.0,3.0,3.0,3.0
16_12,3.999949286030336,3.999949993414036,3.9999499252101822,3.3333195230194983,3.9999447318092862
16_13,3.0,2.9999999999999996,3.0,3.0,3.998881121971235
16_14,2.9999999999999996,3.0,3.0,3.0,2.988646876209099
16_15,2.0000890114393717,2.999999999999999,2.9999999999999996,2.9999999999999996,3.0
17_0,2.0000506904941653,2.000050188838676,2.0000517223855243,2.669812209300818,2.000116134251649
17_1,2.9999999999999996,2.999999999999999,2.9999999999999996,3.0,2.9999999999999996
17_2,2.9999999999999996,2.9999999999999996,3.0,3.0,3.0
17_3,3.0,3.0,2.9999999999999996,3.999623434234696,2.9999999999999996
17_4,3.999945894155588,3.999935666131619,3.999949919137092,3.999942971996767,3.999949533935426
17_5,2.9999999999999996,3.0000000000000004,3.9999485634344625,3.9999467992083493,3.999947079927011
17_6,3.0,3.0,3.99994586179256,3.2373439847258547,3.0
17_7,3.9994982870945837,3.0,3.9999423200128397,3.305741929192088,3.118519741326452
17_8,2.999999999999999,2.0000795821146844,2.000056862940751,3.0,2.6861353158036154
17_9,3.9999484465316333,2.9999999999999996,3.3138646841963837,3.0,3.0
17_10,2.9999999999999996,2.9999999999999996,2.9999999999999996,3.9995570806907956,3.0
17_11,3.9999475083858553,3.999949868263238,3.9999499191012755,3.999941288056391,3.999949614640623
17_12,2.9999999999999996,2.9999999999999996,3.0,3.0,3.0
17_13,2.9999999999999996,3.999467054824648,3.0,3.0,3.0
17_14,2.0001052659588514,2.000115236491199,2.9999999999999996,3.0,2.9999999999999996
17_15,3.0,2.9999999999999996,3.0,3.0,2.9999999999999996
18_0,2.000050809232653,2.0000517102748883,2.0000503218962145,2.6670060763074854,2.0000505753599063
18_1,2.9999999999999996,2.999999999999999,2.999999999999999,3.0,3.9980533460232137
18_2,2.0001000010715435,3.0,2.9999999999999996,3.0,2.0000957032004028
18_3,2.000226011431519,2.9999999999999996,2.9999999999999996,2.9999999999999996,2.999999999999999
18_4,2.000226011431519,3.0,2.9999999999999996,3.0,2.999999999999999
18_5,3.0,3.0,2.9999999999999996,3.0,3.0
18_6,2.000052533548823,2.000088946756175,2.000064368775244,2.720129565464486,2.0000503237917138
18_7,3.9998857472683307,3.0,3.9999164817710664,3.0,3.0
18_8,2.0000696667089692,2.9999999999999996,2.0001026090725045,3.0,2.0000920517907215
18_9,3.0,3.0,3.0,3.0,3.0
18_10,2.9999999999999996,2.9999999999999996,2.9999999999999996,2.999999999999999,2.0023083333084104
18_11,2.9999999999999996,2.9999999999999996,2.9999999999999996,2.9999999999999996,2.0023083333084104
18_12,3.9999497353140034,3.9999494727373635,3.999949746232834,3.999949034463359,3.9999263107039225
18_13,2.9999999999999996,3.0,3.0,3.0,3.0
18_14,3.0,3.0,3.0,3.0,2.9999999999999996
18_15,2.000050712265316,2.0000506394114774,2.000050807807938,2.0000739620152554,2.0000616488185226
19_0,2.0013395240075957,2.999999999999999,3.0,3.0,2.9999999999999996
19_1,2.9999999999999996,2.9999999999999996,2.9999999999999996,3.0,2.9999999999999996
19_2,2.9999999999999996,2.9999999999999996,3.0,3.0,3.9997714198477397
19_3,2.9999999999999996,2.9999999999999996,2.9999999999999996,3.0,3.0
19_4,3.0,3.0,3.0,3.0,3.0408066465424826
19_5,3.0,2.9999999999999996,3.0,3.0,3.0
19_6,3.0,2.9999999999999996,2.9999999999999996,3.0000000000000004,3.0
19_7,2.9999999999999996,2.9999999999999996,3.0,3.997763739578868,3.0
19_8,2.0000879426281344,3.0,2.000157354105426,2.881473822757764,2.9999999999999996
19_9,3.2534961319361013,2.9999999999999996,2.9999999999999996,3.294647167804867,3.2534960354244125
19_10,2.999999999999999,2.9999999999999996,2.9999999999999996,3.0,3.0
19_11,2.9999999999999996,2.9999999999999996,2.9999999999999996,3.0,3.0
19_12,3.9999498991715563,3.999949924196754,3.3331882967442796,3.9999356754350748,3.9999316091850483
19_13,3.0,3.0,3.0,3.0,3.0
19_14,3.0,2.9999999999999996,3.0,3.0,3.0000000000000004
19_15,2.9999999999999996,2.9999999999999996,2.9999999999999996,3.0,3.0
20_0,2.000050040521182,2.0000515126252174,2.0000519399854224,2.6666752850343656,2.0000645783355426
20_1,2.00022859708758,3.0,3.0,3.0,2.0003129618520252
20_2,2.00008032475409,2.9999999999999996,2.9999999999999996,3.0,2.0015271516874216
20_3,3.0,2.999999999999999,3.9999300997417597,2.9999999999999996,3.0
20_4,3.9999490843778416,2.9999999999999996,3.9999492035214437,3.3301877124064028,3.3331879259680552
20_5,2.0001499862928904,2.000339602863447,2.9999999999999996,3.0,2.9999999999999996
20_6,2.9999999999999996,2.9999999999999996,2.999999999999999,3.0000000000000004,3.0
20_7,3.0,3.999910684270884,2.9999999999999996,3.0,3.0000000000000004
20_8,2.666732042549405,2.000050354069159,2.0000509980071355,2.6666852980376268,2.6669049769576603
20_9,3.3114432837071344,3.0,3.0,3.999658257860593,3.9997751743014924
20_10,3.0,2.999999999999999,2.9999999999999996,3.0,2.9999999999999996
20_11,3.0,3.0,2.9999999999999996,3.0,3.0
20_12,3.999949640626528,3.999949909982767,3.9999498502941813,3.3331486779759514,3.999948062159877
20_13,2.9999999999999996,2.9999999999999996,2.000224609940797,3.0,3.0
20_14,2.000254804692745,2.0001866109196165,3.0,3.0,3.0
20_15,2.000052490374464,2.0000512163065958,2.000186234476613,2.7259808926619216,2.000052097597918
21_0,2.0000500122715392,2.000050041182361,2.000050166906252,2.6667074931974932,2.6666778280336247
21_1,2.820409618500252,2.0000509289005137,2.000061179105079,3.0,2.7805919781984545
21_2,2.9999999999999996,2.9999999999999996,3.0,2.000723115778383,2.0000957068560545
21_3,3.0,3.0,2.9999999999999996,3.0,3.0
21_4,2.000065454378633,2.0000577583898504,3.0000000000000004,2.720129553371753,2.670693301441933
21_5,2.9999999999999996,2.000062070652188,3.0,3.0,2.9999999999999996
21_6,2.00006432410503,2.000080327458496,2.9999999999999996,2.0001228823624277,2.000065657395717
21_7,2.000339166126395,2.000424638507717,3.0,3.0,2.999999999999999
21_8,3.9999497151157146,3.9999498984086057,3.9999496939873467,3.999919676683618,3.9999432351116075
21_9,2.999999999999999,2.9999999999999996,3.0,3.0,3.998560324526874
21_10,3.0,2.000134366817794,2.9999999999999996,3.0,2.9164169730188885
21_11,2.9999999999999996,2.999999999999999,3.0,2.0003043792547466,2.9999999999999996
21_12,3.999949019873236,3.9999497007161118,3.99994924217738,3.3267495740462034,3.3308771879734063
21_13,3.999579961985227,2.9999999999999996,3.0,3.0,2.9999999999999996
21_14,2.000057759670886,2.0000644330814046,2.6975902634823203,2.6787548008907933,2.667006049854042
21_15,2.999999999999999,2.0001007078686186,2.000186697943579,3.0,2.9999999999999996
22_0,2.0000509169987772,2.9999999999999996,2.0000541031685186,2.0000521641883857,2.0000503625801986
22_1,3.0,3.0,2.9999999999999996,3.0,3.0
22_2,2.9999999999999996,3.0,2.9999999999999996,2.9999999999999996,3.0
22_3,2.9999999999999996,2.9999999999999996,3.9999152304000436,3.0,3.0
22_4,2.9999999999999996,2.9999999999999996,2.9999999999999996,2.949361568124017,2.9999999999999996
22_5,2.000155950544914,2.9999999999999996,2.9999999999999996,2.871763378550062,2.7626485610071114
22_6,3.0,2.0001861561931387,3.0,2.9999999999999996,2.0053112735946965
22_7,3.999949084980145,3.0000000000000004,3.9999478010241285,3.0,3.0000000000000004
22_8,3.9999497224999554,3.9999479882496067,3.9999497809025653,3.999948477433636,3.3314157886604914
22_9,3.999935653491996,3.9997754986123604,3.9998999489794467,3.9999381178061455,3.0
22_10,2.000052684527621,2.000052505763259,2.000050472811611,2.000081367623583,3.0000000000000004
22_11,3.0,3.0,2.9999999999999996,3.0,3.0
22_12,3.9999497969229743,3.9999499476487164,3.9999499034509745,3.9999316086119623,3.9999480631316886
22_13,3.9999467842608154,3.0,2.9999999999999996,2.9999999999999996,3.0
22_14,2.9999999999999996,2.001054128614456,2.9999999999999996,3.0,2.9999999999999996
22_15,2.999999999999999,3.0,2.9999999999999996,2.7053527740019727,2.000118299040677
23_0,2.0000503910746317,2.000050508220289,2.0000541217461443,2.675071683197686,2.000101032371588
23_1,3.0,3.0,2.9999999999999996,3.000000000000001,2.999999999999999
23_2,3.0,2.9999999999999996,2.0028573135324583,3.0,2.9871927324444254
23_3,2.9999999999999996,3.0,2.0000639574352683,3.0,2.9793954852250844
23_4,3.0,3.0,3.0,3.0,2.9999999999999996
23_5,3.999832998800413,3.999930407447324,3.9999406007532747,3.294646814489398,3.3087440860754227
23_6,3.0,3.0,3.0,3.0,2.9999999999999996
23_7,2.999999999999999,3.0,2.999999999999999,2.9999999999999996,2.999999999999999
23_8,3.9999196570329847,3.9999447009966786,3.9999488818800555,3.9998857734816435,3.9999356502953467
23_9,3.999948393504653,3.0000000000000004,3.999949921789263,3.3330981452969706,3.3314161560428843
23_10,3.0,3.0,2.9999999999999996,3.0,3.0
23_11,3.9999388457707985,3.999926300564175,3.9999446230067695,3.999869683776264,3.9998888523849225
23_12,3.99994991163928,3.999949981947579,3.999949564987235,3.333124916538127,3.999944729675435
23_13,3.0,2.9999999999999996,2.999999999999999,2.9999999999999996,3.0
23_14,2.000050480964713,2.0000501267956876,2.0000501419758314,2.6667303208655095,2.6666967147960507
23_15,2.000058701263031,2.000050424618389,2.0000524969006186,2.74650305622932,2.000114430420482
24_0,3.9999484893054627,3.9997254775168782,3.0,3.0,3.999930099908113
24_1,2.9999999999999996,2.9999999999999996,2.9999999999999996,2.9999999999999996,3.0
24_2,3.0,2.0001141972485246,2.9999999999999996,3.0,2.9999999999999996
24_3,2.9999999999999996,3.0,3.0,3.0,3.0
24_4,2.9999999999999996,2.9999999999999996,3.0,3.0,3.0
24_5,3.0,2.999999999999999,2.9999999999999996,3.0,3.0
24_6,2.9999999999999996,2.9999999999999996,2.9999999999999996,3.0,3.0
24_7,3.9998857501403453,2.9999999999999996,3.0,3.0,2.9999999999999996
24_8,3.999931272888861,4.999891775817956,4.999889426904968,3.6664409154167217,3.9998714865279923
24_9,2.9999999999999996,3.0,3.0,3.267669024515218,3.0
24_10,3.0,3.0,2.9999999999999996,3.0,3.0
24_11,2.9999999999999996,2.9999999999999996,3.0,3.0,2.9999999999999996
24_12,3.9999496642402264,3.9999499204541484,3.999949738610222,3.3333213243021844,3.999911065249972
24_13,2.9999999999999996,2.9999999999999996,2.9999999999999996,3.0000000000000004,3.0
24_14,2.9999999999999996,2.9999999999999996,2.9999999999999996,3.0,2.9768414668447463
24_15,2.999999999999999,3.0,2.9999999999999996,3.0,2.999999999999999
25_0,3.0,2.9999999999999996,2.9999999999999996,3.0,3.0
25_1,2.9999999999999996,2.999999999999999,3.0,3.0,3.0
25_2,3.0,2.999999999999999,2.9999999999999996,3.0,3.0
25_3,3.0,3.0,3.0,3.0,3.0
25_4,2.9999999999999996,3.0,2.999999999999999,3.0,3.0
25_5,3.0,2.9999999999999996,2.9999999999999996,3.0,3.0
25_6,3.0,3.0,2.999999999999999,2.9999999999999996,2.9999999999999996
25_7,2.9999999999999996,2.9999999999999996,2.9999999999999996,3.0000000000000004,3.0
25_8,4.9998814932072,4.999899100817272,3.9998436009305403,3.666200738093236,3.665802580582762
25_9,3.0,3.0,2.9999999999999996,3.0,3.0
25_10,2.9999999999999996,2.9999999999999996,2.9999999999999996,3.0,3.0000000000000004
25_11,2.999999999999999,2.9999999999999996,3.0,3.0,3.0
25_12,3.9999498417778536,3.9999499966798586,3.9999499635198346,3.3333211918545933,3.999935676960757
25_13,2.9999999999999996,2.9999999999999996,2.9999999999999996,3.0,3.0
25_14,3.0,3.0,2.9999999999999996,3.0,3.0
25_15,2.9999999999999996,3.0,2.9999999999999996,2.999999999999999,3.0
26_0,2.000053307801937,2.000051409536895,2.000050701817757,2.667295289360718,2.667157627931882
26_1,2.9999999999999996,3.0,2.9999999999999996,3.0000000000000004,3.0000000000000004
26_2,3.9999498742828457,3.0000000000000004,3.9999496736928895,3.3320114638458636,3.3332531287596323
26_3,2.9999999999999996,2.9999999999999996,2.9999999999999996,3.0,3.0
26_4,2.9999999999999996,2.9999999999999996,2.9999999999999996,2.999999999999999,3.0
26_5,2.9999999999999996,3.0,3.0,3.0,2.999999999999999
26_6,2.9999999999999996,2.9999999999999996,3.0,3.0,2.9999999999999996
26_7,3.9998763925714695,2.9999999999999996,3.3179715769437825,3.0,3.2987204605806726
26_8,3.999945561129313,3.999949829732608,3.9999467996435647,3.0000000000000004,3.999930693954499
26_9,2.9999999999999996,3.9999078699377626,3.0,3.0,3.0
26_10,3.9999430554214483,2.9999999999999996,3.0,3.0,3.118526114553286
26_11,3.9998874512498577,3.0,2.9999999999999996,2.999999999999999,3.0
26_12,3.9999499052801335,3.9999499265869547,3.9999499636868325,3.9999468010264314,3.999946805317264
26_13,3.0,3.0,3.0,2.800005628665579,2.899811905637752
26_14,2.0000506242078675,2.0000504449182697,2.000050194256044,2.667295236432456,2.6667303473543544
26_15,2.9999999999999996,2.9999999999999996,2.9999999999999996,3.0,3.0
27_0,2.0000500400859393,2.0000500824066623,2.6666744903453297,2.000114368982027,2.6666735632066048
27_1,2.0000507588175953,2.0000515940986805,2.000055427722696,2.667295236432456,2.0000627909234154
27_2,2.0000736154315346,2.9999999999999996,2.000080418984036,2.9999999999999996,2.000339380387134
27_3,2.0000542828979344,2.000060884131054,2.000051544695384,2.701279495426635,2.000052762991223
27_4,2.0000616444307324,2.000051512422627,2.000050480107083,2.0004215142299686,2.6669668410733127
27_5,2.0000507552532256,2.0000504947145705,2.0000505427284736,2.6667303473543544,2.673250425953797
27_6,2.000050203238041,2.0000502261004183,2.0000506131222213,2.66836041189574,2.666746818268433
27_7,2.999999999999999,2.9999999999999996,2.999999999999999,3.0,2.9999999999999996
27_8,3.999949933464441,3.9999499388819664,3.999949922152835,3.333241770103178,3.999949285356573
27_9,2.0000504778714334,2.0000644475520204,3.0,2.694257937080182,3.0
27_10,2.000050986771982,2.000060475487876,2.0000589836317477,3.0,2.7391626964085973
27_11,2.0000822622252192,2.000066263796549,2.0000589836317477,3.0,2.7391626964085973
27_12,3.0,2.9999999999999996,2.9999999999999996,3.0,3.0
27_13,2.0000600198090415,2.000122889747154,3.0,3.0,3.0
27_14,2.0000506327779624,2.0000515453686885,2.0000552693356104,2.6912555724467695,2.668360359052707
27_15,2.0000579409327988,2.000051374516006,2.000050103808275,3.0,2.0006655442508317
28_0,2.0000516648895914,2.000050916200183,2.000056890403539,2.6718177514579375,2.6667468447544005
28_1,3.0,3.0,2.9999999999999996,3.0,3.0
28_2,2.0000509543320275,2.0000503459093504,2.00005729944311,2.66883676092526,2.671221384797289
28_3,2.0002269934798984,2.000053577372688,2.9999999999999996,3.0,3.0000000000000004
28_4,2.0000502574382906,2.0000511830727037,2.00005091616434,2.000845894173211,2.0000555477911046
28_5,2.9999999999999996,2.0000554102547956,3.0,2.9310835509398157,3.0
28_6,2.000226982541063,2.0000541317047595,2.0002743714058155,2.999999999999999,2.677380635750186
28_7,2.000116391427764,3.0,3.0,3.0,3.0
28_8,2.9999999999999996,3.0,2.9999999999999996,3.0,3.0
28_9,2.9999999999999996,2.9999999999999996,2.9999999999999996,3.0,2.9999999999999996
28_10,2.0000552699075707,2.000050229265564,2.000053876872974,2.6718177514579375,2.6669322219674023
28_11,2.9999999999999996,2.0000685512295875,3.0,2.9999999999999996,2.999999999999999
28_12,2.9999999999999996,3.0,2.9999999999999996,3.0,3.9978816806107442
28_13,2.000146758193761,2.000338270324529,2.9999999999999996,2.841210968558087,2.714754172733616
28_14,2.000051196471078,2.000050942263021,2.000050253391636,2.666675708868545,2.000064463710214
28_15,2.999999999999999,2.9999999999999996,2.0001209608188604,3.0,3.0
29_0,2.0000612540274165,2.000054131120978,2.000050989334894,2.6674717587393637,2.667006023356175
29_1,3.0,3.0,2.9999999999999996,3.0,3.0
29_2,3.0,2.999999999999999,2.9999999999999996,3.0,3.0
29_3,3.0,3.0,3.0,3.0,2.999999999999999
29_4,2.9999999999999996,2.9999999999999996,2.999999999999999,3.0,3.0
29_5,3.0,2.999999999999999,2.9999999999999996,3.0,3.0
29_6,2.9999999999999996,2.999999999999999,2.9999999999999996,2.9999999999999996,3.0
29_7,3.0,3.0,3.0,3.0000000000000004,3.0
29_8,3.9999448671830278,3.9999315572506617,3.0,3.0,3.0
29_9,2.999999999999999,3.0,2.9999999999999996,3.0,3.0
29_10,3.0,2.9999999999999996,2.9999999999999996,3.0,3.0
29_11,2.9999999999999996,3.0,2.9999999999999996,3.0,3.0
29_12,3.999949085373497,3.999949737972492,3.9999492869477566,3.333324185173396,3.9999263850292697
29_13,3.0,2.0035825433345997,2.9999999999999996,3.083582138412601,3.0033293847313676
29_14,2.9999999999999996,2.9999999999999996,2.0000564461692565,3.0,2.000356027630909
29_15,2.0000645850639622,2.0000828124177765,3.0,3.0,3.0
30_0,2.0005250946549316,3.0,3.0,3.0,3.000000000000001
30_1,2.9999999999999996,2.9999999999999996,2.9999999999999996,3.0,3.0
30_2,3.0,2.000052509083164,2.0000560427134544,2.841210968558087,2.0001106454832067
30_3,2.9999999999999996,2.000132987303322,2.9999999999999996,3.0,3.0
30_4,2.0001560666944287,2.9999999999999996,2.9999999999999996,3.0,3.0
30_5,2.9999999999999996,2.9999999999999996,3.0,3.0,3.0
30_6,2.000099994012282,2.00011427972574,2.9999999999999996,3.0,3.0
30_7,2.0000567812791727,2.0000534262385297,3.000000000000001,3.0,3.0
30_8,3.9999498702064895,3.9999494115103666,3.9999394581639636,3.9998856828746625,3.317018590688672
30_9,2.0001645293005716,3.0,2.9999999999999996,3.0,3.0
30_10,2.000055268417856,2.9999999999999996,2.9999999999999996,3.0,3.0
30_11,3.0,3.0,2.9999999999999996,3.0,3.0
30_12,3.9999341682372362,2.999999999999999,3.9999453425581364,3.9998437366246935,3.3160329569782565
30_13,3.0,2.9999999999999996,2.9999999999999996,3.0,2.9999999999999996
30_14,3.0,2.0001720681882214,2.000162745299786,3.0,2.000110645642522
30_15,3.0,2.9999999999999996,2.9999999999999996,3.0,3.0
31_0,2.0000650508819806,2.0000508587942543,2.000050643869989,2.6718177256616698,2.6675779446529195
31_1,3.999935518852183,3.0,3.999919049193527,3.0,3.0
31_2,2.9999999999999996,3.0,3.0,3.0,3.99976120225248
31_3,3.9998856993953553,2.9999999999999996,2.9999999999999996,3.998840924926985,3.0454999979900905
31_4,2.0001392046197943,2.0001324568185206,2.0001881038701406,3.0,2.7805919850493015
31_5,3.9999412896004225,2.9999999999999996,3.999942320053791,3.0,3.3267495740462034
31_6,3.0,2.00015626914081,3.0,3.0,3.0000000000000004
31_7,3.0,3.0,2.9999999999999996,3.0,3.0000000000000004
31_8,4.999883072722236,4.9998999906425,4.9998999245010545,3.666629451360506,3.666643596541592
31_9,3.0,2.9999999999999996,2.9999999999999996,3.0,3.0
31_10,2.0000532807498512,2.000053274051036,2.00005433560255,2.694257913730892,2.6885566251521458
31_11,3.999944724514279,3.995988051610223,2.9999999999999996,3.0,3.0
31_12,3.9999499521487616,3.9999499881636407,3.999949941176178,3.33324306712365,3.999948062576971
31_13,2.9999999999999996,3.0,2.9999999999999996,3.0,3.0
31_14,2.0001111533454856,2.9999999999999996,3.0,3.0,3.0
31_15,3.0000000000000004,2.0000502860108598,2.0001324896737023,3.0,2.8000056350655718
32_0,2.0000503806866403,2.0000506371288473,2.000052488961921,2.667698230066585,2.6691228379303595
32_1,2.9999999999999996,2.9999999999999996,3.0,3.0,2.9999999999999996
32_2,2.999999999999999,3.0,2.9999999999999996,3.17959029751537,2.9999999999999996
32_3,2.9999999999999996,2.9999999999999996,2.9999999999999996,3.014439228361737,3.026001010581012
32_4,3.9999177398640775,3.9998440924081846,2.9999999999999996,3.1691995381032427,3.219407833403297
32_5,2.9999999999999996,3.0,2.9999999999999996,3.0,3.0
32_6,2.999999999999999,3.0,2.9999999999999996,2.9999999999999996,2.9999999999999996
32_7,3.0,2.9999999999999996,3.0,3.0,2.9999999999999996
32_8,3.9999498706356165,3.9999499034450037,3.9999492797902567,3.9999458625196,3.999948475425433
32_9,2.9999999999999996,3.0,2.9999999999999996,3.0,3.138229952128727
32_10,2.9999999999999996,2.9999999999999996,3.0,3.0,2.9999999999999996
32_11,2.9999999999999996,2.9999999999999996,3.0,3.0,2.9999999999999996
32_12,3.9999498324798464,3.9999495632648183,3.9999498195227203,3.999943219006991,3.999946804452934
32_13,2.9999999999999996,2.9999999999999996,2.9999999999999996,3.0,2.9999999999999996
32_14,2.000064328150935,2.0000552699432186,2.0000891167412362,3.0,2.0000596040462013
32_15,2.9999999999999996,3.0,3.0,2.9999999999999996,3.0
33_0,2.9999999999999996,2.0003376580316043,2.9999999999999996,2.9999999999999996,2.00012535117765
33_1,3.0,2.9999999999999996,2.9999999999999996,3.0,2.9999999999999996
33_2,2.999999999999999,3.0,3.0,3.0,2.9999999999999996
33_3,2.999999999999999,3.0,3.0,3.0,2.9999999999999996
33_4,2.000188718826895,3.0,3.0,2.9999999999999996,2.9999999999999996
33_5,2.999999999999999,2.00018783607205,3.0,3.0,2.9999999999999996
33_6,2.9999999999999996,2.9999999999999996,2.9999999999999996,2.9999999999999996,2.9999999999999996
33_7,2.9999999999999996,3.0,2.9999999999999996,3.0,3.0
33_8,4.998904469852684,4.99987764414877,3.99992612364609,3.9999387800982706,3.9999467306814185
33_9,2.9999999999999996,2.0004583143428176,3.0,3.0,2.9999999999999996
33_10,2.0001858958884817,2.9999999999999996,2.9999999999999996,3.0,2.9999999999999996
33_11,3.9999497931980175,3.999949840478129,3.999948112909987,3.332528136253527,3.999943220634805
33_12,3.999949913499283,3.9999497389557033,3.9999499658736566,3.9999432278098017,3.999949085206504
33_13,2.9999999999999996,2.9999999999999996,2.9999999999999996,2.9999999999999996,2.9999999999999996
33_14,3.0,2.9999999999999996,3.0,3.0,2.9999999999999996
33_15,2.9999999999999996,2.999999999999999,2.9999999999999996,3.000000000000001,3.0
34_0,2.000050061403907,2.000050493844539,2.0000531971974134,1.0001302641808714,2.0000510000925034
34_1,2.000155860536285,2.999999999999999,2.000134138827344,2.0000627921741603,3.0
34_2,2.9999999999999996,3.0,3.0,2.9999999999999996,2.9999999999999996
34_3,2.00005527235625,2.0000509168379375,2.0000686552455758,2.0005328608527693,2.0000564553234605
34_4,2.9999999999999996,2.9999999999999996,2.9999999999999996,3.0,2.9999999999999996
34_5,2.9999999999999996,3.0,3.0,3.0,3.0
34_6,3.0,3.0,2.000073615826091,2.00008272039343,2.0000510793554738
34_7,2.9999999999999996,3.0,2.000194582536898,3.0,2.9999999999999996
34_8,2.0000505577126466,2.0000505386342375,3.0000000000000004,2.6668304688805216,2.0000699412630727
34_9,3.0,2.0009358520926823,3.0,2.999999999999999,3.000000000000001
34_10,3.0,3.0,3.0,3.0000000000000004,2.9999999999999996
34_11,2.9999999999999996,3.0,2.9999999999999996,3.0,2.9999999999999996
34_12,3.9999498620589446,3.9999498265734537,3.999949430814617,3.3332034369408534,3.3332764037156597
34_13,2.0000586873167485,2.0000611554504037,2.000099996271991,2.000053751825705,2.000063645561374
34_14,2.000055268203425,2.0000503446640243,2.000051517715067,3.0,2.0000526779599164
34_15,2.999999999999999,2.000073656005369,2.9999999999999996,2.9999999999999996,2.0002002142856385
35_0,2.0000501788678156,2.000050298038191,2.000050631723487,2.6669668146183083,2.0001325523627482
35_1,2.999999999999999,3.999911057070849,2.9999999999999996,3.2740190337320336,3.0
35_2,2.9999999999999996,2.9999999999999996,2.999999999999999,3.0,2.9999999999999996
35_3,2.999999999999999,3.0,3.999924446436069,3.0,3.9999394625220024
35_4,3.0,3.999882612692158,2.9999999999999996,3.1091592374477646,3.045493843745647
35_5,2.9999999999999996,3.999910257342923,2.9999999999999996,3.100187616544472,3.0506356337695513
35_6,3.0,3.0,2.9999999999999996,2.9999999999999996,2.9999999999999996
35_7,2.9999999999999996,2.9999999999999996,3.9999356502490175,3.3197021708989665,3.237351174705773
35_8,3.99994935810913,3.9999495449733757,3.999945293688897,3.3327267754966154,3.332405906169451
35_9,3.0,2.999999999999999,2.9999999999999996,3.0,3.0
35_10,3.0,3.0,2.999999999999999,2.9999999999999996,3.0
35_11,2.9999999999999996,2.9999999999999996,2.9999999999999996,2.9999999999999996,3.0
35_12,3.9999499927406528,3.999949991858445,3.999949997675226,3.333313668883716,3.999948825652755
35_13,3.0,2.999999999999999,3.0,3.0,2.999999999999999
35_14,2.000114318358712,2.9999999999999996,2.9999999999999996,3.0,2.680297756457697
35_15,2.9999999999999996,2.9999999999999996,2.9999999999999996,3.9991295317473954,3.0
36_0,2.0000502559661553,2.000050327547136,2.0000506847364883,2.6667567209917857,2.6666808478326463
36_1,3.0,2.9999999999999996,3.0,3.0,3.0
36_2,2.9999999999999996,3.0,3.0,3.0000000000000004,3.0000000000000004
36_3,2.9999999999999996,2.9999999999999996,3.0,3.0,3.0000000000000004
36_4,3.0,3.0,3.0,3.0,3.0
36_5,2.9999999999999996,2.9999999999999996,3.0,3.0,3.0
36_6,2.9999999999999996,2.9999999999999996,2.9999999999999996,3.0,3.000000000000001
36_7,2.9999999999999996,2.999999999999999,2.9999999999999996,2.86176942841415,2.999999999999999
36_8,3.999931428263426,3.999917696481372,3.9999473082608366,3.0000000000000004,3.0
36_9,3.0,3.0,2.9999999999999996,3.0,3.0
36_10,3.0,2.9999999999999996,3.0,3.0,3.0
36_11,2.0004199195785617,2.9999999999999996,2.9999999999999996,3.0000000000000004,3.0
36_12,3.999949445333241,3.999948059233842,3.999949979509755,3.332777621168387,3.999926334232192
36_13,2.000132858476205,2.0004221909060105,3.0,3.0000000000000004,3.0000000000000004
36_14,2.0000786470787006,3.0,2.001376987207369,3.0,3.0
36_15,3.0,2.9999999999999996,2.999999999999999,3.0,3.0
37_0,2.000050036307198,2.000050302359483,2.0000515268516517,2.6667806561045073,2.0000552834780065
37_1,2.000141126182016,2.000073756169706,3.0,3.0,3.0
37_2,2.000058984227457,2.9999999999999996,2.999999999999999,3.0000000000000004,3.0000000000000004
37_3,2.000057299615573,2.000051284638704,2.000052378346431,2.683966947912011,2.762648548335806
37_4,2.999999999999999,2.0000687286436865,3.0,3.0,2.9999999999999996
37_5,2.9999999999999996,2.9999999999999996,2.999999999999999,3.0,3.0
37_6,2.9999999999999996,2.9999999999999996,2.9999999999999996,3.0,2.9999999999999996
37_7,3.9999467952509233,3.0,3.9999406282047083,3.0,3.219406223459367
37_8,2.00005072513862,2.000050528961727,2.0000525057868854,2.6669590919332737,2.0000530884195977
37_9,2.9999999999999996,2.9999999999999996,2.9999999999999996,3.0,3.0
37_10,2.9999999999999996,3.0,2.9999999999999996,2.9999999999999996,2.9999999999999996
37_11,3.9999106842172982,2.999999999999999,3.999919296631885,3.0,3.0
37_12,3.999949541761033,3.999949242243362,3.9999497842696834,3.332011437298549,3.999946801038081
37_13,2.000141126182016,2.000101708579997,3.0,3.0000000000000004,3.0
37_14,2.000050114774479,2.000051200923134,2.000050366668262,2.6666854039946055,2.0001327159761395
37_15,2.000051740378868,2.0000572089352717,2.000051577107446,2.7053527095738237,2.66912275911206
38_0,2.0000500407180217,2.00005008358649,2.000050106800404,2.667222168693963,2.0002246306695257
38_1,3.0,3.0,2.9999999999999996,2.9999999999999996,3.0
38_2,2.000117396258124,2.000050341808973,2.0000539080667457,2.9999999999999996,3.0
38_3,2.9999999999999996,3.0,3.0,2.9999999999999996,2.9999999999999996
38_4,2.9999999999999996,2.0001141992742166,2.999999999999999,2.0002200258565566,3.0
38_5,2.9999999999999996,2.9999999999999996,3.0000000000000004,3.0,3.0
38_6,2.9999999999999996,2.9999999999999996,2.9999999999999996,2.0000743665601464,2.9999999999999996
38_7,3.0,2.9999999999999996,2.9999999999999996,3.0,3.0
38_8,2.000051951547394,2.000050803076112,2.0000532412292196,2.6681633021284075,2.7323224110656303
38_9,2.9999999999999996,2.000069594145579,3.0,3.0,2.9999999999999996
38_10,2.999999999999999,2.0000587969302424,2.9999999999999996,3.0,2.0001143188628108
38_11,3.0,2.0001141952479893,3.0,3.0,3.0000000000000004
38_12,3.9999498342140885,3.333214554924047,3.9999490795445416,3.9998441621681087,3.9999316046727205
38_13,3.0,2.0000506495316053,3.0,2.9437563389265273,2.7259808926619216
38_14,2.000050358228898,2.0000526296239323,2.9999999999999996,2.000067520804643,2.732322446350845
38_15,2.0000507875208364,2.0000512153945817,2.0000588273617423,2.790141879116613,2.6839670192443115
39_0,2.0000567668143705,2.0000514705783434,2.000055280521656,3.0,2.9999999999999996
39_1,2.9999999999999996,2.9999999999999996,2.9999999999999996,3.0,2.9999999999999996
39_2,2.999999999999999,2.000073616646864,3.0,3.0,2.999999999999999
39_3,2.9999999999999996,2.0000738475893267,2.000068690562109,2.725980934438327,2.9999999999999996
39_4,2.0001865379612447,2.0000611824784227,2.0002256762495536,2.7053526867122195,3.0
39_5,2.999999999999999,3.0,2.0003436307099207,3.0,3.0
39_6,3.0,2.9999999999999996,2.9999999999999996,3.0,2.999999999999999
39_7,3.0,3.0,2.9999999999999996,3.0,3.0
39_8,2.0000509374951405,2.0000502431400955,2.000052790723498,2.67738061039973,2.6671578918730026
39_9,3.999949192186117,3.9997753788753596,2.999999999999999,3.0,3.9988643117408733
39_10,2.000080814300148,2.0000568245479595,2.000050455569097,2.0066360792913485,3.0
39_11,3.0,2.9999999999999996,3.0,3.0,2.9999999999999996
39_12,3.999949664234609,3.999949460489728,3.9999487493398935,3.9996623294444347,3.9998999802120014
39_13,3.999336540708911,2.9999999999999996,2.9999999999999996,3.0,2.9999999999999996
39_14,2.9999999999999996,2.9999999999999996,3.0,3.0,2.9999999999999996
39_15,2.999999999999999,2.9999999999999996,2.9999999999999996,3.0,3.0
40_0,2.00005231922656,2.0000587627266935,3.0000000000000004,2.000074532756062,2.6975903246608683
40_1,3.0,2.9999999999999996,2.999999999999999,2.9999999999999996,3.0
40_2,3.0,2.9999999999999996,3.0,3.0,3.0
40_3,2.9999999999999996,2.9999999999999996,3.0,3.0,3.0
40_4,2.000058714105908,2.0000526923115327,2.000053211304558,3.0,3.0
40_5,2.9999999999999996,2.9999999999999996,3.0,3.0,2.9999999999999996
40_6,2.9999999999999996,2.9999999999999996,2.9999999999999996,3.0,3.0
40_7,3.0,2.9999999999999996,3.0,3.0,3.0
40_8,3.9999481130054546,3.9999108619115957,3.9999091276199765,3.9998140040131194,3.665802580582762
40_9,2.9999999999999996,3.0,2.9999999999999996,3.0,3.0
40_10,2.9999999999999996,2.9999999999999996,2.9999999999999996,3.0,3.9986948086897933
40_11,3.0,2.9999999999999996,2.9999999999999996,3.0,3.0
40_12,3.999949026440773,3.9999496173050395,3.9999498324383493,3.332949379918194,3.3324219760107354
40_13,2.9999999999999996,3.999336537658611,2.9999999999999996,3.0,3.0
40_14,2.9999999999999996,3.0,3.0,3.0,3.0
40_15,2.999999999999999,2.999999999999999,2.9999999999999996,3.0,2.999999999999999
41_0,2.0000501664652193,2.000050086101816,2.0000655095606694,2.6678342664132884,2.6675779182000716
41_1,2.9999999999999996,3.0,2.999999999999999,3.0,3.0
41_2,3.0,3.0,2.999999999999999,3.0,3.0
41_3,2.000051958413479,3.0,2.0000690211905554,2.701279539419328,3.0
41_4,2.9999999999999996,2.9999999999999996,3.9999382909642334,3.0,2.9999999999999996
41_5,2.9999999999999996,2.9999999999999996,3.0,3.0,2.9999999999999996
41_6,2.9999999999999996,2.9999999999999996,2.9999999999999996,3.0000000000000004,2.9999999999999996
41_7,3.0000000000000004,2.9999999999999996,2.0002428781516466,2.954499971605887,3.0
41_8,2.9999999999999996,2.9999999999999996,2.9999999999999996,3.0,3.0
41_9,3.0,2.0000538221389292,2.000274415216808,3.0,3.0
41_10,2.9999999999999996,2.9999999999999996,2.9999999999999996,2.9999999999999996,3.0
41_11,2.9999999999999996,3.0,3.0,3.0,3.0
41_12,3.999949567830415,3.9999498536796985,3.9999393753931334,3.308744359257652,3.999938133212131
41_13,3.0,2.9999999999999996,3.0,3.0,3.0
41_14,2.999999999999999,3.0,2.9999999999999996,3.0,3.0
41_15,2.000050490417322,2.0000617101730187,2.0000502528490998,2.0000558265801733,3.0000000000000004
42_0,2.0000639566358465,2.0000777194974164,2.0000703297038944,3.0,3.0000000000000004
42_1,3.0,3.0,2.9999999999999996,3.0,3.0
42_2,3.0,3.0,3.0,2.9999999999999996,3.0
42_3,2.0000512209430745,2.0000512569480238,2.000050127522808,2.666730373843199,2.666685456973644
42_4,2.9999999999999996,3.0,3.9998532551737314,3.0,2.9999999999999996
42_5,2.9999999999999996,3.0,3.0,3.0,3.0
42_6,2.9999999999999996,3.0,3.0,2.9999999999999996,3.0
42_7,2.9999999999999996,2.9999999999999996,3.0,3.0,2.9999999999999996
42_8,3.9999492129381093,3.9999498629769104,3.999935602474009,3.331162532723149,3.3320090462703416
42_9,2.9999999999999996,2.9999999999999996,3.9998634728388334,3.0,3.0
42_10,3.0,3.0,2.999999999999999,3.0,2.987192683116687
42_11,2.9999999999999996,2.9999999999999996,3.0,3.0,2.9999999999999996
42_12,3.999949795850045,3.9999499969123113,3.9999196773422243,3.3333229666526014,3.9999356772945753
42_13,3.0,3.0,2.9999999999999996,3.0,3.0
42_14,3.0,2.9999999999999996,2.999999999999999,3.0,2.0061681643406044
42_15,3.0,2.9999999999999996,2.9999999999999996,3.0,3.0
43_0,2.000053447527942,2.0001007099994483,2.0000703304022327,2.810119072588909,2.9999999999999996
43_1,3.0,3.9999458013589324,3.999940746591157,3.3226192901652998,3.3258933099136376
43_2,3.0,3.0,2.999999999999999,3.0,3.0
43_3,2.9999999999999996,3.0,3.0,3.0,3.0
43_4,2.9999999999999996,2.9999999999999996,2.9999999999999996,3.0,3.0
43_5,3.0000000000000004,3.0,2.9999999999999996,2.9999999999999996,3.0
43_6,2.9999999999999996,2.9999999999999996,3.0,2.9999999999999996,2.9999999999999996
43_7,3.0,2.9999999999999996,2.999999999999999,3.0,3.0
43_8,3.999944957268206,4.999882379105204,3.9999372964013147,3.6394021939898167,3.6659923491810504
43_9,2.9999999999999996,2.0004215545150643,2.9999999999999996,2.9999999999999996,3.0
43_10,3.999934742410867,3.9998995747959567,2.9999999999999996,2.9999999999999996,3.0
43_11,2.9999999999999996,3.999910941980977,3.0,3.0,3.0
43_12,3.9999498689547632,3.999949969300827,3.9999499649145442,3.33331205304518,3.3333096690274853
43_13,3.0,2.999999999999999,3.0,3.0,3.9989398547252635
43_14,2.000056804981276,2.0000683982237244,2.0000532303525462,2.9999999999999996,3.0
43_15,3.9998848928567012,3.9999426802518854,2.9999999999999996,3.1795903859199792,3.0
44_0,2.0000764359071646,2.000054685820665,2.0000605388127983,2.8308005321839977,2.6706933533454524
44_1,2.0000897449992228,2.9999999999999996,3.0,3.0,3.0
44_2,2.999999999999999,3.0,3.0,3.0,2.9999999999999996
44_3,3.0,3.0,2.9999999999999996,3.0,3.0
44_4,3.99863833638053,3.0,2.9999999999999996,3.0,3.0
44_5,2.9999999999999996,3.0,2.9999999999999996,3.0,2.9999999999999996
44_6,2.9999999999999996,2.9999999999999996,2.9999999999999996,2.9999999999999996,2.9999999999999996
44_7,2.9999999999999996,2.9999999999999996,3.0,3.0069776444328604,3.0
44_8,1.0001646109991331,2.0000549259576488,2.669173237189666,2.6725955714675105,2.671444609428974
44_9,2.9999999999999996,3.0,2.9999999999999996,3.0,3.0
44_10,2.9999999999999996,3.0,2.9999999999999996,3.0,3.0
44_11,3.0,3.0,3.0000000000000004,3.0,2.999999999999999
44_12,3.9999484170100925,3.9999372099656534,3.9999415362418578,3.9997257129867565,3.999867437411526
44_13,2.999999999999999,2.9999999999999996,2.9999999999999996,2.999999999999999,3.0
44_14,2.9999999999999996,2.0002755457136403,3.0,2.9999999999999996,2.9999999999999996
44_15,3.0,3.0,2.9999999999999996,3.0,2.9999999999999996
45_0,2.9999999999999996,3.0,3.0,3.0,3.0
45_1,2.0000740473398078,2.9999999999999996,2.0000598625938966,3.0,2.000179447814182
45_2,3.0,3.0,2.9999999999999996,3.0,3.0
45_3,2.000056849800136,3.0,3.0,3.0,2.0003876199159385
45_4,2.0000730130121074,2.9999999999999996,3.0,3.0,2.9999999999999996
45_5,2.9999999999999996,2.9999999999999996,2.9999999999999996,2.9739979204842104,2.9999999999999996
45_6,2.9999999999999996,2.001187842457582,2.9999999999999996,3.0,3.0
45_7,2.999999999999999,2.999999999999999,2.9999999999999996,3.0,3.0
45_8,2.9999999999999996,2.9999999999999996,3.0,3.0,2.9999999999999996
45_9,2.999999999999999,2.9999999999999996,3.0,3.0,3.0
45_10,3.0,3.0,2.9999999999999996,3.0,2.0006251804549304
45_11,2.9999999999999996,2.00018596521167,3.0,3.0,2.9999999999999996
45_12,3.9999497281024934,3.9999499302701422,3.9999497375969026,3.3332431200947843,3.9999316090304933
45_13,2.9999999999999996,3.9999480356978814,2.9999999999999996,3.100188031254124,3.0
45_14,3.0,2.9999999999999996,2.9999999999999996,3.0,3.0
45_15,3.0,3.0,2.9999999999999996,3.0,3.0
46_0,2.9999999999999996,2.9999999999999996,3.9997113435710836,3.0,2.9999999999999996
46_1,3.0,2.999999999999999,3.0,2.98373132072464,2.9999999999999996
46_2,2.9999999999999996,2.9999999999999996,2.9999999999999996,3.0,3.0
46_3,3.0,3.0,2.9999999999999996,3.0,2.9999999999999996
46_4,2.9999999999999996,2.9999999999999996,3.0,2.9999999999999996,2.000082304557236
46_5,2.9999999999999996,3.0,2.9999999999999996,3.0,3.0
46_6,3.0,2.999999999999999,3.0,3.0,3.0
46_7,2.9999999999999996,2.9999999999999996,3.0,2.999999999999999,3.0
46_8,3.9999492563501655,3.999949229495078,3.9999288287939767,3.33065108052919,3.3265778405807254
46_9,3.0,2.9999999999999996,3.0,3.0,3.0000000000000004
46_10,3.0,2.9999999999999996,3.0,3.0,3.0
46_11,2.9999999999999996,2.9999999999999996,3.0,3.0,2.9999999999999996
46_12,3.9999498700218035,3.9999488237517222,3.9999497970778237,3.3318369348938814,3.9999478010359772
46_13,2.0001000165616696,3.0,3.0,3.0000000000000004,3.0
46_14,2.999999999999999,3.0,3.0,3.0,3.0
46_15,2.9999999999999996,2.9999999999999996,2.9999999999999996,3.0000000000000004,2.9999999999999996
47_0,3.0000000000000004,3.0,2.9999999999999996,3.0,3.0
47_1,3.999166152355915,3.0,3.0,3.0,3.0
47_2,3.9997668350236437,2.9999999999999996,3.0,3.0,3.0
47_3,2.9999999999999996,2.999999999999999,2.9999999999999996,2.9999999999999996,3.0
47_4,3.9997571303230064,2.9999999999999996,2.999999999999999,3.0,3.0
47_5,3.999885649539122,2.9999999999999996,3.0,3.0,3.9999412971931783
47_6,3.0,3.0,3.0,3.0,2.999999999999999
47_7,2.9999999999999996,3.999940398111919,2.9999999999999996,3.199993846535518,3.0
47_8,3.999943150533556,3.9999411335710557,3.999938761127887,3.0,2.999999999999999
47_9,3.0,2.9999999999999996,2.9999999999999996,3.0,3.2852447956185147
47_10,2.9999999999999996,2.9999999999999996,3.0,3.0,2.9999999999999996
47_11,3.9997641272677513,2.9999999999999996,3.0000000000000004,3.0,3.0
47_12,3.999949834947201,3.9999499190238588,3.999949784585451,3.3179711419067752,3.9999480608432387
47_13,2.9999999999999996,2.9999999999999996,2.9999999999999996,2.9999999999999996,3.148439110342659
47_14,2.9999999999999996,3.0,3.0,3.0,3.032664477394743
47_15,2.0000664237726995,2.9999999999999996,3.0,3.0,3.0
48_0,2.000052487639429,2.000051474816328,2.6912555980576123,2.705352730357098,3.0000000000000004
48_1,2.0006595866802597,2.000051371404782,2.9999999999999996,2.954499971605887,3.0
48_2,2.000050711639911,2.000053292323726,3.0,3.0,2.0000803825230324
48_3,2.000057206759757,2.000101711338147,2.9999999999999996,3.0,3.0
48_4,2.0000685959810083,2.0000541058625365,2.9999999999999996,3.0,2.9999999999999996
48_5,2.0000501994054543,2.000050570419236,2.0000501303540976,2.6675779446529195,2.0001626058724296
48_6,2.9999999999999996,2.9999999999999996,2.9999999999999996,3.0,2.9999999999999996
48_7,2.9999999999999996,3.9991644226525187,3.9999475757628637,3.0,3.219399869401865
48_8,3.999947350541219,3.9999493534663326,3.9999494940922857,3.3114395145686544,3.9999445717765902
48_9,2.9999999999999996,3.0,2.9999999999999996,3.199985677085788,2.999999999999999
48_10,2.0001141994112435,3.0,2.0008319376796164,3.0,3.0
48_11,2.9999999999999996,2.9999999999999996,3.0,3.0,3.0
48_12,3.0,3.0,2.9999999999999996,3.0,3.0
48_13,2.0001332494453,2.9999999999999996,2.0002740596637674,3.0,3.0
48_14,2.0000504491203874,2.0000503442825144,2.0000509881132027,2.6732503493984705,2.000090450020889
48_15,2.000050153698792,2.000050130669882,2.0000501856087913,2.6667807587857393,2.0000542870288407
49_0,2.9999999999999996,2.000055271170723,2.000128515709216,2.7098361163248867,2.754337006201302
49_1,3.0,2.9999999999999996,2.0022364849977166,3.0,2.9999999999999996
49_2,2.9999999999999996,2.9999999999999996,2.9999999999999996,2.8204095846118094,2.0000614528105385
49_3,3.0,3.0,2.9999999999999996,3.0,3.0
49_4,3.0,2.9999999999999996,2.9999999999999996,3.0,3.0
49_5,2.999999999999999,2.9999999999999996,2.9999999999999996,3.0,3.0000000000000004
49_6,2.000055269955377,2.000055969662266,2.000051805348161,2.705352730357098,2.6820285206467998
49_7,3.0,2.9999999999999996,2.9999999999999996,3.0,3.0
49_8,2.000050348031239,2.0000516540608184,2.000061520157669,2.669446356375659,2.000226719577706
49_9,2.9999999999999996,2.9999999999999996,2.9999999999999996,2.9999999999999996,2.9999999999999996
49_10,2.999999999999999,2.9999999999999996,2.9999999999999996,3.0,3.0
49_11,2.9999999999999996,2.9999999999999996,3.0,2.851560371381471,2.999999999999999
49_12,3.999948823853047,3.999946730569025,3.999942059937427,3.2534967923794857,3.237351223580772
49_13,2.9999999999999996,2.9999999999999996,2.999999999999999,3.0,2.99382761591545
49_14,2.9999999999999996,2.9999999999999996,2.9999999999999996,3.0,3.0
49_15,2.0000519371010834,2.000050559041671,2.0000542618773065,2.678754825312284,2.6861353158036154
50_0,2.9999999999999996,2.9999999999999996,3.0,3.0,3.0
50_1,2.9999999999999996,3.0,2.9999999999999996,3.0,3.0
50_2,3.0,3.0,3.0,3.0,3.0
50_3,2.9999999999999996,2.9999999999999996,2.9999999999999996,3.0,2.9999999999999996
50_4,3.0,2.9999999999999996,2.9999999999999996,2.999999999999999,2.9999999999999996
50_5,2.9999999999999996,2.9999999999999996,3.9998205568327876,3.0,3.0
50_6,2.999999999999999,2.999999999999999,2.999999999999999,2.9999999999999996,3.0
50_7,3.1587852886049594,2.9999999999999996,3.9998833193685766,3.0,3.0
50_8,3.332940792797311,3.9999474751293205,3.9999495054046927,3.332582296627799,3.331818372470857
50_9,2.0000684571360434,2.9999999999999996,3.0,3.0,3.0
50_10,3.0,2.9999999999999996,2.9999999999999996,3.0,2.999999999999999
50_11,2.9999999999999996,3.0,3.9999408814464816,3.0,3.0
50_12,3.9999490754678018,3.9999499809938155,3.999943233405874,3.9999000029930913,3.9998998674612247
50_13,2.999999999999999,3.0,2.999999999999999,3.0,3.0
50_14,2.9999999999999996,2.9999999999999996,3.0,3.0,3.0000000000000004
50_15,2.9999999999999996,3.0,2.9999999999999996,3.0,2.9739979027527044
51_0,2.999999999999999,2.9999999999999996,2.9999999999999996,3.0,2.999999999999999
51_1,3.0,2.9999999999999996,3.0,3.0,3.0
51_2,3.0,2.9999999999999996,2.9999999999999996,2.9999999999999996,3.0
51_3,2.9999999999999996,3.0,2.9999999999999996,3.0,3.0
51_4,2.9999999999999996,2.9999999999999996,3.0,3.0,2.983731311119328
51_5,2.9999999999999996,2.9999999999999996,2.9999999999999996,3.0,2.9999999999999996
51_6,2.000051947256552,2.0000519376017905,2.000059254040458,3.0,2.000057758061799
51_7,3.9999196739045617,2.9999999999999996,2.9999999999999996,3.3197021463220313,3.999843963045335
51_8,3.9964154020196387,2.9999999999999996,3.0,3.0,3.0
51_9,2.9999999999999996,3.0,3.0,3.0,3.0
51_10,2.000050635424398,2.0000541030078396,2.0000590235339852,2.6750717336486867,2.0000701031810184
51_11,2.9999999999999996,2.7391627311133044,3.0,3.0,2.9999999999999996
51_12,2.9999999999999996,2.9999999999999996,2.9999999999999996,3.0,3.0
51_13,3.0,2.9999999999999996,2.9999999999999996,3.0,2.9999999999999996
51_14,2.9999999999999996,2.9999999999999996,2.9999999999999996,3.0,2.9999999999999996
51_15,3.0,2.9999999999999996,2.9999999999999996,3.0,3.0
52_0,2.0000500888372534,2.0000504454365227,2.0000515198666604,2.6670503817946267,2.000053579339412
52_1,2.000156134496058,2.9999999999999996,2.9999999999999996,2.9999999999999996,3.0
52_2,2.000100005816327,2.0000643229781394,2.9999999999999996,2.0000957023429717,2.0000654538419376
52_3,2.9999999999999996,2.0000891669869203,2.9999999999999996,2.841210989930664,2.7805919850493015
52_4,2.9999999999999996,2.9999999999999996,2.9999999999999996,3.0,2.9999999999999996
52_5,2.999999999999999,2.0000891669869203,2.9999999999999996,2.8308003972324745,3.0
52_6,2.9999999999999996,3.0,2.0002757546379466,2.9999999999999996,2.999999999999999
52_7,2.000061157947921,2.9999999999999996,2.000080705958567,2.0001001090483137,2.0000620345046336
52_8,2.9999999999999996,3.0,3.9998888511735147,2.999999999999999,3.999874653647793
52_9,3.0,3.0,3.0,3.0,3.0
52_10,2.999999999999999,2.9999999999999996,2.9999999999999996,2.9999999999999996,2.9999999999999996
52_11,2.0000552768921063,2.0000697374993512,2.999999999999999,2.7391627137609507,2.0000695927440453
52_12,3.0,3.0,3.0,3.0,3.0
52_13,2.999999999999999,2.9999999999999996,2.9999999999999996,3.0,2.9999999999999996
52_14,2.9999999999999996,3.0,3.0,3.0,2.999999999999999
52_15,2.0000500857437857,2.0000500861790553,2.000050057035604,2.6666852185703815,2.00027414664503
53_0,2.881473885446714,2.00005539326322,3.0,3.0,3.0
53_1,2.9999999999999996,3.0,2.9999999999999996,3.0,3.0
53_2,3.0,2.9999999999999996,2.9999999999999996,3.0000000000000004,3.0000000000000004
53_3,2.9999999999999996,2.9999999999999996,2.9999999999999996,2.999999999999999,3.0
53_4,2.000050423605258,2.000052663721218,2.000050836295843,2.9999999999999996,3.0
53_5,3.0,2.9999999999999996,3.0,3.0,3.0
53_6,3.0,2.0003404817351664,2.9999999999999996,3.0,3.0
53_7,3.0,3.0,2.999999999999999,2.9999999999999996,3.0
53_8,3.0,2.9999999999999996,2.9999999999999996,3.0,3.0
53_9,3.9998140610780393,2.9999999999999996,3.0,3.0,3.0
53_10,2.9999999999999996,2.9999999999999996,3.0,3.0,2.0006432389559134
53_11,2.999999999999999,3.0,3.999945889077195,3.0,2.9999999999999996
53_12,3.999949564581954,3.999949992019389,3.9999499379820103,3.999911061937327,3.999926385004978
53_13,3.0,3.0,2.9999999999999996,3.0,3.0
53_14,2.92399929320609,2.0000812838033784,2.999999999999999,3.0,3.0
53_15,3.0,3.9998968110007627,3.0,3.0,3.0
54_0,2.0000502005559118,2.0000505448504944,2.000051832150297,2.680297829101033,2.6667567474773595
54_1,3.9999473324941266,3.999945693702871,3.999935497682574,3.9997253459630917,3.0
54_2,2.9999999999999996,3.0,2.9999999999999996,3.0,3.0
54_3,3.0,2.9999999999999996,3.0,3.0,2.999999999999999
54_4,3.0,2.9999999999999996,2.9999999999999996,3.091652211156771,3.0
54_5,3.9999490586071826,2.9999999999999996,2.9999999999999996,3.9996604224631,3.0
54_6,2.9999999999999996,3.0,3.0,3.0,2.9999999999999996
54_7,2.9999999999999996,3.0,3.0,3.0,3.0
54_8,2.9999999999999996,2.0000820410662983,2.9999999999999996,3.0000000000000004,2.7805919850493015
54_9,3.0,3.0,2.9999999999999996,3.0,2.9999999999999996
54_10,2.999999999999999,2.9999999999999996,3.0,3.0,3.0
54_11,3.9999458128792975,2.9999999999999996,3.9999474162979602,3.999660850996415,3.0
54_12,2.9999999999999996,3.9999452957927693,3.9999496810062523,3.0000000000000004,3.237349330132168
54_13,3.0,2.9999999999999996,2.9999999999999996,3.2534967185763004,3.0
54_14,3.0,2.9999999999999996,2.9999999999999996,3.0,3.0
54_15,2.9999999999999996,3.0,2.9999999999999996,3.0,3.0
55_0,2.0000590681374626,3.0,2.000139191480962,3.0,2.916416957698667
55_1,3.0,3.0,2.9999999999999996,3.0,2.9999999999999996
55_2,3.0,2.0031461146969316,2.999999999999999,3.0,2.881473812309603
55_3,2.9999999999999996,2.9999999999999996,2.9999999999999996,2.9999999999999996,3.0
55_4,2.000188714826702,2.9999999999999996,2.9999999999999996,3.0,3.0
55_5,2.9999999999999996,2.9999999999999996,3.0,3.0,3.0
55_6,3.0,3.0000000000000004,3.0,3.0,3.0
55_7,3.0,2.9999999999999996,2.9999999999999996,3.0,3.0
55_8,4.999899922557721,4.999900001334334,4.999900000082755,3.6666585365601647,3.6666591193302494
55_9,3.0,3.0,3.0000000000000004,3.0,2.999999999999999
55_10,3.0,2.9999999999999996,3.0,3.0,3.0
55_11,2.002177537122131,3.0000000000000004,3.0,3.0000000000000004,3.0
55_12,3.9999496599436055,3.999949510256037,3.9999498305134256,3.99988580085139,3.999938845365364
55_13,3.0,3.0,2.9999999999999996,3.0,2.9999999999999996
55_14,2.9999999999999996,2.9999999999999996,3.0,3.0,3.0
55_15,2.999999999999999,2.9999999999999996,3.0,3.0,3.0
56_0,2.000158654197297,2.000074948087346,2.000285182359492,3.0,3.0
56_1,2.9999999999999996,3.0,3.999925672739522,3.0,3.0
56_2,2.9999999999999996,2.9999999999999996,3.0,3.0,2.9999999999999996
56_3,3.0,3.0,3.0,3.0,3.0
56_4,2.9999999999999996,3.0,3.9998854270116393,3.199994108934841,2.9999999999999996
56_5,2.9999999999999996,3.0,2.9999999999999996,3.0,3.0
56_6,2.9999999999999996,3.0,2.999999999999999,3.0,3.0
56_7,2.9999999999999996,2.9999999999999996,3.0000000000000004,3.0,3.0
56_8,2.9999999999999996,2.0001870870140888,2.999999999999999,2.999999999999999,2.7901418409778236
56_9,2.9999999999999996,3.0,2.9999999999999996,3.0,3.0
56_10,2.999999999999999,3.9989282297266504,2.9999999999999996,3.0,3.0
56_11,3.999910768223275,3.9989282297266504,2.999999999999999,3.0,3.0
56_12,3.99994997308519,3.9999499309852338,3.99994991184807,3.999867567429532,3.3332614432140497
56_13,2.9999999999999996,3.0000000000000004,2.9999999999999996,3.0,3.0
56_14,2.9999999999999996,2.999999999999999,2.9999999999999996,3.0000000000000004,3.0
56_15,2.0000744231601044,2.000064777040186,2.9999999999999996,3.0,2.8717634120887956
57_0,2.9999999999999996,2.9999999999999996,2.9999999999999996,3.0,3.0
57_1,2.00006115741771,2.9999999999999996,2.9999999999999996,2.9999999999999996,2.000342912097261
57_2,2.0002752220437126,2.9999999999999996,2.9999999999999996,3.0,2.841210968558087
57_3,3.0,3.0,3.0,3.0,3.0
57_4,2.9999999999999996,2.9999999999999996,3.0,3.0,3.0
57_5,2.9999999999999996,2.9999999999999996,2.9999999999999996,3.0,2.9999999999999996
57_6,2.9999999999999996,3.0,2.9999999999999996,3.0,2.9999999999999996
57_7,3.0,2.9999999999999996,3.0,3.0,3.0
57_8,2.0000500529826017,2.000050977539949,2.00005019727199,2.6666922911565383,2.666689271411135
57_9,2.00006652016055,2.9999999999999996,3.0,2.9999999999999996,3.0
57_10,2.9999999999999996,2.9999999999999996,3.0,3.0,3.0
57_11,2.9999999999999996,2.9999999999999996,2.9999999999999996,3.0,2.9999999999999996
57_12,3.9999482703373395,3.9999403976881682,3.999939803947479,3.0,3.999867022223862
57_13,2.000428029245302,2.0013590904137946,2.0000803321518648,3.0,2.9999999999999996
57_14,2.0001370770721048,3.0,3.0,3.0,3.0
57_15,2.999999999999999,2.999999999999999,2.999999999999999,3.0,3.0
58_0,2.0000500794980924,2.0000500199001565,2.0000502674512224,2.0003377900460246,2.00011461314611
58_1,2.9999999999999996,3.0,2.9999999999999996,3.0,2.9999999999999996
58_2,2.0000999950621403,2.0001142032252193,2.9999999999999996,2.0000554372402526,3.0
58_3,3.0,2.9999999999999996,2.000117392601631,3.0,2.9999999999999996
58_4,3.0,2.9999999999999996,2.9999999999999996,3.0,2.9999999999999996
58_5,2.0008317941951073,2.000155888964294,3.0,2.999999999999999,2.9999999999999996
58_6,3.0,2.9999999999999996,2.9999999999999996,2.999999999999999,3.0
58_7,2.9999999999999996,2.9999999999999996,2.9999999999999996,2.9999999999999996,3.0
58_8,1.0001287271069732,1.0001781541651478,2.002190606188868,2.7629398757053174,2.916416927058215
58_9,2.9999999999999996,3.0,3.999924875959225,3.0,3.0
58_10,2.9999999999999996,2.0004193732985036,3.0,3.0,3.0
58_11,3.0,2.999999999999999,3.0,3.0,2.999999999999999
58_12,3.999948563780615,3.999949460489728,3.999949673663274,3.999867550056405,3.999775363693187
58_13,2.9999999999999996,2.9999999999999996,3.0,3.0,2.9999999999999996
58_14,2.000051940360986,2.0000541187063425,2.999999999999999,2.9999999999999996,2.0001285193317524
58_15,2.000051740372659,2.000055759368827,2.000056824100773,3.0,2.0001890914235974
59_0,2.0000515586058683,2.0000525992693055,2.0000509212243314,2.0003429115487528,2.000114825127558
59_1,2.0001861027447156,2.9999999999999996,2.9999999999999996,2.9999999999999996,3.0
59_2,3.0,3.0,2.999999999999999,2.9999999999999996,3.0
59_3,2.9999999999999996,2.9999999999999996,2.9999999999999996,3.0,3.0
59_4,3.0,2.9999999999999996,3.0,2.9999999999999996,3.0
59_5,3.0,3.0,3.0,2.9999999999999996,2.9999999999999996
59_6,3.0,3.0,3.0,2.002308520176084,3.0
59_7,2.999999999999999,2.9999999999999996,3.0,3.0,3.0
59_8,3.6550221575738866,3.9999262865725718,3.999948034791913,3.9997754543218242,3.6320701639887454
59_9,2.9999999999999996,2.999999999999999,2.9999999999999996,3.014435736786509,3.0
59_10,2.9999999999999996,3.0,3.0,3.0000000000000004,2.999999999999999
59_11,3.0,2.9999999999999996,2.9999999999999996,3.0,3.0
59_12,3.9999488237873906,3.999949927820619,3.999949863066361,3.3258931324048433,3.999935656387375
59_13,2.9999999999999996,2.9999999999999996,2.999999999999999,3.0,2.9673352065819003
59_14,3.0,2.9999999999999996,2.9999999999999996,3.0,3.0
59_15,2.000080620693262,2.000056874741636,2.9999999999999996,2.725980880725805,2.709836013339214
60_0,2.66883678728333,2.000050915681727,2.000051949009313,2.000051122577661,2.0000506495376325
60_1,2.999999999999999,2.000185914587767,2.0000567870958808,2.9999999999999996,3.0
60_2,3.0,2.9999999999999996,2.9999999999999996,3.0,2.9999999999999996
60_3,2.999999999999999,3.0,3.0,2.9999999999999996,3.0
60_4,2.9999999999999996,2.9999999999999996,3.0,3.0,3.0
60_5,3.0,2.9999999999999996,3.0,3.0,3.0
60_6,3.0,2.9999999999999996,3.0,2.9999999999999996,2.9999999999999996
60_7,2.999999999999999,3.0,3.0,3.0,3.0
60_8,3.9999497009784264,3.999947506609742,3.3328991975954976,3.327508894253187,3.9999108037511113
60_9,2.000156883656717,2.00008351937891,2.0000736548136953,3.0,2.899811905637752
60_10,2.999999999999999,2.9999999999999996,2.9999999999999996,2.9999999999999996,3.9995694632368215
60_11,2.9999999999999996,2.999999999999999,3.999910027791781,3.0,3.999562239771964
60_12,3.998463702758253,2.9999999999999996,2.9999999999999996,3.0,3.0
60_13,2.9999999999999996,3.0,3.0,2.9999999999999996,2.9999999999999996
60_14,2.9999999999999996,2.9999999999999996,2.0000689466341055,3.0,3.0
60_15,2.9999999999999996,3.0,3.0,3.0,2.9999999999999996
61_0,2.0000745312394264,2.0000532762437477,2.0000523511100066,2.746503218974851,2.000226968516522
61_1,3.999695652604335,3.0,3.0,3.0,2.9999999999999996
61_2,2.999999999999999,3.0,3.0,3.0,3.0
61_3,3.0,3.0,3.9982570886156683,3.0000000000000004,3.0
61_4,3.999695652604335,3.0,3.1795900617699107,3.0,3.0000000000000004
61_5,2.999999999999999,2.9999999999999996,3.0,3.0,3.0
61_6,2.0001142948959933,3.0000000000000004,2.0005252412202155,2.000061417532512,3.0
61_7,2.9999999999999996,2.999999999999999,2.0001009089348543,3.0,3.0
61_8,3.9999109997532063,2.9999999999999996,3.9994698606990324,3.0,2.9999999999999996
61_9,2.0000814982872486,2.000051408994395,3.0,2.9999999999999996,3.0
61_10,2.000050872335032,2.0000519542653015,2.0000535928626775,2.0000651318279674,2.000285185980504
61_11,2.000050554082728,2.000051634994912,2.701279495426635,2.7012795163755365,3.0000000000000004
61_12,3.999949942934568,3.9999499188391674,3.9999499508554845,3.331639456816829,3.33299389721686
61_13,3.0,3.0,3.0,2.9999999999999996,3.0
61_14,2.000053222151422,2.0000514705127723,2.0000506375580827,2.0001285172486853,3.0
61_15,2.999999999999999,2.9999999999999996,2.999999999999999,3.0,3.0
62_0,2.000053353789251,2.000068487794964,2.000057197844042,2.000060871634042,2.000100172927135
62_1,2.999999999999999,3.0,2.999999999999999,3.0,3.0
62_2,2.9999999999999996,3.0,2.9999999999999996,3.0,3.0
62_3,2.0000612205751183,2.9999999999999996,3.0,3.0,2.881473812309603
62_4,2.9999999999999996,2.9999999999999996,2.999999999999999,2.9999999999999996,3.0
62_5,3.999470535803951,3.0,2.9999999999999996,3.0,3.0
62_6,3.0,2.999999999999999,2.9999999999999996,2.9999999999999996,2.9999999999999996
62_7,3.0,3.0,3.0,3.0,3.0
62_8,3.2534894197006072,3.9999262307226937,3.9999477049938115,3.9993412020884835,3.2901251687725352
62_9,3.0,2.0000686540537966,2.9437566043497627,3.0,3.0
62_10,3.0,2.9999999999999996,2.999999999999999,3.0,2.9999999999999996
62_11,3.0,3.0,2.9999999999999996,3.0,3.0
62_12,3.9999498027220164,3.999949534966497,3.9999498502106756,3.267677349779083,3.9998438323415955
62_13,3.0,3.0,2.9999999999999996,3.0,3.0
62_14,2.0000518683516764,2.0000644634717113,2.0000617098873157,3.0,2.0001467471739285
62_15,2.9999999999999996,3.0,3.0,3.0,2.9999999999999996
63_0,3.0,2.000339358775161,2.9999999999999996,3.0,2.9999999999999996
63_1,3.0,2.9999999999999996,3.0,3.0,3.0
63_2,2.9999999999999996,2.9999999999999996,2.999999999999999,3.0,3.0
63_3,3.0,2.9999999999999996,2.9999999999999996,3.0,3.0
63_4,3.0,3.0,3.0,3.0,3.0
63_5,2.001809559291297,2.999999999999999,3.0,3.000000000000001,3.0
63_6,2.999999999999999,2.9999999999999996,3.0,3.0,2.9999999999999996
63_7,2.9999999999999996,2.0000553111914723,2.9999999999999996,2.9999999999999996,2.9768415120986758
63_8,3.0,3.999939958176314,3.99991267355466,3.1578669934463015,3.1886952403110653
63_9,3.0,2.9999999999999996,2.9999999999999996,3.0,3.0
63_10,2.9999999999999996,3.0,2.9999999999999996,3.0,3.0
63_11,2.9999999999999996,3.0,2.9999999999999996,3.0,3.0
63_12,3.999949840686854,3.9999499829249854,3.999949566077937,3.333315470150139,3.333308477022058
63_13,2.9999999999999996,3.0,2.9999999999999996,3.0,2.9999999999999996
63_14,3.0,2.9999999999999996,2.9999999999999996,3.0,3.0
63_15,2.0000507372846505,2.000066812820364,2.0000535315762056,3.0,2.6839670192443115
64_0,2.0000736155817016,2.0000803237219897,3.0,3.0,2.000080624080797
64_1,2.0000524575587812,2.0000517506775095,3.0000000000000004,2.720129553371753,2.0001926575898663
64_2,2.9999999999999996,3.0000000000000004,2.000074653465101,3.0,2.000061962855081
64_3,2.0000567657892176,2.000050347923967,2.0001036178184437,2.6820283992007394,2.683966947912011
64_4,2.9999999999999996,2.9999999999999996,3.0,2.9999999999999996,3.0
64_5,2.000064322579359,2.00005410267972,2.000051039125348,2.000050708552349,2.0000738246025547
64_6,2.0001324259947255,2.0000528258459123,2.0000517124084616,2.0001036173418423,2.00005416153506
64_7,2.9999999999999996,2.9999999999999996,3.0,3.0,3.0
64_8,2.9999999999999996,3.997818913530374,2.9999999999999996,2.9999999999999996,2.9999999999999996
64_9,2.0000567736917745,2.0000512741846457,2.0003519919732935,2.8204096288141245,3.0000000000000004
64_10,2.9999999999999996,2.9999999999999996,2.00015589449776,2.9999999999999996,2.0001013278307926
64_11,2.0000643230984174,2.000051936826919,2.000054161111212,2.0000522352715207,2.000100712514006
64_12,2.9999999999999996,3.0,2.9999999999999996,3.0,2.9999999999999996
64_13,3.0,3.0,2.9999999999999996,2.86176942841415,2.0000930408756727
64_14,2.000088956818575,2.0001324268289236,2.9999999999999996,3.0,2.000156041947303
64_15,2.000056768548544,2.000051175890725,2.0000586969060024,2.0001111510381713,2.0000569455796007
65_0,2.000080321846573,2.0000736283764478,2.0000737009355345,2.0000545579913855,2.0000668614417747
65_1,2.9999999999999996,2.9999999999999996,2.9999999999999996,2.9999999999999996,3.0000000000000004
65_2,2.9999999999999996,2.000088937039964,2.00018593611472,2.999999999999999,2.000089034078917
65_3,2.9999999999999996,2.9999999999999996,2.9999999999999996,2.0001143194217805,2.0001499871327155
65_4,2.0000736279052553,2.0000611671554926,2.000228591739449,2.9376675199920577,2.841210968558087
65_5,2.999999999999999,2.000132426378721,3.0,2.8908403249378676,2.9999999999999996
65_6,3.0,3.0,3.0,3.0,2.9999999999999996
65_7,2.9999999999999996,2.000132475671768,3.0,3.0,3.0
65_8,3.999949164914048,4.999771600343932,3.9999310543545272,3.9999445920282355,3.506998782634732
65_9,3.0,3.0,2.9999999999999996,2.999999999999999,3.000000000000001
65_10,2.9999999999999996,2.9999999999999996,3.0,3.0,2.999999999999999
65_11,3.0,2.9999999999999996,2.999999999999999,3.0,2.999999999999999
65_12,3.9999499943081376,3.9999499936107394,3.999949978276076,3.9999468037618953,3.999944731177042
65_13,2.9999999999999996,3.0,2.9999999999999996,2.9999999999999996,2.9999999999999996
65_14,2.9999999999999996,3.0,2.9999999999999996,2.9999999999999996,3.0
65_15,3.0,2.999999999999999,2.9999999999999996,2.9999999999999996,2.9999999999999996
66_0,2.000050207487433,2.0000506956313435,2.0000552727859198,2.6666766624933533,2.6667567209917857
66_1,2.0000501805187767,2.0000502806231437,2.0000501217176927,2.6675779182000716,2.6667303208655095
66_2,2.7323224287082377,2.000051942077624,3.0,2.004756841956977,3.0
66_3,2.0000504049558523,2.0000551333892287,2.7626485610071114,2.697590305674423,3.0
66_4,2.0000507873300357,2.0000521756370127,2.0000587046007228,2.7543369895229035,2.000158332211746
66_5,2.00005729861976,2.000054715899898,2.0000515173101046,2.6942579837787575,2.000288348725431
66_6,2.000055565503721,2.9999999999999996,2.999999999999999,3.0,2.881473812309603
66_7,2.9999999999999996,2.9999999999999996,3.0,3.0,3.0
66_8,4.998519970943911,3.6605107901425873,2.0004192824606353,3.661503764340366,3.560707529361107
66_9,2.000133758780561,2.0001370776614733,3.0,3.0,3.0
66_10,2.0000502139062966,2.0000509257895396,2.0000501826580726,2.004616207242801,2.666901696623921
66_11,2.9999999999999996,2.9999999999999996,3.0,3.0,2.8814738645504008
66_12,2.9999999999999996,2.9999999999999996,2.9999999999999996,3.0,3.0
66_13,2.0000509894659824,2.000052975410825,3.0,2.669446356375659,2.667698152386557
66_14,1.0001067493219515,1.0001016503975466,1.0001609619850045,1.0002038618865632,1.0001406582516386
66_15,2.00005012046004,2.0000502871198904,2.0000500886706347,2.66676791974745,2.666717451923822
67_0,2.000053230704385,2.0000889666454778,2.0000522348841616,3.0,2.67410674083455
67_1,2.00005126729532,2.0000546603741856,2.0000571975517754,2.9999999999999996,2.0005544747821364
67_2,2.9999999999999996,2.9999999999999996,3.0,3.0,3.0
67_3,3.0,2.9999999999999996,2.999999999999999,3.0,3.0
67_4,2.9999999999999996,3.0,3.0,3.0,3.0
67_5,3.0,2.9999999999999996,3.0,3.0,3.0
67_6,2.999999999999999,2.9999999999999996,2.999999999999999,2.9999999999999996,2.9999999999999996
67_7,2.9999999999999996,2.9999999999999996,2.999999999999999,3.0,3.0
67_8,3.0,2.9999999999999996,2.9999999999999996,2.9999999999999996,3.0
67_9,2.9999999999999996,3.0,3.0,3.0,3.0
67_10,3.0,2.9999999999999996,3.0000000000000004,2.9999999999999996,3.0
67_11,2.999999999999999,2.9999999999999996,3.0,3.0,2.9999999999999996
67_12,3.9999497971851934,3.9999497009488216,3.999949322605937,3.999775501283431,3.999844157633728
67_13,3.0,2.9999999999999996,2.999999999999999,3.316032933200825,3.1795902577333064
67_14,3.0,2.9999999999999996,2.9999999999999996,3.0,3.0
67_15,2.00006455418578,2.000114424653862,2.000073661142016,2.9999999999999996,3.0
68_0,2.000050090076938,2.0000500538290815,2.0000501927906624,2.0000532798377315,2.0000520688052332
68_1,2.0001329837995256,3.0,3.0,3.0,3.0
68_2,2.999999999999999,2.9999999999999996,2.9999999999999996,3.0,3.0
68_3,2.9999999999999996,2.9999999999999996,3.0,3.0,2.9999999999999996
68_4,3.0,2.9999999999999996,3.0,3.0,2.9999999999999996
68_5,2.000274237464931,2.0013403884236722,2.0001325211404004,3.0,2.7259808926619216
68_6,3.0,2.9999999999999996,2.9999999999999996,2.9999999999999996,2.9999999999999996
68_7,3.0,2.0008320195749665,2.9999999999999996,2.9999999999999996,2.9999999999999996
68_8,3.9999499808268735,3.999949938613994,3.999949794318525,3.9999468029096144,3.9999458977076365
68_9,2.9999999999999996,2.9999999999999996,3.0,3.000000000000001,2.9999999999999996
68_10,2.9999999999999996,2.9999999999999996,3.0,3.0,3.0
68_11,2.9999999999999996,2.9999999999999996,3.0,3.0000000000000004,3.0
68_12,3.999944728155547,3.9999458849409772,3.9999471476919704,3.279870261206358,3.0
68_13,3.0,3.0,2.9999999999999996,3.0,3.0
68_14,3.0000000000000004,2.0000513804700533,2.0000643685544715,2.6685838705469216,2.000052425536485
68_15,2.000054103544521,2.0000567738524366,2.000058733744027,2.686135339492775,2.0000820359474316
69_0,2.9999999999999996,2.9999999999999996,3.0,2.9999999999999996,3.0
69_1,3.0,3.0,2.000276240507044,3.0,2.931083563774076
69_2,2.9999999999999996,3.0,2.9999999999999996,2.9999999999999996,3.0
69_3,3.0,2.999999999999999,3.0,3.0,3.0
69_4,3.0,3.0,2.9999999999999996,2.800005628665579,2.9999999999999996
69_5,2.9999999999999996,2.000100333279103,3.0,2.8000056350655718,2.00009723272835
69_6,2.0006599733050807,2.9999999999999996,2.9999999999999996,2.000089012551942,2.999999999999999
69_7,2.9999999999999996,2.9999999999999996,2.9999999999999996,3.0000000000000004,3.0
69_8,3.0,2.999999999999999,3.0,3.0,2.9999999999999996
69_9,2.9999999999999996,3.0000000000000004,2.9999999999999996,2.9999999999999996,3.0
69_10,2.0006599733050807,3.0,2.9999999999999996,3.0,2.9999999999999996
69_11,2.0006599733050807,2.9999999999999996,2.999999999999999,3.0,2.999999999999999
69_12,3.9999499526254607,3.9999499363431634,3.99994988637548,3.3287785384041646,3.999948056384464
69_13,3.0,2.0002743835306376,3.0,2.9999999999999996,2.9999999999999996
69_14,2.9999999999999996,2.9999999999999996,3.0,3.0,3.0
69_15,2.0000567746864126,3.0000000000000004,2.00013323296512,2.800005731065445,2.9999999999999996
70_0,3.999467132436004,2.9999999999999996,3.0,3.0,3.0000000000000004
70_1,3.9999110258548516,3.9999194159744156,3.9999496502521192,3.3249282663513133,3.9999177399422194
70_2,3.9999269900476246,3.999944673837743,3.2798704103500462,3.3087443123044467,3.999922281885115
70_3,2.9999999999999996,2.9999999999999996,2.999999999999999,3.1282363196016068,3.0
70_4,3.9999360444603047,3.0,3.9999470802667427,3.328182171594227,3.1795901059721654
70_5,3.9999467978440557,3.999926245258853,3.999949629546814,3.330553567721816,3.2373509538632703
70_6,3.0,3.0,3.9999364695295916,3.285245706975311,3.1185252160148207
70_7,3.999949633713214,3.9999408237006286,3.9999487409892858,3.316032980755687,3.99993134728693
70_8,3.999949987871533,3.9999499073187654,3.999949986357685,3.999926379574519,3.331837038970861
70_9,3.9999488561736305,3.0000000000000004,3.0,3.109158128831588,3.0113489697685436
70_10,3.9999497040358074,2.9999999999999996,3.294647203136428,3.3297740741404143,3.1795897140457985
70_11,3.999949660223756,3.0,3.294647225998028,3.3179715281484885,3.9999108037243545
70_12,3.9999499998268195,3.99994998540997,3.999949903659598,3.999948062148036,3.9999356773016506
70_13,3.9999499654682875,3.9999494421801756,3.9999496560391563,3.3332822302217373,3.33299389721686
70_14,3.999948054411898,3.0,3.999938831622435,3.9999177398394017,3.0
70_15,3.0,2.9999999999999996,3.0,2.9999999999999996,2.9999999999999996
71_0,2.000050319595859,2.0000508372433514,3.000000000000001,2.672491002670235,2.0003043462394294
71_1,2.999999999999999,2.9999999999999996,2.9999999999999996,3.0,2.9999999999999996
71_2,2.9999999999999996,2.9999999999999996,2.999999999999999,3.0,3.0
71_3,2.000056888699775,2.9999999999999996,2.9999999999999996,3.0,3.000000000000001
71_4,3.0,2.9999999999999996,2.9999999999999996,3.0,3.0
71_5,3.0,3.0,3.0,2.9999999999999996,2.9999999999999996
71_6,2.9999999999999996,3.0,3.0,3.0,3.0
71_7,2.9999999999999996,2.9999999999999996,2.9999999999999996,3.0,3.0
71_8,3.9999110323012257,2.9999999999999996,3.999943408700667,3.0,3.0
71_9,2.0001005578471975,3.0,3.0,3.0,2.9164178462673247
71_10,2.9999999999999996,3.0,3.0,3.0,3.0
71_11,3.0,2.000658843807128,3.0,2.999999999999999,2.9999999999999996
71_12,3.999949184229314,3.999945839538148,3.999949884915452,3.999943227858056,3.9999475112705416
71_13,2.9999999999999996,3.0,3.0000000000000004,3.0,3.0
71_14,3.0,2.9999999999999996,2.9999999999999996,3.0,3.0
71_15,2.0000803225533628,2.9999999999999996,2.9999999999999996,3.0,2.9999999999999996
72_0,2.0000500745693377,2.0000500458432393,2.0000501719958135,2.0000737939779363,2.0000502824350512
72_1,2.000052611534949,2.0000513380227147,2.0000809528819437,3.0000000000000004,2.000057208517667
72_2,3.0,2.9999999999999996,2.001062224809379,3.0,3.0
72_3,2.9999999999999996,2.9999999999999996,2.9999999999999996,3.0,2.9999999999999996
72_4,2.9999999999999996,3.0,2.9999999999999996,3.0,3.0
72_5,2.0002740922168503,2.000068392794102,2.00007372754112,3.0000000000000004,2.000137815391528
72_6,2.9999999999999996,2.9999999999999996,3.0,3.0,2.9999999999999996
72_7,2.9999999999999996,2.9999999999999996,3.0,3.0,3.0
72_8,2.0000556060967796,2.000062073517293,2.000069909173389,2.8000056766655215,2.000084773541567
72_9,2.000050412865246,2.0000514225296544,3.0,2.746503105431465,2.000058706776253
72_10,2.0000586884082914,2.6861352899608955,2.0002388294797866,2.000077085700386,2.7465031357097045
72_11,2.0000568051068095,2.701279539419328,2.0001052685755756,2.000077085700386,2.754336967285038
72_12,2.999999999999999,2.9999999999999996,3.999931429204858,3.9998088445694946,3.0
72_13,2.999999999999999,2.0009359584254365,3.0000000000000004,2.9999999999999996,3.0
72_14,3.0,2.0000643254236197,2.999999999999999,3.0,2.000127875124783
72_15,2.0000502609250317,2.0000503300495995,2.0000505755625033,2.6706933275041265,2.0000546625911584
73_0,2.000050158585755,2.0000501084390625,2.0000524927586882,2.000050884064218,2.6694464059446554
73_1,2.0000552789127557,2.0000503873921027,2.0000511097938727,2.0001170177738867,3.0
73_2,2.0000567652817565,2.000050711896096,2.000050652815441,2.000050302550263,2.00005118404423
73_3,2.0000506277303303,2.000050492503267,2.00006448261277,2.000058466577201,2.0000523720351704
73_4,2.000051508745541,2.000050717570084,2.0000511867561266,2.0000501273797755,2.6787547511756142
73_5,2.0000552683399313,2.0000517103102564,2.0000510455144114,2.0000505933409034,2.000054310617994
73_6,3.0,3.0,2.9999999999999996,3.0,2.9999999999999996
73_7,3.0,2.000156270125185,3.0,2.0002886685210814,2.9999999999999996
73_8,3.9999498937479747,3.999949780401773,3.999949881035442,3.999945873617789,3.9999432313140817
73_9,3.0,2.9999999999999996,3.0,3.0,3.0
73_10,2.999999999999999,2.9999999999999996,2.9999999999999996,2.0003799089170817,3.0
73_11,3.0,2.9999999999999996,2.9999999999999996,2.9999999999999996,3.0
73_12,3.999949999999659,3.9999499926095146,3.9999499841285577,3.3333031792476744,3.9999458831471104
73_13,2.9999999999999996,2.0000683915371225,3.0,3.0000000000000004,3.0
73_14,2.0000552679174803,2.0000552692938287,2.0000567652709718,2.683966947912011,2.6820283992007394
73_15,2.9999999999999996,2.000056832529165,3.0,2.0001595102030456,2.000051546143544
74_0,3.0,3.0,2.9999999999999996,3.0,2.00049801416217
74_1,3.0,2.9999999999999996,3.0,3.0,3.0
74_2,2.9999999999999996,2.9999999999999996,3.0,3.0,2.9999999999999996
74_3,3.0,2.0000553145825553,3.0,3.0,2.8908403443874278
74_4,3.0,3.0,2.9999999999999996,2.999999999999999,2.9999999999999996
74_5,2.9999999999999996,3.0,2.9999999999999996,3.0,3.0
74_6,2.9999999999999996,2.9999999999999996,2.9999999999999996,3.0,3.0
74_7,2.9999999999999996,2.9999999999999996,2.9999999999999996,3.0,2.9999999999999996
74_8,3.9999490109332982,3.999949917748181,3.9999499730494126,3.9999110468043044,3.9999356675262905
74_9,2.9999999999999996,3.999662210190365,3.9993228257541182,3.0,2.9999999999999996
74_10,3.0,2.002172752532686,3.0,3.0,2.999999999999999
74_11,3.0,2.0010538035294663,2.9999999999999996,3.0,3.0
74_12,3.9999499625483788,3.9999499761188737,3.9999499935392104,3.999943233251476,3.999948060121569
74_13,2.9999999999999996,2.9999999999999996,3.0,3.0,3.0
74_14,2.000052492317507,2.000050870273353,2.000104101378838,2.67410674083455,2.000051341658453
74_15,2.000068401638746,3.0,2.000051960487614,2.771412223636977,2.0000524299170572
75_0,2.0000531955889294,2.0000587630181434,2.0001000591743905,1.0001186329985285,2.000095705401433
75_1,2.000050264209257,2.0000504320920487,2.0000518986645504,2.667988430364074,2.0000518483854774
75_2,3.0,2.000100005386338,3.0,3.0,2.999999999999999
75_3,2.0000616443487496,2.00005249370022,2.9999999999999996,2.9999999999999996,2.000292418806352
75_4,3.0,2.9999999999999996,3.0,3.0,2.999999999999999
75_5,2.9999999999999996,3.0000000000000004,2.000080389192218,2.86176942841415,3.0
75_6,3.0000000000000004,2.9999999999999996,3.0,3.0,2.000114822417966
75_7,3.0,2.0001866067028864,2.9999999999999996,3.0,3.0000000000000004
75_8,4.999869524387177,4.999899574988398,3.9954650992003393,3.666343561733334,3.666636073618769
75_9,2.999999999999999,2.0002741555803962,2.9999999999999996,2.9999999999999996,2.8515603460996823
75_10,2.9999999999999996,2.9999999999999996,3.0,3.0,3.0
75_11,2.9999999999999996,2.9999999999999996,2.9999999999999996,2.9999999999999996,2.9999999999999996
75_12,3.9999499157939216,3.9999499509328573,3.9999498612963564,3.999938810947488,3.3320115431551414
75_13,3.0,3.0,3.0,3.0,3.0
75_14,2.000053207466729,2.000061359232991,2.000114277440377,2.9999999999999996,2.000093040396549
75_15,2.9999999999999996,2.9999999999999996,3.0,3.0,2.002346371670848
76_0,2.000050073609646,2.00005034006842,2.0000516670116313,2.667698152386557,2.0004194504443937
76_1,3.999838899319126,2.9999999999999996,2.9999999999999996,3.29872035793107,3.0
76_2,3.0,3.0,2.9999999999999996,2.9999999999999996,2.9999999999999996
76_3,3.0,3.0,3.0,2.9999999999999996,3.0
76_4,2.9999999999999996,2.9999999999999996,2.9999999999999996,3.998612020315063,2.9999999999999996
76_5,3.0,2.9999999999999996,2.9999999999999996,3.0,2.9999999999999996
76_6,3.0,3.0,3.0,3.0,2.9999999999999996
76_7,2.999999999999999,2.999999999999999,3.0,3.0,3.0000000000000004
76_8,2.0000505259989154,2.0000506699742666,2.000051150698286,3.000000000000001,2.0000577157576114
76_9,3.0,3.0,2.9999999999999996,3.316032933200825,3.999926989722749
76_10,3.0,3.0,3.0,3.0,3.0
76_11,2.9999999999999996,2.9999999999999996,2.9999999999999996,2.0069885576699655,3.0
76_12,3.9999447294482833,3.9999499556527724,3.9999499225641566,3.3305535413882894,3.9999316092992543
76_13,3.9977888098325707,2.9999999999999996,2.9999999999999996,3.0,3.0
76_14,2.9999999999999996,2.9999999999999996,2.9999999999999996,3.0,3.0
76_15,2.9999999999999996,2.000058753871059,2.0008319048405965,3.0,2.0002500734379844
77_0,2.000061239128691,2.680297829101033,3.0,2.739162827515252,2.0002272991632433
77_1,3.0,2.9999999999999996,3.0,3.0,2.9910921033035316
77_2,2.9999999999999996,2.000156548796256,3.0,3.0,3.0
77_3,2.0001173934737793,2.0008317987669435,2.9999999999999996,3.0,2.7626485610071114
77_4,3.0,2.000133603534539,2.9999999999999996,3.0,3.0
77_5,2.00005005963983,2.000050946649567,2.000050422359306,2.667295289360718,2.6666965293758627
77_6,3.0,3.0,2.9999999999999996,3.0,3.0
77_7,2.9999999999999996,3.0,2.9999999999999996,3.0,3.0
77_8,3.999949942368452,3.9999496613617085,3.999949970564363,3.999941310132178,3.9999475117532057
77_9,2.000263419428671,2.0001021920972444,2.999999999999999,3.0,3.0
77_10,2.000089002085427,2.9999999999999996,3.0,2.9999999999999996,3.0
77_11,2.000068426748117,2.0001859700089204,2.9999999999999996,3.0,3.0
77_12,3.9999485308342404,3.9999490198434136,3.999948881862165,3.3024096268182195,3.999899745430263
77_13,3.0,2.9999999999999996,2.9999999999999996,3.0,3.0
77_14,2.9999999999999996,2.9999999999999996,3.0,3.0,3.0
77_15,2.871763445627522,2.000061536081593,2.9999999999999996,2.7805920552704797,2.999999999999999
78_0,2.9999999999999996,3.0,3.0,3.0000000000000004,3.0
78_1,2.9999999999999996,3.9999331886394023,3.9999155745190724,3.2534964971668296,2.9999999999999996
78_2,3.99993160259974,2.9999999999999996,3.9999408814523933,3.9996956610021615,3.0916515950626877
78_3,3.999945342641759,3.0,3.999896811753978,2.999999999999999,3.9999320801748195
78_4,3.999949433455215,3.9999258957088974,3.999948575658258,3.331837091718872,3.3258933099136376
78_5,2.9999999999999996,3.9999484258190936,3.999946625506026,2.9999999999999996,3.0
78_6,3.9999196471178844,2.9999999999999996,3.999939804258677,3.0,3.0
78_7,3.0,2.9999999999999996,3.9999472504304108,3.3321656277941383,3.99994279375851
78_8,4.999900002430944,4.999900003575219,4.999899976386895,3.6666580067695005,4.999769266748371
78_9,3.0,2.9999999999999996,2.9999999999999996,3.3226192650333863,3.0
78_10,2.000058797024901,2.000064757342913,2.000053400325115,2.694257913730892,2.6718177514579375
78_11,3.999945881263893,2.9999999999999996,3.9999430314335727,3.9998805395561807,3.9999079938559654
78_12,3.9999492757547572,3.9999496625354642,3.9999494455180358,3.9999356649640085,3.9999356746908736
78_13,3.9999497265411263,3.9999428031511464,3.9999483936120934,3.999947403418493,3.323841777996628
78_14,3.0,2.9999999999999996,2.9999999999999996,3.0,3.0
78_15,3.0,3.0,2.9999999999999996,3.0,3.0
79_0,2.0000502035598973,2.000050058746254,2.000050639447177,2.000050373516873,2.0000502336700845
79_1,3.0,2.9999999999999996,3.0,3.0,3.0
79_2,2.9999999999999996,3.0,3.0,3.0,2.9999999999999996
79_3,2.9999999999999996,2.000052007762763,2.000050931755959,2.7323224110656303,2.000061177449064
79_4,2.9999999999999996,2.000062665025322,2.0001571668789375,3.0,2.881473812309603
79_5,3.0,2.9999999999999996,3.0,3.0,3.0
79_6,2.9999999999999996,3.0,3.0,3.0,2.9999999999999996
79_7,2.000524291110556,2.9999999999999996,2.9999999999999996,3.0,3.0
79_8,3.666604661180777,4.999899853102277,4.999899179837029,3.666621610651318,3.9997083026417886
79_9,3.0,2.9999999999999996,2.9999999999999996,3.0,2.9999999999999996
79_10,3.0,3.0,3.0,3.0,2.9999999999999996
79_11,3.0,2.9999999999999996,3.9989453713995635,3.0,3.0
79_12,3.9999499957742457,3.999949948769432,3.999949939811931,3.9999316040284683,3.9999388430060887
79_13,2.9999999999999996,2.9999999999999996,2.9999999999999996,3.0,2.9999999999999996
79_14,2.9999999999999996,2.9999999999999996,2.000421809799623,3.0,3.0
79_15,2.0000587961012504,2.000057683855131,2.999999999999999,2.762648584539534,2.000059962094521
80_0,2.000052222195454,2.000064433135526,2.0000514707812838,3.0000000000000004,2.709836013339214
80_1,2.9999999999999996,2.0001559068123758,2.999999999999999,3.0,3.0
80_2,2.0000586879845828,2.000114194015942,2.0000803888473717,3.0,2.9999999999999996
80_3,2.001053549491645,3.0,2.999999999999999,3.0,2.9999999999999996
80_4,2.9999999999999996,2.9999999999999996,2.9999999999999996,2.9999999999999996,3.0
80_5,2.9999999999999996,2.9999999999999996,2.9999999999999996,3.0000000000000004,3.0
80_6,2.000658927178063,3.0,2.9999999999999996,2.001515530081889,2.999999999999999
80_7,2.0000533427685,2.000050725711034,2.000061176740056,2.7259809105660957,2.762648548335806
80_8,3.9999495058576597,3.9999458849233362,3.999945561177218,3.999911038473151,3.99994317717997
80_9,2.9999999999999996,2.000186280289102,3.0,3.0,3.0
80_10,2.9999999999999996,3.0,2.9999999999999996,3.0,2.9999999999999996
80_11,2.9999999999999996,3.0,2.9999999999999996,2.9999999999999996,3.0
80_12,3.0,2.9999999999999996,3.0,2.9999999999999996,3.0
80_13,2.0035467959849522,2.9999999999999996,2.9999999999999996,2.9999999999999996,3.0
80_14,3.0,3.0,3.0,2.9999999999999996,3.0
80_15,2.999999999999999,3.0,3.0,3.0,3.0
81_0,2.9999999999999996,2.0002741351336377,2.0002741885834747,3.0,3.0
81_1,2.9999999999999996,2.9999999999999996,3.0,3.0,2.9999999999999996
81_2,2.999999999999999,2.0002740484848127,3.0,2.9999999999999996,3.0000000000000004
81_3,2.9999999999999996,3.0,2.9999999999999996,2.9999999999999996,2.9999999999999996
81_4,2.0000999930674186,3.0000000000000004,2.9999999999999996,2.79014182439574,3.0000000000000004
81_5,2.9999999999999996,2.9999999999999996,3.9999315579548957,3.322619314641598,3.0
81_6,3.9999110618706277,3.0,3.9999445733024404,3.3258931576690873,2.9999999999999996
81_7,2.000073615032563,3.0,2.9999999999999996,3.0,3.0
81_8,4.999899138521085,4.999899948578364,4.999891679004807,3.666464633352298,3.9999269902775922
81_9,2.9999999999999996,2.9999999999999996,2.9999999999999996,3.0,3.0
81_10,2.0001324365801607,2.000080344037122,2.9999999999999996,2.8412109845875193,3.0000000000000004
81_11,2.9999999999999996,3.0,3.996438374793759,3.0,2.9999999999999996
81_12,3.9999486669833706,3.9999496246535915,3.0000000000000004,3.3138646368180664,3.999924522523169
81_13,2.999999999999999,3.99989909059091,2.9999999999999996,3.302409675339132,3.0
81_14,2.000051177428418,2.0000511802299865,2.0000810365246062,2.7098360751306196,2.0003989452934143
81_15,2.9999999999999996,2.999999999999999,3.0,3.0,2.9999999999999996
82_0,2.999999999999999,2.0000683918243523,2.0000567925485915,2.000091786788697,2.0000747938429853
82_1,2.9999999999999996,2.9999999999999996,2.9999999999999996,3.0,3.0
82_2,3.0,3.0,2.999999999999999,2.9999999999999996,3.0
82_3,2.9999999999999996,3.0,2.9999999999999996,3.0,3.0
82_4,3.0,2.9999999999999996,2.9999999999999996,3.0,3.0
82_5,2.9999999999999996,2.9999999999999996,2.9999999999999996,3.0,3.0
82_6,3.0,3.0,2.9999999999999996,3.0,2.9999999999999996
82_7,2.9999999999999996,2.9999999999999996,2.999999999999999,3.0,2.9999999999999996
82_8,3.9999498690858553,3.999949919834245,3.9999499725429075,3.333275979912199,3.999943234830633
82_9,3.999943004179663,3.0000000000000004,3.3305534893851085,3.3267494724124225,3.3314160776029595
82_10,2.9999999999999996,2.9999999999999996,2.999999999999999,3.0,2.9999999999999996
82_11,3.0,2.9999999999999996,3.0,3.0,3.0
82_12,3.999949541141225,3.9999499701590326,3.999949978645568,3.9999484881138496,3.9997259352397934
82_13,3.999936044389957,3.9999431263076457,3.9999496430698724,3.9998440839276386,2.999999999999999
82_14,2.9999999999999996,3.0,3.0,3.0,3.0
82_15,2.9999999999999996,3.0,3.0000000000000004,3.0,2.9999999999999996
83_0,2.000132425571008,2.000073622449951,2.8308003972324745,2.9999999999999996,2.0017122888021346
83_1,2.9999999999999996,2.9999999999999996,2.9999999999999996,3.0,3.0
83_2,3.99993873700784,2.9999999999999996,2.9999999999999996,3.0,3.0
83_3,3.99994945990541,3.999948820491415,3.9999486216935467,3.324928114998337,3.316032980755687
83_4,3.9999447221960795,3.9999467909362396,3.999949766234852,2.9999999999999996,2.9999999999999996
83_5,3.9999484644886323,3.9999263192214105,3.999949148226134,3.0,3.260837222613757
83_6,2.9999999999999996,3.999885789443368,3.9999475079804783,3.0,2.9999999999999996
83_7,3.99992045420713,2.9999999999999996,3.999944177049391,3.3226192901652998,3.308744359257652
83_8,2.000224726904616,3.0,2.9999999999999996,3.999738329612907,3.0000000000000004
83_9,3.999949842314106,3.999775257838653,3.999949773237619,3.0000000000000004,3.0
83_10,3.9999478010536715,3.999919245892308,3.9999497427223756,3.3293059235395757,3.999935122587859
83_11,3.0,3.0,3.0,3.0,3.9998621944470534
83_12,3.9999497972388376,3.999949869926375,3.999949701139563,3.9998441675593326,3.9997755218428788
83_13,2.9999999999999996,2.9999999999999996,2.999999999999999,2.9999999999999996,2.999999999999999
83_14,3.9999468020694486,2.9999999999999996,3.9999407585893736,3.0,3.0
83_15,2.999999999999999,3.0,2.9999999999999996,3.0,2.9999999999999996
84_0,2.9999999999999996,2.9999999999999996,3.0,2.9999999999999996,3.0000000000000004
84_1,2.9999999999999996,3.0,2.9999999999999996,2.9999999999999996,3.996087215419812
84_2,3.0,2.9999999999999996,2.9999999999999996,3.0000000000000004,2.9999999999999996
84_3,2.999999999999999,3.0,2.9999999999999996,3.0,3.0
84_4,3.0,2.9999999999999996,3.0,3.0,3.0
84_5,2.000204283179388,2.9999999999999996,3.0,3.0,2.9999999999999996
84_6,2.9999999999999996,2.9999999999999996,3.0,3.0,3.13823046437195
84_7,2.999999999999999,3.0,2.0021810744946147,3.0,3.0
84_8,3.0,2.9999999999999996,2.9999999999999996,2.9999999999999996,2.9999999999999996
84_9,3.0,3.0,2.999999999999999,3.0,3.0
84_10,3.999946601475436,2.9999999999999996,2.9999999999999996,3.0,3.0
84_11,3.9999432328399345,3.0,3.0,3.0,3.0
84_12,3.999949082911765,3.99994999229955,3.9999494150864994,3.333265071148875,3.9999316084881804
84_13,2.9999999999999996,3.0,3.0,3.0,3.0
84_14,2.9999999999999996,2.9999999999999996,3.0,2.9999999999999996,2.762648570058043
84_15,2.9999999999999996,3.0,3.0,3.0,2.9999999999999996
85_0,2.0000526686679456,2.0000505416380445,2.0000532024185396,2.6666765300457795,2.6666811657052096
85_1,2.000064431823104,2.000061175643221,2.9999999999999996,3.0,3.0
85_2,2.9999999999999996,2.9999999999999996,2.9999999999999996,3.0,2.9999999999999996
85_3,3.0,2.000614082337211,3.0,3.0,3.0
85_4,2.9999999999999996,2.0000572987452383,2.999999999999999,2.9999999999999996,3.0
85_5,2.0000643501975484,2.000105968769868,2.9999999999999996,3.0,3.0
85_6,2.9999999999999996,3.0,2.9999999999999996,3.0,3.0
85_7,3.0,2.9999999999999996,2.999999999999999,3.0,3.0
85_8,2.000057683050484,2.000089572597773,2.9999999999999996,3.0,3.0
85_9,3.0,2.9999999999999996,3.0,3.0,2.9999999999999996
85_10,2.000056873943157,3.0,2.999999999999999,2.79014182439574,3.0
85_11,3.0,3.0,3.0000000000000004,3.0,3.0
85_12,3.999949983836427,3.9999499635735147,3.9999497366311196,3.3333128477193443,3.3332319213373482
85_13,2.9999999999999996,3.0,3.0,2.9999999999999996,3.0000000000000004
85_14,3.0,3.0,3.0,3.0000000000000004,3.0
85_15,2.9999999999999996,2.000158656798917,2.9999999999999996,3.0,3.0
86_0,2.000050147226287,2.000050451974815,2.000054593350509,2.6674717587393637,2.00008088736193
86_1,2.001056409866601,2.999999999999999,2.9999999999999996,3.0,3.0
86_2,3.0,2.9999999999999996,3.9996870465331407,3.0,2.9999999999999996
86_3,2.9999999999999996,3.0,3.0,3.0,3.0
86_4,3.0,2.9999999999999996,2.999999999999999,3.0,3.0
86_5,2.9999999999999996,2.9999999999999996,3.999937930718869,3.3258932334618243,3.274018999913045
86_6,2.9999999999999996,2.9999999999999996,2.9999999999999996,3.0,3.0
86_7,2.9999999999999996,2.9999999999999996,2.9999999999999996,3.0,3.0
86_8,3.9999495631334865,3.999949967995702,3.999949796320789,3.9997259749401954,3.9999356774553734
86_9,2.000186808260825,2.0017068679773864,3.0,2.9999999999999996,3.0
86_10,2.999999999999999,2.0000688247627654,2.0001895173505666,3.0,3.0
86_11,2.9999999999999996,3.0,2.9999999999999996,3.0,2.999999999999999
86_12,3.9999498724831613,3.9999499989506972,3.999949926115976,3.3333217746236166,3.999948063125716
86_13,3.0,2.9999999999999996,3.0,3.0,2.9999999999999996
86_14,2.9999999999999996,3.0,3.0,2.9999999999999996,2.9999999999999996
86_15,2.9999999999999996,2.0000611682582927,2.0002245459026815,2.7323224110656303,2.000133478339942
87_0,3.0,3.0,3.0,2.9999999999999996,2.9999999999999996
87_1,3.0,2.999999999999999,3.0,3.0,3.0
87_2,2.9999999999999996,2.0001141936962283,3.0,2.9999999999999996,2.0000742476231377
87_3,2.999999999999999,2.9999999999999996,3.0,3.0000000000000004,2.9999999999999996
87_4,3.0,3.0,2.9999999999999996,2.9999999999999996,2.8000056030656055
87_5,2.999999999999999,3.0,3.0,2.9999999999999996,2.9999999999999996
87_6,3.0,2.9999999999999996,3.0,2.0015270029792744,2.999999999999999
87_7,3.0,2.9999999999999996,3.0,3.0,3.0
87_8,2.0001001130814653,2.0000805057088082,2.0000889550635987,2.7805919953255724,3.0
87_9,2.9999999999999996,3.0,2.9999999999999996,2.9999999999999996,2.9999999999999996
87_10,2.9999999999999996,3.0,2.9999999999999996,2.9999999999999996,2.9999999999999996
87_11,3.0,2.9999999999999996,3.0,3.0,2.999999999999999
87_12,3.9999499778527334,3.999949980147542,3.9999499410391173,3.9999388454729914,3.999935675877603
87_13,2.999999999999999,3.0,3.0,3.0,2.9999999999999996
87_14,2.9999999999999996,2.000073656596058,3.0,3.0,3.0
87_15,3.0,3.0,2.9999999999999996,3.0,3.0
88_0,2.0000500613800387,2.0000503240838023,2.0000501648321016,2.000052535050558,2.000061325690126
88_1,2.0000507202041136,2.0000510960022755,2.000053205696462,2.666829965694576,2.0000647067800843
88_2,2.9999999999999996,2.9999999999999996,2.0000896492544196,2.9999999999999996,2.694257937080182
88_3,2.6839669933052948,3.0,2.9999999999999996,3.0,3.0
88_4,2.0000501883086406,2.0000504488401294,2.000050177932272,2.0000684833409066,2.000058823785316
88_5,2.9999999999999996,2.0002762396785068,2.9999999999999996,3.0,3.0
88_6,2.0000803253500634,2.9999999999999996,2.9999999999999996,3.0,3.0000000000000004
88_7,2.999999999999999,2.9999999999999996,2.9999999999999996,3.0,3.0
88_8,3.9999355443236277,3.9999484645301164,3.999944290765839,3.329496587278885,3.328314193033452
88_9,3.0,2.9999999999999996,3.0,2.9999999999999996,2.9999999999999996
88_10,2.0000502697221654,2.0000505021468316,2.0000501179690895,2.6675779182000716,2.000089134654224
88_11,2.0000519618229604,2.0000561858460615,2.0000611613745294,2.000069902970271,2.0000597348132185
88_12,3.0,3.0,2.9999999999999996,3.0,3.0
88_13,2.000224541120764,2.000060196773639,3.0,3.0,2.6975902402766625
88_14,1.0001015349067472,1.000100438254678,1.000217361089553,2.6787547511756142,2.000186833907526
88_15,2.000050769777568,2.000050514627202,2.000050056731666,2.6675779182000716,2.0000806408375595
89_0,2.000050155123551,2.0000508354972437,2.0000531187129913,2.666679258466446,2.6666824107058638
89_1,2.000068946727868,2.0000643330803363,3.0,2.9164169806789992,3.0
89_2,3.0,3.0,2.9999999999999996,3.0,2.9999999999999996
89_3,2.000053215941396,2.0000810370156574,2.000051892603444,2.9164169653587777,3.0
89_4,2.9999999999999996,3.0,2.999999999999999,3.0,2.9999999999999996
89_5,2.0000515112372343,2.0000742462043637,2.000056189689694,3.0,3.0
89_6,2.000050080922597,2.0000503880121037,2.0000553786860555,2.6666837881499057,2.000157547808657
89_7,2.9999999999999996,2.0002765295971248,2.9999999999999996,3.0,3.0
89_8,3.999939781246769,3.9999496425931653,3.99992309769795,3.32347269128641,3.2280279021818723
89_9,2.000050499267852,2.0000509543916416,2.0000508473276097,2.6670063940374744,2.666796165799168
89_10,2.9999999999999996,2.9999999999999996,2.999999999999999,3.0,2.000689083040514
89_11,2.9999999999999996,2.9999999999999996,3.0,3.0,2.979394964451713
89_12,2.9999999999999996,3.0,3.0,3.0,3.0000000000000004
89_13,2.0000501820441614,2.0000510183782616,2.0000516625834175,2.6741067155703013,2.0000513730674787
89_14,2.0000501087369615,2.0000503401817156,2.0000512230769982,2.667295289360718,2.669812209300818
89_15,2.0000510755053122,2.000050426596909,2.6702258741396436,2.6678343192763014,2.000050808755678
90_0,2.9999999999999996,2.9999999999999996,2.9999999999999996,3.0,3.0
90_1,2.9999999999999996,2.9999999999999996,2.9999999999999996,3.0,3.0
90_2,3.0,3.0,2.9999999999999996,3.0,3.0506383837973168
90_3,2.9999999999999996,2.9999999999999996,2.9999999999999996,3.0000000000000004,3.0000000000000004
90_4,2.9999999999999996,3.0,3.999934964857609,3.148439603336745,3.99945745161385
90_5,3.0,2.9999999999999996,2.9999999999999996,3.0,3.0000000000000004
90_6,3.9997741899540804,3.999925830217904,2.9999999999999996,3.0,3.0000000000000004
90_7,2.9999999999999996,2.9999999999999996,2.9999999999999996,3.05624344873479,3.0
90_8,3.9999499757553267,3.9999498465575374,3.9999456665256408,3.0,3.1795902150044313
90_9,2.9999999999999996,3.999833013326944,2.9999999999999996,3.2194077477677676,3.075999653367587
90_10,2.9999999999999996,2.999999999999999,3.0,3.0,3.0
90_11,2.9999999999999996,3.0,2.9999999999999996,3.0,2.999999999999999
90_12,3.999949988425757,3.999949988747667,3.9999492872398004,3.99993884502108,3.333326701690468
90_13,2.9999999999999996,2.0014438536369994,2.9999999999999996,3.0,3.0
90_14,2.9999999999999996,2.999999999999999,2.999999999999999,2.9999999999999996,3.0
90_15,3.0,2.9999999999999996,2.9999999999999996,3.0,3.0
91_0,2.000050054615732,2.0000501427566166,2.0000500502590324,2.6666936156042222,2.0000504834681507
91_1,2.9999999999999996,2.999999999999999,3.0,3.0,2.9999999999999996
91_2,2.9999999999999996,2.999999999999999,3.0,3.0,2.9999999999999996
91_3,2.9999999999999996,3.0,2.9999999999999996,2.9999999999999996,2.9999999999999996
91_4,2.9999999999999996,2.001053529912322,2.999999999999999,3.0,3.0
91_5,3.0,3.0,3.0,3.0,3.0
91_6,3.0,3.0,3.0,3.0,2.9999999999999996
91_7,2.9999999999999996,3.0,2.999999999999999,3.0,2.9999999999999996
91_8,2.9999999999999996,2.9999999999999996,2.9999999999999996,2.9999999999999996,2.999999999999999
91_9,3.0,2.9999999999999996,2.9999999999999996,3.0,2.9999999999999996
91_10,3.0,2.9999999999999996,2.9999999999999996,3.0000000000000004,2.999999999999999
91_11,2.9999999999999996,3.0,2.9999999999999996,3.0,3.0
91_12,3.9999499769950293,3.999949981566004,3.999949984027207,3.999938844781975,3.3332824421254212
91_13,2.0034596077069775,2.9999999999999996,3.0,3.0,3.0
91_14,2.9999999999999996,2.9999999999999996,2.9999999999999996,2.9999999999999996,3.0
91_15,2.9999999999999996,3.0,2.9999999999999996,3.0,2.9999999999999996
92_0,2.000050432247046,2.0000509156400796,2.000052495064964,2.000051123764181,2.000055311644453
92_1,2.0000999981417897,2.000053196166612,2.0001142021518117,2.000091503557371,3.0
92_2,2.0000889393877657,3.0000000000000004,2.0001146285382774,2.000120964157102,2.9999999999999996
92_3,2.0000509451715844,2.0000511891699495,2.0000514298605685,2.7012795792222377,2.0003379925233076
92_4,2.9999999999999996,2.9999999999999996,2.000275232610115,3.0,2.9999999999999996
92_5,2.000061160707295,2.000055428592824,2.0000741717623374,2.9999999999999996,2.9999999999999996
92_6,3.0,2.0000803250384216,3.0,2.9999999999999996,2.000073685600133
92_7,2.000050406708443,2.000051983475684,2.0000519452366543,2.6712214106174903,2.6671576544014997
92_8,3.0,2.9999999999999996,3.0,2.0005619485768755,3.0000000000000004
92_9,2.0000500396389533,2.000050431091148,2.0000500848978637,2.6667380535261236,2.000068449847515
92_10,2.9999999999999996,3.0,2.0000889455056816,2.9999999999999996,2.0002247846115164
92_11,2.9999999999999996,2.9999999999999996,2.9999999999999996,2.9999999999999996,2.0002388174692602
92_12,3.9999098895667284,2.9999999999999996,3.9999481704302537,3.285245631538552,3.0
92_13,2.000061305659278,2.0000506789857493,1.0055705617193342,2.694257913730892,2.0000512922852947
92_14,3.0,2.999999999999999,2.9999999999999996,2.000128516773221,3.0
92_15,2.0000541026502354,3.0,2.999999999999999,3.0,3.0000000000000004
93_0,2.0000500241194534,2.0000500264200554,2.0000501402948068,2.000524407676943,2.666703388306334
93_1,3.0,2.9999999999999996,2.9999999999999996,2.9999999999999996,3.0
93_2,3.0,3.0,3.0,3.0,3.0
93_3,2.959193353457518,2.9999999999999996,2.9999999999999996,2.987192757740629,3.0
93_4,3.0,3.0,2.9999999999999996,3.0,3.0
93_5,2.9999999999999996,3.0,3.0,3.0,3.0
93_6,3.0,2.999999999999999,2.999999999999999,2.841210945849722,2.9999999999999996
93_7,3.99994994714214,3.999949990207427,3.999949993443839,3.33299389721686,3.311443306224252
93_8,3.9999491923052566,3.9999480418842293,3.9999498504133575,3.3160328143136857,3.9999458765371605
93_9,3.999949915776012,3.9999499827699734,3.999949953959903,3.3332875005267653,3.999915574611934
93_10,2.9999999999999996,2.999999999999999,3.0,3.0,3.0
93_11,2.9999999999999996,2.9999999999999996,2.9999999999999996,3.0,2.9999999999999996
93_12,3.9999499705703263,3.9999499799448226,3.999949287156635,3.3333193375930663,3.3332531552455995
93_13,3.0,2.9999999999999996,2.9999999999999996,3.0,3.0000000000000004
93_14,3.999811911739482,2.9999999999999996,3.0,3.0,2.9999999999999996
93_15,2.9999999999999996,2.000055282512476,2.9999999999999996,3.0,2.0005017101471108
94_0,2.000063957035556,2.00005730018167,2.0000568524754283,2.666966894049956,2.669812235398412
94_1,3.0,2.9999999999999996,2.9999999999999996,3.0,3.0
94_2,2.908347697261359,3.0,2.9999999999999996,3.0,3.0
94_3,2.0000618678055355,2.9999999999999996,3.0,3.0,3.0
94_4,2.9999999999999996,2.9999999999999996,2.9999999999999996,3.0,2.0004098891840276
94_5,2.9999999999999996,2.9999999999999996,2.9999999999999996,3.0,2.9999999999999996
94_6,2.9999999999999996,2.999999999999999,2.9999999999999996,3.0,3.0
94_7,2.000100105048356,2.000060387048589,2.000186927165655,2.746503073260832,2.74650305622932
94_8,3.999945168752052,3.9999304250169425,3.999943035920605,3.1381956950137173,3.6173045487612816
94_9,2.9999999999999996,3.0,2.9999999999999996,2.9999999999999996,3.0
94_10,2.9999999999999996,3.0,2.999999999999999,3.0,3.0
94_11,2.9999999999999996,2.9999999999999996,2.9999999999999996,2.9999999999999996,3.0
94_12,3.9999493279817484,3.99994646878169,3.9999487491668266,3.9999196727760444,3.0
94_13,2.000063956416487,2.999999999999999,2.999999999999999,3.0,3.0
94_14,2.9999999999999996,2.9999999999999996,2.9999999999999996,3.0,3.0
94_15,2.9999999999999996,2.9999999999999996,2.999999999999999,3.0,3.0
95_0,2.9999999999999996,2.0000822617028895,3.0,3.0,3.0
95_1,3.0,2.999999999999999,2.9999999999999996,3.0,3.0
95_2,3.0,2.9999999999999996,3.999938614805996,3.0,3.0
95_3,3.0,3.0,3.0,3.0,3.0
95_4,3.0,3.0,3.9991447987594633,3.0,2.9999999999999996
95_5,3.0,2.999999999999999,3.9999409770922214,3.0,3.0
95_6,3.9998140630858705,3.9999196734579763,3.999867453402542,3.0,2.999999999999999
95_7,3.9998997746388487,3.0,3.999941725948699,3.3287785125839666,3.0
95_8,3.6665966616879535,4.999889347866906,4.9998218846209355,3.6665883989874555,3.666633053864815
95_9,3.0,3.0,3.0,3.998623057357151,3.0
95_10,2.999999999999999,2.9999999999999996,3.0000000000000004,3.0,3.0
95_11,3.999935676316913,2.9999999999999996,3.9999382909401677,3.0000000000000004,3.0
95_12,3.99994999957054,3.999949994117397,3.9999496620231327,3.9999388447336646,3.999946804709484
95_13,3.0,2.9999999999999996,2.9999999999999996,3.0,3.0
95_14,2.9999999999999996,2.0015661933950226,2.9999999999999996,3.0,3.0
95_15,3.0,2.0010535755979735,3.0,2.9999999999999996,3.0000000000000004
96_0,2.0000588272011512,2.999999999999999,2.0000889597246343,2.6861352899608955,2.0000823049769623
96_1,2.9999999999999996,3.0,2.9999999999999996,2.9999999999999996,3.0
96_2,2.9999999999999996,2.000061165839254,3.0,3.0,2.000574134788592
96_3,2.0000738467224117,3.0,2.9999999999999996,3.0,2.9999999999999996
96_4,3.0,3.0,2.999999999999999,2.9999999999999996,3.0
96_5,2.999999999999999,2.9999999999999996,2.9999999999999996,3.0,3.0
96_6,2.000053194563372,2.000050556025733,2.9999999999999996,2.9999999999999996,2.000058831224292
96_7,2.9999999999999996,3.0,2.9999999999999996,2.9999999999999996,3.0
96_8,3.0,3.99991104917026,2.9999999999999996,3.0,2.9999999999999996
96_9,2.9999999999999996,2.9999999999999996,2.9999999999999996,3.0,2.9999999999999996
96_10,3.0,2.9999999999999996,3.0,3.0,2.9999999999999996
96_11,2.0000503893939183,2.0000503832730465,2.000068502644599,3.0,2.762648548335806
96_12,3.9999499474521936,3.9999499477203138,3.9999494394688466,3.9999263806588763,3.3332964262753855
96_13,3.0,3.0,2.999999999999999,3.0,2.9999999999999996
96_14,2.9999999999999996,2.9999999999999996,3.0,3.0000000000000004,2.9999999999999996
96_15,2.0000502117963266,2.0000501109183197,2.0000502242408307,2.0000504927773557,2.000057209495896
97_0,2.0000512595169813,2.000050248951254,2.000058727622816,2.6694464322781837,2.66836041189574
97_1,2.0000736251738713,3.0,3.0000000000000004,3.0,3.0
97_2,2.9999999999999996,2.000274109947301,2.9999999999999996,3.0,3.0000000000000004
97_3,3.0,2.9999999999999996,2.999999999999999,3.0,2.9999999999999996
97_4,2.0000643566274103,2.00005037491121,2.6674717851964513,2.0000644160014067,2.666932274147112
97_5,2.0000654999778233,2.000073819376266,3.0,3.0,3.0
97_6,2.9999999999999996,3.0,3.0,2.0001346250490184,2.999999999999999
97_7,2.9999999999999996,2.9999999999999996,2.9999999999999996,3.0,3.0
97_8,3.999949924512924,3.9999495776048453,3.3319166640041926,3.3321952797925727,3.999919675734252
97_9,2.9999999999999996,2.999999999999999,3.0,2.9999999999999996,3.0
97_10,3.0,2.0001864555792657,2.9999999999999996,3.0,2.72012951104718
97_11,3.0,3.0,2.9999999999999996,3.0,3.0
97_12,3.9999498835567424,3.999949921086178,3.9999492871207822,3.9999196771655257,3.9999475109489038
97_13,2.000054910462058,2.000051023485963,2.0000684275390914,2.754337006201302,2.9999999999999996
97_14,2.0000530187508985,2.0000544282919805,2.000069842780952,2.732322446350845,2.6750716338434426
97_15,2.000998159076774,3.0000000000000004,3.0,3.0,3.0
98_0,2.999999999999999,3.0,2.9999999999999996,3.0,2.9376675316823637
98_1,3.0,2.9999999999999996,2.9999999999999996,3.0,3.0000000000000004
98_2,3.0,2.9999999999999996,3.0,3.0,3.0
98_3,2.0000987151500085,2.9999999999999996,2.999999999999999,3.0,3.0
98_4,2.9999999999999996,3.0,2.9999999999999996,3.0,3.0
98_5,3.0,2.9999999999999996,3.0,3.0,3.0
98_6,3.0,2.9999999999999996,3.0,3.0,3.0
98_7,3.999946799470511,3.999949732417705,3.999949460751764,3.3293066724958735,3.9998673462066625
98_8,3.9999497620329665,3.999949795850045,3.999949859782526,3.9999356678415023,3.9999480486193626
98_9,3.9999460029715217,3.99994153611032,3.99994928364611,3.3331489163234185,3.3333107815676
98_10,2.001055679701031,2.9999999999999996,2.9999999999999996,2.8617694641521245,3.0
98_11,2.9999999999999996,3.0,2.9999999999999996,3.0,3.0
98_12,3.999949832473882,3.9999490801166067,3.9999464689724666,3.326749522349365,3.9999475048936195
98_13,2.9999999999999996,2.9999999999999996,3.0,3.0,3.0
98_14,3.0,2.999999999999999,3.0,3.0,3.0
98_15,2.999999999999999,2.9999999999999996,2.9999999999999996,3.0,3.0
99_0,2.0000503359028525,2.0000503387935593,2.0000504452935157,2.00005059653549,2.668162881740828
99_1,2.0000645273072384,2.0000507359320676,2.9999999999999996,2.0000679218504693,2.000054685201105
99_2,3.0,3.0,2.9999999999999996,2.0000541477556824,2.00006583519514
99_3,3.0,2.0001003346435353,3.0,3.0,2.0001560421033258
99_4,2.9999999999999996,2.0001000108013427,2.0000506740566695,3.0,2.0000566008294522
99_5,2.00018596978579,3.0,2.9999999999999996,3.0,2.9999999999999996
99_6,2.9999999999999996,2.9999999999999996,2.000058690439437,2.9999999999999996,2.000052174904085
99_7,3.0,2.000419384282541,2.999999999999999,3.0,3.0
99_8,2.9999999999999996,2.9999999999999996,3.0,3.0,3.0
99_9,2.0000587718398957,2.000073913437348,2.0000574792251617,2.680297829101033,2.668836683623017
99_10,2.9999999999999996,2.000061386845206,3.0000000000000004,2.9999999999999996,2.6912555724467695
99_11,2.9999999999999996,2.9999999999999996,2.9999999999999996,3.0,2.0000639580613826
99_12,3.0,2.9999999999999996,3.0000000000000004,3.0,3.0
99_13,3.0,2.0000573001994324,2.0000755589847654,2.899811905637752,2.000054706227406
99_14,2.00005333558722,2.000057942238162,2.0000552709629127,3.0,2.666901696623921
99_15,3.0,2.0000618683784057,3.0,2.8101189110679416,2.000078888776055
