group,COT1,COT2,COT3,COT4,COT5
0_0,1.0001286713727773,2.000072750357742,1.0001064545063305,1.0006893114655606,2.000032005914506
0_1,2.000132537360261,3.0000000000000004,2.9999999999999996,2.0000501116099287,2.0000504311268523
0_2,3.0000000000000004,3.9997640466478916,3.0,2.4896374895123596,2.498006716489504
0_3,2.000089194627432,2.0001955047722033,2.0000515078279593,3.0000000000000004,3.0000000000000004
0_4,3.0,2.4857654651693872,3.0,2.4867541790468692,3.9998493994574824
0_5,3.0000000000000004,3.0,2.999999999999999,2.000050914215131,2.000050711258475
0_6,3.999949408548292,3.9999439422139647,3.999940016152527,3.999925768248364,3.999942332958217
0_7,3.9999498139146636,3.999947633197991,3.9999480400904712,3.9999451913220856,2.956417573908378
0_8,2.0000684230506383,2.0000739895681283,1.000122738345781,2.000050786328967,2.000099407113609
0_9,3.0000000000000004,3.9998119216875923,2.9999999999999996,3.0,2.0911289425964523
0_10,3.999948807408644,3.999948254716477,3.999949190838985,3.9999453875365782,3.999937770546872
0_11,3.0,3.999944097763258,3.999940591479581,2.007168811144097,3.9999436031550166
0_12,3.9999488152761717,3.99994934303599,3.9999496529521448,2.9774589497739825,3.999947148603838
0_13,3.0,3.000000000000001,2.0000607859669435,2.9999999999999996,3.0
0_14,2.0000532221274203,2.9999999999999996,1.0003227277493583,2.0000500585435605,2.0000504883313375
0_15,2.9999999999999996,3.9997876290957652,3.0000000000000004,2.1277542448357334,2.175822448464629
1_0,2.0000544488478518,2.000066122144529,2.000055267624796,2.0003770709639968,2.0000500346323706
1_1,3.9998996310128097,3.0,3.0,3.999900629220102,3.9998995001030346
1_2,3.0000000000000004,3.0000000000000004,3.0000000000000004,3.0,2.0000683907506684
1_3,2.9999999999999996,3.0,2.000067422424213,2.000088933887427,3.0
1_4,2.000064347915849,2.0001677470179273,2.0001425291407955,3.0000000000000004,3.0000000000000004
1_5,2.0000567778634695,2.000091822112456,2.0000868351535854,2.0005790135543733,3.0
1_6,3.9999191317765614,3.9998071496666388,3.99958365735969,3.9999264720459347,3.0
1_7,2.0000509186080717,2.000064126357511,2.000207484430704,2.000050068079253,2.0001979791475146
1_8,1.0001049819176366,1.0001167674065496,1.0001019205843193,2.000050135020437,2.000051941362313
1_9,3.0,3.0000000000000004,3.0000000000000004,3.0,2.9999999999999996
1_10,2.000064780865833,2.00011242504145,2.0000711831502977,3.9926320887223588,2.0001564334141673
1_11,3.999938792446924,3.999907175735803,3.9999415391320996,3.999939610144691,3.999946347400415
1_12,3.0000000000000004,3.0,3.0,2.002205904973471,3.9999171600998404
1_13,2.0000515968286394,2.0000500103642938,2.000207459724881,2.0000500950238504,2.0000500344541794
1_14,1.005598373150264,2.00007575957325,2.000050057756663,1.0021077605795425,2.000050028958745
1_15,3.0000000000000004,3.0,3.0000000000000004,3.999836395011972,2.9999999999999996
2_0,2.000065258164678,2.000058685958804,2.00012973668686,2.999999999999999,2.000061153566938
2_1,3.9999483148765527,3.9999485535293937,3.99994848140267,3.9999443024179167,3.999946577116657
2_2,3.999948467581831,3.99994955365125,3.9999490709562293,3.9999472617842677,3.9999470732996967
2_3,3.9999430450274494,3.999919259463442,2.9999999999999996,3.9998479197360446,3.0000000000000004
2_4,3.9999489322604753,3.9999412617505463,2.9999999999999996,3.9999336130052954,2.9999999999999996
2_5,3.9999456883270583,3.99994548343583,3.0000000000000004,3.9999453514563483,3.9999382337609677
2_6,4.999450406219568,3.9999485018928778,3.999947171519867,3.9999397159868284,3.999946291300646
2_7,3.99994946286175,3.9999462963480577,3.9999482540606808,3.9999486341380255,3.9999413410937845
2_8,3.0000000000000004,3.0000000000000004,3.0000000000000004,2.9999999999999996,2.000739857015021
2_9,3.9999473615016017,3.0,3.0,3.0000000000000004,3.9998900052204824
2_10,3.999948620400392,3.999948621079752,3.9999494207479733,3.9999473250384594,3.9999478037121947
2_11,3.9999487862267036,3.9999487405960417,3.9999492420586114,3.999947998334328,3.9999475189110267
2_12,3.000000000000001,3.0000000000000004,3.9998423479836642,3.0000000000000004,3.0
2_13,3.9996554265384967,3.0,3.0,3.0,3.0000000000000004
2_14,3.9999497095842207,3.99994217546742,3.99994830344539,3.9999455211678443,3.999943982526971
2_15,3.0000000000000004,3.000000000000001,3.999911227684851,3.999906216655533,3.9998694011095712
3_0,2.0000586150138213,2.0000500030817285,2.0001046047768223,2.0000500647834265,2.0000500733117663
3_1,2.9999999999999996,3.0,2.000070527512494,2.000050138822819,3.0
3_2,3.000000000000001,3.000000000000001,3.9998721510203312,3.0000000000000004,3.999917435534214
3_3,2.000100078726298,2.000111792521578,2.000173705481735,2.0003952053452294,2.9999999999999996
3_4,2.0000528522070864,2.0001134969317773,2.0001090272694966,2.000050264602661,2.0000503809433967
3_5,2.000054194112073,2.000066040327079,2.0000789113313684,2.000365039122029,2.0000508062940012
3_6,3.0,2.999999999999999,2.000162224976723,3.0,3.99943971382723
3_7,3.999948979440285,2.999999999999999,3.0,3.0,3.999895450393487
3_8,3.99994894278591,3.999937543866316,2.9999999999999996,3.9999267332097346,3.9999474031739286
3_9,2.0001001366539772,2.9999999999999996,2.000064321954179,2.0000536197954863,2.000191124279472
3_10,3.0,3.0,3.0000000000000004,3.999521029956417,3.0000000000000004
3_11,2.001365144677565,3.0,3.0,2.003222933758184,3.999904914267316
3_12,3.9999499140830794,4.934035671085637,3.9999495162339826,3.999946963310532,3.9999481708477225
3_13,3.0000000000000004,3.0000000000000004,2.999999999999999,2.0000736140388264,3.0000000000000004
3_14,2.000058905681127,2.0000882710448646,2.0001084995257536,1.000434704195395,1.0002260701284122
3_15,3.0,3.0,3.0,3.0,3.0000000000000004
4_0,2.000053271886649,2.000050020370998,2.000117246470421,2.0000508065027565,2.000050034721827
4_1,3.0000000000000004,3.0000000000000004,3.0,1.5021912574432061,2.0000803215036225
4_2,3.0000000000000004,2.000142319829177,2.9999999999999996,3.0000000000000004,2.999999999999999
4_3,2.0000507358428274,2.000056015017668,2.0001067703573923,2.0008834108903595,2.000050022111491
4_4,2.9999999999999996,3.0000000000000004,3.0,3.0000000000000004,2.000055267530016
4_5,3.0000000000000004,3.0,3.0,3.0,3.000000000000001
4_6,3.0000000000000004,2.00260467553309,3.9998395134869855,3.999786314898557,3.000000000000001
4_7,4.999550258544993,3.9999454907006693,3.9999488980557705,3.999893351435711,3.9999451660461824
4_8,1.0001000307655161,1.000109250101714,1.0001111063468595,1.0001014223259796,1.0001571612046112
4_9,2.9999999999999996,2.9999999999999996,2.0000643220500143,2.0000567644774354,2.9999999999999996
4_10,3.0,3.0,3.0000000000000004,3.0,3.0000000000000004
4_11,2.000050981557076,2.000061039989945,1.0003416255063569,1.001124601741135,2.0000501552007277
4_12,3.999949892002017,3.999949605992792,3.99994178395049,3.9999447479955794,3.999947035430719
4_13,2.0000644212100274,2.0001002139430395,2.0000641842643265,2.0000500195781923,2.000050013147693
4_14,3.0,2.0001011984705275,3.0,2.000050205234865,2.000054648425071
4_15,2.0001022094965295,3.000000000000001,2.9999999999999996,3.0000000000000004,3.0
5_0,2.0000597320901012,3.9890287851610426,2.0001116220715103,2.000050168652849,2.0012994345886765
5_1,3.9999487795038084,3.9999444173911227,3.999933557977825,3.9999346086131045,3.9999413889441318
5_2,3.9999488429783843,2.9999999999999996,3.99994465842573,3.9999303421689927,3.9999460192120875
5_3,3.9999409670443713,3.9998955737833812,3.9999118083921275,3.9999044207124586,3.999936793236127
5_4,3.9999479954673602,3.999944161952382,2.9999999999999996,3.999927361072282,3.996454187090714
5_5,3.99994946730172,3.999941849134449,3.9999373706310486,3.9999436811513114,3.999940251382923
5_6,3.999948736513543,3.9998920319891638,3.0,3.999927872051717,3.0
5_7,3.0,3.0000000000000004,3.0000000000000004,3.0,3.999911808639046
5_8,2.000058620568183,2.0000746987071447,1.4964410421434453,2.0000541133007133,2.0000513821983477
5_9,3.999931536916468,3.999816406803742,2.9999999999999996,3.9999277104507196,3.999948063125716
5_10,3.9999428138488993,3.0,3.0000000000000004,3.9999202865481487,3.9999301096998825
5_11,3.999949693266033,3.9999466673988286,3.999949833892477,3.9999361396980313,3.99994414483538
5_12,3.999943120151016,3.999877697490875,3.9998904612168507,3.9999394324536883,3.0
5_13,3.0000000000000004,3.0,2.0004201918091455,3.0000000000000004,2.9999999999999996
5_14,3.0,3.0,2.0001397167593487,2.0001142010395903,4.025441341399037
5_15,3.0000000000000004,3.0,3.000000000000001,2.9999999999999996,2.00194228611504
6_0,2.0000534042345297,2.0000757018759945,1.0003376413104599,2.00005001436945,2.0000500185711285
6_1,2.0000653237976147,2.9999999999999996,1.0001928703950047,2.00005006866917,2.0000503803769494
6_2,2.0002754285747812,3.0000000000000004,3.0000000000000004,3.9998883438481134,2.9999999999999996
6_3,2.0001014713735823,2.9999999999999996,2.999999999999999,2.0003078228074243,2.0002818592386538
6_4,3.0,3.0,3.0000000000000004,3.0000000000000004,2.9999999999999996
6_5,3.000000000000001,3.0,3.0,3.0000000000000004,3.0000000000000004
6_6,3.0000000000000004,3.0000000000000004,3.0,3.0000000000000004,3.9999078301319133
6_7,3.999813837068888,3.0,2.0008145588236137,3.9993914865132507,3.0
6_8,2.000068555014884,2.000078257002785,2.000112524540062,2.0000508276425104,2.0000502077676106
6_9,2.000064500379261,2.0001121482304947,2.000051708808415,2.0000567642214397,2.000273534307851
6_10,2.0000508133506907,1.002804640652082,1.0002356187738881,2.0000502443261867,2.0000500821443676
6_11,3.0,3.0,3.0000000000000004,2.004550463579183,2.001004171543127
6_12,2.0003398015352216,3.0000000000000004,2.0001005508723027,2.000287225579569,2.000099992362528
6_13,2.0000521113771055,1.0011035229019247,1.0001427418590685,2.0000586861782796,2.000052194941737
6_14,2.0000616114379963,2.000302162316956,2.000084746748161,2.0000567641976006,2.000058685958804
6_15,2.0000590101832327,2.0000758640287364,2.0001004539324723,2.000050430900477,2.0004960640618856
7_0,3.0000000000000004,3.0000000000000004,3.9998012557549503,3.0,3.999928787187466
7_1,3.0,3.0000000000000004,2.0000732538459274,2.000056764227116,2.000055267618938
7_2,3.99992635599151,3.9999470413427325,3.999948340182047,3.999947759340568,3.9999487296001712
7_3,3.9999446149372253,3.0000000000000004,3.0,3.0,3.0
7_4,3.0,2.0000853682070368,2.0000936193606966,2.000050100685488,2.0000502611875355
7_5,3.999938679786971,3.999949152499567,3.999948496362221,3.9999424731127506,3.9999479870640346
7_6,3.999943194428544,3.9999478685913945,3.999947737760785,3.9999309743335223,3.999946768401902
7_7,3.0,2.000090547426655,2.0000500735618982,2.000050022450626,2.000050229671031
7_8,3.9999497768733367,3.999948910452522,3.999947078764553,3.9999484899672413,3.9999437613083546
7_9,3.0000000000000004,3.0000000000000004,2.9999999999999996,2.9999999999999996,3.0
7_10,3.99992630944611,3.9999404949245716,3.999868406631644,3.9999425365747032,3.999945905406865
7_11,4.999771511247413,3.999948997958417,3.999948338125979,3.9999466879249206,3.999948391585245
7_12,3.999949037764563,3.999930914851794,3.0000000000000004,2.9999999999999996,3.9999077300069095
7_13,3.0,3.0,3.0,2.0000517089157066,3.0
7_14,2.0000506398169833,2.0000500190121455,2.0000502955229513,2.0000503358192487,2.0002124513094124
7_15,3.99994966244635,3.9999341963859796,3.9999339540813463,3.0,3.999752267434415
8_0,2.0000508929861915,1.0009609037526277,2.0000724506574477,2.0000500161516506,1.0012529143475062
8_1,3.999948903193449,3.999949235013968,3.9999415167950727,3.9999440259933947,3.9999453478203995
8_2,3.999947456009851,3.999947753851896,3.999948418339159,3.999946954370983,3.9999471584614543
8_3,3.9999109820665795,3.9995223570351044,3.9997480986446035,3.0,2.9999999999999996
8_4,3.0,2.0001294032292716,2.000050917040579,2.000050628582419,2.00005039125951
8_5,3.9999487069756596,3.999947251592844,3.9999485918637334,3.999938843589495,3.9999440882748702
8_6,4.999877619759564,3.999947640862195,3.99994815052937,3.999941296741186,3.9999455777810695
8_7,2.0000513817397314,2.000050038953573,2.0000956539775387,1.0025041827452328,2.000050057905654
8_8,1.0001004132224098,2.000081617495066,1.0001220427322448,1.0032667697238538,2.0004409109441936
8_9,3.0000000000000004,2.00006839026649,2.0001141909273175,2.0000889337451433,2.000239388409307
8_10,3.9999446477689347,3.9999493900903667,3.999949508140053,3.9999449956209614,3.99994786778057
8_11,3.9999196482298895,3.9999485190686617,3.9999490728275577,3.9999473551899754,3.999946648243403
8_12,3.999946643266732,3.0,3.9996203213578516,3.0000000000000004,2.0005425256094864
8_13,2.0000532541026264,2.000050055110405,2.0000500337806155,2.0000500525121856,2.0001580367132004
8_14,2.0000568362050455,2.0001052300512563,2.000050335610515,2.000061153615247,2.0000508065027565
8_15,3.9998431520728257,3.999745778176367,3.9998537755574524,3.9998824615551536,3.0
9_0,3.0,2.000071471766414,2.0000567642447122,3.0000000000000004,2.0000552676432544
9_1,2.0000651329423245,1.005621417230114,1.0002171545952456,2.0000501672998077,2.00005018848737
9_2,3.0000000000000004,3.0,3.0,3.0000000000000004,3.999902975358464
9_3,3.0000000000000004,3.0000000000000004,3.0000000000000004,3.0000000000000004,2.9999999999999996
9_4,3.9999484217721277,3.999926800832762,3.0000000000000004,3.9999387190394886,3.0
9_5,3.0,3.0,3.000000000000001,3.0,2.0001324231214173
9_6,3.9999354419281414,3.9999494105924676,3.999949060371436,3.999942763631729,3.9999478453300004
9_7,3.999946640661904,3.999941933701733,3.0000000000000004,3.9999194345094438,2.9999999999999996
9_8,1.000147795534662,2.0000782759326925,2.0000683902487095,2.000088933851856,2.0000567642696874
9_9,3.9999490444519314,3.999778020351124,3.0000000000000004,3.9988071640751452,3.0
9_10,3.99994465913462,3.999947812854236,3.9999486526794583,3.999940679173051,3.999945845194397
9_11,3.9999474718990777,3.999945493293284,3.9999448904508577,3.999926282764662,3.999939371661149
9_12,3.999949663727716,3.999949173108585,3.9999490751097655,3.9999443480533765,3.999948724951002
9_13,3.0,3.0,2.0001713709489803,2.0000803217421623,1.9145504100164408
9_14,3.0000000000000004,3.0000000000000004,3.0,3.0,3.0000000000000004
9_15,3.9999497511442,3.9999492219564705,3.99994940954368,3.999942887315678,3.999945177346348
10_0,1.0001000688367883,1.0001015693682838,1.0001021841129918,3.0,1.0001140909512816
10_1,2.0001325143641617,1.0001702745516192,1.0001102644067492,2.0000803218264953,1.000158675317137
10_2,2.000061408277429,3.0,2.000062234554032,3.0,2.000088935541495
10_3,2.000053440161024,2.000059031478123,2.0000613665342026,2.000250508181031,2.9999999999999996
10_4,2.00006122771473,3.0,2.000180431760767,3.0,3.9995349639602717
10_5,2.0000588846836287,2.0000881324500375,2.0001330287455423,2.0000515095326197,2.000061153591398
10_6,3.0,3.999894711029433,3.9996894255599953,3.0,3.0
10_7,3.0,3.0,3.9998622710509766,2.9999999999999996,3.9991683254949457
10_8,2.0005247532303723,2.0000770790871254,1.0001599847454967,3.999855807697179,2.0000553156907457
10_9,3.999944715097715,3.9999494371023006,3.999948681395118,3.99994403228088,3.999947064002487
10_10,1.0001018372521913,2.0001925959587985,1.0001031474442472,1.000194389859388,1.000159540279731
10_11,3.9999467924556984,3.0,3.9999488632607187,3.9999333942740267,3.999945743742875
10_12,3.999946741821057,3.9999490417226884,3.9999459581408887,3.9999440553461065,3.999946266835305
10_13,1.0001000299785656,1.0001044974214675,1.0001010948025044,1.0001472654628774,1.0001000586685165
10_14,2.0000526894214032,2.0000665075082966,1.0004066090786394,2.000051508829394,2.0000500879674035
10_15,1.0001473972017283,1.0001195227781972,1.000102508485217,1.0001932878846516,1.0001488222670434
11_0,2.000052462112419,2.0000638811974945,2.0000500128317333,2.000050059842349,2.000051332122504
11_1,2.0000523171294744,2.0000717395566507,1.0001499845352393,2.0000889342164596,1.0002283825625558
11_2,2.0000507299787467,2.0000578908587228,2.000067485467986,2.0000500833426447,2.000050065516171
11_3,2.0000512328455144,2.0000628613045945,1.000116340529373,1.0006119073566837,2.0000531943431574
11_4,2.0000587302748905,2.0000652234799015,2.0000659930906597,2.000050027850485,2.000050045229541
11_5,2.000050830586311,2.0000804408008506,1.0001069968533767,2.0000683910652493,2.0000643233074578
11_6,3.0,3.0000000000000004,2.9999999999999996,2.0001324322619323,2.0000683903034187
11_7,3.999941254825224,3.9999375749995,3.9999368435602536,3.9999153023509555,3.99993391266703
11_8,3.0,2.000146758839423,2.000390040322372,2.999999999999999,3.0000000000000004
11_9,2.000055988936756,2.000066198656959,2.0000855307258893,2.0000662365671813,2.0000683930792857
11_10,2.0000611979863283,3.0,2.0000732339870027,3.000000000000001,2.000052488944129
11_11,3.000000000000001,3.0,2.000106862932802,2.0001558319576476,2.9999999999999996
11_12,2.0001328151945943,3.0000000000000004,2.9999999999999996,2.0000803217855334,3.998926055411168
11_13,2.0000533296926153,2.000062129035557,2.000122894146253,2.0000683908026424,2.0003316058900174
11_14,1.000108254649038,1.0001017169575828,1.0001019775135056,1.0001000295496862,1.0001439735921474
11_15,2.9999999999999996,2.0000669722835993,2.000074109745797,2.0000501585024106,2.000198973870814
12_0,2.0000523503174503,2.000087263649672,2.0000812965212105,2.0000504882359182,2.0001228110937634
12_1,3.9994743728530553,2.9999999999999996,2.0021099362868484,3.999841430506538,3.0
12_2,3.9999496732099358,3.999948490312446,3.9999474577498484,3.999940499127067,3.9999459362560725
12_3,2.9999999999999996,3.0000000000000004,2.0001793443892386,3.0,3.0000000000000004
12_4,3.000000000000001,3.0000000000000004,3.0,2.000972350972343,3.9996414341190225
12_5,2.0000553010003377,2.0001511314809832,2.0000806314626005,2.0000506328136574,3.0
12_6,2.000064382612088,2.0001071533921135,2.000059664635374,2.000051179997485,2.0000541020064464
12_7,3.0,3.0000000000000004,3.0,3.0000000000000004,3.9993807511671355
12_8,2.000051387646056,2.000087979366858,2.0001111279565507,2.000050066434294,2.000050038542201
12_9,3.0,2.9999999999999996,2.9999999999999996,3.0000000000000004,2.0000803216658616
12_10,3.0,3.999816528651273,3.0,3.0,3.0
12_11,3.000000000000001,3.0,3.0000000000000004,3.0,3.999777018121904
12_12,3.9999412759293445,3.9996841854981042,3.0000000000000004,3.0000000000000004,3.0000000000000004
12_13,2.9999999999999996,2.0001222220684105,1.0070517366982927,2.0000501084390634,2.00005013937716
12_14,2.000052972496057,2.0000782868780957,2.000224709761689,2.0000502035361474,2.000050040509256
12_15,2.0004209900320986,3.0,3.0000000000000004,3.0,3.0
13_0,2.0000686130255483,3.0,2.0000500161516506,2.000050140700112,2.0000500342454375
13_1,2.0000527809435416,2.9999999999999996,2.0000586861014047,2.0004575904938924,2.0000559693102344
13_2,3.999947366710336,3.999946301420125,3.999946583613542,3.999949739128695,3.999949910054413
13_3,3.9999484430099383,3.9999238927014424,3.9999127206635006,3.999888039835571,3.9999312306371455
13_4,3.9986415978574654,3.0,2.0015095930665643,2.9999999999999996,2.0007499512199916
13_5,3.0,3.0000000000000004,3.0000000000000004,3.0000000000000004,3.9997541948271285
13_6,3.999945771576178,3.9999425655523373,3.999946459305375,3.9999385379288954,3.9999497317203665
13_7,3.999949237958335,3.999946337745444,3.999949104933601,3.999929956406747,3.7686761233160264
13_8,2.000186051153259,2.0000637106326122,1.000219264195847,2.000050159396483,2.0000502956780717
13_9,3.99994958497168,3.999949440410541,3.9999445040770496,3.9999361407523026,3.999945578025632
13_10,3.999949587867924,3.9999392103750258,3.9999492169847004,3.999942794962062,3.999943559981634
13_11,3.9999496842307676,3.9999392103750258,3.999947448446548,3.999940892472316,3.999943559981634
13_12,3.9999498152971498,3.9999462040479443,3.999924559451335,3.9999359208312395,3.9999481514114925
13_13,2.0029568394742934,3.9998178104291355,3.0,3.0,2.000204101579947
13_14,2.9999999999999996,2.000244633990957,2.0000744073835186,2.0000643219657563,3.0
13_15,3.9999492262950933,3.0,3.9999181482125374,3.0,3.999925146135419
14_0,2.0000546849938585,2.0000658084064207,1.0001613925710973,1.4997611035951421,1.0006318461402823
14_1,3.0,2.0000668483823665,2.000062255110609,3.0,1.929364413106122
14_2,3.0000000000000004,3.0000000000000004,3.999910831162086,3.9996621803027224,3.9999153692988467
14_3,3.9999495017984867,3.999949043725228,3.0,3.9999498978666153,3.9999479286376594
14_4,2.000225082887421,3.0,3.000000000000001,3.0000000000000004,3.0000000000000004
14_5,3.999948447574919,3.999948814823254,3.9999485687805385,3.9999468611851077,3.99994848305354
14_6,4.999324565575495,3.9999483284232653,3.9999472449115894,3.999930642443831,3.999936905001196
14_7,3.9999495118594255,3.9999487875494326,3.9999494059498018,3.9999440583022907,3.9999463002933506
14_8,2.000057068671135,2.0000721174463827,2.0001455481209556,3.1802191392711814,2.3645335486775143
14_9,3.999949235013968,3.999940253683688,3.99992853791966,3.0,3.0
14_10,3.9999487250702637,3.9999266028764615,2.9999999999999996,3.9999424468878013,3.9999474889801374
14_11,3.9999356470425544,3.999948769425085,3.999948270766469,3.99993884080634,3.9999477556760143
14_12,3.9999479922730687,3.0000000000000004,3.9999403428159184,3.9999188338400935,2.9999999999999996
14_13,3.0,3.0,3.0,1.9980775975412561,3.0
14_14,3.0,2.0001431771045306,3.0000000000000004,2.0001858876732874,1.0001606600785866
14_15,2.9999999999999996,2.000198549820387,3.0,3.0,3.0000000000000004
15_0,2.001069491142184,3.0,3.9999314187030137,3.999869616788711,3.0
15_1,3.99994898782025,3.9999475962826,3.9999487357205226,3.999937769277442,3.999943714222925
15_2,3.0000000000000004,3.0000000000000004,2.999999999999999,3.9998926909000563,3.999847336864165
15_3,3.9999487073931146,3.9999469240358225,3.9999491035390116,3.999942983999921,3.999942303307645
15_4,3.999948370333015,3.9999486362712715,3.9999492501580454,3.9999407128110605,3.999941415459564
15_5,3.9999493977847576,3.9999475434000944,3.9999494146455166,3.9999319984171113,3.999943401715488
15_6,3.99994122939483,3.999947463435214,3.999945902451183,3.999934682790268,3.9999453208352698
15_7,3.9999457938907113,3.999948728801456,3.999947930056161,3.9999408726736436,3.9999470470463603
15_8,2.000051897192112,2.000055267767933,2.0000719798176942,2.0000541028585226,3.0
15_9,3.0,3.0000000000000004,2.999999999999999,3.0000000000000004,3.9999179249359953
15_10,2.000059239927903,3.000000000000001,3.0,3.0000000000000004,2.9999999999999996
15_11,2.0000535340731913,2.9999999999999996,2.9999999999999996,2.0008671162680876,2.9999999999999996
15_12,3.999944657054687,3.999941990445676,3.9999404026889507,3.99990760799129,3.9999392679819867
15_13,3.9999386075943946,3.999949256022374,3.9999478801237123,3.999949545104403,3.9999452847014
15_14,3.999949269962055,3.9999472454836913,3.999949316282426,3.9999347751074175,3.999945482637409
15_15,3.0000000000000004,3.0000000000000004,3.999823852153873,3.0,3.0
16_0,3.0,3.0,3.0000000000000004,3.000000000000001,3.0
16_1,3.9999387530050226,3.999913231109079,3.999914046057549,3.999893071460208,3.9999193491146148
16_2,3.999931408910814,3.9999449892849204,3.99993622680152,2.9160868447438393,3.9999447053892627
16_3,3.99992636066969,3.9999477312406237,3.9999495048742153,3.999943118398031,3.999948505182851
16_4,3.999948164833783,3.9999470012923357,3.0000000000000004,3.9999377137070242,3.999946665199441
16_5,3.999947935593275,3.999942417034968,3.0000000000000004,3.9999368022881256,3.9999455212034722
16_6,3.9997755004978246,3.999948571021873,3.999946694224167,3.9999361166331746,3.999947832790303
16_7,4.999898539411145,3.9999480833304664,3.999947461284361,3.999944016141264,3.9999477494122764
16_8,3.999944975845083,3.999944975857408,3.999928090303539,3.9999416309275,3.999945945541673
16_9,4.999896106333078,3.99994754421696,3.9999484946808748,3.999943597588907,3.9999463632603174
16_10,4.999550753932829,3.9999469383030903,3.999940373472158,3.99993335625665,3.9999446204616973
16_11,3.999949748337032,3.999947118673017,2.9999999999999996,3.9999497912074236,3.999940182177599
16_12,3.999949813443718,3.9999492801596865,3.9999485046462433,3.9999463465001557,3.9999485527961527
16_13,2.9999999999999996,3.999893351073136,3.999923965464166,2.6938458294772887,3.9999025110916273
16_14,3.9999490413946823,3.9999332651345925,3.9998441631965083,3.999948961780807,3.999945646511807
16_15,3.0,3.999831521875937,3.999917419172699,3.9999294008387234,3.999939557237065
17_0,2.0000579141489254,2.0000500962868415,2.00006738092724,2.000050299534068,1.0570305465150451
17_1,3.0,3.0,3.0,3.0000000000000004,3.0
17_2,3.0,3.0000000000000004,3.999757371568687,3.999898812659791,3.0
17_3,3.0,3.0000000000000004,3.0000000000000004,3.0,1.00009999600016
17_4,3.999812340947295,3.9998517101704536,3.0000000000000004,3.9999167876392647,4.651551111257923
17_5,3.000000000000001,1.9799586296121536,3.0000000000000004,3.0000000000000004,3.0
17_6,2.0000588228983025,3.0,2.0001000112463565,3.0,2.000062643683813
17_7,3.9999490084298785,3.0000000000000004,3.9999431238939853,2.4362541854404327,3.999947148538305
17_8,1.0001783082689024,2.0001095302730625,2.0001234996918336,2.000114203921797,2.0000889379604025
17_9,3.99989984802517,3.999948147883015,3.9999488296403003,2.4075350935565814,2.4835593128743354
17_10,2.00005888440394,3.000000000000001,2.0001593057087486,2.0000643287362947,2.0000936914418546
17_11,3.9998431983930494,3.99987986223204,3.9999368613334974,3.9999246350395383,3.0
17_12,3.0,3.0,3.0,1.98062002199841,1.9941915861528139
17_13,2.9999999999999996,3.0,2.000068391471471,2.00008895113571,2.000073614196351
17_14,3.0,3.0000000000000004,3.0000000000000004,1.4622082888109607,1.8306312058147765
17_15,3.999948757355874,3.9999244179222764,3.9998360222390588,3.999930584430174,3.9997754713386837
18_0,3.0,3.0,2.9999999999999996,3.0,2.000811483462521
18_1,3.9999489419815815,3.0,3.9998581719318214,3.0000000000000004,3.9999165913587356
18_2,2.000053585192274,2.0000745902432753,2.0000780980575357,2.000050268279634,1.000878065944035
18_3,2.0000554316976067,2.0000510357217003,2.0000606534235543,2.0000502029698475,2.00005005027693
18_4,2.0000554316976067,2.000059705055004,2.0000606534235543,2.000050242591883,2.000050066106238
18_5,2.0000543949398755,2.000068741367899,3.985318691389316,2.000050125669542,2.0002180824765907
18_6,3.000000000000001,3.0,3.99986738635063,3.999864980557844,3.0000000000000004
18_7,3.9999356557452557,3.9999496094378726,3.999949529089537,3.9999376048032023,3.999945459453582
18_8,2.000064765777022,1.0003346215957267,2.000127674053732,2.0000504357280615,2.0000509593203453
18_9,3.9999486624893583,3.9999491372363254,3.999946906329603,3.9999299393423047,3.999940550756689
18_10,3.999948584425823,3.9999493592178013,3.999946530383921,3.9999344015311307,3.9999443400845807
18_11,3.999948584425823,3.999949156725308,3.999946530383921,3.9999344015311307,3.999945761122499
18_12,3.999949775127168,3.9999496897077544,3.9999493496816814,3.9999463370781783,3.999948241050344
18_13,1.0016812367546768,2.0000641906705487,2.0001020714078157,2.000050183117193,2.0000506291309095
18_14,3.9999492493771323,3.999947679987214,3.999948614821778,3.999942234155138,3.9999455706470304
18_15,2.0000685791820887,2.0001114520874723,2.0000611535375854,2.0000643220197842,2.0000541019409854
19_0,3.0,2.003398441589964,2.000247520936183,3.0,3.0
19_1,3.999949391806172,3.9999480664753975,3.9999479334177046,3.9999438731861847,3.999948456586258
19_2,4.999839057669208,3.9999472783771988,3.999948780856776,3.9999438297210794,3.99994618352208
19_3,3.999948270432725,3.999931523597094,3.9999295318954755,3.999929159881782,3.9999427601626865
19_4,3.99992574760881,3.9999484196208437,3.9999465892804777,3.999944618245185,3.9999481440096782
19_5,3.000000000000001,3.9999264448577536,3.999941015552542,3.9998858074330386,3.999905881482951
19_6,3.9999410148252936,3.999947595496047,3.9999481367323106,3.9999452505340183,3.9999447641291903
19_7,3.9999483896133317,3.999948224964417,3.9999488066517355,3.9999477074249006,3.999948180645468
19_8,3.0000000000000004,3.9992118926427818,3.000000000000001,3.846704699338044,2.0005974544983816
19_9,3.999949336736914,3.9999478489177593,3.999948729999242,3.999945822379223,3.999948681317476
19_10,3.9999492641571734,3.9999468723356006,3.9999447255990024,3.999943137387332,3.9999469465157382
19_11,4.9997996879925966,3.9999472783771988,3.9999468166528507,3.999943409326875,3.9999457576653525
19_12,3.9999313354350408,3.0,3.999845135892515,3.999875019988512,3.9999403652244396
19_13,3.9999351790614246,2.9999999999999996,3.999900007677468,3.9999217143023884,3.999923240797913
19_14,3.0000000000000004,3.999854193812977,3.999885852826257,3.9999397652398714,3.9999406893523353
19_15,3.0000000000000004,3.0000000000000004,3.0,3.0000000000000004,3.0
20_0,2.0000596915501023,2.0001558323315973,3.0000000000000004,3.0,2.9999999999999996
20_1,3.9999411704452354,3.999949094837821,4.99110754482703,3.9999399568644494,3.9999456526270523
20_2,3.9999491816730153,3.999946387618765,4.905020543518129,3.9999449461943586,3.9999422321397455
20_3,4.999839174760929,3.9999452654639165,3.999948327970123,3.9999420633457827,3.999942724140562
20_4,3.999948422898589,3.999948334204339,3.9999486419332184,3.9999394831861808,3.999943925460689
20_5,3.999948431862417,3.9999484725820884,3.9999475491576972,3.9999444110676334,3.999941299809968
20_6,3.9999477522903004,3.9999459097405623,3.999947333864881,3.9999407946404926,3.999947799104504
20_7,3.9999498621067597,3.9999487443094988,3.999948194055788,3.999946500029927,3.9999421403172426
20_8,1.000103881711816,2.0000901024378033,1.0001296367501828,1.0004929402108205,2.0000999930724186
20_9,3.999949397807933,3.999949108742239,3.9999471088448417,3.999945001228675,3.999933075704372
20_10,3.0000000000000004,3.0000000000000004,3.999893634525186,3.9998898466012056,3.9999109682713847
20_11,4.99962750575904,3.999946362962377,3.9999446862103385,4.999412380687423,3.9999386257015943
20_12,3.999947393703942,3.9999489779442494,3.9999491571780976,3.999943648414703,3.999947887436668
20_13,3.9999492658440436,3.9999484495470927,3.999946773545204,3.9999402669028563,3.9999421120558747
20_14,3.0,3.0000000000000004,3.0000000000000004,3.0,3.9997596288493082
20_15,2.9999999999999996,3.000000000000001,2.0003840826608617,3.0,3.0000000000000004
21_0,2.000059172842557,2.000112482866817,2.0001167461482003,1.0001340810237596,2.0000500504974834
21_1,3.9998134605093654,3.999859245168223,3.0000000000000004,1.9783233880065692,1.9864845836203513
21_2,3.999949267780958,3.999942850251783,3.9999456642724835,2.5777501793021793,3.999946036608376
21_3,2.0000508737242675,2.000125411434875,2.0000500101800465,2.0000500261459364,2.0000500948273507
21_4,1.0001472564053908,2.0000643219348837,1.0001092418649264,1.0001997996996415,1.000180669872202
21_5,3.9999355753087364,3.999854377333449,3.0000000000000004,3.0000000000000004,3.0
21_6,3.9999487499894135,3.999947130211244,3.9999472284798383,3.999947317367433,2.449998322303946
21_7,3.999944712284319,3.9999473328995427,3.9999482803266146,3.999946727481038,3.9999485003196
21_8,2.9999999999999996,3.0000000000000004,3.0000000000000004,3.0,3.0
21_9,3.999938822443269,3.9998885600980607,3.9999201940423754,3.9999246846179153,3.999943364238983
21_10,3.9999497596845823,3.999934396329239,3.9999468710067583,3.9999450082435626,3.99994699901593
21_11,3.999947474306547,3.9999428047903094,3.9999456682120527,2.488495880260233,3.9999435795061853
21_12,3.9999315720489963,3.9999424894007336,3.9999032658837663,3.0,3.0
21_13,3.9998856562929865,3.9999355206743004,2.9999999999999996,3.999923619237178,2.9999999999999996
21_14,3.000000000000001,3.0000000000000004,2.0001840586299124,2.0000502356963956,3.0
21_15,2.9999999999999996,3.999944809448673,3.999946381348699,2.999999999999999,3.99993798524675
22_0,2.0000514275179344,2.0000771209583346,2.000061235563629,2.0000541019225913,2.9999999999999996
22_1,3.999935421170457,3.999856963281575,3.0000000000000004,3.9999216071746955,3.9999413179875094
22_2,3.0000000000000004,3.0,3.0,3.0,3.0000000000000004
22_3,3.9999442497673043,3.0,3.9999028448603897,3.9999218144478768,3.999928541203794
22_4,2.000053304529612,2.0000669969627602,2.0000949243551718,2.00005018255712,3.0
22_5,3.0,3.0,2.0003030823982955,3.0000000000000004,3.0
22_6,3.9999481708477225,3.9999268399786247,3.999949121609876,3.99994131169969,3.999945035099624
22_7,3.0,3.0,3.0000000000000004,3.0000000000000004,3.0
22_8,2.000056901269012,1.0011814305362803,1.0001602980083035,2.000050917952576,1.0006021553658566
22_9,3.999947393006039,3.0,3.0000000000000004,3.0000000000000004,2.263463563214878
22_10,2.0000809785107854,2.0000702484648345,2.0001022451341455,1.0832210176135029,2.0000507117290587
22_11,3.9999494481519258,3.999932337928832,3.999949612512739,3.999935675554069,3.9999455362044314
22_12,2.000050732713461,2.000095702947767,2.000088528123432,2.0000500319090646,2.0001215493509803
22_13,3.0,3.0,3.9997937701532034,3.9999320665521947,3.0000000000000004
22_14,3.0,3.0000000000000004,2.000087517238833,3.0000000000000004,2.0005241749368374
22_15,2.0000611847910514,2.999999999999999,2.9999999999999996,3.0,2.000327455316256
23_0,2.0000514835412266,2.0000759711654754,3.0,2.0000502956840664,2.000050065897556
23_1,3.000000000000001,2.000568020202567,2.001529050168223,2.9999999999999996,2.9999999999999996
23_2,2.0000536145567773,2.9999999999999996,2.0000517113773184,2.000050566479456,2.000135820368554
23_3,2.0000568842946858,2.000078916652992,2.0000602370501883,2.0000501795297287,2.000081164575663
23_4,3.000000000000001,3.0000000000000004,2.0005495964224984,2.999999999999999,3.998886706104512
23_5,2.000132859916246,2.9999999999999996,3.0,2.0000567651863963,2.0000586878055935
23_6,3.9999489450806847,2.9999999999999996,3.999936798785157,3.9999462623174247,3.9999411388514776
23_7,3.999949470228421,3.999944939257448,3.999948247540551,3.9999468752503518,3.9999463795369716
23_8,3.0000000000000004,3.0,2.0000514691657596,2.000221284645628,2.0001844170300886
23_9,3.0,3.0,3.0000000000000004,3.0000000000000004,3.999863498214103
23_10,3.0000000000000004,2.999999999999999,2.000061159527575,2.000050809857992,2.000051510676973
23_11,3.999910854038243,3.0000000000000004,3.9998965478103483,3.0,2.9999999999999996
23_12,3.999949799509542,2.9999999999999996,2.9999999999999996,3.9999380025610933,3.999947532350618
23_13,2.000186064714864,3.0000000000000004,2.0001079245003797,3.9988937563914733,2.0000803214449916
23_14,2.0000533556659774,2.0000786763044,1.0003246246291881,2.0002730783414093,1.0008799808375197
23_15,2.999999999999999,2.0001050315547726,2.000088934234245,2.0000611535559307,2.000135615463575
24_0,4.999891739045651,3.999942640784639,3.999949281083046,3.9999350291227382,3.999941578903418
24_1,3.9999487639535403,3.9998927173140375,2.003153408125339,3.999922647687615,3.9999062228108073
24_2,3.9999480101174845,3.999946268926738,3.9999491400852074,3.9999418451418594,3.9999472727032317
24_3,3.9999446852858016,3.99994893580681,3.99994397685853,3.9999495450983735,3.9999412957039393
24_4,3.9999472025833938,3.999945493281511,3.999948303773132,3.9999428134674835,3.9999434770197233
24_5,3.0000000000000004,3.999921276227515,3.0000000000000004,3.999867575377055,3.9998759120820413
24_6,4.9998862722591495,3.9999485580884997,3.9999475508084927,3.999940794008798,3.999946462660201
24_7,3.9999479107341838,3.999946190138125,3.0000000000000004,3.9999489058096365,3.999941572597983
24_8,2.0010074085834026,3.0,2.9999999999999996,2.005613999624257,2.0000889470105463
24_9,3.0,3.99988343076997,2.0002652142026998,2.9999999999999996,2.0000683927448626
24_10,3.9999446898875908,3.9999474961616963,3.9999431757861523,3.999948053261546,3.999944503743533
24_11,4.999886334823462,3.9999479691779403,3.9999493158534043,3.999936829238631,3.9999478003622695
24_12,3.9999497163071336,3.9999492101784284,3.9999323464816667,3.9999388103276705,3.99994531169337
24_13,3.9999496933434213,3.999948423011744,3.999947330592981,3.999945186363538,3.999945952753096
24_14,3.0,3.0,3.0,3.999894085065217,3.9994034696220586
24_15,3.9999261093763376,3.9997781239286545,3.999938021697039,3.999935014576186,3.0
25_0,3.0000000000000004,3.999801314902903,3.0,3.000000000000001,3.999877284443544
25_1,3.9999496049917207,3.9999471503201396,3.9999440376448883,3.999939794555411,3.999946150082877
25_2,3.0,3.999874977304819,2.9999999999999996,3.999949380238183,3.9999437582090946
25_3,3.0,3.0000000000000004,3.0000000000000004,3.0,3.0
25_4,3.0,3.9994707126464086,3.0,3.0000000000000004,2.9999999999999996
25_5,3.9999411724294296,3.999946003758435,3.0,3.9999430921810046,3.9999453766238484
25_6,3.999949582855651,3.9999432733264526,3.999945361826111,3.9999410775415263,3.9999449806077783
25_7,3.999949870701163,3.99994877185715,3.999948710748173,3.999944995925121,3.9999476643904113
25_8,1.000103904573279,1.0002168672001535,1.0003980960607712,2.000056923504807,3.0
25_9,3.9999484298715693,3.999928053932422,3.999912539012729,3.999938461665025,3.999947512801867
25_10,3.9999386467096847,3.9998656256770726,3.99990760735383,3.9999458781109802,3.9999420257512464
25_11,3.9999490506085733,3.99994729970758,3.999949306466161,3.999947066976116,3.9999472382720134
25_12,3.999945751229126,3.999945888785008,3.999811500134349,3.0,3.0
25_13,3.9999487692819016,3.99994925317349,3.999945518443899,3.9999496977179287,3.999944816898842
25_14,3.9999496398162213,3.9999464725844645,3.0000000000000004,3.9999427144141686,3.9999456256277246
25_15,3.9999431070870837,2.999999999999999,3.999942294533447,3.9999348504520835,3.999935528423205
26_0,2.00005285763067,2.0000742385363255,2.0000524876570123,2.0000502138468113,1.0007207750089426
26_1,3.999925189690323,3.0,3.999941597272521,3.999902790393906,3.999940481234506
26_2,3.9999431381196846,3.9999486322727686,3.9999486810195823,3.999945150419158,3.9999457344985787
26_3,2.0000597131798328,3.0,2.9999999999999996,2.000064322228177,2.999999999999999
26_4,3.0,3.0,3.9997768408347993,3.0000000000000004,3.9998467113926575
26_5,3.999948278943773,3.999940399058345,3.9999431294303522,3.9999491823524242,3.99994330347127
26_6,3.99984409920476,3.9999493870208562,3.9999492374278396,4.999660158055649,3.9999481829701438
26_7,3.999948241229422,2.9999999999999996,3.999943237656205,3.9999423120620494,3.9999484764496893
26_8,2.0000599172576004,2.0000680199169096,1.0002165695957894,2.6703438401197706,2.0000509492185636
26_9,3.9998857411722,3.9999487951904205,3.99994845823679,3.999947178487084,3.9999448815941565
26_10,3.9999354522676915,3.999946582492902,3.9999488768380798,3.999944895832907,3.999948062380811
26_11,3.9998673926953683,3.999949034361789,3.99994820328749,3.99994278254779,3.9999462414460476
26_12,3.999949110935719,3.9999493121046155,3.999948964653295,3.9999446481981153,3.9999484074867167
26_13,2.000053203991479,2.000089173968471,1.0001916246543086,2.250805406227656,2.9334310148687726
26_14,2.000061292004408,2.0000500145721456,1.0002688543379874,2.0000500363250926,2.0002317762269644
26_15,3.9999489761863254,3.999948991521561,3.999947599500844,3.99994407657548,3.9999479612572757
27_0,2.0000578532285913,2.000070157627909,2.0001434761354564,2.0000528187710334,2.000053194390817
27_1,3.0,3.0000000000000004,3.0,3.9991036057451455,3.0000000000000004
27_2,2.0000614069013523,2.9999999999999996,2.0001346973475576,3.0,2.999999999999999
27_3,2.00005199921645,2.0000593836678995,2.000072773949497,2.000053194837473,2.0000541020957106
27_4,3.0000000000000004,3.0,3.9984382740863764,3.0,3.0000000000000004
27_5,2.0000515058015584,2.0000691239337494,2.000085996263364,2.000050126372381,2.000050555679693
27_6,2.000114573202592,3.0,2.0000803237340388,3.0000000000000004,3.998438270342912
27_7,3.9999495039205435,3.9999413780144217,4.72837212929101,3.999919602461076,3.999922922594619
27_8,2.0000545411486326,2.000057054790932,2.0000636199880284,2.0000567643877516,2.0001450100703417
27_9,3.0000000000000004,2.0000768746139137,2.0000909845230033,2.0000519368683123,1.5633240451880897
27_10,3.0000000000000004,3.9998759916014213,3.9999392647523284,3.9998960589003603,3.9999140560235045
27_11,3.0000000000000004,3.9998759916014213,3.9999392647523284,3.9998960589003603,3.9999100942429116
27_12,3.0,3.999324580132446,3.0000000000000004,3.0000000000000004,3.0000000000000004
27_13,2.0000568541144355,2.0000705057826047,2.000083103838336,2.0008469866105774,2.000050264101797
27_14,3.0,3.0000000000000004,3.0000000000000004,3.999860524003493,3.9999130622058825
27_15,3.0000000000000004,3.0,3.0,2.9999999999999996,3.0000000000000004
28_0,2.000059049817053,2.000071789509072,2.000051035900471,2.000061153573053,2.0000519367971097
28_1,3.9999487270727356,3.9999490193192546,3.9999488075516694,3.9999439530368566,3.9999463940014692
28_2,2.000061459312271,3.0,2.0002149514587697,3.0,2.268659904787587
28_3,3.0000000000000004,3.0,2.0001738935761706,3.999615824830919,3.999598698661446
28_4,2.000054249939084,2.0000500199299673,2.0000717364548777,3.9844855277523594,2.000050075862574
28_5,3.999949611386803,3.9999475519232415,3.9999488076054193,3.9999457509606056,3.999948382938146
28_6,3.0000000000000004,3.0000000000000004,3.0,3.999919323510386,2.9999999999999996
28_7,3.9976918671370436,3.9997187444812083,3.9997619849575456,3.9998746590119643,3.999894918548634
28_8,1.0001782507172556,2.0001198605534376,1.0001999853249608,1.0004954430382966,1.0002303056315176
28_9,3.0000000000000004,3.0000000000000004,3.0,3.9996774973768368,3.9998680022203477
28_10,2.000061459312271,3.0000000000000004,3.0000000000000004,3.9995692774841496,2.270477474307958
28_11,3.9999496105882297,3.999949044899046,3.999948584395849,3.999943184827459,3.9999467471130465
28_12,3.0,3.0000000000000004,3.9999201815940664,3.9999418219217233,3.0
28_13,3.0000000000000004,2.000095422032926,2.000204306608182,2.9999999999999996,3.0000000000000004
28_14,2.0000686082882426,2.000073195713986,2.00005003257664,2.0000501413441376,2.0000500962868415
28_15,2.0000558393287804,3.0000000000000004,3.9994801580384123,3.0000000000000004,3.000000000000001
29_0,2.9999999999999996,2.9999999999999996,2.0000524871861676,2.9999999999999996,3.0
29_1,2.9999999999999996,3.0,3.9998210275260506,3.0,2.9999999999999996
29_2,3.9999388207450397,3.999946918135821,3.9999491280163784,3.9999458115317057,3.9999477091769133
29_3,3.9999496294634853,2.9999999999999996,3.9999200568850295,3.999934719614906,3.999935908119246
29_4,2.9999999999999996,3.0000000000000004,3.0000000000000004,3.0,3.999855637830361
29_5,3.9999490712245116,3.9999333557441843,3.9999409527933594,3.99993637009462,2.9999999999999996
29_6,3.0,3.0,3.999922138525153,3.0,3.9999166903444454
29_7,3.999949270224216,3.999938957529461,3.9999128759640605,3.9999373644025598,3.999946455896209
29_8,2.0000644742503493,3.000000000000001,2.9999999999999996,3.0,3.0
29_9,3.99994907087882,3.999947099553083,3.9999499449492637,3.999942255192698,3.9999475424471465
29_10,3.9999495231894318,3.9999498813156755,3.9999453005669356,3.9999466137231297,3.9999482577138705
29_11,3.999949785706127,3.999949807364537,3.999947926337504,3.9999418444562416,3.999948898568197
29_12,3.999949856599717,3.999949446066299,3.9999493677397853,3.999947582104184,3.999948065766322
29_13,3.9999493905255417,2.9999999999999996,3.9999498773166415,3.9999453574337642,3.9999478739849277
29_14,3.99994923466223,3.0,3.0,3.0000000000000004,2.9999999999999996
29_15,2.9999999999999996,2.000096801172954,3.0,3.0000000000000004,3.0000000000000004
30_0,2.000193494753352,2.9999999999999996,2.0000736140189517,3.000000000000001,3.0000000000000004
30_1,3.999949219988559,3.999933416600662,3.0,3.999949619533715,3.9999269259782118
30_2,3.9999255613644005,3.999945897957849,3.9999245180829677,3.999932317032689,3.9999373610723037
30_3,3.999949700859072,3.9999444531923167,3.999925330264122,3.999937241206909,3.999939226740241
30_4,3.9999498215376215,3.0,3.999948106115573,3.9999274946378764,3.9999426732129115
30_5,3.9999491942839955,3.999935465254009,3.0000000000000004,3.9999490618852263,3.999938704448696
30_6,3.999949383111188,3.999949865158488,3.9999357368871755,3.9999372697899864,3.999943189976151
30_7,3.9999497795436225,3.9999424198908806,3.999942554997124,3.9999373538957106,3.9999413459743605
30_8,2.0001561033698314,1.0004163342563284,2.0000586885151,2.000056768995295,2.000205255755087
30_9,2.0000533624665136,2.000184051305603,2.000050011162915,2.000050205234865,2.000050026229237
30_10,3.999947709290432,3.99987107157217,3.999854429785736,3.9999271921544857,3.0
30_11,3.9999483344247357,3.9999370211244742,3.9999435427819527,3.999919962496116,3.9999418473236874
30_12,3.0000000000000004,3.0,3.0000000000000004,3.0,3.0
30_13,3.999948849385598,3.999916935006863,3.9999379093048204,3.999934047847809,3.999934703184582
30_14,2.0001142681565613,3.0,2.0000567641976006,3.0000000000000004,3.0
30_15,2.0000537427245337,3.0000000000000004,3.0000000000000004,2.000274055690802,2.0000736143700713
31_0,2.000059029297053,1.0002125446543726,1.0001276111322233,2.000080321525308,1.0009369451453574
31_1,3.9999482132290725,3.9999488529677105,3.999948911257246,3.9999442872322484,3.9999469808147885
31_2,3.999948779235731,3.999948961303974,3.9999481331919946,3.999942699436727,3.9999465904965743
31_3,3.9999376485191163,3.9999065254391337,2.9999999999999996,3.999924596170674,4.515950579137561
31_4,3.975818436417073,3.0,3.0,3.9992075894917716,3.0
31_5,3.999948250603769,3.999948914565459,3.9999481134224517,3.9999407036153403,3.999947369136204
31_6,3.999866925293971,3.0000000000000004,3.0,3.999906588034897,3.0000000000000004
31_7,3.9999496778413524,3.9999493025385853,3.9999158975228655,3.9999341217045514,3.9999457259642144
31_8,1.0001082332408282,1.0006238683742992,1.000106326286586,2.0000507173254842,1.0002053402884266
31_9,3.9999490993134312,3.9999469503008083,3.999890848352117,3.9999399819602317,3.9999470584360513
31_10,2.000054374765387,2.000058374894834,1.000133365418521,2.00005002377976,2.000137794103042
31_11,3.99994830075111,3.9999484958375207,3.999948657280758,3.999940962460501,3.9999455792117486
31_12,3.9998856709301354,3.999927675072835,3.0,3.999937078268507,3.9999469678163053
31_13,3.0,3.999701190774045,3.999800089900187,2.9999999999999996,2.9999999999999996
31_14,2.0000643716833424,2.9999999999999996,2.0001132218109987,2.0000531941403885,2.0000508061451447
31_15,3.0,3.0,3.0,3.0,3.0
32_0,3.0,2.999999999999999,3.0000000000000004,3.0000000000000004,3.0000000000000004
32_1,3.0,3.999926491229423,3.9999439224271103,3.9998988429321107,3.9999041606616155
32_2,3.999949287460696,3.9999458739571456,3.9999445753528775,3.9999454207501537,3.999940659267927
32_3,3.9998991214821484,3.0000000000000004,2.9999999999999996,3.998943416381015,3.0
32_4,3.9999490834782425,3.99994147926021,3.999867573277006,3.9999477808909703,3.999944766685886
32_5,2.0001001516143124,3.0,3.0,3.0,3.0000000000000004
32_6,3.9999356666990122,3.9999490770231536,3.9999487468303445,3.9999409873555187,3.999947356144061
32_7,4.9998949692111,3.999942920994407,3.999944700829683,4.999899479222033,4.999893611671137
32_8,3.999943214442391,3.9999491327305803,3.9999483509513962,3.999945876626461,3.9999437662968433
32_9,3.99994945541162,3.9999463203721013,3.9999455168228466,3.999947467208306,3.999944368508253
32_10,4.999771453894781,3.999945268544483,3.999948021602226,3.9999421301682334,3.9999468152406616
32_11,4.999771453894781,3.999945268544483,3.999947498850131,3.999944551841901,3.9999468152406616
32_12,3.0,3.0,2.0003378191231387,2.000080330479475,2.000355266336541
32_13,3.0,3.9997280681356315,3.0,3.0000000000000004,2.9999999999999996
32_14,2.000224873785216,3.0000000000000004,3.0000000000000004,3.000000000000001,3.000000000000001
32_15,3.9999498092896015,3.999947358646901,3.999943857762008,3.999936086465064,3.9999392767324147
33_0,3.0,3.000000000000001,3.0,3.0000000000000004,3.9999270322889036
33_1,3.9999484430688654,3.9999495543606693,3.999949134864381,3.9999313828317002,3.999946067843867
33_2,3.9999496918472945,3.9999495749343104,3.999948947637602,3.999936247630484,3.9999431392045497
33_3,3.999949701681674,3.9999495755067094,3.9999491887654033,3.999926748169141,3.999941553019518
33_4,3.9999492503546414,3.9999435015629095,3.9999485172812865,3.9999291608231875,3.9999422780909994
33_5,3.999949707332055,3.9999437297290736,3.999936341941866,3.999900203335102,3.9999311173868017
33_6,3.999949624933757,3.9999495755067094,3.999948947637602,3.999926748169141,3.999945442819304
33_7,3.9999480149509217,3.9999480266802125,3.999949469781299,3.999941293301823,3.9999481121647587
33_8,3.9999412881644165,3.999949346582571,3.999947586633334,3.999949733501751,3.999948206321268
33_9,3.9999446749278866,3.9999493505457586,3.9999486909308897,3.9999373622091325,3.999943143012785
33_10,3.9999495340962046,3.9999495061200663,3.9999491887654033,3.9999448788107292,3.999945442819304
33_11,3.9999387931501604,3.999947151095089,3.9999473714727594,3.9999337056597,3.999942878067095
33_12,3.9999458302048176,3.999949447127018,3.9999494397370596,3.999945502661991,3.9999457189912127
33_13,3.0,3.0,3.000000000000001,3.0000000000000004,3.9999269428393034
33_14,3.9999477826494503,3.9999458602250875,3.9999472101049585,3.9999172098600875,3.9999372115616754
33_15,3.9999496904947054,3.9999478193445985,3.99994915419803,3.999943985107521,3.999946926872271
34_0,2.0000508155798813,2.000060774780252,2.000077084712215,2.000052818711879,2.0000504883849537
34_1,2.000080908385927,3.0,3.0000000000000004,2.999999999999999,2.0004489985875775
34_2,3.0000000000000004,3.0000000000000004,2.9999999999999996,3.999890408603925,3.0000000000000004
34_3,4.99289677523651,3.999940156858551,3.9999487395769338,3.999924359324739,3.9999435620319703
34_4,2.9999999999999996,2.000315749120003,2.0001734121387273,3.0,2.9999999999999996
34_5,3.9999261881938137,3.99992249611994,2.999999999999999,3.999926715919211,3.9999333849284198
34_6,3.9999097816513576,3.0000000000000004,3.000000000000001,3.9999033173702205,2.9999999999999996
34_7,3.9999495137777603,3.9999190023019477,3.9999384572429393,3.999935645963402,3.9999378572343347
34_8,2.000055849985643,3.0,3.0,2.000268395104748,3.0000000000000004
34_9,3.999949359515531,3.9999461630392044,3.999948899372852,3.9999392521952353,3.999945599582735
34_10,3.0,3.0,3.0000000000000004,3.999931130854738,3.0
34_11,3.9999441782411447,2.9999999999999996,3.999947551464338,3.0000000000000004,3.999927267753789
34_12,2.0005276074442384,2.9999999999999996,3.0,3.0,3.0
34_13,3.0000000000000004,3.9996960943013997,3.999940488840157,3.999893342343242,3.9999346955670094
34_14,3.0,3.0000000000000004,3.0000000000000004,3.000000000000001,3.0
34_15,3.0000000000000004,3.999830077006028,3.9999394600000815,3.9998441655804955,3.9999286715325275
35_0,2.000080940259954,2.0001487903199355,1.0001756524738403,2.000050556711099,2.000080321549403
35_1,3.999949344317695,3.9999469441140545,3.9999488980140727,3.999911065058776,3.999945667562486
35_2,3.9872040817147014,3.0,3.000000000000001,3.999697332893712,3.999907521376567
35_3,3.999944685381492,3.999859159192682,3.9999323146192025,3.0,3.9999447078380985
35_4,3.99994829615617,3.9999424476635763,3.999941135002014,3.9999336043748834,3.9999426099839175
35_5,3.99994897780124,3.999944942916502,3.999941135002014,3.9999361817327754,3.9999390547233147
35_6,3.9999476987956997,3.9999411228963413,3.9999486192021516,3.999938395635475,3.9999459387771674
35_7,3.9999431805709,3.9999168466710304,3.9999425827224555,3.9999386122487617,3.9999432982801335
35_8,2.000186107378042,2.000054102304536,2.0000541031271863,1.0002283824712113,1.0001565662366052
35_9,2.000186223397643,3.000000000000001,3.0,3.0000000000000004,3.0
35_10,3.9672542085451914,3.0000000000000004,3.0000000000000004,3.9995115425505916,2.0016680895067873
35_11,3.9999487183474423,3.9999167950418464,3.0,3.999935342523255,3.999940994930128
35_12,3.999949548376669,3.999949524995437,3.9999497019259778,3.9999462492116504,3.999945749667349
35_13,3.9995796150492513,3.9998917749103597,3.999859738941429,3.9998527563344077,3.0
35_14,2.0000557734112934,1.0003386142761526,1.000155942883203,2.0000507512905714,2.0006808608601707
35_15,3.9978035524115363,3.0,3.0,3.999909590524876,3.9999329127518006
36_0,2.000064473751991,1.0004678319431992,1.0001318471471847,2.000050084123048,1.000294586872995
36_1,3.0000000000000004,3.0,3.0,2.9999999999999996,2.9999999999999996
36_2,3.998574863402887,2.000309451418973,3.0000000000000004,3.998688510146444,2.9999999999999996
36_3,3.0000000000000004,3.0,3.0000000000000004,3.0000000000000004,2.9999999999999996
36_4,3.9998852168031056,3.0000000000000004,3.0000000000000004,3.0000000000000004,3.0
36_5,3.0000000000000004,3.000000000000001,3.999917386061597,3.0,2.000512209107202
36_6,3.0000000000000004,3.998544567652996,3.0,2.0000999929824324,2.9999999999999996
36_7,3.0000000000000004,3.0000000000000004,3.0000000000000004,3.0,2.0004322615031285
36_8,2.0000589873028303,3.0,2.000079676059864,2.0000501349905475,2.000108508689215
36_9,3.9999488137562293,3.999949463904935,3.9999490556687656,3.9999468694810956,3.999948714288095
36_10,3.0,3.9996526903243192,3.0000000000000004,3.0,2.9999999999999996
36_11,3.0,3.0,3.9990669318219836,3.000000000000001,3.0
36_12,3.99994671513231,3.0,3.0,3.999917825213336,3.9999312255015402
36_13,3.0,3.0,2.00068003524601,3.0000000000000004,2.999999999999999
36_14,2.0000573764817178,2.000069409060007,2.000065203186571,2.0000501085822227,2.0000500246738158
36_15,3.0,3.998931333160432,3.0,3.0,3.0
37_0,2.000053461009602,1.0009528985587883,2.0000902897109585,2.0000501261695933,2.0000501625736176
37_1,2.9999999999999996,2.9999999999999996,2.000105002661743,2.000050633546897,3.0
37_2,2.0002254769209578,3.0000000000000004,3.0,3.0000000000000004,3.0000000000000004
37_3,2.000051504967566,2.0001428613829,2.0001067279410387,2.0000500575838105,2.000050104690536
37_4,2.0001155542200855,3.0000000000000004,2.9999999999999996,2.0000515078813192,2.9999999999999996
37_5,3.0000000000000004,3.0,3.0000000000000004,2.000550831108171,2.000167453153898
37_6,3.0,3.0000000000000004,2.9999999999999996,3.9998140424302058,3.0
37_7,3.999949217252975,3.9999418226372754,3.99993721869619,3.999928817195632,3.0000000000000004
37_8,1.0001474722238788,2.0000923749652175,1.000120818427265,2.0000531952072693,2.000050066714045
37_9,3.0000000000000004,3.0,3.9995873086414058,2.9999999999999996,3.0
37_10,3.0000000000000004,3.0,3.9999236186238756,3.0,3.999875677108837
37_11,3.9998854751280892,3.999904869579432,2.9999999999999996,3.999835993134242,2.9999999999999996
37_12,2.000132758547095,3.0000000000000004,2.9999999999999996,2.001939533527857,3.0
37_13,2.9999999999999996,3.0000000000000004,2.000105002661743,2.000050632825758,3.0
37_14,1.000113773023955,2.000133812504462,2.000176800354473,1.0026762469862671,1.000239637962827
37_15,2.0000602732557633,3.0,3.0,3.0000000000000004,2.0001141931310227
38_0,2.0000651047050186,2.0000500067647873,1.0002871376519598,2.000050136725204,2.000318208429348
38_1,3.999948774831197,3.9999482768397012,3.9999492324571273,3.9999423242335124,3.9999478038429928
38_2,3.0,3.0000000000000004,2.0000985897430694,2.0000999923425304,2.9999999999999996
38_3,3.0,2.0007824318797085,3.0,3.999907997278279,3.0000000000000004
38_4,3.999949919512622,3.9999479019015465,3.99994888672537,3.9999460789172203,3.999947983136241
38_5,3.9999488012758593,3.999948601566578,3.999945355043969,3.99994573256211,3.999944591813262
38_6,3.999941208510906,3.999948023295065,3.9999479200616257,3.999946810645495,3.999947971609443
38_7,3.999949381495562,3.9999456380424268,3.999929479930873,3.9999433850812594,3.9999471238397915
38_8,1.0001005251402266,2.000058688854305,2.000053641233687,1.0001063888171655,1.0001551043075219
38_9,3.999949336510306,3.999938832301979,3.000000000000001,3.9999212189237765,3.0
38_10,3.0,3.0000000000000004,2.0001385679258763,3.0,2.9999999999999996
38_11,3.9999490353692773,3.999948601566578,3.9999457648533547,3.999943029085387,3.999944591813262
38_12,3.9999496547279487,3.9999491209482256,3.9999480620824412,3.999940988809503,3.99994814763289
38_13,3.999949753706774,3.999944174182658,3.999948907770718,3.999931380120045,3.9999480776386624
38_14,3.0,3.0,3.9994535725920684,3.9998886185789875,3.9997565343136996
38_15,3.0000000000000004,3.0,3.0000000000000004,3.9998499741252544,2.9999999999999996
39_0,2.9999999999999996,3.0000000000000004,3.0,3.0,3.2214384144640067
39_1,3.0,3.999789440548394,3.9999348510853014,2.9999999999999996,3.0
39_2,3.0,3.0000000000000004,2.000766531116028,2.9999999999999996,3.0000000000000004
39_3,3.000000000000001,3.0000000000000004,3.0,3.0,3.0
39_4,2.0013705960908252,3.0,3.0000000000000004,2.0019437508136178,3.0
39_5,3.0,3.9998003197078176,3.999791184050682,2.9999999999999996,3.0
39_6,2.000114799607114,3.0000000000000004,3.0000000000000004,3.0,2.9999999999999996
39_7,3.9999387203863632,3.999949408375681,3.0,3.999941782156327,3.999942683350366
39_8,2.0000582951685795,2.0000937892338055,1.0001572660060387,2.000050215664663,2.000050287501325
39_9,3.9999466447152856,3.999949494151931,3.999949122938901,3.9999424857534636,3.9999499491210613
39_10,2.0000745633912573,3.0,2.0000510426415645,2.000636195508536,3.0000000000000004
39_11,3.9999492751473555,3.9999492395432905,3.9999469401030483,3.9999412992910806,3.9999454773808214
39_12,3.999949792447099,3.999947332768407,3.99994896619713,3.9999379465077434,3.9999426488908454
39_13,3.9999480104810328,3.9999483643553364,3.9999465326311054,3.9999407735843207,3.999944340680947
39_14,3.9999489729499658,3.999946801038081,3.9999481354803677,3.9999434275166887,3.9999442397016978
39_15,3.9999490017188633,3.9999454502158884,3.9999484027425565,3.9999375323870217,3.999942626517136
40_0,3.0000000000000004,3.0,2.000121971447872,3.0,2.000831584167087
40_1,3.0000000000000004,3.9999379451357937,3.999834414342628,3.9998772607963,3.9999142975390467
40_2,3.999949696591834,3.999949147070307,3.999948215392278,3.9999378733084114,3.9999436764971392
40_3,3.9999497506792134,3.999944231774381,3.999916665913602,3.999931648113565,3.999941313976645
40_4,3.99993874333077,3.9999104706164386,3.0,3.000000000000001,3.9999226418685416
40_5,3.0000000000000004,3.9998379776353445,2.9999999999999996,3.999814110858413,3.9999267812139054
40_6,3.99994835852073,3.9999471551240715,3.9998679193348834,2.882208868855989,3.999923238492174
40_7,3.9999494885020064,3.9999486921353067,3.9999450587130285,3.9999372489128295,2.979120074078368
40_8,3.0,3.999922149935762,2.0000891559619998,3.9993877728928684,2.0001869246051536
40_9,3.9999495694987677,3.9999487090313584,3.9999273757604397,2.9340330563071984,3.999947947549036
40_10,3.9999467208895028,3.0,2.9999999999999996,3.9999191120298345,3.999942275981322
40_11,3.9999493461649487,3.9999487328417116,3.9999480286290945,3.999939867618004,3.9999442334907123
40_12,3.9999499211219836,3.999948469918419,3.999946537583882,3.9999456937799827,3.9999465125640343
40_13,2.999999999999999,3.999863105865789,3.0,3.9994757872846374,3.0000000000000004
40_14,3.9995796865686253,3.999877127417657,3.999651077885815,2.693848820493074,3.999884006107831
40_15,3.0,3.0000000000000004,3.0000000000000004,3.0,3.9999284088701956
41_0,2.0000803912540954,3.0000000000000004,2.0001789636699807,2.000364801956452,2.9999999999999996
41_1,3.0000000000000004,3.999760632508319,3.0000000000000004,3.0000000000000004,3.999906319162623
41_2,3.9999477978475437,3.0,3.9999276845353853,3.999920399892503,3.99992712529228
41_3,3.9999458365639198,3.0,3.9997474460367193,3.0000000000000004,3.9998952512597032
41_4,3.9999473683673994,3.0,3.9999387838899287,3.999945758613405,3.9999384583937214
41_5,3.0000000000000004,3.9997419862512773,2.9999999999999996,2.9999999999999996,3.0
41_6,3.999944401555198,3.9998787176237474,3.999937972468548,3.999902916340537,3.9999357696449005
41_7,3.999949549461525,3.000000000000001,2.9999999999999996,3.999923833841441,2.9999999999999996
41_8,1.0004498395816401,2.0000865590340577,1.000331943973309,2.0000505049182022,2.00005133932841
41_9,3.0,3.9998112630390925,3.999538070910275,3.0000000000000004,3.99977615968523
41_10,2.0002754112822205,3.000000000000001,2.9999999999999996,3.0000000000000004,3.0
41_11,3.9999472839674786,3.9998674251104527,3.9999276845353853,3.9999172027287098,3.9999338373520126
41_12,3.9999498831452818,3.999937672495559,3.9999493212825845,3.9999430121535964,3.999947020250654
41_13,3.999918973141848,3.9997413084485953,3.999449644614965,2.003638067481008,3.9999102883683424
41_14,3.000000000000001,3.0000000000000004,2.9999999999999996,3.0,2.000278152954464
41_15,3.000000000000001,3.0,3.0,3.9992947116575945,2.00022447914465
42_0,3.9996610406118807,3.0000000000000004,3.999878568410426,3.9998454225390896,3.99988596052394
42_1,3.999948394971022,3.999948655856139,3.999948348764103,3.9999477443159797,3.999948452557118
42_2,3.9999497117776572,3.0,3.999946596135011,3.9999467396987667,3.999945420738147
42_3,3.0,2.000089421970346,1.0005185830203585,2.0000501108290916,2.0001125400737485
42_4,3.9999492339291014,3.999929985820032,3.999933475434574,3.9999449100649502,3.9999374118668616
42_5,3.999949801267738,3.99994513587121,3.999948808666583,3.9999472630478596,3.9999373603563724
42_6,3.9999480371518654,3.9999484712354056,3.999948380345411,3.9999429954185617,3.9999469139514967
42_7,3.9999498464321843,3.999949246426779,3.999942947807166,3.9999473108234342,3.999947970536651
42_8,2.0000684897543213,2.0000793561610934,2.0001144343909227,2.000436944807492,2.0001169435098305
42_9,3.0000000000000004,3.0000000000000004,3.000000000000001,3.9996686402369788,3.9994676176102915
42_10,3.999949803461222,3.9999438653130777,3.9999478406515028,3.9999471652500755,3.999947038803941
42_11,3.999949232785071,3.999949276702543,3.999949104915584,3.9999418824281108,3.9999472861192116
42_12,3.9999356643985307,3.99994965516325,3.9999496078166463,3.9999479715082,3.999949625183758
42_13,3.9999490636727444,3.999947386355059,3.9999450739824844,3.9999477404185595,3.9999477809508632
42_14,3.0000000000000004,2.0001264024896757,2.0000600649185025,3.0,2.9999999999999996
42_15,3.999943179373757,3.999942330883991,3.9999414106615188,3.9999470169430595,3.9999473728196593
43_0,2.0001030664008437,3.0,2.0003931886039665,3.0000000000000004,3.0000000000000004
43_1,3.999943206909062,3.9999470431726096,3.9999490917922493,3.9999469043865274,3.9999488461255432
43_2,3.9999356623829687,3.9999481247999773,3.999948596637691,3.9999460903182142,3.999948267679356
43_3,3.999341064194485,3.9999469088862116,3.999948700556302,3.999941689835509,3.9999485219598365
43_4,3.999919633457612,3.999936994727086,3.9999225980741584,3.999944927610832,3.9999449740807282
43_5,4.999687980192842,3.999947708956777,3.999946780953229,3.9999459065514444,3.999948493203227
43_6,4.999898168255506,3.9999432005436244,3.999948710849619,3.999935962096273,3.999946830819521
43_7,3.999949555969921,3.999948671304687,3.999947738207398,3.9999476137089713,3.999947373797265
43_8,1.000100129364309,1.0001041166195228,1.0001071775831152,1.000101827441757,1.000117531913636
43_9,3.9999498916443743,3.9999483146199983,3.9999472496078625,3.9999498467598884,3.9999466460917747
43_10,3.999943185763155,3.9999492228500184,3.9999479755253096,3.9999469151020217,3.999948171080166
43_11,4.999863194123362,3.999948764502048,3.9999484283458044,3.9999445391119925,3.9999489828967727
43_12,3.999949418548854,3.9999494301052567,3.999949504039659,3.999947894624488,3.999948722990185
43_13,3.9998439766962677,3.9999470721438137,3.99993898443279,3.999941970950355,3.999947372581005
43_14,2.000068568489957,2.0000803216457825,2.000053194652576,2.0000683909941266,2.0000683903444507
43_15,3.9999412354852133,3.999943285079035,3.999946656641017,3.9999491931396305,3.9999465285726843
44_0,2.000052777992872,2.0000622309907605,2.0000567641976006,2.0000252266339014,2.0000503802990295
44_1,2.9999999999999996,3.0000000000000004,2.0000517089573306,2.333448929190523,2.000147761308199
44_2,3.999949251617581,3.999945905401456,3.9999379659128365,2.9533316219074304,3.9999464261259177
44_3,2.9999999999999996,2.0002565358076185,2.000025328736025,2.0000803327687797,2.0002290838334655
44_4,3.0,2.9999999999999996,3.0000000000000004,2.154321422039252,3.999919382946445
44_5,2.000051789697308,2.0001247701512086,2.00010405572338,2.000025476573421,2.000025290638816
44_6,2.000056952153478,2.0000252904814375,2.000025292632355,2.0000502880732554,2.0000501925399257
44_7,3.9999488047924348,3.99994923699282,3.9999491824000892,3.9999440178162566,3.9999488567521424
44_8,1.0001050046246274,2.0002934924702407,1.000103105101419,1.0001002438528743,1.0001229810959797
44_9,3.9999489324627966,2.9999999999999996,3.0000000000000004,3.9999358027370704,2.950323844989187
44_10,2.0003389532207865,3.0000000000000004,3.0000000000000004,2.4946972776439607,2.4373585819705132
44_11,3.9999495121693838,3.999948699668748,3.9999475235835917,3.9999467988745807,3.9999471698931637
44_12,3.999938538172887,3.9999439459983526,3.9999334203822903,2.8301165181222614,2.943396398513334
44_13,2.000080378187596,3.0000000000000004,2.9999999999999996,2.0000803215871517,2.2119690783775834
44_14,3.999948749900089,3.999947256873211,2.9999999999999996,3.9999378458797574,3.99994033101393
44_15,3.0000000000000004,3.0000000000000004,2.00004143157105,2.0000479148762556,3.999305155919628
45_0,3.0,3.9989060835716783,3.0,3.0000000000000004,2.9999999999999996
45_1,2.0001143571465327,3.000000000000001,3.0,2.0000683902719607,2.0002096385339088
45_2,3.0,3.0000000000000004,3.0,2.9999999999999996,3.0000000000000004
45_3,2.0000536319481963,3.0,2.000055267553504,2.0000519366481613,2.0000511738465785
45_4,2.0002252409451198,2.000058685976409,2.9999999999999996,2.000657081199557,2.000179229142313
45_5,3.999938342385847,3.0,3.0,3.9999389623642077,3.000000000000001
45_6,3.0,3.0000000000000004,3.0,3.0000000000000004,3.0
45_7,3.9999497240198707,3.999946779760894,3.9999488267435317,3.999942305464207,3.999947133864478
45_8,3.9999498456633953,3.99994940109218,3.9999494703534264,3.9999482391192616,3.9999490664029005
45_9,3.999949763916579,3.9999469366885725,3.9999489910027215,3.999948029684059,3.999946978293455
45_10,3.0000000000000004,3.0,3.0,3.0,2.9999999999999996
45_11,3.0,3.9999324286857947,3.9999473760265274,3.0000000000000004,3.9999262074137225
45_12,3.9999413027782222,3.9999087205464336,3.9999317626810362,3.9999031093532085,3.0
45_13,3.999947869186968,3.9998558069762984,3.999944537603836,3.9999337885005994,3.0000000000000004
45_14,3.000000000000001,3.0,2.000255490465561,2.0000567641976006,2.0001452837855798
45_15,2.0002760325117657,3.0000000000000004,3.0000000000000004,3.0,2.0001961383705646
46_0,3.999949805690291,3.9999470860240645,3.999949011249264,3.9999418468410406,3.999942520029937
46_1,3.999949265444476,3.999947295517706,3.999948710795922,3.9999454097780096,3.999944241160861
46_2,2.9999999999999996,3.0,3.99994344633211,3.9999373480677645,3.000000000000001
46_3,3.9999483673229395,3.999943235474318,3.9999458979697504,3.9999468051920495,3.9999408445668507
46_4,3.9999484666401584,2.9999999999999996,3.9999489782239905,3.9999380350475446,3.999947477256971
46_5,3.0,3.0,3.0,3.0,3.999779263915314
46_6,4.999323211149846,3.999947729261669,3.9999487286821527,3.999942310495296,3.9999478671187227
46_7,3.9998997444628794,3.999948965756163,3.9999487805530065,3.9999446815139295,3.9999468936886244
46_8,2.000189794699333,2.000357818870253,2.9999999999999996,2.0000531951477996,3.0
46_9,3.9999467535379853,3.9999493633537533,3.999949071743096,4.999688338608858,3.999941880776463
46_10,3.999945650844506,3.9999481771354075,3.9999488904449025,3.9999495661374973,3.9999475866753147
46_11,3.999945650844506,3.9999481771354075,3.9999488892586332,3.999949484794476,3.999946589573155
46_12,3.99994973416373,3.9999483116159253,3.9999495348890357,3.9999470209659513,3.9999479250024783
46_13,3.0,3.0,3.0,2.9999999999999996,3.0
46_14,3.9999492124791636,3.9999477225987286,3.9999483050303164,3.999927829776959,3.999946978686858
46_15,3.9999498381773866,3.9999466589714383,3.999948542217287,3.9999237437752226,3.999940446810063
47_0,3.0,3.0000000000000004,2.000125375465611,2.000114190950154,3.0000000000000004
47_1,4.9993240804354535,3.9999461373410283,3.0,3.9999381647521153,2.8956848256652123
47_2,4.9997714792139725,3.999947266761098,3.0000000000000004,3.999937124333194,3.9999462707739015
47_3,3.999949247779796,3.0,3.0,3.999928389599954,3.0000000000000004
47_4,4.9994510319326775,3.999944123373668,2.9999999999999996,3.9999410295035944,2.9424237255632133
47_5,3.999949645388718,3.999947016883403,3.999945532896943,3.999942331104853,3.999932219766593
47_6,3.0,3.999943973824931,2.9999999999999996,2.9999999999999996,2.999999999999999
47_7,3.9999196331313445,3.0000000000000004,3.0000000000000004,3.9997471474777018,3.0
47_8,3.0000000000000004,3.000000000000001,2.0001072006638467,2.000055270408573,3.0000000000000004
47_9,3.0000000000000004,3.0,3.0000000000000004,3.0000000000000004,3.0
47_10,3.0,3.0,2.999999999999999,3.0000000000000004,2.9999999999999996
47_11,4.999322558655427,3.999944107799993,3.0000000000000004,3.999937501389451,2.9151281254704555
47_12,3.999931572734603,3.9999494717242725,3.999947773561184,3.999945483817646,3.999946814674637
47_13,3.9999312641384495,3.9999289670802898,3.999892202155444,2.4825107182302726,3.999936243226543
47_14,3.0,3.0000000000000004,3.0000000000000004,3.0,3.0000000000000004
47_15,3.0,3.0,3.0,3.0,3.0000000000000004
48_0,3.0,3.0,3.0,3.0,3.9997645334854792
48_1,3.9999477785733752,3.9999413803327672,3.999924036207481,3.9999463557745725,3.99993704016167
48_2,3.9999496239860504,3.999941653849883,3.9999482507051933,3.999933427911618,3.9999427958858735
48_3,3.9999467561958157,3.999945259164213,3.9999469604138707,3.999946091254038,3.999941653557582
48_4,3.0,3.0,3.0,3.0,2.9999999999999996
48_5,3.0000000000000004,3.0000000000000004,3.0,2.0013812464530094,3.9998248567026295
48_6,3.9999260420833633,3.999948145767752,3.9999471923976393,3.9999427333075555,3.999941093049502
48_7,3.999949207532622,3.9999484375181247,3.999947411405183,3.999941313094042,3.9999473800252603
48_8,2.000054287064452,3.0000000000000004,2.999999999999999,2.000155840761304,3.000000000000001
48_9,3.999949642009156,3.9999491373373854,3.999949203521444,3.9999467782597535,3.999948624643689
48_10,3.0000000000000004,3.9999007267763442,3.9999353830687214,3.999944311281086,3.999934714257405
48_11,4.99986296738935,3.999948769406899,3.9999484651621695,3.9999338307245194,3.9999472000325325
48_12,3.9999474807255226,3.9999484052037917,3.999949432185373,3.999945924139554,3.999948095322009
48_13,3.0000000000000004,3.0000000000000004,3.9999069936288723,3.999925599562418,3.999818724989188
48_14,3.0,3.0000000000000004,3.9999320196855623,3.999943035759974,3.0
48_15,2.0003413083843156,3.0,3.000000000000001,3.0,3.9997631363174535
49_0,3.0000000000000004,3.0,3.999928355065221,3.9999304636766055,2.999999999999999
49_1,3.0,3.0,2.000327001275069,3.0,1.141236362491649
49_2,2.9999999999999996,3.999927419499374,3.9999475385431165,3.999923794909152,3.9999362872414386
49_3,3.9999431908225755,3.9998811233442124,3.0000000000000004,3.999938831229752,2.9999999999999996
49_4,3.0,3.0000000000000004,2.9999999999999996,3.0,3.999917000066776
49_5,3.999949748539387,3.999945822075299,3.9999456171705887,3.9999339726941026,3.999949863268821
49_6,3.9999412210321585,3.999948131731725,3.999948502136968,3.999917291189156,3.999940276510887
49_7,3.9982893919317752,3.0,2.9999999999999996,3.999491594174355,2.0019127105766237
49_8,2.000052607720807,3.0,2.0000501486030733,2.0000505283831975,2.0002579332518096
49_9,3.999945716589329,3.999948217091233,3.999949304261135,3.999939248863289,3.999948669123363
49_10,3.9999491843067543,3.9999471869267196,3.9999464343924465,3.999944568386092,3.9999395784972696
49_11,3.9999494772191055,3.9999477468670905,3.9999465097805946,3.9999407269712215,3.9999399243895057
49_12,3.9999458531683554,2.999999999999999,3.9999314282750835,3.9999368413852183,3.99994574863576
49_13,3.0,3.9997774381945956,3.0,3.0000000000000004,3.0
49_14,3.0,3.0,3.0000000000000004,2.010616534305961,3.0
49_15,3.0,2.9999999999999996,3.0000000000000004,3.9998432232096666,3.999804036322693
50_0,2.0000655127541713,2.9999999999999996,3.0000000000000004,2.0011144934914524,2.000080321605624
50_1,3.0,2.0005241885598477,3.0,3.0,3.0000000000000004
50_2,3.999948591201876,3.9998042638254603,3.999936349485788,3.999945697994342,3.9999347057179175
50_3,3.9999313508284384,3.0,2.0010394150972504,3.0000000000000004,3.0000000000000004
50_4,3.0,2.999999999999999,2.9999999999999996,3.9999356779802167,3.9999423348709127
50_5,2.000089007060429,2.000064321954179,2.0001858876732874,3.519703295720757,3.5316772101506007
50_6,3.9999484771772185,3.9999472189856307,3.9999482588345496,3.9999439117168736,3.9999478630007563
50_7,3.9999467938623208,3.999949790038983,3.999948862694451,3.99997428333818,3.999948139146234
50_8,2.9999999999999996,2.000050466112313,2.000056771004294,2.000054166648146,2.0000536242834586
50_9,3.999949246844208,3.9999489309250396,3.9999417644323616,3.999944949233661,3.9999475394785615
50_10,3.9999496928846416,3.0,3.999946705673596,3.999942063274524,3.999948528718078
50_11,3.9999498188736933,3.9999498813156755,3.999949963686833,3.9999480458178738,3.9999467982908268
50_12,3.0,3.999294339588881,3.0000000000000004,3.0,3.0000000000000004
50_13,3.0000000000000004,3.9999286722101064,3.0,3.0000000000000004,3.9968641145762547
50_14,3.0,3.0000000000000004,3.0000000000000004,3.0000000000000004,3.0
50_15,3.999468767579345,3.000000000000001,3.9998876893712967,3.9998560091427695,2.9999999999999996
51_0,3.0000000000000004,3.0000000000000004,2.9999999999999996,3.9999356704532008,3.9998497615486683
51_1,3.999949514666097,3.999936706375882,3.9999371485426205,3.9999360949453937,3.999947804481113
51_2,3.999949281607811,3.999948386949141,3.9999456654645438,3.999946537124336,3.9999445085235625
51_3,3.999949231229679,3.9999296822202317,3.9999437315116073,3.9999429259050485,3.999936282180791
51_4,3.9999473329532607,3.999930097779742,3.9999422097248147,3.9999497391346757,3.9999430505999665
51_5,3.999949342874654,3.999946038789978,3.999949607202739,3.9999462290256305,3.999943477561752
51_6,3.0000000000000004,2.9999999999999996,3.9996817263478475,3.0,3.0
51_7,3.9999490060102163,3.9999453877451883,3.999949213510149,3.999945214917957,3.999946746207246
51_8,2.000061704905924,2.0000510471594155,1.000186864732091,2.0000567703605436,2.000250271835194
51_9,3.9999487967164438,3.9999486035751066,3.9999488742273623,3.9999463136201427,3.999945898023634
51_10,3.000000000000001,3.0,3.0000000000000004,3.0000000000000004,3.0000000000000004
51_11,2.0000525206032815,2.0001216911220405,2.000095700224308,2.000051508411934,2.0000524879313546
51_12,3.9999431401222343,3.0000000000000004,3.0000000000000004,3.9999375994703232,2.9999999999999996
51_13,3.9999493563628614,3.999948665892629,3.9999359262127467,3.999942491540565,3.9999403985708306
51_14,2.0004206810324794,3.0000000000000004,3.0000000000000004,3.0,3.9997928595471555
51_15,3.9999467454444657,3.0,3.999942991907701,3.99994054011245,3.9999343190808574
52_0,2.000057584186324,2.9999999999999996,2.00005055435657,2.0000521948582293,2.0000502613004376
52_1,3.000000000000001,3.9995615559591786,3.0000000000000004,3.9989765347035195,3.0000000000000004
52_2,2.9999999999999996,2.000111763782632,2.000129726768601,2.0000508065027565,2.0000503809433967
52_3,3.0000000000000004,3.0,3.0000000000000004,3.0000000000000004,2.9999999999999996
52_4,3.0000000000000004,3.0,2.00022448383547,3.0,3.0
52_5,3.0000000000000004,3.0000000000000004,2.999999999999999,3.000000000000001,2.9999999999999996
52_6,2.0000552969828225,2.000199258481907,3.9975652773491994,3.0,2.0004181421037113
52_7,3.9999467525723396,3.9999432699648825,3.999949094372718,3.9999151144953187,3.999944021957704
52_8,2.0000556238872247,2.0000643222629093,3.000000000000001,2.001400613853269,3.0
52_9,3.999949717606747,3.9999488867673834,3.999947972628627,3.9999463454877477,3.9999469018297025
52_10,3.0,3.998420686156347,2.0001558323315973,3.9979347537616183,3.000000000000001
52_11,2.9999999999999996,3.999920376059774,3.9999456916946747,3.9999246618359523,3.999918359492774
52_12,2.9999999999999996,3.0,3.9999423907930973,3.9999169092070765,3.9999185688857914
52_13,2.00005119812796,2.000083395903253,2.000081839624351,2.000050058811889,2.0000500512246076
52_14,3.0000000000000004,3.000000000000001,3.0000000000000004,2.0000536201590147,2.000099993172404
52_15,2.0000558125031143,2.000060518930633,2.000124605782755,2.000211063479805,1.0005449866328981
53_0,2.000052696405818,2.0000861448030927,2.0001056054476463,1.5151703957856006,2.00018166560508
53_1,3.0000000000000004,2.9999999999999996,3.0000000000000004,3.0,3.999883711232809
53_2,3.0,3.9999343698299246,3.999946239169422,3.9999428909985886,3.9999452496933707
53_3,2.000053089302004,2.000054648501575,2.0000552689782567,2.0000508074921317,2.000052496364389
53_4,2.0000515677623394,2.9999999999999996,2.0000710340810426,2.0000500950238504,2.0000515078395993
53_5,2.000080464849065,2.9999999999999996,3.0000000000000004,2.9999999999999996,3.0
53_6,3.999938810642781,2.9999999999999996,3.9999459892875326,3.9999401025468226,3.9999402641259323
53_7,3.9999473938526013,3.9999295321914246,3.0000000000000004,3.0000000000000004,3.9999383113164484
53_8,3.0000000000000004,3.0,3.0000000000000004,3.0000000000000004,3.999383278708283
53_9,3.9999498158340567,3.9999466597819677,3.9999484533974026,3.9999441632818105,3.999948608462319
53_10,2.9999999999999996,3.999929847663585,2.9999999999999996,3.999899006737413,3.999911064444277
53_11,3.0000000000000004,3.9999425943506135,3.9999484342400193,3.9999396291213234,3.999947403656587
53_12,3.999949908868437,3.9999479116281984,3.999949025040874,3.99994594645947,3.999948215475855
53_13,3.0000000000000004,3.0,3.0000000000000004,3.0000000000000004,3.999903374107682
53_14,2.0000525098753417,2.0000502953145856,2.9999999999999996,2.0002190491756004,2.000050627414225
53_15,2.999999999999999,3.0,3.0000000000000004,3.0,2.999999999999999
54_0,2.0000535144525187,2.00007345040697,2.0002025673732047,2.000050021813364,2.0000502295636298
54_1,3.999947463001173,3.999947786630444,3.9999492265928174,3.999945419903878,3.9999483143042127
54_2,3.0000000000000004,3.999947730388567,3.999949490313445,3.999949588934792,3.99994802855166
54_3,3.999945448922227,3.999944118707201,3.0000000000000004,3.999942605292881,3.9999466099383905
54_4,3.999946706734097,3.999947655344583,3.999946130278937,3.999938845538424,3.999947080695902
54_5,3.999949327707471,3.9999481624555777,3.9999484563062846,3.9999459626645644,3.9999482790214027
54_6,3.999944650671069,3.999928759027382,3.0,3.9999433701155045,3.999942055849801
54_7,3.9999457789663624,3.99994757259805,3.9999364808542195,3.999946527327107,3.9999436751380975
54_8,2.0001341889992617,3.9991653511784864,3.9976146570012925,1.000100654521731,3.0000000000000004
54_9,3.999949676744643,2.9999999999999996,3.9999484309383972,3.9999463767838765,3.999949816870855
54_10,3.9999481189831263,3.999947943651521,3.999945150216223,3.999946517599959,3.9999481607210323
54_11,3.9999490028870195,3.9999490999033935,3.9999490269655227,3.999945527908562,3.9999482469445913
54_12,3.9999497801456676,3.999949516007521,3.9999485868627116,3.999947327446234,3.999947829565361
54_13,2.0000808232211553,3.0,3.0,3.0000000000000004,2.999999999999999
54_14,3.999943210461197,3.9999487689365676,3.9999494317207724,3.999947450151221,3.9999479802934563
54_15,2.000054199743974,3.0000000000000004,3.997579833313857,3.0000000000000004,3.0000000000000004
55_0,2.000065432886107,2.0000975586324263,2.0000969814659197,2.0000683904224115,2.000056764250956
55_1,3.9999489496938145,3.999929368040355,3.0,3.99993882095365,3.9999378041785936
55_2,3.0000000000000004,2.000142592715717,2.0001098426269652,2.000064322372251,1.0018604445269546
55_3,3.999843780335607,3.0000000000000004,3.0000000000000004,3.9997667097571514,3.0000000000000004
55_4,2.9999999999999996,3.998344896133655,3.0000000000000004,3.0,3.0
55_5,3.0,3.0,2.0001130764049484,2.9999999999999996,3.000000000000001
55_6,3.0000000000000004,3.9998125076395548,3.0,3.9999326356374536,2.999999999999999
55_7,3.9999497669262825,3.0,3.999943077639292,3.999937058308832,2.081265128954812
55_8,2.000083895780195,3.0,1.00013959523358,2.0000541048253826,1.0002332275136623
55_9,3.9999487391657382,3.999943760378763,3.999949764291604,3.9999358737540636,3.999944527910256
55_10,3.999948638178293,3.0000000000000004,3.0,3.0000000000000004,3.999879784355411
55_11,3.999949552697642,3.9999480073456852,3.999944240880406,4.989338796545442,3.9999447048819547
55_12,3.999949907413567,3.9999492112275408,3.9999477785733752,3.9999491625420225,3.999949095505309
55_13,2.0003385446310147,2.9999999999999996,2.0000519366361647,2.000240602406357,2.000058686029224
55_14,2.9999999999999996,2.0002864972052743,3.0,3.0,3.0000000000000004
55_15,3.0,2.001012823666038,3.999685409371597,3.0000000000000004,3.0000000000000004
56_0,3.0,3.992823762692815,3.0,3.0,3.0
56_1,3.9999487936107925,3.999947371538437,3.999947289254197,3.99994702419606,3.999947207834195
56_2,3.9999458001129455,3.9999491938369722,3.9999418056984233,3.999945325519502,3.999946425041404
56_3,3.9999484493567246,3.999931778386602,3.9999375140135136,3.999943447035036,3.9999330050155253
56_4,3.999946595199407,3.9999486093444623,3.9999463208133275,3.99994732357756,3.999947926921743
56_5,3.0,3.0000000000000004,3.999918543980343,3.999938594320574,3.999909199661596
56_6,3.9999194295467766,3.999944310524305,3.9999487116064563,3.999945775658922,4.9997545243490364
56_7,3.9999496660881655,3.999939670446551,3.0000000000000004,3.0,3.9999366763216226
56_8,3.0,3.0,3.0000000000000004,2.9999999999999996,3.0000000000000004
56_9,3.0000000000000004,3.999909461487561,3.0,3.9999486694926207,3.0000000000000004
56_10,4.999448856668906,3.999948455531248,3.9999486783077223,3.9999471988821638,3.9999482614153314
56_11,4.999550705869567,3.9999477868751057,3.9999483839929892,4.999895025591661,3.9999482614153314
56_12,3.0,3.0,3.0,3.999937361035975,2.9999999999999996
56_13,3.9999464547396935,3.0,2.048632029547727,3.9999486670607776,3.9999142787214383
56_14,3.999949646944367,3.9999413140235918,3.9999388566003353,3.999943419136592,3.9999450857601375
56_15,3.999949040369682,3.9999421585595725,3.999947887996904,3.999939344770855,3.999945463452392
57_0,3.0,3.0,3.9986081133948863,3.9992529008946662,3.0000000000000004
57_1,3.0,3.000000000000001,3.000000000000001,2.0007078136084706,2.0004194213872384
57_2,3.0,3.0,2.000118174182815,3.0,2.000056764227116
57_3,3.998290088250716,3.0000000000000004,3.0000000000000004,3.9994731971002704,2.0018583716047145
57_4,3.0000000000000004,3.0,3.0000000000000004,3.0,3.0
57_5,3.0,3.999599105444708,3.0,3.0,3.9997046958228255
57_6,3.0,3.0,3.0000000000000004,3.0000000000000004,2.9999999999999996
57_7,3.999949396765356,3.9999376846769183,2.9999999999999996,3.9999366394488804,2.9999999999999996
57_8,1.0001006891010649,1.0001370488929393,1.0001301760824293,1.0002148834587654,1.000113528432662
57_9,3.9998427544806936,2.9999999999999996,2.9999999999999996,3.9998271470188107,2.9999999999999996
57_10,3.0000000000000004,3.999913097707643,3.0000000000000004,3.0000000000000004,3.0
57_11,3.99991950458977,2.9999999999999996,3.999924206805293,3.999913779270822,3.99992625835281
57_12,3.0,3.0,2.9999999999999996,3.000000000000001,2.9999999999999996
57_13,3.0,2.0000999921325637,2.000114847679356,2.0000510356921004,2.0000586859646727
57_14,3.0,3.0000000000000004,3.0000000000000004,2.9999999999999996,2.0008491524654772
57_15,3.0000000000000004,3.000000000000001,3.0,2.9999999999999996,3.0000000000000004
58_0,2.0000517740280928,2.0000594797875904,2.0000722234925803,2.0000500461053523,2.000050027850485
58_1,3.999948738379064,3.999947733922248,3.99994399554972,3.9999301153087394,3.999942562351574
58_2,3.0000000000000004,3.9998040884926946,3.0,3.0000000000000004,3.999890016889283
58_3,3.0,3.0000000000000004,3.0000000000000004,3.0,3.0
58_4,3.0,3.0000000000000004,3.0,3.999805597146377,3.000000000000001
58_5,3.999948779462321,3.999949435052118,3.9999484432839,3.999948939955183,3.9999480579641875
58_6,3.999948729278359,3.9999493090651983,3.9999464608608575,3.9999463072667942,3.9999460738750416
58_7,3.0,3.9999237081253822,3.0,3.999931637309603,3.9999263203287594
58_8,1.0001000086780056,1.000104385937045,1.0001132274178952,1.0004189688964644,1.000100146337035
58_9,3.0000000000000004,3.0,3.0000000000000004,3.9993273883827487,2.999999999999999
58_10,2.999999999999999,3.9999377824490137,3.999948347584114,3.9999459075645616,3.9999425805418065
58_11,3.9999484386982243,3.999948312218222,3.999948194562375,3.9999424311899237,3.9999441550626313
58_12,3.0000000000000004,3.0,3.999892720682372,3.999775996341022,3.9997600903103847
58_13,2.999999999999999,2.000064425679496,2.0000528186878475,3.9963164207106208,2.0000531941702824
58_14,3.0,3.0,3.0000000000000004,3.0,2.9999999999999996
58_15,2.999999999999999,3.9998815649921764,3.9999327743975717,3.9999304560067523,3.9999101886208623
59_0,2.000274386849969,2.0000785659068883,2.0003638750949375,2.0020432926582608,1.0002682973448784
59_1,3.0000000000000004,3.0000000000000004,3.99324901781136,3.9988535846658526,3.0000000000000004
59_2,3.0,3.0,3.0000000000000004,3.0000000000000004,3.0
59_3,2.9999999999999996,3.0,2.00005006866917,2.0000500893442004,2.0000500910957353
59_4,3.0000000000000004,3.0,3.0,3.99934099082365,3.000000000000001
59_5,3.0000000000000004,3.0000000000000004,3.0,2.9999999999999996,3.999902755171225
59_6,3.0000000000000004,3.0000000000000004,3.9994194264822287,3.999659985604333,3.0
59_7,3.9999431411956894,3.0,3.9998599725776702,3.999939337839722,3.9999409175108687
59_8,1.000106423599023,2.9999999999999996,1.0001939916440679,2.0000643256731907,1.0002868882950333
59_9,3.9999446275843935,3.9998913035054833,3.0000000000000004,3.9999409790711327,3.0000000000000004
59_10,3.0000000000000004,3.9996690698829713,3.0000000000000004,3.9996332499833707,3.0
59_11,3.0,3.0,3.0000000000000004,3.9998797560728714,3.9094421259432868
59_12,3.9999498935036564,3.9999478672977915,3.9999229069619298,3.999928708495376,3.999933755775836
59_13,3.0000000000000004,3.0,3.0,3.0000000000000004,3.0
59_14,3.0,3.0000000000000004,3.0,2.999999999999999,2.9999999999999996
59_15,2.0000532093616665,2.000065426605835,3.0,2.000050627670491,2.0000508064192846
60_0,2.000051681148507,2.000062625590826,2.000052194708958,2.0000503353183796,2.000050053405846
60_1,3.9999486827122417,3.9999425659813514,3.9999418695182025,3.999937336833202,3.9999347855915817
60_2,3.999926085216756,3.999948118178324,3.999947660605783,3.9999432049117045,3.9999470522255867
60_3,3.9999496457640746,3.0,3.9999418472347177,3.999943246255793,3.9999407534869333
60_4,3.9999495439126416,3.999910798313931,3.999938551874829,3.9999389216050902,3.999935807522552
60_5,3.999949676768666,3.999942111006405,3.999948379624309,3.9999453801522504,3.999947511896493
60_6,3.9999444580972203,3.9999419185509635,3.9999437985513504,3.9999471598027627,3.9999285340865502
60_7,3.9999495019298275,3.9999397223883424,3.9999428810160893,3.9999409028070567,3.9999349357799643
60_8,3.0000000000000004,2.0003310796916236,3.0,3.0000000000000004,3.0000000000000004
60_9,3.999935173190631,3.9997068370940254,3.9998595249603746,3.9999339514045924,3.999921641706369
60_10,3.999938350479328,3.999944309403092,3.999947845085352,3.9999169491133166,3.9999470011491924
60_11,3.999926085216756,3.999948118178324,3.9999482720658373,3.9999403583341686,3.9999470522255867
60_12,3.0000000000000004,3.0000000000000004,3.0000000000000004,1.7100029065164253,1.2983201896672436
60_13,3.999949640233271,3.9999402815475134,3.999943413784371,3.9999387035905944,3.9999401524673104
60_14,3.0,3.9990978580940637,3.0000000000000004,3.0000000000000004,3.9998831839064453
60_15,3.9997746252912108,3.0000000000000004,3.9999160980645603,3.9998909742948974,3.0
61_0,2.0000737016614507,2.0000873403443524,2.0000500645450883,2.0000643220384364,2.0000521947209626
61_1,3.0,3.0,2.0007515166099465,2.9999999999999996,3.9991385430340345
61_2,2.0000890528541766,2.000050024405486,1.0011357074046872,2.000050038542201,2.000050044806187
61_3,2.00005877295887,2.000083274566928,2.0000981118655488,2.000050488259647,2.0000531941465063
61_4,3.0,3.0,2.0009025690431494,2.9999999999999996,3.9989641503548037
61_5,2.000080825492172,2.9999999999999996,3.0,2.000053194194219,3.997240675710847
61_6,2.0000525556301265,2.0000506289220734,2.9999999999999996,2.000054102208779,2.000050711604009
61_7,3.0,3.0000000000000004,3.9834449824953135,2.9999999999999996,2.9999999999999996
61_8,3.0000000000000004,3.0,3.0000000000000004,3.0000000000000004,2.999999999999999
61_9,3.0000000000000004,3.0,2.0000504305782374,2.0000643219348837,2.9999999999999996
61_10,2.000155944791163,2.0002960072276026,3.0,3.0000000000000004,3.999579131575484
61_11,1.000102354868506,1.000209015534359,1.0001703921809324,1.0001135284780716,1.000211968800179
61_12,3.0,3.0000000000000004,3.0000000000000004,3.0,3.0
61_13,3.0,3.0000000000000004,2.0002742328587906,2.000088933758482,2.9999999999999996
61_14,2.000058796613931,2.999999999999999,2.0000500319090646,3.0,1.0044422208291401
61_15,3.0,3.0,3.9997656857328208,3.0,3.0000000000000004
62_0,1.0003787988611967,1.000265429205366,1.0001135283827116,3.0,1.0003138012920094
62_1,3.9999430772584974,3.999948658103074,3.999943281008644,3.999942485276115,3.9999431705355915
62_2,2.9999999999999996,3.0,3.0000000000000004,3.0,3.9998880719270757
62_3,3.0,3.0,3.0000000000000004,2.9999999999999996,2.9999999999999996
62_4,3.0,3.0000000000000004,3.0000000000000004,3.0000000000000004,2.999999999999999
62_5,3.0,3.000000000000001,2.9999999999999996,3.0,3.999901616668374
62_6,3.0000000000000004,3.9999444865072595,3.9999433586971533,3.0000000000000004,3.999944072904151
62_7,3.999938794675953,3.0000000000000004,2.9999999999999996,3.9999390992412476,3.0
62_8,2.0001324313442774,1.0002891007487638,1.0001942745516246,2.0000567651392833,2.0000501349905475
62_9,3.0,3.9995436268253832,2.9999999999999996,3.999755966878515,3.9997640196583806
62_10,3.999942966831173,3.999928619662981,3.9999388952795814,3.9999431893211574,3.9999419499177935
62_11,3.999949638844753,3.999949164621859,3.9999486459388267,3.999946552769747,3.9999457063911326
62_12,3.0000000000000004,3.0000000000000004,3.9998763388984906,2.9999999999999996,3.0
62_13,3.0000000000000004,3.0000000000000004,2.0001144480344992,3.0000000000000004,3.0000000000000004
62_14,2.0000548198759813,2.000072018151345,2.0000788254916824,2.0000500874188654,2.0000502296530698
62_15,2.9999999999999996,2.9999999999999996,3.999911289422327,3.9999298196877375,3.9999394554287546
63_0,3.0,3.0000000000000004,3.999901276597712,3.0,3.0000000000000004
63_1,3.999948069753202,3.9999413723403916,3.9999464512234653,3.999942400829588,3.9999445898103088
63_2,3.9999478868228557,2.9999999999999996,3.999945466801232,3.999945072849948,3.9999472701226453
63_3,3.0000000000000004,3.9998020319966328,3.999803588693297,3.9999362304968815,3.0
63_4,3.0000000000000004,3.9999115190505705,3.9999414004876592,3.999946237321979,3.9999449658029205
63_5,3.9999496242182033,3.9999498810772756,3.999939005620003,3.9999423721745315,3.999946425660379
63_6,3.999948960713834,3.9999486839931553,3.999948325908194,3.9999354971407803,3.999947856623599
63_7,3.999945541187205,3.999948479173916,3.0000000000000004,3.9999357250275756,3.999915545270997
63_8,1.0001225225501336,1.0013281117825683,2.0000512977391165,2.000050889946466,2.0000506730076943
63_9,3.9999472144975536,3.0,3.999867046341278,3.9999455968475326,3.9999463797814703
63_10,3.9998657337207644,3.0000000000000004,3.0000000000000004,3.9999447692192684,3.0
63_11,3.9999484394551077,3.999933770824679,3.999947351667963,3.9999403030920004,3.9999457030960968
63_12,3.9999490123279777,3.999949301573538,3.999942658855425,3.9999495089269312,3.9999466066247216
63_13,3.9999262593497313,3.9999320062772123,3.9999466920552034,3.9999457502152507,3.9999453567726135
63_14,2.9999999999999996,3.0,2.9999999999999996,2.9999999999999996,3.0000000000000004
63_15,2.999999999999999,2.0000683902487095,2.0001161271636896,3.0,2.000057665111213
64_0,3.0,3.0,3.000000000000001,3.0000000000000004,3.0000000000000004
64_1,3.0,3.9999133645838283,3.999942121954566,3.9999453425818574,3.9999256284797333
64_2,3.999883802405476,3.999891566096335,3.9999185955166325,3.999714990055832,3.999914006950896
64_3,3.9999491951303265,3.999948629614272,3.999947240769272,3.9999265403786404,3.9999499313248625
64_4,3.999947235893983,3.9999490801105986,3.999945467623551,3.999938585751235,3.999935868885023
64_5,2.9999999999999996,3.9998261369004617,3.999944858511439,3.999941309160899,3.9999214741686235
64_6,3.9999488759080766,3.9999461402310965,3.9999451002719653,3.999916126802511,3.9999457151888604
64_7,3.999949492494773,3.9999491202329915,3.9999490826615176,3.9999460715508763,3.9999450283769713
64_8,2.9999999999999996,3.0000000000000004,3.999387636907541,2.0001324234259585,3.9990961425517964
64_9,3.999949682555745,3.999946821564216,2.9999999999999996,3.9999488254559976,2.9999999999999996
64_10,3.9999488791320865,3.9999452143517757,3.999948161215867,3.999936993381347,3.9999443693538077
64_11,3.0,3.0000000000000004,3.999927501351173,3.9999184649674384,3.9999223348783803
64_12,3.9999492907981984,3.999946806545144,3.9999487984329347,3.999942196542537,3.999946406815778
64_13,2.9999999999999996,2.0024602547050523,3.0000000000000004,1.0001827375532608,3.0000000000000004
64_14,3.999948968813867,3.999947691262216,3.999946625189848,3.9999498298040024,3.9999419350476315
64_15,3.0,3.0,3.0,3.0,3.9997346497363986
65_0,2.0000890603664567,2.0001317179804823,2.0000511738049243,2.0000506274202494,2.000054101917182
65_1,3.0,3.000000000000001,2.9999999999999996,3.0,3.0
65_2,3.9999253345736774,3.999927470029709,3.999938508003347,3.9999212478655295,3.9999304671204627
65_3,3.999949314965294,3.999941236206803,3.9999410895746426,3.9999203729864266,3.999938005510095
65_4,3.999724361597632,3.0000000000000004,3.0,3.0,3.0000000000000004
65_5,3.999949136855021,3.99994244160788,3.999947176579851,3.9999316950369104,3.9999403159773625
65_6,3.999948000998038,3.999947722783626,3.999948162324071,4.999863219168855,3.999944018953976
65_7,3.999949406033076,3.0000000000000004,3.999916953572733,3.99991258158414,3.9999448399816036
65_8,2.000052738471503,2.0000615874622083,2.0000635121860886,2.0000505194846,2.000050049764408
65_9,3.0000000000000004,2.000779084757816,2.000166478357148,2.000274037443302,2.0002740286487697
65_10,3.9999489301861457,3.9999486678596337,3.9999448939134052,3.9999498203037125,3.99994985139095
65_11,3.9999445436530756,3.9999468995950607,3.999945529284995,4.999846482360298,3.9999466195283238
65_12,3.9999493816447282,3.9999474084963915,3.9999490049493187,3.999946971064555,3.9999461402138623
65_13,3.0,3.000000000000001,3.000000000000001,3.0,2.9999999999999996
65_14,3.0,3.0,3.9998202449679257,3.0,3.9998799496533106
65_15,3.0000000000000004,3.0,3.000000000000001,3.9998230380521,2.999999999999999
66_0,2.000155921996545,1.0001243579103218,1.0003116612353309,1.0001072394000947,2.0004588936221266
66_1,3.0000000000000004,2.0001606267893868,3.998004339601627,3.99968127811285,3.9990059187695888
66_2,2.000132678112405,2.000155831240911,2.0001303244799717,2.000565374816513,2.000061153591398
66_3,3.0000000000000004,2.000204700847188,2.000709290242919,3.999166226182267,2.0003111625188765
66_4,3.0,3.0,3.0000000000000004,3.0000000000000004,3.9995434266436933
66_5,3.0,3.0,3.99926863858812,3.9999255846236874,2.9999999999999996
66_6,3.999943125228222,3.0,2.9999999999999996,3.9999341132990467,3.9999347356058066
66_7,3.999941267644944,3.999944786765562,3.999945937459682,3.999938260346768,3.9999455681500806
66_8,1.0001000792063335,1.000107046690746,1.0001415170461851,1.0001030157511004,1.0001909112038416
66_9,3.9999498200416537,3.9999482879192256,3.9999294334101747,3.9999456708697836,3.9999461685698914
66_10,2.0002248054013148,2.0001858890300706,3.0,2.9768430642562174,3.997930592925329
66_11,3.999813353271659,2.9999999999999996,3.9998955385365305,3.9999356165754407,3.999929967606595
66_12,3.9998856974124046,3.0,3.0000000000000004,3.9999148137058538,3.999689310499452
66_13,3.0,3.0000000000000004,3.0,3.999943901119813,3.9999289960435136
66_14,2.000132446016928,2.0000933539814136,1.0001109773401933,1.0002039563805416,2.0003711464557608
66_15,2.9999999999999996,2.000056764203276,2.9999999999999996,2.0001324231214173,2.9999999999999996
67_0,2.0000684999766203,2.000079382206818,2.000085983921196,2.0003011472833636,2.0000501784982703
67_1,2.0001328060183567,2.000338220784964,2.9999999999999996,3.0000000000000004,2.000099992452513
67_2,3.9999498108154503,3.9999472308340347,3.9999484692625678,3.999939789949138,3.9999480619038854
67_3,2.0002753242576445,3.0000000000000004,2.000352032548877,3.0,2.9999999999999996
67_4,3.0,3.9999044530772077,3.0,3.0,3.999910607118962
67_5,3.0000000000000004,3.9999199543908266,3.9999330137037457,3.0000000000000004,3.999879904288075
67_6,3.999949552155227,3.9999408346313317,3.999947150552668,3.999944115911515,3.9999434051422553
67_7,3.99994986822142,3.000000000000001,2.999999999999999,3.9999364593326514,3.9999443800050263
67_8,3.0,3.0000000000000004,3.0000000000000004,3.0,2.9999999999999996
67_9,3.9998136048508224,3.0,3.000000000000001,3.9998234360834375,3.9998825358043057
67_10,3.999931262387134,2.9999999999999996,3.9999337929403582,3.9999371944283735,3.0
67_11,3.999949204987604,3.999947840293547,3.9999442283766946,3.9999493536212287,3.9999386593913173
67_12,3.999949943804968,3.999948930699016,3.9999483635149424,3.9999450261715626,3.999949068083562
67_13,2.9999999999999996,3.0,3.0000000000000004,3.0,3.9994442598024733
67_14,3.0000000000000004,2.999999999999999,1.0016415705944448,2.000052487174253,2.0000985010838295
67_15,2.000051477891142,1.0016952158716907,2.000050627384204,2.0000500851777234,2.000050627437968
68_0,2.0000514346580758,2.9999999999999996,2.0000847915261146,2.000656147262849,2.000050160040192
68_1,3.0,3.0,2.000054102578553,2.000056764543279,2.9999999999999996
68_2,3.0000000000000004,3.9997620886421643,3.000000000000001,3.000000000000001,3.9998465560670353
68_3,3.0,3.0000000000000004,2.9999999999999996,2.000052487692807,3.0000000000000004
68_4,3.0000000000000004,3.0000000000000004,2.000068391613718,2.0000552677618537,3.0
68_5,3.0,2.9999999999999996,2.000172208840436,2.9999999999999996,3.0
68_6,3.0,3.999914251207524,3.9999429151900125,3.0,3.999937617194287
68_7,3.0000000000000004,3.9998363150655134,3.99993547971904,3.9998408158274232,3.9999064343760886
68_8,3.0000000000000004,3.0,2.0001558582766057,2.000064323395576,2.000775158315393
68_9,3.9999492659873868,3.9999471752090177,3.999949558955999,3.999942102443229,3.999939051903449
68_10,3.999946709345292,3.0000000000000004,3.999871363680898,3.0000000000000004,3.0
68_11,3.9999412766146176,3.999898603045664,3.999871363680898,3.0,3.0
68_12,2.999999999999999,3.9999449263175535,3.999947709200809,3.9999330383548735,3.999937876823887
68_13,3.0,3.0000000000000004,3.0,3.0,3.9996453750808145
68_14,2.000061490142789,3.0000000000000004,2.000165177830548,2.9999999999999996,2.000058685976409
68_15,3.0,3.0000000000000004,3.0000000000000004,3.0,3.0
69_0,3.0,3.0,3.0000000000000004,3.000000000000001,3.000000000000001
69_1,3.999884915708003,3.0,2.9999999999999996,3.99986788789002,3.9999370170838233
69_2,3.9999489421423053,3.9999441001115565,3.9999479771819337,3.9999496337905076,3.999941568132999
69_3,3.0,3.982299455963845,3.000000000000001,3.0,3.0
69_4,3.0000000000000004,3.0,3.999940831854175,3.9999316059735164,3.0000000000000004
69_5,3.999471690245319,3.0,3.9998913264034313,3.0000000000000004,3.0
69_6,3.0,3.0,3.9999455029008963,3.9999388487390077,3.9999443130808365
69_7,3.9999483353069336,2.9999999999999996,3.9999345894326557,3.0,3.0000000000000004
69_8,2.0000644780606938,1.0002201103558246,1.000199373297335,2.0000503808000136,1.826320865345689
69_9,3.999949058416313,3.9999416143292534,3.9999448706219543,3.0,3.9998441683383965
69_10,3.9999312384491588,3.0,3.9999470736392584,3.9999388487390077,3.9999274794291644
69_11,3.9999312384491588,3.0000000000000004,3.9999464875255226,3.9999388487390077,3.9999465170579884
69_12,3.0,3.0000000000000004,3.9997153969515162,3.0,3.0
69_13,2.9999999999999996,3.9999320529893443,3.999949137629731,2.9999999999999996,3.9999373611437083
69_14,3.0,3.0000000000000004,3.0000000000000004,2.000053194283422,2.9999999999999996
69_15,2.0000529037725743,2.000071183553173,3.9957639660421385,2.0000510356681653,2.0000502025883367
70_0,3.0,3.0,3.0000000000000004,3.9999077744854934,2.9999999999999996
70_1,3.9999487646211658,3.9999469857553125,3.9999478808093683,3.9999476290259364,3.9999466968647575
70_2,3.9998439433078765,3.999949404936434,3.9999490967450733,3.9999455106719437,3.999947056152835
70_3,3.0000000000000004,3.0000000000000004,3.0,3.999901328755128,3.999939435958461
70_4,3.0,3.0000000000000004,3.99990174834936,3.999935226749612,3.99993620304024
70_5,3.999949631793881,2.9999999999999996,3.999946143777493,3.999943159878984,3.999948241652531
70_6,3.9999381233972917,3.999944468550425,3.9999495520360484,3.999943890982621,3.9999494399458135
70_7,3.9999431218192014,3.9999470780019846,3.999949154275414,3.9999449511349985,3.9999473082963495
70_8,1.0027045558397079,2.000051510021737,2.0000986206434987,2.000051345150945,2.0000503196852737
70_9,3.999947282811188,3.999904439977828,3.999894076483309,3.999925658066002,3.0
70_10,3.9999410875481844,3.9999495805133605,3.9999492227071882,3.999944240249795,3.9999471547962866
70_11,3.999941062838643,3.999949559325463,3.9999492227071882,3.999944242961204,3.9999476761311956
70_12,3.999948020207685,3.9999462883622887,3.9999483252939143,3.99994067137222,3.9999455282244853
70_13,3.0000000000000004,3.9998731724565255,3.9999336956185316,3.9999388543411554,3.9999351680648383
70_14,3.9999495067754967,3.9998810893498065,3.999949733293721,3.9999488248182313,3.9999451011245135
70_15,3.0000000000000004,3.0,3.9999352746117696,3.0,3.0
71_0,2.000051541274772,2.00007000853877,2.000080403037951,2.0003095327952436,2.000145425693433
71_1,3.0,3.9995721990975635,3.0000000000000004,3.000000000000001,4.765938615571929
71_2,3.9999195929082867,3.999944438608347,2.9999999999999996,4.543192592844283,3.0
71_3,3.0,3.0,2.9999999999999996,4.6862691611751135,4.0366040802493846
71_4,3.0,3.0000000000000004,3.0000000000000004,4.007268604226807,4.563738001569822
71_5,3.0,3.0000000000000004,3.0,4.5156802041574045,3.999942476653833
71_6,3.0,3.0000000000000004,3.9999232109100387,3.9999418689526163,3.999942606157199
71_7,2.9999999999999996,3.9999438591864793,3.0,3.9999438462175974,4.544779450618917
71_8,1.0001023890559628,2.0000667061024093,1.0001829188690046,2.0000515086977435,1.000444514406239
71_9,3.9999315086369247,3.99994761544338,3.9999411470946042,4.54391496164366,4.507294137138778
71_10,3.0,3.9996960080920925,4.038063532947296,4.581589292875019,4.600910364544836
71_11,3.9999447049355332,3.999949266011358,3.9999488026111525,4.514060333512402,3.9999485618012383
71_12,4.999882608440655,3.9999472019934044,3.9999493363554333,4.515945827709788,3.9999477749971746
71_13,3.999949044702215,3.9999454720882843,3.999916836722633,3.9999444283456667,4.5501420428340245
71_14,3.9999472393809006,3.999946404675851,3.0,4.5217370579834295,4.521774565896018
71_15,3.0000000000000004,3.0,2.000107225663812,3.0,2.0002740210325487
72_0,2.0000804489196273,2.0000515077801104,2.0001625733424815,2.000244129880901,1.0002281285145393
72_1,3.0000000000000004,3.0000000000000004,3.999837422219783,3.0000000000000004,3.999719259518892
72_2,3.0,2.9999999999999996,3.9999400741111115,3.9999363291325922,3.9999311054545803
72_3,3.0,3.000000000000001,3.0,3.999907107260534,3.9998610613389505
72_4,3.99972243472561,3.000000000000001,2.9999999999999996,3.9999182397818105,3.9999271089652826
72_5,3.0000000000000004,3.0,3.0,2.9999999999999996,2.9999999999999996
72_6,3.0,3.0000000000000004,3.0,3.9999335202453334,3.999855318416269
72_7,3.9999496051167953,3.9999461984281526,3.999943478557058,3.999946427288141,3.999948083264898
72_8,2.0000538390646954,1.000338735945634,1.0001513634773034,2.0000541061544266,1.0004850061468178
72_9,3.9996612596189385,3.0,3.0000000000000004,3.999903849672112,2.9999999999999996
72_10,3.999949015355616,3.9999432600111766,3.9999471724258293,3.9999457272995533,3.999947718278265
72_11,3.999949170343538,3.9999418986154964,3.9999486538654163,3.999946478467087,3.9999480027565415
72_12,3.9999474494179132,3.9999493087967495,3.9999483378873624,3.999944767919951,3.9999468856257554
72_13,3.0,2.0008673054488786,3.0000000000000004,3.9999149483208476,3.0
72_14,3.0,2.0001901560534527,3.0000000000000004,2.9999999999999996,3.0
72_15,2.0000514308080306,3.0,2.000052487162339,2.000050627437968,2.0000510356801584
73_0,3.0,3.000000000000001,2.9999999999999996,2.460029590201117,3.0
73_1,3.9999495202684727,3.0000000000000004,2.9999999999999996,3.0,3.9999134621472088
73_2,3.9999496806007824,3.999948409322115,3.9999477098808702,3.9999449588236238,3.9999460249153658
73_3,3.999949801720661,3.999934137371015,3.999938379026134,3.9999397604241422,2.9999999999999996
73_4,2.0000562001909326,2.0001129104100706,2.999999999999999,2.0000503803769494,2.0000501093152367
73_5,3.0,3.0,3.999766612916354,3.0,3.0
73_6,3.99994791599685,3.9999375573053833,3.9999486910739335,3.9999340441526017,3.9999468434306538
73_7,3.9999496963176857,2.9999999999999996,3.999945575581919,3.9999244457939005,3.9999409444669194
73_8,3.0,2.000125689571495,2.9999999999999996,3.0,2.000292735212796
73_9,3.999949780664235,3.0,3.9999364736536465,3.9999456938038764,3.999944359371772
73_10,3.9999486892919656,3.999929100306959,3.999949105910991,3.99994676414658,3.9999473455109555
73_11,3.9999315209786492,3.9999484944251606,3.999947724655039,3.9999393337153615,3.9999459451662798
73_12,3.9999467579839028,3.9999484817780173,3.999948209617435,3.9999451923296347,3.9999483877000745
73_13,3.9999493958594856,3.9999492066981803,3.999946343925909,3.999945347635355,3.999944847998176
73_14,2.9999999999999996,3.0,3.0,3.0000000000000004,2.9999999999999996
73_15,3.0000000000000004,3.0000000000000004,3.000000000000001,2.9999999999999996,3.0
74_0,3.9999471874627996,3.9999427692815654,3.9999492593654455,3.9999478154232384,3.9999443487267308
74_1,3.999945834925305,2.999999999999999,3.9999493948282043,3.999946152407428,3.9999472423310674
74_2,3.0,3.0000000000000004,3.9999399682421997,3.999934953200923,2.9999999999999996
74_3,2.9999999999999996,3.0,4.634933143032417,3.999934684969753,3.9999374478285064
74_4,3.9999354261942353,3.9999179205549997,3.9999481898477502,3.999942282680074,3.9999389009898825
74_5,3.999940961656442,3.9999486625253953,3.9999493452950983,3.9999421843828635,3.9999477514145014
74_6,3.99994118409382,3.9999485566581963,3.999948915387741,3.999944726207267,3.9999475086002745
74_7,3.999949806244526,3.9999483348183067,3.999949166177233,3.9999471004054246,3.999947868037154
74_8,2.0000605861297798,2.9999999999999996,3.997822563954614,2.0000541021674465,2.0000519372204306
74_9,3.999938759739042,3.9999496422175937,3.9999493827352954,3.9999457521762602,3.9999478639306245
74_10,4.950462160162508,3.9999467116995207,3.9999483716860524,4.9846250671701196,3.9999475739387553
74_11,4.980334348326277,3.999943791494571,3.999947478913653,4.984551647016274,3.9999477767373666
74_12,3.999943219609407,3.999948595004699,3.999949605372866,3.999943128381697,3.999946647778194
74_13,3.99994947712443,3.999946326713917,3.9999491278254635,3.999941549032315,3.999946254390604
74_14,2.9999999999999996,3.0000000000000004,3.0000000000000004,2.9999999999999996,3.0
74_15,3.0000000000000004,3.0000000000000004,2.0000999922395466,3.0,3.0
75_0,1.000160708897823,1.0003491814508794,2.0000506277543275,2.000050711896097,2.0000501225759955
75_1,2.0000521460824436,1.0015941534487998,2.000085346643809,2.0000500180583844,1.5524498126169493
75_2,3.0,3.999939259299538,3.999947713039175,3.9999494874469037,3.9999298850560416
75_3,3.0000000000000004,3.0,3.0000000000000004,3.000000000000001,1.000168025795694
75_4,3.0000000000000004,3.9984218649200636,3.0000000000000004,3.000000000000001,2.000658784281728
75_5,3.9999492914178356,3.9999491823524242,3.9999372273150384,3.9999312943223875,3.9999424239487964
75_6,3.9998850922635043,3.9999459031367817,3.999939186117522,3.999899602301465,3.9999413371361205
75_7,3.9999458585261203,3.0000000000000004,3.999931132827702,3.9999311163081517,3.999911052496722
75_8,2.0001025470373643,3.0,2.0000502070999193,2.0000510673163463,3.0
75_9,3.0000000000000004,3.999722198525092,3.9999422774526208,3.999942522962355,3.9999278081506042
75_10,3.9999466742588003,3.999946229710854,3.9999465188037826,3.999941852788365,3.999941909718256
75_11,4.999870372593213,3.9999476238408045,3.9999451301194253,3.999927464846833,3.9999399793441137
75_12,3.999943078163521,3.9999471430911715,3.999945780087322,3.9999393315447884,3.9999443355616737
75_13,3.000000000000001,3.9999166990825876,3.999941893900016,3.999932333308958,3.999935994957452
75_14,3.0,3.0000000000000004,3.0,3.0,2.9999999999999996
75_15,2.000065008936622,3.0000000000000004,2.0001149171308725,3.000000000000001,2.000200030622659
76_0,2.000052410821433,2.0000692920076832,2.000076673961397,2.000050488289585,2.000050057280054
76_1,3.9998856329083035,3.0,3.0000000000000004,2.9999999999999996,2.9999999999999996
76_2,3.0,3.000000000000001,3.0000000000000004,2.9999999999999996,2.999999999999999
76_3,3.999949727542142,3.999948226805636,3.9999476940997694,3.999946149778638,3.999947708730418
76_4,3.999949764530033,3.9999463866773635,3.9999481035883844,3.9999476434306063,3.9999479271059175
76_5,3.0000000000000004,3.0,3.0,3.0000000000000004,3.0
76_6,3.999337309401476,3.0000000000000004,3.999933051039546,3.9999381656882473,3.999938732489749
76_7,3.9999494242645346,3.9999496121313047,3.999949075509253,3.9999426920047023,3.9999484681780846
76_8,2.000080842306961,2.0000505604002075,1.0002614750036283,2.0000598595016235,3.980673261305512
76_9,3.0,3.0000000000000004,2.0001867001649667,3.0,2.9999999999999996
76_10,3.0,3.0000000000000004,2.0004559618617006,2.9999999999999996,2.000073614082256
76_11,3.9999495863962298,3.999945454352061,3.999947109679105,3.9999437284005763,3.9999459320007316
76_12,3.0,3.000000000000001,3.0,3.0,3.0
76_13,3.999949221675526,3.9999469505978733,3.9999473506306664,3.999942989620595,3.9999482628220777
76_14,2.0000531732149387,2.0000786989681596,2.000105585234182,2.0000501349905475,2.0000500947019586
76_15,3.0,3.0000000000000004,2.999999999999999,3.0,3.0
77_0,3.0,3.0000000000000004,3.0,3.0000000000000004,3.0
77_1,3.0,3.0000000000000004,3.0000000000000004,3.0,2.9999999999999996
77_2,3.0,3.0000000000000004,3.0000000000000004,3.0000000000000004,3.999876201378954
77_3,2.0000587576247884,2.0000940621197967,2.000097136955285,2.0000510371939395,2.000050022695094
77_4,3.0,3.99988515230916,3.0,3.999940711869617,3.9999324676989074
77_5,2.000050880285506,2.0000500113357917,2.000050094594655,2.0000500128317333,2.0000500199836293
77_6,3.9999496877647114,3.999947072846291,3.9999481155621215,3.9999425507117645,3.9999484317490746
77_7,3.9999490642334257,3.99994986822142,3.0000000000000004,3.999945486087553,3.999948962358992
77_8,2.0000544490385237,2.000365416401575,2.0000918219150527,3.0000000000000004,2.000306177663546
77_9,3.99992634366909,3.999944392597632,3.9999499555811884,3.9999441139388603,3.9999425054995568
77_10,3.9999353795155224,3.9999263843535213,3.9998796994180656,3.9999337688749663,3.999938922236607
77_11,3.9999458455461165,3.999943244539612,3.999914831816708,3.9999430151931086,3.9999383777684994
77_12,3.000000000000001,3.9999334116515977,2.9999999999999996,3.9999489641170856,3.999942675901351
77_13,2.000051048095131,2.0000917522537747,1.0002971077702618,2.0000502040902948,2.000101255223823
77_14,3.9999195656450035,3.0000000000000004,3.0000000000000004,3.9998321857446206,2.9999999999999996
77_15,3.0,3.0000000000000004,3.0,3.999929628156255,3.0000000000000004
78_0,3.0,3.0,3.0000000000000004,3.0000000000000004,3.0
78_1,3.0,2.000236401933869,2.9999999999999996,3.0000000000000004,2.0004462680262622
78_2,4.999895974878685,3.9999465771943834,3.999945221473463,3.999932787188026,3.99994304847752
78_3,3.9999473841735864,3.999947910519584,3.9999487008903496,3.999943620033842,3.999947300130902
78_4,3.9999495845843556,3.999932619790325,3.9999483108412983,3.9999400104492655,3.9999472932351217
78_5,4.999852172967138,3.9999484947463353,3.999949117246892,3.999938031852708,3.9999473868199313
78_6,4.999891432309072,3.9999442845976465,4.998644637542313,3.9999293113973327,3.999946699242456
78_7,4.9997344499698695,3.9999484188102334,3.9999490538331304,3.9999410144908625,3.9999463133814626
78_8,1.000315565148004,2.0000805818902747,1.0001960700816739,2.0000504253213855,3.0
78_9,3.9999196046967564,3.9999492700690396,3.999947280152547,3.9999447677054385,3.9999455783769635
78_10,3.000000000000001,3.0,2.0000999921325637,3.9998540518473087,3.999892346144465
78_11,4.999895974878685,3.9999464422838833,4.9998907032930315,3.999932787188026,3.999945263788869
78_12,4.999852450967446,4.9982751127018235,3.9999487085188266,4.999899138759714,3.999946948649681
78_13,3.9999491365507183,3.9999435824686143,3.9999483108412983,3.999932886796814,3.999946773116215
78_14,3.999948473279633,3.0000000000000004,3.9999316605886976,3.999920792931961,3.9999392418847446
78_15,3.9999497750439144,3.9999448845565055,3.9999489023171164,3.9999499335537765,3.9999448753720386
79_0,2.000065429869878,2.0000940438034203,3.0000000000000004,3.0000000000000004,2.0000736142272673
79_1,3.999659972687055,3.0,3.999558298028776,3.999409148207264,3.000000000000001
79_2,3.0,3.0000000000000004,3.0,3.0,3.999710266193879
79_3,3.0,3.0000000000000004,2.0004174962877395,3.0,2.9999999999999996
79_4,3.0,3.0,2.9999999999999996,3.0000000000000004,2.999999999999999
79_5,3.999909616475834,3.9998729512639497,3.999940253052794,3.9999411341855895,3.9999188682725997
79_6,3.999934162868062,3.9999464509548748,3.9999487871205957,3.9999328148893087,3.999943883842615
79_7,2.0000521150309227,2.000059116998204,2.0000645563502073,2.0000500243279706,2.0001549664163303
79_8,2.0001144294902513,3.0,1.0001280074853727,2.000073624167482,1.0001999898543172
79_9,3.0,3.0,3.0000000000000004,3.0000000000000004,3.0000000000000004
79_10,3.000000000000001,3.0000000000000004,3.0,3.0,3.999835356425659
79_11,3.9999472490896615,3.9999482536376214,3.999947510400413,3.999942157314291,3.9999465518045225
79_12,3.0000000000000004,3.0,3.99984427506438,3.0,3.0
79_13,2.000052982043746,2.000071836543182,2.0000501160500863,2.0000501898404206,2.000050433129129
79_14,3.0000000000000004,3.0,2.999999999999999,2.9999999999999996,3.0000000000000004
79_15,3.0000000000000004,3.0000000000000004,3.9998767253317675,3.9999200110074424,3.999921323946562
80_0,2.0000525636940156,3.0,1.000488282901344,2.000050124137682,2.0000500190181096
80_1,2.0001156284737203,3.0,2.9999999999999996,2.0010688761396698,2.000379944809257
80_2,3.0000000000000004,3.0,2.9999999999999996,1.9366230465662673,2.9999999999999996
80_3,3.99994672346399,3.999904929092702,1.5789167755056535,3.9999484899672413,3.9999376450331208
80_4,3.9999496146761233,3.999943687713469,3.999946666957785,3.9999499673935426,3.9999482433154827
80_5,3.9999497274526354,3.999935723114823,3.99993678519549,3.9999347470176496,3.9999447024271824
80_6,3.999949635447135,3.999945746848551,3.9999490991225617,3.999945224447726,3.9999429084071023
80_7,3.0,3.0000000000000004,3.0,1.7002987673126424,2.999999999999999
80_8,1.0001065717386135,1.000217206062512,2.0002348221760484,2.000073615372646,1.6116840822919394
80_9,3.9998857176460363,3.9999043379629353,3.9999149722664,1.8089613713292247,2.2546934168851958
80_10,3.999941125364302,3.999749844765987,3.9998481784009954,3.9999411494538593,3.9999285502743938
80_11,3.9999497327692013,3.9999432573353775,3.999946224334863,3.9999334299672236,3.999940018917586
80_12,3.0,3.0,3.0000000000000004,2.0003039435887877,2.9999999999999996
80_13,3.999947912212082,3.9999451777755892,3.9999476390026008,3.999936790242735,3.9999422586680926
80_14,2.0000530726686687,1.0028380577831222,2.0000877085719306,2.0000505582189394,2.0000504935939745
80_15,3.0,3.0,3.9997669735964902,3.0,2.9999999999999996
81_0,3.0,3.000000000000001,3.9999363750242236,3.999869295074427,3.0
81_1,3.9999474808270907,3.999949105607216,3.9999493995782993,3.999946868277143,3.9999484676536645
81_2,3.0000000000000004,3.000000000000001,3.0000000000000004,3.9994582825597536,3.0000000000000004
81_3,3.0,3.000000000000001,3.0000000000000004,3.0,3.999791785620406
81_4,3.0,3.9998469199428515,3.0,3.9999344912090233,3.9999330961187676
81_5,3.0,3.9997527339770524,3.000000000000001,3.0000000000000004,3.0000000000000004
81_6,4.9998959326460986,3.999945473625883,3.999946756702939,3.999921157892779,3.999941153083478
81_7,3.99994121121101,3.9999490909341686,3.999948990627156,3.9999450567826624,3.9999471321660387
81_8,2.000054010485958,2.000139802212716,2.0001063164132784,3.9993953613677578,3.0000000000000004
81_9,3.999938672027401,3.9999478210134485,3.999945345925331,3.999938346354424,3.9999467220754314
81_10,3.9993246769958835,3.0000000000000004,3.0000000000000004,3.999917621285837,2.002723944444012
81_11,4.999897560521415,4.999891796118029,3.999942121144884,3.999938440466155,3.9999433907014557
81_12,3.999948464941712,3.9999494233169774,3.999949723554648,3.9999447738085525,3.999948207227405
81_13,4.999889329772391,3.999943029800335,3.9999483255980577,3.999907807457009,3.999941448869776
81_14,3.0,3.999928359194479,3.0000000000000004,2.999999999999999,1.9369799530755656
81_15,3.9999497084644116,3.9999440081966666,3.99994726467507,3.9999424738036122,3.9999469729896533
82_0,3.0000000000000004,3.000000000000001,3.999919844749994,3.0000000000000004,2.999999999999999
82_1,3.999843561783854,2.9999999999999996,2.9999999999999996,3.99991785362999,3.9999288517431064
82_2,3.9999497905815775,3.999948580086756,3.999948541705043,3.9999460367216937,3.9999463061285447
82_3,3.0000000000000004,3.0000000000000004,3.999823658840933,3.0000000000000004,3.9998841039076294
82_4,3.999947909017677,3.9999433459953426,3.999942473148415,3.9999445977731574,3.9999447026533392
82_5,3.9999467468689454,3.999947833046433,3.999946731771784,3.999934588258587,3.999947510930743
82_6,3.9999496975809357,3.999948916823906,3.9999485940389325,3.999945506762801,3.9999454252675126
82_7,3.999949745446388,3.9999478129314694,3.9999488202349136,3.9999433745079154,3.999943823070086
82_8,2.9999999999999996,3.999945322480196,3.9999375826088883,3.0000000000000004,3.9999404771515734
82_9,3.9999494171780077,3.9999465449507143,3.9999488299203945,3.9999474261976498,3.9999470476007515
82_10,3.9999445216163148,3.9999480852851668,3.9999471676224143,3.999943362516175,3.999942033768159
82_11,3.999944586383789,3.9999472253267787,3.999946875518461,3.999945651988766,3.9999442817309205
82_12,3.0000000000000004,3.000000000000001,3.0000000000000004,3.0000000000000004,3.9998133481022453
82_13,3.0000000000000004,3.99989555995759,3.0,3.0000000000000004,3.999915543134409
82_14,3.0000000000000004,2.000114190961572,3.0,3.0000000000000004,2.0001858875431853
82_15,3.000000000000001,3.0000000000000004,3.0000000000000004,3.0000000000000004,2.9999999999999996
83_0,3.9999440131912487,3.9999316770200855,3.9999479803765277,3.9999373100202553,3.9999420635549243
83_1,2.000073821635041,2.9999999999999996,2.0000803213968017,2.000185888230868,2.9999999999999996
83_2,3.999919477408462,3.0000000000000004,3.999745888309839,3.9999385433462717,3.0000000000000004
83_3,3.0,3.0,3.999833511405482,3.9999308907865765,3.9999309409810095
83_4,3.9998997006491637,3.000000000000001,3.0,3.9998971216286954,3.999908687126262
83_5,3.999659856545496,3.0,3.0000000000000004,3.999923537394566,3.0000000000000004
83_6,3.9999498550386665,3.9999312786682504,3.9999482939205917,3.999938256603564,3.999946875095341
83_7,3.0,2.0047860075727026,3.0,3.999884445537273,2.9999999999999996
83_8,2.000053473835567,2.0000934734205695,2.9999999999999996,2.0000506275990584,2.0000501280947747
83_9,3.99994939757001,3.9999483639262086,3.999949346040016,3.9999426163851224,3.999946289506608
83_10,3.9999444976227854,3.9999376065202084,3.9999402523430296,3.9999497326502986,3.9999463114027303
83_11,3.99994216928709,3.0,3.9999208128091808,3.9999281790951877,3.0
83_12,3.999947858429374,3.999799244893734,3.9997061225111805,3.9999334723958238,2.9999999999999996
83_13,2.0005257399111875,3.0000000000000004,3.0000000000000004,2.0006925073460597,3.0
83_14,3.0000000000000004,3.0000000000000004,3.9999195923567283,3.9999284003057274,3.999903493670451
83_15,3.0,3.0,2.000756617338516,3.000000000000001,3.0000000000000004
84_0,3.0,3.0,3.0000000000000004,3.99986033147113,2.9999999999999996
84_1,3.0,3.0,2.9999999999999996,3.0,3.0
84_2,3.999949636931241,3.9999244291106986,3.999940042154638,3.9999417248223033,3.9999445137317386
84_3,3.0,3.9998739531210594,3.0000000000000004,3.9999328361448594,3.9999446559996104
84_4,3.0000000000000004,3.0000000000000004,3.0,3.0,3.999783443226786
84_5,2.000100090619408,2.999999999999999,2.000101437131494,2.000050561336051,2.0000541028228165
84_6,3.9999463608164083,2.9999999999999996,3.9999366505696514,3.99993097181763,3.999912408353864
84_7,3.0,3.0,3.0,3.0000000000000004,3.0
84_8,2.0000624181344713,2.000074127516167,3.0,2.0000528232178443,2.0000626407272493
84_9,3.0,3.0000000000000004,3.0000000000000004,3.0000000000000004,3.0000000000000004
84_10,3.9999446200627045,3.999939261908776,3.999938553155946,3.9999423325464916,3.9999296428623095
84_11,3.9999483840588486,3.9999114138049006,3.999940156787341,3.999941048402666,3.999925545858886
84_12,2.0000541256374698,2.0000531941465063,2.0000873464265214,2.0000515077680063,2.000167203533475
84_13,3.0,3.0,3.0,3.0,2.0001558319576476
84_14,3.0,3.0000000000000004,3.0000000000000004,3.0,3.0
84_15,2.000422541604863,3.0000000000000004,3.0000000000000004,3.0000000000000004,3.0
85_0,2.000054540313596,2.000073918704297,1.0001095233683068,2.000052487198134,3.0
85_1,4.999871200180182,3.999948144945268,3.9999487490237406,3.9999395777220945,3.999946061144827
85_2,3.99994920729411,3.9999489010659226,3.999947447677798,3.9999453909512397,3.9999485002954986
85_3,3.9999497148890746,3.9999462095666733,3.9999447365884615,3.999942484757929,3.999947392857536
85_4,3.9999497264336314,3.9999485234972965,3.999949533082981,3.9999467587111526,3.9999485958031857
85_5,3.9999494831917692,3.9999485649541735,3.9999489216279587,3.999942538934569,3.999948777244822
85_6,3.999885374207937,3.9999484563479824,3.9999482120549983,3.9999327500762916,3.9999475950071304
85_7,3.999941226689096,3.9999494290624353,3.9999492801059766,3.9999466633402365,3.999947236752201
85_8,3.0,2.000068006244304,2.0000814145376022,2.000050629941405,2.0000509140188147
85_9,3.999949829821947,3.9999419995218797,3.9999472746162734,3.999942895099251,3.9999484489336643
85_10,3.0,3.0,3.0000000000000004,3.9999340536002608,3.0
85_11,4.9998863900135895,3.9999462626454783,3.999944229968657,3.9999175882854336,3.9999465489969355
85_12,3.9999480415686484,3.999949220197103,3.99994963092337,3.99994597405956,3.999949246629734
85_13,3.0000000000000004,3.0000000000000004,3.0,3.0000000000000004,2.9999999999999996
85_14,3.0000000000000004,3.9998550421323293,3.000000000000001,3.9999285163989886,3.0
85_15,3.9999498722747746,3.9999483341568087,3.9999488227204507,3.999947763953857,3.9999471025868667
86_0,2.9999999999999996,2.000069945760889,2.0000983102027945,2.9999999999999996,1.2781997450599967
86_1,3.0,3.0,2.9999999999999996,3.0,2.000068390338296
86_2,3.9999487971039325,3.0,3.9999486907817916,3.99994632111177,3.9999463082557623
86_3,2.000058926612458,2.0000610736281605,2.000080993992734,2.0000501872889664,2.000050913977016
86_4,3.0,3.0000000000000004,2.0003577741584904,3.0,3.0
86_5,3.0,2.9999999999999996,3.0000000000000004,3.0,3.999638453549749
86_6,3.9999474450073436,3.9999443888611337,3.999919814672031,2.453527684376981,2.430622701771556
86_7,3.999949531420388,3.999949243238672,3.999948851954724,2.4986908161364147,2.4144109535535887
86_8,2.000057062074679,2.9999999999999996,2.0001698942323545,2.0004696475016503,2.00005014542047
86_9,3.999949226527728,3.999902109922567,1.8089720559846294,2.336364575474433,3.999938910406498
86_10,3.000000000000001,3.000000000000001,3.0,3.0000000000000004,3.0000000000000004
86_11,3.0000000000000004,3.0000000000000004,2.0000510363773847,2.0000611535375854,1.4373916132059867
86_12,4.999822106114099,3.999946953411632,3.999949545968653,3.999940446119275,2.461621839467699
86_13,2.0000613107187957,3.0000000000000004,3.998076361143658,3.0,3.9976693023860297
86_14,2.0000532809999947,2.000073531903862,1.0002200317203627,2.9999999999999996,2.0000511738465785
86_15,3.0,3.999928452752477,3.999944541549393,3.999911061701658,1.9403805350755012
87_0,3.0000000000000004,3.0000000000000004,3.0000000000000004,3.0000000000000004,2.9999999999999996
87_1,2.9999999999999996,2.0000966065667027,2.00005003257664,2.0000502065635106,2.000129146228044
87_2,2.999999999999999,3.0000000000000004,2.999999999999999,3.0,2.000088934977686
87_3,3.0000000000000004,3.0,3.9994607551599457,3.0,3.0
87_4,2.9999999999999996,3.0000000000000004,2.0001609218043437,2.0000576654202846,2.0000519368269196
87_5,3.0,3.0,2.0004853609501567,3.0,2.0005609723553253
87_6,3.0000000000000004,3.0,2.000889115154917,3.999136064668493,3.000000000000001
87_7,3.999947467637479,3.0,3.0,3.9998482850356143,3.9998890370167897
87_8,2.0000562274567835,3.0,1.0001967690301834,2.0002226929986207,1.962661317309045
87_9,2.9999999999999996,3.0,3.999839476832388,3.999260163688425,3.0
87_10,3.0,3.0,3.9999193609493062,3.0000000000000004,3.0000000000000004
87_11,3.0,3.0000000000000004,3.999905607569116,3.0000000000000004,3.0
87_12,2.9999999999999996,3.0,3.0,3.0,3.0
87_13,3.0000000000000004,3.000000000000001,2.0004760160727972,3.0,2.0005609723553253
87_14,2.000186115342422,3.0,2.0000918996042505,3.0000000000000004,2.0001433959782458
87_15,3.0000000000000004,3.0000000000000004,2.0000863937692483,2.9999999999999996,2.000200837258863
88_0,2.999999999999999,3.0000000000000004,2.0001301705695043,2.0000999923165343,2.000217496638008
88_1,3.0,3.0000000000000004,3.0000000000000004,2.0027742915757623,2.0005387781496546
88_2,2.9999999999999996,2.000100421498719,2.000084066936921,2.000050806758913,2.000195285124027
88_3,3.0000000000000004,3.0,2.0000992726379936,2.0000803218931575,3.0
88_4,3.0000000000000004,2.9999999999999996,2.0000939372985282,3.0,3.0
88_5,2.0001337821878904,2.9999999999999996,2.0000531942774646,3.999760855213134,2.9999999999999996
88_6,3.0,3.999780089606384,2.9999999999999996,3.0,3.0
88_7,3.0,3.0,3.9993180214036728,3.9997522926473095,3.9999052294946225
88_8,2.000224921230052,2.0000705657148554,1.000113987064211,2.0007307909214913,1.0004277358264164
88_9,3.0000000000000004,3.0000000000000004,3.0,3.9998240455364122,2.999999999999999
88_10,2.0000518551264452,2.0001302342188225,2.00008663389584,2.000051177547658,2.0001295634405114
88_11,2.000080425711738,3.0,2.0000517150484938,3.0,3.999612114013008
88_12,3.000000000000001,3.0,2.0000840431467415,2.0002244822868156,3.0000000000000004
88_13,3.0000000000000004,3.0,2.9999999999999996,3.0000000000000004,3.0000000000000004
88_14,1.0001608308918142,2.000123072658743,2.0001678070908255,2.0000500182253242,2.0000501225759955
88_15,3.0000000000000004,2.0001674831601712,2.0001506362648978,3.0,3.0000000000000004
89_0,2.0000572303910915,2.0000932727395404,2.000077823543,2.0000503798521763,2.000051173822681
89_1,2.0000512949733307,3.0000000000000004,2.000069396832581,2.0000505539811697,2.0000524874067622
89_2,3.0000000000000004,3.0,3.0,3.000000000000001,2.000088934177332
89_3,3.0,3.0000000000000004,2.000072609911592,2.0000515083344172,2.0000515097709455
89_4,2.0000644337192637,3.0000000000000004,2.0001096612208107,2.0000510363773847,2.0000643221754357
89_5,2.9999999999999996,3.0000000000000004,2.0000697943156256,2.0000507119975675,2.0000515097709455
89_6,1.001063971949838,2.0000661043543944,1.0004001480141238,1.00345862081365,2.0000503867184056
89_7,2.000053326378953,2.0001997425722253,3.0,2.000057665141198,2.0000611535375854
89_8,2.0000557198361646,3.0,2.000113881598156,2.00005044068634,2.0000501621621622
89_9,2.000052568682653,3.0000000000000004,2.503143111913188,2.935388996658699,3.0
89_10,2.9999999999999996,3.0,2.000092307075578,2.0000517110613756,2.0000683905482433
89_11,3.0000000000000004,3.000000000000001,2.9999999999999996,3.0,2.9999999999999996
89_12,3.0,2.9999999999999996,3.0,2.000052487609303,2.000124189676832
89_13,1.0001782702532118,3.0,2.0001035419586803,2.0000531961366113,2.000051036204633
89_14,2.0000543213875748,2.0001411157543547,2.0000666092606454,2.00005091492475,2.0000524872100476
89_15,2.000062014883476,2.999999999999999,2.0000596005596334,2.0000528191171414,2.000051330751139
90_0,2.000070514227112,2.0001667928064637,2.000278932532756,2.000099993792314,2.9999999999999996
90_1,3.0000000000000004,3.0,2.9999999999999996,3.0000000000000004,3.0
90_2,3.9999480086806796,3.9999466415561606,3.9999480494409854,3.9999458286610228,3.9999477178549037
90_3,3.0,3.0,3.0000000000000004,3.0000000000000004,3.0
90_4,3.999867325698978,3.0000000000000004,3.999777337280172,3.999918259750452,2.9999999999999996
90_5,3.0,3.0,3.0000000000000004,3.000000000000001,2.0007979590133194
90_6,3.0000000000000004,3.0,2.9999999999999996,2.9999999999999996,3.999869688980448
90_7,3.9999474406266238,3.9998037240705826,3.0000000000000004,3.9999172287990503,3.9999207368101097
90_8,3.0,3.0000000000000004,3.999898386336315,3.0000000000000004,3.9995314214397273
90_9,3.0,3.999566136896467,3.0000000000000004,3.999851698411999,3.0
90_10,2.9999999999999996,2.000302107039674,2.9999999999999996,2.000080323233655,3.0000000000000004
90_11,3.999949694767858,3.9999404972730788,3.999939303832523,3.9999443206854193,3.9999482048133355
90_12,3.999867314501983,3.0,3.0000000000000004,3.9999318906033725,3.0
90_13,3.0000000000000004,2.9999999999999996,3.0000000000000004,3.0000000000000004,3.9998721730892957
90_14,2.9999999999999996,3.0,2.0000524871861676,2.000080321428928,2.0000576651169792
90_15,3.999935508653564,3.999546180344844,3.0000000000000004,3.999899479681023,2.999999999999999
91_0,2.000132557598115,1.0001473708185982,2.0008143960342686,2.000053194444541,1.000283565618037
91_1,3.9999491832703487,3.99993067877011,2.9999999999999996,3.0,3.0000000000000004
91_2,3.9999487395232154,3.999941563330511,3.9999420481552437,3.99994198696516,3.999932170216705
91_3,2.000052860687862,2.0000501735872867,1.0001094200705067,2.000052511556401,2.0000519403010504
91_4,2.9999999999999996,3.9999401498915406,3.999945934831536,3.999936532797883,3.999914861827752
91_5,3.0,3.0,3.999446877547814,3.0000000000000004,3.0000000000000004
91_6,3.999948640068347,3.0000000000000004,3.0000000000000004,3.0,3.999807774567044
91_7,3.0,3.0,3.9995175688646043,3.0,3.0
91_8,3.9999495375354015,3.9999468436452905,3.999949234042585,3.9999451327659483,3.9999448561630166
91_9,2.999999999999999,2.0001144227935024,2.999999999999999,3.0,2.9999999999999996
91_10,3.000000000000001,3.0000000000000004,3.0,3.0,2.9999999999999996
91_11,3.9999309762999276,3.999948876718763,3.9999498741457873,3.9999137375465703,3.999940220249663
91_12,3.0,3.0,3.9995945177631635,3.000000000000001,3.000000000000001
91_13,2.9999999999999996,3.0,2.0000736146969,2.000088938200518,2.0002730066015215
91_14,2.9999999999999996,3.0000000000000004,3.0000000000000004,3.0,3.0000000000000004
91_15,2.0000597995194322,2.000073614356821,2.000068016161158,3.0000000000000004,2.000064322395407
92_0,3.0,3.0,3.9999475294242757,3.0000000000000004,3.9999468050551314
92_1,3.99994462322716,3.999948351213452,3.9999468006150596,3.0,3.9999418016219592
92_2,3.9999196236320294,3.9999480558006906,3.999948469924448,4.999822131958363,3.999944650516651
92_3,2.0000521653917778,2.0000858250003204,2.0000502978652746,2.000050809035827,2.000050173897172
92_4,3.9999474632324836,3.9999485747406203,3.9999487584050133,4.999811763504217,3.999946246368281
92_5,4.9998527353219995,3.999948309267921,3.9999466899154714,3.9999340704307027,3.9999419831560763
92_6,3.99994797098372,3.999949014056105,3.9999477290771606,3.999899642860721,4.996979151244186
92_7,3.999949429878611,3.9999489641231074,3.999948770486118,3.9999453509140372,3.9999442412620585
92_8,2.0000655803159906,2.0000712636908418,3.000000000000001,2.0000506286657247,2.0000504544424325
92_9,3.999949738747304,3.9999486112572624,3.999948472844351,3.999938907992308,3.999939499396889
92_10,3.9999483546223287,3.9999486400736886,3.9999476124517375,3.999914085271845,3.9999439456589596
92_11,4.999882554061891,4.99944551466053,3.9999417009402705,3.999908472215629,4.999894362791205
92_12,3.9999496056113233,3.999949379975704,3.9999478494481115,3.99994949878317,3.999947148508393
92_13,2.0000643943192395,2.000060215522135,1.000498028674494,2.0000508090238878,2.0001693085092835
92_14,3.0000000000000004,3.9998960699270087,3.9999026565421087,3.0000000000000004,3.999903750569823
92_15,3.0000000000000004,3.9999450109500705,3.999946156411752,3.9999218097389138,3.9999458975585913
93_0,2.0000506176816244,2.00007357089999,1.0001289045454675,2.0000500274272768,2.000050025704855
93_1,2.0000532670238877,2.0000847368111656,2.0000761734033876,2.0000643227459465,2.0000611537461093
93_2,3.9999493633774503,3.9999491695805083,3.999948739434128,3.9999215953199796,3.9999499344778626
93_3,2.0000532968114713,2.0000635465556367,2.00006015171493,2.000050171924593,2.0002255371881184
93_4,3.0,3.9999153048772778,3.999903757657786,3.000000000000001,3.999899486425168
93_5,3.999910909506818,3.999932829655523,2.9999999999999996,3.999873941907301,3.999912850208184
93_6,4.999771570755542,3.999946276984589,3.99994601981362,3.999932832564451,4.999892760563445
93_7,3.9999458207160163,2.9999999999999996,3.9994757812062853,3.999930892337284,3.99993916897129
93_8,3.999949226116275,3.999947501084858,3.0000000000000004,3.9999327209402273,4.704815129682237
93_9,3.9999467771629953,3.999948757540596,3.9999485247313284,3.999938854139996,3.9999476420182236
93_10,4.999886444379799,3.999945822826167,3.9999478717382377,4.999880314267631,3.99994355032097
93_11,4.999882600705833,3.9999479547604158,3.999946390675739,4.9998675410188875,3.999942585070667
93_12,3.999935635553187,3.9999493540206843,3.9999494514782463,3.9999427295938603,3.99994686775849
93_13,3.0000000000000004,3.000000000000001,3.0,3.999810920713845,3.9998844883926012
93_14,3.999931551421464,3.9999437478651814,3.999933091533933,3.999921874896459,3.999932823248183
93_15,3.0000000000000004,3.0000000000000004,2.9999999999999996,3.0000000000000004,2.9999999999999996
94_0,1.0001135848348144,2.0002433973440428,1.0001206339436608,1.0002440475692405,1.00010125472163
94_1,3.9998139424660266,3.000000000000001,3.0,3.9999294119467055,2.9999999999999996
94_2,3.0000000000000004,3.0000000000000004,3.0,3.0000000000000004,3.999867548937317
94_3,3.0000000000000004,3.0000000000000004,3.0000000000000004,3.0,2.000224478381559
94_4,2.0000518926088406,2.0000500293938943,2.0000725670854145,2.000050043041779,1.0001069290631561
94_5,3.0,3.000000000000001,3.0000000000000004,3.0000000000000004,3.9992652634178474
94_6,3.9999479954080774,3.999941570481219,3.9999318938042645,3.9999332573879736,3.9999422057384884
94_7,3.9999496221918633,3.9999488118554196,3.9999473423757355,3.999946252000587,3.999949828064004
94_8,2.0000812098167238,2.000152121128439,1.000180060707715,2.0000501925399257,2.000050635287385
94_9,3.9999474822392003,3.0,3.999925107963733,3.9999448278707024,3.9999490792822607
94_10,3.999885729026951,4.999871355899972,3.999940222102718,3.9999388475777913,3.999947139645992
94_11,4.999852673175693,4.999892760539852,3.9999471913191313,3.9999380727609357,3.9999462161827433
94_12,3.9999495487343557,3.9999450639758654,3.0,3.9999404916465027,3.999942053226732
94_13,3.0000000000000004,3.0000000000000004,2.0001575473990854,2.0001141914982212,2.000073614053548
94_14,3.0000000000000004,3.0,3.0,2.0004685930809876,3.999524629720153
94_15,3.9997741849871016,3.0,3.0000000000000004,3.0,2.999999999999999
95_0,2.0000536445478168,2.000050158198784,2.000103597202258,3.9853516045374713,2.000051036371311
95_1,3.0,3.0000000000000004,3.9999082820663925,3.0000000000000004,3.0
95_2,3.999948876969001,3.9999475958597173,3.9999489060719933,3.999944637560055,3.999947535104614
95_3,3.000000000000001,3.000000000000001,3.0,3.0,3.0000000000000004
95_4,3.999949241176365,3.9999467876520023,3.9999487044006887,3.9999465140837933,3.9999471005306853
95_5,3.9999496915851234,3.99994896074956,3.9999491743122557,3.999944132462867,3.9999476445753226
95_6,3.999949563330384,3.999948753779979,3.9999483081591887,3.9999431436978763,3.9999469606468634
95_7,3.9999499078668097,3.9999494212726083,3.9999747822179326,3.9999467380775675,4.822077025368312
95_8,2.0001026507399033,2.000114530593192,2.0000794682387157,2.000050634893865,1.0003719056200995
95_9,3.9999499198820048,3.999948934507314,3.999949460382185,3.999939421427503,3.999948017442194
95_10,3.0,3.0000000000000004,3.9999453027000786,3.9999146877757354,3.9998764088515943
95_11,3.999948849212716,3.9999472106353657,3.9999491533339335,3.9999431039580298,3.999947668133059
95_12,3.0000000000000004,3.99991658096106,3.9999220441080623,3.0000000000000004,3.999913890071781
95_13,3.0,3.999930431672493,3.9999341936328436,3.0,3.0000000000000004
95_14,3.0000000000000004,3.9998943983537605,3.0,3.9997873358927634,2.9999999999999996
95_15,2.000133193915098,2.000136124294712,3.0000000000000004,2.00186103277838,2.0000736141094917
96_0,2.0000691953336567,3.0,3.0000000000000004,2.0009479008394857,3.0
96_1,3.0000000000000004,3.0000000000000004,3.0000000000000004,3.0000000000000004,2.9999999999999996
96_2,3.0000000000000004,3.0,3.0000000000000004,3.0000000000000004,3.0
96_3,3.0,3.999537863534241,3.0000000000000004,2.9999999999999996,2.999999999999999
96_4,3.999949486195591,3.9999478473979093,3.999946140398324,3.9999463790538705,3.9999442285852704
96_5,3.0,3.999537863534241,3.0000000000000004,2.9999999999999996,2.999999999999999
96_6,3.999949500666603,3.9999486773898627,3.9999456346750177,3.999929362815811,3.999936466251502
96_7,3.0,3.9999440400348827,3.9999277087577765,2.9999999999999996,3.9999228722798215
96_8,2.000114713932989,2.0000999949321585,1.0018657403265374,2.000055268990139,2.0002024614145943
96_9,3.0000000000000004,3.0,3.9997600089108465,3.0,3.0
96_10,3.0,3.0,3.9997600089108465,3.0,3.0
96_11,3.9999189160128297,3.9999448496785575,3.0,3.9999097144365567,3.999940042452014
96_12,3.0000000000000004,3.9996740025779616,3.000000000000001,3.9996591651325364,2.9999999999999996
96_13,3.0,3.0000000000000004,3.0,3.999613125574685,2.9999999999999996
96_14,3.000000000000001,3.0,3.0,3.9999258759571616,3.999910357464955
96_15,2.0000621976642052,3.0000000000000004,3.0,3.0,3.0000000000000004
97_0,1.0004549352018748,2.0000657197637417,1.0002029090155047,2.000050711991533,2.000157961530924
97_1,3.999774821449257,3.0000000000000004,3.999729296122938,3.9999069336286026,2.9999999999999996
97_2,3.0000000000000004,2.9999999999999996,3.0,3.0,2.000237125914935
97_3,3.0,3.0000000000000004,3.9994062106296737,3.9995807492252897,3.0
97_4,2.0000523320275416,2.000067634376133,2.0001334412954526,1.000465676691354,2.0000500192804465
97_5,3.0000000000000004,2.9999999999999996,2.9999999999999996,3.999933317932857,3.9999431765492623
97_6,3.0000000000000004,3.0000000000000004,3.0000000000000004,3.9998647394672098,3.0
97_7,3.9999487852847073,3.9999488325958987,3.9999491394833013,3.999944360175515,3.999948749333949
97_8,2.0000648285855567,2.0000567731672123,1.0001355206159899,2.000132426279412,2.0001776138664265
97_9,4.9998625393986735,3.999947279646667,3.9999493325708713,3.9999476404567935,3.9999476370893228
97_10,2.000056863888053,2.9999999999999996,2.0001277293940034,2.0000576659455946,2.0001183998494674
97_11,3.99994286173606,3.9999222376684505,3.999944571640242,3.9999487019394135,3.9999404807512353
97_12,4.99968820557998,3.999949041698739,3.999949062349557,1.2146404135471454,2.481529971503538
97_13,3.0000000000000004,2.004523636713534,3.0000000000000004,3.999822209113879,3.0000000000000004
97_14,2.0001000869624566,2.0002873566978296,3.0,1.6090506086321426,2.000057665188481
97_15,2.0000534583757554,2.0000815099448377,2.9999999999999996,2.000170805887582,3.0000000000000004
98_0,3.0000000000000004,2.9999999999999996,3.0,3.0000000000000004,3.0
98_1,3.9999497819155843,3.9999487788662376,3.9999488355526562,3.9999460673013303,3.9999477678931865
98_2,3.9999492667321013,3.9999473209794467,3.999948742801442,3.9999449664520164,3.9999481381747555
98_3,3.000000000000001,3.0000000000000004,3.0,3.9997963863346113,3.0
98_4,3.999945857132074,3.9999491678521117,3.9999495760312516,3.9999433558953927,3.99994874018511
98_5,3.999943199268521,3.9999485999272144,3.9999324620438217,3.9999464511460365,3.999947563747562
98_6,3.999949701443103,3.9999473406833634,3.999948354377952,3.999945885179614,3.9999487805945946
98_7,3.9999496870494458,3.999949195148209,3.999949557888849,3.9999439488591473,3.9999484945324935
98_8,3.0,3.0,2.0015718397731668,3.0000000000000004,3.0
98_9,3.0000000000000004,3.0000000000000004,3.0000000000000004,2.000419320059342,2.0004393669979454
98_10,3.0,3.9999341822848127,3.999930282118835,3.999943682266363,3.9999387444762027
98_11,3.999947401875194,3.9999454162506516,3.999948968480085,3.999949664973403,3.9999477150835743
98_12,3.9999499518090893,3.999948975995657,3.9999495652912445,3.9999469341492753,3.9999485115536486
98_13,3.9999495951454573,3.999948814250973,3.9999493004168873,3.999943887453973,3.9999491179144937
98_14,2.000052235623051,2.000075843747396,2.0000812748193484,3.0,2.000050013970204
98_15,4.998950215080255,3.999948393433336,3.9999491644371306,3.9999398295632433,3.9999490544950937
99_0,3.0,3.0000000000000004,2.9999999999999996,3.0,3.999779685397062
99_1,3.0,3.0,3.9406554420726465,2.9999999999999996,3.0
99_2,3.0,3.999924178715866,3.9999480240102816,3.999943188396882,3.999926517560615
99_3,3.9998851958127113,3.999939995113513,3.9999436424368793,3.999900008667307,3.9999295429004094
99_4,3.999926214840135,3.9999197978083654,3.9999458926116684,3.999927340426565,3.9999344873650564
99_5,3.9994692065935236,3.0,3.0,3.0000000000000004,3.0
99_6,3.999948778168732,3.999945859182607,3.9999487249214694,3.999941692768883,3.99994655600061
99_7,3.9999455922403526,3.0,3.9999380248322867,3.9999468038096637,3.9999380832691953
99_8,3.0,2.000185938103952,2.0001410235475343,3.0000000000000004,2.000114198800334
99_9,3.0,2.00034300299036,2.9999999999999996,2.0000683903444507,2.000684395207371
99_10,3.0000000000000004,3.0000000000000004,3.9999289595827956,3.9998701069985705,3.9999247498306993
99_11,3.999949759374837,3.9999469162047494,3.999945621897133,3.9999456156805437,3.9999433555377566
99_12,3.0000000000000004,3.9998357468895787,3.9999127695716825,3.9999340800987144,3.0000000000000004
99_13,2.0000587284872524,3.0000000000000004,3.0000000000000004,2.000051174305591,3.0
99_14,2.000068556144618,3.000000000000001,2.000080321420897,2.000073614088881,3.998897776438972
99_15,3.0,3.0000000000000004,3.999814476033115,3.9998430161536658,3.9998232274854524
