1,2,3,4,5
-1.1368781,-0.3868781599999999,-11.512925464970229,-11.512925464970229,-11.512925464970229
-11.512925464970229,-5.16943,-0.04442987,-7.29443,-11.512925464970229
-11.512925464970229,-0.48191354,-0.98191357,-10.606914,-11.512925464970229
-11.512925464970229,-0.1346952499999999,-2.3846953,-11.512925464970229,-11.512925464970229
-11.512925464970229,-2.8254533,-0.075453356,-8.700454,-11.512925464970229
-11.512925464970229,-1.9257648,-0.17576474,-9.800765,-11.512925464970229
-11.512925464970229,-4.0186534,-0.0186533129999999,-7.6436534,-11.512925464970229
-11.512925464970229,-6.009646,-0.0096460619999999,-5.634646,-11.512925464970229
-11.512925464970229,-11.512925464970229,-11.512925464970229,-1.1527183,-0.40271828
-11.512925464970229,-0.8267151,-0.5767151,-10.451715,-11.512925464970229
-11.512925464970229,-4.5134335,-0.013433493,-7.2634335,-11.512925464970229
-11.512925464970229,-8.550901,-0.17590173,-1.9259018,-11.512925464970229
-11.512925464970229,-11.512925464970229,-9.750618,-0.0006181967999999,-11.512925464970229
-11.512925464970229,-0.3992562599999999,-1.1492562,-11.512925464970229,-11.512925464970229
-9.127179,-0.0021788119999999,-6.8771787,-11.512925464970229,-11.512925464970229
-11.512925464970229,-5.7546873,-0.004687157,-7.1296873,-11.512925464970229
-7.8767114,-0.0017112361,-6.6267114,-11.512925464970229,-11.512925464970229
-11.512925464970229,-11.512925464970229,-5.0068564,-0.0068563859999999,-11.512925464970229
-11.512925464970229,-11.512925464970229,-1.9108338,-0.1608338999999999,-11.512925464970229
-11.512925464970229,-6.5083303,-0.008330167,-5.0083303,-11.512925464970229
-11.512925464970229,-4.021966,-0.0219660419999999,-7.271966,-11.512925464970229
-11.512925464970229,-6.1432166,-0.0182165519999999,-6.2682166,-11.512925464970229
-11.512925464970229,-11.512925464970229,-6.5015135,-0.0015135503999999,-11.512925464970229
-11.512925464970229,-5.061875,-0.061874792,-4.061875,-11.512925464970229
-11.512925464970229,-11.512925464970229,-7.168344,-1.9183438,-0.1683438
-11.512925464970229,-9.160575,-0.0355752259999999,-3.7855752,-11.512925464970229
-11.512925464970229,-2.5790107,-0.07901074,-9.079011,-11.512925464970229
-11.512925464970229,-11.512925464970229,-6.251979,-0.0019787147,-10.876979
-11.512925464970229,-10.1733265,-0.2983267,-2.0483267,-11.512925464970229
-11.512925464970229,-5.1366687,-0.011668839,-6.3866687,-11.512925464970229
-11.512925464970229,-0.26609567,-1.5160956,-11.016096,-11.512925464970229
-11.512925464970229,-9.413489,-0.0384892969999999,-3.2884893,-11.512925464970229
-11.512925464970229,-0.0430173429999999,-3.1680174,-11.512925464970229,-11.512925464970229
-11.512925464970229,-0.45603457,-1.2060345,-11.081035,-11.512925464970229
-11.512925464970229,-0.9741827,-0.4741827499999999,-10.974183,-11.512925464970229
-11.512925464970229,-8.2737,-0.0236996149999999,-3.7736995,-11.512925464970229
-11.512925464970229,-3.2889884,-0.03898839,-7.5389886,-11.512925464970229
-11.512925464970229,-3.05606,-0.05606001,-8.43106,-11.512925464970229
-11.512925464970229,-6.0483294,-0.048329562,-3.7983296,-11.512925464970229
-11.512925464970229,-4.515672,-0.015672054,-5.765672,-11.512925464970229
-11.512925464970229,-11.512925464970229,-11.512925464970229,-0.0011433148,-8.376143
-11.512925464970229,-2.1282172,-0.12821728,-7.878217,-11.512925464970229
-11.512925464970229,-7.4968147,-0.1218149099999999,-2.371815,-11.512925464970229
-11.512925464970229,-7.4968147,-0.1218149099999999,-2.371815,-11.512925464970229
-11.512925464970229,-11.512925464970229,-0.9769577,-0.4769576499999999,-11.512925464970229
-11.512925464970229,-1.138078,-0.38807797,-10.013078,-11.512925464970229
-11.512925464970229,-3.7742288,-0.024228837,-7.399229,-11.512925464970229
-11.512925464970229,-3.288473,-0.0384728899999999,-9.163473,-11.512925464970229
-11.512925464970229,-0.12694177,-2.1269417,-11.512925464970229,-11.512925464970229
-11.512925464970229,-5.3807945,-0.00579429,-7.5057945,-11.512925464970229
-11.512925464970229,-3.895833,-0.0208329949999999,-8.270833,-11.512925464970229
-11.512925464970229,-2.2485113,-1.2485113,-9.498511,-11.512925464970229
-11.512925464970229,-4.784064,-0.0340640299999999,-6.034064,-11.512925464970229
-11.512925464970229,-5.633213,-0.008212885,-6.883213,-11.512925464970229
-11.512925464970229,-1.1382585,-0.38825843,-9.513258,-11.512925464970229
-10.133675,-0.2586745299999999,-5.0086746,-11.512925464970229,-11.512925464970229
-11.512925464970229,-11.512925464970229,-11.512925464970229,-0.2104549899999999,-1.710455
-11.512925464970229,-1.7035275,-0.2035274199999999,-9.328527,-11.512925464970229
-11.512925464970229,-5.138628,-0.0136281319999999,-4.888628,-11.512925464970229
-11.512925464970229,-4.268975,-0.0189746799999999,-5.518975,-11.512925464970229
-11.512925464970229,-11.512925464970229,-10.5006,-0.0005995001999999,-10.8756
-11.512925464970229,-5.5285215,-0.0285216659999999,-6.6535215,-11.512925464970229
-10.163156,-0.0381555559999999,-4.7881556,-11.512925464970229,-11.512925464970229
-11.512925464970229,-1.1598828,-0.4098828,-10.284883,-11.512925464970229
-10.772179,-0.0221788439999999,-4.0221786,-11.512925464970229,-11.512925464970229
-11.512925464970229,-9.788171,-0.0381708219999999,-4.788171,-11.512925464970229
-11.512925464970229,-7.387803,-0.0128032199999999,-5.637803,-11.512925464970229
-11.512925464970229,-4.314411,-0.0644111,-6.064411,-11.512925464970229
-11.512925464970229,-2.4065037,-0.15650369,-9.531504,-11.512925464970229
-11.512925464970229,-4.511072,-0.011072111,-10.636072,-11.512925464970229
-11.512925464970229,-10.478926,-0.10392533,-2.3539252,-11.512925464970229
-11.512925464970229,-9.660575,-0.16057494,-2.160575,-11.512925464970229
-11.512925464970229,-11.512925464970229,-11.512925464970229,-6.5020547,-0.0020545006
-11.512925464970229,-0.018578075,-4.518578,-11.512925464970229,-11.512925464970229
-11.512925464970229,-5.7914677,-0.04146753,-7.9164677,-11.512925464970229
-11.512925464970229,-10.825274,-0.7002749,-0.7002749,-11.512925464970229
-11.512925464970229,-11.512925464970229,-11.512925464970229,-0.0055288806999999,-8.130528
-11.512925464970229,-5.9574356,-0.0824357349999999,-6.9574356,-11.512925464970229
-11.512925464970229,-7.457405,-0.0824053139999999,-5.832405,-11.512925464970229
-11.512925464970229,-4.959116,-0.20911601,-7.334116,-11.512925464970229
-11.512925464970229,-2.5793586,-0.0793585499999999,-9.579358,-11.512925464970229
-11.512925464970229,-0.39274216,-1.1427422,-11.512925464970229,-11.512925464970229
-11.512925464970229,-6.0032578,-0.0032579269999999,-7.5032578,-11.512925464970229
-11.512925464970229,-2.578891,-0.0788911099999999,-11.512925464970229,-11.512925464970229
-11.512925464970229,-0.3204134,-1.3204134,-11.512925464970229,-11.512925464970229
-11.512925464970229,-0.1005169899999999,-2.350517,-11.512925464970229,-11.512925464970229
-11.512925464970229,-0.30638024,-1.8063803,-11.30638,-11.512925464970229
-11.512925464970229,-5.3796782,-0.0046783728,-9.754679,-11.512925464970229
-11.512925464970229,-9.099126,-0.34912598,-1.349126,-11.512925464970229
-11.219944,-0.0949444499999999,-3.0949445,-11.512925464970229,-11.512925464970229
-11.512925464970229,-5.3805995,-0.0055996459999999,-7.7555995,-11.512925464970229
-11.512925464970229,-2.1278064,-0.1278063499999999,-9.502807,-11.512925464970229
-11.512925464970229,-11.512925464970229,-3.0567963,-0.0567964199999999,-11.512925464970229
-10.549215,-0.049215585,-7.424216,-11.512925464970229,-11.512925464970229
-9.757937,-0.0079371169999999,-5.007937,-11.512925464970229,-11.512925464970229
-11.512925464970229,-0.16092119,-1.9109212,-11.512925464970229,-11.512925464970229
-9.76936,-0.019359542,-6.7693596,-11.512925464970229,-11.512925464970229
-11.512925464970229,-0.18172166,-2.9317217,-11.512925464970229,-11.512925464970229
-11.512925464970229,-7.6502213,-0.0252214599999999,-5.0252213,-11.512925464970229
-11.512925464970229,-2.8122444,-0.062244397,-10.562244,-11.512925464970229
-11.512925464970229,-4.9059324,-0.0309323019999999,-8.280932,-11.512925464970229
-11.512925464970229,-2.1315866,-0.13158645,-10.006586,-11.512925464970229
-11.512925464970229,-7.400152,-0.0251524059999999,-3.7751524,-11.512925464970229
-11.512925464970229,-5.515781,-0.015780948,-7.265781,-11.512925464970229
-11.512925464970229,-10.032651,-0.40765095,-1.407651,-11.512925464970229
-11.512925464970229,-5.267588,-0.392588,-7.517588,-11.512925464970229
-11.512925464970229,-0.0250788139999999,-4.525079,-11.512925464970229,-11.512925464970229
-11.512925464970229,-9.913694,-0.0386944899999999,-3.2886944,-11.512925464970229
-11.512925464970229,-11.512925464970229,-8.875586,-0.00058520306,-11.125586
-11.512925464970229,-0.5131216600000001,-3.2631216,-11.512925464970229,-11.512925464970229
-5.853321,-0.10332097,-8.353321,-11.512925464970229,-11.512925464970229
-11.298964,-0.798964,-2.298964,-11.512925464970229,-11.512925464970229
-11.512925464970229,-0.030233247,-3.5302331,-11.512925464970229,-11.512925464970229
-11.512925464970229,-7.270992,-0.020991651,-4.020992,-11.512925464970229
-11.512925464970229,-4.6407647,-0.015764637,-5.6407647,-11.512925464970229
-11.512925464970229,-3.2949204,-0.0449203959999999,-7.7949204,-11.512925464970229
-11.512925464970229,-6.5564084,-0.05640856,-5.0564084,-11.512925464970229
-11.512925464970229,-7.155729,-0.030728703,-3.5307288,-11.512925464970229
-11.512925464970229,-4.637042,-0.0120420499999999,-6.262042,-11.512925464970229
-11.512925464970229,-1.916867,-0.16686696,-8.791867,-11.512925464970229
-11.512925464970229,-11.512925464970229,-11.512925464970229,-0.0008079635399999,-7.250808
-11.512925464970229,-2.1606066,-0.1606067099999999,-9.285606,-11.512925464970229
-11.512925464970229,-5.196357,-0.07135668,-5.571357,-11.512925464970229
-11.512925464970229,-5.0126495,-0.012649376,-5.7626495,-11.512925464970229
-11.512925464970229,-11.512925464970229,-9.002615,-0.002615371,-11.002615
-11.512925464970229,-5.2585697,-0.0085695379999999,-6.7585697,-11.512925464970229
-8.271163,-0.0211628919999999,-5.896163,-11.512925464970229,-11.512925464970229
-11.512925464970229,-0.4008832,-1.1508832,-11.512925464970229,-11.512925464970229
-0.89927775,-0.64927775,-11.512925464970229,-11.512925464970229,-11.512925464970229
-11.512925464970229,-5.9855223,-0.1105221,-4.8605223,-11.512925464970229
-11.512925464970229,-6.512826,-0.0128260549999999,-4.512826,-11.512925464970229
-11.312653,-0.06265238,-2.8126523,-11.512925464970229,-11.512925464970229
-11.512925464970229,-1.5019313,-0.2519313,-11.512925464970229,-11.512925464970229
-11.512925464970229,-6.5053267,-0.0053266049999999,-5.6303267,-11.512925464970229
-11.512925464970229,-6.508221,-0.00822116,-5.258221,-11.512925464970229
-10.640107,-0.015106707,-5.5151067,-11.512925464970229,-11.512925464970229
-11.512925464970229,-11.512925464970229,-9.539391,-3.2893906,-0.0393906159999999
-11.512925464970229,-0.5771906399999999,-0.82719064,-10.82719,-11.512925464970229
-11.512925464970229,-10.1275215,-0.2525213,-1.5025213,-11.512925464970229
-11.512925464970229,-5.761031,-0.011030968,-5.011031,-11.512925464970229
-11.512925464970229,-10.076808,-0.2018081,-1.9518081,-11.512925464970229
-11.512925464970229,-2.1430728,-0.1430728,-8.893073,-11.512925464970229
-11.512925464970229,-0.4740772999999998,-0.97407734,-11.512925464970229,-11.512925464970229
-11.512925464970229,-0.0310463659999999,-3.5310464,-11.512925464970229,-11.512925464970229
-11.512925464970229,-1.5023772,-0.25237718,-11.0023775,-11.512925464970229
-11.430535,-0.055535097,-3.305535,-11.512925464970229,-11.512925464970229
-11.512925464970229,-0.9741353,-0.47413528,-10.474135,-11.512925464970229
-11.512925464970229,-3.5305755,-0.0305756309999999,-8.905576,-11.512925464970229
-11.512925464970229,-9.04362,-0.04362008,-3.54362,-11.512925464970229
-11.512925464970229,-6.887267,-0.0122673399999999,-6.512267,-11.512925464970229
-11.512925464970229,-9.756599,-0.25659895,-1.506599,-11.512925464970229
-11.512925464970229,-5.504373,-0.0043732747,-8.129374,-11.512925464970229
-11.512925464970229,-11.512925464970229,-8.883876,-0.0088754909999999,-9.008876
-11.512925464970229,-0.0308919619999999,-3.530892,-11.512925464970229,-11.512925464970229
-11.512925464970229,-11.512925464970229,-2.1315413,-0.1315412,-11.512925464970229
-11.512925464970229,-10.64109,-0.26609072,-1.5160908,-11.512925464970229
-11.512925464970229,-11.512925464970229,-9.500425,-0.00042507402,-11.125425
-11.512925464970229,-6.8837223,-0.0087224709999999,-6.0087223,-11.512925464970229
-11.512925464970229,-3.8955584,-0.020558352,-11.020558,-11.512925464970229
-11.512925464970229,-5.5133367,-0.0133366979999999,-6.3883367,-11.512925464970229
-6.647085000001814e-05,-11.125067,-11.512925464970229,-11.512925464970229,-11.512925464970229
-10.753376,-0.0033760266,-6.128376,-11.512925464970229,-11.512925464970229
-11.512925464970229,-6.7654552,-0.015455151,-4.2654552,-11.512925464970229
-9.556871,-0.0568717639999999,-3.0568717,-11.512925464970229,-11.512925464970229
-11.512925464970229,-1.5019312,-0.25193113,-11.512925464970229,-11.512925464970229
-11.512925464970229,-0.1618807199999999,-1.9118807,-11.512925464970229,-11.512925464970229
-11.512925464970229,-1.3205004,-0.32050037,-9.3205,-11.512925464970229
-11.512925464970229,-4.485854,-0.98585415,-7.735854,-11.512925464970229
-3.7185652,-0.21856512,-1.9685651,-6.718565,-10.343565
-11.512925464970229,-7.1387496,-0.0137495939999999,-4.5137496,-11.512925464970229
-9.9004345,-0.0254347359999999,-3.7754347,-11.512925464970229,-11.512925464970229
-11.512925464970229,-7.0249214,-0.0249215139999999,-3.7749214,-11.512925464970229
-11.512925464970229,-11.512925464970229,-6.257155,-0.0071548265,-11.512925464970229
-11.512925464970229,-1.540586,-0.29058605,-7.290586,-11.512925464970229
-11.512925464970229,-0.8475574,-0.5975574,-9.972557,-11.512925464970229
-2.1283617,-0.1283616699999999,-9.128362,-11.512925464970229,-11.512925464970229
-11.512925464970229,-0.0015108125999999,-6.5015106,-11.512925464970229,-11.512925464970229
-11.512925464970229,-5.504308,-0.0043081069999999,-8.379308,-11.512925464970229
-11.512925464970229,-0.4788912000000001,-0.9788912,-9.603891,-11.512925464970229
-11.512925464970229,-6.4395375,-0.0645376149999999,-6.9395375,-11.512925464970229
-11.512925464970229,-2.1829338,-1.4329338,-9.557934,-11.512925464970229
-11.512925464970229,-10.93909,-0.9390898,-1.1890898,-11.512925464970229
-11.512925464970229,-1.5020423,-0.2520423199999999,-9.127043,-11.512925464970229
-11.512925464970229,-0.97420746,-0.4742074599999999,-10.099208,-11.512925464970229
-11.512925464970229,-11.512925464970229,-11.512925464970229,-0.0002637198999999,-8.250264
-11.512925464970229,-10.659097,-0.2840971599999999,-1.7840972,-11.512925464970229
-11.512925464970229,-2.1272714,-0.1272714999999999,-8.502272,-11.512925464970229
-11.512925464970229,-1.9115081,-0.16150802,-8.161508,-11.512925464970229
-11.512925464970229,-11.512925464970229,-5.527233,-0.0272331999999999,-11.512925464970229
-11.512925464970229,-10.22699,-0.3519896,-2.3519895,-11.512925464970229
-3.5312397,-0.031239692,-10.4062395,-11.512925464970229,-11.512925464970229
-11.512925464970229,-2.8134234,-0.0634234399999999,-10.063423,-11.512925464970229
-11.503652,-0.0036517413999999,-5.6286516,-11.512925464970229,-11.512925464970229
-11.512925464970229,-3.054388,-0.05438802,-8.804388,-11.512925464970229
-11.512925464970229,-6.752497,-0.0024974178999999,-6.877497,-11.512925464970229
-11.512925464970229,-0.7319156,-1.4819156,-9.606915,-11.512925464970229
-11.512925464970229,-4.665668,-0.0406682269999999,-6.540668,-11.512925464970229
-11.512925464970229,-0.20174505,-1.701745,-10.826745,-11.512925464970229
-11.512925464970229,-0.0036074362999999,-5.6286073,-11.512925464970229,-11.512925464970229
-11.512925464970229,-10.444142,-0.6941423,-0.9441423,-11.512925464970229
-11.512925464970229,-11.512925464970229,-11.512925464970229,-0.0290009639999999,-4.5290008
-11.512925464970229,-0.4744392,-0.9744392,-11.09944,-11.512925464970229
-11.512925464970229,-0.8350247,-0.5850247,-10.210025,-11.512925464970229
-11.512925464970229,-2.584469,-0.08446913,-7.2094693,-11.512925464970229
-11.512925464970229,-11.512925464970229,-11.512925464970229,-0.0036111166999999,-7.753611
-11.512925464970229,-0.07955861,-2.5795586,-11.512925464970229,-11.512925464970229
-8.002392,-0.0023914676,-7.5023913,-11.512925464970229,-11.512925464970229
-11.361547,-0.1115477399999999,-2.3615477,-11.512925464970229,-11.512925464970229
-8.501028,-0.0010285234,-7.1260285,-11.512925464970229,-11.512925464970229
-11.512925464970229,-1.3265971,-0.3265970599999999,-10.951597,-11.512925464970229
-11.512925464970229,-7.25146,-0.0014602351,-7.25146,-11.512925464970229
-11.512925464970229,-4.512082,-0.012081976,-8.012082,-11.512925464970229
-11.512925464970229,-3.0605903,-0.0605902899999999,-9.435591,-11.512925464970229
-11.512925464970229,-7.2559514,-0.0059513141999999,-5.5059514,-11.512925464970229
-11.512925464970229,-8.639369,-0.0143689339999999,-5.764369,-11.512925464970229
-11.512925464970229,-5.5532417,-0.0532418859999999,-7.1782417,-11.512925464970229
-11.512925464970229,-11.512925464970229,-4.559152,-0.059152126,-10.184153
-11.512925464970229,-8.644801,-0.019801542,-4.0198016,-11.512925464970229
-11.512925464970229,-8.788481,-0.0384804599999999,-3.9134805,-11.512925464970229
-11.512925464970229,-8.433104,-0.058103144,-4.683103,-11.512925464970229
-11.512925464970229,-11.512925464970229,-11.512925464970229,-0.0027064424999999,-8.377707
-11.512925464970229,-6.5063753,-0.0063754637,-5.5063753,-11.512925464970229
-11.512925464970229,-5.2583585,-0.008358541,-8.008359,-11.512925464970229
-11.512925464970229,-2.3502073,-0.10020742,-11.512925464970229,-11.512925464970229
-11.512925464970229,-1.7259052,-0.2259052,-9.225905,-11.512925464970229
-11.512925464970229,-0.82597333,-0.5759733300000001,-10.7009735,-11.512925464970229
-11.512925464970229,-1.2780241,-0.5280241,-10.278024,-11.512925464970229
-11.512925464970229,-7.627248,-0.0022476769999999,-6.377248,-11.512925464970229
-11.512925464970229,-0.9741104000000002,-0.4741104199999999,-10.474111,-11.512925464970229
-11.512925464970229,-8.503059,-0.0030589923,-6.003059,-11.512925464970229
-11.512925464970229,-0.1603146,-1.9103146,-11.512925464970229,-11.512925464970229
-11.512925464970229,-4.8912644,-0.0162643859999999,-9.141264,-11.512925464970229
-11.512925464970229,-7.89869,-0.02369007,-3.77369,-11.512925464970229
-11.512925464970229,-7.127161,-0.0021608488,-7.127161,-11.512925464970229
-11.512925464970229,-0.69322205,-0.69322205,-11.068222,-11.512925464970229
-11.512925464970229,-0.1602667899999999,-1.9102668,-11.512925464970229,-11.512925464970229
-11.512925464970229,-11.512925464970229,-2.5791326,-0.079132676,-11.512925464970229
-11.512925464970229,-8.645873,-0.020873513,-4.5208735,-11.512925464970229
-11.512925464970229,-0.8314728,-0.5814727999999999,-10.331472,-11.512925464970229
-11.512925464970229,-0.69328666,-0.69328666,-11.068287,-11.512925464970229
-11.512925464970229,-0.3869137799999999,-1.1369138,-10.511913,-11.512925464970229
-11.512925464970229,-6.0573297,-0.0573294499999999,-5.0573297,-11.512925464970229
-11.512925464970229,-0.57597077,-0.82597077,-10.450971,-11.512925464970229
-11.512925464970229,-5.134162,-0.009161989,-6.259162,-11.512925464970229
-11.512925464970229,-6.00524,-0.005240037,-6.00524,-11.512925464970229
-11.512925464970229,-3.7736182,-0.0236181229999999,-7.898618,-11.512925464970229
-11.512925464970229,-3.8514519,-0.10145178,-6.851452,-11.512925464970229
-11.512925464970229,-6.0290213,-0.029021459,-4.7790213,-11.512925464970229
-11.512925464970229,-10.688806,-1.5638057,-0.31380573,-11.512925464970229
-11.512925464970229,-6.5067906,-0.0067908013999999,-6.3817906,-11.512925464970229
-11.512925464970229,-1.9105936,-0.16059361,-7.9105935,-11.512925464970229
-11.512925464970229,-2.3507543,-0.10075424,-7.6007543,-11.512925464970229
-11.512925464970229,-11.512925464970229,-8.000356,-0.00035584232,-11.375356
-11.512925464970229,-4.0187964,-0.018796287,-7.3937964,-11.512925464970229
-11.512925464970229,-3.0487192,-0.048719198,-9.048719,-11.512925464970229
-10.828977,-0.0789767059999999,-2.5789766,-11.512925464970229,-11.512925464970229
-11.512925464970229,-0.2855243699999999,-1.5355244,-11.512925464970229,-11.512925464970229
-11.512925464970229,-5.2573524,-0.0073522319999999,-6.6323524,-11.512925464970229
-11.512925464970229,-9.390512,-0.3905126499999999,-1.1405127,-11.512925464970229
-11.512925464970229,-6.379568,-0.0045681349999999,-5.879568,-11.512925464970229
-11.512925464970229,-7.1933537,-0.31835386,-5.4433537,-11.512925464970229
-11.512925464970229,-8.941256,-0.4412556999999999,-2.9412556,-11.512925464970229
-11.512925464970229,-8.405903,-0.030902829,-3.7809029,-11.512925464970229
-11.512925464970229,-11.512925464970229,-0.8612555,-0.6112554999999998,-11.512925464970229
-11.512925464970229,-11.512925464970229,-11.512925464970229,-6.502211,-0.0022111583999999
-11.512925464970229,-10.969895,-0.34489554,-1.3448956,-11.512925464970229
-11.512925464970229,-7.694581,-0.069581,-4.944581,-11.512925464970229
-11.512925464970229,-5.0089126,-0.0089124789999999,-7.2589126,-11.512925464970229
-11.512925464970229,-11.512925464970229,-11.512925464970229,-0.014218975,-9.889219
-11.512925464970229,-7.258369,-0.008368827,-5.633369,-11.512925464970229
-11.512925464970229,-4.2680054,-0.018005243,-8.143005,-11.512925464970229
-11.512925464970229,-0.5768131,-1.0768131,-10.701813,-11.512925464970229
-8.263756,-0.0137559489999999,-6.013756,-11.512925464970229,-11.512925464970229
-11.512925464970229,-1.7207303,-0.2207303599999999,-8.220731,-11.512925464970229
-11.512925464970229,-1.0768573,-0.5768572999999999,-9.576858,-11.512925464970229
-11.512925464970229,-4.2887278,-0.038727522,-6.4137278,-11.512925464970229
-11.512925464970229,-11.512925464970229,-2.5789626,-0.0789624899999999,-11.512925464970229
-11.512925464970229,-9.077843,-0.57784224,-0.82784224,-11.512925464970229
-11.512925464970229,-8.216485,-0.34148517,-1.3414851,-11.512925464970229
-11.512925464970229,-9.931406,-0.3064063999999999,-2.3064065,-11.512925464970229
-10.931399,-1.0563996,-0.5563994999999999,-6.5563993,-11.512925464970229
-11.512925464970229,-11.512925464970229,-3.5306377,-0.0306377279999999,-11.512925464970229
-11.512925464970229,-5.897759,-0.0227587429999999,-4.272759,-11.512925464970229
-11.512925464970229,-11.512925464970229,-3.0486724,-0.048672415,-11.512925464970229
-11.512925464970229,-4.6124244,-0.112424165,-6.1124244,-11.512925464970229
-11.512925464970229,-9.731898,-0.7318983,-1.4818983,-11.512925464970229
-11.512925464970229,-0.7445513,-0.7445513,-10.119552,-11.512925464970229
-11.512925464970229,-0.6071999,-0.8571999,-10.3572,-11.512925464970229
-9.766096,-0.016095726,-4.1410956,-11.512925464970229,-11.512925464970229
-11.512925464970229,-5.732145,-0.1071450039999999,-5.607145,-11.512925464970229
-11.512925464970229,-0.6932379,-0.6932379,-9.318238,-11.512925464970229
-11.512925464970229,-1.5087434,-0.25874338,-9.133743,-11.512925464970229
-11.512925464970229,-1.5087434,-0.25874338,-9.133743,-11.512925464970229
-11.512925464970229,-7.25501,-0.0050101939999999,-5.88001,-11.512925464970229
-11.512925464970229,-0.049471013,-3.049471,-11.512925464970229,-11.512925464970229
-11.512925464970229,-10.451481,-0.57648134,-0.82648134,-11.512925464970229
-6.956755,-0.3317553,-2.5817554,-8.956756,-11.512925464970229
-11.512925464970229,-2.8124292,-0.0624290929999999,-9.187429,-11.512925464970229
-11.512925464970229,-2.8139732,-0.06397319,-8.563973,-11.512925464970229
-11.512925464970229,-3.2887704,-0.0387705299999999,-8.538771,-11.512925464970229
-11.512925464970229,-11.512925464970229,-5.25532,-0.0053199699999999,-11.512925464970229
-11.512925464970229,-3.5770514,-0.077051304,-9.202051,-11.512925464970229
-11.512925464970229,-7.8993435,-0.024343682,-5.1493435,-11.512925464970229
-11.139185,-0.014185366,-4.2641854,-11.512925464970229,-11.512925464970229
-11.512925464970229,-3.2891188,-0.0391187439999999,-9.414119,-11.512925464970229
-11.512925464970229,-5.4155664,-0.1655666399999999,-7.0405664,-11.512925464970229
-11.512925464970229,-7.0126667,-0.012666566,-4.7626667,-11.512925464970229
-11.512925464970229,-7.7420754,-0.1170755249999999,-4.1170754,-11.512925464970229
-11.512925464970229,-7.2827497,-0.0327494669999999,-4.2827497,-11.512925464970229
-11.512925464970229,-6.401407,-0.0264067719999999,-5.026407,-11.512925464970229
-11.512925464970229,-6.6303005,-0.005300639,-5.7553005,-11.512925464970229
-11.512925464970229,-6.52482,-0.024819655,-3.7748196,-11.512925464970229
-11.512925464970229,-0.564732,-1.3147321,-9.939732,-11.512925464970229
-11.512925464970229,-11.512925464970229,-1.1368754,-0.3868753300000001,-11.512925464970229
-11.512925464970229,-4.761075,-0.0110749435,-7.511075,-11.512925464970229
-11.512925464970229,-7.1721087,-0.0471087,-4.7971087,-11.512925464970229
-11.512925464970229,-11.512925464970229,-11.512925464970229,-0.0020546197999999,-7.5020547
-11.512925464970229,-5.7803235,-0.0303235609999999,-5.5303235,-11.512925464970229
-11.512925464970229,-7.2937617,-0.0437616849999999,-5.2937617,-11.512925464970229
-11.512925464970229,-4.0661354,-0.0661356149999999,-8.316135,-11.512925464970229
-7.12585,-0.00085012865,-10.12585,-11.512925464970229,-11.512925464970229
-11.512925464970229,-1.5201209,-0.27012086,-9.520121,-11.512925464970229
-11.512925464970229,-0.4741191,-0.97411907,-10.849119,-11.512925464970229
-11.512925464970229,-7.8179445,-0.0679442959999999,-5.1929445,-11.512925464970229
-11.512925464970229,-11.512925464970229,-4.2681875,-0.018187523,-11.512925464970229
-11.512925464970229,-1.0986409,-1.0986409,-10.84864,-11.512925464970229
-11.512925464970229,-8.502362,-0.12736239,-3.6273625,-11.512925464970229
-11.512925464970229,-10.943183,-0.69318295,-0.69318295,-11.512925464970229
-8.250269,-0.0002692032699999,-11.512925464970229,-11.512925464970229,-11.512925464970229
-11.512925464970229,-11.512925464970229,-2.3502073,-0.10020721,-11.512925464970229
-11.512925464970229,-6.0135183,-0.013518181,-6.0135183,-11.512925464970229
-11.512925464970229,-5.008646,-0.0086462399999999,-7.008646,-11.512925464970229
-11.512925464970229,-11.512925464970229,-11.512925464970229,-0.007202051,-7.632202
-11.512925464970229,-0.71493584,-0.71493584,-9.839936,-11.512925464970229
-11.512925464970229,-1.6286782,-0.3786781999999999,-10.003678,-11.512925464970229
-11.512925464970229,-0.0486487969999999,-3.0486488,-11.512925464970229,-11.512925464970229
-8.750285,-0.0002854112999999,-9.000285,-11.512925464970229,-11.512925464970229
-11.512925464970229,-0.82594013,-0.5759401299999999,-11.512925464970229,-11.512925464970229
-11.512925464970229,-2.350602,-0.10060183,-8.975602,-11.512925464970229
-11.512925464970229,-5.008208,-0.0082076809999999,-6.508208,-11.512925464970229
-10.769382,-0.2693827499999999,-2.0193827,-11.512925464970229,-11.512925464970229
-11.512925464970229,-1.9105821,-0.16058205,-9.160582,-11.512925464970229
-11.512925464970229,-0.2519629,-1.5019629,-11.512925464970229,-11.512925464970229
-11.512925464970229,-1.9147384,-0.1647384499999999,-9.914739,-11.512925464970229
-11.512925464970229,-11.512925464970229,-7.6307216,-0.0057217439999999,-11.512925464970229
-11.512925464970229,-6.6325727,-0.0075727886999999,-6.1325727,-11.512925464970229
-11.512925464970229,-0.4741183499999999,-0.97411835,-10.474118,-11.512925464970229
-11.512925464970229,-2.350602,-0.10060183,-8.975602,-11.512925464970229
-11.512925464970229,-11.512925464970229,-4.0194535,-0.019453665,-11.512925464970229
-11.512925464970229,-10.378658,-0.12865835,-2.1286583,-11.512925464970229
-10.019314,-0.144314,-3.144314,-11.512925464970229,-11.512925464970229
-11.512925464970229,-1.3142749,-0.3142749,-10.064275,-11.512925464970229
-11.512925464970229,-0.0182145609999999,-4.0182147,-11.512925464970229,-11.512925464970229
-11.512925464970229,-9.925475,-0.30047545,-1.5504755,-11.512925464970229
-11.512925464970229,-8.577136,-0.07713629,-3.5771363,-11.512925464970229
-11.512925464970229,-11.512925464970229,-1.1911284,-0.4411283999999999,-11.512925464970229
-11.512925464970229,-1.7017804,-0.20178041,-9.82678,-11.512925464970229
-11.512925464970229,-1.1376407,-0.3876407,-9.637641,-11.512925464970229
-11.512925464970229,-6.25423,-0.0042300047,-6.50423,-11.512925464970229
-11.512925464970229,-11.512925464970229,-4.0181756,-0.018175693,-11.512925464970229
-11.512925464970229,-11.512925464970229,-11.512925464970229,-0.0055748792,-5.5055747
-11.512925464970229,-11.512925464970229,-1.5023111,-0.25231114,-11.512925464970229
-11.4273405,-0.052340962,-3.552341,-11.512925464970229,-11.512925464970229
-11.512925464970229,-6.377873,-0.0028729886,-7.002873,-11.512925464970229
-11.512925464970229,-11.512925464970229,-11.512925464970229,-0.004093478,-11.379093
-11.512925464970229,-11.512925464970229,-2.8123739,-0.0623737699999999,-11.512925464970229
-11.512925464970229,-4.2648454,-0.014845182,-7.6398454,-11.512925464970229
-11.512925464970229,-2.1270325,-0.1270325799999999,-9.752032,-11.512925464970229
-10.132832,-0.007831377,-5.3828316,-11.512925464970229,-11.512925464970229
-11.512925464970229,-5.8859863,-0.010986281,-5.3859863,-11.512925464970229
-11.512925464970229,-3.7763755,-0.026375541,-6.526376,-11.512925464970229
-11.512925464970229,-1.0550667,-0.5550667,-9.180067,-11.512925464970229
-11.512925464970229,-5.7763963,-0.0263962109999999,-5.9013963,-11.512925464970229
-11.512925464970229,-9.206112,-0.4561115799999999,-1.2061116,-11.512925464970229
-11.512925464970229,-9.945115,-0.070115484,-2.8201156,-11.512925464970229
-11.512925464970229,-6.2562594,-0.006259262,-5.5062594,-11.512925464970229
-11.512925464970229,-11.512925464970229,-11.512925464970229,-0.47434583,-0.9743458
-11.512925464970229,-11.512925464970229,-4.781666,-0.0316658239999999,-11.512925464970229
-11.512925464970229,-5.520331,-0.0203307139999999,-4.270331,-11.512925464970229
-11.512925464970229,-11.512925464970229,-1.701425,-0.20142494,-11.512925464970229
-11.512925464970229,-11.512925464970229,-8.126805,-0.0018057261999999,-11.512925464970229
-11.512925464970229,-6.8909745,-0.01597431,-4.2659745,-11.512925464970229
-7.3846135,-0.009613709,-7.8846135,-11.512925464970229,-11.512925464970229
-11.512925464970229,-0.1604852,-1.9104851,-11.512925464970229,-11.512925464970229
-11.512925464970229,-11.512925464970229,-3.5298076,-0.0298076509999999,-11.512925464970229
-11.512925464970229,-3.8970485,-0.02204859,-7.0220485,-11.512925464970229
-11.512925464970229,-3.7733395,-0.023339583,-9.273339,-11.512925464970229
-11.512925464970229,-10.159113,-0.2841134,-2.5341134,-11.512925464970229
-11.512925464970229,-4.8961697,-0.02116954,-6.7711697,-11.512925464970229
-11.512925464970229,-7.6357856,-0.0107858159999999,-6.3857856,-11.512925464970229
-11.512925464970229,-5.512254,-0.0122542629999999,-6.512254,-11.512925464970229
-11.512925464970229,-11.512925464970229,-0.5764562,-0.8264562,-11.512925464970229
-11.512925464970229,-11.512925464970229,-11.512925464970229,-0.31817573,-1.3181758
-11.512925464970229,-4.281607,-0.031607036,-5.031607,-11.512925464970229
-11.512925464970229,-7.6292653,-0.0042654889999999,-5.6292653,-11.512925464970229
-11.512925464970229,-2.8122547,-0.0622546969999999,-8.187255,-11.512925464970229
-11.512925464970229,-11.512925464970229,-11.256733,-0.0067330183999999,-11.512925464970229
-11.512925464970229,-9.491717,-0.1167171599999999,-4.1167173,-11.512925464970229
-11.512925464970229,-2.5838184,-0.0838184999999999,-9.333818,-11.512925464970229
-11.512925464970229,-5.131314,-0.0063136354999999,-7.881314,-11.512925464970229
-11.512925464970229,-3.7740128,-0.02401274,-8.774013,-11.512925464970229
-11.512925464970229,-8.644629,-0.019628432,-4.0196285,-11.512925464970229
-11.512925464970229,-3.355558,-0.1055579499999999,-9.230558,-11.512925464970229
-11.512925464970229,-7.6398134,-0.014813348,-4.6398134,-11.512925464970229
-11.512925464970229,-6.505469,-0.0054688939999999,-6.755469,-11.512925464970229
-11.512925464970229,-4.759301,-0.0093010119999999,-8.259301,-11.512925464970229
-11.512925464970229,-4.1411905,-0.0161904989999999,-9.016191,-11.512925464970229
-11.512925464970229,-6.0050817,-0.0050814835999999,-7.0050817,-11.512925464970229
-11.512925464970229,-11.512925464970229,-11.512925464970229,-2.1698475,-0.1698474999999999
-11.512925464970229,-8.886208,-0.011208031,-4.761208,-11.512925464970229
-11.512925464970229,-6.150756,-0.0257560389999999,-7.900756,-11.512925464970229
-11.512925464970229,-5.1326423,-0.0076424754,-7.5076423,-11.512925464970229
-11.512925464970229,-11.512925464970229,-11.512925464970229,-0.003199574,-11.2532
-11.512925464970229,-7.3798814,-0.00488125,-5.5048814,-11.512925464970229
-11.512925464970229,-8.646611,-0.0216107419999999,-3.8966107,-11.512925464970229
-11.512925464970229,-8.535666,-0.0356667939999999,-4.410667,-11.512925464970229
-7.564102,-0.06410234,-6.439102,-11.512925464970229,-11.512925464970229
-11.512925464970229,-9.7617235,-0.13672379,-2.1367238,-11.512925464970229
-11.512925464970229,-11.512925464970229,-6.002551,-0.0025512887999999,-11.512925464970229
-11.512925464970229,-6.7110763,-0.0860761899999999,-3.3360763,-11.512925464970229
-11.512925464970229,-2.3894212,-0.1394211499999999,-8.389421,-11.512925464970229
-11.512925464970229,-11.377236,-0.2522365,-1.5022365,-11.512925464970229
-11.512925464970229,-5.380115,-0.0051151574999999,-7.630115,-11.512925464970229
-11.512925464970229,-11.512925464970229,-0.90518653,-0.90518653,-11.512925464970229
-11.512925464970229,-11.512925464970229,-2.585099,-0.08509898,-11.512925464970229
-11.512925464970229,-11.253642,-0.37864187,-1.6286418,-11.512925464970229
-11.512925464970229,-11.512925464970229,-2.130101,-0.1301010399999999,-11.512925464970229
-11.512925464970229,-11.512925464970229,-1.0614536,-0.8114535,-11.512925464970229
-11.512925464970229,-11.512925464970229,-11.512925464970229,-0.0019326817999999,-7.7519326
-11.512925464970229,-4.21966,-0.0946597099999999,-6.96966,-11.512925464970229
-9.387447,-0.0124473729999999,-6.6374474,-11.512925464970229,-11.512925464970229
-11.512925464970229,-9.022554,-0.1475540999999999,-3.8975542,-11.512925464970229
-7.2508416,-0.0008414304499999,-10.750841,-11.512925464970229,-11.512925464970229
-10.890103,-0.015102951,-5.515103,-11.512925464970229,-11.512925464970229
-11.512925464970229,-0.38689056,-1.1368905,-11.512925464970229,-11.512925464970229
-11.512925464970229,-0.082229644,-2.5822296,-11.512925464970229,-11.512925464970229
-11.512925464970229,-0.2094092,-1.7094092,-11.512925464970229,-11.512925464970229
-9.515033,-0.0150327239999999,-7.140033,-11.512925464970229,-11.512925464970229
-11.379097,-0.0040966853999999,-5.5040965,-11.512925464970229,-11.512925464970229
-11.512925464970229,-5.0554523,-0.055452544,-7.6804523,-11.512925464970229
-11.512925464970229,-11.512925464970229,-9.001369,-0.0013698805999999,-8.001369
-10.384552,-0.0095524284999999,-4.7595525,-11.512925464970229,-11.512925464970229
-11.512925464970229,-0.019584011,-4.144584,-11.512925464970229,-11.512925464970229
-11.512925464970229,-0.4979548199999999,-0.99795485,-11.512925464970229,-11.512925464970229
-11.512925464970229,-4.884217,-0.0092169204999999,-8.134217,-11.512925464970229
-11.512925464970229,-0.18269967,-1.9326997,-11.307699,-11.512925464970229
-11.512925464970229,-0.012616654,-5.0126166,-11.512925464970229,-11.512925464970229
-11.512925464970229,-0.1474474399999999,-2.1474473,-11.512925464970229,-11.512925464970229
-11.032797,-0.0327967599999999,-4.657797,-11.512925464970229,-11.512925464970229
-11.512925464970229,-2.352929,-0.10292915,-8.602929,-11.512925464970229
-11.512925464970229,-0.0189475399999999,-4.0189476,-11.512925464970229,-11.512925464970229
-11.512925464970229,-1.5130799,-0.26307994,-9.01308,-11.512925464970229
-9.630176,-0.0051757629999999,-5.5051756,-11.512925464970229,-11.512925464970229
-11.512925464970229,-0.47411472,-0.9741147,-11.224114,-11.512925464970229
-11.512925464970229,-1.5130317,-0.2630317499999999,-9.638032,-11.512925464970229
-11.512925464970229,-0.845029,-0.595029,-10.345029,-11.512925464970229
-11.512925464970229,-6.006269,-0.0062692053999999,-5.631269,-11.512925464970229
-11.512925464970229,-7.2552094,-0.0052094479999999,-5.8802094,-11.512925464970229
-11.512925464970229,-0.1002498049999999,-2.3502498,-11.512925464970229,-11.512925464970229
-11.512925464970229,-1.5051602,-0.25516024,-9.88016,-11.512925464970229
-11.512925464970229,-7.608198,-0.1081983899999999,-2.8581984,-11.512925464970229
-11.512925464970229,-1.0768807,-0.57688063,-9.32688,-11.512925464970229
-3.7736886,-0.023688558,-10.773688,-11.512925464970229,-11.512925464970229
-11.512925464970229,-1.1629242,-0.4129242,-9.787924,-11.512925464970229
-9.703055,-0.2030556,-6.4530554,-11.512925464970229,-11.512925464970229
-11.512925464970229,-6.316415,-0.06641498,-5.941415,-11.512925464970229
-11.512925464970229,-7.416551,-0.16655102,-5.166551,-11.512925464970229
-11.512925464970229,-3.0536244,-0.053624406,-9.928624,-11.512925464970229
-11.512925464970229,-6.253587,-0.0035866526999999,-6.628587,-11.512925464970229
-11.512925464970229,-6.627495,-0.0024946835,-6.752495,-11.512925464970229
-11.512925464970229,-8.399011,-0.0240111089999999,-3.7740111,-11.512925464970229
-11.512925464970229,-4.342561,-0.0925605449999999,-7.467561,-11.512925464970229
-11.512925464970229,-11.512925464970229,-3.3477662,-0.09776623,-11.512925464970229
-11.512925464970229,-4.775206,-0.0252062269999999,-7.275206,-11.512925464970229
-11.512925464970229,-5.0192895,-0.0192896279999999,-5.5192895,-11.512925464970229
-11.512925464970229,-5.5143294,-0.01432933,-5.6393294,-11.512925464970229
-11.512925464970229,-11.512925464970229,-11.3931675,-0.0181679669999999,-11.512925464970229
-11.512925464970229,-7.261007,-0.011006911,-4.636007,-11.512925464970229
-11.512925464970229,-0.72464144,-0.72464144,-10.599642,-11.512925464970229
-11.512925464970229,-0.25601184,-1.5060118,-11.512925464970229,-11.512925464970229
-11.512925464970229,-2.3519757,-0.101975635,-10.726975,-11.512925464970229
-11.512925464970229,-6.505105,-0.0051049682999999,-5.630105,-11.512925464970229
-11.512925464970229,-0.5759696000000001,-0.8259695999999999,-11.45097,-11.512925464970229
-11.512925464970229,-3.7736332,-0.0236332639999999,-7.8986335,-11.512925464970229
-11.512925464970229,-1.1383853,-0.3883852399999999,-10.513385,-11.512925464970229
-11.512925464970229,-6.2547317,-0.0047318917,-5.8797317,-11.512925464970229
-11.512925464970229,-0.6931673,-0.6931673,-11.193168,-11.512925464970229
-11.512925464970229,-0.1272290999999999,-2.1272292,-11.512925464970229,-11.512925464970229
-11.512925464970229,-11.512925464970229,-6.7526326,-0.0026326114,-7.5026326
-11.512925464970229,-1.1911973,-0.4411973,-9.566197,-11.512925464970229
-11.512925464970229,-0.10022285,-2.3502228,-11.512925464970229,-11.512925464970229
-11.512925464970229,-2.8121388,-0.06213887,-9.062139,-11.512925464970229
-11.512925464970229,-11.512925464970229,-1.5251321,-0.2751321,-11.512925464970229
-11.512925464970229,-3.0488627,-0.0488628099999999,-8.673862,-11.512925464970229
-11.512925464970229,-1.7105389,-0.21053892,-9.460539,-11.512925464970229
-11.512925464970229,-5.149456,-0.0244560609999999,-7.649456,-11.512925464970229
-8.388199,-0.2631987999999999,-4.513199,-11.512925464970229,-11.512925464970229
-11.512925464970229,-11.512925464970229,-1.5044014,-0.2544014799999999,-11.512925464970229
-11.512925464970229,-11.512925464970229,-1.138183,-0.3881829999999999,-11.512925464970229
-11.512925464970229,-11.512925464970229,-0.5769003,-0.8269003,-11.512925464970229
-11.512925464970229,-1.0240333,-0.52403337,-9.024034,-11.512925464970229
-11.512925464970229,-11.512925464970229,-1.9106408,-0.16064084,-11.512925464970229
-11.512925464970229,-3.2885182,-0.038518205,-8.788518,-11.512925464970229
-11.512925464970229,-7.756077,-0.0060766874999999,-5.381077,-11.512925464970229
-11.512925464970229,-11.512925464970229,-11.512925464970229,-2.4064288,-0.1564287699999999
-11.512925464970229,-6.767758,-0.0177578199999999,-6.017758,-11.512925464970229
-10.813595,-0.06359472,-2.8135948,-11.512925464970229,-11.512925464970229
-11.512925464970229,-11.512925464970229,-2.3503506,-0.1003507299999999,-11.512925464970229
-11.512925464970229,-11.512925464970229,-11.512925464970229,-0.0009966061999999,-9.375997
-11.512925464970229,-9.758082,-0.008082579,-5.2580824,-11.512925464970229
-11.512925464970229,-0.79897666,-0.79897666,-9.798977,-11.512925464970229
-11.512925464970229,-0.1130433499999999,-2.3630433,-11.512925464970229,-11.512925464970229
-11.382626,-0.0076252,-4.882625,-11.512925464970229,-11.512925464970229
-11.512925464970229,-5.323702,-0.6987017,-7.323702,-11.512925464970229
-11.512925464970229,-5.761055,-0.0110548899999999,-8.136055,-11.512925464970229
-11.512925464970229,-1.9112244,-0.16122438,-9.036224,-11.512925464970229
-11.512925464970229,-11.512925464970229,-0.99792945,-0.4979294199999999,-11.512925464970229
-11.512925464970229,-5.5230474,-0.023047356,-7.0230474,-11.512925464970229
-11.512925464970229,-1.5019766,-0.2519766,-10.001977,-11.512925464970229
-11.512925464970229,-2.3715224,-0.1215224199999999,-8.246522,-11.512925464970229
-11.512925464970229,-11.512925464970229,-11.512925464970229,-0.0026240506999999,-6.002624
-11.512925464970229,-4.821159,-0.0711590699999999,-6.821159,-11.512925464970229
-11.512925464970229,-3.8968728,-0.02187284,-7.521873,-11.512925464970229
-11.512925464970229,-4.6458926,-0.02089266,-6.5208926,-11.512925464970229
-11.512925464970229,-11.512925464970229,-11.512925464970229,-0.0033849377999999,-6.003385
-11.512925464970229,-6.3988214,-0.023821272,-5.5238214,-11.512925464970229
-11.512925464970229,-0.2520258000000001,-1.5020258,-11.502026,-11.512925464970229
-11.512925464970229,-4.264633,-0.014633165,-7.889633,-11.512925464970229
-11.512925464970229,-6.1277122,-0.0027121534,-7.6277122,-11.512925464970229
-11.512925464970229,-4.2651563,-0.015156255,-7.3901563,-11.512925464970229
-11.512925464970229,-2.8122075,-0.062207542,-8.562207,-11.512925464970229
-11.512925464970229,-2.1273332,-0.1273331,-9.127333,-11.512925464970229
-11.512925464970229,-1.3283862,-0.32838616,-10.203386,-11.512925464970229
-11.512925464970229,-1.3145477,-0.3145476300000001,-10.189548,-11.512925464970229
-11.512925464970229,-2.5791209,-0.07912078,-8.579121,-11.512925464970229
-11.512925464970229,-6.1273766,-0.0023763655,-8.877377,-11.512925464970229
-11.512925464970229,-11.512925464970229,-11.512925464970229,-0.1442619,-2.3942618
-11.512925464970229,-0.73342794,-0.73342794,-9.858428,-11.512925464970229
-11.512925464970229,-1.3133125,-0.3133125999999999,-9.938313,-11.512925464970229
-11.512925464970229,-11.512925464970229,-5.5041676,-0.004167676,-11.512925464970229
-11.512925464970229,-11.512925464970229,-11.512925464970229,-0.0017685895999999,-8.251769
-11.512925464970229,-7.126738,-0.0017381248,-7.501738,-11.512925464970229
-11.512925464970229,-8.127654,-0.0026543708999999,-7.7526546,-11.512925464970229
-11.512925464970229,-1.5020089,-0.2520088599999999,-9.502008,-11.512925464970229
-6.7512674,-0.0012673746,-9.251267,-11.512925464970229,-11.512925464970229
-11.512925464970229,-1.1370633,-0.38706324,-9.887063,-11.512925464970229
-11.512925464970229,-4.2644587,-0.0144586999999999,-8.764459,-11.512925464970229
-10.725294,-0.10029411,-2.350294,-11.512925464970229,-11.512925464970229
-11.512925464970229,-4.6454344,-0.020434441,-6.1454344,-11.512925464970229
-11.512925464970229,-6.3815737,-0.0065736189999999,-5.5065737,-11.512925464970229
-11.512925464970229,-1.9102999,-0.16029987,-9.5353,-11.512925464970229
-11.512925464970229,-3.055579,-0.0555788429999999,-7.4305787,-11.512925464970229
-9.386133,-0.01113295,-4.5111327,-11.512925464970229,-11.512925464970229
-11.512925464970229,-1.7015816,-0.20158164,-9.326582,-11.512925464970229
-11.512925464970229,-4.2657423,-0.01574235,-7.7657423,-11.512925464970229
-11.512925464970229,-6.6278806,-0.0028803572,-6.6278806,-11.512925464970229
-11.512925464970229,-11.512925464970229,-8.127795,-0.0027951337,-10.627795
-11.512925464970229,-0.1602475799999999,-1.9102476,-11.512925464970229,-11.512925464970229
-11.512925464970229,-0.1002189699999999,-2.350219,-11.512925464970229,-11.512925464970229
-11.512925464970229,-0.5768122,-1.0768123,-11.326812,-11.512925464970229
-8.378612,-0.0036111166999999,-8.503612,-11.512925464970229,-11.512925464970229
-11.512925464970229,-11.512925464970229,-0.47458443,-0.97458446,-11.512925464970229
-11.512925464970229,-9.521759,-0.02175877,-4.0217586,-11.512925464970229
-11.512925464970229,-7.899344,-0.0243437959999999,-4.024344,-11.512925464970229
-11.512925464970229,-9.802528,-0.05252852,-3.0525286,-11.512925464970229
-11.512925464970229,-9.519699,-0.0196988079999999,-4.0196986,-11.512925464970229
-11.512925464970229,-7.002531,-0.0025310719999999,-7.002531,-11.512925464970229
-11.512925464970229,-11.512925464970229,-0.8475092999999999,-0.5975093000000001,-11.512925464970229
-11.512925464970229,-11.512925464970229,-5.5127964,-0.0127966254999999,-8.887796
-11.512925464970229,-6.405692,-0.030692061,-5.155692,-11.512925464970229
-11.512925464970229,-6.3800817,-0.0050815989999999,-6.0050817,-11.512925464970229
-11.512925464970229,-1.7027904,-0.20279033,-8.82779,-11.512925464970229
-11.512925464970229,-11.512925464970229,-9.250185,-0.0001851830199999,-11.512925464970229
-11.512925464970229,-10.313101,-0.0631010459999999,-2.813101,-11.512925464970229
-11.512925464970229,-0.82705563,-0.82705563,-10.577056,-11.512925464970229
-11.512925464970229,-8.009176,-0.009175807,-4.759176,-11.512925464970229
-10.005146,-0.0051464695,-6.2551465,-11.512925464970229,-11.512925464970229
-11.512925464970229,-6.75325,-0.0032500812999999,-6.75325,-11.512925464970229
-11.512925464970229,-3.3479106,-0.09791054,-8.847911,-11.512925464970229
-11.512925464970229,-5.755586,-0.0055860259999999,-6.255586,-11.512925464970229
-11.512925464970229,-7.6403446,-0.015344457,-4.2653446,-11.512925464970229
-11.512925464970229,-6.754967,-0.004967255,-6.004967,-11.512925464970229
-11.512925464970229,-5.256657,-0.0066572343999999,-7.131657,-11.512925464970229
-11.512925464970229,-1.9633875,-0.2133874399999999,-8.9633875,-11.512925464970229
-11.512925464970229,-11.065912,-1.3159122,-0.3159122999999999,-11.512925464970229
-11.512925464970229,-8.708997,-0.08399707,-3.833997,-11.512925464970229
-11.512925464970229,-8.261789,-0.0117890179999999,-4.511789,-11.512925464970229
-11.512925464970229,-2.1283762,-0.1283761399999999,-9.003376,-11.512925464970229
-11.512925464970229,-11.512925464970229,-6.0110726,-0.0110726999999999,-11.512925464970229
-11.512925464970229,-0.97736776,-0.4773677599999999,-10.602367,-11.512925464970229
-11.512925464970229,-0.4530104,-1.7030104,-11.453011,-11.512925464970229
-11.512925464970229,-6.1315775,-0.0065776499999999,-7.1315775,-11.512925464970229
-8.500766,-0.0007659103,-7.875766,-11.512925464970229,-11.512925464970229
-11.512925464970229,-1.0377443,-0.5377442000000001,-9.0377445,-11.512925464970229
-11.512925464970229,-0.16529426,-1.9152943,-11.512925464970229,-11.512925464970229
-10.886316,-0.13631675,-2.6363168,-11.512925464970229,-11.512925464970229
-11.512925464970229,-2.3516748,-0.1016746999999999,-8.226675,-11.512925464970229
-11.512925464970229,-6.270661,-0.0206607699999999,-7.395661,-11.512925464970229
-11.512925464970229,-3.288419,-0.0384190899999999,-8.163419,-11.512925464970229
-11.512925464970229,-11.512925464970229,-2.8121672,-0.06216722,-11.512925464970229
-4.514439,-0.0144391939999999,-6.264439,-11.512925464970229,-11.512925464970229
-11.512925464970229,-4.079548,-0.0795480399999999,-7.579548,-11.512925464970229
-11.512925464970229,-5.3870087,-0.0120087229999999,-6.5120087,-11.512925464970229
-11.512925464970229,-11.512925464970229,-0.83022666,-0.5802266599999999,-11.512925464970229
-11.512925464970229,-11.512925464970229,-11.512925464970229,-0.009163405,-7.5091634
-11.512925464970229,-1.0377443,-0.5377442000000001,-9.0377445,-11.512925464970229
-6.627333,-0.0023329516,-9.252333,-11.512925464970229,-11.512925464970229
-10.909257,-0.034256887,-3.534257,-11.512925464970229,-11.512925464970229
-8.8758545,-0.0008540623999999,-7.375854,-11.512925464970229,-11.512925464970229
-11.512925464970229,-5.8351483,-0.0851484599999999,-5.7101483,-11.512925464970229
-11.512925464970229,-0.85362595,-0.60362595,-9.478626,-11.512925464970229
-11.512925464970229,-1.1390567,-0.38905665,-10.764056,-11.512925464970229
-11.512925464970229,-2.812386,-0.062386084,-8.0623865,-11.512925464970229
-11.512925464970229,-4.0188,-0.0187997989999999,-7.7688,-11.512925464970229
-11.512925464970229,-0.6939283,-0.6939283,-10.568929,-11.512925464970229
-11.512925464970229,-6.130976,-0.0059763155999999,-6.630976,-11.512925464970229
-3.28833,-0.0383300599999999,-8.53833,-11.512925464970229,-11.512925464970229
-11.512925464970229,-4.1787305,-0.1787303999999999,-5.8037305,-11.512925464970229
-11.512925464970229,-1.1478891,-0.39788917,-9.272889,-11.512925464970229
-11.512925464970229,-4.393102,-0.018102298,-7.768102,-11.512925464970229
-11.512925464970229,-11.512925464970229,-8.75335,-0.0033503668,-11.12835
-11.464972,-0.0899713999999999,-3.5899713,-11.512925464970229,-11.512925464970229
-10.382179,-0.0071793217,-5.0071793,-11.512925464970229,-11.512925464970229
-10.765668,-0.015668297,-6.5156684,-11.512925464970229,-11.512925464970229
-11.512925464970229,-0.1269743099999999,-2.1269743,-11.512925464970229,-11.512925464970229
-11.512925464970229,-1.1369774,-0.3869774299999999,-10.386977,-11.512925464970229
-11.512925464970229,-1.1378452,-0.3878451299999999,-9.637845,-11.512925464970229
-11.512925464970229,-1.3143854,-0.31438538,-10.814385,-11.512925464970229
-11.512925464970229,-1.316761,-0.3167609599999999,-9.066761,-11.512925464970229
-11.512925464970229,-2.1301725,-0.13017242,-9.630173,-11.512925464970229
-11.512925464970229,-4.144082,-0.019082285,-7.019082,-11.512925464970229
-11.512925464970229,-5.0108957,-0.010895726,-6.8858957,-11.512925464970229
-10.143617,-0.0186170409999999,-4.018617,-11.512925464970229,-11.512925464970229
-11.512925464970229,-11.512925464970229,-4.266068,-0.016067801,-11.512925464970229
-11.480196,-0.48019558,-0.9801956,-10.730196,-11.512925464970229
-11.512925464970229,-11.129126,-0.25412545,-1.5041255,-11.512925464970229
-11.512925464970229,-11.512925464970229,-6.506733,-0.0067331299999999,-11.512925464970229
-11.512925464970229,-9.835976,-0.0859754599999999,-2.5859754,-11.512925464970229
-11.512925464970229,-4.635567,-0.010567261,-7.260567,-11.512925464970229
-11.512925464970229,-5.382434,-0.0074339932999999,-6.632434,-11.512925464970229
-11.512925464970229,-0.045382775,-3.2953827,-11.512925464970229,-11.512925464970229
-11.512925464970229,-11.512925464970229,-0.0801239999999999,-2.580124,-11.512925464970229
-11.512925464970229,-11.512925464970229,-0.9777741,-0.47777408,-11.512925464970229
-11.512925464970229,-10.347921,-0.0979217899999999,-3.9729218,-11.512925464970229
-11.512925464970229,-0.1607039699999999,-1.910704,-11.512925464970229,-11.512925464970229
-11.512925464970229,-9.1571665,-0.0321666969999999,-4.2821665,-11.512925464970229
-11.512925464970229,-9.6307125,-0.005712628,-6.0057125,-11.512925464970229
-11.512925464970229,-5.13095,-0.005950133,-10.75595,-11.512925464970229
-11.512925464970229,-11.512925464970229,-11.512925464970229,-0.0370866769999999,-3.7870867
-11.512925464970229,-4.6417823,-0.016782174,-7.8917823,-11.512925464970229
-11.512925464970229,-11.289914,-0.289914,-1.539914,-11.512925464970229
-11.512925464970229,-7.3765707,-0.0015708031,-7.1265707,-11.512925464970229
-11.512925464970229,-11.512925464970229,-4.269325,-0.0193248259999999,-11.512925464970229
-11.512925464970229,-6.8900127,-0.0150126549999999,-6.5150127,-11.512925464970229
-11.512925464970229,-10.394656,-0.019656606,-4.0196567,-11.512925464970229
-11.512925464970229,-5.1796455,-0.054645397,-7.8046455,-11.512925464970229
-8.253364,-0.0033639084999999,-8.128364,-11.512925464970229,-11.512925464970229
-11.512925464970229,-6.5037103,-0.0037104116999999,-6.5037103,-11.512925464970229
-11.512925464970229,-10.002205,-0.2522047199999999,-1.5022047,-11.512925464970229
-11.512925464970229,-0.0384622199999999,-3.2884622,-11.512925464970229,-11.512925464970229
-11.512925464970229,-8.975518,-0.1005182799999999,-3.8505182,-11.512925464970229
-11.512925464970229,-10.483032,-0.1080324499999999,-2.3580325,-11.512925464970229
-11.512925464970229,-8.777914,-0.0279145169999999,-3.7779145,-11.512925464970229
-11.512925464970229,-2.8119774,-0.0619773159999999,-11.512925464970229,-11.512925464970229
-11.512925464970229,-0.38974607,-1.1397461,-9.264746,-11.512925464970229
-11.512925464970229,-1.1548505,-0.4048505399999999,-10.279851,-11.512925464970229
-11.512925464970229,-3.050071,-0.050071012,-8.425071,-11.512925464970229
-11.512925464970229,-9.651415,-0.02641525,-3.7764153,-11.512925464970229
-11.512925464970229,-11.512925464970229,-4.7586465,-0.0086465979999999,-11.512925464970229
-11.512925464970229,-6.2563224,-0.0063222855999999,-5.6313224,-11.512925464970229
-11.512925464970229,-3.9188519,-0.0438519379999999,-7.543852,-11.512925464970229
-10.259801,-0.0098009499999999,-4.634801,-11.512925464970229,-11.512925464970229
-11.512925464970229,-0.24623345,-1.9962335,-11.512925464970229,-11.512925464970229
-11.512925464970229,-5.135143,-0.0101427585,-8.760142,-11.512925464970229
-11.512925464970229,-2.8128045,-0.06280454,-9.437804,-11.512925464970229
-7.2741666,-0.024166465,-8.399166,-11.512925464970229,-11.512925464970229
-11.512925464970229,-7.8803644,-0.005364545,-5.5053644,-11.512925464970229
-11.512925464970229,-7.1303043,-0.0053043156,-5.8803043,-11.512925464970229
-11.512925464970229,-3.2881627,-0.03816279,-9.163163,-11.512925464970229
-11.512925464970229,-5.629736,-0.0047359224,-7.129736,-11.512925464970229
-11.512925464970229,-11.512925464970229,-6.5156593,-0.0156592599999999,-11.140659
-11.512925464970229,-6.5064793,-0.0064791142999999,-6.1314793,-11.512925464970229
-11.512925464970229,-5.151578,-0.0265777799999999,-8.401578,-11.512925464970229
-11.512925464970229,-7.3769975,-0.0019972736,-6.6269975,-11.512925464970229
-11.512925464970229,-11.512925464970229,-11.512925464970229,-0.0041148503999999,-10.379115
-11.512925464970229,-6.627874,-0.0028738229999999,-6.752874,-11.512925464970229
-11.512925464970229,-0.69374615,-0.69374615,-11.318747,-11.512925464970229
-11.512925464970229,-5.2558775,-0.0058775987,-8.7558775,-11.512925464970229
-11.512925464970229,-0.0667201399999999,-3.5667202,-11.512925464970229,-11.512925464970229
-11.512925464970229,-11.512925464970229,-1.7014143,-0.20141432,-11.512925464970229
-11.512925464970229,-7.764841,-0.13984115,-4.389841,-11.512925464970229
-11.512925464970229,-5.652379,-0.02737901,-7.402379,-11.512925464970229
-11.512925464970229,-4.545993,-0.17099275,-9.420993,-11.512925464970229
-11.512925464970229,-9.327038,-0.07703773,-3.5770378,-11.512925464970229
-11.512925464970229,-11.196749,-0.1967484999999999,-2.1967485,-11.512925464970229
-11.512925464970229,-8.150346,-0.0253458269999999,-4.275346,-11.512925464970229
-11.512925464970229,-11.512925464970229,-6.721131,-0.096130855,-3.0961308
-11.512925464970229,-2.1301599,-0.13015985,-9.755159,-11.512925464970229
-11.512925464970229,-11.512925464970229,-1.7663715,-0.2663715499999999,-11.512925464970229
-11.512925464970229,-10.031477,-0.1564771999999999,-2.9064772,-11.512925464970229
-11.512925464970229,-11.512925464970229,-11.512925464970229,-0.0026575817999999,-8.627658
-11.512925464970229,-8.320313,-0.0703133,-4.8203135,-11.512925464970229
-11.512925464970229,-0.12764646,-2.1276464,-11.512925464970229,-11.512925464970229
-11.512925464970229,-11.512925464970229,-0.5839324599999999,-0.8339324600000001,-11.512925464970229
-11.512925464970229,-0.42449072,-1.1744907,-11.512925464970229,-11.512925464970229
-11.512925464970229,-0.5850211,-0.8350211,-11.460021,-11.512925464970229
-11.512925464970229,-8.62658,-0.0015798516,-7.0015798,-11.512925464970229
-11.512925464970229,-9.377244,-0.1272440999999999,-3.627244,-11.512925464970229
-11.512925464970229,-11.512925464970229,-0.05552935,-3.3055294,-11.512925464970229
-11.512925464970229,-2.2694452,-0.26944512,-9.269445,-11.512925464970229
-11.512925464970229,-5.50717,-0.0071699779999999,-7.38217,-11.512925464970229
-11.512925464970229,-9.98978,-0.11478067,-4.239781,-11.512925464970229
-0.49848077,-0.9984808,-7.498481,-11.512925464970229,-11.512925464970229
-11.512925464970229,-7.0081487,-0.0081485589999999,-5.7581487,-11.512925464970229
-11.512925464970229,-7.0290165,-0.029016484,-4.2790165,-11.512925464970229
-11.512925464970229,-10.128397,-0.0033974102999999,-5.7533975,-11.512925464970229
-11.512925464970229,-11.512925464970229,-6.5312104,-0.031210227,-11.512925464970229
-11.512925464970229,-6.385923,-0.010922723,-7.385923,-11.512925464970229
-11.512925464970229,-2.705294,-0.0802939799999999,-10.205294,-11.512925464970229
-11.512925464970229,-6.2064905,-0.08149042,-7.4564905,-11.512925464970229
-11.512925464970229,-2.4729192,-0.0979193,-10.097919,-11.512925464970229
-11.512925464970229,-0.3927408499999999,-1.1427408,-11.512925464970229,-11.512925464970229
-11.512925464970229,-4.2644863,-0.0144864279999999,-8.139486,-11.512925464970229
-11.512925464970229,-0.12843518,-2.1284351,-11.512925464970229,-11.512925464970229
-11.512925464970229,-0.37867308,-2.128673,-11.512925464970229,-11.512925464970229
-11.512925464970229,-0.3887887,-1.1387887,-11.512925464970229,-11.512925464970229
-11.512925464970229,-4.265438,-0.0154378919999999,-7.890438,-11.512925464970229
-11.512925464970229,-11.512925464970229,-0.0879168199999999,-2.5879169,-11.512925464970229
-11.512925464970229,-9.66991,-0.1699103699999999,-2.1699104,-11.512925464970229
-11.512925464970229,-9.640339,-0.0153384699999999,-4.7653384,-11.512925464970229
-11.512925464970229,-6.391997,-0.016996788,-6.766997,-11.512925464970229
-11.512925464970229,-2.3506112,-0.1006110899999999,-9.725611,-11.512925464970229
-11.512925464970229,-11.512925464970229,-11.512925464970229,-0.0054634362,-8.380464
-11.512925464970229,-11.281446,-0.1564463,-2.9064462,-11.512925464970229
-11.512925464970229,-4.7593937,-0.0093934799999999,-8.759394,-11.512925464970229
-11.512925464970229,-4.1452045,-0.0202045529999999,-8.770205,-11.512925464970229
-11.512925464970229,-10.196774,-0.1967734799999999,-2.6967735,-11.512925464970229
-11.512925464970229,-4.6367116,-0.011711611,-7.1367116,-11.512925464970229
-11.512925464970229,-6.015176,-0.015175978,-6.390176,-11.512925464970229
-11.512925464970229,-8.135343,-0.010342527,-4.6353426,-11.512925464970229
-11.512925464970229,-3.2885914,-0.0385912659999999,-7.7885914,-11.512925464970229
-11.512925464970229,-0.9788829,-0.4788829399999999,-9.728883,-11.512925464970229
-11.512925464970229,-4.2650414,-0.015041419,-7.1400414,-11.512925464970229
-11.512925464970229,-6.5112653,-0.0112650924999999,-4.6362653,-11.512925464970229
-11.512925464970229,-11.512925464970229,-5.514804,-0.0148040739999999,-5.014804
-11.512925464970229,-9.680583,-0.0555829069999999,-3.305583,-11.512925464970229
-11.512925464970229,-5.013225,-0.013225174,-7.388225,-11.512925464970229
-11.512925464970229,-3.6519797,-0.0269795709999999,-7.7769794,-11.512925464970229
-11.512925464970229,-11.512925464970229,-6.0026364,-0.0026362957,-11.512925464970229
-11.512925464970229,-0.6933928,-0.6933928,-10.568393,-11.512925464970229
-11.512925464970229,-9.135875,-0.010875083,-5.510875,-11.512925464970229
-11.512925464970229,-6.377885,-0.0028846409999999,-7.127885,-11.512925464970229
-11.512925464970229,-4.8836913,-0.00869115,-8.633691,-11.512925464970229
-11.512925464970229,-9.314695,-0.0646949599999999,-2.814695,-11.512925464970229
-11.512925464970229,-11.512925464970229,-0.2899098999999999,-1.5399098,-11.512925464970229
-11.512925464970229,-9.486785,-0.23678447,-3.3617845,-11.512925464970229
-11.512925464970229,-10.830696,-0.3306962999999999,-1.5806963,-11.512925464970229
-11.512925464970229,-11.512925464970229,-0.57733643,-0.82733643,-11.512925464970229
-11.512925464970229,-8.879871,-0.004871639,-5.879872,-11.512925464970229
-11.512925464970229,-10.387987,-0.26298705,-1.512987,-11.512925464970229
-11.512925464970229,-11.512925464970229,-2.1284294,-0.1284293099999999,-11.512925464970229
-11.512925464970229,-8.892813,-0.1428126099999999,-2.0178127,-11.512925464970229
-11.512925464970229,-8.136688,-0.0116885149999999,-5.8866887,-11.512925464970229
-11.512925464970229,-11.426458,-0.5514581000000001,-1.5514581,-11.512925464970229
-11.512925464970229,-11.512925464970229,-11.512925464970229,-0.0033357523,-5.753336
-11.512925464970229,-8.945876,-0.07087572,-3.8208756,-11.512925464970229
-11.512925464970229,-10.670342,-0.045342572,-3.5453427,-11.512925464970229
-11.512925464970229,-0.28408515,-1.7840852,-11.512925464970229,-11.512925464970229
-11.512925464970229,-0.048596688,-3.0485966,-11.512925464970229,-11.512925464970229
-11.512925464970229,-2.5801182,-0.080118164,-8.205118,-11.512925464970229
-11.512925464970229,-0.0141730329999999,-4.264173,-11.512925464970229,-11.512925464970229
-11.512925464970229,-0.13469483,-2.3846948,-11.512925464970229,-11.512925464970229
-11.512925464970229,-0.3162658199999999,-1.3162658,-11.066266,-11.512925464970229
-10.004021,-0.004020338,-6.50402,-11.512925464970229,-11.512925464970229
-11.512925464970229,-6.2565856,-0.0065854549999999,-5.3815856,-11.512925464970229
-11.512925464970229,-8.502362,-0.12736228,-2.3773623,-11.512925464970229
-11.512925464970229,-11.512925464970229,-3.051675,-0.051675074,-9.801675
-11.512925464970229,-7.7697706,-0.2697706799999999,-2.0197706,-11.512925464970229
-11.512925464970229,-0.8260145,-0.5760145,-9.5760145,-11.512925464970229
-11.512925464970229,-6.281624,-0.031623665,-3.5316236,-11.512925464970229
-11.512925464970229,-8.014522,-0.0145214479999999,-4.5145216,-11.512925464970229
-11.512925464970229,-0.9803065,-0.4803065000000001,-8.855307,-11.512925464970229
-9.258983,-0.0089826659999999,-5.0089827,-11.512925464970229,-11.512925464970229
-5.8781095,-0.0031093846,-8.128109,-11.512925464970229,-11.512925464970229
-11.512925464970229,-0.9749204,-0.4749204,-11.09992,-11.512925464970229
-11.512925464970229,-0.97533697,-0.72533697,-10.725337,-11.512925464970229
-11.512925464970229,-0.47414127,-0.97414124,-10.974141,-11.512925464970229
-11.512925464970229,-5.604723,-0.1047230799999999,-7.104723,-11.512925464970229
-11.512925464970229,-1.4580591,-0.958059,-10.458059,-11.512925464970229
-11.512925464970229,-2.624018,-0.124018006,-8.874018,-11.512925464970229
-11.512925464970229,-0.10025067,-2.3502507,-11.512925464970229,-11.512925464970229
-11.512925464970229,-4.512009,-0.0120090719999999,-8.262009,-11.512925464970229
-8.256977,-0.0069767907,-5.0069766,-11.512925464970229,-11.512925464970229
-11.512925464970229,-2.9299693,-0.054969285,-9.429969,-11.512925464970229
-11.512925464970229,-3.652221,-0.0272209009999999,-8.902221,-11.512925464970229
-11.512925464970229,-0.97415674,-0.4741567400000001,-10.224156,-11.512925464970229
-11.512925464970229,-11.512925464970229,-4.0232916,-0.02329148,-11.512925464970229
-11.512925464970229,-4.265158,-0.0151580209999999,-8.515158,-11.512925464970229
-11.512925464970229,-0.6957972,-0.6957972,-10.945797,-11.512925464970229
-11.512925464970229,-0.038051937,-3.2880518,-11.512925464970229,-11.512925464970229
-11.512925464970229,-4.266541,-0.0165411349999999,-7.266541,-11.512925464970229
-11.512925464970229,-0.33257106,-1.332571,-11.512925464970229,-11.512925464970229
-11.512925464970229,-3.529752,-0.029752104,-11.512925464970229,-11.512925464970229
-11.512925464970229,-3.1903496,-0.06534967,-9.56535,-11.512925464970229
-11.512925464970229,-4.2712073,-0.021207476,-7.7712073,-11.512925464970229
-11.512925464970229,-9.708524,-0.2085235599999999,-1.7085235,-11.512925464970229
-11.512925464970229,-1.272059,-1.022059,-10.6470585,-11.512925464970229
-11.512925464970229,-10.474106,-0.47410536,-0.97410536,-11.512925464970229
-11.512925464970229,-11.512925464970229,-6.876742,-0.0017419357,-7.251742
-11.512925464970229,-0.31423956,-1.3142395,-11.512925464970229,-11.512925464970229
-11.512925464970229,-10.446766,-0.1967659299999999,-2.696766,-11.512925464970229
-11.512925464970229,-10.627863,-0.12786259,-2.1278627,-11.512925464970229
-11.512925464970229,-11.512925464970229,-8.518362,-0.018362511,-11.268362
-11.512925464970229,-2.4221213,-0.17212133,-8.172121,-11.512925464970229
-11.512925464970229,-0.4979516599999999,-0.9979516000000002,-10.7479515,-11.512925464970229
-11.512925464970229,-0.97492063,-0.47492063,-11.34992,-11.512925464970229
-11.512925464970229,-2.9064677,-0.1564676999999999,-10.281467,-11.512925464970229
-11.512925464970229,-4.7344284,-0.10942829,-7.8594284,-11.512925464970229
-11.512925464970229,-6.378689,-0.0036889127999999,-6.503689,-11.512925464970229
-11.512925464970229,-4.91291,-0.037910193,-7.16291,-11.512925464970229
-11.512925464970229,-3.5301232,-0.0301232409999999,-8.655124,-11.512925464970229
-11.512925464970229,-9.482779,-0.10777816,-3.107778,-11.512925464970229
-11.512925464970229,-0.0382474599999999,-3.2882473,-11.512925464970229,-11.512925464970229
-11.512925464970229,-11.349135,-0.97413576,-0.4741358,-11.512925464970229
-11.512925464970229,-6.5252504,-0.0252503999999999,-4.2752504,-11.512925464970229
-11.512925464970229,-7.7515144,-0.0015145040999999,-6.8765144,-11.512925464970229
-11.512925464970229,-0.0126689219999999,-4.762669,-11.512925464970229,-11.512925464970229
-11.512925464970229,-0.4294021,-1.1794021,-11.179402,-11.512925464970229
-11.512925464970229,-1.9239662,-0.17396611,-9.673966,-11.512925464970229
-11.512925464970229,-2.3505032,-0.1005031899999999,-9.350503,-11.512925464970229
-11.512925464970229,-1.5060427,-0.2560427499999999,-10.2560425,-11.512925464970229
-11.512925464970229,-8.006596,-0.0065957639999999,-6.8815956,-11.512925464970229
-9.251815,-0.0018152403999999,-6.3768153,-11.512925464970229,-11.512925464970229
-11.512925464970229,-1.1388197,-0.3888197500000001,-10.13882,-11.512925464970229
-11.512925464970229,-0.69328535,-0.69328535,-10.318285,-11.512925464970229
-11.512925464970229,-1.5039318,-0.2539318199999999,-9.503932,-11.512925464970229
-11.512925464970229,-5.0075164,-0.0075163575999999,-7.3825164,-11.512925464970229
-11.512925464970229,-2.3508112,-0.100811265,-8.725811,-11.512925464970229
-11.512925464970229,-0.8259857,-0.5759857000000002,-10.200986,-11.512925464970229
-11.512925464970229,-0.2014857499999999,-1.7014858,-11.512925464970229,-11.512925464970229
-11.512925464970229,-7.8517957,-0.101795845,-2.351796,-11.512925464970229
-11.512925464970229,-4.066165,-0.0661650799999999,-8.191165,-11.512925464970229
-11.512925464970229,-4.7615776,-0.0115774069999999,-7.1365776,-11.512925464970229
-11.512925464970229,-0.100376174,-2.3503761,-11.512925464970229,-11.512925464970229
-11.512925464970229,-7.8481565,-0.09815653,-3.3481565,-11.512925464970229
-11.512925464970229,-1.5087457,-0.2587456699999999,-9.133745,-11.512925464970229
-11.512925464970229,-0.9770001,-0.4770001499999999,-10.102,-11.512925464970229
-10.001754,-0.0017534764,-6.3767533,-11.512925464970229,-11.512925464970229
-11.512925464970229,-1.3132627,-0.31326264,-11.512925464970229,-11.512925464970229
-11.512925464970229,-10.107743,-0.107743606,-3.1077435,-11.512925464970229
-11.512925464970229,-3.728313,-0.10331292,-9.3533125,-11.512925464970229
-11.512925464970229,-4.0959826,-0.09598249,-8.095983,-11.512925464970229
-9.633477,-0.0084767579999999,-6.3834767,-11.512925464970229,-11.512925464970229
-11.512925464970229,-6.0025506,-0.0025505772999999,-9.50255,-11.512925464970229
-11.512925464970229,-4.148721,-0.023721157,-8.523721,-11.512925464970229
-11.512925464970229,-5.5157,-0.01569963,-7.3907,-11.512925464970229
-11.512925464970229,-3.535962,-0.03596205,-6.785962,-11.512925464970229
-11.512925464970229,-11.512925464970229,-0.3135440299999999,-1.313544,-11.512925464970229
-11.512925464970229,-1.3133111,-0.3133111,-10.563311,-11.512925464970229
-11.512925464970229,-10.913938,-0.0389377099999999,-3.2889378,-11.512925464970229
-11.512925464970229,-11.512925464970229,-11.512925464970229,-0.008711011,-9.258711
-11.512925464970229,-9.8514595,-0.1014592099999999,-2.3514593,-11.512925464970229
-11.512925464970229,-1.8047457,-0.1797457199999999,-11.512925464970229,-11.512925464970229
-11.512925464970229,-9.09057,-0.09057001,-4.46557,-11.512925464970229
-11.254044,-0.0040432564,-5.629043,-11.512925464970229,-11.512925464970229
-11.512925464970229,-11.512925464970229,-3.0520177,-0.0520178079999999,-11.512925464970229
-11.512925464970229,-7.3816237,-0.1316236599999999,-5.5066237,-11.512925464970229
-11.512925464970229,-6.64117,-0.016170088,-4.26617,-11.512925464970229
-11.512925464970229,-11.512925464970229,-1.7029922,-0.20299217,-11.512925464970229
-11.512925464970229,-11.512925464970229,-4.0186934,-0.0186935599999999,-11.512925464970229
-11.512925464970229,-10.523348,-0.023347849,-3.7733479,-11.512925464970229
-11.512925464970229,-1.5638858,-0.31388584,-9.188886,-11.512925464970229
-11.512925464970229,-2.3639545,-0.1139545199999999,-6.9889545,-11.512925464970229
-11.512925464970229,-7.144932,-0.019931732,-5.019932,-11.512925464970229
-11.512925464970229,-10.071779,-0.19677944,-2.1967795,-11.512925464970229
-11.512925464970229,-11.512925464970229,-2.5804636,-0.0804636,-11.512925464970229
-11.512925464970229,-11.512925464970229,-1.3303131,-0.3303131000000001,-11.512925464970229
-11.512925464970229,-9.304974,-0.054973233,-2.9299731,-11.512925464970229
-11.512925464970229,-6.2571626,-0.0071627579999999,-5.3821626,-11.512925464970229
-11.512925464970229,-3.7745574,-0.0245573799999999,-7.7745576,-11.512925464970229
-11.512925464970229,-0.1667158999999999,-1.9167159,-11.512925464970229,-11.512925464970229
-11.512925464970229,-3.530698,-0.0306979459999999,-7.655698,-11.512925464970229
-11.512925464970229,-1.5021491,-0.25214913,-10.12715,-11.512925464970229
-11.512925464970229,-3.2906208,-0.0406207329999999,-8.540621,-11.512925464970229
-11.512925464970229,-1.328365,-0.32836497,-10.078365,-11.512925464970229
-11.512925464970229,-5.1314025,-0.0064025925999999,-7.8814025,-11.512925464970229
-11.512925464970229,-4.6351004,-0.0101003929999999,-8.1351,-11.512925464970229
-11.512925464970229,-5.5046034,-0.0046031494,-7.7546034,-11.512925464970229
-11.512925464970229,-11.512925464970229,-11.512925464970229,-7.500814,-0.0008141548599999
-11.512925464970229,-7.389422,-0.01442182,-5.264422,-11.512925464970229
-11.512925464970229,-7.136976,-0.0119758499999999,-5.636976,-11.512925464970229
-11.512925464970229,-3.7756703,-0.0256702829999999,-7.52567,-11.512925464970229
-11.512925464970229,-11.512925464970229,-9.756819,-0.0068183773999999,-10.006819
-11.512925464970229,-4.38803,-0.0130301039999999,-7.76303,-11.512925464970229
-11.512925464970229,-6.0075645,-0.13256459,-5.7575645,-11.512925464970229
-11.512925464970229,-9.149854,-0.0248538349999999,-5.0248537,-11.512925464970229
-11.512925464970229,-1.1548309,-0.40483093,-10.904831,-11.512925464970229
-11.512925464970229,-10.381572,-0.25657183,-1.5065718,-11.512925464970229
-11.512925464970229,-7.629201,-0.004200917,-5.879201,-11.512925464970229
-11.512925464970229,-3.7788348,-0.0288349,-7.653835,-11.512925464970229
-11.512925464970229,-11.0065565,-0.13155647,-2.1315565,-11.512925464970229
-11.512925464970229,-7.383336,-0.0083360759999999,-4.883336,-11.512925464970229
-11.512925464970229,-10.387697,-0.3876971,-1.1376971,-11.512925464970229
-11.512925464970229,-2.127267,-0.12726699,-9.127267,-11.512925464970229
-11.512925464970229,-1.5119265,-0.2619265299999999,-8.261927,-11.512925464970229
-11.512925464970229,-4.0193205,-0.01932027,-8.7693205,-11.512925464970229
-11.512925464970229,-11.327037,-0.5770365600000001,-0.82703656,-11.512925464970229
-11.512925464970229,-11.512925464970229,-0.8292856,-0.5792856000000001,-11.512925464970229
-11.512925464970229,-11.512925464970229,-7.5005784,-0.0005781737,-11.512925464970229
-11.512925464970229,-9.419725,-0.1697256899999999,-1.9197257,-11.512925464970229
-11.512925464970229,-9.3339205,-0.08392056,-2.8339205,-11.512925464970229
-11.512925464970229,-0.3978037199999999,-1.1478038,-11.512925464970229,-11.512925464970229
-11.512925464970229,-7.4593043,-0.0843043549999999,-5.3343043,-11.512925464970229
-11.512925464970229,-0.2014770799999999,-1.701477,-11.512925464970229,-11.512925464970229
-11.512925464970229,-1.7057754,-0.20577535,-9.455775,-11.512925464970229
-11.512925464970229,-7.7593007,-0.009300539,-4.7593007,-11.512925464970229
-11.512925464970229,-6.3793526,-0.004352506,-6.0043526,-11.512925464970229
-11.512925464970229,-7.7569685,-0.0069685014999999,-6.2569685,-11.512925464970229
-11.512925464970229,-8.95412,-0.0791200099999999,-2.57912,-11.512925464970229
-11.512925464970229,-4.302,-0.0520000349999999,-8.052,-11.512925464970229
-9.6261,-0.0010991342,-6.876099,-11.512925464970229,-11.512925464970229
-11.512925464970229,-0.28553528,-1.5355353,-11.512925464970229,-11.512925464970229
-11.512925464970229,-7.2555056,-0.0055056419999999,-5.3805056,-11.512925464970229
-11.512925464970229,-4.759202,-0.009202036,-8.134202,-11.512925464970229
-11.512925464970229,-11.512925464970229,-3.7840497,-0.034049742,-11.512925464970229
-11.512925464970229,-2.147511,-0.1475108999999999,-9.522511,-11.512925464970229
-11.512925464970229,-1.00863,-0.5086301,-10.38363,-11.512925464970229
-11.512925464970229,-8.910606,-0.0356065199999999,-4.4106064,-11.512925464970229
-6.501629,-0.0016287636,-9.001629,-11.512925464970229,-11.512925464970229
-11.512925464970229,-2.8121872,-0.0621872659999999,-8.437187,-11.512925464970229
-11.512925464970229,-0.6931778,-0.6931778,-10.818178,-11.512925464970229
-11.512925464970229,-1.3163022,-0.3163022,-9.816302,-11.512925464970229
-11.512925464970229,-6.888975,-0.013974968,-4.513975,-11.512925464970229
-11.512925464970229,-2.8122277,-0.062227823,-9.312228,-11.512925464970229
-11.512925464970229,-4.0185056,-0.01850552,-8.518505,-11.512925464970229
-11.512925464970229,-4.0190225,-0.019022398,-8.019022,-11.512925464970229
-0.25257602,-1.502576,-10.752576,-11.512925464970229,-11.512925464970229
-11.512925464970229,-7.387824,-0.0128242899999999,-4.512824,-11.512925464970229
-11.512925464970229,-1.5020291,-0.2520290600000001,-9.502029,-11.512925464970229
-11.512925464970229,-3.896021,-0.021020953,-7.771021,-11.512925464970229
-11.512925464970229,-11.512925464970229,-5.278361,-0.0283607259999999,-11.512925464970229
-11.512925464970229,-7.017053,-0.0170531629999999,-4.767053,-11.512925464970229
-10.538115,-0.0381147039999999,-3.2881148,-11.512925464970229,-11.512925464970229
-11.034257,-0.034256767,-3.5342567,-11.512925464970229,-11.512925464970229
-9.780737,-0.030737381,-3.7807374,-11.512925464970229,-11.512925464970229
-11.512925464970229,-1.3144248,-0.3144248,-9.6894245,-11.512925464970229
-11.512925464970229,-8.900757,-0.025756732,-4.025757,-11.512925464970229
-11.512925464970229,-1.3225437,-0.3225436999999999,-9.072544,-11.512925464970229
-11.512925464970229,-6.626587,-0.0015871045999999,-8.251587,-11.512925464970229
-11.512925464970229,-7.377612,-0.0026121633,-6.252612,-11.512925464970229
-11.512925464970229,-4.3904576,-0.0154574939999999,-8.640457,-11.512925464970229
-11.512925464970229,-5.1324344,-0.007434231,-7.2574344,-11.512925464970229
-11.512925464970229,-11.512925464970229,-11.512925464970229,-11.512925464970229,0.0
-11.512925464970229,-8.454249,-0.07924952,-2.8292496,-11.512925464970229
-11.512925464970229,-9.913342,-0.16334254,-1.9133425,-11.512925464970229
-11.512925464970229,-8.660005,-0.0350050199999999,-3.535005,-11.512925464970229
-11.512925464970229,-11.512925464970229,-5.2732925,-0.023292763,-11.512925464970229
-11.512925464970229,-4.3975186,-0.022518426,-7.8975186,-11.512925464970229
-11.512925464970229,-5.266364,-0.016363954,-8.891364,-11.512925464970229
-11.512925464970229,-0.47779685,-0.97779685,-10.852797,-11.512925464970229
-11.512925464970229,-0.0097564429999999,-4.6347566,-11.512925464970229,-11.512925464970229
-11.512925464970229,-0.9754805,-0.4754805,-10.10048,-11.512925464970229
-11.512925464970229,-9.013113,-0.0131134039999999,-4.3881135,-11.512925464970229
-11.512925464970229,-11.512925464970229,-0.02984386,-3.5298438,-11.512925464970229
-11.512925464970229,-7.258369,-0.008368947,-5.633369,-11.512925464970229
-11.512925464970229,-7.25391,-0.0039102687,-6.50391,-11.512925464970229
-11.512925464970229,-9.877184,-0.25218397,-1.5021839,-11.512925464970229
-11.512925464970229,-8.25894,-0.0089396569999999,-5.3839397,-11.512925464970229
-11.512925464970229,-11.512925464970229,-5.506003,-0.0060028596999999,-11.512925464970229
-11.512925464970229,-1.143607,-0.39360705,-9.268607,-11.512925464970229
-11.512925464970229,-7.1298895,-0.0048896736,-5.5048895,-11.512925464970229
-11.512925464970229,-6.7564945,-0.0064947396,-5.2564945,-11.512925464970229
-11.512925464970229,-8.926337,-0.0513373199999999,-3.4263372,-11.512925464970229
-11.512925464970229,-10.262701,-0.012701292,-4.3877015,-11.512925464970229
-11.512925464970229,-3.7741055,-0.024105616,-9.524106,-11.512925464970229
-11.512925464970229,-5.770182,-0.020182118,-6.895182,-11.512925464970229
-11.512925464970229,-0.3992549799999999,-1.149255,-11.512925464970229,-11.512925464970229
-11.512925464970229,-10.306391,-0.3063903499999999,-1.8063903,-11.512925464970229
-11.512925464970229,-7.545037,-0.0450369799999999,-5.045037,-11.512925464970229
-11.512925464970229,-6.636143,-0.011143435,-5.261143,-11.512925464970229
-11.512925464970229,-10.306391,-0.3063903499999999,-1.8063903,-11.512925464970229
-11.512925464970229,-6.2679634,-0.0179634409999999,-6.2679634,-11.512925464970229
-11.512925464970229,-0.82685035,-0.5768503500000001,-9.70185,-11.512925464970229
-11.512925464970229,-3.774138,-0.024137957,-8.5241375,-11.512925464970229
-11.512925464970229,-11.512925464970229,-0.82668734,-0.57668734,-11.512925464970229
-11.512925464970229,-0.4886241999999999,-0.9886242,-11.512925464970229,-11.512925464970229
-10.017337,-0.017336953,-4.892337,-11.512925464970229,-11.512925464970229
-8.136061,-0.0110611469999999,-5.511061,-11.512925464970229,-11.512925464970229
-11.512925464970229,-11.512925464970229,-7.3761806,-0.0011807043,-11.512925464970229
-11.512925464970229,-7.8923025,-0.017302752,-4.2673025,-11.512925464970229
-11.512925464970229,-0.0624942629999999,-2.8124943,-11.512925464970229,-11.512925464970229
-11.512925464970229,-5.5539,-0.05389961,-6.5539,-11.512925464970229
-2.8149648,-0.06496468,-11.512925464970229,-11.512925464970229,-11.512925464970229
-11.512925464970229,-9.661934,-0.4119335399999999,-1.9119335,-11.512925464970229
-11.512925464970229,-6.5057206,-0.0057206929999999,-5.6307206,-11.512925464970229
-11.512925464970229,-0.2025092999999999,-1.7025093,-11.512925464970229,-11.512925464970229
-11.512925464970229,-3.0708613,-0.0708612799999999,-9.070861,-11.512925464970229
-11.512925464970229,-9.735267,-0.1102663199999999,-2.3602662,-11.512925464970229
-11.512925464970229,-5.008137,-0.008137214,-7.133137,-11.512925464970229
-11.512925464970229,-6.5258565,-0.0258566349999999,-6.7758565,-11.512925464970229
-11.512925464970229,-11.512925464970229,-10.13691,-0.3869107999999999,-1.1369108
-11.512925464970229,-2.3595338,-0.1095337399999999,-7.609534,-11.512925464970229
-11.512925464970229,-7.257246,-0.0072461995,-6.257246,-11.512925464970229
-11.512925464970229,-9.830963,-0.0809633,-2.5809634,-11.512925464970229
-11.512925464970229,-11.512925464970229,-6.003978,-0.003977955,-11.512925464970229
-11.512925464970229,-6.631418,-0.006417994,-6.506418,-11.512925464970229
-11.512925464970229,-0.0367273,-3.4117272,-11.512925464970229,-11.512925464970229
-11.512925464970229,-8.897006,-0.02200603,-4.147006,-11.512925464970229
-11.512925464970229,-0.47884166,-0.97884166,-10.853842,-11.512925464970229
-11.512925464970229,-8.801832,-0.051831745,-3.3018317,-11.512925464970229
-11.512925464970229,-6.039066,-0.16406566,-6.539066,-11.512925464970229
-11.512925464970229,-5.26411,-0.014110146,-6.63911,-11.512925464970229
-11.512925464970229,-5.131459,-0.0064592095999999,-7.631459,-11.512925464970229
-11.512925464970229,-3.5902643,-0.090264216,-8.090264,-11.512925464970229
-11.512925464970229,-6.0039787,-0.0039785469999999,-6.5039787,-11.512925464970229
-11.512925464970229,-1.3413166,-0.34131655,-9.216316,-11.512925464970229
-7.204579,-2.4545789,-0.95457894,-1.9545789,-6.329579
-11.512925464970229,-6.9399924,-0.06499261,-6.1899924,-11.512925464970229
-11.512925464970229,-5.764809,-0.0148092369999999,-6.264809,-11.512925464970229
-11.512925464970229,-6.127555,-0.0025550922999999,-8.252555,-11.512925464970229
-11.512925464970229,-11.512925464970229,-11.512925464970229,-0.0032213258,-10.1282215
-11.512925464970229,-5.6318407,-0.0068407604,-6.6318407,-11.512925464970229
-11.512925464970229,-1.9518231,-0.20182309,-10.076823,-11.512925464970229
-11.512925464970229,-0.0146786229999999,-4.3896785,-11.512925464970229,-11.512925464970229
-11.512925464970229,-0.3868926,-1.1368926,-11.261892,-11.512925464970229
-11.512925464970229,-0.0480233999999999,-3.1730235,-11.512925464970229,-11.512925464970229
-11.512925464970229,-0.3868892799999999,-1.1368892,-11.512925464970229,-11.512925464970229
-11.512925464970229,-0.12695625,-2.1269562,-11.512925464970229,-11.512925464970229
-11.512925464970229,-4.0190954,-0.019095274,-8.019095,-11.512925464970229
-11.512925464970229,-0.2519391799999999,-1.5019392,-11.512925464970229,-11.512925464970229
-11.512925464970229,-0.9741069,-0.4741069399999999,-10.474107,-11.512925464970229
-11.512925464970229,-2.1275895,-0.12758939,-9.127589,-11.512925464970229
-11.512925464970229,-8.538488,-0.1634883299999999,-1.9134884,-11.512925464970229
-11.512925464970229,-0.1270954599999999,-2.1270955,-11.512925464970229,-11.512925464970229
-11.512925464970229,-3.288153,-0.0381530339999999,-9.538153,-11.512925464970229
-11.512925464970229,-0.25194725,-1.5019473,-11.512925464970229,-11.512925464970229
-11.512925464970229,-9.803044,-0.0530446249999999,-3.0530446,-11.512925464970229
-11.512925464970229,-0.5759665399999999,-0.8259665399999999,-10.575967,-11.512925464970229
-11.512925464970229,-0.57619923,-0.82619923,-11.2012,-11.512925464970229
-11.512925464970229,-0.12700486,-2.1270049,-11.512925464970229,-11.512925464970229
-11.512925464970229,-0.4740829,-0.9740829,-11.512925464970229,-11.512925464970229
-11.512925464970229,-4.6357546,-0.010754442,-7.1357546,-11.512925464970229
-11.512925464970229,-1.7014626,-0.2014626599999999,-9.951463,-11.512925464970229
-11.512925464970229,-4.032597,-0.0325968299999999,-7.532597,-11.512925464970229
-11.512925464970229,-0.38706,-1.1370599,-11.512925464970229,-11.512925464970229
-11.512925464970229,-1.9102882,-0.1602882,-9.785288,-11.512925464970229
-11.512925464970229,-3.2881575,-0.038157385,-9.538157,-11.512925464970229
-11.512925464970229,-3.7748508,-0.024850806,-8.899851,-11.512925464970229
-11.512925464970229,-11.512925464970229,-11.512925464970229,-0.016604448,-4.2666044
-11.512925464970229,-8.970589,-0.22058907,-3.9705892,-11.512925464970229
-11.512925464970229,-1.9102982,-0.16029826,-9.535298,-11.512925464970229
-11.512925464970229,-4.7589636,-0.0089636389999999,-8.008964,-11.512925464970229
-11.512925464970229,-11.512925464970229,-11.512925464970229,-0.00015383612,-9.250154
-11.512925464970229,-3.5299008,-0.0299006719999999,-9.154901,-11.512925464970229
-11.512925464970229,-4.8929873,-0.0179872139999999,-7.2679873,-11.512925464970229
-11.512925464970229,-2.5906224,-0.0906223799999999,-8.715622,-11.512925464970229
-5.5041814,-0.0041813289999999,-11.129181,-11.512925464970229,-11.512925464970229
-10.253644,-0.003644019,-7.128644,-11.512925464970229,-11.512925464970229
-11.512925464970229,-0.31326187,-1.3132619,-11.512925464970229,-11.512925464970229
-11.512925464970229,-0.00810682,-5.1331067,-11.512925464970229,-11.512925464970229
-10.140664,-0.01566454,-4.5156646,-11.512925464970229,-11.512925464970229
-11.512925464970229,-0.13629937,-2.8862994,-11.512925464970229,-11.512925464970229
-11.512925464970229,-0.1055840199999999,-2.355584,-11.512925464970229,-11.512925464970229
-11.512925464970229,-4.2679925,-0.0179925989999999,-6.1429925,-11.512925464970229
-1.4452391,-2.195239,-1.6952391,-4.320239,-2.695239
-11.512925464970229,-0.98412204,-0.48412207,-10.359122,-11.512925464970229
-9.629309,-0.0043091727,-8.754309,-11.512925464970229,-11.512925464970229
-11.512925464970229,-0.82708985,-0.82708985,-9.70209,-11.512925464970229
-11.512925464970229,-10.804395,-0.4293945,-1.1793945,-11.512925464970229
-11.512925464970229,-0.019636849,-4.0196366,-11.512925464970229,-11.512925464970229
-0.0653558149999999,-2.8153558,-11.512925464970229,-11.512925464970229,-11.512925464970229
-10.627446,-0.0024464005,-7.627446,-11.512925464970229,-11.512925464970229
-11.512925464970229,-0.06265496,-2.812655,-11.512925464970229,-11.512925464970229
-11.400071,-0.02507104,-4.525071,-11.512925464970229,-11.512925464970229
-11.512925464970229,-8.389591,-0.014591456,-4.2645917,-11.512925464970229
-11.512925464970229,-3.6513147,-0.026314816,-11.151315,-11.512925464970229
-11.512925464970229,-10.196773,-0.1967722999999999,-2.1967723,-11.512925464970229
-11.512925464970229,-6.8792586,-0.004258496,-5.7542586,-11.512925464970229
-11.512925464970229,-6.879056,-0.004056079,-6.379056,-11.512925464970229
-11.512925464970229,-5.0092535,-0.1342533,-7.3842535,-11.512925464970229
-11.512925464970229,-4.7652864,-0.0152862304999999,-6.5152864,-11.512925464970229
-11.512925464970229,-5.762467,-0.0124670349999999,-7.262467,-11.512925464970229
-11.512925464970229,-3.6574945,-0.032494586,-7.7824945,-11.512925464970229
-11.512925464970229,-4.2656927,-0.015692824,-7.8906927,-11.512925464970229
-11.512925464970229,-11.512925464970229,-7.0040884,-0.0040882545999999,-11.512925464970229
-11.512925464970229,-11.136886,-0.3868857999999999,-1.1368858,-11.512925464970229
-11.512925464970229,-5.2787786,-0.0287787229999999,-7.7787786,-11.512925464970229
-11.512925464970229,-0.2555336,-1.5055336,-11.512925464970229,-11.512925464970229
-7.37684,-0.0018399908,-6.87684,-11.512925464970229,-11.512925464970229
-11.512925464970229,-0.9783107,-0.4783106699999999,-10.103311,-11.512925464970229
-11.512925464970229,-1.5027697,-0.25276965,-10.252769,-11.512925464970229
-11.512925464970229,-4.2664375,-0.0164377169999999,-7.1414375,-11.512925464970229
-11.512925464970229,-3.532947,-0.0329469499999999,-7.657947,-11.512925464970229
-11.512925464970229,-1.7021908,-0.2021907899999999,-10.45219,-11.512925464970229
-11.512925464970229,-4.2644563,-0.0144561139999999,-8.139456,-11.512925464970229
-11.512925464970229,-3.4092374,-0.034237295,-8.409237,-11.512925464970229
-11.512925464970229,-11.512925464970229,-11.512925464970229,-0.0004234051699999,-8.750423
-11.512925464970229,-6.627182,-0.0021817845,-7.377182,-11.512925464970229
-11.512925464970229,-4.388349,-0.013349277,-7.263349,-11.512925464970229
-11.512925464970229,-4.388349,-0.013349277,-7.263349,-11.512925464970229
-11.512925464970229,-11.512925464970229,-2.3502848,-0.1002848499999999,-11.512925464970229
-11.512925464970229,-4.1415915,-0.0165913159999999,-8.391591,-11.512925464970229
-11.512925464970229,-0.10021518,-2.3502152,-11.512925464970229,-11.512925464970229
-11.512925464970229,-0.0789199799999999,-2.57892,-11.512925464970229,-11.512925464970229
-11.512925464970229,-4.264422,-0.014421913,-8.514421,-11.512925464970229
-11.512925464970229,-3.775801,-0.0258008729999999,-7.7758007,-11.512925464970229
-11.512925464970229,-4.7612076,-0.011207446,-6.0112076,-11.512925464970229
-11.512925464970229,-7.8819222,-0.0069221034999999,-5.5069222,-11.512925464970229
-11.512925464970229,-5.132638,-0.0076377476,-6.382638,-11.512925464970229
-11.512925464970229,-0.6935979,-0.6935979,-10.068598,-11.512925464970229
-11.512925464970229,-2.5807045,-0.0807044599999999,-8.330705,-11.512925464970229
-11.512925464970229,-5.008043,-0.008042726,-7.383043,-11.512925464970229
-11.512925464970229,-4.2910166,-0.04101659,-5.5410166,-11.512925464970229
-11.512925464970229,-5.75422,-0.0042197899999999,-7.25422,-11.512925464970229
-11.512925464970229,-2.5807045,-0.0807044599999999,-8.330705,-11.512925464970229
-11.512925464970229,-2.5807045,-0.0807044599999999,-8.330705,-11.512925464970229
-11.512925464970229,-11.512925464970229,-7.750987,-0.0009870808999999,-11.512925464970229
-11.512925464970229,-6.1358085,-0.0108083359999999,-4.7608085,-11.512925464970229
-11.512925464970229,-0.98694026,-0.48694023,-10.61194,-11.512925464970229
-11.512925464970229,-0.12711298,-2.1271129,-11.512925464970229,-11.512925464970229
-11.512925464970229,-10.241676,-0.11667642,-2.3666763,-11.512925464970229
-11.512925464970229,-11.512925464970229,-0.826394,-0.5763940000000001,-11.512925464970229
-11.512925464970229,-11.512925464970229,-1.6286311,-0.3786311699999999,-11.512925464970229
-11.512925464970229,-11.1077175,-0.1077178049999999,-3.1077178,-11.512925464970229
-11.512925464970229,-11.512925464970229,-2.4962163,-0.2462163099999999,-11.512925464970229
-11.512925464970229,-11.512925464970229,-2.8121185,-0.062118478,-11.512925464970229
-11.512925464970229,-11.512925464970229,-0.98016286,-0.4801628599999999,-11.512925464970229
-11.512925464970229,-11.512925464970229,-5.0073395,-0.0073393267,-11.512925464970229
-11.512925464970229,-11.512925464970229,-8.500282,-0.0002825504299999,-10.500282
-11.512925464970229,-11.512925464970229,-4.27266,-0.0226596989999999,-11.512925464970229
-11.512925464970229,-11.512925464970229,-5.255942,-0.0059420712999999,-11.512925464970229
-11.512925464970229,-11.512925464970229,-5.006813,-0.006812812,-11.512925464970229
-11.512925464970229,-11.512925464970229,-10.875044,-4.3464544000022976e-05,-10.875044
-11.512925464970229,-11.512925464970229,-7.3757305,-0.0007304243,-11.512925464970229
-11.512925464970229,-11.512925464970229,-3.2882154,-0.0382153399999999,-11.512925464970229
-11.512925464970229,-3.0486624,-0.04866242,-9.798662,-11.512925464970229
-11.131412,-0.0064118319999999,-5.631412,-11.512925464970229,-11.512925464970229
-11.512925464970229,-5.8789434,-0.0039433986,-7.7539434,-11.512925464970229
-11.512925464970229,-8.129432,-0.0044314204999999,-5.5044312,-11.512925464970229
-11.512925464970229,-0.12911923,-2.1291192,-11.512925464970229,-11.512925464970229
-11.512925464970229,-2.1821191,-0.1821190699999999,-7.807119,-11.512925464970229
-11.512925464970229,-6.6388435,-0.013843539,-4.6388435,-11.512925464970229
-11.512925464970229,-9.407557,-0.0325562099999999,-3.5325563,-11.512925464970229
-11.512925464970229,-7.9260306,-0.051030837,-3.0510309,-11.512925464970229
-11.512925464970229,-9.576322,-0.82632154,-0.5763215399999999,-11.512925464970229
-11.512925464970229,-0.6987906,-0.6987906,-9.198791,-11.512925464970229
-11.512925464970229,-8.265575,-0.0155753509999999,-4.2655754,-11.512925464970229
-11.512925464970229,-4.511323,-0.011322961,-8.261323,-11.512925464970229
-11.512925464970229,-11.512925464970229,-11.512925464970229,-0.0162244009999999,-4.5162244
-11.512925464970229,-7.008689,-0.0086890329999999,-5.383689,-11.512925464970229
-11.512925464970229,-7.5147367,-0.0147365399999999,-4.5147367,-11.512925464970229
-11.512925464970229,-0.4740917,-0.9740917,-11.224092,-11.512925464970229
-8.501531,-0.0015303362,-6.62653,-11.512925464970229,-11.512925464970229
-11.512925464970229,-0.050954476,-3.0509546,-11.512925464970229,-11.512925464970229
-11.512925464970229,-4.511381,-0.0113811879999999,-8.011381,-11.512925464970229
-11.512925464970229,-2.8124635,-0.0624634659999999,-8.437464,-11.512925464970229
-11.512925464970229,-5.3800263,-0.0050264443,-7.8800263,-11.512925464970229
-11.512925464970229,-1.7016609,-0.20166087,-9.451661,-11.512925464970229
-11.512925464970229,-3.6612768,-0.036276862,-7.661277,-11.512925464970229
-11.512925464970229,-3.0533507,-0.0533506049999999,-7.9283504,-11.512925464970229
-10.981315,-0.10631433,-2.3563144,-11.356315,-11.512925464970229
-9.008264,-0.008263731,-5.5082636,-11.512925464970229,-11.512925464970229
-11.512925464970229,-0.1602661799999999,-1.9102662,-11.512925464970229,-11.512925464970229
-11.512925464970229,-0.12764867,-2.1276486,-11.512925464970229,-11.512925464970229
-11.512925464970229,-10.537892,-0.41289264,-1.1628926,-11.512925464970229
-11.512925464970229,-3.0490575,-0.0490574949999999,-8.424058,-11.512925464970229
-11.512925464970229,-1.1375505,-0.3875505,-9.76255,-11.512925464970229
-11.505245,-0.005245141,-5.255245,-11.512925464970229,-11.512925464970229
-10.503207,-0.0032068234999999,-5.7532067,-11.512925464970229,-11.512925464970229
-11.225412,-0.10041273,-2.3504128,-11.512925464970229,-11.512925464970229
-11.512925464970229,-0.12694731,-2.1269474,-11.512925464970229,-11.512925464970229
-11.512925464970229,-0.012516954,-4.387517,-11.512925464970229,-11.512925464970229
-11.15477,-0.029769812,-3.52977,-11.512925464970229,-11.512925464970229
-11.512925464970229,-0.10022144,-2.3502214,-11.512925464970229,-11.512925464970229
-11.512925464970229,-7.131753,-0.0067527867,-5.131753,-11.512925464970229
-11.512925464970229,-2.8120584,-0.0620585459999999,-9.312058,-11.512925464970229
-11.512925464970229,-11.512925464970229,-11.512925464970229,-0.0021628715999999,-6.252163
-11.512925464970229,-3.6515949,-0.0265948459999999,-8.276595,-11.512925464970229
-11.512925464970229,-3.529889,-0.0298890969999999,-8.904889,-11.512925464970229
-11.512925464970229,-9.768464,-0.0184638599999999,-4.018464,-11.512925464970229
-11.512925464970229,-11.512925464970229,-11.512925464970229,-4.0007635000042686e-05,-10.87504
-11.512925464970229,-1.7014625,-0.2014624499999999,-9.951463,-11.512925464970229
-11.512925464970229,-0.1002137959999999,-2.3502138,-11.512925464970229,-11.512925464970229
-11.512925464970229,-0.3133341999999999,-1.3133342,-11.512925464970229,-11.512925464970229
-11.512925464970229,-2.814173,-0.06417289,-8.814173,-11.512925464970229
-11.512925464970229,-6.0336103,-0.033610426,-6.5336103,-11.512925464970229
-11.512925464970229,-5.13254,-0.0075403649999999,-7.25754,-11.512925464970229
-11.512925464970229,-0.6932777,-0.6932777,-10.568277,-11.512925464970229
-11.512925464970229,-4.511673,-0.0116729619999999,-8.011673,-11.512925464970229
-11.512925464970229,-4.6357303,-0.010730377,-7.5107303,-11.512925464970229
-11.512925464970229,-4.6349926,-0.009992523,-8.384993,-11.512925464970229
-11.512925464970229,-4.3953123,-0.0203123739999999,-8.145312,-11.512925464970229
-11.512925464970229,-11.512925464970229,-4.019629,-0.0196290179999999,-11.512925464970229
-11.512925464970229,-11.37712,-0.2521204,-1.5021204,-11.512925464970229
-11.512925464970229,-10.20158,-0.2015803899999999,-1.7015804,-11.512925464970229
-11.512925464970229,-11.003446,-0.25344583,-1.5034459,-11.512925464970229
-11.512925464970229,-11.512925464970229,-11.512925464970229,-0.0007887827999999,-8.375789
-11.512925464970229,-8.013069,-0.0130689319999999,-4.388069,-11.512925464970229
-11.512925464970229,-0.048685815,-4.548686,-11.512925464970229,-11.512925464970229
-11.512925464970229,-0.3134284999999999,-1.3134285,-11.313429,-11.512925464970229
-2.811995,-0.06199503,-11.512925464970229,-11.512925464970229,-11.512925464970229
-11.50531,-0.005310485,-5.6303105,-11.512925464970229,-11.512925464970229
-11.512925464970229,-2.127362,-0.1273619799999999,-9.252362,-11.512925464970229
-11.512925464970229,-0.2094078699999999,-1.7094078,-11.512925464970229,-11.512925464970229
-11.512925464970229,-8.75703,-0.007029947,-5.88203,-11.512925464970229
-11.512925464970229,-3.530202,-0.03020189,-8.280202,-11.512925464970229
-11.512925464970229,-6.8770833,-0.0020835240999999,-6.8770833,-11.512925464970229
-11.512925464970229,-2.5788918,-0.07889177,-11.512925464970229,-11.512925464970229
-11.512925464970229,-11.512925464970229,-11.512925464970229,-1.5160683,-0.26606834
-11.512925464970229,-1.9109019,-0.1609019,-9.535902,-11.512925464970229
-11.512925464970229,-3.8957918,-0.0207916669999999,-8.770792,-11.512925464970229
-11.512925464970229,-4.511376,-0.011376005,-8.136376,-11.512925464970229
-11.512925464970229,-11.512925464970229,-11.512925464970229,-0.0017227732,-6.751723
-11.512925464970229,-3.0543575,-0.054357648,-9.054358,-11.512925464970229
-11.512925464970229,-0.0622183,-2.8122182,-11.512925464970229,-11.512925464970229
-11.512925464970229,-3.545429,-0.0454290299999999,-9.170429,-11.512925464970229
-9.126512,-0.0015111699999999,-7.626511,-11.512925464970229,-11.512925464970229
-11.512925464970229,-11.512925464970229,-0.4201353499999999,-1.1701354,-11.512925464970229
-11.512925464970229,-6.5043926,-0.0043927289999999,-7.2543926,-11.512925464970229
-11.512925464970229,-11.512925464970229,-1.1396451,-0.3896450999999999,-11.512925464970229
-11.512925464970229,-11.512925464970229,-0.2751415,-1.5251415,-11.512925464970229
-11.512925464970229,-1.1404537,-0.3904537,-10.890453,-11.512925464970229
-11.512925464970229,-4.6373043,-0.012304197,-9.262304,-11.512925464970229
-11.512925464970229,-9.717047,-0.0920466199999999,-2.5920467,-11.512925464970229
-8.510506,-0.01050545,-4.7605057,-11.512925464970229,-11.512925464970229
-11.512925464970229,-9.84913,-0.4741299999999999,-0.97413003,-11.512925464970229
-11.512925464970229,-7.003405,-0.0034050169999999,-6.628405,-11.512925464970229
-11.512925464970229,-4.1446924,-0.019692376,-9.144692,-11.512925464970229
-11.512925464970229,-11.512925464970229,-11.512925464970229,-0.1002614599999999,-9.850262
-11.512925464970229,-9.916034,-0.0410337449999999,-3.7910337,-11.512925464970229
-11.512925464970229,-1.9142071,-0.1642071,-10.164207,-11.512925464970229
-11.512925464970229,-0.5797358999999999,-0.8297359,-11.329736,-11.512925464970229
-11.512925464970229,-0.20281233,-1.7028123,-11.512925464970229,-11.512925464970229
-11.512925464970229,-3.552605,-0.052604865,-8.177605,-11.512925464970229
-11.512925464970229,-3.2885911,-0.03859115,-8.913591,-11.512925464970229
-11.512925464970229,-0.8536022299999999,-0.60360223,-9.853602,-11.512925464970229
-11.512925464970229,-0.6980618,-0.6980618,-10.948062,-11.512925464970229
-8.626232,-0.0012321342999999,-8.876232,-11.512925464970229,-11.512925464970229
-11.512925464970229,-4.1525183,-0.027518189,-7.4025183,-11.512925464970229
-11.512925464970229,-2.5800858,-0.0800857,-8.330086,-11.512925464970229
-11.512925464970229,-11.512925464970229,-11.512925464970229,-0.0011920141,-6.751192
-11.512925464970229,-1.6619353,-0.41193536,-9.661936,-11.512925464970229
-11.512925464970229,-0.5767079999999999,-0.826708,-10.701708,-11.512925464970229
-11.512925464970229,-0.3137955399999999,-1.3137956,-11.438795,-11.512925464970229
-11.512925464970229,-11.512925464970229,-4.029001,-0.0290010759999999,-11.512925464970229
-11.512925464970229,-1.7205287,-0.2205287399999999,-9.845529,-11.512925464970229
-11.512925464970229,-1.6287063,-0.3787063,-9.503706,-11.512925464970229
-11.512925464970229,-1.2234453,-0.34844527,-11.512925464970229,-11.512925464970229
-11.512925464970229,-9.220022,-0.095022604,-3.0950227,-11.512925464970229
-11.512925464970229,-11.0200615,-0.2700618000000001,-1.5200617,-11.512925464970229
-11.512925464970229,-11.512925464970229,-1.3133665,-0.31336653,-11.512925464970229
-11.512925464970229,-11.512925464970229,-2.5891047,-0.08910457,-11.512925464970229
-11.512925464970229,-11.512925464970229,-4.5113077,-0.011307636,-11.512925464970229
-11.512925464970229,-11.451908,-0.5769079,-0.8269079,-11.512925464970229
-11.512925464970229,-11.512925464970229,-0.97446924,-0.4744692399999999,-11.512925464970229
-11.512925464970229,-10.501957,-0.2519567,-1.5019567,-11.512925464970229
-11.512925464970229,-11.512925464970229,-11.512925464970229,-11.375015,-1.5690089999966e-05
-11.512925464970229,-7.5030274,-0.003027387,-6.0030274,-11.512925464970229
-11.512925464970229,-0.1621152899999999,-1.9121153,-10.912115,-11.512925464970229
-11.512925464970229,-11.512925464970229,-2.5792007,-0.07920074,-11.512925464970229
-11.512925464970229,-11.512925464970229,-11.512925464970229,-0.0144215809999999,-8.264421
-11.512925464970229,-11.512925464970229,-5.2554946,-0.0054944954,-11.512925464970229
-11.512925464970229,-4.389895,-0.014895103,-8.389895,-11.512925464970229
-11.512925464970229,-6.70642,-0.20641996,-5.58142,-11.512925464970229
-10.629103,-0.0041030966999999,-5.504103,-11.512925464970229,-11.512925464970229
-11.512925464970229,-4.0186944,-0.018694382,-7.7686944,-11.512925464970229
-11.512925464970229,-4.1423573,-0.01735723,-7.7673573,-11.512925464970229
-11.512925464970229,-0.32502487,-1.3250248,-11.512925464970229,-11.512925464970229
-11.512925464970229,-1.9197797,-0.1697797,-8.91978,-11.512925464970229
-11.512925464970229,-5.511029,-0.0110287259999999,-8.261028,-11.512925464970229
-11.512925464970229,-7.019052,-0.019051988,-4.019052,-11.512925464970229
-11.512925464970229,-2.3504436,-0.1004436759999999,-8.600444,-11.512925464970229
-11.512925464970229,-11.512925464970229,-11.512925464970229,-11.512925464970229,0.0
-11.512925464970229,-1.7182919,-0.21829186,-10.218292,-11.512925464970229
-11.512925464970229,-3.0489151,-0.0489150359999999,-8.923915,-11.512925464970229
-11.512925464970229,-6.0071673,-0.0071671359999999,-5.5071673,-11.512925464970229
-11.512925464970229,-11.512925464970229,-10.000125,-0.0001245156999999,-10.500125
-11.512925464970229,-2.8127837,-0.06278382,-7.6877837,-11.512925464970229
-11.512925464970229,-1.3599797,-0.60997975,-9.48498,-11.512925464970229
-11.512925464970229,-0.1620995799999999,-1.9120996,-11.512925464970229,-11.512925464970229
-11.043527,-0.043526378,-4.293526,-11.512925464970229,-11.512925464970229
-11.512925464970229,-0.97413886,-0.47413883,-10.099139,-11.512925464970229
-11.512925464970229,-0.1602589599999999,-1.910259,-11.512925464970229,-11.512925464970229
-11.512925464970229,-3.0487404,-0.0487404239999999,-9.17374,-11.512925464970229
-11.512925464970229,-7.8813643,-0.0063645667,-5.1313643,-11.512925464970229
-11.512925464970229,-2.93051,-0.055510063,-9.1805105,-11.512925464970229
-11.512925464970229,-2.5791173,-0.07911726,-8.454117,-11.512925464970229
-8.814758,-0.06475809,-5.9397583,-11.512925464970229,-11.512925464970229
-11.512925464970229,-11.512925464970229,-11.512925464970229,-0.009874727,-5.009875
-11.512925464970229,-5.91628,-0.0412798259999999,-7.54128,-11.512925464970229
-11.512925464970229,-3.0487037,-0.048703756,-9.173704,-11.512925464970229
-11.512925464970229,-6.6281652,-0.0031653604999999,-6.3781652,-11.512925464970229
-11.512925464970229,-4.2958727,-0.0458728099999999,-6.0458727,-11.512925464970229
-11.512925464970229,-4.2646184,-0.0146183589999999,-8.389618,-11.512925464970229
-11.512925464970229,-4.02074,-0.020739945,-7.27074,-11.512925464970229
-11.512925464970229,-4.2801995,-0.030199468,-8.405199,-11.512925464970229
-11.512925464970229,-1.3134,-0.3133999999999999,-10.8134,-11.512925464970229
-11.512925464970229,-7.6325774,-0.0075775272999999,-5.0075774,-11.512925464970229
-11.512925464970229,-3.5298867,-0.0298866759999999,-9.029886,-11.512925464970229
-11.512925464970229,-1.7260141,-0.2260140799999999,-8.476014,-11.512925464970229
-11.512925464970229,-0.69315785,-0.69315785,-11.512925464970229,-11.512925464970229
-11.512925464970229,-9.836908,-0.0869082099999999,-2.586908,-11.512925464970229
-11.512925464970229,-11.512925464970229,-0.8259890999999999,-0.5759891000000001,-11.512925464970229
-11.512925464970229,-0.3868851399999999,-1.1368852,-11.386885,-11.512925464970229
-11.512925464970229,-11.512925464970229,-11.512925464970229,-4.7586184,-0.0086182389999999
-11.512925464970229,-7.253553,-0.0035529087999999,-5.878553,-11.512925464970229
-11.512925464970229,-0.97418684,-0.4741868399999999,-11.474187,-11.512925464970229
-11.512925464970229,-8.976061,-0.10106095,-2.3510609,-11.512925464970229
-11.512925464970229,-11.512925464970229,-3.7763522,-0.0263522059999999,-11.512925464970229
-11.512925464970229,-11.325974,-0.5759743000000002,-0.8259743,-11.512925464970229
-10.648316,-0.023316521,-4.0233164,-11.512925464970229,-11.512925464970229
-11.512925464970229,-1.3214031,-0.3214031499999999,-9.9464035,-11.512925464970229
-11.512925464970229,-0.3868851399999999,-1.1368852,-11.511885,-11.512925464970229
-11.512925464970229,-6.8802857,-0.005285696,-5.5052857,-11.512925464970229
-11.512925464970229,-8.002037,-0.0020371297999999,-6.377037,-11.512925464970229
-11.512925464970229,-5.755782,-0.0057823121999999,-6.380782,-11.512925464970229
-11.512925464970229,-9.299041,-0.049040917,-3.049041,-11.512925464970229
-11.512925464970229,-9.788109,-0.038108967,-3.288109,-11.512925464970229
-11.512925464970229,-11.453948,-0.0789479539999999,-2.578948,-11.512925464970229
-11.512925464970229,-9.100916,-0.22591594,-3.725916,-11.512925464970229
-11.512925464970229,-11.512925464970229,-11.512925464970229,-0.0026549666999999,-8.627655
-11.512925464970229,-11.512925464970229,-2.1310005,-0.1310005299999999,-11.512925464970229
-11.512925464970229,-7.754508,-0.0045078503999999,-5.504508,-11.512925464970229
-11.512925464970229,-6.877535,-0.0025348791,-6.502535,-11.512925464970229
-11.512925464970229,-11.512925464970229,-6.009176,-0.009175689,-11.512925464970229
-11.512925464970229,-11.512925464970229,-1.9962174,-0.24621741,-11.512925464970229
-11.512925464970229,-3.2883124,-0.03831241,-8.913312,-11.512925464970229
-11.512925464970229,-3.535642,-0.03564183,-8.910642,-11.512925464970229
-11.512925464970229,-0.9741037,-0.4741037199999999,-10.724104,-11.512925464970229
-11.512925464970229,-4.76986,-0.019859971,-8.14486,-11.512925464970229
-11.512925464970229,-11.512925464970229,-1.703202,-0.20320195,-11.512925464970229
-11.512925464970229,-11.512925464970229,-4.7607846,-0.010784401,-11.512925464970229
-11.512925464970229,-11.512925464970229,-2.6003926,-0.10039267,-11.512925464970229
-11.512925464970229,-11.512925464970229,-3.5302894,-0.0302893349999999,-11.512925464970229
-11.512925464970229,-10.08122,-0.0812200749999999,-2.5812201,-11.512925464970229
-11.512925464970229,-11.512925464970229,-1.4643735,-0.4643734999999999,-11.512925464970229
-11.512925464970229,-1.5030427,-0.25304264,-7.3780427,-11.512925464970229
-11.512925464970229,-11.512925464970229,-5.753189,-0.0031888822999999,-11.512925464970229
-11.512925464970229,-11.512925464970229,-3.293081,-0.043081064,-11.512925464970229
-11.512925464970229,-11.512925464970229,-0.8282405,-0.5782405,-11.512925464970229
-11.512925464970229,-11.512925464970229,-11.512925464970229,-0.0040871859999999,-7.004087
-11.512925464970229,-8.509705,-0.0097045069999999,-5.8847046,-11.512925464970229
-11.512925464970229,-11.512925464970229,-2.8120391,-0.06203905,-11.512925464970229
-11.512925464970229,-5.264098,-0.014098042,-8.139098,-11.512925464970229
-11.512925464970229,-1.7017463,-0.2017463,-10.826746,-11.512925464970229
-11.512925464970229,-8.399084,-0.024083732,-3.7740836,-11.512925464970229
-11.512925464970229,-4.3879795,-0.012979503,-8.1379795,-11.512925464970229
-11.512925464970229,-6.3789015,-0.003901246,-6.8789015,-11.512925464970229
-11.512925464970229,-7.0013466,-0.0013466616,-7.7513466,-11.512925464970229
-11.512925464970229,-1.4076476,-0.4076475500000001,-10.407647,-11.512925464970229
-11.512925464970229,-11.512925464970229,-1.3303111,-0.33031103,-11.512925464970229
-11.512925464970229,-5.878392,-0.0033924255999999,-7.753392,-11.512925464970229
-11.512925464970229,-4.567237,-0.0672366699999999,-4.817237,-11.512925464970229
-11.512925464970229,-6.5035825,-0.0035822529999999,-6.3785825,-11.512925464970229
-11.512925464970229,-11.512925464970229,-2.8158028,-0.0658028299999999,-11.512925464970229
-11.512925464970229,-11.512925464970229,-2.1269803,-0.1269803999999999,-11.512925464970229
-11.512925464970229,-11.512925464970229,-10.143216,-0.0182163179999999,-10.518216
-11.512925464970229,-9.153466,-0.0284660569999999,-3.778466,-11.512925464970229
-11.512925464970229,-0.16027328,-1.9102733,-11.512925464970229,-11.512925464970229
-11.512925464970229,-4.3973026,-0.0223025439999999,-8.772303,-11.512925464970229
-5.67704,-0.052039873,-11.05204,-11.512925464970229,-11.512925464970229
-11.512925464970229,-0.2536362,-1.5036362,-11.512925464970229,-11.512925464970229
-11.512925464970229,-4.0185623,-0.0185623969999999,-8.143562,-11.512925464970229
-11.512925464970229,-5.7532864,-0.003286567,-9.128286,-11.512925464970229
-11.512925464970229,-2.5812325,-0.0812324959999999,-9.831232,-11.512925464970229
-11.512925464970229,-0.25236848,-1.5023685,-11.512925464970229,-11.512925464970229
-11.512925464970229,-0.97780025,-0.47780028,-10.6028,-11.512925464970229
-11.512925464970229,-8.387737,-0.012737421,-4.3877373,-11.512925464970229
-10.142986,-0.1429865199999999,-2.1429865,-11.142986,-11.512925464970229
-11.512925464970229,-7.0028386,-0.0028383955,-6.2528386,-11.512925464970229
-11.512925464970229,-0.12885979,-2.1288598,-11.512925464970229,-11.512925464970229
-11.512925464970229,-6.378321,-0.0033210077999999,-7.253321,-11.512925464970229
-11.512925464970229,-11.512925464970229,-9.750363,-0.00036323295,-11.512925464970229
-11.512925464970229,-3.0240073,-0.5240073,-9.274008,-11.512925464970229
-11.512925464970229,-9.459936,-0.08493639,-3.3349364,-11.512925464970229
-11.512925464970229,-2.5789485,-0.078948505,-10.328949,-11.512925464970229
-9.12798,-0.0029803177,-6.75298,-11.512925464970229,-11.512925464970229
-11.512925464970229,-3.051454,-0.0514540699999999,-8.551455,-11.512925464970229
-11.512925464970229,-9.342074,-0.09207423,-2.5920742,-11.512925464970229
-11.512925464970229,-0.7586792999999998,-0.7586792999999998,-10.008679,-11.512925464970229
-11.512925464970229,-7.1410723,-0.0160722599999999,-4.3910723,-11.512925464970229
-11.512925464970229,-11.188977,-0.1889772,-1.9389772,-11.512925464970229
-11.512925464970229,-2.6142845,-0.1142844259999999,-8.6142845,-11.512925464970229
-11.512925464970229,-7.637675,-0.0126748049999999,-4.887675,-11.512925464970229
-11.512925464970229,-11.512925464970229,-9.008739,-0.0087397309999999,-11.512925464970229
-11.512925464970229,-1.3182092,-0.31820914,-10.443209,-11.512925464970229
-11.512925464970229,-0.9745733,-0.4745732999999999,-9.849573,-11.512925464970229
-11.512925464970229,-3.0772607,-0.07726065,-8.077261,-11.512925464970229
-11.512925464970229,-11.512925464970229,-9.127587,-0.002587193,-11.512925464970229
-11.512925464970229,-2.8119752,-0.0619751899999999,-11.512925464970229,-11.512925464970229
-11.512925464970229,-5.410518,-0.035518385,-6.660518,-11.512925464970229
-11.512925464970229,-1.5056114,-0.25561136,-9.380611,-11.512925464970229
-11.512925464970229,-8.135821,-0.0108214234999999,-6.2608213,-11.512925464970229
-11.512925464970229,-5.2627115,-0.012711299,-7.1377115,-11.512925464970229
-11.512925464970229,-1.701521,-0.20152104,-10.076521,-11.512925464970229
-11.512925464970229,-7.5072794,-0.007279218,-5.2572794,-11.512925464970229
-11.512925464970229,-2.3513372,-0.10133718,-8.101337,-11.512925464970229
-11.512925464970229,-7.6371512,-0.0121513399999999,-4.5121512,-11.512925464970229
-11.512925464970229,-5.631555,-0.0065552639999999,-6.881555,-11.512925464970229
-11.512925464970229,-8.667141,-0.04214068,-3.2921407,-11.512925464970229
-11.512925464970229,-0.69435745,-0.69435745,-7.9443574,-11.512925464970229
-11.512925464970229,-10.064999,-0.0649988499999999,-2.8149989,-11.512925464970229
-11.512925464970229,-7.1273913,-0.0023913486,-6.6273913,-11.512925464970229
-11.512925464970229,-7.1266203,-0.0016200727999999,-7.5016203,-11.512925464970229
-11.512925464970229,-11.512925464970229,-10.250483,-0.0004828657799999,-11.000483
-11.512925464970229,-7.6371512,-0.0121513399999999,-4.5121512,-11.512925464970229
-11.512925464970229,-3.0489054,-0.048905388,-9.298905,-11.512925464970229
-11.512925464970229,-5.5056233,-0.0056232395999999,-7.8806233,-11.512925464970229
-8.2512665,-0.0012668977999999,-8.1262665,-11.512925464970229,-11.512925464970229
-10.764342,-0.0143419059999999,-4.264342,-11.512925464970229,-11.512925464970229
-11.512925464970229,-0.3224432199999999,-1.3224432,-11.197443,-11.512925464970229
-11.512925464970229,-0.07889,-2.57889,-11.512925464970229,-11.512925464970229
-5.8787994,-0.0037992499999999,-9.378799,-11.512925464970229,-11.512925464970229
-11.512925464970229,-1.3142762,-0.3142762799999999,-10.064277,-11.512925464970229
-11.512925464970229,-0.4741265199999999,-0.9741265,-11.474127,-11.512925464970229
-11.512925464970229,-8.259434,-0.009433877,-5.0094337,-11.512925464970229
-11.512925464970229,-11.512925464970229,-7.0040064,-0.25400636,-6.7540064
-11.512925464970229,-9.291988,-0.0419885499999999,-4.4169884,-11.512925464970229
-9.00542,-0.0054201619999999,-5.63042,-11.512925464970229,-11.512925464970229
-11.1635275,-0.03852784,-3.2885277,-11.512925464970229,-11.512925464970229
-11.512925464970229,-6.8816733,-0.0066732204999999,-6.0066733,-11.512925464970229
-11.512925464970229,-1.5022155,-0.25221553,-10.627215,-11.512925464970229
-0.015273077,-4.765273,-11.512925464970229,-11.512925464970229,-11.512925464970229
-10.015319,-0.015318859,-4.765319,-11.512925464970229,-11.512925464970229
-10.253138,-0.0031377932,-6.0031376,-11.512925464970229,-11.512925464970229
-11.512925464970229,-0.3213663,-1.3213663,-11.321366,-11.512925464970229
-11.512925464970229,-3.2888987,-0.038898733,-9.413898,-11.512925464970229
-11.512925464970229,-0.0623775699999999,-2.8123775,-11.512925464970229,-11.512925464970229
-11.512925464970229,-1.5052252,-0.2552251799999999,-9.005225,-11.512925464970229
-11.512925464970229,-0.029818187,-3.5298183,-11.512925464970229,-11.512925464970229
-9.0016575,-0.0016572091999999,-6.626657,-11.512925464970229,-11.512925464970229
-11.512925464970229,-3.7961602,-0.0461602699999999,-8.546161,-11.512925464970229
-11.512925464970229,-8.561009,-1.9360089,-0.18600899,-8.561009
-4.7599764,-0.009976233,-10.009976,-11.512925464970229,-11.512925464970229
-11.512925464970229,-2.1475163,-0.14751625,-9.397516,-11.512925464970229
-11.512925464970229,-5.5091643,-0.0091643519999999,-7.6341643,-11.512925464970229
-11.512925464970229,-2.5846431,-0.084643096,-8.209643,-11.512925464970229
-10.2536745,-0.0036744177,-5.6286745,-11.512925464970229,-11.512925464970229
-10.752213,-0.0022124657,-6.3772125,-11.512925464970229,-11.512925464970229
-9.896323,-0.0213228899999999,-5.7713227,-11.512925464970229,-11.512925464970229
-11.512925464970229,-4.7111945,-0.2111946999999999,-7.2111945,-11.512925464970229
-11.512925464970229,-3.2892323,-0.0392322239999999,-9.664232,-11.512925464970229
-11.512925464970229,-10.376995,-0.1269946699999999,-2.1269946,-11.512925464970229
-11.512925464970229,-9.82179,-0.1967893399999999,-2.1967893,-11.512925464970229
-11.512925464970229,-11.512925464970229,-0.44113162,-1.1911316,-11.512925464970229
-11.512925464970229,-4.02787,-0.0278699919999999,-8.90287,-11.512925464970229
-11.512925464970229,-11.512925464970229,-0.25785184,-1.5078518,-11.512925464970229
-11.512925464970229,-9.152337,-0.027337018,-3.777337,-11.512925464970229
-11.512925464970229,-11.512925464970229,-8.2505245,-0.0005247961399999,-11.512925464970229
-11.512925464970229,-10.079055,-0.20405452,-1.7040545,-11.512925464970229
-11.512925464970229,-5.6403804,-0.015380612,-5.1403804,-11.512925464970229
-11.512925464970229,-9.031329,-0.0313287599999999,-3.5313287,-11.512925464970229
-11.512925464970229,-11.512925464970229,-11.512925464970229,-0.0002714681299999,-10.125272
-11.512925464970229,-4.2677894,-0.017789552,-9.51779,-11.512925464970229
-11.512925464970229,-5.7604933,-0.010493301,-7.3854933,-11.512925464970229
-11.512925464970229,-6.5048995,-0.0048992814999999,-6.3798995,-11.512925464970229
-6.8761315,-0.0011317629999999,-9.251132,-11.512925464970229,-11.512925464970229
-11.512925464970229,-4.0664105,-0.06641064,-7.5664105,-11.512925464970229
-11.512925464970229,-8.779905,-0.0299052999999999,-3.5299053,-11.512925464970229
-11.512925464970229,-6.5131526,-0.0131527019999999,-4.5131526,-11.512925464970229
-11.512925464970229,-2.5789514,-0.0789513699999999,-9.703952,-11.512925464970229
-11.512925464970229,-6.3780107,-0.0030109807999999,-6.7530107,-11.512925464970229
-11.512925464970229,-4.511388,-0.0113879089999999,-8.886388,-11.512925464970229
-11.512925464970229,-10.704035,-0.20403509,-1.704035,-11.512925464970229
-11.512925464970229,-8.005006,-0.0050054476999999,-5.3800054,-11.512925464970229
-11.512925464970229,-6.6266217,-0.0016217416,-8.126622,-11.512925464970229
-11.512925464970229,-4.2653823,-0.0153822545,-6.8903823,-11.512925464970229
-11.512925464970229,-9.011366,-0.0113663409999999,-4.6363664,-11.512925464970229
-11.512925464970229,-11.512925464970229,-9.6255,-0.0005000127999999,-11.512925464970229
-11.512925464970229,-4.239659,-0.48965874,-6.864659,-11.512925464970229
-11.512925464970229,-7.8773084,-0.0023082194,-6.2523084,-11.512925464970229
-11.512925464970229,-3.2882872,-0.03828705,-8.538287,-11.512925464970229
-10.508648,-0.008648134,-4.758648,-11.512925464970229,-11.512925464970229
-11.512925464970229,-0.6932086,-0.6932086,-9.943209,-11.512925464970229
-11.512925464970229,-0.57600325,-0.82600325,-10.576003,-11.512925464970229
-10.018767,-0.018767739,-5.393768,-11.512925464970229,-11.512925464970229
-11.512925464970229,-1.9103817,-0.16038163,-8.785381,-11.512925464970229
-11.512925464970229,-0.20153087,-1.7015309,-11.45153,-11.512925464970229
-11.512925464970229,-0.2519503999999999,-1.5019504,-11.00195,-11.512925464970229
-8.2581415,-0.008141591,-6.7581415,-11.512925464970229,-11.512925464970229
-11.512925464970229,-0.974435,-0.47443497,-8.099435,-11.512925464970229
-7.3758326,-0.0008324975,-8.500833,-11.512925464970229,-11.512925464970229
-11.512925464970229,-0.9741752,-0.47417518,-9.474175,-11.512925464970229
-11.512925464970229,-0.97417545,-0.47417548,-9.599175,-11.512925464970229
-11.512925464970229,-11.512925464970229,-0.83908504,-0.58908504,-11.512925464970229
-6.0788984,-0.2038981999999999,-8.578898,-11.512925464970229,-11.512925464970229
-11.512925464970229,-1.91477,-0.1647699899999999,-9.41477,-11.512925464970229
-11.512925464970229,-0.07890345,-2.5789034,-11.512925464970229,-11.512925464970229
-8.875523,-0.00052229286,-7.875522,-11.512925464970229,-11.512925464970229
-11.512925464970229,-0.82594013,-0.5759401299999999,-11.512925464970229,-11.512925464970229
-11.512925464970229,-5.131886,-0.0068862266,-7.006886,-11.512925464970229
-11.512925464970229,-2.463968,-0.08896804,-10.463968,-11.512925464970229
-11.512925464970229,-5.1354113,-0.0104114309999999,-7.7604113,-11.512925464970229
-11.512925464970229,-3.2888348,-0.03883474,-7.6638346,-11.512925464970229
-11.512925464970229,-6.7579865,-0.0079863199999999,-5.0079865,-11.512925464970229
-11.512925464970229,-11.512925464970229,-7.2510967,-0.0010966418999999,-11.512925464970229
-11.512925464970229,-11.512925464970229,-11.512925464970229,-0.0160654559999999,-6.2660656
-11.512925464970229,-11.512925464970229,-7.1267233,-0.0017231308,-11.512925464970229
-11.512925464970229,-7.5092583,-0.0092583679999999,-4.7592583,-11.512925464970229
-11.512925464970229,-7.1311,-0.0061000279999999,-5.2561,-11.512925464970229
-11.512925464970229,-11.512925464970229,-11.512925464970229,-0.0006284446599999,-7.5006285
-11.512925464970229,-4.5121765,-0.01217643,-7.7621765,-11.512925464970229
-11.512925464970229,-10.450039,-0.3250388199999999,-1.3250388,-11.512925464970229
-11.512925464970229,-2.8133662,-0.063366264,-8.813366,-11.512925464970229
-2.4962397,-0.2462397,-10.87124,-11.512925464970229,-11.512925464970229
-11.512925464970229,-6.1308618,-0.0058618359999999,-6.5058618,-11.512925464970229
-11.512925464970229,-1.6004134,-0.22541349,-11.512925464970229,-11.512925464970229
-11.512925464970229,-0.21302643,-1.7130264,-11.512925464970229,-11.512925464970229
-11.512925464970229,-1.1396893,-0.38968933,-10.389689,-11.512925464970229
-11.512925464970229,-5.2096868,-0.0846865849999999,-8.084686,-11.512925464970229
-11.512925464970229,-5.3898797,-0.014879484,-7.5148797,-11.512925464970229
-11.512925464970229,-0.6942772,-0.6942772,-10.319277,-11.512925464970229
-11.512925464970229,-8.217281,-2.592281,-0.09228111,-5.8422813
-11.512925464970229,-2.7876966,-1.0376966,-9.662697,-11.512925464970229
-11.512925464970229,-7.8944182,-0.01941812,-4.0194182,-11.512925464970229
-11.512925464970229,-6.945084,-0.07008393,-4.945084,-11.512925464970229
-11.512925464970229,-11.512925464970229,-5.0133915,-0.013391383,-11.512925464970229
-11.512925464970229,-0.24623002,-2.4962301,-11.512925464970229,-11.512925464970229
-11.512925464970229,-5.5534534,-0.053453673,-6.9284534,-11.512925464970229
-11.512925464970229,-3.1701303,-0.17013031,-8.170131,-11.512925464970229
-11.512925464970229,-1.5055696,-0.2555695999999999,-10.005569,-11.512925464970229
-11.512925464970229,-7.2980504,-0.0480505639999999,-3.5480506,-11.512925464970229
-11.512925464970229,-11.512925464970229,-0.97582924,-0.4758292700000001,-11.512925464970229
-11.512925464970229,-6.2584567,-0.0084565389999999,-5.3834567,-11.512925464970229
-11.512925464970229,-6.131037,-0.0060373466,-5.631037,-11.512925464970229
-11.512925464970229,-6.8804016,-0.0054017846,-5.5054016,-11.512925464970229
-11.512925464970229,-9.813533,-0.31353322,-1.3135332,-11.512925464970229
-11.512925464970229,-10.945478,-0.69547844,-0.69547844,-11.512925464970229
-11.512925464970229,-11.512925464970229,-11.512925464970229,-11.512925464970229,0.0
-11.512925464970229,-9.542641,-0.16764027,-1.9176402,-11.512925464970229
-11.512925464970229,-6.505583,-0.0055829445,-5.630583,-11.512925464970229
-11.512925464970229,-11.512925464970229,-1.5019563,-0.2519563399999999,-11.512925464970229
-11.512925464970229,-11.512925464970229,-11.125049,-4.859029999995172e-05,-10.500049
-11.512925464970229,-6.136457,-0.011456733,-5.511457,-11.512925464970229
-11.512925464970229,-4.641737,-0.0167371569999999,-8.016737,-11.512925464970229
-11.512925464970229,-1.1454278,-0.3954277999999999,-10.395428,-11.512925464970229
-11.512925464970229,-0.16262841,-1.9126284,-11.512925464970229,-11.512925464970229
-11.512925464970229,-3.2890482,-0.0390481199999999,-7.289048,-11.512925464970229
-11.512925464970229,-2.1305895,-0.1305896,-9.6305895,-11.512925464970229
-11.512925464970229,-0.3900277,-1.1400278,-11.265028,-11.512925464970229
-11.512925464970229,-4.761616,-0.0116164189999999,-6.011616,-11.512925464970229
-11.512925464970229,-1.7053087,-0.20530868,-9.080309,-11.512925464970229
-11.512925464970229,-0.0619757499999999,-2.8119757,-11.512925464970229,-11.512925464970229
-11.512925464970229,-3.5309498,-0.030949868,-7.78095,-11.512925464970229
-11.512925464970229,-7.012744,-0.012744132,-4.512744,-11.512925464970229
-11.512925464970229,-2.8129928,-0.0629927099999999,-7.9379926,-11.512925464970229
-11.512925464970229,-3.049712,-0.0497119579999999,-7.424712,-11.512925464970229
-11.257798,-0.0077980216999999,-4.882798,-11.512925464970229,-11.512925464970229
-11.512925464970229,-11.512925464970229,-8.12609,-0.0010904471,-9.37609
-11.512925464970229,-3.5355184,-0.0355185,-7.2855186,-11.512925464970229
-11.512925464970229,-6.009795,-0.0097954029999999,-5.009795,-11.512925464970229
-5.504267,-0.0042671504999999,-9.004267,-11.512925464970229,-11.512925464970229
-11.512925464970229,-0.024919301,-3.7749193,-11.512925464970229,-11.512925464970229
-11.512925464970229,-0.3870229,-1.137023,-11.387023,-11.512925464970229
-11.512925464970229,-1.3416101,-0.34161004,-7.84161,-11.512925464970229
-11.512925464970229,-4.0193086,-0.019308457,-7.3943086,-11.512925464970229
-10.002468,-0.2524684,-7.6274686,-11.512925464970229,-11.512925464970229
-11.512925464970229,-0.2700791999999999,-1.5200791,-11.512925464970229,-11.512925464970229
-11.512925464970229,-1.3137867,-0.31378675,-9.6887865,-11.512925464970229
-11.512925464970229,-5.5670443,-0.0670444899999999,-6.6920443,-11.512925464970229
-11.512925464970229,-11.512925464970229,-9.376549,-0.0015486641999999,-7.001549
-11.512925464970229,-5.024311,-0.0243112149999999,-5.649311,-11.512925464970229
-11.512925464970229,-5.2657013,-0.0157015099999999,-5.1407013,-11.512925464970229
-11.512925464970229,-2.5790923,-0.07909236,-9.829092,-11.512925464970229
-11.512925464970229,-11.512925464970229,-7.752366,-0.0023662514999999,-11.512925464970229
-11.512925464970229,-0.09372482,-4.2187247,-11.512925464970229,-11.512925464970229
-11.183665,-0.058665052,-3.558665,-11.512925464970229,-11.512925464970229
-11.512925464970229,-2.9946885,-0.74468863,-8.619689,-11.512925464970229
-11.512925464970229,-4.664508,-0.039507966,-8.164508,-11.512925464970229
-11.512925464970229,-4.511067,-0.0110668019999999,-10.886066,-11.512925464970229
-11.512925464970229,-6.504595,-0.0045948419999999,-6.754595,-11.512925464970229
-11.512925464970229,-0.6802944000000001,-1.6802944,-11.512925464970229,-11.512925464970229
-11.512925464970229,-5.882138,-0.0071376626999999,-6.757138,-11.512925464970229
-11.512925464970229,-2.6065998,-0.106599726,-8.6066,-11.512925464970229
-11.512925464970229,-3.0489097,-0.0489096939999999,-8.67391,-11.512925464970229
-11.512925464970229,-11.512925464970229,-3.062088,-0.062087905,-11.512925464970229
-11.512925464970229,-11.512925464970229,-11.512925464970229,-0.0047882419999999,-7.2547884
-11.512925464970229,-11.512925464970229,-3.0769491,-0.07694921,-11.512925464970229
-11.512925464970229,-3.050762,-0.0507619869999999,-9.300762,-11.512925464970229
-11.512925464970229,-4.0184984,-0.01849827,-8.143498,-11.512925464970229
-11.512925464970229,-11.512925464970229,-11.512925464970229,-0.0033850566999999,-6.003385
-11.512925464970229,-3.5589597,-0.0589597449999999,-8.05896,-11.512925464970229
-11.512925464970229,-2.8480334,-0.09803333,-8.223033,-11.512925464970229
-11.512925464970229,-3.8481863,-0.2231863,-8.4731865,-11.512925464970229
-10.881736,-0.006735861,-5.006736,-11.512925464970229,-11.512925464970229
-11.512925464970229,-0.2551171199999999,-1.5051172,-11.380117,-11.512925464970229
-11.512925464970229,-1.5019956,-0.25199562,-9.626996,-11.512925464970229
-11.512925464970229,-1.9102857,-0.16028567,-9.785286,-11.512925464970229
-11.512925464970229,-1.1745335,-0.42453346,-9.924534,-11.512925464970229
-11.512925464970229,-1.31371,-0.31370997,-9.31371,-11.512925464970229
-11.512925464970229,-3.049008,-0.049007777,-7.799008,-11.512925464970229
-11.512925464970229,-5.256692,-0.0066921575999999,-6.631692,-11.512925464970229
-11.512925464970229,-1.5096586,-0.25965855,-6.8846583,-11.512925464970229
-11.512925464970229,-0.1616868399999999,-1.9116869,-11.512925464970229,-11.512925464970229
-11.512925464970229,-0.5792987999999999,-0.8292988,-10.829299,-11.512925464970229
-11.512925464970229,-1.5022881,-0.2522881,-9.752288,-11.512925464970229
-11.512925464970229,-5.5364227,-0.036422856,-5.9114227,-11.512925464970229
-11.512925464970229,-0.5814690600000001,-0.8314690600000001,-10.456469,-11.512925464970229
-11.064624,-0.0646234499999999,-2.8146234,-11.512925464970229,-11.512925464970229
-11.512925464970229,-3.7769017,-0.0269017239999999,-8.901902,-11.512925464970229
