1,2,3,4,5
-1.7818594,-6.0318594,-7.9068594,-11.512925464970229,-11.512925464970229
-3.7119646,-0.08696459,-2.8369646,-8.961965,-11.512925464970229
-4.282631,-0.15763113,-2.0326312,-7.032631,-11.512925464970229
-4.0734515,-0.19845147,-1.8234515,-6.5734515,-11.512925464970229
-5.2810326,-0.6560325599999999,-0.78103256,-4.0310326,-9.031033
-3.9643054,-0.0893054,-2.7143054,-9.089306,-11.512925464970229
-8.064731,-1.5647306,-0.3147306399999999,-2.8147306,-7.9397306
-8.320751,-2.1957507,-0.32075083,-1.8207508,-7.6957507
-0.35037628,-1.2253762,-6.350376,-10.350376,-11.512925464970229
-9.985474,-3.1104734,-0.3604734499999999,-1.3604734,-6.8604736
-11.343511,-4.5310106,-0.78101075,-0.65601075,-4.4060106
-4.619194,-0.36919388,-1.2441939,-4.619194,-8.619194
-11.512925464970229,-5.8487406,-1.8487408,-0.22374077,-3.2237408
-2.9969947,-0.1219948299999999,-2.7469947,-8.371995,-11.512925464970229
-0.4750665,-0.97506654,-7.3500667,-11.512925464970229,-11.512925464970229
-7.0559826,-1.1809826,-0.43098253,-3.1809826,-9.555983
-1.8067042,-0.1817041599999999,-6.306704,-11.512925464970229,-11.512925464970229
-8.846033,-2.0960329,-0.2210328,-2.5960329,-7.7210326
-7.545744,-1.545744,-0.29574397,-3.170744,-11.512925464970229
-5.0089664,-0.13396642,-2.1339664,-8.633966,-11.512925464970229
-5.9543867,-0.2043868999999999,-1.704387,-8.204387,-11.512925464970229
-4.1704526,-0.045452602,-3.5454526,-11.045453,-11.512925464970229
-8.255426,-1.8804263,-0.2554263199999999,-2.6304264,-7.8804264
-2.8320727,-3.3320727,-2.5820727,-3.8320727,-11.512925464970229
-0.22560737,-1.6006074,-8.975607,-11.512925464970229,-11.512925464970229
-5.911261,-5.411261,-2.9112613,-4.161261,-6.536261
-3.9715533,-5.3465533,-4.8465533,-6.4715533,-11.512925464970229
-10.232868,-3.8578682,-0.6078683000000001,-0.8578682999999999,-4.607868
-7.135433,-0.6354329599999999,-0.76043296,-6.260433,-11.512925464970229
-1.5159378,-3.5159378,-5.515938,-11.512925464970229,-11.512925464970229
-2.1286726,-0.1286727,-6.3786726,-11.512925464970229,-11.512925464970229
-9.307153,-2.5571527,-0.3071528,-1.6821527,-7.4321527
-5.148877,-0.14887698,-2.023877,-8.273877,-11.512925464970229
-10.387895,-3.3878946,-0.51289463,-1.0128946,-5.5128946
-11.512925464970229,-4.1651793,-0.5401793000000001,-0.9151793,-6.7901793
-5.756148,-0.2561480399999999,-1.5061481,-7.006148,-11.512925464970229
-7.8836045,-1.2586045,-0.38360453,-3.3836045,-9.133604
-9.710272,-2.960272,-0.3352721599999999,-1.4602722,-7.3352723
-9.934978,-2.9349778,-0.30997774,-1.5599778,-5.8099775
-8.0456705,-1.1706707,-0.4206707,-3.4206707,-9.5456705
-4.760943,-0.13594273,-2.1359427,-8.010942,-11.512925464970229
-4.217222,-3.0922222,-1.9672222,-4.592222,-11.512925464970229
-10.229864,-3.3548646,-0.3548645000000001,-1.3548645,-5.2298646
-11.003043,-3.878043,-0.5030429400000002,-1.0030429,-4.878043
-8.389677,-1.8896766,-0.26467657,-2.5146766,-9.889677
-4.671506,-0.1715061199999999,-1.9215062,-6.296506,-11.171506
-8.096039,-6.2210383,-2.4710383,-3.2210383,-5.9710383
-4.5571117,-3.8071117,-1.8071116,-2.8071117,-5.3071117
-3.2920613,-0.0420613659999999,-5.5420613,-11.512925464970229,-11.512925464970229
-4.4759517,-0.1009517799999999,-2.4759517,-8.725952,-11.512925464970229
-8.754111,-2.2541113,-0.2541113,-2.1291113,-9.004111
-5.829693,-0.20469277,-1.7046927,-8.579693,-11.512925464970229
-3.0044813,-2.2544813,-2.0044813,-4.8794813,-11.512925464970229
-5.2432814,-0.11828123,-2.2432811,-9.493281,-11.512925464970229
-6.8311605,-6.2061605,-4.5811605,-6.3311605,-11.512925464970229
-6.5448084,-0.91980815,-0.5448081500000002,-3.9198081,-10.294808
-4.9498873,-0.3248872199999999,-1.3248873,-5.4498873,-10.449887
-2.6874733,-3.3124733,-2.4374733,-4.9374733,-11.512925464970229
-6.3376513,-1.0876511,-0.46265113,-3.4626513,-9.462651
-5.7143064,-4.7143064,-2.7143064,-3.4643064,-6.5893064
-11.512925464970229,-8.551108,-3.4261086,-0.17610866,-2.0511086
-7.305048,-0.43004787,-1.0550479,-7.430048,-11.512925464970229
-2.3528326,-0.1028325799999999,-5.977833,-11.512925464970229,-11.512925464970229
-7.454162,-1.454162,-0.32916203,-3.0791621,-10.579162
-2.8183334,-0.0683334799999999,-5.0683336,-11.512925464970229,-11.512925464970229
-6.878135,-0.2531349999999999,-1.503135,-9.003135,-11.512925464970229
-5.0089283,-0.1339282499999999,-2.1339283,-8.508928,-11.512925464970229
-3.5363212,-0.036321234,-5.036321,-11.512925464970229,-11.512925464970229
-11.512925464970229,-11.512925464970229,-11.512925464970229,-11.512925464970229,-11.512925464970229
-5.5219593,-0.14695932,-2.0219593,-8.771959,-11.512925464970229
-7.3885117,-0.7635117,-0.6385117,-5.2635117,-11.512925464970229
-11.512925464970229,-6.687069,-1.9370688,-0.18706883,-3.687069
-0.062093504,-2.8120935,-9.562094,-11.512925464970229,-11.512925464970229
-4.5655947,-0.065594755,-2.9405947,-8.815595,-11.512925464970229
-5.7173824,-0.0923821999999999,-2.4673822,-9.717382,-11.512925464970229
-2.8431811,-3.5931811,-3.4681811,-5.593181,-11.512925464970229
-11.512925464970229,-4.9109297,-0.91092944,-0.5359294399999999,-5.2859297
-3.5405831,-0.0405831859999999,-4.540583,-11.512925464970229,-11.512925464970229
-4.195189,-0.0701889499999999,-2.945189,-10.0701885,-11.512925464970229
-6.5143633,-0.3893633999999999,-1.1393634,-7.0143633,-11.512925464970229
-3.4151852,-0.0401850999999999,-5.040185,-11.512925464970229,-11.512925464970229
-7.3500776,-1.4750779,-0.3500778699999999,-2.7250779,-9.475078
-10.103216,-3.978216,-0.853216,-0.603216,-4.853216
-7.530555,-0.90555453,-0.5305545300000001,-5.030555,-11.512925464970229
-9.6306305,-2.75563,-0.38063008,-1.38063,-6.88063
-9.935599,-3.4355998,-0.5605997,-0.9355997,-5.4356
-5.428466,-4.428466,-2.3034658,-3.0534658,-6.928466
-8.851201,-1.8512013,-0.2262013,-3.1012013,-9.976201
-1.9159979,-0.16599782,-5.165998,-11.512925464970229,-11.512925464970229
-10.204143,-3.079142,-0.3291422,-1.4541422,-7.579142
-8.900388,-2.400388,-0.2753879,-1.9003879,-8.900388
-11.512925464970229,-6.017084,-1.6420839,-0.26708394,-3.267084
-11.487563,-4.862563,-0.98756313,-0.48756313,-5.237563
-5.891975,-0.39197496,-1.1419749,-6.141975,-11.512925464970229
-6.083789,-0.70878905,-0.70878905,-4.333789,-11.512925464970229
-7.285735,-1.1607351,-0.4107350999999999,-3.7857351,-11.512925464970229
-3.1724825,-0.047482554,-5.4224825,-11.512925464970229,-11.512925464970229
-2.8481705,-0.098170474,-3.3481705,-9.22317,-11.512925464970229
-6.3817,-3.8817,-0.7566999,-1.8816999,-6.0067
-4.475648,-0.1006478499999999,-2.475648,-8.850648,-11.512925464970229
-7.4665513,-1.5915514,-0.34155142,-2.4665513,-9.341552
-8.741603,-1.7416031,-0.2416032,-3.2416031,-10.741603
-7.535777,-1.1607769,-0.4107768999999999,-3.7857769,-9.535777
-6.8065934,-0.43159354,-1.0565935,-6.4315934,-11.512925464970229
-1.5031493,-0.2531492699999999,-6.753149,-11.512925464970229,-11.512925464970229
-11.512925464970229,-11.512925464970229,-11.512925464970229,-11.512925464970229,-11.512925464970229
-11.512925464970229,-11.512925464970229,-11.512925464970229,-11.512925464970229,-11.512925464970229
-7.187257,-1.437257,-0.43725705,-2.187257,-5.687257
-3.735349,-2.235349,-1.7353489,-4.485349,-11.512925464970229
-0.5236166,-0.8986166,-7.898617,-11.512925464970229,-11.512925464970229
-3.4208128,-0.0458127999999999,-4.4208126,-11.512925464970229,-11.512925464970229
-3.9329946,-0.05799449,-3.3079946,-10.182995,-11.512925464970229
-5.1298614,-4.0048614,-2.879861,-4.0048614,-11.512925464970229
-7.0364556,-0.9114557,-0.5364557,-4.4114556,-11.512925464970229
-11.512925464970229,-6.4211636,-2.0461633,-0.17116342,-3.6711633
-10.248017,-4.498017,-1.248017,-0.37301692,-4.373017
-6.2277246,-0.2277246,-1.6027246,-8.227725,-11.512925464970229
-11.512925464970229,-6.442199,-2.067199,-0.19219908,-3.067199
-10.823702,-4.5737023,-1.0737021,-0.4487021599999999,-4.6987023
-5.6848664,-0.43486664,-1.0598667,-5.9348664,-11.512925464970229
-6.5250497,-5.1500497,-2.52505,-3.40005,-6.5250497
-7.488697,-6.363697,-3.363697,-2.863697,-5.238697
-11.512925464970229,-4.9040856,-1.1540855,-0.4040855199999999,-4.6540856
-11.512925464970229,-6.4883122,-1.9883121,-0.2383120799999999,-2.613312
-10.822248,-4.697248,-1.0722482,-0.4472481599999999,-4.697248
-7.807221,-1.4322208,-0.30722085,-3.682221,-11.512925464970229
-11.512925464970229,-0.06332352,-11.512925464970229,-11.512925464970229,-11.512925464970229
-8.591179,-2.4661791,-0.2161792,-2.2161791,-8.841179
-0.5765593999999999,-0.8265594000000002,-7.7015595,-11.512925464970229,-11.512925464970229
-7.2743335,-1.2743337,-0.3993337,-3.0243337,-9.149334
-11.512925464970229,-6.809335,-2.5593352,-1.6843351,-4.934335
-4.088915,-0.3389148,-1.3389149,-4.838915,-9.463915
-3.0901744,-4.7151747,-5.4651747,-11.512925464970229,-11.512925464970229
-8.726647,-7.351647,-3.8516471,-3.1016471,-6.351647
-11.512925464970229,-6.5758424,-2.5758424,-1.8258424,-5.8258424
-1.6047704,-0.22977048,-5.4797707,-11.512925464970229,-11.512925464970229
-0.47458094,-0.97458094,-7.849581,-11.512925464970229,-11.512925464970229
-5.6682143,-5.7932143,-3.918214,-4.2932143,-11.512925464970229
-8.860311,-2.6103106,-0.36031058,-1.4853106,-6.1103106
-11.512925464970229,-4.9214377,-0.92143756,-0.5464375600000001,-4.1714377
-3.6178956,-4.2428956,-2.9928956,-3.9928956,-6.4928956
-2.7211466,-4.3461466,-4.7211466,-11.512925464970229,-11.512925464970229
-3.9495406,-0.074540645,-2.9495406,-9.199541,-11.512925464970229
-5.6944165,-0.3194164999999999,-1.3194165,-5.9444165,-11.512925464970229
-2.952191,-0.0771910249999999,-3.827191,-11.139691,-11.512925464970229
-1.9130263,-0.1630263899999999,-5.9130263,-11.512925464970229,-11.512925464970229
-7.7170687,-1.4670689,-0.34206888,-2.842069,-8.592069
-5.240636,-4.240636,-2.990636,-4.615636,-11.512925464970229
-5.331829,-0.20682912,-1.7068291,-7.706829,-11.512925464970229
-4.961164,-0.086163804,-2.5861638,-8.9611635,-11.512925464970229
-8.14885,-6.6488504,-3.2738504,-3.1488504,-5.6488504
-6.327203,-0.702203,-0.702203,-4.952203,-11.327203
-0.8261571,-0.5761570999999999,-8.826157,-11.512925464970229,-11.512925464970229
-3.9877853,-2.1127853,-0.8627853,-2.1127853,-5.7377853
-8.3837185,-2.0087183,-0.2587182499999999,-2.3837183,-6.7587185
-9.311507,-2.5615072,-0.3115073,-1.6865073,-5.311507
-11.512925464970229,-5.862846,-1.2378459,-0.3628458399999999,-4.487846
-3.5454311,-0.045431074,-4.170431,-11.512925464970229,-11.512925464970229
-4.0410914,-0.0410915199999999,-3.7910914,-11.041092,-11.512925464970229
-11.06939,-4.8193903,-1.0693905,-0.4443904999999999,-4.9443903
-0.0041459495999999,-5.504146,-11.512925464970229,-11.512925464970229,-11.512925464970229
-1.5027342,-0.25273415,-7.252734,-11.512925464970229,-11.512925464970229
-5.258941,-0.2589411,-1.5089412,-6.508941,-11.512925464970229
-3.4208388,-0.045838874,-4.420839,-11.512925464970229,-11.512925464970229
-2.4310212,-3.4310212,-4.431021,-7.556021,-11.512925464970229
-3.827116,-0.077116095,-2.952116,-9.077116,-11.512925464970229
-5.345992,-0.5959921,-0.8459921,-4.220992,-8.720992
-7.264366,-0.7643663,-0.6393663,-5.139366,-11.512925464970229
-0.1799331499999999,-1.8049332,-9.054934,-11.512925464970229,-11.512925464970229
-8.629396,-2.1293962,-0.2543963,-2.2543962,-8.129396
-1.7018667,-0.2018667299999999,-7.9518666,-11.512925464970229,-11.512925464970229
-11.512925464970229,-6.946534,-3.3215344,-2.1965344,-5.321534
-5.538066,-0.53806615,-0.91306615,-4.538066,-9.913066
-0.007653712,-4.8826537,-11.512925464970229,-11.512925464970229,-11.512925464970229
-2.244699,-0.1196990799999999,-4.994699,-11.512925464970229,-11.512925464970229
-0.14277829,-2.0177784,-11.512925464970229,-11.512925464970229,-11.512925464970229
-1.5022172,-0.2522172,-8.502217,-11.512925464970229,-11.512925464970229
-0.8691888,-3.7441888,-6.119189,-11.512925464970229,-11.512925464970229
-4.293619,-0.0436189399999999,-3.543619,-11.293619,-11.512925464970229
-2.5800257,-0.08002563,-6.8300257,-11.512925464970229,-11.512925464970229
-2.820172,-0.0701721759999999,-4.8201723,-11.512925464970229,-11.512925464970229
-1.9149417,-0.16494164,-5.414942,-11.512925464970229,-11.512925464970229
-7.655339,-0.9053386,-0.5303386,-5.030339,-11.512925464970229
-8.676388,-2.1763883,-0.3013882600000001,-1.9263883,-7.4263883
-6.306768,-0.18176778,-1.8067678,-9.056767,-11.512925464970229
-2.7030232,-0.07802318,-4.828023,-11.512925464970229,-11.512925464970229
-5.231872,-0.3568721999999999,-1.2318722,-5.856872,-11.512925464970229
-4.6685033,-0.2935031,-1.418503,-5.9185033,-11.512925464970229
-7.990457,-1.240457,-0.3654571,-4.115457,-11.512925464970229
-2.478763,-0.10376314,-4.228763,-10.978764,-11.512925464970229
-0.020594444,-3.8955944,-11.512925464970229,-11.512925464970229,-11.512925464970229
-3.7892046,-0.039204486,-4.1642046,-11.512925464970229,-11.512925464970229
-4.079205,-0.079204924,-2.829205,-9.329205,-11.512925464970229
-8.357298,-1.8572984,-0.2322983299999999,-2.9822984,-8.857298
-10.845819,-5.345819,-1.595819,-0.3458190300000001,-2.470819
-7.5715666,-1.0715667,-0.4465666699999999,-4.0715666,-10.571567
-9.331103,-2.206103,-0.20610318,-2.581103,-8.956103
-4.916766,-0.2917662299999999,-1.4167662,-5.791766,-11.416766
-11.512925464970229,-11.512925464970229,-11.512925464970229,-11.512925464970229,-11.512925464970229
-7.8717995,-1.8717995,-0.2467994999999999,-2.7467995,-9.121799
-2.4729054,-0.0979053499999999,-4.722905,-11.512925464970229,-11.512925464970229
-7.2633696,-1.2633697,-0.3883697,-3.2633698,-10.13837
-5.6273637,-3.5023637,-1.3773636,-1.8773636,-5.3773637
-7.448257,-1.5732569,-0.32325685,-2.698257,-7.198257
-5.196251,-3.571251,-1.321251,-2.321251,-6.071251
-11.512925464970229,-11.512925464970229,-11.512925464970229,-11.512925464970229,-11.512925464970229
-2.2404053,-0.1154054099999999,-5.9904056,-11.512925464970229,-11.512925464970229
-4.1783423,-2.6783423,-1.6783423,-4.3033423,-11.512925464970229
-1.3135498,-0.31354976,-8.31355,-11.512925464970229,-11.512925464970229
-5.8803754,-0.25537527,-1.5053753,-7.5053754,-11.512925464970229
-9.371608,-2.7466075,-0.2466076499999999,-1.8716077,-7.996608
-8.282014,-1.6570137,-0.2820137,-2.9070137,-11.032014
-6.4780016,-0.47800168,-0.9780017,-6.1030016,-11.512925464970229
-7.894836,-1.1448361,-0.3948360399999999,-4.894836,-11.512925464970229
-9.729514,-2.7295141,-0.22951408,-1.9795141,-6.479514
-9.775278,-2.6502786,-0.2752785699999999,-1.7752786,-8.400278
-0.8263623000000001,-0.5763623,-7.951362,-11.512925464970229,-11.512925464970229
-11.073744,-3.9487436,-0.44874355,-1.0737436,-7.8237433
-8.045421,-1.5454204,-0.29542035,-3.1704204,-9.045421
-8.497153,-1.7471533,-0.24715328,-3.1221533,-8.622153
-8.752596,-1.627596,-0.2525960199999999,-3.627596,-11.512925464970229
-5.5200157,-0.3950157799999999,-1.1450157,-5.5200157,-11.020016
-3.973379,-0.0983788,-2.598379,-8.848379,-11.512925464970229
-8.621804,-1.7468047,-0.2468046499999999,-3.1218047,-11.512925464970229
-1.9148221,-0.1648221599999999,-5.414822,-11.512925464970229,-11.512925464970229
-5.5683537,-0.3183535,-1.3183535,-6.8183537,-11.512925464970229
-11.153837,-4.028837,-0.6538371,-0.7788371,-5.903837
-8.648989,-2.5239887,-0.39898875,-1.3989887,-6.5239887
-4.9250317,-3.5500314,-1.6750314,-3.1750314,-6.6750317
-6.130283,-5.755283,-2.3802829,-2.3802829,-4.880283
-11.512925464970229,-6.384114,-2.0091138,-0.2591136999999999,-2.3841138
-8.254405,-2.3794053,-0.3794053,-1.5044053,-7.6294055
-0.8996112,-0.5246112000000002,-6.774611,-11.512925464970229,-11.512925464970229
-8.496639,-1.9966389,-0.24663894,-2.496639,-9.246639
-7.6684985,-4.7934985,-1.0434984,-1.5434984,-5.4184985
-11.512925464970229,-7.263818,-3.2638175,-0.3888176400000001,-1.2638177
-10.946522,-4.9465218,-1.5715218,-0.3215217599999999,-2.8215218
-4.9180255,-0.1680252999999999,-1.9180253,-7.9180255,-11.512925464970229
-6.093273,-0.84327304,-0.5932730400000001,-4.218273,-11.512925464970229
-6.6522393,-0.5272394399999999,-0.90223944,-5.9022393,-11.512925464970229
-11.487289,-4.6122894,-0.9872892,-0.48728922,-5.8622894
-8.487306,-4.987306,-1.2373059,-1.2373059,-4.862306
-5.610994,-0.860994,-0.6109940000000001,-3.4859939,-10.110994
-8.507092,-2.3820927,-0.3820927,-1.5070927,-5.7570925
-11.512925464970229,-6.7480364,-2.9980366,-2.3730366,-5.8730364
-11.161177,-4.973677,-1.473677,-0.34867704,-2.8486772
-9.260627,-3.1356268,-0.6356267300000001,-0.88562673,-4.260627
-11.429204,-4.554204,-0.9292042,-0.5542041999999999,-3.9292042
-4.218116,-0.2181159899999999,-1.718116,-6.343116,-11.512925464970229
-8.480636,-1.2306359,-0.35563588,-4.9806356,-11.512925464970229
-5.472322,-0.5973218,-0.8473218,-4.097322,-8.9723215
-3.58486,-0.20986013,-1.8348601,-6.3348603,-11.512925464970229
-7.379661,-1.5046613,-0.3796613,-2.3796613,-7.754661
-11.512925464970229,-4.1545005,-0.4045003699999999,-1.1545004,-6.4045005
-10.17691,-3.30191,-0.4269099799999999,-1.1769099,-6.17691
-4.761962,-0.26196194,-1.5119619,-6.636962,-11.512925464970229
-10.01817,-3.1431708,-0.3931708,-1.2681708,-7.893171
-8.0702095,-2.19521,-0.3202099,-1.8202099,-8.8202095
-6.832094,-1.5820944,-0.3320943999999999,-2.5820944,-8.457094
-11.512925464970229,-7.420912,-3.4209118,-0.4209116699999999,-1.1709117
-10.846697,-4.096697,-0.5966967300000001,-0.8466967300000001,-5.596697
-4.2690477,-4.7690477,-1.8940477,-1.8940477,-3.5190477
-10.943224,-4.818224,-1.1932241,-0.4432240999999999,-3.0682242
-11.512925464970229,-6.508696,-2.0086963,-0.2586962599999999,-2.3836963
-8.225816,-2.850816,-0.6008160000000001,-0.975816,-4.100816
-11.512925464970229,-6.152044,-1.777044,-0.2770440299999999,-2.652044
-11.104359,-4.479359,-0.8543590300000001,-0.6043590299999999,-4.104359
-10.043175,-3.5431747,-0.41817486,-1.1681749,-6.4181747
-11.249578,-5.749579,-1.8745787,-0.2495787599999999,-2.7495787
-5.642047,-0.39204696,-1.1420469,-6.517047,-11.512925464970229
-11.418707,-5.293707,-1.4187067,-0.2937066599999999,-4.918707
-8.49338,-2.4933794,-0.3683793,-1.4933794,-7.618379
-0.69377965,-0.69377965,-7.5687795,-11.512925464970229,-11.512925464970229
-3.5553749,-0.0553749499999999,-3.6803749,-11.180375,-11.512925464970229
-5.0386214,-0.28862154,-1.4136215,-7.0386214,-11.512925464970229
-3.005099,-0.13009904,-2.630099,-8.255099,-11.512925464970229
-5.411825,-0.2868254,-1.4118254,-6.911825,-11.512925464970229
-3.3371508,-1.9621508,-1.2121508,-4.5871506,-11.512925464970229
-4.2189436,-0.093943834,-2.5939438,-8.968944,-11.512925464970229
-5.3579392,-0.4829391799999999,-0.9829392,-5.6079392,-11.512925464970229
-0.0298888739999999,-3.5298889,-9.529889,-11.512925464970229,-11.512925464970229
-11.419377,-6.4818773,-2.4818773,-0.2318772399999999,-2.1068773
-0.9003245999999999,-0.5253245999999999,-6.150325,-11.512925464970229,-11.512925464970229
-3.7051568,-0.080156684,-2.9551568,-9.955156,-11.512925464970229
-5.58688,-0.58688015,-0.83688015,-4.96188,-11.512925464970229
-1.7041793,-0.2041793299999999,-5.9541793,-11.512925464970229,-11.512925464970229
-4.1168814,-0.11688124,-2.3668811,-8.491881,-11.512925464970229
-6.499657,-0.9996573,-0.4996572399999999,-3.7496572,-9.999658
-6.375438,-5.000438,-2.8754385,-3.3754385,-6.250438
-7.3859925,-5.7609925,-1.6359926,-1.6359926,-3.6359925
-3.4688675,-0.093867436,-2.8438675,-9.218867,-11.512925464970229
-5.009779,-0.2597791,-1.5097791,-6.884779,-11.512925464970229
-4.143597,-0.1435970999999999,-2.1435971,-7.518597,-11.512925464970229
-5.0103426,-0.26034245,-1.5103425,-6.7603426,-11.512925464970229
-8.473481,-1.7234817,-0.2234815999999999,-3.8484817,-11.512925464970229
-11.512925464970229,-6.225256,-1.7252558,-0.2252558899999999,-3.850256
-4.3067226,-0.0567225299999999,-3.1817226,-9.931723,-11.512925464970229
-11.512925464970229,-7.3162646,-3.8162646,-2.6912646,-4.8162646
-7.6132994,-7.7382994,-4.4882994,-3.3632994,-5.4882994
-7.1141243,-6.7391243,-3.7391243,-2.6141243,-4.2391243
-0.06844113,-11.512925464970229,-11.512925464970229,-11.512925464970229,-11.512925464970229
-3.6690717,-0.0440716559999999,-4.0440717,-11.512925464970229,-11.512925464970229
-10.506701,-4.5067015,-1.2567014,-0.3817013199999999,-3.8817012
-3.8157475,-4.3157477,-3.0657475,-4.0657477,-11.512925464970229
-6.7629423,-0.63794255,-0.76294255,-5.5129423,-11.512925464970229
-11.512925464970229,-4.5856423,-0.7106423,-0.7106423,-4.9606423
-11.512925464970229,-6.302543,-1.5525429,-0.30254298,-3.052543
-8.114024,-3.8640242,-0.4890240999999999,-1.4890242,-5.864024
-9.764327,-3.2643273,-0.38932735,-1.2643273,-6.7643275
-6.296739,-2.5467389,-0.7967389,-2.9217389,-7.671739
-11.512925464970229,-7.1729326,-2.6729326,-0.29793257,-1.6729326
-11.512925464970229,-4.6462016,-0.6462015,-0.7712015,-5.6462016
-6.031497,-2.6564968,-0.9064968,-2.7814968,-7.781497
-10.586855,-3.5868547,-0.46185476,-1.0868547,-5.336855
-6.745616,-4.620616,-1.120616,-1.870616,-4.995616
-11.512925464970229,-7.0166235,-2.6416237,-2.0166237,-5.2666235
-9.634993,-2.8849928,-0.25999278,-1.7599928,-7.1349926
-10.751949,-3.626949,-0.3769490999999999,-1.2519491,-6.6269493
-10.107185,-2.9821858,-0.2321857699999999,-1.8571857,-8.607185
-5.795024,-5.045024,-2.545024,-3.420024,-6.670024
-6.443085,-1.1930854,-0.4430854,-2.9430854,-11.255586
-9.268337,-3.0183375,-0.6433373999999998,-0.8933374,-4.1433372
-8.452931,-2.327931,-0.45293096,-1.3279309,-6.702931
-10.806413,-4.181412,-0.9314123,-0.5564123,-4.056412
-9.647959,-3.147959,-0.52295893,-1.022959,-5.3979588
-9.312462,-3.1874616,-0.6874617,-0.8124617,-4.437462
-9.8999815,-3.149981,-0.5249811400000001,-1.0249811,-5.024981
-11.512925464970229,-4.7828274,-1.1578274,-0.40782732,-4.4078274
-1.8906755,-4.0156755,-5.5156755,-8.390676,-11.512925464970229
-11.512925464970229,-6.4758596,-2.4758596,-2.2258596,-6.9758596
-7.6923504,-1.6923506,-0.31735063,-2.4423506,-8.19235
-11.512925464970229,-5.3334017,-1.4584016,-0.33340153,-3.0834014
-11.032992,-4.6579924,-1.2829922,-0.4079922000000001,-3.0329921
-9.782228,-2.9072285,-0.4072286,-1.2822286,-6.1572285
-7.7310376,-1.7310375,-0.3560375,-2.1060376,-9.106037
-6.2093444,-0.5843444500000001,-0.83434445,-5.0843444,-11.512925464970229
-2.2415442,-0.11654435,-5.6165442,-11.512925464970229,-11.512925464970229
-7.0691214,-1.4441215,-0.31912145,-3.3191214,-10.319121
-11.512925464970229,-6.9568725,-2.5818722,-0.20687225,-2.2068722
-2.7465622,-0.12156221,-2.9965622,-8.371562,-11.512925464970229
-0.4294312599999999,-1.0544312,-7.3044314,-11.512925464970229,-11.512925464970229
-9.752858,-3.0028577,-0.2528577699999999,-1.7528578,-8.252858
-11.183858,-5.3088584,-1.4338584,-0.3088583599999999,-3.8088584
-9.539681,-3.664682,-0.66468185,-0.78968185,-5.164682
-3.8520107,-3.4770107,-1.6020108,-3.4770107,-7.1020107
-6.734294,-1.484294,-0.35929406,-2.609294,-8.984294
-11.512925464970229,-5.6280465,-1.6280464,-0.25304642,-3.7530465
-11.512925464970229,-7.0445476,-2.0445476,-0.1695476,-3.6695476
-7.817543,-2.4425433,-0.31754327,-1.6925433,-7.942543
-6.2889795,-0.91397935,-0.5389793500000001,-4.2889795,-11.512925464970229
-3.6769722,-0.0519721999999999,-3.6769722,-11.051972,-11.512925464970229
-5.534292,-3.659292,-1.284292,-2.784292,-6.409292
-6.3067803,-0.0567802,-2.93178,-11.512925464970229,-11.512925464970229
-6.853012,-5.228012,-2.2280118,-2.4780118,-5.353012
-5.2006416,-0.0756415999999999,-2.7006416,-9.075642,-11.512925464970229
-6.5468554,-1.1718554,-0.4218555,-3.4218554,-9.546856
-0.8573135,-2.3573136,-4.7323136,-8.857313,-11.512925464970229
-5.611741,-4.486741,-2.611741,-3.111741,-6.486741
-8.02572,-1.6507201,-0.27572006,-3.0257201,-9.15072
-7.4130907,-1.2880907,-0.4130907399999999,-2.7880907,-8.663091
-1.0551884,-0.43018836,-6.555188,-11.512925464970229,-11.512925464970229
-10.727063,-3.852063,-0.602063,-0.852063,-5.477063
-1.6222103,-2.8722103,-3.3722103,-5.6222105,-11.512925464970229
-8.287696,-1.9126956,-0.2876957,-2.2876956,-8.037696
-1.8113306,-0.1863305,-5.0613303,-11.512925464970229,-11.512925464970229
-8.400604,-1.6506047,-0.27560467,-3.0256047,-10.650604
-4.565812,-4.440812,-2.940812,-4.190812,-11.512925464970229
-4.6530695,-0.15306965,-2.0280697,-7.4030695,-11.512925464970229
-4.2800612,-0.030061468,-4.1550612,-11.512925464970229,-11.512925464970229
-5.0832605,-0.20826061,-1.7082607,-7.5832605,-11.512925464970229
-2.2466552,-0.121655315,-4.7466555,-11.512925464970229,-11.512925464970229
-2.586026,-0.086026,-4.961026,-11.512925464970229,-11.512925464970229
-2.357329,-0.107328855,-4.982329,-11.512925464970229,-11.512925464970229
-1.5072994,-0.2572994799999999,-5.2572994,-11.512925464970229,-11.512925464970229
-6.9069247,-1.5319245,-0.40692455,-2.1569245,-6.7819247
-7.858432,-2.1084318,-0.4834317000000001,-1.3584317,-5.483432
-0.3496237699999999,-1.2246238,-6.8496237,-11.512925464970229,-11.512925464970229
-5.6569023,-0.7819023,-0.6569022999999999,-3.9069023,-10.031902
-1.7058098,-0.2058098799999999,-5.45581,-11.512925464970229,-11.512925464970229
-5.0720553,-0.3220553999999999,-1.3220553,-6.0720553,-11.447056
-11.512925464970229,-11.512925464970229,-11.512925464970229,-11.512925464970229,-11.512925464970229
-4.363351,-0.113350786,-2.3633509,-8.738351,-11.512925464970229
-0.4290634400000001,-1.0540634,-9.429064,-11.512925464970229,-11.512925464970229
-4.4428306,-3.6928303,-2.4428303,-4.5678306,-11.512925464970229
-11.512925464970229,-9.020313,-4.3953133,-0.7703135,-0.6453135000000001
-9.4236965,-2.6736965,-0.29869643,-1.6736964,-6.6736965
-11.512925464970229,-5.4048295,-1.6548295,-0.2798294699999999,-3.0298295
-9.117143,-2.3671424,-0.24214242,-2.1171424,-7.492142
-11.512925464970229,-7.8289585,-3.0789583,-0.3289583,-1.4539583
-9.967229,-3.342229,-0.46722898,-1.092229,-6.217229
-9.016345,-2.6413453,-0.39134523,-1.3913453,-5.641345
-4.9461584,-5.0711584,-1.8211586,-1.5711586,-3.4461586
-4.6900244,-0.19002436,-1.8150244,-6.9400244,-11.512925464970229
-4.3248587,-4.8248587,-3.1998587,-3.6998587,-6.1998587
-9.888426,-3.3884256,-0.5134256,-1.0134256,-5.388426
-11.512925464970229,-6.883488,-2.3834884,-0.25848833,-2.0084884
-9.083636,-2.9586363,-0.5836363400000001,-0.95863634,-5.0836363
-11.512925464970229,-5.2812285,-1.1562285,-0.4062285,-4.2812285
-6.2928185,-0.91781837,-0.54281837,-4.0428185,-11.355318
-11.512925464970229,-11.512925464970229,-11.512925464970229,-11.512925464970229,-11.512925464970229
-5.356034,-0.23103397,-1.6060339,-7.231034,-11.512925464970229
-8.548528,-5.9235272,-2.5485272,-2.7985272,-6.7985272
-6.0748115,-4.0748115,-1.8248116,-2.9498115,-6.9498115
-7.286158,-0.9111582,-0.5361582,-4.411158,-11.512925464970229
-4.8214574,-3.0714576,-2.0714576,-4.5714574,-11.512925464970229
-6.9651756,-0.84017587,-0.59017587,-4.3401756,-11.340176
-9.931141,-3.1811411,-0.4311410799999999,-1.1811411,-6.681141
-11.512925464970229,-6.521948,-2.1469479,-1.896948,-6.396948
-1.7357938,-2.4857938,-3.4857938,-6.610794,-11.512925464970229
-8.505745,-5.0057454,-1.3807454,-1.6307454,-5.8807454
-7.214703,-4.464703,-1.8397028,-3.0897028,-7.714703
-6.2194824,-3.7194824,-0.9694824,-2.3444824,-6.9694824
-8.056936,-1.6819363,-0.30693626,-2.5569363,-8.806936
-10.677531,-3.6775308,-0.5525307999999999,-0.9275308,-5.677531
-5.8947434,-3.8947434,-0.7697433,-1.7697433,-5.5197434
-5.9836226,-4.1086226,-1.7336224,-3.1086226,-6.9836226
-1.1383046,-0.3883045599999999,-6.6383047,-11.512925464970229,-11.512925464970229
-7.7326093,-3.482609,-0.9826091,-2.607609,-8.107609
-11.512925464970229,-6.3591285,-1.3591284,-0.85912836,-4.4841285
-4.0959063,-0.0959060299999999,-2.595906,-8.845906,-11.512925464970229
-6.7882147,-0.91321474,-0.53821474,-4.2882147,-11.512925464970229
-7.544552,-4.419552,-1.1695516,-2.1695516,-6.794552
-11.512925464970229,-5.6490684,-1.1490684,-0.39906842,-4.7740684
-8.150253,-1.7752529,-0.27525297,-2.650253,-8.900253
-11.512925464970229,-11.512925464970229,-11.512925464970229,-11.512925464970229,-11.512925464970229
-10.38297,-3.5079703,-0.5079703,-1.0079703,-5.7579703
-11.512925464970229,-7.578463,-2.453463,-0.20346312,-2.328463
-11.512925464970229,-4.9133067,-0.9133069,-0.5383068999999999,-4.9133067
-10.804155,-3.6791549,-0.5541549299999999,-0.92915493,-5.304155
-2.825362,-0.0753619399999999,-4.3253617,-11.512925464970229,-11.512925464970229
-1.9156456,-0.1656456399999999,-5.2906456,-11.512925464970229,-11.512925464970229
-8.851199,-1.8511996,-0.2261996,-3.1011996,-10.976199
-6.8862567,-0.6362567000000001,-0.7612567,-6.0112567,-11.512925464970229
-7.1387105,-0.7637105,-0.6387105,-5.2637105,-11.512925464970229
-4.580358,-0.08035823,-2.7053583,-9.9553585,-11.512925464970229
-3.301744,-0.0517440139999999,-4.301744,-11.512925464970229,-11.512925464970229
-5.856488,-2.7314885,-0.8564884,-3.1064885,-11.512925464970229
-4.1952357,-0.0702358399999999,-2.9452357,-9.445236,-11.512925464970229
-4.6705866,-0.1705865599999999,-1.9205866,-7.1705866,-11.512925464970229
-6.662324,-3.2873237,-1.0373237,-2.7873237,-8.162324
-2.581624,-3.331624,-3.706624,-5.956624,-11.512925464970229
-6.2086186,-0.58361876,-0.83361876,-5.2086186,-11.512925464970229
-7.1599016,-0.90990174,-0.53490174,-4.5349016,-10.409902
-8.987112,-7.7371116,-4.7371116,-4.7371116,-8.487112
-6.0854254,-0.5854254,-0.8354254,-4.9604254,-11.512925464970229
-3.3055785,-0.055578392,-4.055578,-11.512925464970229,-11.512925464970229
-7.657873,-1.1578729,-0.40787297,-3.907873,-11.512925464970229
-7.533391,-0.908391,-0.533391,-4.658391,-11.512925464970229
-2.8154147,-0.0654147699999999,-5.690415,-11.512925464970229,-11.512925464970229
-11.512925464970229,-5.903289,-1.6532886,-0.27828866,-3.0282886
-4.1952596,-0.0702593999999999,-2.9452593,-9.695259,-11.512925464970229
-3.3298488,-0.07984888,-3.2048488,-8.704849,-11.512925464970229
-2.1307828,-0.1307829,-5.630783,-11.512925464970229,-11.512925464970229
-11.512925464970229,-5.6347055,-1.6347053,-0.25970536,-3.5097053
-5.009193,-0.1341927299999999,-2.1341927,-8.009192,-11.512925464970229
-5.7321525,-0.48215258,-0.9821526,-5.4821525,-11.512925464970229
-0.31345055,-1.3134506,-9.813451,-11.512925464970229,-11.512925464970229
-8.704205,-5.954204,-2.9542043,-3.3292043,-7.454204
-4.1952596,-0.0702593999999999,-2.9452593,-9.695259,-11.512925464970229
-11.512925464970229,-7.484579,-2.984579,-1.2345792,-4.484579
-6.465909,-0.8409089,-0.5909089000000001,-4.340909,-11.512925464970229
-8.060497,-6.0604973,-3.3104973,-3.8104973,-7.8104973
-0.5235197,-0.8985197,-8.1485195,-11.512925464970229,-11.512925464970229
-3.183426,-0.05842602,-4.183426,-11.512925464970229,-11.512925464970229
-4.3254232,-0.07542318,-2.8254232,-9.950423,-11.512925464970229
-6.6003747,-0.3503746399999999,-1.2253747,-7.6003747,-11.512925464970229
-11.512925464970229,-5.7756805,-1.5256805,-0.2756804999999999,-3.9006805
-7.1307063,-1.3807063,-0.3807063,-2.7557063,-8.880707
-6.6286616,-0.2536617500000001,-1.5036618,-8.003662,-11.512925464970229
-11.019789,-3.144789,-0.2697889499999999,-1.644789,-8.644789
-8.020008,-1.6450086,-0.27000856,-3.1450086,-9.395008
-10.344906,-3.8449063,-0.71990633,-0.71990633,-5.3449063
-4.159086,-0.1590861199999999,-2.0340862,-7.534086,-11.512925464970229
-11.405573,-5.2805724,-1.5305724,-0.2805724,-3.7805724
-11.512925464970229,-5.276865,-1.1518648,-0.4018648,-4.651865
-11.512925464970229,-4.7862234,-0.9112232,-0.5362232,-5.4112234
-11.208894,-4.333894,-0.70889384,-0.70889384,-6.083894
-11.512925464970229,-5.6989512,-1.3239511,-0.3239511,-4.9489512
-9.129097,-2.1290965,-0.2540966,-2.2540965,-8.754097
-3.3134568,-0.06345667,-3.6884568,-11.188457,-11.512925464970229
-1.438802,-2.563802,-4.688802,-11.512925464970229,-11.512925464970229
-8.547007,-4.7970066,-1.5470064,-2.1720064,-7.6720066
-10.84529,-3.47029,-0.34528986,-1.3452898,-8.09529
-9.681657,-3.1816568,-0.4316567799999999,-1.1816568,-6.181657
-11.237425,-4.8624253,-0.98742527,-0.48742527,-5.3624253
-7.7783923,-5.1533923,-1.7783924,-1.9033924,-5.5283923
-10.476245,-3.976245,-0.6012448999999999,-0.8512449,-5.226245
-10.775304,-4.1503034,-0.65030354,-0.77530354,-6.4003034
-0.14284392,-2.017844,-9.267844,-11.512925464970229,-11.512925464970229
-3.341052,-0.09105205,-2.966052,-9.716052,-11.512925464970229
-6.876957,-1.2519568,-0.3769568,-3.6269567,-10.126957
-10.911662,-3.4116616,-0.2866617399999999,-1.5366617,-6.9116616
-8.078744,-1.4537439,-0.32874396,-3.078744,-10.203744
-11.007305,-3.507305,-0.38230494,-1.2573049,-5.757305
-5.382531,-0.2575314000000001,-1.5075314,-7.007531,-11.512925464970229
-5.038871,-0.28887105,-1.413871,-6.788871,-11.512925464970229
-1.4125793,-4.2875795,-6.0375795,-11.512925464970229,-11.512925464970229
-11.512925464970229,-7.7924047,-3.2924047,-2.0424047,-4.5424047
-11.512925464970229,-5.740732,-1.8657321,-1.1157321,-3.8657322
-7.783172,-2.158172,-0.40817195,-1.5331719,-5.783172
-2.2522788,-0.1272787499999999,-4.252279,-11.377278,-11.512925464970229
-11.512925464970229,-6.6066847,-2.2316847,-0.98168457,-3.8566847
-5.9998355,-3.1248357,-1.1248357,-2.7498357,-7.2498355
-10.599525,-3.349526,-0.3495258699999999,-1.3495259,-8.099525
-0.5235083700000001,-0.89850837,-8.023508,-11.512925464970229,-11.512925464970229
-6.787201,-3.6622012,-0.7872011,-1.6622012,-5.662201
-2.8272107,-0.07721078,-4.202211,-10.95221,-11.512925464970229
-11.512925464970229,-7.220443,-3.2204428,-0.4704427399999999,-1.0954428
-7.0905156,-3.3405156,-0.5905157,-1.7155156,-5.9655156
-7.0933437,-4.4683437,-1.593344,-2.968344,-11.512925464970229
-5.4150414,-0.16504142,-1.9150414,-8.290041,-11.512925464970229
-5.818084,-0.31808364,-1.3180836,-6.443084,-11.512925464970229
-6.265159,-0.3901593399999999,-1.1401594,-6.765159,-11.512925464970229
-9.246536,-2.7465367,-0.24653666,-1.8715366,-8.746536
-11.470542,-4.720542,-0.8455417,-0.5955417,-4.595542
-7.4672713,-1.7172711,-0.34227115,-2.217271,-7.5922713
-10.922729,-4.422728,-0.9227282,-0.5477281999999999,-4.422728
-5.1344237,-0.2594236999999999,-1.5094237,-6.5094237,-11.512925464970229
-11.512925464970229,-5.464796,-1.3397958,-0.3397958599999999,-3.8397958
-11.512925464970229,-8.942454,-4.317454,-0.44245407,-1.0674541
-10.633011,-5.508011,-2.1330109,-0.25801098,-2.2580109
-10.590823,-4.090823,-0.7158233,-0.7158233,-5.215823
-11.512925464970229,-7.2268353,-1.8518353,-0.22683527,-3.1018353
-11.512925464970229,-7.2268353,-1.8518353,-0.22683527,-3.1018353
-7.56071,-1.4357098,-0.3107098300000001,-3.56071,-10.93571
-7.6823277,-1.8073277,-0.30732775,-2.3073277,-8.057327
-9.246484,-2.4964836,-0.24648347,-1.9964834,-10.371484
-10.175188,-3.3001878,-0.4251879,-1.1751878,-7.550188
-8.003325,-1.7533253,-0.25332537,-3.0033255,-11.512925464970229
-7.9668064,-1.3418067,-0.3418066199999999,-3.5918067,-11.512925464970229
-10.703601,-3.0786004,-0.3286004699999999,-1.4536004,-8.703601
-10.36168,-2.6116796,-0.2366795699999999,-1.9866796,-9.86168
-5.044994,-4.419994,-2.1699939,-2.9199939,-6.044994
-7.7405095,-1.3655096,-0.3655095999999999,-2.9905095,-10.49051
-10.670605,-3.420605,-0.42060497,-1.170605,-8.170605
-11.512925464970229,-7.291453,-2.041453,-0.16645291,-3.791453
-6.6848364,-5.6848364,-2.8098361,-2.9348361,-5.4348364
-8.284845,-5.909845,-2.2848449,-2.0348449,-4.784845
-10.505405,-3.5054054,-0.5054055499999999,-1.0054055,-7.5054054
-11.512925464970229,-6.6816564,-2.5566564,-1.0566564,-3.6816564
-10.593801,-3.9688005,-0.71880066,-0.71880066,-5.0938005
-10.512923,-3.2629235,-0.38792357,-1.2629236,-8.387923
-11.279368,-4.2793684,-0.77936834,-0.6543683399999999,-4.9043684
-10.666655,-3.541655,-0.416655,-1.1666551,-8.916655
-2.4710152,-0.0960151,-4.971015,-11.512925464970229,-11.512925464970229
-2.3928206,-0.7678206,-1.5178206,-4.8928204,-11.512925464970229
-6.7641087,-0.6391085399999998,-0.76410854,-5.2641087,-11.512925464970229
-11.060213,-3.1852126,-0.18521263,-2.0602126,-10.060213
-4.4055395,-0.1555394799999999,-2.0305395,-7.7805395,-11.512925464970229
-7.638254,-1.2632544,-0.3882544,-3.2632544,-10.638254
-5.239618,-0.48961797,-0.98961794,-4.614618,-9.864618
-11.512925464970229,-5.5236464,-1.1486464,-0.39864635,-4.8986464
-2.9634895,-2.9634895,-1.7134894,-3.2134895,-6.2134895
-11.161564,-3.7865634,-0.4115633999999999,-1.1615634,-6.5365634
-5.191639,-0.44163892,-1.066639,-4.941639,-10.941639
-7.0318108,-1.5318109,-0.40681088,-2.1568108,-6.6568108
-9.382766,-2.3827655,-0.25776562,-2.0077655,-8.632766
-9.722021,-3.7220209,-0.72202086,-0.72202086,-5.722021
-6.9607563,-1.4607565,-0.3357565399999999,-2.9607565,-10.960756
-7.43998,-1.06498,-0.43998,-4.56498,-11.512925464970229
-0.6334277,-0.7584277,-7.2584276,-11.512925464970229,-11.512925464970229
-7.6311064,-2.1311061,-0.38110614,-1.6311061,-6.3811064
-5.0353866,-4.2853866,-2.2853863,-3.2853863,-6.5353866
-4.3306046,-0.4556045999999999,-1.0806046,-4.3306046,-10.205605
-4.7344284,-0.6094286,-0.8594286,-3.7344286,-9.484428
-4.668508,-0.668508,-0.793508,-3.668508,-9.043508
-7.453913,-1.7039133,-0.32891336,-2.3289135,-8.953914
-6.265254,-1.0152541,-0.5152541400000001,-3.265254,-9.515254
-0.6330290000000001,-0.758029,-7.883029,-11.512925464970229,-11.512925464970229
-5.0238304,-0.39883044,-1.1488304,-5.2738304,-11.512925464970229
-5.7950144,-5.2950144,-3.7950141,-5.1700144,-11.512925464970229
-5.0580554,-0.80805546,-0.68305546,-3.1830554,-7.5580554
-7.185746,-6.185746,-2.8107464,-2.6857464,-6.060746
-8.517799,-2.267799,-0.3927988999999999,-1.5177989,-6.392799
-1.1389573,-0.3889573,-6.2639575,-11.512925464970229,-11.512925464970229
-7.426283,-5.676283,-3.1762826,-3.9262826,-6.801283
-1.6914546,-5.8164544,-7.5664544,-11.512925464970229,-11.512925464970229
-4.9770203,-3.60202,-1.35202,-2.47702,-6.4770203
-3.802476,-0.052475914,-3.552476,-10.802476,-11.512925464970229
-5.853913,-0.22891301,-1.6039131,-7.603913,-11.512925464970229
-3.5524328,-0.0524327119999999,-3.8024328,-11.512925464970229,-11.512925464970229
-5.6307635,-0.13076365,-2.1307635,-9.380764,-11.512925464970229
-3.5626335,-0.062633455,-3.4376335,-11.0626335,-11.512925464970229
-4.116982,-0.11698178,-2.3669817,-8.6169815,-11.512925464970229
-2.491829,-5.241829,-6.241829,-11.512925464970229,-11.512925464970229
-9.227385,-2.3523848,-0.22738478,-2.2273848,-8.977385
-4.8847814,-0.1347811999999999,-2.1347811,-8.884781,-11.512925464970229
-5.817493,-0.3174931,-1.3174931,-6.817493,-11.512925464970229
-7.5644755,-1.4394755,-0.31447557,-3.4394755,-11.512925464970229
-3.2533946,-2.1283946,-1.8783946,-4.8783946,-11.512925464970229
-1.7066312,-2.9566312,-3.9566312,-7.081631,-11.512925464970229
-6.331207,-0.5812067999999999,-0.8312068,-5.706207,-11.512925464970229
-2.35401,-0.10401011,-5.60401,-11.512925464970229,-11.512925464970229
-11.512925464970229,-11.512925464970229,-11.512925464970229,-11.512925464970229,-11.512925464970229
-5.853485,-0.35348514,-1.2284851,-6.228485,-11.512925464970229
-1.9176878,-0.16768776,-4.917688,-11.167687,-11.512925464970229
-0.35561964,-11.512925464970229,-11.512925464970229,-11.512925464970229,-11.512925464970229
-4.2671237,-0.14212368,-2.1421237,-7.0171237,-11.512925464970229
-5.811828,-0.43682835,-1.0618284,-5.311828,-10.811829
-7.926919,-2.676919,-0.551919,-1.051919,-5.301919
-0.2023123199999999,-1.7023124,-7.2023125,-11.512925464970229,-11.512925464970229
-4.6230564,-0.12305642,-2.2480564,-8.248056,-11.512925464970229
-4.3206725,-0.1956724099999999,-1.8206724,-6.0706725,-10.320672
-5.5640182,-2.1890182,-0.43901822,-1.9390182,-5.6890182
-4.9592314,-0.2092313899999999,-1.7092314,-7.3342314,-11.512925464970229
-11.512925464970229,-11.512925464970229,-11.512925464970229,-11.512925464970229,-11.512925464970229
-0.63296765,-0.75796765,-8.382968,-11.512925464970229,-11.512925464970229
-3.5524278,-0.052427847,-3.8024278,-11.177428,-11.512925464970229
-0.4743032200000001,-0.9743032499999998,-8.599303,-11.512925464970229,-11.512925464970229
-7.882934,-2.0079339,-0.2579338999999999,-2.3829339,-8.382934
-3.2045774,-0.0795774299999999,-3.3295774,-10.829577,-11.512925464970229
-11.512925464970229,-11.512925464970229,-11.512925464970229,-11.512925464970229,-11.512925464970229
-11.512925464970229,-4.711978,-0.8369779,-0.5869778999999999,-6.336978
-9.76525,-3.2652507,-0.3902505999999999,-1.2652506,-6.0152507
-9.51741,-2.76741,-0.2674099999999999,-1.76741,-7.14241
-6.2134123,-0.8384124000000001,-0.5884124000000001,-4.5884123,-10.213412
-1.6081336,-5.7331333,-7.3581333,-11.512925464970229,-11.512925464970229
-9.003779,-6.753779,-0.0037791705999999,-6.003779,-11.512925464970229
-3.9730523,-0.09805235,-2.5980523,-9.473052,-11.512925464970229
-9.76525,-3.2652507,-0.3902505999999999,-1.2652506,-6.0152507
-9.198875,-2.6988754,-0.3238753,-1.5738753,-6.3238754
-7.7906075,-1.5406077,-0.29060763,-3.2906077,-10.040607
-5.23223,-0.35723025,-1.2322302,-5.73223,-11.512925464970229
-5.9789815,-0.4789813,-0.97898126,-6.1039815,-11.512925464970229
-4.389961,-0.1399608599999999,-2.1399608,-7.764961,-11.512925464970229
-5.216089,-0.5910889,-0.8410889,-4.716089,-11.512925464970229
-5.77183,-0.64683,-0.77183,-4.52183,-11.512925464970229
-4.3411293,-0.21612918,-1.7161292,-6.5911293,-11.512925464970229
-5.753093,-3.5030928,-1.5030926,-2.7530928,-6.378093
-7.119012,-1.4940119,-0.36901182,-2.4940119,-7.619012
-5.4078135,-0.6578134299999999,-0.78281343,-3.9078135,-10.032813
-9.31767,-2.9426699,-0.44266978,-1.1926697,-6.81767
-1.4097531,-0.28475305,-5.659753,-11.512925464970229,-11.512925464970229
-11.512925464970229,-7.146101,-3.1461008,-2.2711008,-4.646101
-3.9453778,-3.9453778,-3.0703778,-4.945378,-11.512925464970229
-11.512925464970229,-5.662758,-1.7877576,-0.28775766,-2.5377576
-8.409761,-2.409761,-0.40976098,-1.409761,-6.534761
-11.512925464970229,-4.623754,-0.9987538,-0.49875382,-4.248754
-10.93672,-4.43672,-1.1867198,-0.43671975,-3.3117197
-11.512925464970229,-4.6626177,-0.91261756,-0.5376175600000002,-5.5376177
-5.029888,-0.029887944,-3.779888,-11.512925464970229,-11.512925464970229
-6.079961,-0.70496064,-0.70496064,-4.704961,-11.512925464970229
-6.7120347,-1.0870346,-0.46203455,-3.4620345,-10.212034
-10.036545,-2.5365446,-0.1615446399999999,-2.6615446,-10.536545
-11.512925464970229,-11.512925464970229,-9.72990600003512e-06,-11.512925464970229,-11.512925464970229
-6.307457,-0.43245718,-1.0574572,-6.307457,-11.512925464970229
-7.082988,-1.0829877,-0.45798764,-3.5829875,-10.082988
-5.7922153,-4.2922153,-1.9172156,-2.6672156,-5.7922153
-1.857441,-0.2324409199999999,-2.982441,-7.482441,-11.512925464970229
-3.7274518,-4.602452,-2.1024518,-2.3524518,-4.227452
-7.569544,-1.0695437,-0.44454372,-4.194544,-11.512925464970229
-9.900668,-3.0256681,-0.40066823,-1.2756683,-6.150668
-8.71178,-2.08678,-0.2117800399999999,-2.71178,-10.08678
-5.3677096,-0.117709406,-2.2427094,-8.992709,-11.512925464970229
-10.595284,-3.4702847,-0.3452847999999999,-1.3452848,-8.345284
-4.5770974,-0.32709727,-1.3270973,-5.7020974,-11.512925464970229
-2.8598385,-3.1098385,-3.4848385,-6.6098385,-11.512925464970229
-10.73978,-4.489781,-0.9897808,-0.48978075,-5.489781
-11.512925464970229,-5.1658325,-1.1658323,-0.4158322999999999,-3.7908323
-6.337867,-4.087867,-1.087867,-2.087867,-5.962867
-10.104703,-3.2297032,-0.3547031,-1.3547031,-7.354703
-8.591205,-2.2162051,-0.2162050599999999,-2.4662051,-8.966205
-11.512925464970229,-6.0720396,-2.1970396,-0.3220397,-1.8220397
-7.90034,-1.7753401,-0.2753400199999999,-2.65034,-9.15034
-11.512925464970229,-11.512925464970229,-11.512925464970229,-11.512925464970229,-11.512925464970229
-7.6488385,-3.6488385,-0.77383846,-2.0238385,-6.7738385
-8.642975,-2.1429749,-0.26797488,-2.1429749,-9.392975
-10.164715,-4.0397153,-0.7897153,-0.6647153,-4.2897153
-9.186636,-3.061636,-0.4366360299999999,-1.186636,-6.561636
-10.877396,-0.0023961057999999,-11.512925464970229,-11.512925464970229,-11.512925464970229
-5.4670076,-0.5920075,-0.8420075,-4.4670076,-10.717008
-3.9238799,-2.1738799,-2.1738799,-5.5488796,-11.512925464970229
-6.333833,-1.0838332,-0.4588331999999999,-3.5838332,-11.512925464970229
-10.59103,-4.46603,-0.8410302,-0.5910302,-5.71603
-11.512925464970229,-11.512925464970229,-11.512925464970229,-11.512925464970229,-11.512925464970229
-3.8507626,-0.1007626399999999,-2.6007626,-8.725762,-11.512925464970229
-10.837837,-4.0878367,-0.71283674,-0.71283674,-5.9628367
-10.198253,-4.6982527,-1.5732527,-0.32325268,-2.8232527
-11.512925464970229,-9.026219,-4.276219,-0.401219,-1.151219
-11.273297,-6.8357973,-2.9607975,-0.3357974599999999,-1.4607974
-11.512925464970229,-11.512925464970229,-11.512925464970229,-11.512925464970229,-11.512925464970229
-4.60127,-0.6012702999999999,-0.8512703,-4.22627,-10.788771
-5.1786613,-3.9286613,-1.0536615,-1.5536615,-3.3036613
-11.512925464970229,-9.904935,-5.0299354,-0.5299352,-0.9049352000000002
-11.512925464970229,-7.627944,-2.3779438,-0.12794377,-3.6279438
-11.512925464970229,-6.097995,-1.8479947,-0.22299467,-3.2229946
-5.7307353,-0.48073533,-0.9807353,-5.7307353,-11.512925464970229
-11.512925464970229,-5.664954,-1.4149541,-0.2899540699999999,-5.289954
-4.559251,-0.0592508799999999,-3.0592508,-10.809251,-11.512925464970229
-7.440856,-5.190856,-1.440856,-1.190856,-4.690856
-10.970989,-4.5959897,-1.0959896,-0.4709895999999999,-3.4709897
-10.408361,-4.158361,-0.783361,-0.658361,-4.658361
-6.012909,-5.012909,-1.7629092,-2.5129092,-4.887909
-8.345676,-2.095677,-0.2206768399999999,-2.595677,-8.845676
-11.512925464970229,-8.232188,-2.9821885,-0.2321885099999999,-1.8571885
-7.708306,-6.583306,-2.2083058,-1.4583058,-3.0833058
-0.16038254,-1.9103825,-9.035382,-11.512925464970229,-11.512925464970229
-11.269926,-4.5199256,-0.6449257999999999,-0.7699258,-6.7699256
-10.970847,-4.2208476,-0.5958475,-0.8458475,-5.3458476
-11.512925464970229,-5.414599,-1.1645992,-0.4145991500000001,-3.7895992
-11.512925464970229,-5.0282164,-1.1532165,-0.40321645,-4.6532164
-8.734977,-2.609977,-0.3599771,-1.4849771,-6.2349772
-4.670083,-0.1700832499999999,-1.9200833,-8.045083,-11.512925464970229
-11.462192,-4.7121916,-0.8371916,-0.5871915999999999,-6.2121916
-1.9115869,-0.16158693,-6.6615868,-11.512925464970229,-11.512925464970229
-1.5201668,-3.5201669,-3.8951669,-5.645167,-11.512925464970229
-8.603401,-2.3534012,-0.3534011,-1.6034011,-6.853401
-2.600685,-0.1006848299999999,-3.850685,-10.600685,-11.512925464970229
-5.270815,-0.39581496,-1.1458149,-5.645815,-11.512925464970229
-1.3945899,-2.89459,-4.51959,-7.89459,-11.512925464970229
-5.1859207,-0.18592088,-1.8109208,-7.6859207,-11.512925464970229
-11.512925464970229,-4.863993,-0.98899317,-0.4889932000000001,-4.988993
-0.004791565,-5.3797917,-11.512925464970229,-11.512925464970229,-11.512925464970229
-8.988873,-1.8638723,-0.23887232,-2.8638723,-9.738873
-3.5184293,-0.14342918,-2.2684293,-7.7684293,-11.512925464970229
-11.512925464970229,-4.5971985,-1.0971987,-0.84719867,-4.4721985
-11.512925464970229,-5.289531,-2.0395312,-2.2895312,-5.914531
-2.3571606,-0.10716064,-4.9821606,-11.512925464970229,-11.512925464970229
-8.814925,-4.939925,-1.5649252,-2.3149252,-6.939925
-5.4359202,-0.4359200999999999,-1.0609201,-5.9359202,-11.512925464970229
-7.074164,-1.0741642,-0.4491641,-3.9491642,-11.512925464970229
-4.1589108,-0.15891053,-2.0339105,-8.033911,-11.512925464970229
-6.0157485,-0.39074835,-1.1407484,-6.6407485,-11.512925464970229
-11.512925464970229,-0.1816456999999999,-10.556645,-11.512925464970229,-11.512925464970229
-4.2021623,-0.07716222,-2.8271623,-9.827162,-11.512925464970229
-5.008031,-2.133031,-0.88303095,-3.633031,-11.512925464970229
-8.749557,-1.6245568,-0.2495567499999999,-3.7495568,-11.512925464970229
-8.980511,-2.1055107,-0.2305106999999999,-2.4805107,-8.730511
-8.564244,-2.8142443,-0.31424418,-1.5642442,-9.189244
-9.689602,-2.8146014,-0.3146015,-1.5646015,-7.4396014
-7.9072237,-1.6572237,-0.28222364,-2.9072237,-9.282224
-5.424814,-3.7998142,-1.1748143,-1.7998143,-4.549814
-11.334333,-4.4593334,-0.7093333,-0.7093333,-5.4593334
-7.0161753,-0.7661755,-0.6411755000000001,-4.8911753,-11.512925464970229
-5.5179234,-0.39292353,-1.1429236,-6.2679234,-11.512925464970229
-4.5654984,-0.0654981799999999,-2.940498,-10.190498,-11.512925464970229
-11.337812,-5.025312,-1.1503122,-0.4003121299999999,-5.025312
-11.512925464970229,-6.1234803,-1.8734806,-0.2484805299999999,-2.7484806
-8.795504,-2.4205039,-0.2955037699999999,-1.7955037,-7.4205036
-11.512925464970229,-7.0816307,-2.5816307,-0.20663066,-2.2066307
-11.512925464970229,-5.76976,-1.7697601,-0.26976013,-2.7697601
-7.3080606,-1.8080609,-0.3080608799999999,-2.308061,-7.9330606
-6.3540754,-5.3540754,-2.4790754,-2.7290754,-4.8540754
-11.512925464970229,-9.793508,-4.4185076,-0.2935078,-1.4185078
-3.8720198,-0.1220197399999999,-2.3720198,-7.24702,-11.512925464970229
-11.512925464970229,-5.6568856,-1.5318857,-0.2818857699999999,-3.6568859
-11.512925464970229,-5.135275,-1.2602746,-0.38527468,-3.5102746
-11.512925464970229,-5.139249,-1.2642488,-0.3892488800000001,-3.3892488
-11.512925464970229,-8.389724,-3.0147235,-0.13972358,-2.5147235
-10.408706,-3.7837052,-0.6587053,-0.7837053,-6.158705
-10.745719,-4.4957185,-0.9957186,-0.4957186,-4.6207185
-11.512925464970229,-5.2109547,-1.3359549,-0.3359549,-4.0859547
-5.106527,-0.10652675,-2.3565269,-9.731526,-11.512925464970229
-9.73919,-2.8641896,-0.23918967,-1.8641896,-7.8641896
-10.104895,-3.2298942,-0.35489422,-1.3548942,-6.979894
-6.9787464,-4.7287464,-1.4787465,-2.3537464,-6.1037464
-9.703809,-3.2038093,-0.5788092,-0.9538092,-4.3288093
-11.512925464970229,-7.422686,-2.4226863,-0.17268628,-2.6726863
-8.299118,-2.049118,-0.29911804,-2.049118,-7.924118
-7.9600244,-1.4600241,-0.3350241499999999,-2.960024,-9.585024
-4.1862016,-4.5612016,-2.4362016,-2.9362016,-4.9362016
-7.228485,-4.978485,-2.1034849,-3.1034849,-7.478485
-6.2501373,-1.0001373,-0.5001373,-3.7501373,-11.000137
-10.797418,-3.922418,-0.5474180000000001,-0.9224179999999998,-5.547418
-11.512925464970229,-6.1064754,-1.7314752,-0.23147526,-3.6064754
-11.001331,-3.7513318,-0.50133175,-1.0013318,-5.751332
-8.319604,-2.444604,-0.4446040399999999,-1.319604,-5.444604
-8.295074,-1.7950745,-0.2950744599999999,-2.4200745,-9.545074
-8.866623,-1.7416232,-0.24162315,-3.2416232,-11.491623
-5.5339127,-0.53391254,-0.90891254,-5.0339127,-11.221413
-11.512925464970229,-4.5234823,-0.7734823,-0.6484823,-5.3984823
-6.1419306,-3.6419306,-1.2669307,-2.5169306,-6.7669306
-4.7915053,-0.2915054999999999,-1.4165055,-6.4165053,-11.512925464970229
-3.2186375,-2.7186375,-1.3436375,-3.3436375,-11.512925464970229
-11.512925464970229,-5.0445614,-1.1695614,-0.41956145,-3.6695614
-11.512925464970229,-7.866908,-4.241908,-4.366908,-6.991908
-3.8340557,-0.0840557099999999,-2.8340557,-8.834056,-11.512925464970229
-9.600085,-3.7250853,-0.72508526,-0.72508526,-4.9750853
-7.7006326,-1.3256326,-0.3256325999999999,-4.4506326,-11.512925464970229
-11.512925464970229,-4.52624,-0.7762399,-0.6512398999999999,-4.90124
-11.512925464970229,-6.77689,-2.7768896,-2.2768896,-5.52689
-5.4182587,-2.2932587,-1.0432587,-3.4182587,-11.512925464970229
-8.068567,-1.4435672,-0.31856716,-3.3185673,-11.068567
-3.9736214,-0.09862142,-2.5986214,-8.723621,-11.512925464970229
-11.512925464970229,-11.512925464970229,-11.512925464970229,-11.512925464970229,-11.512925464970229
-6.170446,-0.920446,-0.545446,-3.920446,-10.920446
-10.724947,-3.3499465,-0.3499465,-1.3499465,-7.3499465
-11.512925464970229,-11.512925464970229,-11.512925464970229,-11.512925464970229,-11.512925464970229
-7.439752,-1.564752,-0.3147519799999999,-2.814752,-9.189752
-11.432528,-4.9950275,-1.2450278,-0.37002772,-4.2450275
-11.512925464970229,-5.668559,-1.5435593,-0.29355928,-3.2935593
-11.512925464970229,-11.512925464970229,-11.512925464970229,-11.512925464970229,-11.512925464970229
-0.4744013799999999,-0.97440135,-8.349401,-11.512925464970229,-11.512925464970229
-11.512925464970229,-7.471077,-2.596077,-0.2210768599999999,-2.096077
-11.512925464970229,-5.2435536,-1.2435534,-0.3685534599999999,-4.2435536
-11.512925464970229,-6.5801616,-2.4551616,-0.20516157,-2.3301616
-9.193162,-2.9431624,-0.4431624,-1.1931624,-6.3181624
-5.482056,-0.482056,-0.982056,-5.607056,-11.512925464970229
-4.933517,-6.308517,-4.308517,-4.308517,-11.512925464970229
-6.9174695,-1.1674694,-0.4174693999999999,-3.5424695,-11.512925464970229
-4.45157,-0.32657015,-1.3265702,-6.57657,-11.512925464970229
-5.2343307,-0.4843306200000001,-0.98433065,-5.3593307,-11.512925464970229
-8.682932,-3.1829324,-0.6829324000000001,-0.8079324,-4.9329324
-7.2709975,-2.0209975,-0.3959974,-1.6459974,-7.2709975
-8.537378,-2.2873788,-0.2873786999999999,-1.9123787,-8.537378
-6.273723,-0.7737232,-0.6487231999999999,-4.273723,-10.648724
-11.512925464970229,-6.7814217,-3.7814217,-4.1564217,-6.2814217
-10.964475,-5.839474,-2.0894742,-0.21447422,-2.7144742
-3.0524058,-0.1774058199999999,-2.1774058,-6.302406,-10.427405
-9.263819,-4.013819,-1.0138191,-0.5138190999999999,-3.8888192
-11.512925464970229,-5.744961,-1.7449608,-0.24496078,-3.2449608
-11.512925464970229,-8.161053,-3.4110522,-0.28605223,-1.5360522
-6.077725,-0.7027251,-0.7027251,-4.952725,-11.512925464970229
-6.084603,-0.5846027,-0.8346027,-5.084603,-11.459602
-11.512925464970229,-11.512925464970229,-11.512925464970229,-11.512925464970229,-11.512925464970229
-6.5163155,-1.7663156,-0.3913155799999999,-1.8913156,-8.141315
-8.408495,-2.1584952,-0.2834951,-2.0334952,-9.783495
-8.025804,-1.6508033,-0.2758033,-3.0258033,-9.025804
-7.6959286,-1.8209283,-0.3209284,-2.1959283,-7.4459286
-7.6655846,-1.5405848,-0.2905847399999999,-3.2905848,-9.665585
-10.16776,-3.5427597,-0.4177596,-1.1677597,-6.6677594
-9.307361,-2.5573606,-0.3073605299999999,-1.6823605,-7.0573606
-4.610524,-0.11052422,-2.3605242,-8.485524,-11.512925464970229
-11.512925464970229,-7.1694894,-2.0444894,-0.1694893499999999,-3.6694894
-0.8985955999999999,-0.5235956,-7.773596,-11.512925464970229,-11.512925464970229
-11.512925464970229,-8.121709,-2.746709,-0.12170905,-2.996709
-3.7285547,-0.1035546599999999,-2.6035547,-8.478555,-11.512925464970229
-3.705004,-0.08000394,-2.955004,-8.955004,-11.512925464970229
-0.18793991,-11.512925464970229,-11.512925464970229,-11.512925464970229,-11.512925464970229
-8.165386,-1.5403861,-0.29038608,-3.2903862,-9.915386
-8.457603,-1.9576036,-0.20760362,-3.0826037,-11.512925464970229
-8.020089,-2.020089,-0.27008885,-2.270089,-8.270089
-1.8680999,-2.2431,-4.3681,-8.8681,-11.512925464970229
-7.018381,-0.7683812400000001,-0.64338124,-4.643381,-10.518381
-5.185982,-0.1859822599999999,-1.8109822,-7.560982,-11.512925464970229
-6.2659397,-0.39093947,-1.1409395,-6.2659397,-11.512925464970229
-5.960268,-0.58526784,-0.83526784,-5.085268,-11.512925464970229
-6.2659397,-0.39093947,-1.1409395,-6.2659397,-11.512925464970229
-5.0620537,-0.1870536,-1.8120536,-7.1870537,-11.512925464970229
-8.361572,-5.2365723,-1.8615721,-2.611572,-7.3615723
-5.7885575,-0.16355766,-1.9135576,-8.663558,-11.512925464970229
-9.443857,-3.1938577,-0.5688576699999999,-0.94385767,-5.6938577
-7.2135267,-0.83852696,-0.58852696,-4.4635267,-11.463527
-6.6366396,-2.8866396,-0.5116395400000001,-2.3866396,-7.5116396
-7.5630884,-3.5630884,-1.0630885,-3.3130884,-9.188088
-1.7588398,-2.7588398,-4.5088396,-11.512925464970229,-11.512925464970229
-5.3628383,-0.4878382999999999,-0.98783827,-4.7378383,-11.112839
-3.621321,-3.746321,-4.1213207,-6.8713207,-11.512925464970229
-2.695809,-0.07080897,-7.070809,-11.512925464970229,-11.512925464970229
-8.395058,-2.2700582,-0.2700581,-2.0200582,-8.020058
-9.79305,-3.5430496,-0.6680495000000001,-0.7930495,-5.1680493
-2.2540967,-0.1290967999999999,-4.129097,-11.504097,-11.512925464970229
-2.699308,-0.07430794,-5.449308,-11.512925464970229,-11.512925464970229
-5.525728,-0.77572805,-0.6507280500000001,-4.275728,-11.512925464970229
-9.755795,-4.005794,-1.005794,-0.5057941,-4.380794
-8.557021,-2.5570211,-0.30702117,-1.6820211,-7.557021
-7.172204,-2.5472038,-4.297204,-5.922204,-5.922204
-11.512925464970229,-8.619922,-3.869922,-0.36992198,-1.2449219
-6.287388,-0.9123881,-0.5373881,-4.412388,-11.512925464970229
-11.512925464970229,-7.2165403,-2.4665403,-0.21654046,-2.2165403
-11.512925464970229,-9.02796,-4.1529603,-0.4029602699999999,-1.1529603
-5.7745724,-4.7745724,-2.2745724,-2.8995724,-6.5245724
-4.178579,-0.05357876,-3.3035789,-11.053578,-11.512925464970229
-5.8798604,-0.1298604,-2.1298604,-9.75486,-11.512925464970229
-0.9069601,-4.78196,-6.90696,-11.512925464970229,-11.512925464970229
-6.135869,-5.010869,-1.6358688,-1.6358688,-3.7608688
-5.7804327,-4.5304327,-1.5304329,-1.5304329,-3.655433
-5.320684,-0.32068413,-1.3206842,-6.070684,-11.512925464970229
-7.703915,-1.3289154,-0.3289153299999999,-4.203915,-11.203916
-8.454028,-2.0790281,-0.2040280799999999,-2.8290281,-9.454028
-7.1226153,-1.3726151,-0.37261516,-2.872615,-9.122615
-9.5565195,-3.1815197,-0.4315197799999999,-1.1815197,-6.30652
-3.6548176,-0.2798175,-1.5298175,-6.5298176,-11.512925464970229
-7.0789466,-2.3289466,-0.45394647,-1.3289465,-6.4539466
-5.962761,-0.5877609999999999,-0.837761,-4.712761,-11.337761
-5.3118143,-4.1868143,-1.6868145,-2.0618145,-4.6868143
-11.398986,-5.273986,-1.1489861,-0.3989861,-5.023986
-3.6805942,-0.0555943,-3.5555942,-10.680594,-11.512925464970229
-10.645048,-5.2700486,-1.6450486,-0.2700486,-3.2700486
-4.5444584,-0.04445815,-3.4194582,-11.512925464970229,-11.512925464970229
-4.299695,-0.17469522,-1.9246953,-7.299695,-11.512925464970229
-6.7441325,-0.9941325,-0.4941325200000001,-3.9941325,-10.744133
-2.829134,-0.0791341099999999,-4.079134,-11.512925464970229,-11.512925464970229
-6.3281417,-0.70314187,-0.70314187,-4.8281417,-11.453142
-5.587066,-0.5870663,-0.8370663,-4.962066,-11.399567
-2.7066705,-0.0816706049999999,-4.4566708,-11.512925464970229,-11.512925464970229
-6.6753917,-0.9253916,-0.5503915999999999,-3.6753917,-9.925391
-11.458009,-5.083009,-1.3330088,-0.3330088,-4.333009
-0.5769899000000001,-0.8269899,-6.95199,-11.512925464970229,-11.512925464970229
-7.8384514,-4.9634514,-1.7134513,-1.7134513,-4.7134514
-5.9075575,-0.5325573699999999,-0.90755737,-5.0325575,-11.2825575
-6.033964,-4.533964,-1.4089644,-1.9089644,-4.408964
-10.670905,-4.545905,-1.1709051,-0.4209051,-3.795905
-3.3411562,-0.09115619,-2.9661562,-8.966156,-11.512925464970229
-4.2697916,-0.2697917000000001,-1.5197917,-5.6447916,-11.512925464970229
-4.9833446,-0.35834455,-1.2333446,-5.8583446,-11.512925464970229
-6.027828,-0.5278281600000001,-0.90282816,-6.152828,-11.512925464970229
-11.512925464970229,-7.379892,-2.5048919,-0.1298918,-3.2548919
-0.48252252,-11.512925464970229,-11.512925464970229,-11.512925464970229,-11.512925464970229
-6.381098,-5.131098,-1.506098,-1.256098,-3.756098
-11.512925464970229,-10.707463,-5.0824637,-0.5824636999999999,-0.8324637
-10.340953,-3.965953,-0.7159532,-0.7159532,-5.7159534
-11.512925464970229,-11.512925464970229,-4.629364,-2.629364,-3.379364
-11.512925464970229,-4.859954,-0.98495376,-0.4849537299999999,-5.859954
-4.1763253,-0.1763253499999999,-1.9263253,-7.5513253,-11.512925464970229
-6.890649,-1.890649,-0.3906490000000001,-1.765649,-8.640649
-11.512925464970229,-11.512925464970229,-6.1349564,-0.7599561000000001,-0.6349561
-11.512925464970229,-11.151856,-5.6518564,-0.52685666,-0.90185666
-10.861629,-4.611629,-0.98662883,-0.4866288299999999,-6.111629
-10.3394575,-3.9644578,-0.71445775,-0.71445775,-6.3394575
-11.278026,-4.903026,-1.153026,-0.40302598,-4.778026
-11.43391,-5.308911,-1.4339106,-0.30891064,-3.8089106
-3.7913961,-0.16639619,-2.0413961,-7.166396,-11.512925464970229
-6.520224,-0.770224,-0.6452239999999999,-4.520224,-11.512925464970229
-2.8211973,-0.071197264,-4.696197,-11.512925464970229,-11.512925464970229
-5.140608,-3.5156078,-2.3906078,-4.640608,-11.512925464970229
-3.4393435,-4.9393435,-3.1893435,-3.5643435,-5.3143435
-6.5905867,-0.84058654,-0.5905865399999999,-4.3405867,-11.512925464970229
-11.512925464970229,-0.53074455,-11.512925464970229,-11.512925464970229,-11.512925464970229
-9.1970005,-2.197,-0.1970001199999999,-2.697,-10.3220005
-0.0263412909999999,-3.6513412,-11.512925464970229,-11.512925464970229,-11.512925464970229
-5.2414355,-3.1164355,-2.3664355,-5.1164355,-11.512925464970229
-11.512925464970229,-11.000044,-4.370295000000972e-05,-10.875044,-11.512925464970229
-7.2523837,-2.2523837,-0.5023836999999999,-1.2523837,-5.8773837
-5.196256,-0.321256,-1.321256,-6.071256,-11.512925464970229
-2.1347544,-0.1347544299999999,-4.8847547,-11.512925464970229,-11.512925464970229
-5.065218,-0.4402177999999999,-1.0652177,-5.315218,-11.512925464970229
-5.2868404,-0.5368405599999999,-0.91184056,-4.7868404,-11.512925464970229
-2.1294847,-0.1294845799999999,-6.0044847,-11.512925464970229,-11.512925464970229
-7.180545,-1.1805451,-0.43054503,-3.180545,-9.305545
-8.768199,-2.1431985,-0.2681985499999999,-2.1431985,-8.018199
-1.4697509,-1.5947509,-2.594751,-6.094751,-11.512925464970229
-7.511441,-0.6364413500000001,-0.76144135,-5.761441,-11.512925464970229
-8.159081,-2.1590815,-0.40908146,-1.5340815,-5.5340815
-8.659521,-2.159521,-0.2845212199999999,-2.034521,-6.784521
-6.347027,-0.8470267,-0.5970267,-3.9720268,-10.097027
-0.35981807,-6.859818,-8.984818,-11.512925464970229,-11.512925464970229
-5.7855206,-0.5355207300000001,-0.91052073,-4.7855206,-11.160521
-8.543925,-5.5439253,-2.1689255,-2.4189255,-6.1689253
-8.438036,-4.8130364,-1.6880364,-1.5630364,-4.6880364
-11.512925464970229,-5.5910673,-1.5910671,-1.7160671,-5.3410673
-4.1704106,-0.0454107969999999,-3.5454109,-11.420411,-11.512925464970229
-5.454171,-4.204171,-2.9541712,-4.329171,-11.512925464970229
-6.766636,-0.641636,-0.766636,-4.891636,-11.512925464970229
-0.3346875,-11.512925464970229,-11.512925464970229,-11.512925464970229,-11.512925464970229
-4.9842243,-0.35922423,-1.2342242,-5.6092243,-11.512925464970229
-11.512925464970229,-11.512925464970229,-11.512925464970229,-11.512925464970229,-11.512925464970229
-3.2094238,-0.084423676,-3.2094238,-9.584424,-11.512925464970229
-11.512925464970229,-11.512925464970229,-11.512925464970229,-11.512925464970229,-11.512925464970229
-7.9323287,-1.5573289,-0.30732888,-2.932329,-9.307329
-6.71261,-0.83760977,-0.5876097699999999,-4.58761,-10.71261
-6.4915876,-5.9915876,-3.2415876,-4.2415876,-6.6165876
-11.512925464970229,-11.512925464970229,-0.0051187156,-11.512925464970229,-11.512925464970229
-5.394359,-0.394359,-1.144359,-5.894359,-11.512925464970229
-4.0205746,-0.14557448,-2.1455746,-7.7705746,-11.512925464970229
-11.512925464970229,-11.512925464970229,-11.512925464970229,-11.512925464970229,-11.512925464970229
-9.728281,-3.6032808,-0.72828084,-0.72828084,-4.978281
-11.512925464970229,-11.512925464970229,-11.512925464970229,-11.512925464970229,-11.512925464970229
-7.042347,-1.1673468,-0.4173468399999999,-3.542347,-10.667347
-3.6670318,-0.0420316459999999,-4.167032,-11.512925464970229,-11.512925464970229
-4.1519947,-0.0269947719999999,-4.5269947,-11.512925464970229,-11.512925464970229
-11.512925464970229,-5.520621,-1.770621,-0.2706208999999999,-2.7706208
-11.512925464970229,-6.461295,-2.9612951,-1.7112952,-3.8362951
-11.512925464970229,-4.6644187,-0.9144187,-0.5394186999999999,-5.0394187
-8.864109,-2.8641095,-0.4891095,-1.1141095,-7.2391095
-11.404992,-5.404992,-1.6549922,-0.2799922,-3.029992
-11.512925464970229,-5.007369,-1.2573692,-0.3823692000000001,-3.6323693
-11.512925464970229,-7.5119963,-2.8869965,-0.13699648,-2.6369965
-4.910614,-0.6606140999999999,-0.7856141,-3.910614,-10.410614
-9.965383,-4.090383,-1.0903829,-0.46538296,-3.965383
-11.512925464970229,-11.512925464970229,-4.241532,-3.2415318,-4.366532
-11.512925464970229,-6.3601227,-2.4851227,-1.2351227,-2.9851227
-10.7225065,-4.722507,-1.347507,-0.34750694,-3.722507
-11.246084,-4.871084,-1.2460843,-0.3710843,-4.246084
-7.3501816,-1.4751816,-0.3501816,-2.7251816,-10.850182
-7.329196,-1.4541961,-0.3291961,-3.079196,-10.079196
-0.6328128600000001,-0.75781286,-8.8828125,-11.512925464970229,-11.512925464970229
-4.0525613,-2.4275613,-1.0525613,-3.4275613,-11.512925464970229
-3.539317,-0.0393168139999999,-4.6643167,-11.512925464970229,-11.512925464970229
-1.7905815,-2.6655815,-3.7905815,-6.5405817,-11.512925464970229
-4.0525613,-2.4275613,-1.0525613,-3.4275613,-11.512925464970229
-3.6845188,-0.059518903,-3.4345188,-10.684519,-11.512925464970229
-3.181694,-0.0566941499999999,-4.306694,-11.512925464970229,-11.512925464970229
-4.178529,-3.1785288,-1.8035289,-2.9285288,-6.553529
-5.6045213,-0.2295213599999999,-1.6045214,-7.9795213,-11.512925464970229
-3.8683243,-3.9933243,-3.6183243,-4.8683243,-11.512925464970229
-3.6885965,-0.0635963999999999,-3.3135965,-9.813597,-11.512925464970229
-0.014241539,-4.2642417,-11.512925464970229,-11.512925464970229,-11.512925464970229
-7.075143,-4.325143,-1.0751431,-2.075143,-6.075143
-4.548804,-0.048803672,-3.2988036,-10.798803,-11.512925464970229
-3.7910922,-0.0410922129999999,-4.0410924,-11.512925464970229,-11.512925464970229
-5.852567,-0.35256708,-1.2275671,-6.852567,-11.512925464970229
-0.82669604,-0.57669604,-7.576696,-11.512925464970229,-11.512925464970229
-7.0241838,-5.7741838,-2.0241838,-1.5241838,-3.5241838
-5.7137456,-0.5887455,-0.8387455,-4.7137456,-11.512925464970229
-7.0855365,-1.4605365,-0.3355365,-2.9605365,-10.335537
-8.716712,-2.4667125,-0.3417123599999999,-1.5917124,-7.4667125
-5.67396,-5.79896,-2.7989604,-2.5489604,-4.54896
-9.117363,-3.6173632,-0.8673632,-0.6173632000000001,-4.367363
-8.801111,-3.3011112,-0.8011112,-0.6761112,-5.301111
-0.42915323,-1.0541532,-7.9291534,-11.512925464970229,-11.512925464970229
-4.2979774,-0.29797742,-1.4229774,-5.7979774,-11.512925464970229
-4.840002,-11.512925464970229,-3.9650018,-3.9650018,-4.965002
-11.512925464970229,-8.769015,-4.5190153,-0.6440152,-0.7690152
-5.417308,-1.0423081,-0.5423081,-2.792308,-9.667308
-7.441943,-1.9419433,-0.31694332,-2.0669434,-7.066943
-0.10279956,-11.512925464970229,-11.512925464970229,-11.512925464970229,-11.512925464970229
-7.103458,-1.6034577,-0.35345775,-2.3534577,-9.103457
-5.8802266,-0.2552264999999999,-1.5052265,-8.130226,-11.512925464970229
-10.40245,-4.6524496,-1.2774496,-0.4024496000000001,-3.1524496
-9.998002,-4.2480025,-0.9980024,-0.49800238,-4.7480025
-6.8929853,-1.5179855,-0.39298543,-2.2679853,-6.8929853
-5.573615,-5.448615,-2.0736148,-2.6986148,-4.573615
-11.512925464970229,-11.512925464970229,-11.512925464970229,-11.512925464970229,-11.512925464970229
-11.512925464970229,-10.276934,-5.651933,-0.9019334,-0.5269334
-8.494159,-2.4941587,-0.3691587,-1.4941587,-6.6191587
-0.9795551300000002,-0.4795551599999999,-5.229555,-10.854555,-11.512925464970229
-8.352879,-5.4778786,-2.1028788,-1.9778788,-5.4778786
-7.985217,-1.235217,-0.3602169800000001,-4.485217,-11.512925464970229
-11.512925464970229,-11.378113,-6.878113,-1.5031128,-0.2531128000000001
-10.983995,-5.608996,-2.108996,-0.23399581,-2.483996
-8.808905,-3.183905,-0.6839048999999999,-0.8089049,-4.8089046
-4.8136597,-0.18865989,-1.8136599,-7.4386597,-11.512925464970229
-3.3036067,-0.0536067799999999,-4.178607,-11.512925464970229,-11.512925464970229
-5.0101247,-0.26012477,-1.5101248,-6.6351247,-11.512925464970229
-6.987371,-1.8623712,-0.48737115,-1.4873712,-5.862371
-6.789109,-1.1641092,-0.41410926,-3.6641092,-11.289109
-10.350763,-3.9757633,-0.85076344,-0.60076344,-5.2257633
-8.866542,-2.8665419,-0.49154195,-1.116542,-5.616542
-7.1608715,-1.1608717,-0.41087168,-3.7858717,-10.5358715
-6.217078,-1.0920784,-0.4670784199999999,-3.3420784,-8.967078
-11.272358,-5.084858,-1.459858,-0.3348579399999999,-3.084858
-11.512925464970229,-11.512925464970229,-11.512925464970229,-11.512925464970229,-11.512925464970229
-11.512925464970229,-5.2778835,-1.5278834,-0.2778834,-3.9028835
-6.256783,-1.006783,-0.506783,-3.506783,-9.131783
-6.9581456,-1.0831455,-0.4581455,-3.5831456,-9.333145
-11.512925464970229,-7.069213,-3.819213,-3.194213,-6.694213
-5.8362894,-0.7112896,-0.7112896,-4.2112894,-10.836289
-11.152219,-4.1522193,-0.77721924,-0.65221924,-5.6522193
-7.2824287,-0.90742874,-0.5324287400000001,-4.7824287,-11.512925464970229
-5.4795394,-0.10453949,-2.3545394,-9.85454,-11.512925464970229
-10.951312,-3.826312,-0.4513121,-1.0763121,-8.201312
-7.3424244,-6.0924244,-2.9674244,-2.4674244,-4.8424244
-9.275468,-2.4004676,-0.2754675399999999,-1.9004675,-8.150468
-6.700231,-1.2002311,-0.4502310799999999,-2.825231,-9.075232
-11.512925464970229,-5.5341916,-1.1591915,-0.40919146,-4.0341916
-11.512925464970229,-6.3994713,-1.5244712,-0.27447113,-3.899471
-9.644491,-3.1444914,-0.39449152,-1.2694916,-6.5194917
-4.599342,-0.099341944,-2.4743419,-8.349342,-11.512925464970229
-5.6583147,-0.5333145000000001,-0.9083145,-5.0333147,-11.220815
-9.677616,-3.3026156,-0.4276157300000001,-1.1776158,-5.9276156
-11.512925464970229,-6.623759,-1.7487589,-0.24875896,-3.123759
-7.014825,-5.639825,-2.764825,-3.639825,-6.514825
-7.603523,-5.478523,-3.4785228,-4.478523,-8.478522
-10.84643,-3.9714303,-0.5964302,-0.8464302,-6.7214303
-6.7209907,-1.0959905,-0.47099057,-3.2209907,-10.97099
-0.7601972,-0.6351972,-6.010197,-11.512925464970229,-11.512925464970229
-7.8196416,-2.4446416,-0.5696417,-1.0696417,-5.5696416
-3.9831798,-0.108179785,-2.4831798,-8.10818,-11.512925464970229
-6.5778046,-2.0778046,-0.5778046000000001,-1.2028046,-4.4528046
-5.099123,-0.7241229,-0.7241229,-3.724123,-9.849123
-9.91428,-4.16428,-1.2892798,-0.41427985,-3.03928
-10.351702,-4.6017013,-1.4767015,-0.3517014699999999,-2.8517015
-11.512925464970229,-11.189693,-6.6896935,-1.3146937,-0.31469366
-1.6790009,-3.1790009,-2.1790009,-2.6790009,-4.304001
-8.513596,-3.388595,-0.8885952,-0.6385952,-3.638595
-5.3838906,-1.1338906,-0.5088906,-2.6338906,-8.00889
-5.3611426,-1.1111425,-0.4861425200000001,-2.9861426,-7.7361426
-7.4778676,-2.3528676,-0.3528675699999999,-1.6028676,-8.727867
-8.808908,-3.1839085,-0.6839085,-0.8089085,-4.8089085
-2.8451426,-5.3451424,-5.3451424,-11.512925464970229,-11.512925464970229
-5.70527,-0.2052697399999999,-1.7052697,-7.70527,-11.512925464970229
-2.8147073,-0.0647072639999999,-5.9397073,-11.512925464970229,-11.512925464970229
-5.568463,-0.3184626999999999,-1.3184627,-6.818463,-11.512925464970229
-11.212297,-4.212297,-0.71229714,-0.71229714,-5.587297
-3.5831208,-2.3331208,-2.8331208,-5.833121,-11.512925464970229
-9.5958185,-2.5958188,-0.2208187,-2.0958188,-8.4708185
-9.948732,-3.1987329,-0.32373276,-1.4487327,-7.573733
-11.512925464970229,-5.5547214,-1.5547214,-0.30472136,-3.0547214
-9.953996,-2.8289955,-0.2039955,-2.0789955,-9.953996
-5.530323,-0.5303232,-0.9053232,-5.780323,-11.512925464970229
-8.754322,-2.254322,-0.25432208,-2.129322,-8.754322
-8.150446,-1.775446,-0.27544603,-2.650446,-8.400446
-11.512925464970229,-6.764034,-2.3890336,-1.5140336,-5.639034
-10.750029,-4.8750286,-1.2500287,-0.3750287299999999,-4.0000286
-6.998961,-1.2489611,-0.37396112,-3.7489612,-11.311461
-4.3184023,-0.06840229,-2.9434023,-10.193402,-11.512925464970229
-3.4208982,-0.0458982029999999,-4.4208984,-11.512925464970229,-11.512925464970229
-2.6999674,-0.07496741,-5.3249674,-11.512925464970229,-11.512925464970229
-2.3648376,-0.11483754,-4.2398376,-10.489838,-11.512925464970229
-6.4629307,-0.8379306,-0.5879306,-4.5879307,-10.837931
-2.708234,-0.0832341459999999,-4.3332343,-11.083234,-11.512925464970229
-2.7099938,-0.08499388,-4.209994,-10.834994,-11.512925464970229
-4.053621,-0.17862073,-1.9286207,-7.303621,-11.512925464970229
-5.5946436,-1.3446435,-0.4696434999999999,-2.2196436,-6.9696436
-7.7841277,-2.159128,-0.28412786,-2.034128,-8.034128
-4.1170015,-0.11700139,-2.3670013,-8.242002,-11.512925464970229
-11.452276,-5.6397758,-1.6397759,-0.26477584,-3.3897758
-8.039702,-1.6647024,-0.2897023999999999,-2.7897024,-8.289702
-8.039702,-1.6647024,-0.2897023999999999,-2.7897024,-8.289702
-11.512925464970229,-6.8250623,-3.200062,-2.950062,-6.8250623
-9.491745,-2.3667452,-0.2417453099999999,-2.1167452,-8.741745
-5.5062857,-0.1312858599999999,-2.131286,-8.631286,-11.512925464970229
-5.071885,-0.32188496,-1.321885,-6.321885,-11.512925464970229
-7.620262,-1.2452623,-0.3702622699999999,-3.8702621,-11.512925464970229
-5.967737,-0.717737,-0.717737,-3.842737,-9.842737
-11.248058,-3.7480583,-0.3730581999999999,-1.2480582,-7.4980583
-6.0051208,-0.25512072,-1.5051208,-7.3801208,-11.512925464970229
-7.362672,-0.9876719,-0.4876719,-4.362672,-11.300172
-7.3724985,-1.3724985,-0.37249854,-2.8724985,-9.2474985
-6.4504266,-0.7004266,-0.7004266,-5.2004266,-11.512925464970229
-11.285689,-3.7856894,-0.41068938,-1.1606894,-7.4106894
-0.3485603,-1.2235603,-9.97356,-11.512925464970229,-11.512925464970229
-10.873838,-3.748838,-0.49883795,-0.99883795,-7.373838
-7.442827,-1.0678272,-0.44282725,-4.317827,-11.512925464970229
-6.700075,-0.7000749,-0.7000749,-5.200075,-11.512925464970229
-11.512925464970229,-4.9977922,-1.2477924,-1.8727924,-6.3727922
-9.331024,-2.2060237,-0.2060237199999999,-2.5810237,-9.956024
-6.060026,-0.43502626,-1.0600263,-5.560026,-11.512925464970229
-3.6842527,-0.05925279,-3.4342527,-10.309253,-11.512925464970229
-7.251307,-1.2513068,-0.3763068,-3.6263068,-11.251307
-11.512925464970229,-5.428521,-1.4285213,-0.30352128,-4.053521
-10.229348,-3.9793482,-0.85434806,-0.60434806,-4.729348
-8.183384,-2.558384,-0.4333838999999999,-1.308384,-5.683384
-3.4952214,-3.2452214,-1.6202214,-3.2452214,-5.620221
-11.512925464970229,-4.7459893,-0.99598944,-0.4959894699999999,-4.3709893
-6.361314,-5.236314,-1.9863138,-1.9863138,-4.236314
-0.1365025,-11.512925464970229,-11.512925464970229,-11.512925464970229,-11.512925464970229
-0.6331357400000001,-0.75813574,-7.758136,-11.512925464970229,-11.512925464970229
-5.490758,-0.8657578,-0.6157577999999999,-3.365758,-9.115758
-11.418062,-5.5430627,-1.6680624,-0.29306248,-2.7930624
-11.418062,-5.5430627,-1.6680624,-0.29306248,-2.7930624
-9.966259,-3.3412595,-0.46625936,-1.0912594,-6.7162595
-5.974464,-5.849464,-1.8494637,-2.0994637,-2.8494637
-9.965707,-3.9657063,-0.7157064,-0.7157064,-5.8407063
-7.945459,-1.8204589,-0.32045883,-2.195459,-8.695458
-1.9168171,-0.1668171,-5.041817,-11.512925464970229,-11.512925464970229
-3.7767031,-0.27670312,-1.5267031,-6.526703,-11.512925464970229
-8.332425,-5.332425,-1.9574249,-2.2074249,-5.082425
-4.7471423,-0.1221424399999999,-2.2471426,-8.247143,-11.512925464970229
-4.1659384,-3.7909384,-2.5409384,-4.4159384,-8.290938
-7.276045,-6.026045,-3.1510448,-3.6510448,-6.901045
-5.3663244,-0.86632425,-0.6163242499999999,-3.3663242,-9.866324
-5.5868444,-0.5868442999999999,-0.8368443,-4.9618444,-11.512925464970229
-0.2014931399999999,-1.7014931,-10.576493,-11.512925464970229,-11.512925464970229
-6.753577,-4.878577,-2.628577,-2.878577,-6.128577
-5.1447086,-0.39470857,-1.1447086,-6.2697086,-11.512925464970229
-11.512925464970229,-5.4784727,-1.4784727,-0.35347268,-2.7284727
-11.512925464970229,-6.3538876,-2.3538876,-0.35388747,-1.6038874
-11.512925464970229,-4.7867947,-0.9117945,-0.5367945,-5.2867947
-6.813916,-5.813916,-3.1889164,-3.4389164,-6.188916
-5.856244,-0.4812442699999999,-0.98124427,-5.481244,-11.512925464970229
-2.1285028,-0.12850289,-6.503503,-11.512925464970229,-11.512925464970229
-6.800788,-1.1757878,-0.42578778,-3.3007877,-10.425788
-9.763742,-4.0137424,-1.0137424,-0.5137425,-3.8887424
-6.6678576,-1.1678579,-0.4178578599999999,-3.542858,-10.667858
-9.186335,-3.0613341,-0.4363342199999999,-1.1863343,-6.936334
-6.1456833,-1.0206833,-0.5206832,-3.1456833,-9.645683
-6.648926,-1.3989258,-0.39892572,-2.5239258,-8.023926
-6.067986,-1.3179858,-0.4429858300000001,-2.4429858,-7.442986
-1.8140358,-0.18903573,-4.689036,-11.512925464970229,-11.512925464970229
-6.0678005,-0.94280064,-0.56780064,-3.1928005,-10.0678005
-11.512925464970229,-8.557133,-3.6821325,-0.30713257,-1.4321326
-11.512925464970229,-7.707772,-3.5827718,-0.4577718,-1.0827718
-10.283352,-4.033352,-0.7833518,-0.6583518,-4.908352
-7.2172003,-1.7172,-0.34220004,-2.2172,-8.2172
-4.3423004,-0.0923002359999999,-2.5923002,-8.5923,-11.512925464970229
-4.1834784,-0.05847819,-3.183478,-10.308478,-11.512925464970229
-5.741235,-0.1162348299999999,-2.2412348,-9.116235,-11.512925464970229
-7.040124,-4.415124,-1.4151242,-2.1651242,-5.415124
-11.512925464970229,-5.7780137,-1.7780135,-0.2780135000000001,-2.6530135
-11.512925464970229,-5.9882274,-1.6132276,-0.23822756,-4.6132274
-3.9829621,-0.107962154,-2.4829621,-9.357963,-11.512925464970229
-6.821142,-0.6961421,-0.6961421,-6.321142,-11.512925464970229
-9.799679,-3.6746783,-0.7996784,-0.6746784,-4.1746783
-11.512925464970229,-7.032697,-2.2826972,-0.1576973,-3.1576972
-5.011321,-0.261321,-1.5113211,-6.011321,-11.512925464970229
-7.8159237,-4.6909237,-1.1909238,-1.4409238,-5.6909237
-10.947677,-4.572677,-1.0726771,-0.44767708,-4.822677
-11.512925464970229,-8.122009,-3.1220093,-0.24700925,-1.7470093
-11.512925464970229,-8.929146,-3.8041463,-0.30414626,-1.4291463
-11.512925464970229,-5.8020277,-1.4270277,-0.30202764,-4.0520277
-8.102094,-1.9770942,-0.35209414,-1.8520942,-8.727094
-4.1999545,-4.1999545,-2.8249545,-3.9499545,-6.8249545
-9.769544,-3.1445434,-0.5195434000000001,-1.0195434,-6.7695436
-8.652345,-2.7773452,-0.6523451000000001,-0.9023451,-4.527345
-5.908529,-1.033529,-0.5335289999999999,-2.908529,-8.408529
-8.53255,-5.2825503,-1.6575502,-2.2825503,-6.7825503
-9.78947,-2.78947,-0.2894700199999999,-1.66447,-7.91447
-7.777803,-4.777803,-1.5278027,-2.0278027,-5.652803
-10.26493,-3.3899298,-0.51492965,-1.0149297,-5.13993
-10.477457,-3.7274566,-0.6024565699999999,-0.85245657,-6.3524566
-4.6120605,-0.23706073,-1.6120608,-6.4870605,-11.512925464970229
-11.512925464970229,-6.213874,-1.8388737,-0.21387374,-3.4638739
-5.2865276,-0.5365274000000001,-0.9115274,-4.9115276,-11.349028
-5.588148,-0.5881483,-0.8381483000000001,-4.838148,-10.713148
-10.790359,-5.165359,-1.790359,-0.290359,-2.540359
-11.202462,-3.827462,-0.45246196,-1.077462,-6.577462
-6.0846353,-0.58463544,-0.83463544,-5.0846353,-11.512925464970229
-6.9580207,-1.0830206,-0.45802054,-3.5830204,-11.512925464970229
-1.2242732,-0.34927326,-7.224273,-11.512925464970229,-11.512925464970229
-3.7960553,-0.046055198,-3.7960553,-11.421055,-11.512925464970229
-10.043207,-3.5432067,-0.6682068,-0.7932068,-5.1682067
-2.5286586,-0.1536586699999999,-2.7786586,-7.903659,-11.512925464970229
-6.0229416,-0.64794147,-0.7729414700000001,-4.3979416,-10.772942
-9.693545,-2.9435453,-0.4435453699999999,-1.1935453,-6.1935453
-11.512925464970229,-7.065743,-2.815743,-0.3157430600000001,-1.5657431
-8.806228,-2.5562277,-0.4312276799999999,-1.3062277,-6.5562277
-1.9224818,-0.17248183,-4.422482,-10.047482,-11.512925464970229
-10.420393,-3.1703925,-0.2953925700000001,-1.5453925,-7.9203925
-9.437539,-3.1875389,-0.6875388000000001,-0.8125388,-4.4375386
-11.512925464970229,-5.2967186,-1.1717184,-0.4217183999999999,-3.5467184
-11.217741,-4.1552405,-0.7802406,-0.6552406000000001,-5.0302405
-8.371612,-1.871612,-0.24661192,-2.7466118,-8.996612
-9.446963,-2.1969638,-0.1969637,-2.6969638,-10.821963
-4.0721946,-0.0721945699999999,-2.9471946,-10.322194,-11.512925464970229
-0.8261234,-0.5761234,-9.076123,-11.512925464970229,-11.512925464970229
-4.7634497,-0.2634494600000001,-1.5134494,-5.8884497,-11.512925464970229
-5.658254,-3.9082541,-2.1582541,-3.4082541,-7.408254
-9.079082,-3.079082,-0.5790819,-0.9540819,-4.829082
-9.862794,-3.4877942,-0.73779416,-0.73779416,-4.362794
-3.998936,-0.2489358299999999,-1.6239358,-5.3739357,-9.998936
-5.1182356,-0.49323562,-0.9932356,-4.3682356,-9.868236
-9.164534,-3.6645334,-1.0395334,-0.5395333,-3.2895334
-0.1270773999999999,-2.1270773,-10.127077,-11.512925464970229,-11.512925464970229
-3.2843356,-2.7843356,-2.5343356,-4.6593356,-11.512925464970229
-3.2716155,-2.1466155,-1.6466155,-3.8966155,-11.512925464970229
-8.52973,-5.40473,-1.65473,-1.65473,-5.40473
-5.781405,-0.7814048,-0.6564048,-3.9064047,-10.1564045
-8.316601,-2.0666013,-0.3166012499999999,-1.9416013,-7.0666013
-2.4709935,-0.095993444,-4.9709935,-11.512925464970229,-11.512925464970229
-5.095284,-0.0952841499999999,-2.4702842,-9.220284,-11.512925464970229
-8.841133,-1.8411334,-0.21613342,-3.3411334,-11.512925464970229
-5.378715,-2.503715,-0.5037149,-2.503715,-7.003715
-3.5241764,-1.7741764,-0.6491763999999999,-3.1491764,-7.2741766
-2.4828217,-0.1078216299999999,-3.9828217,-10.607821,-11.512925464970229
-10.814165,-4.3766656,-1.0016656,-0.50166553,-4.2516656
-4.401552,-0.026552007,-4.276552,-11.512925464970229,-11.512925464970229
-11.512925464970229,-5.411907,-1.1619074,-0.4119073999999999,-3.9119074
-11.512925464970229,-11.512925464970229,-11.512925464970229,-11.512925464970229,-11.512925464970229
-3.2776926,-0.15269254,-2.2776926,-6.6526923,-11.512925464970229
-4.846771,-4.221771,-1.0967708,-1.8467708,-3.8467708
-11.512925464970229,-1.981667499945265e-06,-11.512925464970229,-11.512925464970229,-11.512925464970229
-10.208528,-3.5835273,-0.4585273299999999,-1.0835273,-6.5835276
-8.818596,-2.943596,-0.44359592,-1.1935959,-6.193596
-0.5283254400000001,-5.1533256,-6.9033256,-11.512925464970229,-11.512925464970229
-4.5535617,-4.0535617,-1.4285616,-2.8035617,-5.4285617
-7.213902,-1.338902,-0.33890197,-3.713902,-11.512925464970229
-11.512925464970229,-11.512925464970229,-11.512925464970229,-11.512925464970229,-11.512925464970229
-4.915782,-0.29078206,-1.4157821,-6.165782,-11.512925464970229
-11.512925464970229,-8.126564,-3.626564,-0.501564,-1.001564
-10.515927,-4.515927,-1.2659268,-0.3909268699999999,-3.5159268
-10.296769,-3.421769,-0.4217689599999999,-1.1717689,-6.546769
-11.512925464970229,-6.5055075,-2.1305077,-0.2555076799999999,-2.2555077
-11.512925464970229,-7.204674,-4.329674,-3.5796735,-5.829674
-11.512925464970229,-7.918843,-2.918843,-0.16884294,-2.293843
-2.3773422,-0.1273421299999999,-3.6273422,-9.002342,-11.512925464970229
-11.512925464970229,-6.7741528,-2.2741528,-1.0241526,-3.2741528
-3.427556,-0.17755614,-2.052556,-6.427556,-11.512925464970229
-11.512925464970229,-8.581889,-4.3318896,-0.70688945,-0.70688945
-11.512925464970229,-9.141461,-4.7664614,-0.76646125,-0.64146125
-11.027714,-4.152714,-0.65271366,-0.77771366,-5.527714
-5.583943,-5.083943,-2.333943,-2.708943,-5.083943
-8.208185,-2.7081852,-0.4581851699999999,-1.2081852,-6.583185
-6.3286276,-0.2036274999999999,-1.7036275,-8.453628,-11.512925464970229
-4.0870976,-0.0870978,-2.712098,-9.087098,-11.512925464970229
-7.262134,-0.63713425,-0.76213425,-5.637134,-11.512925464970229
-3.6804938,-0.0554938199999999,-3.5554938,-10.305493,-11.512925464970229
-1.5318104,-1.2818104,-2.2818103,-6.4068103,-11.512925464970229
-6.0035906,-3.1285906,-1.8785907,-3.7535906,-8.878591
-11.095768,-4.033268,-0.6582678000000001,-0.7832678,-4.908268
-1.6809862,-1.4309862,-3.3059862,-7.805986,-11.512925464970229
-0.8275894,-0.5775894,-6.4525895,-11.512925464970229,-11.512925464970229
-7.0798054,-1.0798056,-0.45480558,-3.7048056,-11.512925464970229
-5.93541,-0.4354098,-1.0604098,-5.56041,-11.512925464970229
-6.806755,-1.3067553,-0.4317552399999999,-2.5567553,-7.056755
-7.2409134,-1.3659135,-0.3659135,-2.9909134,-9.240913
-2.4719136,-0.0969135539999999,-4.8469133,-11.346913,-11.512925464970229
-3.4858885,-0.11088856,-2.6108885,-7.4858885,-11.512925464970229
-6.2112494,-0.5862492,-0.8362492,-4.8362494,-11.512925464970229
-3.0445704,-5.1695704,-4.9195704,-6.0445704,-11.512925464970229
-6.2031345,-1.0781348,-0.45313472,-3.8281348,-11.512925464970229
-9.470921,-3.7209206,-0.72092056,-0.72092056,-5.8459206
-8.151855,-5.401856,-2.026856,-2.901856,-6.401856
-11.512925464970229,-8.189338,-2.8143377,-0.18933773,-2.1893377
-11.512925464970229,-4.2740607,-0.6490607,-0.7740607,-6.1490607
-11.375031,-3.142497399995047e-05,-11.512925464970229,-11.512925464970229,-11.512925464970229
-9.3348675,-2.9598677,-0.3348677500000001,-1.4598677,-8.3348675
-1.1850586,-5.1850586,-6.6850586,-11.512925464970229,-11.512925464970229
-9.978118,-2.7281182,-0.2281182,-1.9781182,-9.603118
-7.866944,-2.2419436,-0.3669436599999999,-1.6169436,-6.491944
-11.512925464970229,-8.83957,-4.33957,-0.5895701999999999,-0.8395702
-5.6503253,-0.7753254999999999,-0.6503255,-4.2753253,-11.512925464970229
-11.512925464970229,-11.512925464970229,-11.512925464970229,-11.512925464970229,-11.512925464970229
-2.7053363,-0.080336444,-4.5803366,-11.512925464970229,-11.512925464970229
-5.841591,-5.966591,-3.841591,-4.841591,-11.512925464970229
-10.663258,-3.6632576,-0.4132576999999999,-1.1632577,-8.538258
-11.512925464970229,-6.105692,-1.2306917,-0.35569173,-5.355692
-7.131866,-2.1318657,-0.3818658,-1.6318657,-6.131866
-6.242427,-5.617427,-3.1174269,-2.8674269,-5.367427
-8.913593,-2.7885933,-0.4135933999999999,-1.2885934,-6.6635933
-6.5369625,-0.91196275,-0.5369627499999999,-4.4119625,-10.0369625
-10.978978,-4.3539777,-0.8539778,-0.6039778,-4.2289777
-11.512925464970229,-6.584505,-1.8345052,-0.20950522,-3.5845053
-3.4897342,-0.23973422,-1.7397342,-4.989734,-8.614735
-10.633233,-4.383233,-1.0082333,-0.5082333000000001,-3.8832333
-8.07953,-2.32953,-0.32953003,-1.70453,-6.9545302
-10.750079,-3.8750794,-0.5000794499999999,-1.0000794,-5.3750796
-10.6008625,-4.1008625,-0.8508627,-0.6008626999999999,-4.8508625
-10.545759,-4.5457597,-0.9207595,-0.5457595,-4.5457597
-8.205749,-2.9557488,-0.58074874,-0.95574874,-5.9557486
-11.512925464970229,-5.854468,-1.2294679,-0.35446787,-5.854468
-9.9301,-3.1801004,-0.4301005599999999,-1.1801006,-7.9301004
-8.17287,-1.6728692,-0.29786927,-2.6728692,-9.29787
-11.512925464970229,-6.137249,-1.6372489,-0.2622488699999999,-3.387249
-8.599276,-2.5992756,-0.47427556,-1.2242756,-4.7242756
-9.775383,-2.650383,-0.2753829399999999,-1.775383,-7.775383
-11.512925464970229,-7.205266,-2.705266,-1.5802661,-4.205266
-11.512925464970229,-5.833456,-1.3334562,-0.3334561999999999,-4.083456
-11.512925464970229,-4.663015,-0.9130147,-0.5380147,-5.288015
-6.8912764,-0.7662763,-0.6412763,-4.8912764,-11.512925464970229
-9.590317,-7.2153172,-3.8403172,-4.2153172,-9.090317
-11.512925464970229,-7.066296,-3.191296,-0.566296,-0.941296
-11.512925464970229,-6.900179,-3.025179,-0.5251789999999998,-1.025179
-11.05028,-3.67528,-0.5502800299999999,-0.92528003,-6.67528
-7.5181923,-1.8931922,-0.39319214,-1.7681922,-5.7681923
-5.0838428,-0.20884286,-1.7088429,-6.8338428,-11.512925464970229
-6.034986,-0.2849861699999999,-1.4099861,-6.659986,-11.512925464970229
-10.328745,-3.0787454,-0.32874534,-1.4537454,-8.578745
-5.320387,-0.32038677,-1.3203868,-6.195387,-11.512925464970229
-7.1755204,-1.1755202,-0.4255202,-3.3005202,-10.30052
-8.986913,-1.9869128,-0.23691288,-2.611913,-8.736913
-8.75511,-2.13011,-0.3801099700000001,-1.63011,-6.88011
-7.670803,-1.1708031,-0.4208031299999999,-3.420803,-10.170803
-11.512925464970229,-4.0438466,-0.5438467,-0.9188467,-5.9188466
-7.9974813,-1.7474811,-0.3724810999999999,-1.9974811,-7.6224813
-2.4790251,-0.104025036,-4.229025,-11.166525,-11.512925464970229
-11.094817,-4.094817,-0.5948173,-0.8448173,-6.344817
-11.512925464970229,-4.6484027,-0.77340263,-0.64840263,-5.1484027
-8.28603,-1.53603,-0.2860300199999999,-3.41103,-10.03603
-6.602039,-0.85203874,-0.60203874,-3.7270389,-10.227038
-6.764781,-0.6397807600000001,-0.7647807600000001,-5.139781,-11.512925464970229
-7.5356417,-1.1606418,-0.4106418,-3.7856417,-11.512925464970229
-9.007543,-2.0075428,-0.25754276,-2.3825428,-9.632543
-10.502668,-3.0026689,-0.25266874,-1.7526687,-9.002668
-6.871409,-0.99640906,-0.49640903,-3.871409,-11.246409
-10.4117,-4.0367007,-0.7867006,-0.6617006,-4.5367007
-10.239003,-2.864003,-0.23900299,-1.864003,-8.739003
-6.707035,-3.457035,-0.707035,-1.2070351,-5.082035
-5.062207,-2.9372072,-1.9372072,-3.9372072,-11.512925464970229
-11.512925464970229,-5.4145646,-1.1645644,-0.41456443,-3.7895644
-6.9407105,-5.4407105,-2.3157105,-2.4407105,-5.6907105
-2.9349184,-0.0599184559999999,-5.3099184,-11.512925464970229,-11.512925464970229
-10.720058,-4.095059,-0.5950589,-0.8450589,-6.220059
-11.512925464970229,-5.383852,-1.258852,-0.3838520000000001,-3.508852
-11.512925464970229,-5.383852,-1.258852,-0.3838520000000001,-3.508852
-3.3193324,-2.3193324,-1.6943324,-4.069332,-7.819332
-11.512925464970229,-11.512925464970229,-11.512925464970229,-11.512925464970229,-11.512925464970229
-11.512925464970229,-6.333377,-2.9583766,-2.4583766,-5.083377
-7.110142,-0.9851423,-0.4851423000000001,-4.610142,-11.512925464970229
-1.3135554,-0.3135553599999999,-8.563556,-11.512925464970229,-11.512925464970229
-11.512925464970229,-11.512925464970229,-5.829206,-0.579206,-0.829206
-11.170103,-4.4201035,-0.9201034,-0.5451034,-4.6701035
-7.7392197,-5.1142197,-1.6142199,-1.8642199,-4.4892197
-11.512925464970229,-5.866727,-1.8667266,-1.8667266,-4.741727
-11.512925464970229,-7.0479593,-2.4229596,-0.1729594599999999,-2.6729596
-11.512925464970229,-11.512925464970229,-7.2533555,-1.5033555,-0.25335544
-11.512925464970229,-5.5865912,-1.336591,-0.3365910399999999,-3.961591
-0.7111915999999999,-2.7111917,-4.2111917,-7.2111917,-11.512925464970229
-11.27586,-4.2758594,-0.77585953,-0.6508595300000001,-5.5258594
-3.9274788,-2.8024788,-0.8024789,-2.9274788,-6.677479
-11.512925464970229,-8.336958,-3.2119575,-1.2119575,-2.7119575
-11.512925464970229,-9.334326,-4.8343263,-0.5843262,-0.8343262
-8.605816,-2.1058156,-0.23081566,-2.4808156,-8.730816
-5.0347714,-1.9097714,-0.90977144,-3.6597714,-8.909771
-10.28421,-4.40921,-1.15921,-0.4092100299999999,-4.65921
-2.5087981,-0.1337980199999999,-3.1337981,-8.758798,-11.512925464970229
-6.9764175,-0.22641777,-1.6014178,-9.976418,-11.512925464970229
-6.696032,-3.321032,-1.321032,-2.946032,-11.512925464970229
-1.068308,-2.1933079,-3.1933079,-6.318308,-11.512925464970229
-4.806415,-2.181415,-0.93141514,-3.306415,-11.512925464970229
-3.1164107,-1.4914106,-1.4914106,-4.2414107,-11.512925464970229
-6.169211,-3.919211,-0.6692110299999999,-1.419211,-5.419211
-9.307815,-2.5578146,-0.30781463,-1.6828146,-6.6828146
-1.1494472,-3.6494472,-5.2744474,-11.512925464970229,-11.512925464970229
-6.7074113,-4.7074113,-1.4574113,-1.9574113,-5.4574113
-4.0455003,-3.0455003,-1.7955002,-3.4205003,-11.512925464970229
-3.254396,-0.12939589,-2.504396,-7.504396,-11.512925464970229
-11.512925464970229,-5.909601,-1.6596014,-0.2846013999999999,-2.9096014
-1.6018815,-0.22688144,-6.7268815,-11.512925464970229,-11.512925464970229
-2.939195,-0.0641950199999999,-4.689195,-11.512925464970229,-11.512925464970229
-7.9417934,-2.0667934,-0.3167934399999999,-1.9417934,-7.3167934
-9.558849,-2.3088493,-0.18384942,-2.6838493,-10.683849
-3.663595,-0.0385950539999999,-4.413595,-11.512925464970229,-11.512925464970229
-4.5993633,-0.0993634199999999,-2.4743633,-8.599363,-11.512925464970229
-6.4717464,-0.84674644,-0.5967464399999999,-3.9717464,-10.096746
-5.010672,-0.26067188,-1.5106719,-6.510672,-11.512925464970229
-6.9251966,-0.9251968,-0.5501968,-3.675197,-9.675197
-8.032679,-1.1576786,-0.40767854,-3.9076786,-10.532679
-8.607249,-1.8572489,-0.23224892,-2.982249,-9.857249
-1.2035656,-3.4535656,-4.0785656,-6.5785656,-11.512925464970229
-11.131575,-3.5065749,-0.2565748999999999,-1.6315749,-8.006575
-8.174339,-1.4243392,-0.2993391799999999,-4.0493393,-10.549339
-8.502863,-1.6278634,-0.25286335,-3.6278634,-10.127863
-7.823641,-1.4486408,-0.3236408,-3.1986408,-9.573641
-7.2117505,-1.0867505,-0.4617504800000001,-3.4617505,-9.33675
-7.656151,-0.906151,-0.5311509999999999,-4.906151,-11.512925464970229
-5.693127,-0.31812736,-1.3181274,-6.693127,-11.512925464970229
-2.1126409,-2.3626409,-2.6126409,-4.612641,-11.512925464970229
-0.04306576,-11.512925464970229,-11.512925464970229,-11.512925464970229,-11.512925464970229
-3.7196033,-0.09460321,-2.7196033,-9.594604,-11.512925464970229
-4.5158596,-0.2658595699999999,-1.5158596,-5.8908596,-11.32836
-4.0621996,-3.3121996,-2.0621996,-3.3121996,-6.6871996
-4.7377014,-4.6127014,-3.1127014,-4.2377014,-6.8627014
-3.791517,-0.166517,-2.041517,-7.166517,-11.512925464970229
-7.2670255,-1.8920254,-0.39202532,-1.7670254,-6.3920255
-0.22621109,-1.6012111,-7.226211,-11.512925464970229,-11.512925464970229
-7.9536967,-1.7036968,-0.3286968800000001,-2.328697,-8.703697
-2.9325123,-0.1825122699999999,-2.1825123,-7.3075123,-11.512925464970229
-2.096458,-0.22145799,-2.596458,-6.846458,-11.221458
-11.512925464970229,-11.512925464970229,-11.512925464970229,-11.512925464970229,-11.512925464970229
-4.392478,-0.26747796,-1.517478,-5.892478,-11.512925464970229
-0.7580514,-0.6330514,-8.133051,-11.512925464970229,-11.512925464970229
-4.266839,-0.14183913,-2.141839,-7.391839,-11.512925464970229
-3.0623403,-0.06234028,-4.3123403,-11.512925464970229,-11.512925464970229
-4.5315075,-3.2815075,-1.5315074,-2.9065075,-6.4065075
-6.0037804,-1.0037801,-0.5037801,-3.6287801,-8.87878
-5.6557283,-4.2807283,-2.1557283,-3.1557283,-6.1557283
-3.144713,-0.1447129499999999,-2.394713,-8.019713,-11.512925464970229
-2.616946,-2.616946,-2.241946,-3.616946,-11.512925464970229
-2.3689065,-0.1189064299999999,-3.9939065,-10.368906,-11.512925464970229
-4.9911633,-0.4911632199999999,-0.99116325,-4.6161633,-10.866163
-11.512925464970229,-3.412111500025299e-06,-11.512925464970229,-11.512925464970229,-11.512925464970229
-3.9239514,-1.6739514,-0.92395145,-3.2989514,-8.673951
-3.144713,-0.1447129499999999,-2.394713,-8.019713,-11.512925464970229
-4.9846425,-0.3596423599999999,-1.2346424,-5.4846425,-10.359642
-6.591435,-1.0914352,-0.4664351599999999,-3.3414352,-8.841435
-0.5774786000000001,-0.8274786,-6.8274784,-11.512925464970229,-11.512925464970229
-4.1435137,-0.14351344,-2.1435134,-7.7685137,-11.512925464970229
-5.6447964,-0.64479613,-0.76979613,-4.7697964,-11.512925464970229
-4.464119,-0.2141189899999999,-1.714119,-6.964119,-11.512925464970229
-5.7487144,-1.1237142,-0.4987142399999999,-2.7487142,-8.248714
-11.512925464970229,-8.906984,-3.531984,-0.15698402,-2.156984
-11.512925464970229,-11.512925464970229,-11.512925464970229,-11.512925464970229,-11.512925464970229
-11.071334,-4.821334,-1.0713339,-0.44633394,-4.696334
-5.0241203,-5.3991203,-1.5241205,-1.8991205,-2.8991203
-7.3678718,-1.2428718,-0.36787182,-3.9928718,-11.512925464970229
-10.5887165,-4.088716,-0.71371615,-0.71371615,-5.713716
-6.1142917,-0.98929167,-0.4892917,-4.3642917,-11.512925464970229
-8.859511,-2.9845114,-0.4845115,-1.1095115,-5.7345114
-2.5744727,-3.4494727,-3.0744727,-5.1994724,-11.512925464970229
-11.239803,-5.114804,-1.2398036,-0.36480358,-4.614804
-11.512925464970229,-5.6691318,-1.2941316,-1.1691316,-3.9191318
-11.157682,-5.0326824,-1.1576822,-0.4076822,-4.2826824
-4.689658,-0.1896582,-1.8146582,-7.689658,-11.512925464970229
-8.574622,-2.8246217,-0.4496217399999999,-1.1996217,-7.0746217
-2.3650694,-5.9900694,-7.9900694,-11.512925464970229,-11.512925464970229
-8.696037,-2.1960373,-0.32103726,-1.8210373,-6.8210373
-10.108607,-3.6086073,-0.6086073500000001,-0.85860735,-5.3586073
-2.0356905,-0.1606905799999999,-4.035691,-10.03569,-11.512925464970229
-10.479381,-3.729381,-0.729381,-0.729381,-4.479381
-7.9205027,-1.7955027,-0.2955027199999999,-2.4205027,-7.9205027
-10.534906,-3.7849064,-0.65990627,-0.78490627,-5.5349064
-6.805936,-4.305936,-2.1809359,-3.4309359,-8.180936
-11.512925464970229,-6.9548206,-2.0798206,-0.2048205999999999,-2.8298206
-3.6714249,-1.5464249,-1.5464249,-4.546425,-11.512925464970229
-9.0920315,-2.4670317,-0.3420317999999999,-1.5920318,-6.967032
-10.707392,-3.7073913,-0.45739138,-1.0823914,-5.7073913
-7.164739,-0.914739,-0.5397390000000001,-4.164739,-10.914739
-5.2917743,-4.0417743,-3.1667743,-4.9167743,-11.512925464970229
-7.0420094,-0.91700923,-0.5420092299999999,-4.0420094,-10.792009
-2.7858677,-0.6608677999999999,-1.4108678,-5.9108677,-11.512925464970229
-7.831381,-1.5813806,-0.3313806,-2.5813806,-10.206381
-8.521586,-2.8965862,-0.6465862,-0.8965862,-4.3965864
-9.481707,-7.606706,-3.8567061,-2.9817061,-5.981706
-1.9177941,-0.1677940999999999,-4.917794,-11.512925464970229,-11.512925464970229
-9.125378,-3.1253777,-0.75037766,-0.75037766,-4.5003777
-10.930107,-4.3051076,-1.1801075,-0.4301074399999999,-3.5551074
-8.131895,-5.256895,-1.8818948,-1.6318948,-5.006895
-10.011468,-3.386468,-0.5114678,-1.0114678,-6.011468
-3.1834517,-0.058451656,-4.1834517,-11.512925464970229,-11.512925464970229
-9.158556,-2.9085557,-0.5335558,-1.0335557,-5.908556
-10.65371,-4.528711,-1.2787106,-0.4037106599999999,-3.1537106
-11.512925464970229,-6.027533,-1.9025329,-0.2775329599999999,-2.402533
-7.474905,-1.474905,-0.349905,-2.724905,-9.349905
-0.28137684,-1.4063768,-8.781377,-11.512925464970229,-11.512925464970229
-5.983666,-0.4836660599999999,-0.98366606,-4.983666,-11.233666
-8.057213,-1.5572133,-0.3072133000000001,-2.9322133,-10.932213
-3.5392954,-0.0392954869999999,-4.6642957,-11.512925464970229,-11.512925464970229
-3.9138591,-0.16385916,-2.0388591,-7.0388594,-11.512925464970229
-10.535735,-3.9107356,-0.78573555,-0.66073555,-4.9107356
-2.9404502,-0.06545028,-4.56545,-11.512925464970229,-11.512925464970229
-8.210525,-1.3355242,-0.33552423,-3.8355243,-11.512925464970229
-7.6075354,-2.1075354,-0.48253524,-1.3575352,-5.9825354
-11.512925464970229,-6.0638947,-2.0638947,-1.3138947,-4.3138947
-9.217144,-2.467144,-0.3421439199999999,-1.5921439,-6.842144
-6.3952384,-1.0202385,-0.5202385,-3.1452384,-9.270239
-10.489395,-3.8643947,-0.86439466,-0.61439466,-4.1143947
-11.512925464970229,-7.590537,-3.340537,-0.46553704,-1.0905371
-11.512925464970229,-6.7177014,-2.8427014,-0.34270138,-1.4677014
-10.301689,-3.0516891,-0.3016891500000001,-1.5516891,-6.801689
-6.3519063,-1.1019064,-0.4769063999999999,-3.1019063,-9.351907
-7.0056977,-1.0056977,-0.5056978,-3.5056977,-10.255698
-4.3633146,-0.11331471,-2.3633146,-8.988315,-11.512925464970229
-1.088512,-3.963512,-5.713512,-11.512925464970229,-11.512925464970229
-4.69775,-3.5727499,-1.0727499,-2.4477499,-5.07275
-5.4034863,-0.6534861,-0.7784861,-4.1534863,-10.278486
-4.159193,-0.1591928799999999,-2.0341928,-7.409193,-11.512925464970229
-11.512925464970229,-11.512925464970229,-11.512925464970229,-11.512925464970229,-11.512925464970229
-5.7296934,-0.35469356,-1.2296935,-5.8546934,-11.512925464970229
-8.574341,-2.9493408,-0.6993407,-0.8243407,-4.449341
-8.709036,-2.7090356,-0.4590355999999999,-1.2090356,-5.9590354
-2.6034594,-0.1034593199999999,-3.7284594,-9.478459,-11.512925464970229
-4.652337,-4.652337,-2.027337,-2.902337,-4.902337
-8.380394,-2.7553942,-0.50539416,-1.1303942,-4.630394
-8.836209,-2.9612095,-0.5862095999999999,-0.9612096,-4.71121
-9.563155,-3.313155,-0.56315494,-0.93815494,-5.938155
-11.512925464970229,-11.512925464970229,-11.512925464970229,-11.512925464970229,-11.512925464970229
-5.166233,-0.16623327,-1.9162333,-8.416233,-11.512925464970229
-5.588953,-0.5889532000000001,-0.8389532,-4.713953,-11.512925464970229
-1.7044137,-0.2044136199999999,-5.9544134,-11.512925464970229,-11.512925464970229
-5.942599,-1.3175987,-0.4425986699999999,-2.4425986,-8.817598
-11.512925464970229,-7.2554984,-2.6304982,-0.25549826,-1.8804983
-8.8792,-2.2542002,-0.25420013,-2.1292002,-8.3792
-10.670487,-4.295488,-0.9204878,-0.5454878,-4.795488
-11.063308,-5.1883073,-1.5633075,-0.31330746,-2.9383075
-11.512925464970229,-6.765476,-2.5154765,-0.26547644,-1.8904765
-10.539633,-4.664633,-1.164633,-0.4146329999999999,-4.039633
-4.0608897,-2.9358895,-1.8108895,-3.4358895,-6.4358897
-11.512925464970229,-5.6451607,-1.1451604,-0.39516044,-5.3951607
-8.018033,-2.2680328,-0.3930327299999999,-1.5180328,-6.6430326
-11.512925464970229,-6.6034384,-2.2284384,-0.2284383199999999,-2.3534384
-7.606532,-4.356532,-1.8565321,-2.606532,-6.731532
-6.8805685,-1.3805685,-0.38056856,-2.7555685,-8.3805685
-5.090295,-0.5902946000000001,-0.8402946,-4.840295,-11.512925464970229
-4.375447,-3.3754468,-2.7504468,-4.875447,-11.512925464970229
-5.415041,-0.16504091,-1.915041,-8.290041,-11.512925464970229
-9.850145,-2.725145,-0.350145,-1.475145,-6.975145
-9.538683,-2.788683,-0.4136830299999999,-1.288683,-6.538683
-9.784699,-2.5346992,-0.28469914,-1.7846992,-7.784699
-11.512925464970229,-6.206955,-1.8319551,-0.2069550299999999,-3.706955
-9.642013,-2.767013,-0.26701295,-1.767013,-7.767013
-11.512925464970229,-5.9134192,-1.5384194,-0.28841937,-3.4134192
-11.162182,-5.287182,-1.5371816,-0.28718165,-3.5371816
-3.5454001,-0.0454000899999999,-4.1704,-11.512925464970229,-11.512925464970229
-10.156485,-2.9064844,-0.4064843399999999,-1.2814844,-6.531484
-10.097436,-3.2224364,-0.4724363399999999,-1.0974363,-5.9724364
-9.745998,-3.4959986,-0.7459986,-0.7459986,-3.8709986
-6.217875,-4.217875,-1.9678751,-3.217875,-7.217875
-8.773851,-2.5238516,-0.3988515399999999,-1.3988515,-6.5238514
-9.996365,-3.2463646,-0.6213645000000001,-0.8713645,-5.2463646
-4.9376526,-0.18765241,-1.8126523,-7.4376526,-11.512925464970229
-0.63327956,-0.75827956,-7.38328,-11.512925464970229,-11.512925464970229
-7.6721544,-2.2971544,-0.42215437,-1.4221544,-6.2971544
-4.191638,-5.191638,-4.066638,-5.816638,-11.512925464970229
-2.7583065,-1.1333066,-1.1333066,-4.2583065,-11.512925464970229
-1.7066667,-0.20666672,-5.331667,-11.512925464970229,-11.512925464970229
-8.956328,-3.081328,-0.5813280000000001,-0.956328,-4.581328
-4.859338,-3.3593378,-2.1093378,-3.6093378,-11.512925464970229
-10.510782,-4.3857827,-1.0107827,-0.5107826600000002,-3.7607827
-0.0701006049999999,-2.6951005,-9.945101,-11.512925464970229,-11.512925464970229
-7.002864,-6.002864,-2.752864,-2.877864,-4.252864
-3.5770705,-0.0770703999999999,-3.0770705,-9.82707,-11.512925464970229
-8.744355,-4.6193547,-0.86935484,-0.86935484,-3.7443547
-9.114622,-3.3646216,-0.73962176,-0.73962176,-4.6146216
-7.395928,-1.645928,-0.395928,-2.020928,-7.145928
-1.7069807,-0.2069806999999999,-5.2069807,-11.512925464970229,-11.512925464970229
-4.066053,-0.0660530499999999,-3.0660532,-10.191053,-11.512925464970229
-4.9636745,-0.71367437,-0.71367437,-4.3386745,-11.512925464970229
-5.547055,-5.672055,-2.172055,-1.922055,-2.922055
-6.3356395,-5.4606395,-1.9606395,-1.3356395,-2.4606395
-4.123562,-4.123562,-1.998562,-2.4985619,-4.623562
-11.512925464970229,-9.072334,-4.072335,-0.19733465,-1.8223346
-8.602406,-2.227405,-0.22740519,-2.352405,-8.977406
-11.512925464970229,-8.120846,-3.8708453,-0.4958453799999999,-0.9958454
-6.0907965,-4.9657965,-1.3407967,-1.0907967,-3.0907967
-3.4753687,-0.3503688,-1.3503687,-5.225369,-11.512925464970229
-6.587705,-0.8377052,-0.5877052,-4.587705,-11.212706
-10.6155815,-4.9905815,-1.2405818,-0.36558175,-4.6155815
-11.512925464970229,-9.080738,-4.080738,-0.3307381,-1.3307381
-11.512925464970229,-7.1976233,-2.9476235,-0.1976233999999999,-2.0726235
-5.697931,-4.447931,-1.6979306,-1.4479306,-3.0729306
-0.0115389899999999,-11.512925464970229,-11.512925464970229,-11.512925464970229,-11.512925464970229
-11.512925464970229,-11.512925464970229,-11.512925464970229,-11.512925464970229,-11.512925464970229
-10.616567,-3.2415662,-0.24156623,-1.7415662,-10.616567
-6.7841277,-1.4091278,-0.40912786,-2.409128,-8.909128
-8.354234,-2.4792337,-0.47923374,-1.2292337,-5.6042337
-10.467818,-3.8428185,-0.7178185,-0.7178185,-5.9678183
-10.17854,-4.1785398,-1.1785399,-0.4285399,-3.67854
-8.126471,-2.251471,-0.5014710000000001,-1.251471,-6.001471
-11.262935,-4.7629347,-1.3879344,-0.38793448,-2.7629344
-10.621049,-4.371049,-0.9960487,-0.4960487,-4.746049
-4.073272,-0.19827218,-1.8232722,-6.698272,-11.512925464970229
-9.301966,-3.9269657,-0.9269657,-0.5519657,-4.8019657
-6.6016326,-1.2266327,-0.4766326999999999,-2.4766326,-8.726633
-11.512925464970229,-7.0856323,-2.9606323,-0.3356323999999999,-1.4606324
-9.296988,-3.546987,-0.79698706,-0.67198706,-4.671987
-4.11928,-0.2442797699999999,-1.6192797,-6.36928,-11.512925464970229
-7.8517857,-1.8517857,-0.35178566,-1.9767857,-8.226786
-5.7340145,-11.512925464970229,-4.3590145,-5.2340145,-6.6090145
