1,2,3,4,5
-0.25214294,-1.5021429,-8.627143,-11.512925464970229,-11.512925464970229
-10.974948,-0.9749476,-0.47494754,-7.2249475,-11.512925464970229
-11.512925464970229,-3.0640655,-0.064065434,-4.1890655,-11.512925464970229
-6.8288693,-0.5788691600000001,-0.82886916,-6.9538693,-11.512925464970229
-11.512925464970229,-6.787051,-0.1620510399999999,-1.9120511,-9.412051
-11.512925464970229,-2.5828083,-0.08280824,-5.582808,-11.512925464970229
-11.512925464970229,-11.512925464970229,-4.5118003,-0.0118000919999999,-8.2618
-11.512925464970229,-11.512925464970229,-5.878755,-0.0037549479999999,-8.378755
-1.3137414,-0.3137415,-7.9387417,-11.512925464970229,-11.512925464970229
-11.512925464970229,-7.003486,-0.12848613,-2.1284862,-11.512925464970229
-11.512925464970229,-11.512925464970229,-8.898613,-0.023612771,-3.7736127
-11.512925464970229,-9.162166,-1.9121661,-0.1621660899999999,-6.787166
-11.512925464970229,-11.512925464970229,-11.512925464970229,-0.0234590679999999,-3.773459
-10.463624,-2.588624,-0.0886240149999999,-4.713624,-11.512925464970229
-3.0624938,-0.0624938119999999,-4.312494,-11.512925464970229,-11.512925464970229
-11.512925464970229,-7.071372,-0.6963719,-0.6963719,-11.512925464970229
-2.5852823,-0.085282244,-5.9602823,-11.512925464970229,-11.512925464970229
-11.512925464970229,-7.3219104,-0.6969105599999998,-0.6969105599999998,-9.071911
-10.006931,-1.5069314,-0.2569314,-5.3819313,-11.512925464970229
-10.94393,-0.6939298,-0.6939298,-7.6939297,-11.512925464970229
-8.502333,-0.2523330200000001,-1.502333,-9.377333,-11.512925464970229
-9.377169,-0.12716894,-2.127169,-10.377169,-11.512925464970229
-11.512925464970229,-7.4808626,-0.9808626,-0.48086265,-9.105863
-5.768246,-0.018246168,-4.518246,-11.512925464970229,-11.512925464970229
-0.0486599299999999,-3.04866,-9.92366,-11.512925464970229,-11.512925464970229
-11.512925464970229,-6.6898313,-0.31483117,-1.3148311,-10.189831
-7.259039,-0.2590391,-1.5090392,-7.759039,-11.512925464970229
-11.512925464970229,-11.512925464970229,-7.9522967,-0.2022965599999999,-1.7022965
-11.512925464970229,-4.326539,-0.0765391799999999,-2.8265393,-11.512925464970229
-3.5314784,-0.0314784829999999,-6.5314784,-11.512925464970229,-11.512925464970229
-4.027303,-0.0273031559999999,-5.527303,-11.512925464970229,-11.512925464970229
-11.512925464970229,-4.4496093,-0.0746091299999999,-2.824609,-11.512925464970229
-5.5163803,-0.2663803699999999,-1.5163803,-7.5163803,-11.512925464970229
-11.512925464970229,-10.783188,-3.5331883,-0.033188336,-6.9081883
-11.512925464970229,-11.512925464970229,-9.15523,-0.0302293099999999,-3.5302293
-11.512925464970229,-10.505283,-2.1302836,-0.13028356,-8.880283
-11.512925464970229,-10.146171,-4.0211706,-0.021170827,-6.0211706
-11.512925464970229,-10.45776,-2.5827596,-0.08275962,-10.08276
-11.512925464970229,-11.512925464970229,-8.829229,-0.20422907,-1.7042291
-11.512925464970229,-11.512925464970229,-7.885726,-0.010725902,-4.760726
-11.512925464970229,-4.0804834,-0.0804835099999999,-2.8304834,-11.512925464970229
-11.512925464970229,-7.926467,-3.051467,-0.051466867,-7.051467
-11.512925464970229,-11.512925464970229,-6.4022593,-0.0272592979999999,-4.2772593
-11.512925464970229,-11.512925464970229,-6.1490264,-0.024026472,-4.0240264
-11.512925464970229,-3.7874331,-0.0374331849999999,-4.287433,-11.512925464970229
-11.512925464970229,-3.93056,-0.1805599999999999,-1.93056,-9.05556
-11.512925464970229,-11.512925464970229,-6.3808317,-0.0058317454999999,-5.8808317
-11.512925464970229,-5.889476,-0.1394759099999999,-2.1394758,-11.512925464970229
-2.0340147,-0.15901476,-5.5340147,-11.512925464970229,-11.512925464970229
-9.563707,-0.3137071,-1.3137071,-8.938707,-11.512925464970229
-11.512925464970229,-3.3018236,-0.0518235969999999,-4.9268236,-11.512925464970229
-8.819015,-0.6940142,-0.6940142,-8.069015,-11.512925464970229
-7.5555186,-0.0555187499999999,-2.9305189,-10.930519,-11.512925464970229
-6.5805926,-0.0805926199999999,-2.5805926,-10.830592,-11.512925464970229
-11.512925464970229,-3.5579727,-0.0579725539999999,-3.8079727,-11.512925464970229
-11.512925464970229,-9.8952465,-4.0202465,-0.020246495,-6.6452465
-11.512925464970229,-11.512925464970229,-6.6459646,-0.0209646899999999,-4.0209646
-9.069592,-0.6945929,-0.6945929,-8.569592,-11.512925464970229
-11.512925464970229,-2.5873218,-0.08732164,-4.8373218,-11.512925464970229
-11.512925464970229,-3.3080854,-0.0580854939999999,-4.0580854,-11.512925464970229
-11.512925464970229,-11.512925464970229,-8.001757,-0.0017569333,-7.876757
-11.512925464970229,-3.3067818,-0.0567816639999999,-4.681782,-11.512925464970229
-1.9139616,-0.1639616599999999,-6.913962,-11.512925464970229,-11.512925464970229
-11.512925464970229,-2.8194003,-0.06940029,-5.4444003,-11.512925464970229
-2.8134284,-0.06342835,-7.4384284,-11.512925464970229,-11.512925464970229
-11.512925464970229,-2.3530242,-0.1030243299999999,-5.9780245,-11.512925464970229
-10.630375,-1.5053749,-0.25537497,-6.380375,-11.512925464970229
-4.6396503,-0.014650204,-5.6396503,-11.512925464970229,-11.512925464970229
-10.1376705,-0.3876702499999999,-1.1376703,-9.2626705,-11.512925464970229
-11.512925464970229,-4.91426,-0.0392600739999999,-3.5392601,-11.512925464970229
-11.512925464970229,-4.7140017,-0.089001626,-2.5890017,-11.512925464970229
-11.512925464970229,-11.512925464970229,-10.003682,-0.25368258,-1.5036826
-0.0003476209499999,-8.000348,-11.512925464970229,-11.512925464970229,-11.512925464970229
-11.512925464970229,-0.38898367,-1.1389837,-7.0139837,-11.512925464970229
-11.512925464970229,-3.544966,-0.0449658739999999,-4.2949657,-11.512925464970229
-5.3944817,-0.019481722,-4.2694817,-11.512925464970229,-11.512925464970229
-11.512925464970229,-11.512925464970229,-6.6271977,-0.0021977175,-7.6271977
-8.128471,-0.2534714599999999,-1.5034715,-9.753471,-11.512925464970229
-6.267189,-0.3921890599999999,-1.142189,-8.517189,-11.512925464970229
-8.090083,-0.71508336,-0.71508336,-6.090083,-11.512925464970229
-2.802894,-0.17789418,-2.427894,-7.802894,-11.512925464970229
-11.512925464970229,-11.512925464970229,-3.7741578,-0.02415774,-7.3991575
-11.512925464970229,-11.512925464970229,-4.7729177,-0.0229176789999999,-4.2729177
-11.512925464970229,-10.916121,-1.91612,-0.16612008,-9.041121
-11.512925464970229,-11.512925464970229,-3.2893496,-0.03934948,-7.7893496
-11.512925464970229,-11.512925464970229,-6.385638,-0.0106380389999999,-4.760638
-11.512925464970229,-11.512925464970229,-5.2749968,-0.0249967399999999,-6.3999968
-11.512925464970229,-6.4172835,-0.1672837299999999,-1.9172838,-10.917284
-2.9091096,-0.15910952,-2.4091096,-7.6591096,-11.512925464970229
-11.512925464970229,-9.814326,-1.3143264,-0.31432644,-8.314326
-11.512925464970229,-8.134335,-2.1343346,-0.1343345,-7.8843346
-11.512925464970229,-11.512925464970229,-5.506156,-0.0061561849999999,-6.381156
-11.512925464970229,-9.378963,-2.1289637,-0.12896363,-11.003963
-11.512925464970229,-6.2281623,-0.10316218,-2.3531623,-11.512925464970229
-9.366799,-2.3667994,-0.1167994699999999,-4.1167994,-11.512925464970229
-11.512925464970229,-3.5770195,-0.0770194159999999,-3.0770195,-11.512925464970229
-3.5659099,-0.06590976,-4.56591,-11.065909,-11.512925464970229
-4.7673855,-0.26738566,-1.5173857,-7.1423855,-11.512925464970229
-11.331526,-1.7065257,-0.20652565,-5.581526,-11.512925464970229
-7.7078347,-0.7078349,-0.7078349,-7.2078347,-11.512925464970229
-11.512925464970229,-5.2360034,-0.11100336,-2.3610034,-11.512925464970229
-11.512925464970229,-5.2883525,-0.0383524339999999,-3.5383525,-11.512925464970229
-11.512925464970229,-5.297695,-0.172695,-1.922695,-11.512925464970229
-11.512925464970229,-7.1897483,-0.31474814,-1.3147482,-10.314748
-1.3156683,-0.3156684,-6.0656686,-11.512925464970229,-11.512925464970229
-8.8797,-0.2546997,-1.5046997,-7.8796997,-11.512925464970229
-5.6411767,-0.016176775,-4.3911767,-11.512925464970229,-11.512925464970229
-11.512925464970229,-3.7978745,-0.0478744429999999,-3.7978745,-11.512925464970229
-10.666611,-1.9166106,-0.1666105499999999,-6.2916107,-11.512925464970229
-3.7914019,-0.04140198,-4.166402,-11.512925464970229,-11.512925464970229
-6.4588737,-0.20887382,-1.7088739,-9.833874,-11.512925464970229
-5.5407343,-0.1657342299999999,-1.9157343,-8.290734,-11.512925464970229
-11.081835,-3.581835,-0.08183495,-3.081835,-11.512925464970229
-11.512925464970229,-2.5884295,-0.08842936,-5.0884295,-11.512925464970229
-11.512925464970229,-11.512925464970229,-10.137279,-0.3872786999999999,-1.1372787
-11.512925464970229,-7.477331,-2.3523312,-0.1023312359999999,-8.602331
-9.514021,-1.1390208,-0.38902077,-6.764021,-11.512925464970229
-11.512925464970229,-11.512925464970229,-9.079136,-0.20413558,-1.7041355
-11.512925464970229,-11.512925464970229,-8.752657,-0.12765685,-2.127657
-11.512925464970229,-1.5065392,-0.2565392,-5.5065393,-11.512925464970229
-11.512925464970229,-11.512925464970229,-6.1294928,-0.0044927849999999,-6.2544928
-11.512925464970229,-3.540738,-0.04073816,-4.540738,-11.512925464970229
-11.512925464970229,-7.8879104,-1.1379106,-0.38791057,-9.137911
-11.512925464970229,-11.512925464970229,-8.576408,-0.5764082,-0.8264082
-11.512925464970229,-11.512925464970229,-8.019103,-0.019102642,-4.0191026
-11.512925464970229,-4.2825456,-0.0325454899999999,-4.0325456,-11.512925464970229
-5.012756,-0.0127556709999999,-5.137756,-11.512925464970229,-11.512925464970229
-11.512925464970229,-11.512925464970229,-5.2567687,-0.0067686574,-7.0067687
-6.3927426,-0.0177428279999999,-4.1427426,-11.512925464970229,-11.512925464970229
-11.512925464970229,-11.512925464970229,-7.14674,-0.0217398739999999,-4.02174
-11.512925464970229,-11.512925464970229,-6.9246697,-0.0496697569999999,-3.0496697
-11.512925464970229,-7.951886,-0.82688606,-0.5768860599999999,-8.951886
-11.512925464970229,-2.6071084,-0.1071083699999999,-3.6071084,-10.607108
-11.512925464970229,-11.512925464970229,-8.650573,-0.0255727949999999,-3.7755728
-11.512925464970229,-11.512925464970229,-11.512925464970229,-1.7020117,-0.20201169
-3.7773008,-0.027300952,-5.527301,-11.512925464970229,-11.512925464970229
-0.0041638759999999,-5.5041637,-10.879164,-11.512925464970229,-11.512925464970229
-11.512925464970229,-2.12797,-0.12797,-7.00297,-11.512925464970229
-11.512925464970229,-11.512925464970229,-7.2267385,-0.101738244,-2.3517382
-11.512925464970229,-11.512925464970229,-8.974456,-0.4744554000000001,-0.97445536
-11.512925464970229,-8.56502,-2.8150198,-0.06501986,-6.06502
-7.0630946,-0.063094445,-2.8130944,-10.313094,-11.512925464970229
-7.253196,-0.128196,-2.128196,-9.503196,-11.512925464970229
-11.512925464970229,-5.518379,-0.3933792399999999,-1.1433792,-11.512925464970229
-6.428418,-0.17841828,-1.9284183,-8.428418,-11.512925464970229
-1.5144596,-0.26445955,-5.3894596,-11.512925464970229,-11.512925464970229
-11.512925464970229,-4.2217627,-0.2217625799999999,-1.7217625,-9.971763
-11.512925464970229,-6.1678834,-0.0428835149999999,-3.2928834,-11.512925464970229
-11.512925464970229,-11.512925464970229,-3.781118,-0.031117901,-5.906118
-11.512925464970229,-4.0513234,-0.0513236199999999,-3.5513237,-11.512925464970229
-11.512925464970229,-11.512925464970229,-10.005594,-0.2555937999999999,-1.5055938
-11.512925464970229,-10.315068,-2.8150687,-0.0650686799999999,-6.9400687
-0.39071873,-1.1407187,-8.765718,-11.512925464970229,-11.512925464970229
-11.512925464970229,-9.393971,-4.5189714,-0.0189714059999999,-5.0189714
-11.512925464970229,-11.512925464970229,-8.851533,-0.1015328799999999,-2.351533
-11.512925464970229,-11.512925464970229,-7.4243674,-0.0493672999999999,-3.0493672
-11.512925464970229,-11.512925464970229,-6.5067434,-0.0067432006,-5.5067434
-9.590924,-1.715924,-0.2159240399999999,-5.0909243,-11.512925464970229
-8.321849,-1.3218492,-0.32184926,-5.1968493,-11.512925464970229
-11.512925464970229,-11.512925464970229,-9.005005,-0.005004971,-5.755005
-0.0007281594,-7.375728,-11.512925464970229,-11.512925464970229,-11.512925464970229
-0.4747740599999999,-0.97477406,-7.599774,-11.512925464970229,-11.512925464970229
-5.5805707,-0.20557076,-1.7055707,-8.830571,-11.512925464970229
-5.441582,-0.06658229,-2.8165822,-11.512925464970229,-11.512925464970229
-7.3276258,-0.20262592,-1.7026259,-8.452626,-11.512925464970229
-5.788605,-0.16360512,-1.9136051,-9.288605,-11.512925464970229
-10.714544,-2.589544,-0.08954403,-4.589544,-11.512925464970229
-11.512925464970229,-7.0133777,-0.3883778,-1.1383778,-10.388378
-0.101325,-2.351325,-7.101325,-11.512925464970229,-11.512925464970229
-11.512925464970229,-11.512925464970229,-8.475521,-0.1005210799999999,-2.350521
-0.018246522,-4.0182467,-11.143247,-11.512925464970229,-11.512925464970229
-11.512925464970229,-10.93722,-4.3122196,-0.062219758,-3.0622199
-11.512925464970229,-11.512925464970229,-8.563171,-0.06317099,-2.813171
-0.0003397535199999,-8.0003395,-11.512925464970229,-11.512925464970229,-11.512925464970229
-3.552434,-0.0524338499999999,-3.802434,-11.512925464970229,-11.512925464970229
-0.38801977,-1.1380198,-8.01302,-11.512925464970229,-11.512925464970229
-3.2981102,-0.048110206,-4.92311,-11.512925464970229,-11.512925464970229
-3.2953427,-0.04534269,-5.045343,-11.512925464970229,-11.512925464970229
-4.7645345,-0.014534612,-5.1395345,-11.512925464970229,-11.512925464970229
-3.7743988,-0.024398822,-6.774399,-11.512925464970229,-11.512925464970229
-7.4109793,-0.1609793299999999,-1.9109793,-10.660979,-11.512925464970229
-5.2665157,-0.016515926,-4.5165157,-11.512925464970229,-11.512925464970229
-11.512925464970229,-3.0594528,-0.0594527539999999,-5.4344525,-11.512925464970229
-11.512925464970229,-8.536233,-1.911233,-0.16123301,-8.536233
-9.953425,-1.7034252,-0.20342511,-6.328425,-11.512925464970229
-4.363176,-0.1131759,-2.3631759,-9.613176,-11.512925464970229
-8.32714,-0.20214024,-1.7021402,-8.95214,-11.512925464970229
-9.954103,-1.7041035,-0.20410351,-6.7041035,-11.512925464970229
-8.352042,-0.9770419,-0.4770419,-6.9770417,-11.512925464970229
-6.3145127,-0.06451292,-2.814513,-10.314513,-11.512925464970229
-0.07935943,-2.5793595,-9.704359,-11.512925464970229,-11.512925464970229
-7.9757047,-0.100704774,-2.3507047,-10.725705,-11.512925464970229
-5.6709766,-0.0459768769999999,-3.2959769,-11.170977,-11.512925464970229
-11.512925464970229,-7.2279897,-0.1029895899999999,-2.3529897,-11.512925464970229
-11.512925464970229,-11.512925464970229,-6.1315546,-0.0065547977999999,-5.5065546
-11.512925464970229,-3.6545296,-0.1545296199999999,-2.1545296,-11.02953
-11.512925464970229,-4.3910813,-0.0160815289999999,-5.8910813,-11.512925464970229
-8.600812,-0.1008122339999999,-2.3508122,-9.725812,-11.512925464970229
-9.377872,-0.2528721,-1.5028721,-8.252872,-11.512925464970229
-11.512925464970229,-4.0221744,-0.022174181,-5.6471744,-11.512925464970229
-4.2774158,-0.0274158999999999,-4.4024158,-11.152416,-11.512925464970229
-11.512925464970229,-2.1347706,-0.13477068,-5.384771,-11.512925464970229
-11.512925464970229,-5.639819,-0.014819346,-4.639819,-11.512925464970229
-11.512925464970229,-5.7110558,-0.0860555199999999,-2.5860555,-9.711056
-11.512925464970229,-10.285873,-1.9108737,-0.16087368,-8.910873
-9.3164215,-0.3164211799999999,-1.3164212,-10.0664215,-11.512925464970229
-3.0577922,-0.0577922099999999,-4.807792,-11.512925464970229,-11.512925464970229
-11.512925464970229,-2.130923,-0.1309230499999999,-5.6309233,-11.512925464970229
-1.3165143,-0.31651428,-6.9415145,-11.512925464970229,-11.512925464970229
-5.3041697,-0.0541694279999999,-3.0541694,-10.67917,-11.512925464970229
-11.512925464970229,-11.512925464970229,-9.176368,-0.0513679049999999,-3.051368
-11.512925464970229,-11.155706,-3.530706,-0.03070604,-8.030706
-11.512925464970229,-4.3031287,-0.05312874,-3.3031287,-11.512925464970229
-11.512925464970229,-7.4117312,-0.16173145,-1.9117315,-11.512925464970229
-11.512925464970229,-11.512925464970229,-10.456225,-0.0812255739999999,-2.5812256
-11.512925464970229,-11.512925464970229,-7.8901663,-0.0151664689999999,-4.2651663
-0.31414744,-1.3141475,-8.314147,-11.512925464970229,-11.512925464970229
-11.512925464970229,-11.512925464970229,-9.2583065,-0.0083066389999999,-5.0083065
-11.512925464970229,-11.512925464970229,-7.3832493,-0.008249187,-5.0082493
-11.512925464970229,-11.512925464970229,-7.0063357,-0.0063357796,-5.3813357
-11.512925464970229,-11.512925464970229,-6.2537274,-0.0037273993,-6.7537274
-11.512925464970229,-4.0822215,-0.33222163,-1.3322216,-8.082222
-6.896223,-0.3962231600000001,-1.1462232,-7.646223,-11.512925464970229
-11.512925464970229,-11.512925464970229,-4.515396,-0.0153962149999999,-8.140396
-4.58961,-0.08961008,-2.58961,-9.96461,-11.512925464970229
-6.4468665,-0.0718664699999999,-2.6968665,-10.446866,-11.512925464970229
-11.512925464970229,-4.534589,-0.0345889259999999,-3.7845888,-11.512925464970229
-11.512925464970229,-11.512925464970229,-7.009955,-0.009955116,-4.759955
-10.879625,-1.5046258,-0.2546258,-6.504626,-11.512925464970229
-11.512925464970229,-11.512925464970229,-7.5306177,-0.0306174899999999,-3.5306175
-11.512925464970229,-11.512925464970229,-9.785456,-0.16045605,-1.9104561
-11.512925464970229,-11.512925464970229,-7.009756,-0.0097558544999999,-4.759756
-2.132278,-0.13227795,-5.257278,-11.512925464970229,-11.512925464970229
-11.512925464970229,-11.512925464970229,-4.2652245,-0.015224473,-7.0152245
-11.512925464970229,-10.90022,-3.77522,-0.0252199489999999,-7.65022
-11.512925464970229,-11.512925464970229,-9.377411,-0.2524113699999999,-1.5024114
-11.512925464970229,-10.414411,-3.2894108,-0.0394109039999999,-6.914411
-11.512925464970229,-4.7965407,-0.0465409529999999,-3.296541,-11.512925464970229
-11.209157,-2.5841568,-0.084156856,-5.334157,-11.512925464970229
-11.512925464970229,-2.8182302,-0.06823004,-5.19323,-11.512925464970229
-11.512925464970229,-3.0637712,-0.06377134,-4.3137712,-11.512925464970229
-11.512925464970229,-11.512925464970229,-7.395082,-0.0200822279999999,-4.020082
-9.631647,-2.6316469,-0.1316469599999999,-3.1316469,-11.256647
-11.512925464970229,-11.512925464970229,-7.7755647,-0.025564656,-3.7755647
-11.512925464970229,-11.512925464970229,-8.407115,-0.032114748,-3.5321147
-11.512925464970229,-11.512925464970229,-5.387013,-0.0120128319999999,-5.262013
-11.512925464970229,-11.512925464970229,-8.161666,-0.16166583,-1.9116658
-11.512925464970229,-11.512925464970229,-9.080814,-0.08081398,-2.580814
-3.7872832,-0.0372832,-4.2872834,-11.037283,-11.512925464970229
-11.512925464970229,-3.3105803,-0.0605801899999999,-3.8105803,-11.512925464970229
-4.91962,-0.16962016,-1.9196202,-8.7946205,-11.512925464970229
-3.9433382,-0.0683381559999999,-3.0683382,-10.318338,-11.512925464970229
-11.512925464970229,-9.22657,-2.3515704,-0.1015704649999999,-8.60157
-11.512925464970229,-11.512925464970229,-9.955313,-0.20531225,-1.7053123
-11.512925464970229,-11.512925464970229,-6.889536,-0.0145357789999999,-4.514536
-7.3578396,-0.98283935,-0.4828393499999999,-5.7328396,-11.512925464970229
-11.512925464970229,-3.561019,-0.06101889,-3.561019,-11.512925464970229
-11.512925464970229,-8.702941,-1.7029408,-0.20294078,-9.077941
-11.512925464970229,-7.0661945,-1.3161945,-0.3161945,-6.5661945
-11.512925464970229,-11.512925464970229,-10.012216,-0.38721517,-1.1372151
-11.512925464970229,-11.512925464970229,-4.036087,-0.0360872669999999,-4.036087
-11.512925464970229,-11.512925464970229,-6.0405,-0.0405001899999999,-3.2905002
-11.512925464970229,-11.512925464970229,-11.25203,-1.5020301,-0.25203016
-11.512925464970229,-11.512925464970229,-11.512925464970229,-4.2645407,-0.0145408349999999
-11.512925464970229,-7.2207932,-3.0957932,-0.095793284,-3.0957932
-11.512925464970229,-11.512925464970229,-11.512925464970229,-3.2882392,-0.038239315
-11.512925464970229,-11.512925464970229,-7.50258,-0.25258029,-1.5025803
-11.512925464970229,-11.512925464970229,-7.7550607,-0.0050608369999999,-5.5050607
-11.512925464970229,-11.512925464970229,-8.503764,-0.0037643322999999,-5.753764
-11.512925464970229,-7.3211794,-0.6961793,-0.6961793,-11.071179
-11.512925464970229,-11.512925464970229,-4.0190315,-0.019031405,-8.269032
-11.512925464970229,-4.713422,-0.08842195,-2.588422,-11.512925464970229
-2.146985,-0.14698505,-4.021985,-10.271985,-11.512925464970229
-8.014034,-1.1390342,-0.3890341500000001,-7.1390343,-11.512925464970229
-11.512925464970229,-6.755957,-0.25595704,-1.505957,-9.880957
-11.004688,-2.1296883,-0.12968837,-7.1296883,-11.512925464970229
-11.512925464970229,-5.322754,-0.32275385,-1.3227539,-8.322754
-11.512925464970229,-5.3830667,-0.1330664599999999,-2.1330664,-10.633066
-6.537555,-0.16255526,-1.9125552,-9.287556,-11.512925464970229
-11.512925464970229,-11.512925464970229,-6.769678,-0.019678116,-4.019678
-0.57841504,-0.82841504,-6.703415,-11.512925464970229,-11.512925464970229
-11.512925464970229,-11.512925464970229,-11.512925464970229,-0.6947459,-0.6947459
-6.0386004,-0.1636003699999999,-1.9136003,-9.4136,-11.512925464970229
-11.512925464970229,-5.3930836,-0.3930837499999999,-1.1430838,-8.018084
-11.512925464970229,-3.5486605,-0.0486606019999999,-4.0486608,-11.512925464970229
-8.100458,-0.47545776,-0.9754578,-8.350458,-11.512925464970229
-11.512925464970229,-5.03029,-0.030289916,-3.78029,-11.512925464970229
-11.512925464970229,-11.1495905,-3.77459,-0.0245900679999999,-7.52459
-8.350937,-0.72593665,-0.72593665,-7.475937,-11.512925464970229
-11.512925464970229,-11.270981,-4.0209804,-0.020980444,-6.5209804
-2.8192925,-0.0692926299999999,-5.0692925,-11.512925464970229,-11.512925464970229
-6.103173,-0.10317293,-2.353173,-10.478173,-11.512925464970229
-6.103173,-0.10317293,-2.353173,-10.478173,-11.512925464970229
-2.5842917,-0.084291644,-5.3342915,-11.512925464970229,-11.512925464970229
-10.142218,-1.1422175,-0.3922175500000001,-6.0172176,-11.512925464970229
-11.512925464970229,-11.512925464970229,-11.512925464970229,-0.25227612,-1.5022762
-5.133806,-0.2588061399999999,-1.5088061,-8.008806,-11.512925464970229
-11.512925464970229,-11.512925464970229,-6.6514397,-0.0264397519999999,-3.7764397
-11.512925464970229,-11.512925464970229,-7.2779593,-0.0279592539999999,-3.7779593
-11.512925464970229,-11.512925464970229,-7.2779593,-0.0279592539999999,-3.7779593
-11.512925464970229,-11.512925464970229,-9.129527,-0.004527554,-5.5045276
-2.8227875,-0.07278763,-4.697788,-11.512925464970229,-11.512925464970229
-11.512925464970229,-11.512925464970229,-8.139941,-0.0149414869999999,-4.2649417
-7.691021,-0.31602088,-1.3160208,-8.691021,-11.512925464970229
-11.512925464970229,-7.210871,-0.08587132,-2.5858712,-11.512925464970229
-11.512925464970229,-11.512925464970229,-4.512131,-0.0121309785,-7.887131
-11.512925464970229,-11.512925464970229,-11.512925464970229,-0.9759403,-0.4759403
-11.512925464970229,-11.512925464970229,-3.5340478,-0.0340478979999999,-8.034048
-11.512925464970229,-9.645506,-1.1455064,-0.3955063799999999,-11.395506
-11.512925464970229,-8.954466,-0.5794656,-0.8294656,-11.454466
-11.512925464970229,-11.512925464970229,-11.16531,-0.16531032,-1.9153104
-11.512925464970229,-11.512925464970229,-9.281741,-0.0317412279999999,-3.5317411
-9.131753,-1.5067525,-0.25675252,-6.1317525,-11.512925464970229
-11.512925464970229,-11.512925464970229,-8.263219,-0.0132185799999999,-4.5132184
-11.512925464970229,-11.512925464970229,-4.5146503,-0.014650204,-6.3896503
-11.512925464970229,-11.512925464970229,-11.512925464970229,-0.69478613,-0.69478613
-11.512925464970229,-9.6922655,-1.3172653,-0.3172652000000001,-9.6922655
-11.512925464970229,-10.134658,-1.5096575,-0.2596575300000001,-9.759658
-11.512925464970229,-8.083806,-0.20880648,-1.7088065,-11.512925464970229
-11.512925464970229,-3.5361385,-0.036138553,-5.2861385,-11.512925464970229
-5.052215,-0.17721522,-2.177215,-8.427216,-11.512925464970229
-11.512925464970229,-11.512925464970229,-8.162668,-0.16266842,-1.9126685
-11.512925464970229,-11.512925464970229,-4.266275,-0.0162747069999999,-6.641275
-11.512925464970229,-11.512925464970229,-10.350212,-0.97521245,-0.4752124499999999
-11.512925464970229,-11.512925464970229,-8.031096,-0.0310960599999999,-3.531096
-11.512925464970229,-11.512925464970229,-7.2809224,-0.0309222429999999,-3.5309222
-11.512925464970229,-10.294015,-3.294015,-0.0440148499999999,-7.044015
-11.512925464970229,-11.512925464970229,-7.0027943,-0.00279418,-6.7527943
-0.038124233,-3.2881243,-9.788124,-11.512925464970229,-11.512925464970229
-11.512925464970229,-11.512925464970229,-8.2620125,-0.012012374,-4.5120125
-10.988116,-2.363116,-0.11311607,-4.6131163,-11.512925464970229
-11.512925464970229,-11.512925464970229,-9.065201,-0.31520045,-1.3152004
-11.512925464970229,-11.512925464970229,-8.800855,-0.0508548899999999,-3.050855
-11.512925464970229,-11.512925464970229,-4.639617,-0.0146169539999999,-5.764617
-11.085775,-2.585775,-0.0857749359999999,-5.460775,-11.512925464970229
-9.542026,-1.9170257,-0.1670257299999999,-5.2920256,-11.512925464970229
-4.918487,-0.16848703,-1.9184871,-8.418487,-11.512925464970229
-11.512925464970229,-5.941769,-0.3167692699999999,-1.3167692,-11.31677
-11.512925464970229,-11.512925464970229,-8.014579,-0.014578774,-4.264579
-5.142364,-0.0173642619999999,-4.517364,-11.512925464970229,-11.512925464970229
-0.3870640399999999,-1.137064,-8.762064,-11.512925464970229,-11.512925464970229
-11.512925464970229,-7.1285257,-1.5035255,-0.2535255,-8.128526
-11.512925464970229,-11.512925464970229,-6.899734,-0.0247338199999999,-3.7747338
-11.512925464970229,-11.512925464970229,-11.350572,-0.10057197,-2.3505719
-7.6382403,-0.3882403400000001,-1.1382403,-7.1382403,-11.512925464970229
-11.512925464970229,-9.201806,-1.7018063,-0.2018063399999999,-9.201806
-11.512925464970229,-11.512925464970229,-5.754835,-0.0048349879999999,-6.504835
-11.512925464970229,-11.512925464970229,-9.799321,-0.0493214649999999,-3.0493214
-11.512925464970229,-9.938813,-1.3138131,-0.3138131199999999,-10.563813
-11.512925464970229,-6.827277,-0.5772773600000001,-0.82727736,-10.202277
-8.451841,-0.82684153,-0.5768415300000002,-7.9518414,-11.512925464970229
-11.512925464970229,-9.924355,-3.0493546,-0.0493544799999999,-9.049355
-6.4031916,-0.0281915349999999,-3.6531916,-11.512925464970229,-11.512925464970229
-11.512925464970229,-7.380915,-1.5059153,-0.2559153,-7.130915
-11.512925464970229,-5.385404,-0.0104038789999999,-5.260404,-11.512925464970229
-11.512925464970229,-8.358903,-2.3589032,-0.10890318,-4.9839034
-6.689041,-0.06404095,-2.814041,-10.314041,-11.512925464970229
-9.362893,-2.362893,-0.1128932239999999,-5.612893,-11.512925464970229
-11.512925464970229,-11.035972,-3.5359712,-0.0359712349999999,-7.785971
-11.512925464970229,-5.1374717,-0.0124718639999999,-5.5124717,-11.512925464970229
-2.1293402,-0.1293401599999999,-6.12934,-11.512925464970229,-11.512925464970229
-11.512925464970229,-9.925868,-3.0508683,-0.0508681569999999,-7.550868
-7.8572254,-0.4822256,-0.9822256,-7.3572254,-11.512925464970229
-11.512925464970229,-11.512925464970229,-5.136017,-0.0110169409999999,-6.511017
-5.0145884,-0.0145885199999999,-4.8895884,-11.512925464970229,-11.512925464970229
-11.512925464970229,-4.7680774,-0.018077249,-4.7680774,-11.512925464970229
-11.260627,-1.5106268,-0.2606268,-6.885627,-11.512925464970229
-8.326924,-0.2019245899999999,-1.7019246,-9.326924,-11.512925464970229
-3.7792804,-0.029280351,-5.15428,-11.512925464970229,-11.512925464970229
-7.8277445,-0.82774436,-0.57774436,-7.8277445,-11.512925464970229
-4.9448404,-0.0698405,-2.8198404,-10.31984,-11.512925464970229
-8.129042,-0.1290417899999999,-2.1290417,-8.879042,-11.512925464970229
-10.913139,-1.913139,-0.1631389999999999,-6.163139,-11.512925464970229
-10.352379,-0.9773786,-0.4773786,-6.227379,-11.512925464970229
-11.512925464970229,-11.512925464970229,-4.02092,-0.020919742,-6.14592
-11.512925464970229,-11.512925464970229,-4.76058,-0.010580118,-6.76058
-4.252931,-0.8779313,-0.6279312999999999,-3.3779314,-6.627931
-11.512925464970229,-4.828429,-0.07842919,-2.8284292,-11.512925464970229
-9.007509,-1.5075097,-0.2575096799999999,-5.3825097,-11.512925464970229
-11.512925464970229,-7.3283234,-0.82832336,-0.5783233600000001,-8.953323
-11.512925464970229,-11.512925464970229,-5.754042,-0.0040419524999999,-7.379042
-11.31422,-1.3142204,-0.3142204,-7.3142204,-11.512925464970229
-2.9399998,-0.064999856,-4.815,-11.512925464970229,-11.512925464970229
-7.9401164,-0.31511652,-1.3151165,-8.065117,-11.512925464970229
-11.512925464970229,-11.512925464970229,-11.512925464970229,-2.5794177,-0.0794176759999999
-11.512925464970229,-11.274462,-3.7744613,-0.0244613009999999,-7.2744613
-11.512925464970229,-11.512925464970229,-7.4140677,-0.0390677199999999,-3.2890677
-11.512925464970229,-11.512925464970229,-7.7260604,-0.1010602,-2.3510602
-11.512925464970229,-11.512925464970229,-8.4294815,-0.0544814949999999,-3.0544815
-11.512925464970229,-7.065999,-0.3159992,-1.3159993,-10.440999
-11.512925464970229,-11.512925464970229,-10.753683,-2.1286826,-0.12868266
-11.512925464970229,-10.6659775,-3.2909775,-0.040977564,-6.5409775
-10.00392,-3.0039198,-0.25391978,-1.7539198,-7.0039196
-11.512925464970229,-5.527545,-1.1525452,-0.40254518,-4.902545
-11.512925464970229,-11.512925464970229,-8.600977,-0.100977,-2.350977
-11.512925464970229,-11.512925464970229,-11.512925464970229,-2.1281323,-0.12813236
-11.512925464970229,-11.512925464970229,-5.630698,-0.0056980493999999,-6.505698
-11.512925464970229,-11.512925464970229,-7.6311545,-0.0061546465999999,-5.2561545
-11.512925464970229,-3.798381,-0.048381124,-3.798381,-11.512925464970229
-11.512925464970229,-7.640622,-1.140622,-0.39062205,-9.265622
-11.512925464970229,-4.4274683,-0.0524684499999999,-3.3024685,-11.512925464970229
-11.512925464970229,-11.512925464970229,-7.2579093,-0.0079094395,-5.0079093
-11.512925464970229,-5.0570655,-0.05706567,-3.0570657,-11.512925464970229
-11.512925464970229,-5.755678,-0.1306781,-2.1306782,-11.512925464970229
-11.512925464970229,-8.703194,-0.8281936,-0.5781936000000001,-10.078194
-11.512925464970229,-10.537635,-1.9126347,-0.16263469,-8.287635
-11.512925464970229,-11.512925464970229,-5.3833485,-0.0083486119999999,-8.883348
-11.512925464970229,-11.512925464970229,-6.2526226,-0.0026227431,-8.877623
-0.03834429,-3.2883444,-8.663344,-11.512925464970229,-11.512925464970229
-11.512925464970229,-11.512925464970229,-3.5309608,-0.03096085,-8.530961
-11.512925464970229,-9.079675,-1.7046748,-0.20467488,-7.5796747
-11.512925464970229,-11.512925464970229,-9.14385,-0.01885057,-4.268851
-11.512925464970229,-11.512925464970229,-2.5816007,-0.0816007299999999,-9.456601
-11.512925464970229,-11.512925464970229,-9.274357,-0.024357295,-3.7743573
-11.512925464970229,-11.512925464970229,-5.2572184,-0.007218142,-6.5072184
-11.512925464970229,-10.504193,-2.1291933,-0.12919329,-10.129193
-3.0556214,-0.055621367,-5.055621,-11.512925464970229,-11.512925464970229
-11.512925464970229,-6.7779927,-1.1529925,-0.4029925499999999,-6.1529927
-11.512925464970229,-11.512925464970229,-8.503648,-0.12864766,-2.1286476
-5.3025775,-0.17757753,-1.9275775,-8.677578,-11.512925464970229
-10.95356,-3.07856,-0.0785600099999999,-3.57856,-11.512925464970229
-11.512925464970229,-11.512925464970229,-5.0338836,-0.033883348,-3.7838833
-11.512925464970229,-11.512925464970229,-11.512925464970229,-1.1373216,-0.3873215999999999
-11.512925464970229,-11.512925464970229,-5.534612,-0.0346123,-3.5346124
-1.9309895,-0.1809895,-3.9309895,-10.305989,-11.512925464970229
-11.512925464970229,-11.512925464970229,-9.576534,-0.8265347,-0.5765347
-11.512925464970229,-11.512925464970229,-8.880434,-0.25543362,-1.5054336
-11.512925464970229,-11.512925464970229,-10.600475,-0.97547525,-0.4754752499999999
-11.512925464970229,-11.512925464970229,-6.017666,-0.01766576,-4.267666
-4.562153,-0.06215298,-3.0621529,-10.812153,-11.512925464970229
-1.7036754,-0.20367543,-6.4536753,-11.512925464970229,-11.512925464970229
-11.512925464970229,-11.512925464970229,-8.27031,-0.0203102729999999,-4.0203104
-6.0209327,-0.1459325399999999,-2.1459324,-8.895932,-11.512925464970229
-11.512925464970229,-1.70473,-0.20472997,-6.20473,-11.512925464970229
-6.7055483,-0.2055483499999999,-1.7055483,-8.455548,-11.512925464970229
-7.414247,-0.039247245,-3.2892473,-11.0392475,-11.512925464970229
-8.979197,-0.97919697,-0.47919697,-8.604197,-11.512925464970229
-3.7797127,-0.0297126529999999,-5.4047127,-11.512925464970229,-11.512925464970229
-7.3292828,-0.8292825999999999,-0.5792826,-6.8292828,-11.512925464970229
-11.512925464970229,-11.512925464970229,-5.009913,-0.009913091,-6.384913
-2.586976,-0.0869760659999999,-4.836976,-11.512925464970229,-11.512925464970229
-8.104047,-0.97904646,-0.4790464999999999,-7.1040463,-11.512925464970229
-11.512925464970229,-6.957952,-0.20795216,-1.7079521,-11.3329525
-11.512925464970229,-6.957952,-0.20795216,-1.7079521,-11.3329525
-11.512925464970229,-4.773106,-0.023106296,-4.273106,-11.512925464970229
-7.128511,-0.12851107,-2.128511,-9.378511,-11.512925464970229
-11.512925464970229,-4.9899178,-0.1149175539999999,-2.3649175,-11.512925464970229
-10.2631645,-2.138165,-0.13816491,-5.638165,-11.512925464970229
-1.9164057,-0.1664056799999999,-5.1664057,-11.512925464970229,-11.512925464970229
-11.512925464970229,-11.275181,-3.7751808,-0.025180893,-7.025181
-5.7064013,-0.20640153,-1.7064016,-8.081402,-11.512925464970229
-9.766461,-1.5164615,-0.2664615000000001,-4.2664614,-11.512925464970229
-2.5816224,-0.081622265,-5.956622,-11.512925464970229,-11.512925464970229
-11.512925464970229,-11.512925464970229,-5.6327825,-0.0077825271999999,-6.0077825
-11.436071,-3.0610716,-0.061071716,-4.686072,-11.512925464970229
-9.83402,-2.8340194,-0.084019534,-3.8340194,-11.45902
-0.5780921999999998,-0.8280922,-6.453092,-11.512925464970229,-11.512925464970229
-10.82252,-2.8225205,-0.0725205799999999,-4.5725207,-11.512925464970229
-5.7064013,-0.20640153,-1.7064016,-8.081402,-11.512925464970229
-11.512925464970229,-11.512925464970229,-5.632798,-0.007798376,-5.507798
-11.512925464970229,-6.005118,-0.1301176799999999,-2.1301177,-11.512925464970229
-8.953947,-0.8289474,-0.5789474000000001,-6.3289475,-11.512925464970229
-1.3164452,-0.3164452300000001,-5.9414454,-11.512925464970229,-11.512925464970229
-4.7355003,-0.1105001049999999,-2.3605,-8.6105,-11.512925464970229
-7.0285406,-0.1535407899999999,-2.0285408,-9.278541,-11.512925464970229
-11.512925464970229,-9.002408,-1.5024085,-0.25240847,-9.002408
-11.512925464970229,-11.512925464970229,-11.512925464970229,-0.2018341,-1.7018341
-11.512925464970229,-11.512925464970229,-5.507424,-0.007423703,-5.757424
-11.512925464970229,-8.850076,-0.9750755,-0.47507548,-10.725076
-11.512925464970229,-11.512925464970229,-4.018446,-0.018445836,-8.893446
-11.512925464970229,-8.503588,-1.5035881,-0.2535881,-9.003588
-11.512925464970229,-11.512925464970229,-9.13953,-0.0145306109999999,-4.2645307
-6.8792944,-0.2542945,-1.5042945,-8.754294,-11.512925464970229
-11.512925464970229,-11.512925464970229,-8.643453,-0.0184526239999999,-4.0184526
-11.512925464970229,-11.512925464970229,-4.7595315,-0.009531411,-7.3845315
-11.512925464970229,-11.512925464970229,-5.754317,-0.0043168915,-7.254317
-11.512925464970229,-11.512925464970229,-11.502904,-0.0029040163,-5.877904
-11.512925464970229,-11.512925464970229,-4.5121565,-0.0121562839999999,-8.5121565
-11.512925464970229,-11.512925464970229,-4.2652316,-0.015231402,-7.1402316
-5.5402126,-0.16521281,-1.9152129,-8.790213,-11.512925464970229
-9.603382,-1.3533822,-0.3533822599999999,-6.103382,-11.512925464970229
-11.512925464970229,-11.512925464970229,-5.2655206,-0.0155204209999999,-7.5155206
-11.512925464970229,-9.023011,-1.1480117,-0.39801165,-11.148011
-11.512925464970229,-11.512925464970229,-5.6310053,-0.0060052327,-8.506005
-11.512925464970229,-11.512925464970229,-8.128603,-0.0036030364999999,-7.628603
-11.512925464970229,-11.512925464970229,-4.6410265,-0.016026508,-7.8910265
-11.512925464970229,-11.512302,-4.887303,-0.0123027805,-7.387303
-11.512925464970229,-11.512925464970229,-5.75444,-0.0044396129999999,-9.379439
-0.3886203,-1.1386203,-7.2636204,-11.512925464970229,-11.512925464970229
-4.6901274,-0.06512731,-2.9401274,-11.065127,-11.512925464970229
-11.512925464970229,-11.512925464970229,-3.2948375,-0.044837546,-8.169838
-11.512925464970229,-11.512925464970229,-4.03281,-0.0328100319999999,-7.40781
-11.512925464970229,-5.8969646,-0.0219644029999999,-4.0219646,-11.512925464970229
-11.512925464970229,-11.512925464970229,-4.0227923,-0.02279242,-7.3977923
-11.076616,-0.82661635,-0.5766163499999999,-7.7016163,-11.512925464970229
-4.9472284,-0.07222829,-2.8222282,-9.697228,-11.512925464970229
-1.9160581,-0.1660580999999999,-5.541058,-11.512925464970229,-11.512925464970229
-11.512925464970229,-11.512925464970229,-8.285153,-0.035153154,-3.5351532
-11.512925464970229,-11.512925464970229,-6.024163,-0.0241629739999999,-4.024163
-11.512925464970229,-9.720815,-1.7208143,-0.2208142999999999,-8.345815
-11.200858,-2.8258579,-0.07585787,-6.2008576,-11.512925464970229
-11.512925464970229,-11.512925464970229,-5.909431,-0.0344311599999999,-3.7844312
-11.512925464970229,-6.1039944,-0.4789941599999999,-0.97899413,-9.103994
-11.512925464970229,-11.512925464970229,-5.8814626,-0.0064627629999999,-5.7564626
-0.0791616439999999,-2.5791616,-9.454162,-11.512925464970229,-11.512925464970229
-11.512925464970229,-11.512925464970229,-5.6428943,-0.0178941279999999,-4.2678943
-5.5839205,-0.0839206699999999,-2.5839207,-10.9589205,-11.512925464970229
-11.512925464970229,-11.512925464970229,-8.533462,-0.033461608,-3.5334616
-11.512925464970229,-9.327149,-0.5771493299999999,-0.82714933,-11.512925464970229
-11.512925464970229,-5.0463758,-0.0463759559999999,-3.296376,-11.512925464970229
-7.627702,-0.25270233,-1.5027024,-10.377703,-11.512925464970229
-10.328987,-1.7039872,-0.20398724,-6.328987,-11.512925464970229
-8.567405,-0.3174044999999999,-1.3174045,-9.692405,-11.512925464970229
-11.512925464970229,-7.475255,-0.4752548,-0.9752548,-10.850255
-11.512925464970229,-11.512925464970229,-5.0141907,-0.014190769,-5.0141907
-11.512925464970229,-4.951975,-0.7019747,-0.7019747,-8.076975
-11.512925464970229,-11.512925464970229,-4.268205,-0.018205192,-5.768205
-10.819742,-0.6947423,-0.6947423,-6.694742,-11.512925464970229
-11.512925464970229,-11.512925464970229,-9.627106,-0.25210586,-1.5021058
-11.512925464970229,-11.512925464970229,-11.512925464970229,-3.0491254,-0.0491253619999999
-11.512925464970229,-10.002304,-2.1273046,-0.12730445,-10.377304
-11.512925464970229,-11.512925464970229,-5.0108733,-0.0108733159999999,-6.0108733
-11.512925464970229,-11.512925464970229,-9.826659,-0.5766591999999999,-0.8266592
-11.512925464970229,-11.512925464970229,-9.826659,-0.5766591999999999,-0.8266592
-10.077373,-0.5773724300000002,-0.82737243,-6.8273726,-11.512925464970229
-11.512925464970229,-5.085037,-0.5850374,-0.8350374,-8.335037
-10.503696,-1.5036962,-0.2536961699999999,-6.753696,-11.512925464970229
-11.512925464970229,-11.512925464970229,-5.753847,-0.0038471056999999,-7.628847
-11.512925464970229,-5.436253,-0.061253037,-3.186253,-11.512925464970229
-11.512925464970229,-11.512925464970229,-9.6557045,-0.0307048969999999,-3.530705
-11.512925464970229,-11.512925464970229,-8.881185,-0.0061843874999999,-5.2561846
-11.512925464970229,-11.512925464970229,-9.005989,-0.0059888776999999,-5.255989
-11.512925464970229,-11.512925464970229,-4.264922,-0.014922225,-9.264922
-11.512925464970229,-11.512925464970229,-5.3808765,-0.0058765295,-7.7558765
-11.512925464970229,-11.512925464970229,-9.382514,-0.0075136307,-5.0075135
-11.512925464970229,-11.512925464970229,-9.913975,-0.0389747429999999,-3.2889748
-11.512925464970229,-11.512925464970229,-9.4106655,-0.1606653,-1.9106653
-11.512925464970229,-11.512925464970229,-9.476248,-0.101247445,-2.3512475
-11.512925464970229,-11.512925464970229,-9.5093155,-0.009315304,-4.7593155
-11.512925464970229,-11.512925464970229,-11.512925464970229,-0.20228507,-1.702285
-11.512925464970229,-11.512925464970229,-11.512925464970229,-0.0801438,-2.5801437
-11.512925464970229,-4.667718,-0.0427178999999999,-3.542718,-11.512925464970229
-11.512925464970229,-11.418433,-3.5434337,-0.0434335949999999,-6.5434337
-11.512925464970229,-11.512925464970229,-5.2562113,-0.0062112743,-8.756211
-4.8912206,-0.0162206459999999,-4.7662206,-11.512925464970229,-11.512925464970229
-5.731359,-0.4813591999999999,-0.98135924,-7.231359,-11.512925464970229
-11.512925464970229,-4.4091873,-0.03418719,-4.1591873,-11.512925464970229
-11.512925464970229,-11.512925464970229,-7.1409793,-0.0159791219999999,-4.2659793
-9.8195505,-0.6945502,-0.6945502,-7.19455,-11.512925464970229
-11.512925464970229,-7.764555,-1.1395547,-0.38955474,-9.639555
-11.512925464970229,-5.465282,-0.840282,-0.5902819999999999,-6.965282
-11.512925464970229,-11.512925464970229,-4.759718,-0.0097178565,-7.509718
-3.1106908,-0.110690944,-2.8606908,-9.235691,-11.512925464970229
-11.512925464970229,-11.512925464970229,-4.5127687,-0.0127688524999999,-6.5127687
-11.512925464970229,-3.5413787,-0.0413786499999999,-4.5413785,-11.512925464970229
-11.512925464970229,-8.610186,-2.3601854,-0.11018539,-6.2351856
-11.512925464970229,-2.3567517,-0.10675177,-5.106752,-11.512925464970229
-11.512925464970229,-5.977741,-0.47774065,-0.97774065,-9.85274
-11.512925464970229,-3.543562,-0.043561876,-4.543562,-11.512925464970229
-11.512925464970229,-4.9329324,-0.0579325039999999,-3.0579326,-11.512925464970229
-0.9817531,-0.4817530999999999,-6.4817533,-11.512925464970229,-11.512925464970229
-11.512925464970229,-11.512925464970229,-7.263069,-0.0130689319999999,-4.513069
-11.512925464970229,-3.0551481,-0.0551481059999999,-5.555148,-11.512925464970229
-11.512925464970229,-8.976058,-2.3510585,-0.1010584699999999,-8.226058
-11.512925464970229,-10.03355,-3.5335505,-0.0335504859999999,-6.9085503
-11.512925464970229,-10.520279,-4.0202785,-0.020278621,-6.6452785
-11.512925464970229,-11.045038,-3.2950382,-0.0450382339999999,-5.795038
-11.512925464970229,-10.127901,-2.1279008,-0.12790078,-9.002901
-0.31444964,-1.3144497,-7.68945,-11.512925464970229,-11.512925464970229
-10.440073,-1.315073,-0.315073,-6.690073,-11.512925464970229
-11.261053,-1.5110526,-0.2610526399999999,-6.5110526,-11.512925464970229
-11.512925464970229,-11.275352,-3.775351,-0.025351059,-6.650351
-11.512925464970229,-11.512925464970229,-7.1340322,-0.00903228,-4.8840322
-11.512925464970229,-6.879484,-0.12948418,-2.1294842,-11.512925464970229
-2.609319,-0.10931887,-3.609319,-10.859319,-11.512925464970229
-11.512925464970229,-5.0343323,-0.0343322099999999,-3.7843323,-11.512925464970229
-1.5042868,-0.25428677,-6.129287,-11.512925464970229,-11.512925464970229
-11.512925464970229,-4.9829006,-0.4829004,-0.9829004,-9.107901
-10.351141,-2.8511407,-0.1011407899999999,-3.3511407,-11.512925464970229
-11.512925464970229,-5.086027,-0.0860269899999999,-2.586027,-11.512925464970229
-11.512925464970229,-5.831114,-0.5811139300000001,-0.83111393,-8.956114
-11.512925464970229,-5.3552494,-0.4802495799999999,-0.9802496,-10.230249
-11.512925464970229,-2.5877595,-0.0877595999999999,-5.2127595,-11.512925464970229
-11.512925464970229,-3.3259606,-0.07596062,-3.3259606,-11.512925464970229
-5.5403466,-0.1653464,-1.9153464,-7.9153466,-11.512925464970229
-11.512925464970229,-11.512925464970229,-11.023489,-0.023488764,-3.7734888
-11.512925464970229,-5.293464,-0.16846426,-1.9184643,-10.543465
-11.512925464970229,-3.7960951,-0.046095043,-3.7960951,-11.512925464970229
-11.512925464970229,-10.188672,-2.813672,-0.0636720059999999,-10.563672
-11.512925464970229,-3.3259869,-0.0759868099999999,-3.3259869,-11.512925464970229
-4.637657,-0.13765739,-2.1376574,-9.762657,-11.512925464970229
-11.512925464970229,-4.9182982,-0.1682981599999999,-1.9182981,-11.512925464970229
-2.9419723,-0.0669723599999999,-5.0669723,-11.512925464970229,-11.512925464970229
-9.835445,-0.5854456,-0.8354456,-5.5854454,-11.512925464970229
-9.506375,-1.5063752,-0.2563751999999999,-7.0063753,-11.512925464970229
-5.5296965,-0.0296964599999999,-3.7796965,-11.029696,-11.512925464970229
-9.96281,-0.8378093,-0.5878093,-5.2128096,-11.512925464970229
-11.512925464970229,-2.132612,-0.1326121,-6.007612,-11.512925464970229
-11.512925464970229,-4.0739937,-0.07399392,-3.073994,-11.512925464970229
-11.512925464970229,-11.390574,-4.5155745,-0.015574293,-7.0155745
-0.38852865,-1.1385286,-7.513529,-11.512925464970229,-11.512925464970229
-11.512925464970229,-3.6741748,-0.04917473,-4.049175,-11.512925464970229
-11.512925464970229,-5.0614157,-0.0614158299999999,-3.061416,-11.512925464970229
-11.512925464970229,-8.45386,-0.5788606399999999,-0.82886064,-9.57886
-9.476615,-0.97661525,-0.47661525,-7.6016154,-11.512925464970229
-9.835693,-0.7106936000000001,-0.7106936000000001,-5.2106934,-11.512925464970229
-0.12908077,-2.1290808,-8.504081,-11.512925464970229,-11.512925464970229
-5.0619135,-0.1869137,-1.9369137,-8.5619135,-11.512925464970229
-1.5140259,-0.2640259,-5.2640257,-10.764026,-11.512925464970229
-11.512925464970229,-11.512925464970229,-8.149249,-0.024248965,-3.774249
-8.200985,-1.3259847,-0.3259847,-5.4509845,-11.512925464970229
-11.512925464970229,-5.979755,-0.1047550799999999,-2.3547552,-11.104755
-11.512925464970229,-11.512925464970229,-6.8766484,-0.0016485184999999,-7.6266484
-11.512925464970229,-11.512925464970229,-8.773732,-0.023732567,-3.7737327
-11.512925464970229,-11.512925464970229,-9.037021,-0.16202113,-1.9120212
-11.512925464970229,-11.512925464970229,-7.012335,-0.0123347,-4.512335
-0.0052778726,-5.255278,-11.130278,-11.512925464970229,-11.512925464970229
-11.512925464970229,-11.512925464970229,-4.513223,-0.0132230529999999,-6.263223
-9.634423,-2.1344235,-0.1344235,-5.3844233,-11.512925464970229
-11.512925464970229,-11.512925464970229,-8.51915,-0.019149644,-4.01915
-11.512925464970229,-11.512925464970229,-6.506922,-0.0069219847,-5.256922
-11.512925464970229,-11.512925464970229,-7.004954,-0.00495397,-5.629954
-11.512925464970229,-6.5049524,-0.1299526199999999,-2.1299527,-11.512925464970229
-11.512925464970229,-5.0697155,-0.06971566,-2.8197157,-11.512925464970229
-7.5706515,-0.3206513499999999,-1.3206513,-8.445651,-11.512925464970229
-11.512925464970229,-7.260407,-1.5104067,-0.2604068,-8.7604065
-9.50309,-3.12809,-0.12808998,-2.62809,-11.00309
-8.381711,-1.5067114,-0.25671136,-5.8817115,-11.512925464970229
-11.437076,-3.3120751,-0.062075235,-3.8120751,-11.512925464970229
-11.512925464970229,-4.4898486,-0.1148488,-2.3648489,-10.364849
-8.206257,-0.8312568999999999,-0.5812569,-6.706257,-11.512925464970229
-11.512925464970229,-11.512925464970229,-11.453473,-0.2034732399999999,-1.7034732
-2.1535428,-0.1535428499999999,-3.6535428,-9.7785425,-11.512925464970229
-11.512925464970229,-11.512925464970229,-11.512925464970229,-0.06499271,-2.8149927
-4.8996863,-0.3996863,-1.1496863,-7.2746863,-11.512925464970229
-11.512925464970229,-11.512925464970229,-4.7644334,-0.014433556,-5.2644334
-11.512925464970229,-11.512925464970229,-6.879183,-0.0041826329999999,-5.879183
-11.512925464970229,-11.512925464970229,-8.039061,-0.039060727,-3.2890608
-11.512925464970229,-11.512925464970229,-7.520374,-0.0203737019999999,-4.020374
-11.512925464970229,-11.512925464970229,-8.64481,-0.019809723,-4.0198097
-11.512925464970229,-2.027045,-0.15204509,-7.2770452,-11.512925464970229
-11.512925464970229,-8.203848,-0.578848,-0.828848,-10.703848
-11.512925464970229,-11.512925464970229,-6.63109,-0.0060900697,-5.63109
-11.512925464970229,-11.512925464970229,-5.7550144,-0.005014225,-6.5050144
-11.512925464970229,-9.578098,-1.7030988,-0.20309873,-8.453098
-11.512925464970229,-8.229762,-0.4797620799999999,-0.9797621,-10.604762
-11.512925464970229,-11.282344,-3.5323436,-0.0323435199999999,-6.6573434
-11.512925464970229,-11.512925464970229,-5.3852186,-0.0102183979999999,-5.2602186
-10.001096,-1.251096,-0.501096,-2.251096,-7.001096
-11.512925464970229,-11.512925464970229,-5.0086136,-0.008613515,-6.3836136
-11.512925464970229,-10.563564,-2.813564,-0.06356395,-7.438564
-11.512925464970229,-11.512925464970229,-4.5130324,-0.013032463,-8.138033
-11.512925464970229,-11.512925464970229,-6.7516165,-0.0016163811999999,-8.2516165
-11.512925464970229,-9.081631,-0.8316312,-0.5816312,-9.956631
-11.512925464970229,-6.879314,-0.12931386,-2.129314,-11.512925464970229
-11.512925464970229,-4.8373184,-0.0873183699999999,-2.5873184,-11.512925464970229
-8.599947,-0.4749467,-0.97494674,-8.224947,-11.512925464970229
-11.512925464970229,-6.7294936,-0.47949353,-0.9794935,-11.512925464970229
-11.512925464970229,-10.543142,-3.2931426,-0.0431424859999999,-6.7931423
-11.512925464970229,-9.580027,-2.5800264,-0.080026396,-8.455027
-11.512925464970229,-11.512925464970229,-3.0513365,-0.05133642,-10.051336
-11.512925464970229,-7.579877,-0.57987684,-0.82987684,-10.704877
-11.512925464970229,-9.606176,-2.3561766,-0.106176704,-7.606177
-11.512925464970229,-11.512925464970229,-5.009011,-0.009010776,-9.25901
-1.5039008,-0.2539008299999999,-6.378901,-11.512925464970229,-11.512925464970229
-11.512925464970229,-6.8255534,-0.7005536,-0.7005536,-10.950554
-10.331463,-1.7064629,-0.20646292,-5.581463,-11.512925464970229
-11.512925464970229,-10.427938,-3.0529387,-0.0529387999999999,-7.052939
-11.512925464970229,-11.512925464970229,-6.7523746,-0.0023744619,-7.6273746
-11.512925464970229,-7.2328224,-0.98282254,-0.4828225,-8.607822
-11.512925464970229,-3.7838087,-0.0338087899999999,-4.7838087,-11.512925464970229
-11.470513,-2.5955136,-0.09551355,-4.2205133,-11.512925464970229
-11.512925464970229,-5.664129,-0.1641286,-1.9141285,-11.512925464970229
-11.512925464970229,-11.512925464970229,-3.5316374,-0.031637408,-8.406637
-11.512925464970229,-11.512925464970229,-5.7557883,-0.0057881273999999,-6.1307883
-5.3554554,-0.4804556,-0.98045564,-7.4804554,-11.512925464970229
-11.512925464970229,-11.512925464970229,-4.265246,-0.015245844,-7.015246
-11.512925464970229,-11.512925464970229,-6.129007,-0.0040069269999999,-6.629007
-11.512925464970229,-11.512925464970229,-8.2885475,-0.0385475699999999,-3.2885475
-11.512925464970229,-11.512925464970229,-8.003107,-0.003106773,-6.0031066
-7.064716,-0.3147159499999999,-1.314716,-7.689716,-11.512925464970229
-11.512925464970229,-5.52746,-0.0274600849999999,-3.77746,-11.512925464970229
-11.512925464970229,-11.512925464970229,-6.253963,-0.0039632282999999,-6.628963
-11.512925464970229,-11.512925464970229,-8.515268,-0.0152683799999999,-4.2652683
-11.512925464970229,-11.512925464970229,-11.512925464970229,-0.25214162,-1.5021416
-11.512925464970229,-11.512925464970229,-4.0185943,-0.0185941119999999,-9.643594
-11.512925464970229,-2.1280262,-0.12802622,-6.878026,-11.512925464970229
-11.512925464970229,-9.502922,-2.1279218,-0.1279218499999999,-9.127922
-6.973433,-0.7234329,-0.7234329,-6.723433,-11.512925464970229
-11.512925464970229,-11.512925464970229,-7.752437,-0.12743711,-2.127437
-11.512925464970229,-11.512925464970229,-9.377172,-0.25217295,-1.502173
-11.512925464970229,-11.512925464970229,-10.70413,-2.5791304,-0.0791303699999999
-11.512925464970229,-8.099639,-0.97463924,-0.47463924,-9.349639
-11.512925464970229,-11.512925464970229,-7.0130215,-0.3880213800000001,-1.1380213
-11.512925464970229,-11.512925464970229,-11.512925464970229,-4.0181923,-0.0181924349999999
-11.512925464970229,-11.512925464970229,-6.7588816,-0.008881757,-4.8838816
-0.0013328596,-6.6263328,-11.512925464970229,-11.512925464970229,-11.512925464970229
-11.512925464970229,-11.512925464970229,-6.752205,-0.0022048552,-7.002205
-11.512925464970229,-11.512925464970229,-8.75281,-0.12780939,-2.1278093
-11.512925464970229,-11.512925464970229,-10.438448,-1.3134475,-0.3134474999999999
-11.512925464970229,-11.512925464970229,-4.5116024,-0.0116023915,-8.136602
-11.512925464970229,-7.6381073,-0.3881071799999999,-1.1381072,-8.513107
-6.690865,-0.3158649499999999,-1.3158649,-7.940865,-11.512925464970229
-11.512925464970229,-10.536562,-1.9115622,-0.16156219,-10.661562
-4.1791134,-0.0541135199999999,-3.3041136,-10.679113,-11.512925464970229
-7.8190403,-0.6940402,-0.6940402,-8.44404,-11.512925464970229
-11.512925464970229,-11.512925464970229,-4.5148973,-0.0148973379999999,-5.7648973
-6.264604,-0.3896042999999999,-1.1396043,-8.014605,-11.512925464970229
-11.512925464970229,-11.503055,-2.1280546,-0.12805463,-7.6280546
-4.6602097,-0.0352096629999999,-3.7852097,-11.512925464970229,-11.512925464970229
-6.3802342,-0.1302340599999999,-2.130234,-9.380234,-11.512925464970229
-11.512925464970229,-11.512925464970229,-10.1486635,-0.023663877,-3.7736638
-0.0488762099999999,-3.0488763,-8.798876,-11.512925464970229,-11.512925464970229
-11.512925464970229,-11.512925464970229,-4.271167,-0.021166865,-5.021167
-9.16411,-1.9141103,-0.16411029,-6.41411,-11.512925464970229
-11.512925464970229,-11.512925464970229,-7.13475,-0.0097497149999999,-4.75975
-11.512925464970229,-8.956443,-1.7064425,-0.20644245,-11.512925464970229
-7.849784,-0.4747841400000001,-0.97478414,-8.974784,-11.512925464970229
-11.512925464970229,-11.512925464970229,-3.7747355,-0.0247355629999999,-7.1497355
-8.455677,-1.7056768,-0.20567682,-5.830677,-11.512925464970229
-11.512925464970229,-6.7984576,-0.1734578,-1.9234579,-11.512925464970229
-9.4523945,-0.8273949,-0.5773948999999999,-7.452395,-11.512925464970229
-11.512925464970229,-4.157717,-0.032717045,-4.157717,-11.512925464970229
-5.4451647,-0.07016484,-2.820165,-10.820165,-11.512925464970229
-10.255328,-1.5053279,-0.25532788,-6.7553277,-11.512925464970229
-11.512925464970229,-9.834623,-1.7096231,-0.2096230499999999,-8.834623
-11.512925464970229,-5.607611,-0.1076110899999999,-2.3576112,-11.512925464970229
-11.512925464970229,-11.512925464970229,-11.380545,-0.0055446469999999,-5.3805447
-11.512925464970229,-11.512925464970229,-6.1281223,-0.0031221022,-7.8781223
-11.512925464970229,-11.512925464970229,-10.879751,-0.0047507459999999,-5.8797507
-11.512925464970229,-5.4303527,-0.0553525049999999,-3.0553524,-11.512925464970229
-11.512925464970229,-9.7280035,-2.3530035,-0.1030034649999999,-8.7280035
-11.512925464970229,-10.285417,-1.9104164,-0.16041635,-11.410417
-11.512925464970229,-11.512925464970229,-3.291775,-0.041774895,-8.291775
-10.689056,-1.3140564,-0.3140564599999999,-7.4390564,-11.512925464970229
-10.458716,-1.7087165,-0.2087165299999999,-5.8337164,-11.512925464970229
-11.512925464970229,-11.512925464970229,-6.5039186,-0.0039188187,-6.2539186
-11.512925464970229,-11.512925464970229,-4.5146246,-0.01462483,-5.8896246
-11.512925464970229,-7.879526,-1.5045261,-0.25452608,-7.254526
-11.512925464970229,-11.512925464970229,-3.5321732,-0.03217305,-7.532173
-11.512925464970229,-11.512925464970229,-6.2802477,-0.030247584,-3.7802477
-11.512925464970229,-3.0730739,-0.073073775,-3.8230739,-11.512925464970229
-11.512925464970229,-11.512925464970229,-9.037459,-0.16245979,-1.9124599
-11.512925464970229,-11.512925464970229,-11.512925464970229,-0.6957795,-0.6957795
-8.584072,-1.3340718,-0.3340718,-3.9590719,-10.584072
-11.512925464970229,-11.512925464970229,-11.512925464970229,-0.062950954,-2.8129508
-11.512925464970229,-11.512925464970229,-8.208449,-0.08344955,-2.5834496
-11.512925464970229,-11.512925464970229,-8.208449,-0.08344955,-2.5834496
-11.512925464970229,-11.512925464970229,-9.2553425,-0.005342855,-5.505343
-8.587933,-1.7129331,-0.2129329999999999,-4.837933,-11.512925464970229
-11.512925464970229,-11.512925464970229,-4.2656684,-0.015668297,-7.1406684
-11.512925464970229,-11.512925464970229,-7.0032716,-0.0032713565,-6.8782716
-10.256782,-1.5067817,-0.2567816700000001,-7.5067816,-11.512925464970229
-11.512925464970229,-11.512925464970229,-7.6611743,-0.16117425,-1.9111743
-11.512925464970229,-11.512925464970229,-9.326549,-0.5765484,-0.8265484
-11.512925464970229,-11.512925464970229,-4.639973,-0.0149729619999999,-5.514973
-11.512925464970229,-11.512925464970229,-8.20309,-0.2030896499999999,-1.7030897
-11.512925464970229,-11.512925464970229,-7.2571073,-0.0071074785999999,-5.2571073
-11.512925464970229,-5.574612,-0.69961226,-0.69961226,-6.699612
-11.512925464970229,-9.724644,-0.9746433,-0.4746433,-9.599644
-7.0239244,-1.5239244,-0.27392432,-3.8989244,-11.512925464970229
-11.512925464970229,-7.601391,-0.1013907049999999,-2.3513906,-10.726391
-8.219505,-1.7195058,-0.2195057699999999,-4.469506,-10.344505
-11.512925464970229,-11.512925464970229,-9.413424,-0.16342384,-1.9134238
-11.512925464970229,-11.512925464970229,-11.512925464970229,-0.3138031,-1.3138031
-11.512925464970229,-10.193303,-1.3183031,-0.31830305,-10.068303
-11.512925464970229,-6.9557686,-0.0807683539999999,-2.5807683,-11.512925464970229
-11.512925464970229,-2.583918,-0.08391815,-5.458918,-11.512925464970229
-11.512925464970229,-2.5827389,-0.08273888,-5.957739,-11.512925464970229
-11.512925464970229,-10.668511,-3.2935116,-0.043511655,-5.793512
-11.512925464970229,-11.512925464970229,-5.2575326,-0.0075324442999999,-6.5075326
-11.512925464970229,-11.512925464970229,-7.812901,-0.062901035,-2.812901
-9.416145,-1.9161451,-0.1661450299999999,-5.291145,-11.512925464970229
-11.512925464970229,-3.6900563,-0.1900564299999999,-1.9400564,-9.940057
-11.512925464970229,-11.512925464970229,-9.391532,-0.3915323999999999,-1.1415324
-11.512925464970229,-11.512925464970229,-6.6407657,-0.0157656929999999,-4.2657657
-5.9573064,-0.0823064,-2.5823064,-9.707307,-11.512925464970229
-11.512925464970229,-11.512925464970229,-7.0071745,-0.0071745943,-5.2571745
-11.512925464970229,-5.713885,-0.5888849999999999,-0.838885,-7.463885
-11.512925464970229,-11.512925464970229,-11.190104,-1.3151035,-0.31510356
-11.512925464970229,-11.512925464970229,-11.512925464970229,-0.049199246,-3.0491993
-10.143885,-2.1438851,-0.14388506,-5.143885,-11.512925464970229
-11.512925464970229,-5.305199,-0.0551989819999999,-3.055199,-11.512925464970229
-9.171037,-1.9210365,-0.17103644,-4.7960362,-11.512925464970229
-11.512925464970229,-4.3033566,-0.0533567069999999,-3.3033566,-11.512925464970229
-11.181617,-3.3066168,-0.0566168759999999,-4.181617,-11.512925464970229
-11.512925464970229,-6.821372,-0.6963719,-0.6963719,-9.821372
-11.512925464970229,-8.75272,-2.1277204,-0.1277203299999999,-8.75272
-11.512925464970229,-7.330302,-0.0803016899999999,-2.5803018,-11.512925464970229
-11.512925464970229,-11.512925464970229,-6.380057,-0.00505681,-5.755057
-11.512925464970229,-11.512925464970229,-9.036808,-0.16180812,-1.9118081
-11.512925464970229,-5.9089503,-0.033950534,-3.5339506,-11.512925464970229
-4.425882,-0.0508819739999999,-3.3008819,-9.425882,-11.512925464970229
-11.512925464970229,-11.512925464970229,-11.457239,-0.08223909,-2.5822392
-11.512925464970229,-11.512925464970229,-4.266223,-0.0162228769999999,-6.391223
-11.512925464970229,-11.512925464970229,-6.885442,-0.010441755,-4.760442
-11.512925464970229,-10.95472,-2.5797198,-0.079719774,-8.82972
-11.512925464970229,-4.44275,-0.0677500199999999,-3.06775,-11.512925464970229
-11.512925464970229,-5.0370684,-0.0370684149999999,-3.5370684,-11.512925464970229
-11.512925464970229,-3.2946095,-0.0446095649999999,-5.4196095,-11.512925464970229
-5.020274,-0.27027425,-1.5202743,-7.395274,-11.512925464970229
-11.512925464970229,-4.0664864,-0.0664863699999999,-3.0664864,-11.512925464970229
-11.512925464970229,-11.512925464970229,-3.7778275,-0.0278274499999999,-5.7778273
-11.512925464970229,-7.192041,-1.3170409,-0.31704098,-6.192041
-11.512925464970229,-8.007503,-0.2575023799999999,-1.5075023,-11.512925464970229
-11.451764,-0.5767639,-0.8267639,-7.951764,-11.512925464970229
-11.512925464970229,-11.512925464970229,-9.280043,-0.0300430839999999,-3.5300431
-11.512925464970229,-11.512925464970229,-11.512925464970229,-0.06219332,-2.8121934
-3.8609397,-0.6109397000000001,-0.8609397,-4.3609395,-8.23594
-11.512925464970229,-11.512925464970229,-5.6399913,-0.0149913969999999,-4.5149913
-11.512925464970229,-11.512925464970229,-7.5061636,-0.0061637665999999,-5.2561636
-11.512925464970229,-11.512925464970229,-6.378656,-0.0036561262999999,-6.628656
-11.512925464970229,-4.4356503,-0.0606504099999999,-3.0606503,-11.512925464970229
-11.512925464970229,-7.7540708,-0.1290709399999999,-2.129071,-11.512925464970229
-11.512925464970229,-5.4031405,-0.028140662,-3.7781405,-11.512925464970229
-11.512925464970229,-4.3636017,-0.11360163,-2.3636017,-11.512925464970229
-11.512925464970229,-5.258484,-0.13348399,-2.133484,-11.512925464970229
-11.512925464970229,-11.512925464970229,-4.8847003,-0.0097002599999999,-6.2597003
-11.512925464970229,-11.512925464970229,-5.889306,-0.01430618,-4.514306
-11.512925464970229,-11.512925464970229,-5.015299,-0.0152990185,-5.015299
-11.512925464970229,-11.512925464970229,-7.927009,-0.05200909,-3.052009
-11.512925464970229,-11.512925464970229,-5.2630973,-0.01309742,-4.8880973
-10.54061,-1.9156107,-0.1656106899999999,-5.665611,-11.512925464970229
-11.512925464970229,-11.512925464970229,-8.269726,-0.019725569,-4.019726
-1.7103899,-0.2103897999999999,-4.8353896,-11.33539,-11.512925464970229
-11.512925464970229,-11.512925464970229,-10.273822,-0.02382162,-3.7738216
-11.512925464970229,-5.1981163,-0.07311654,-2.8231165,-11.512925464970229
-7.5492244,-0.049224548,-3.0492246,-11.512925464970229,-11.512925464970229
-11.512925464970229,-10.8786125,-2.1286125,-0.12861244,-8.0036125
-11.512925464970229,-11.512925464970229,-6.262831,-0.0128311089999999,-4.637831
-10.755188,-2.1301885,-0.1301884199999999,-6.0051885,-11.512925464970229
-11.512925464970229,-8.813103,-2.813103,-0.06310295,-8.063103
-2.141271,-0.14127105,-4.891271,-11.391271,-11.512925464970229
-11.512925464970229,-3.3168187,-0.066818714,-3.8168187,-11.512925464970229
-5.929416,-0.054416347,-3.3044164,-11.304417,-11.512925464970229
-11.512925464970229,-3.0571203,-0.0571202699999999,-4.9321203,-11.512925464970229
-11.512925464970229,-2.5884957,-0.0884956999999999,-4.8384957,-11.512925464970229
-11.512925464970229,-3.5497715,-0.0497716179999999,-4.174772,-11.512925464970229
-7.9757395,-0.10073958,-2.3507395,-10.2257395,-11.512925464970229
-11.512925464970229,-9.312969,-2.8129692,-0.06296909,-8.062969
-5.106634,-0.10663423,-2.3566341,-9.606634,-11.512925464970229
-11.512925464970229,-11.512925464970229,-9.755672,-0.0056722024,-5.255672
-11.203429,-2.8284297,-0.07842963,-4.3284297,-11.512925464970229
-11.512925464970229,-8.144808,-1.1448077,-0.3948077,-9.144808
-11.512925464970229,-7.351524,-0.976524,-0.4765239699999999,-11.351524
-4.7737207,-0.023720922,-4.2737207,-11.512925464970229,-11.512925464970229
-10.080188,-1.7051874,-0.2051873999999999,-6.2051873,-11.512925464970229
-2.3600194,-0.11001956,-4.9850197,-11.48502,-11.512925464970229
-3.3025663,-0.0525664049999999,-4.3025665,-11.512925464970229,-11.512925464970229
-11.512925464970229,-8.514264,-0.3892644,-1.1392643,-11.389264
-11.512925464970229,-7.9749002,-0.9749003,-0.4749003,-9.4749
-3.184995,-0.0599949059999999,-4.1849947,-11.059995,-11.512925464970229
-6.780915,-0.030914966,-3.530915,-11.512925464970229,-11.512925464970229
-7.9758615,-0.4758617999999999,-0.9758618,-8.475862,-11.512925464970229
-11.512925464970229,-9.077,-1.7019992,-0.2019992199999999,-9.077
-11.512925464970229,-10.550852,-3.050852,-0.0508520639999999,-7.4258523
-11.512925464970229,-4.02852,-0.0285200569999999,-4.77852,-11.512925464970229
-11.512925464970229,-11.512925464970229,-7.7537165,-0.0037167002,-5.7537165
-11.512925464970229,-8.188978,-1.3139782,-0.3139781699999999,-9.063978
-11.512925464970229,-6.7577314,-0.25773144,-1.5077314,-11.382731
-11.512925464970229,-11.512925464970229,-10.001861,-0.0018610459999999,-7.626861
-11.512925464970229,-3.2973318,-0.047331795,-4.797332,-11.512925464970229
-4.2990203,-0.0490202569999999,-3.4240203,-10.67402,-11.512925464970229
-7.7274847,-0.4774848999999999,-0.97748494,-7.8524847,-11.512925464970229
-3.5679715,-0.067971565,-3.5679715,-10.192971,-11.512925464970229
-11.512925464970229,-11.512925464970229,-8.424537,-0.049536686,-3.0495367
-11.512925464970229,-7.454246,-0.57924604,-0.82924604,-9.2042465
-11.512925464970229,-11.512925464970229,-4.962158,-0.087158106,-2.5871582
-11.512925464970229,-11.512925464970229,-2.8138297,-0.0638296099999999,-7.9388294
-11.512925464970229,-11.512925464970229,-6.3883967,-0.0133967959999999,-4.5133967
-11.512925464970229,-8.851686,-2.3516858,-0.1016858099999999,-7.601686
-11.512925464970229,-11.512925464970229,-8.706089,-0.08108928,-2.5810893
-6.237334,-0.9873336,-0.4873336,-4.987334,-11.512925464970229
-11.512925464970229,-11.512925464970229,-5.2564845,-0.0064845574,-7.3814845
-11.512925464970229,-11.512925464970229,-5.1619716,-0.03697146,-3.5369716
-11.512925464970229,-11.512925464970229,-7.394787,-0.0197868159999999,-4.019787
-11.512925464970229,-11.512925464970229,-11.254428,-0.0044276243999999,-5.5044274
-7.355306,-0.4803059700000001,-0.98030597,-8.855306,-11.512925464970229
-11.512925464970229,-11.512925464970229,-11.252375,-0.12737456,-2.1273746
-6.9556966,-0.08069654,-2.5806966,-10.080696,-11.512925464970229
-7.3940544,-0.2690543199999999,-1.5190543,-8.644054,-11.512925464970229
-11.512925464970229,-11.512925464970229,-4.520829,-0.0208293779999999,-5.020829
-6.5878663,-0.5878661,-0.8378661,-8.337866,-11.512925464970229
-11.512925464970229,-8.139365,-0.38936505,-1.1393651,-11.512925464970229
-11.512925464970229,-5.014784,-0.014783748,-4.889784,-11.512925464970229
-8.720185,-1.7201858,-0.2201856999999999,-4.3451858,-11.512925464970229
-11.512925464970229,-6.949711,-0.3247107,-1.3247107,-10.949711
-11.512925464970229,-11.512925464970229,-6.5046906,-0.0046908306,-7.2546906
-1.0176194,-0.51761943,-3.2676194,-6.5176196,-7.0176196
-11.512925464970229,-11.512925464970229,-6.774945,-0.024945,-3.774945
-11.512925464970229,-11.512925464970229,-4.026913,-0.026913213,-5.026913
-11.512925464970229,-11.512925464970229,-5.3839464,-0.008946627,-5.5089464
-11.512925464970229,-11.512925464970229,-7.50189,-0.0018900912,-8.12689
-9.912904,-1.9129038,-0.16290374,-6.037904,-11.512925464970229
-11.512925464970229,-5.649797,-0.02479709,-4.149797,-11.512925464970229
-11.512925464970229,-2.5848625,-0.0848623699999999,-5.959862,-11.512925464970229
-11.274636,-2.0246365,-0.1496364,-6.8996363,-11.512925464970229
-11.512925464970229,-11.512925464970229,-10.773882,-0.023882274,-3.7738824
-11.512925464970229,-11.512925464970229,-2.5806992,-0.08069918,-11.080699
-11.512925464970229,-11.512925464970229,-3.530583,-0.030582925,-8.905583
-11.512925464970229,-11.512925464970229,-10.565921,-0.0659203599999999,-2.8159204
-11.512925464970229,-9.629209,-2.1292083,-0.1292083899999999,-11.004209
-11.512925464970229,-11.512925464970229,-11.512925464970229,-0.47717345,-0.97717345
-11.512925464970229,-11.512925464970229,-5.256696,-0.0066963039999999,-7.506696
-11.210136,-2.5851367,-0.0851367639999999,-5.210137,-11.512925464970229
-11.512925464970229,-7.329685,-0.20468499,-1.704685,-11.512925464970229
-11.512925464970229,-11.512925464970229,-11.512925464970229,-0.2070451499999999,-1.7070452
-11.512925464970229,-11.512925464970229,-11.512925464970229,-0.2526873,-1.5026873
-11.512925464970229,-4.6495833,-0.024583323,-4.3995833,-11.512925464970229
-11.512925464970229,-11.512925464970229,-2.818547,-0.0685471149999999,-8.318547
-11.512925464970229,-11.512925464970229,-5.0070767,-0.007076583,-8.757076
-11.512925464970229,-11.512925464970229,-4.0190516,-0.01905152,-9.144052
-11.512925464970229,-5.140296,-0.0152961975,-4.765296,-11.512925464970229
-11.512925464970229,-4.8210516,-0.071051605,-2.8210516,-11.512925464970229
-10.13017,-1.5051696,-0.2551697,-5.88017,-11.512925464970229
-11.512925464970229,-5.658543,-0.03354288,-3.5335429,-11.512925464970229
-11.512925464970229,-5.270639,-0.020638822,-4.270639,-11.512925464970229
-11.512925464970229,-5.6430964,-0.0180966779999999,-4.2680964,-11.512925464970229
-11.512925464970229,-4.313216,-0.0632164299999999,-3.0632164,-11.512925464970229
-11.512925464970229,-11.512925464970229,-4.762033,-0.012032978,-8.2620325
-0.0069076526,-5.0069075,-11.381907,-11.512925464970229,-11.512925464970229
-11.512925464970229,-5.770911,-0.39591125,-1.1459112,-11.512925464970229
-11.512925464970229,-5.044142,-0.16914153,-1.9191415,-11.044142
-11.512925464970229,-7.4762416,-0.9762416,-0.4762415599999999,-10.101241
-11.512925464970229,-2.5809917,-0.080991656,-6.2059917,-11.512925464970229
-8.22851,-0.97851,-0.4785100499999999,-7.72851,-11.512925464970229
-11.512925464970229,-4.7615657,-0.011565506,-5.8865657,-11.512925464970229
-11.512925464970229,-5.317764,-0.067763835,-2.8177638,-11.512925464970229
-5.284907,-0.0349070499999999,-3.534907,-11.284907,-11.512925464970229
-11.512925464970229,-11.512925464970229,-3.7749603,-0.024960347,-7.2749605
-11.512925464970229,-4.0411496,-0.041149523,-3.7911496,-11.512925464970229
-11.512925464970229,-3.777498,-0.02749801,-5.5274982,-11.512925464970229
-11.512925464970229,-5.5283847,-0.0283844919999999,-3.7783844,-11.512925464970229
-11.512925464970229,-11.512925464970229,-7.5241585,-0.0241585499999999,-3.7741585
-11.512925464970229,-11.512925464970229,-6.400138,-0.025137873,-3.775138
-11.512925464970229,-7.227425,-0.47742513,-0.9774251,-9.852426
-0.00012678056,-9.125127,-11.512925464970229,-11.512925464970229,-11.512925464970229
-11.512925464970229,-2.352089,-0.1020889699999999,-6.352089,-11.512925464970229
-11.512925464970229,-6.5700927,-0.6950928,-0.6950928,-9.570093
-11.512925464970229,-11.512925464970229,-7.15579,-0.0307896699999999,-3.5307896
-11.512925464970229,-5.4424567,-0.067456886,-2.817457,-11.512925464970229
-6.7892566,-0.039256647,-3.2892566,-11.164257,-11.512925464970229
-11.512925464970229,-3.5367637,-0.03676373,-5.0367637,-11.512925464970229
-11.512925464970229,-6.9459395,-0.69593954,-0.69593954,-11.512925464970229
-0.20273553,-1.7027355,-8.452736,-11.512925464970229,-11.512925464970229
-11.512925464970229,-4.2727394,-0.022739515,-4.7727394,-11.512925464970229
-11.512925464970229,-9.444682,-0.694682,-0.694682,-10.069682
-7.437914,-0.0629136859999999,-2.8129137,-10.687914,-11.512925464970229
-11.512925464970229,-5.5918317,-0.21683176,-1.7168318,-11.512925464970229
-11.512925464970229,-6.132297,-0.13229696,-2.132297,-11.512925464970229
-11.512925464970229,-4.312695,-0.06269526,-3.0626953,-11.512925464970229
-11.512925464970229,-9.628593,-2.1285934,-0.12859356,-8.253593
-0.0622997319999999,-2.8122997,-8.9373,-11.512925464970229,-11.512925464970229
-11.512925464970229,-9.977103,-2.3521028,-0.10210285,-6.7271028
-11.512925464970229,-4.296639,-0.0466391499999999,-3.6716392,-11.512925464970229
-11.512925464970229,-4.861002,-0.48600206,-0.9860021,-7.861002
-11.512925464970229,-11.512925464970229,-9.002168,-0.0021677477999999,-6.6271677
-10.700529,-2.8255289,-0.0755289699999999,-5.450529,-11.512925464970229
-11.512925464970229,-6.31476,-0.064760104,-2.8147602,-11.512925464970229
-4.312254,-0.0622539149999999,-3.062254,-10.437254,-11.512925464970229
-5.9081116,-0.033111423,-3.5331113,-11.158112,-11.512925464970229
-11.512925464970229,-11.276046,-3.7760458,-0.026045738,-7.026046
-11.512925464970229,-11.512925464970229,-11.140949,-0.39094898,-1.140949
-11.512925464970229,-11.512925464970229,-5.8821,-0.007100024,-5.8821
-11.512925464970229,-11.512925464970229,-5.009121,-0.0091207609999999,-7.259121
-11.512925464970229,-11.512925464970229,-7.131484,-0.00648408,-5.756484
-11.512925464970229,-11.512925464970229,-8.480159,-0.1051591699999999,-2.3551593
-11.512925464970229,-11.512925464970229,-5.0099525,-0.0099525149999999,-6.2599525
-11.379214,-2.1292145,-0.12921447,-6.2542143,-11.512925464970229
-11.512925464970229,-9.259748,-1.5097481,-0.2597480999999999,-9.259748
-11.512925464970229,-11.512925464970229,-10.584492,-0.20949177,-1.7094917
-11.512925464970229,-11.512925464970229,-11.140949,-0.39094898,-1.140949
-11.512925464970229,-3.055417,-0.0554170239999999,-5.055417,-11.512925464970229
-11.512925464970229,-11.512925464970229,-6.25721,-0.0072098603,-6.00721
-11.512925464970229,-5.917395,-0.0423949399999999,-3.2923949,-11.512925464970229
-11.512925464970229,-6.005922,-0.2559217,-1.5059217,-11.512925464970229
-1.1380613,-0.3880613,-7.3880615,-11.512925464970229,-11.512925464970229
-11.512925464970229,-4.886478,-0.0114780659999999,-5.761478,-11.512925464970229
-8.202278,-0.5772782999999999,-0.8272783,-8.827278,-11.512925464970229
-6.911706,-0.16170588,-1.9117059,-10.036706,-11.512925464970229
-11.512925464970229,-4.761892,-0.0118917539999999,-5.886892,-11.512925464970229
-7.2303343,-0.48033407,-0.98033404,-7.2303343,-11.512925464970229
-6.6748915,-0.04989127,-3.0498912,-11.174891,-11.512925464970229
-11.512925464970229,-3.2902484,-0.0402483,-6.4152484,-11.512925464970229
-11.512925464970229,-4.4378796,-0.06287965,-3.0628796,-11.512925464970229
-10.78621,-1.9112102,-0.1612101799999999,-9.03621,-11.512925464970229
-11.262604,-1.1376038,-0.3876038199999999,-7.3876038,-11.512925464970229
-0.023316635,-3.7733166,-10.648316,-11.512925464970229,-11.512925464970229
-11.512925464970229,-7.537236,-0.16223612,-1.9122361,-11.512925464970229
-11.512925464970229,-3.289407,-0.039407123,-7.0394073,-11.512925464970229
-6.4121084,-0.1621083,-1.9121083,-10.037108,-11.512925464970229
-11.512925464970229,-4.284201,-0.0342012399999999,-4.034201,-11.512925464970229
-1.3319867,-0.3319867,-6.456987,-11.512925464970229,-11.512925464970229
-11.512925464970229,-8.504718,-2.1297174,-0.12971747,-9.504718
-11.512925464970229,-4.8990116,-0.0240118079999999,-4.1490116,-11.512925464970229
-11.512925464970229,-5.390122,-0.0151217374999999,-4.765122,-11.512925464970229
-11.512925464970229,-4.8988194,-0.0238196399999999,-4.2738194,-11.512925464970229
-11.512925464970229,-5.709017,-0.08401668,-2.5840168,-11.512925464970229
-11.512925464970229,-11.512925464970229,-5.2573614,-0.0073615834,-7.7573614
-11.512925464970229,-9.57726,-1.7022601,-0.20226014,-8.57726
-0.4741473499999999,-0.9741473,-9.849148,-11.512925464970229,-11.512925464970229
-8.351221,-0.9762206,-0.4762205999999999,-7.1012206,-11.512925464970229
-11.512925464970229,-9.756656,-2.1316557,-0.13165563,-10.006656
-11.512925464970229,-11.512925464970229,-8.257237,-0.0072374329999999,-5.0072374
-11.512925464970229,-6.6906486,-0.3156483999999999,-1.3156484,-11.512925464970229
-10.485007,-2.8600068,-0.1100068399999999,-3.1100068,-9.985007
-6.7170734,-0.0920736799999999,-2.4670737,-9.967073,-11.512925464970229
-11.512925464970229,-7.8284025,-0.82840234,-0.5784023400000001,-11.512925464970229
-11.512925464970229,-3.6745226,-0.0495227499999999,-4.299523,-11.512925464970229
-11.512925464970229,-11.512925464970229,-3.53792,-0.03791995,-6.41292
-11.512925464970229,-11.512925464970229,-3.2914364,-0.041436523,-7.2914367
-11.512925464970229,-6.008004,-0.13300414,-2.1330042,-11.508004
-11.512925464970229,-7.2023444,-0.3273442699999999,-1.3273443,-11.512925464970229
-11.512925464970229,-11.512925464970229,-5.007528,-0.0075278356999999,-7.507528
-11.512925464970229,-11.512925464970229,-10.395614,-0.0206134799999999,-4.0206137
-11.512925464970229,-11.512925464970229,-2.5854652,-0.08546525,-5.2104654
-0.20317392,-1.7031739,-6.453174,-11.512925464970229,-11.512925464970229
-11.512925464970229,-11.512925464970229,-3.0542557,-0.054255802,-5.304256
-11.512925464970229,-6.9879093,-0.48790938,-0.9879094,-10.362909
-11.512925464970229,-11.512925464970229,-8.905775,-0.0307749899999999,-3.530775
-11.512925464970229,-11.512925464970229,-4.019602,-0.0196016639999999,-8.144602
-11.512925464970229,-9.13859,-1.1385902,-0.3885902,-9.01359
-6.8517647,-0.4767647,-0.9767647,-8.601765,-11.512925464970229
-5.70241,-0.4524101999999999,-1.2024102,-7.32741,-11.512925464970229
-9.796573,-1.9215724,-0.17157249,-5.5465727,-11.512925464970229
-11.512925464970229,-7.321935,-0.6969351,-0.6969351,-8.946935
-11.512925464970229,-4.968362,-0.5933621,-0.8433620999999999,-8.718362
-11.512925464970229,-11.01601,-4.39101,-0.0160098489999999,-6.64101
-11.512925464970229,-11.512925464970229,-8.30385,-0.0538503559999999,-3.0538504
-11.512925464970229,-7.082422,-0.8324218,-0.5824218,-9.082422
-11.512925464970229,-11.512925464970229,-5.3972735,-0.0222737469999999,-4.5222735
-11.512925464970229,-11.512925464970229,-5.5101395,-0.0101393449999999,-5.6351395
-6.4541216,-0.70412165,-0.70412165,-5.8291216,-11.512925464970229
-11.512925464970229,-11.512925464970229,-5.756369,-0.0063690706,-7.256369
-11.512925464970229,-11.512925464970229,-5.8972106,-0.0222106799999999,-4.0222106
-11.512925464970229,-5.6681743,-0.16817422,-1.9181743,-10.918174
-11.512925464970229,-11.512925464970229,-4.514125,-0.014124952,-6.139125
-9.991424,-2.6164236,-0.1164237099999999,-4.3664236,-11.512925464970229
-11.512925464970229,-11.512925464970229,-4.020455,-0.0204547589999999,-7.395455
-11.512925464970229,-3.6622381,-0.037238184,-5.162238,-11.512925464970229
-8.952363,-0.57736266,-0.82736266,-8.077363,-11.512925464970229
-11.512925464970229,-4.8850174,-0.13501744,-2.1350174,-11.512925464970229
-11.512925464970229,-5.776054,-1.1510539,-0.40105388,-9.276053
-11.512925464970229,-11.512925464970229,-4.513648,-0.0136482369999999,-7.013648
-11.512925464970229,-5.3322873,-0.20728742,-1.7072874,-11.332288
-11.512925464970229,-11.512925464970229,-4.267156,-0.0171562799999999,-6.642156
-11.512925464970229,-11.512925464970229,-8.664243,-0.03924312,-3.2892432
-11.512925464970229,-11.512925464970229,-4.76185,-0.0118498089999999,-6.26185
-3.0533643,-0.0533643849999999,-5.4283643,-11.512925464970229,-11.512925464970229
-10.787262,-1.9122618,-0.16226187,-6.912262,-11.512925464970229
-11.512925464970229,-11.512925464970229,-4.0212116,-0.021211447,-8.146212
-11.512925464970229,-11.512925464970229,-9.228618,-0.10361753,-2.3536174
-11.512925464970229,-11.512925464970229,-6.887332,-0.012331753,-4.512332
-11.512925464970229,-3.5348637,-0.03486366,-5.4098635,-11.512925464970229
-11.512925464970229,-6.389603,-0.38960296,-1.1396029,-10.889603
-11.512925464970229,-3.0814357,-0.0814357,-3.9564357,-11.512925464970229
-0.3874575499999999,-1.1374576,-7.8874574,-11.512925464970229,-11.512925464970229
-11.512925464970229,-3.7773771,-0.0273770429999999,-5.527377,-11.512925464970229
-8.976009,-0.97600913,-0.4760091599999999,-7.1010094,-11.512925464970229
-11.512925464970229,-1.7036176,-0.20361757,-6.3286176,-11.512925464970229
-11.512925464970229,-3.5364108,-0.0364109,-5.161411,-11.512925464970229
-11.512925464970229,-5.273926,-0.0239255669999999,-4.023926,-11.512925464970229
-11.512925464970229,-10.503875,-2.1288743,-0.1288743599999999,-8.503875
-11.512925464970229,-11.512925464970229,-8.286015,-0.1610147499999999,-1.9110148
-0.0008317823,-7.8758316,-11.000832,-11.512925464970229,-7.7508316
-11.512925464970229,-11.512925464970229,-6.378633,-0.0036328502,-6.503633
-10.753392,-1.503392,-0.25339198,-6.753392,-11.512925464970229
-11.512925464970229,-5.9423437,-0.31734392,-1.317344,-11.512925464970229
-11.512925464970229,-8.451918,-0.5769176499999998,-0.82691765,-11.512925464970229
-11.512925464970229,-6.3808327,-0.13083279,-2.1308327,-11.512925464970229
-0.47425812,-0.9742581,-8.724258,-11.512925464970229,-11.512925464970229
-10.828409,-1.7034096,-0.2034095399999999,-6.8284097,-11.512925464970229
-8.189865,-0.3148651999999999,-1.3148652,-8.814865,-11.512925464970229
-9.101973,-0.9769728,-0.4769728200000001,-7.6019726,-11.512925464970229
-11.512925464970229,-11.512925464970229,-6.0038166,-0.0038167029999999,-7.2538166
-9.831147,-1.7061468,-0.2061468199999999,-8.081147,-11.512925464970229
-11.512925464970229,-7.820431,-0.69543123,-0.69543123,-10.820431
-11.512925464970229,-7.2065835,-0.58158356,-0.83158356,-10.956584
-11.512925464970229,-11.512925464970229,-5.0089574,-0.0089573794999999,-7.0089574
-11.512925464970229,-11.512925464970229,-7.002672,-0.0026722107999999,-7.752672
-11.073175,-2.823176,-0.0731758249999999,-4.573176,-11.512925464970229
-11.512925464970229,-6.440995,-0.31599504,-1.315995,-11.440995
-11.512925464970229,-9.193329,-1.3183285,-0.3183285299999999,-7.4433284
-11.512925464970229,-11.512925464970229,-7.5158157,-0.0158158,-4.2658157
-11.512925464970229,-11.512925464970229,-8.1261635,-0.0011633153,-7.1261635
-11.512925464970229,-5.024853,-0.0248532519999999,-4.024853,-11.512925464970229
-7.1279073,-0.12790728,-2.1279073,-10.752907,-11.512925464970229
-4.0291705,-0.029170595,-4.5291705,-11.512925464970229,-11.512925464970229
-4.5283303,-0.02833037,-4.1533303,-11.512925464970229,-11.512925464970229
-11.512925464970229,-2.8414514,-0.0914513799999999,-3.5914514,-11.091452
-11.512925464970229,-4.5753675,-0.075367354,-2.8253675,-11.512925464970229
-11.512925464970229,-3.5904574,-0.09045742,-2.8404574,-10.340457
-11.512925464970229,-3.085828,-0.08582799,-3.335828,-10.960828
-7.9544444,-0.5794446,-0.8294446,-7.8294444,-11.512925464970229
-11.512925464970229,-7.0181127,-1.1431125,-0.3931125699999999,-8.893112
-11.512925464970229,-7.3362117,-0.2112118599999999,-1.7112119,-11.512925464970229
-11.512925464970229,-3.187005,-0.062005106,-4.187005,-11.512925464970229
-11.512925464970229,-11.512925464970229,-8.139614,-0.0146141285,-4.264614
-11.512925464970229,-10.938781,-2.8137805,-0.06378061,-7.938781
-11.512925464970229,-9.160862,-1.910862,-0.16086201,-8.910862
-11.512925464970229,-9.938537,-2.8135362,-0.063536204,-9.563537
-11.512925464970229,-6.6404715,-0.3904712499999999,-1.1404712,-10.640471
-6.206903,-0.2069030699999999,-1.7069031,-9.456903,-11.512925464970229
-11.512925464970229,-3.5409496,-0.04094953,-4.6659493,-11.512925464970229
-11.512925464970229,-2.9427855,-0.0677855599999999,-4.9427857,-11.512925464970229
-11.512925464970229,-7.333734,-0.5837339,-0.8337339,-11.083734
-11.512925464970229,-11.512925464970229,-4.2709775,-0.020977296,-8.770977
-11.512925464970229,-3.7775717,-0.0275717639999999,-5.9025717,-11.512925464970229
-11.512925464970229,-5.76273,-0.26273003,-1.51273,-11.01273
-11.512925464970229,-5.108083,-0.10808262,-2.3580825,-11.512925464970229
-11.512925464970229,-7.320447,-0.6954472,-0.6954472,-10.445447
-11.512925464970229,-10.657793,-3.532793,-0.032792956,-8.157793
-1.5043536,-0.2543535999999999,-6.5043535,-11.512925464970229,-11.512925464970229
-11.512925464970229,-11.512925464970229,-4.0186973,-0.0186973069999999,-8.768698
-11.512925464970229,-7.818677,-1.3186767,-0.31867674,-9.568677
-11.512925464970229,-7.818677,-1.3186767,-0.31867674,-9.568677
-11.512925464970229,-5.169641,-0.0446408099999999,-3.2946408,-11.512925464970229
-11.512925464970229,-8.633901,-1.5089003,-0.25890028,-9.883901
-11.512925464970229,-4.3975115,-0.0225116689999999,-4.6475115,-11.512925464970229
-3.431494,-0.05649397,-4.1814938,-11.181494,-11.512925464970229
-11.512925464970229,-3.319057,-0.069056906,-3.569057,-11.512925464970229
-11.512925464970229,-11.512925464970229,-9.774448,-0.02444827,-3.7744482
-11.512925464970229,-11.512925464970229,-9.638321,-1.1383212,-0.3883212
-11.512925464970229,-6.952587,-0.3275869,-1.3275869,-10.827587
-11.512925464970229,-6.4539685,-0.82896847,-0.5789684699999998,-8.578968
-11.512925464970229,-11.512925464970229,-5.7573776,-0.0073774349999999,-5.7573776
-11.512925464970229,-11.512925464970229,-9.088169,-0.2131686199999999,-1.7131686
-11.512925464970229,-11.512925464970229,-9.503934,-0.1289343,-2.1289344
-3.2986052,-0.04860519,-4.673605,-11.512925464970229,-11.512925464970229
-11.512925464970229,-9.55296,-3.0529606,-0.052960735,-5.802961
-11.512925464970229,-11.512925464970229,-7.914077,-0.1640765999999999,-1.9140766
-11.512925464970229,-11.512925464970229,-8.039496,-0.16449596,-1.914496
-11.512925464970229,-11.512925464970229,-3.2888737,-0.038873613,-8.913874
-11.512925464970229,-8.729042,-0.4790417,-0.9790417,-10.104042
-11.512925464970229,-11.512925464970229,-4.7598567,-0.0098565489999999,-8.009856
-11.512925464970229,-6.759054,-0.2590544,-1.5090544,-11.512925464970229
-6.280401,-0.0304011669999999,-3.7804012,-11.512925464970229,-11.512925464970229
-9.760153,-2.1351526,-0.13515252,-5.5101523,-11.512925464970229
-11.512925464970229,-8.475143,-0.9751437,-0.4751437,-8.225143
-11.497241,-2.3722408,-0.1222408699999999,-3.8722408,-11.512925464970229
-11.512925464970229,-3.0691988,-0.06919874,-3.9441988,-11.512925464970229
-11.512925464970229,-7.2529745,-0.2529745,-1.5029745,-11.0029745
-11.512925464970229,-4.6389346,-0.13893479,-2.1389349,-9.638935
-11.512925464970229,-8.225523,-0.9755235,-0.4755234699999999,-9.475523
-0.023650602,-3.7736506,-10.77365,-11.512925464970229,-11.512925464970229
-11.512925464970229,-11.512925464970229,-8.064739,-0.3147394399999999,-1.3147395
-11.512925464970229,-3.301984,-0.051984083,-4.3019843,-11.512925464970229
-11.512925464970229,-11.512925464970229,-9.225705,-0.1007048859999999,-2.350705
-11.512925464970229,-11.512925464970229,-11.512925464970229,-1.9103918,-0.1603917799999999
-11.512925464970229,-11.512925464970229,-4.0189667,-0.018966494,-8.018967
-11.512925464970229,-10.803784,-3.0537844,-0.053784266,-5.4287844
-6.9842215,-0.8592212,-0.6092212000000001,-6.8592215,-11.512925464970229
-0.9756638,-0.4756638000000001,-6.8506637,-11.512925464970229,-11.512925464970229
-11.512925464970229,-3.550462,-0.0504620149999999,-4.1754622,-11.512925464970229
-11.512925464970229,-5.258215,-0.25821477,-1.5082147,-11.008215
-11.512925464970229,-4.05309,-0.05309007,-3.55309,-11.512925464970229
-11.512925464970229,-5.5892553,-0.2142552399999999,-1.7142552,-11.464255
-11.512925464970229,-2.5845008,-0.0845008,-5.334501,-11.512925464970229
-11.512925464970229,-2.6461432,-0.1461431999999999,-2.8961432,-11.512925464970229
-11.512925464970229,-11.512925464970229,-6.757907,-0.0079069574999999,-5.132907
-2.8240194,-0.07401938,-4.5740194,-10.449019,-11.512925464970229
-11.512925464970229,-5.9134817,-0.1634819399999999,-1.913482,-11.038482
-11.512925464970229,-11.512925464970229,-7.894542,-0.0195422799999999,-4.019542
-11.512925464970229,-11.512925464970229,-7.7664976,-0.016497632,-4.2664976
-11.512925464970229,-10.424795,-3.0497952,-0.0497952099999999,-9.799795
-11.512925464970229,-5.0349345,-0.0349344569999999,-3.7849345,-11.512925464970229
-6.7545066,-0.25450677,-1.5045068,-8.629507,-11.512925464970229
-6.4032555,-0.028255511,-3.6532555,-11.512925464970229,-11.512925464970229
-5.705881,-0.580881,-0.830881,-6.705881,-11.512925464970229
-11.512925464970229,-11.512925464970229,-4.759589,-0.0095892789999999,-7.634589
-11.512925464970229,-11.512925464970229,-5.7564077,-0.006407924,-5.8814077
-11.512925464970229,-11.512925464970229,-6.628998,-0.003997904,-6.128998
-3.8669422,-0.11694211,-2.9919422,-9.741942,-11.512925464970229
-11.512925464970229,-3.0556,-0.0555998239999999,-5.1805997,-11.512925464970229
-11.512925464970229,-10.665876,-3.2908766,-0.040876523,-7.7908764
-11.512925464970229,-11.512925464970229,-5.2560954,-0.0060955197999999,-7.7560954
-9.766398,-1.1413984,-0.3913983699999999,-5.7663984,-11.512925464970229
-11.512925464970229,-11.512925464970229,-6.8794174,-0.004417298,-6.0044174
-11.512925464970229,-11.400917,-3.7759175,-0.025917508,-8.400917
-11.512925464970229,-11.512925464970229,-10.064559,-0.31455922,-1.3145592
-11.512925464970229,-11.512925464970229,-10.312867,-0.06286745,-2.8128674
-11.512925464970229,-11.512925464970229,-8.512051,-0.01205088,-4.512051
-11.512925464970229,-3.5593357,-0.05933559,-3.5593357,-11.512925464970229
-10.764686,-2.1396852,-0.1396852399999999,-5.514685,-11.512925464970229
-11.512925464970229,-10.054768,-3.0547678,-0.0547678549999999,-7.679768
-11.512925464970229,-11.512925464970229,-8.080056,-0.08005665,-2.5800567
-11.512925464970229,-4.8478556,-0.22285579,-1.7228558,-8.222856
-11.512925464970229,-6.4632664,-0.2132662999999999,-1.7132663,-11.088266
-11.512925464970229,-8.755837,-1.5058374,-0.2558374999999999,-8.880837
-11.512925464970229,-11.512925464970229,-9.041211,-0.16621135,-1.9162114
-11.512925464970229,-11.512925464970229,-9.4124365,-0.1624363799999999,-1.9124364
-11.512925464970229,-11.512925464970229,-6.1289077,-0.0039077763999999,-6.7539077
-4.1920915,-0.19209145,-1.9420915,-6.9420915,-11.512925464970229
-11.512925464970229,-11.512925464970229,-10.952831,-0.2028308199999999,-1.7028308
-11.512925464970229,-8.100336,-1.7253358,-0.22533584,-6.225336
-11.512925464970229,-10.289356,-3.5393565,-0.0393564659999999,-5.289356
-11.512925464970229,-11.512925464970229,-11.0022135,-0.12721345,-2.1272135
-11.512925464970229,-11.512925464970229,-4.7604437,-0.0104436289999999,-7.1354437
-11.505429,-2.1304295,-0.13042942,-6.5054293,-11.512925464970229
-9.524129,-1.1491287,-0.3991287399999999,-7.149129,-11.512925464970229
-0.4744887399999999,-0.97448874,-7.9744887,-11.512925464970229,-11.512925464970229
-5.792068,-0.0420677699999999,-3.2920678,-11.512925464970229,-11.512925464970229
-11.512925464970229,-8.513341,-1.513341,-0.2633408999999999,-8.763341
-11.512925464970229,-4.3653955,-0.11539532,-2.3653953,-11.512925464970229
-11.512925464970229,-2.816196,-0.06619587,-6.066196,-11.512925464970229
-11.512925464970229,-11.512925464970229,-5.014113,-0.0141127319999999,-6.514113
-11.512925464970229,-11.512925464970229,-11.512925464970229,-0.83219844,-0.5821984399999999
-11.512925464970229,-11.32962,-2.5796208,-0.0796208159999999,-7.954621
-5.7183805,-0.71838063,-0.71838063,-3.9683807,-7.7183805
-11.512925464970229,-7.1695137,-0.16951379,-1.9195138,-11.512925464970229
-11.512925464970229,-11.512925464970229,-9.064439,-0.0644388199999999,-2.8144388
-11.512925464970229,-11.512925464970229,-11.512925464970229,-1.5095459,-0.2595459
-11.512925464970229,-10.504702,-2.1297016,-0.12970157,-8.379702
-11.512925464970229,-5.3333154,-0.2083152,-1.7083151,-11.083315
-11.512925464970229,-3.3071632,-0.0571632899999999,-4.0571632,-11.512925464970229
-5.8875537,-0.26255375,-1.5125537,-8.637554,-11.512925464970229
-3.297132,-0.04713201,-4.797132,-11.512925464970229,-11.512925464970229
-11.512925464970229,-7.5774817,-0.57748187,-0.82748187,-10.077482
-11.512925464970229,-7.3134127,-0.0634125839999999,-2.8134127,-11.512925464970229
-11.512925464970229,-11.512925464970229,-6.1304746,-0.005474583,-5.8804746
-11.512925464970229,-11.512925464970229,-6.5047383,-0.0047385339999999,-5.8797383
-11.512925464970229,-4.9010777,-0.0260776709999999,-4.0260777,-11.512925464970229
-11.512925464970229,-7.8348155,-0.08481559,-2.5848155,-11.512925464970229
-11.512925464970229,-11.512925464970229,-11.512925464970229,-0.011489381,-4.5114894
-0.98054206,-0.4805421000000001,-5.230542,-10.730542,-11.512925464970229
-11.512925464970229,-5.42831,-0.0533099169999999,-3.05331,-11.05331
-11.512925464970229,-3.5329854,-0.032985367,-5.782985,-11.512925464970229
-11.512925464970229,-11.512925464970229,-6.3832784,-0.008278381,-5.2582784
-11.512925464970229,-4.2783465,-0.02834636,-4.2783465,-11.512925464970229
-11.512925464970229,-11.512925464970229,-7.390487,-0.0154871979999999,-4.265487
-4.1865745,-0.0615743249999999,-3.1865742,-9.311574,-11.512925464970229
-11.512925464970229,-2.3527772,-0.1027771799999999,-6.352777,-11.512925464970229
-11.512925464970229,-4.02089,-0.020890212,-6.02089,-11.512925464970229
-11.512925464970229,-5.777152,-0.0271522249999999,-3.7771523,-11.512925464970229
-11.512925464970229,-4.68632,-0.061319742,-3.0613198,-11.512925464970229
-1.9114449,-0.1614449299999999,-6.911445,-11.512925464970229,-11.512925464970229
-11.512925464970229,-5.844976,-0.094975986,-2.594976,-11.512925464970229
-4.8924932,-0.01749323,-4.7674932,-11.512925464970229,-11.512925464970229
-11.512925464970229,-11.512925464970229,-6.1312656,-0.006265539,-5.6312656
-11.512925464970229,-11.512925464970229,-8.143583,-0.018583104,-4.0185833
-5.0852857,-0.0852857459999999,-2.5852857,-9.335286,-11.512925464970229
-11.512925464970229,-11.512925464970229,-10.637446,-0.38744602,-1.137446
-11.512925464970229,-7.8815603,-1.5065601,-0.25656015,-8.75656
-11.512925464970229,-10.329861,-2.5798604,-0.07986054,-8.204861
-11.512925464970229,-8.13939,-0.3893898699999999,-1.1393899,-11.512925464970229
-4.3957863,-0.020786064,-4.8957863,-11.512925464970229,-11.512925464970229
-11.512925464970229,-8.725483,-0.9754827,-0.4754827299999999,-10.475483
-11.512925464970229,-5.9501247,-0.32512495,-1.325125,-11.512925464970229
-11.512925464970229,-4.4030995,-0.028099395,-4.2780995,-11.512925464970229
-11.512925464970229,-4.038654,-0.038654007,-4.288654,-11.512925464970229
-11.512925464970229,-11.512925464970229,-11.512925464970229,-3.2895038,-0.039503846
-11.512925464970229,-11.512925464970229,-10.426036,-0.051036045,-3.0510361
-11.512925464970229,-11.512925464970229,-5.258314,-0.0083143219999999,-8.258314
-11.512925464970229,-11.512925464970229,-11.512925464970229,-1.1409318,-0.3909318399999999
-11.512925464970229,-11.512925464970229,-11.512925464970229,-2.582247,-0.0822470999999999
-11.512925464970229,-11.512925464970229,-11.512925464970229,-0.4767392599999999,-0.9767393
-1.1493212,-0.3993212299999999,-4.649321,-7.399321,-8.399322
-11.512925464970229,-11.512925464970229,-10.2249975,-0.4749970699999999,-0.97499704
-11.512925464970229,-4.0627313,-0.06273132,-3.5627313,-11.512925464970229
-11.512925464970229,-11.512925464970229,-11.512925464970229,-3.2895038,-0.039503846
-11.512925464970229,-11.512925464970229,-11.512925464970229,-1.1390494,-0.38904938
-11.512925464970229,-11.512925464970229,-4.2671623,-0.0171622629999999,-8.517162
-11.512925464970229,-11.512925464970229,-3.7801187,-0.030118732,-8.155119
-11.512925464970229,-11.512925464970229,-6.129529,-0.0045292116999999,-6.754529
-5.519008,-0.2690082200000001,-1.5190082,-7.769008,-11.512925464970229
-11.512925464970229,-5.042275,-0.16727497,-1.917275,-10.542275
-11.512925464970229,-4.165071,-0.0400710369999999,-3.790071,-11.512925464970229
-11.512925464970229,-2.8180034,-0.0680033039999999,-5.318003,-11.512925464970229
-11.085286,-2.5852861,-0.08528618,-5.960286,-11.512925464970229
-11.512925464970229,-6.717111,-0.8421112999999999,-0.5921113000000001,-10.467112
-11.512925464970229,-11.512925464970229,-10.400213,-0.2752136599999999,-1.5252137
-5.791472,-0.041472096,-3.2914722,-11.041472,-11.512925464970229
-0.57802737,-0.82802737,-6.2030272,-11.512925464970229,-11.512925464970229
-11.512925464970229,-3.0525239,-0.0525237699999999,-5.8025236,-11.512925464970229
-11.512925464970229,-5.833645,-0.083644845,-2.5836449,-10.958645
-11.512925464970229,-11.512925464970229,-6.8036003,-0.053600226,-3.0536003
-11.512925464970229,-3.5384607,-0.038460847,-4.7884607,-11.512925464970229
-4.9329724,-0.05797244,-3.0579724,-10.932973,-11.512925464970229
-11.512925464970229,-3.7759438,-0.025943872,-6.1509438,-11.512925464970229
-11.512925464970229,-6.147595,-0.39759508,-1.147595,-11.272595
-3.5500448,-0.0500446999999999,-4.3000445,-10.800045,-11.512925464970229
-8.463451,-0.83845174,-0.58845174,-6.213452,-11.512925464970229
-11.512925464970229,-3.6636953,-0.03869541,-4.7886953,-11.512925464970229
-11.512925464970229,-11.512925464970229,-2.8135157,-0.063515626,-9.063516
-11.512925464970229,-11.512925464970229,-7.882717,-0.0077172434,-5.007717
-11.512925464970229,-11.512925464970229,-5.6304765,-0.0054763634999999,-7.2554765
-11.512925464970229,-11.512925464970229,-7.7573047,-0.0073048985,-5.5073047
-11.512925464970229,-4.308956,-0.05895615,-3.3089561,-11.512925464970229
-0.0636908039999999,-2.813691,-9.188691,-11.512925464970229,-11.512925464970229
-11.512925464970229,-8.95174,-0.5767406000000002,-0.8267406,-11.512925464970229
-11.512925464970229,-11.512925464970229,-1.9134345,-0.1634344599999999,-9.163434
-11.512925464970229,-11.512925464970229,-5.5053706,-0.0053705988,-7.1303706
-11.512925464970229,-3.2926595,-0.0426594169999999,-5.4176593,-11.512925464970229
-11.512925464970229,-11.512925464970229,-8.540949,-0.0409491899999999,-3.290949
-4.5596814,-0.059681535,-3.0596814,-10.934682,-11.512925464970229
-11.512925464970229,-5.084257,-0.2092570199999999,-1.709257,-11.512925464970229
-11.512925464970229,-4.786521,-0.0365208999999999,-4.286521,-11.512925464970229
-11.512925464970229,-11.512925464970229,-9.424197,-0.0491973119999999,-3.0491972
-11.109561,-2.3595612,-0.109561205,-4.734561,-11.512925464970229
-11.512925464970229,-3.55897,-0.0589700829999999,-3.55897,-11.512925464970229
-11.512925464970229,-5.729115,-0.1041148449999999,-2.3541148,-11.512925464970229
-11.512925464970229,-4.219139,-0.0941392599999999,-2.5941393,-11.512925464970229
-11.512925464970229,-11.512925464970229,-11.512925464970229,-3.2899098,-0.039909765
-11.512925464970229,-11.512925464970229,-9.411975,-0.1619752,-1.9119751
-3.5771985,-0.077198416,-3.0771985,-9.077198,-11.512925464970229
-11.512925464970229,-11.512925464970229,-10.454262,-0.20426212,-1.7042621
-11.512925464970229,-3.8537085,-0.10370844,-2.6037085,-11.512925464970229
-11.512925464970229,-11.512925464970229,-11.512925464970229,-3.774143,-0.0241429619999999
-11.512925464970229,-11.512925464970229,-8.53028,-0.0302805429999999,-3.5302806
-11.512925464970229,-11.512925464970229,-11.512925464970229,-2.351429,-0.10142894
-11.512925464970229,-6.6343656,-1.5093654,-0.2593654,-8.884365
-11.512925464970229,-11.512925464970229,-8.255854,-0.005854013,-5.505854
-11.512925464970229,-3.073106,-0.073106125,-5.3231063,-11.512925464970229
-11.512925464970229,-8.140763,-0.39076334,-1.1407633,-11.512925464970229
-11.512925464970229,-11.512925464970229,-7.87922,-0.0042197899999999,-5.87922
-11.512925464970229,-2.1338353,-0.13383524,-5.8838353,-11.512925464970229
-11.512925464970229,-11.512925464970229,-3.2910106,-0.0410105179999999,-8.291011
-11.512925464970229,-11.512925464970229,-8.938076,-0.0630761999999999,-2.8130763
-11.512925464970229,-11.512925464970229,-7.2560706,-0.006070406,-6.1310706
-11.512925464970229,-11.512925464970229,-7.8801184,-0.0051183609999999,-6.2551184
-11.512925464970229,-9.763453,-1.1384525,-0.3884524999999999,-10.763453
-11.512925464970229,-11.512925464970229,-9.261629,-0.011629494,-4.5116296
-11.512925464970229,-11.512925464970229,-9.104014,-0.1040148399999999,-2.3540149
-11.512925464970229,-11.512925464970229,-9.227847,-0.10284667,-2.3528466
-11.512925464970229,-7.4825163,-0.4825165,-0.9825165,-10.982516
-11.512925464970229,-5.3439507,-0.0939505699999999,-2.5939505,-11.46895
-10.082994,-1.7079947,-0.2079946699999999,-6.9579945,-11.512925464970229
-11.512925464970229,-5.0227466,-0.1477467399999999,-2.1477468,-11.512925464970229
-11.512925464970229,-9.988138,-2.363138,-0.1131378899999999,-10.363138
-8.764688,-0.3896878999999999,-1.1396879,-9.139688,-11.512925464970229
-11.512925464970229,-8.72658,-0.9765792,-0.4765792,-9.60158
-11.512925464970229,-7.600586,-0.47558582,-0.9755857999999998,-11.512925464970229
-11.512925464970229,-6.9462166,-0.69621646,-0.69621646,-10.571217
-11.512925464970229,-7.0426164,-0.16761659,-1.9176166,-11.512925464970229
-11.512925464970229,-11.512925464970229,-6.752935,-0.0029351487999999,-6.502935
-11.512925464970229,-3.300852,-0.050852176,-4.5508523,-11.512925464970229
-4.067212,-0.067212254,-3.0672123,-10.192212,-11.512925464970229
-11.512925464970229,-11.512925464970229,-9.637017,-0.012017076,-4.5120173
-11.512925464970229,-11.512925464970229,-9.979447,-0.10444725,-2.3544474
-11.512925464970229,-8.645543,-2.1455433,-0.14554326,-8.270543
-11.512925464970229,-11.512925464970229,-3.2919812,-0.0419812399999999,-7.791981
-11.512925464970229,-2.3532043,-0.1032043299999999,-6.6032043,-11.512925464970229
-11.512925464970229,-5.7363334,-0.1113335,-2.3613336,-11.512925464970229
-10.844234,-2.8442342,-0.0942341799999999,-3.5942342,-11.512925464970229
-11.512925464970229,-4.035048,-0.03504818,-4.160048,-11.512925464970229
-9.013976,-0.38897616,-1.1389761,-9.888976,-11.512925464970229
-11.512925464970229,-11.512925464970229,-5.0072756,-0.0072754295999999,-7.8822756
-11.512925464970229,-8.445199,-0.6951994,-0.6951994,-10.570199
-11.512925464970229,-5.5075083,-0.13250852,-2.1325085,-11.512925464970229
-9.319133,-0.69413304,-0.69413304,-7.444133,-11.512925464970229
-11.512925464970229,-9.5703,-2.8202996,-0.070299745,-8.9453
-11.512925464970229,-4.766671,-0.016671399,-5.141671,-11.512925464970229
-4.096883,-0.22188278,-1.7218828,-8.096883,-11.512925464970229
-11.512925464970229,-3.0554066,-0.0554065299999999,-5.0554066,-11.512925464970229
-11.512925464970229,-9.852239,-2.3522387,-0.1022386849999999,-8.477239
-11.512925464970229,-11.512925464970229,-3.531849,-0.03184885,-7.781849
-8.454329,-0.0793282599999999,-2.5793283,-10.829329,-11.512925464970229
-11.330186,-1.7051855,-0.2051855499999999,-5.7051854,-11.512925464970229
-11.512925464970229,-4.665309,-0.0403091049999999,-3.6653092,-11.512925464970229
-11.512925464970229,-2.134603,-0.13460293,-5.134603,-11.512925464970229
-2.5869608,-0.0869607549999999,-6.336961,-11.512925464970229,-11.512925464970229
-11.512925464970229,-11.512925464970229,-11.512925464970229,-1.5031407,-0.25314075
-11.512925464970229,-11.512925464970229,-8.14077,-0.0157703889999999,-4.2657704
-11.512925464970229,-11.512925464970229,-6.0057263,-0.0057262512999999,-6.2557263
-11.512925464970229,-11.512925464970229,-6.0054965,-0.0054966336999999,-6.6304965
-11.512925464970229,-11.512925464970229,-6.3853235,-0.010323526,-5.0103235
-11.512925464970229,-11.512925464970229,-11.512925464970229,-0.82974154,-0.5797415400000001
-11.512925464970229,-11.512925464970229,-11.512925464970229,-0.16171187,-1.9117119
-3.7353716,-0.1103716939999999,-2.6103716,-8.485372,-11.512925464970229
-11.512925464970229,-11.512925464970229,-6.378438,-0.0034379189999999,-8.378438
-11.512925464970229,-2.1323435,-0.13234353,-5.5073433,-11.512925464970229
-11.512925464970229,-11.512925464970229,-11.512925464970229,-2.1276467,-0.1276466699999999
-11.512925464970229,-11.512925464970229,-9.913463,-0.0384625639999999,-3.2884626
-11.512925464970229,-5.2789288,-0.0289288129999999,-4.2789288,-11.512925464970229
-11.512925464970229,-3.5730424,-0.0730422999999999,-3.3230424,-11.512925464970229
-11.512925464970229,-11.512925464970229,-7.252591,-0.0025913503,-6.627591
-6.0644913,-0.0644912399999999,-2.8144913,-11.064491,-11.512925464970229
-10.002918,-1.502918,-0.2529180299999999,-7.2529182,-11.512925464970229
-11.512925464970229,-11.512925464970229,-3.773814,-0.0238140519999999,-8.023814
-5.539317,-0.16431695,-1.9143169,-10.164317,-11.512925464970229
-9.7254305,-0.9754306,-0.4754306399999999,-7.1004305,-11.512925464970229
-9.388719,-1.1387188,-0.3887189,-7.013719,-11.512925464970229
-11.512925464970229,-11.512925464970229,-3.049879,-0.04987914,-7.049879
-11.512925464970229,-11.512925464970229,-7.5093684,-0.009368327,-4.7593684
-5.3821626,-0.13216235,-2.1321623,-9.257162,-11.512925464970229
-11.512925464970229,-11.512925464970229,-4.265392,-0.015391633,-6.765392
-11.254748,-2.1297486,-0.12974848,-6.0047483,-11.512925464970229
-11.512342,-1.1373427,-0.3873426999999999,-8.012342,-11.512925464970229
-11.512925464970229,-11.512925464970229,-11.512925464970229,-0.8260882,-0.5760881999999999
-6.078981,-0.2039807299999999,-1.7039807,-9.20398,-11.512925464970229
-6.5635996,-0.063599415,-2.8135993,-10.9386,-11.512925464970229
-11.512925464970229,-5.2849054,-0.0349055679999999,-3.5349057,-11.512925464970229
-11.013511,-1.1385105,-0.3885104,-7.01351,-11.512925464970229
-6.757224,-0.1322240699999999,-2.132224,-10.007224,-11.512925464970229
-9.443892,-0.693892,-0.693892,-7.818892,-11.512925464970229
-11.512925464970229,-3.7967584,-0.0467583719999999,-3.7967584,-11.512925464970229
-6.3163137,-0.3163136199999999,-1.3163136,-8.316314,-11.512925464970229
-10.255374,-1.5053742,-0.25537425,-6.0053744,-11.512925464970229
-11.512925464970229,-3.674214,-0.04921378,-3.799214,-11.512925464970229
-11.512925464970229,-11.512925464970229,-3.0494485,-0.0494484299999999,-8.674448
-4.3674273,-0.11742717,-2.367427,-8.742427,-11.512925464970229
-11.512925464970229,-8.014697,-1.1396972,-0.38969722,-10.389697
-11.512925464970229,-3.6629863,-0.0379861739999999,-4.5379863,-11.512925464970229
-11.512925464970229,-4.789007,-0.0390073099999999,-3.5390074,-11.512925464970229
-11.512925464970229,-10.099556,-0.97455645,-0.4745564499999999,-10.974556
-11.512925464970229,-3.0550437,-0.055043753,-5.1800437,-11.512925464970229
-11.314492,-1.3144925,-0.3144925199999999,-7.0644927,-11.512925464970229
-11.512925464970229,-3.0519638,-0.0519637099999999,-5.801964,-11.512925464970229
-9.576867,-0.5768669,-0.8268669,-7.451867,-11.512925464970229
-11.512925464970229,-4.5204754,-0.020475555,-4.7704754,-11.512925464970229
-6.6979256,-0.32292554,-1.3229256,-8.197926,-11.512925464970229
-11.291416,-1.9164162,-0.1664161799999999,-5.791416,-11.512925464970229
-9.418462,-1.9184618,-0.16846184,-5.168462,-11.512925464970229
-10.234297,-0.98429704,-0.48429704,-6.734297,-11.512925464970229
-11.512925464970229,-3.731948,-0.1069478239999999,-2.606948,-11.512925464970229
-11.512925464970229,-7.33197,-0.2069703499999999,-1.7069703,-11.512925464970229
-0.25390714,-1.5039072,-6.878907,-11.512925464970229,-11.512925464970229
-11.512925464970229,-6.1777954,-0.052795198,-3.0527952,-11.512925464970229
-4.5364723,-0.0364722799999999,-3.7864723,-11.512925464970229,-11.512925464970229
-8.475375,-0.4753752600000001,-0.9753753,-7.350375,-11.512925464970229
-11.512925464970229,-2.3581314,-0.10813131,-5.9831314,-11.512925464970229
-11.512925464970229,-3.3004324,-0.050432548,-5.3004327,-11.512925464970229
-0.4752476,-0.9752476,-7.1002474,-11.512925464970229,-11.512925464970229
-8.850771,-0.9757706,-0.4757705999999999,-7.4757705,-11.512925464970229
-4.885108,-0.1351078499999999,-2.3851078,-9.135108,-11.512925464970229
-7.150611,-0.0256107929999999,-3.7756107,-11.275611,-11.512925464970229
-11.512925464970229,-2.3533618,-0.1033618199999999,-6.6033616,-11.512925464970229
-7.924194,-0.0491936839999999,-3.0491936,-10.799193,-11.512925464970229
-8.878666,-0.2536656299999999,-1.5036657,-9.503666,-11.512925464970229
-7.9242315,-0.04923159,-3.0492315,-10.799232,-11.512925464970229
-2.3650198,-0.115019895,-4.36502,-11.512925464970229,-11.512925464970229
-6.3144507,-0.06445078,-2.8144507,-10.939451,-11.512925464970229
-2.6083577,-0.10835778,-3.6083577,-8.858357,-11.512925464970229
-7.1751394,-0.050139606,-3.0501397,-10.050139,-11.512925464970229
-7.7044277,-0.57942784,-0.82942784,-7.8294277,-11.512925464970229
-11.512925464970229,-6.7242775,-0.09927739,-2.5992775,-11.512925464970229
-7.843711,-0.7187109,-0.7187109,-7.843711,-11.512925464970229
-0.5782017999999999,-0.8282018,-7.328202,-11.512925464970229,-11.512925464970229
-5.7079387,-0.0829384799999999,-2.5829384,-10.957938,-11.512925464970229
-6.215401,-0.21540102,-1.715401,-8.215401,-11.512925464970229
-6.2188478,-0.3438478999999999,-1.3438479,-7.4688478,-11.512925464970229
-11.512925464970229,-6.454618,-0.20461787,-1.7046179,-10.0796175
-11.512925464970229,-11.512925464970229,-9.789095,-0.039095357,-3.2890954
-11.512925464970229,-4.268418,-0.0184178689999999,-5.518418,-11.512925464970229
-11.512925464970229,-8.850981,-0.4759803699999999,-0.9759804,-11.512925464970229
-11.512925464970229,-4.02068,-0.0206801569999999,-6.02068,-11.512925464970229
-11.512925464970229,-2.8241186,-0.07411856,-4.6991186,-11.512925464970229
-11.512925464970229,-11.512925464970229,-3.0499625,-0.0499624949999999,-7.1749625
-11.512925464970229,-5.481655,-0.10665491,-2.356655,-11.512925464970229
-11.512925464970229,-5.907524,-0.032524016,-3.532524,-11.512925464970229
-7.266031,-0.39103076,-1.1410308,-8.14103,-11.512925464970229
-11.512925464970229,-11.512925464970229,-6.8811264,-0.00612633,-5.6311264
-11.512925464970229,-8.601065,-0.4760648,-0.9760648,-11.512925464970229
-11.512925464970229,-6.689332,-0.0643321799999999,-2.8143322,-11.512925464970229
-7.5646644,-0.31466424,-1.3146642,-8.189664,-11.512925464970229
-11.512925464970229,-9.2545595,-1.5045596,-0.25455964,-9.7545595
-0.4751003,-0.9751003,-7.7251005,-11.512925464970229,-11.512925464970229
-11.512925464970229,-11.512925464970229,-5.5162435,-0.016243273,-4.7662435
-11.512925464970229,-11.512925464970229,-4.024938,-0.0249380259999999,-5.899938
-3.3056793,-0.0556792059999999,-4.0556793,-11.305679,-11.512925464970229
-11.512925464970229,-7.516697,-1.1416969,-0.39169687,-8.516697
-11.512925464970229,-5.704843,-0.704843,-0.704843,-8.829843
-11.512925464970229,-11.276876,-3.7768764,-0.026876412,-6.1518764
-11.512925464970229,-5.0688887,-0.068888776,-2.8188887,-11.512925464970229
-11.512925464970229,-11.512925464970229,-4.7592473,-0.0092471499999999,-8.134247
-9.51239,-0.3873899599999999,-1.1373899,-8.76239,-11.512925464970229
-11.512925464970229,-6.9788957,-0.4788956999999998,-0.97889566,-11.353896
-11.512925464970229,-11.512925464970229,-10.197482,-0.3224821399999999,-1.3224821
-11.512925464970229,-5.4150863,-0.16508637,-1.9150864,-11.512925464970229
-11.512925464970229,-2.1463473,-0.14634721,-4.396347,-11.512925464970229
-10.537824,-1.9128236,-0.1628235099999999,-6.4128237,-11.512925464970229
-4.1790223,-0.17902246,-1.9290224,-8.429023,-11.512925464970229
-11.512925464970229,-8.633943,-1.5089428,-0.2589427799999999,-9.758943
-11.512925464970229,-11.512925464970229,-8.477181,-0.1021815399999999,-2.3521814
-11.512925464970229,-11.512925464970229,-10.474762,-0.4747614999999999,-0.9747615
-3.542438,-0.04243801,-4.417438,-11.512925464970229,-11.512925464970229
-11.512925464970229,-11.512925464970229,-8.674532,-0.0495322829999999,-3.0495322
-11.512925464970229,-11.512925464970229,-11.512925464970229,-1.1371202,-0.3871202199999999
-11.512925464970229,-11.512925464970229,-6.53982,-0.039820187,-3.2898202
-11.512925464970229,-11.512925464970229,-9.261378,-0.0113783669999999,-4.5113783
-1.5213051,-0.27130505,-4.146305,-9.646305,-11.512925464970229
-11.512925464970229,-11.512925464970229,-5.880252,-0.0052516605,-6.130252
-11.512925464970229,-11.512925464970229,-6.407419,-0.03241901,-3.532419
-11.512925464970229,-11.512925464970229,-11.512925464970229,-1.9108549,-0.16085492
-11.512925464970229,-11.512925464970229,-8.257897,-0.0078971439999999,-5.0078974
-1.5030539,-0.25305393,-6.878054,-11.512925464970229,-11.512925464970229
-11.512925464970229,-5.853708,-0.1037076859999999,-2.3537078,-11.512925464970229
-11.512925464970229,-5.7563305,-0.2563302799999999,-1.5063303,-11.512925464970229
-4.6373186,-0.0123184439999999,-6.0123186,-11.512925464970229,-11.512925464970229
-7.063337,-0.06333706,-2.813337,-10.688337,-11.512925464970229
-11.512925464970229,-11.512925464970229,-6.8876925,-0.012692585,-4.5126925
-6.688896,-0.06389614,-2.8138962,-10.313896,-11.512925464970229
-11.512925464970229,-7.037134,-0.1621343599999999,-1.9121344,-11.512925464970229
-11.512925464970229,-6.952701,-0.8277009,-0.5777009,-9.077701
-11.512925464970229,-11.512925464970229,-10.201148,-0.5761477,-0.8261477
-11.512925464970229,-11.205319,-2.580319,-0.08031896,-7.705319
-11.512925464970229,-11.512925464970229,-4.2654,-0.015399737,-7.0154
-11.512925464970229,-11.512925464970229,-8.062507,-0.062507145,-2.8125072
-11.512925464970229,-11.512925464970229,-11.512925464970229,-2.127168,-0.1271679999999999
-11.512925464970229,-11.512925464970229,-11.512925464970229,-1.9104576,-0.16045767
-11.512925464970229,-11.512925464970229,-9.25259,-0.2525899,-1.50259
-11.512925464970229,-3.5492887,-0.04928867,-4.1742887,-11.512925464970229
-11.512925464970229,-8.689115,-1.3141146,-0.31411454,-8.939115
-9.880409,-1.5054094,-0.25540933,-6.3804092,-11.512925464970229
-0.1274252499999999,-2.1274252,-8.377425,-11.512925464970229,-11.512925464970229
-11.512925464970229,-7.439182,-0.31418177,-1.3141818,-11.512925464970229
-11.512925464970229,-6.2041698,-0.2041698799999999,-1.7041699,-9.57917
-11.512925464970229,-2.8151581,-0.065158024,-5.815158,-11.512925464970229
-3.787195,-0.037194878,-4.2871947,-11.512925464970229,-11.512925464970229
-11.512925464970229,-8.443828,-0.69382733,-0.69382733,-9.818828
-11.512925464970229,-10.7893505,-3.2893505,-0.0393506199999999,-7.2893505
-11.512925464970229,-11.512925464970229,-7.382568,-0.007568061,-5.007568
-0.9850780999999998,-0.4850780999999999,-4.610078,-9.985078,-11.512925464970229
-11.512925464970229,-11.512925464970229,-7.7991705,-0.0491704229999999,-3.0491705
-11.512925464970229,-11.512925464970229,-9.701641,-0.826641,-0.5766410000000001
-11.512925464970229,-11.512925464970229,-10.262542,-1.1375421,-0.38754216
-11.512925464970229,-11.512925464970229,-4.759025,-0.0090251899999999,-8.009026
-8.327283,-0.82728314,-0.5772831400000001,-7.577283,-11.512925464970229
-11.512925464970229,-7.4527392,-0.20273903,-1.702739,-9.452739
-11.512925464970229,-5.2578735,-0.25787377,-1.5078738,-11.512925464970229
-4.8203998,-0.0703997499999999,-2.8203998,-10.070399,-11.512925464970229
-11.512925464970229,-4.32606,-0.07605972,-2.8260598,-11.512925464970229
-11.512925464970229,-11.512925464970229,-4.022253,-0.0222529939999999,-7.522253
-11.512925464970229,-3.796199,-0.0461989679999999,-3.796199,-11.512925464970229
-11.512925464970229,-11.512925464970229,-4.515103,-0.0151030699999999,-5.765103
-11.512925464970229,-11.512925464970229,-5.88119,-0.0061895989999999,-6.00619
-11.512925464970229,-11.512925464970229,-5.2587357,-0.008735827,-6.6337357
-11.512925464970229,-11.512925464970229,-7.751881,-0.0018810426999999,-6.626881
-0.71939147,-0.71939147,-4.0943913,-7.4693913,-8.469392
-11.512925464970229,-11.512925464970229,-9.001641,-0.0016411424,-7.1266413
-11.512925464970229,-6.514557,-0.38955677,-1.1395568,-10.389557
-11.512925464970229,-11.512925464970229,-4.0227957,-0.0227957999999999,-7.3977957
-11.512925464970229,-4.5407996,-0.0407993899999999,-3.5407994,-11.512925464970229
-11.512925464970229,-7.692597,-0.31759706,-1.317597,-10.692597
-11.512925464970229,-4.922021,-0.04702079,-3.2970207,-11.512925464970229
-7.97989,-0.97988963,-0.4798896599999999,-6.35489,-11.512925464970229
-7.574966,-0.32496578,-1.3249657,-8.3249655,-11.512925464970229
-11.512925464970229,-4.1555223,-0.0305221079999999,-4.4055223,-11.512925464970229
-11.512925464970229,-4.781227,-0.03122698,-4.031227,-11.512925464970229
-11.512925464970229,-3.0626225,-0.06262248,-4.5626225,-11.512925464970229
-11.512925464970229,-11.512925464970229,-5.510264,-0.01026406,-8.260264
-11.512925464970229,-3.0626225,-0.06262248,-4.5626225,-11.512925464970229
-11.512925464970229,-11.512925464970229,-5.0099773,-0.009977531,-6.0099773
-11.512925464970229,-8.41496,-1.9149603,-0.1649602399999999,-10.53996
-7.83051,-0.83051026,-0.58051026,-5.83051,-11.512925464970229
-11.512925464970229,-4.655511,-0.0305111239999999,-4.030511,-11.512925464970229
-11.512925464970229,-4.5314555,-0.031455375,-4.0314555,-11.512925464970229
-11.512925464970229,-7.983527,-0.98352736,-0.48352736,-8.483527
-11.512925464970229,-3.7836065,-0.033606637,-5.1586065,-11.512925464970229
-11.512925464970229,-4.276257,-0.026257107,-4.651257,-11.512925464970229
-11.512925464970229,-7.092192,-0.21719196,-1.7171919,-11.217192
-5.093344,-0.2183441999999999,-1.7183442,-7.843344,-11.512925464970229
-1.5151668,-0.26516676,-6.1401668,-11.512925464970229,-11.512925464970229
-11.512925464970229,-7.0050507,-0.2550508000000001,-1.5050508,-11.255051
-8.639012,-1.1390126,-0.3890126,-6.764013,-11.512925464970229
-9.083196,-1.7081958,-0.20819585,-5.3331957,-11.512925464970229
-3.2956274,-0.045627426,-4.9206276,-11.512925464970229,-11.512925464970229
-11.512925464970229,-7.4549756,-0.2049756999999999,-1.7049757,-10.579976
-11.439057,-3.0640569,-0.0640569499999999,-4.814057,-11.512925464970229
-11.512925464970229,-11.512925464970229,-7.774045,-0.0240448659999999,-3.7740448
-1.5097755,-0.2597755,-4.8847756,-10.884775,-11.512925464970229
-11.512925464970229,-11.512925464970229,-11.193222,-1.3182222,-0.31822214
-6.503683,-0.12868297,-2.128683,-10.128683,-11.512925464970229
-11.512925464970229,-8.508496,-2.1334968,-0.1334967199999999,-8.133496
-11.512925464970229,-11.512925464970229,-9.012299,-0.3872986,-1.1372986
-11.512925464970229,-4.5169353,-0.016935378,-5.2669353,-11.512925464970229
-7.8190966,-0.6940965,-0.6940965,-8.319097,-11.512925464970229
-5.441923,-0.06692309,-2.8169231,-11.066923,-11.512925464970229
-11.244078,-2.369078,-0.1190779899999999,-4.369078,-11.512925464970229
-11.512925464970229,-11.512925464970229,-10.004393,-0.0043923789999999,-5.754392
-11.512925464970229,-11.512925464970229,-11.512925464970229,-0.0145994489999999,-4.2645993
-11.512925464970229,-2.8157215,-0.06572146,-5.9407215,-11.512925464970229
-11.512925464970229,-11.512925464970229,-11.329646,-0.079646565,-2.5796466
-11.512925464970229,-10.002572,-2.1275716,-0.1275716399999999,-10.127572
-11.512925464970229,-11.512925464970229,-9.880994,-0.0059936209999999,-5.380994
-11.512925464970229,-11.512925464970229,-11.00628,-0.0062797559999999,-5.25628
-10.104415,-2.729415,-0.2294148699999999,-1.9794148,-11.512925464970229
-11.512925464970229,-1.7033339,-0.20333387,-6.578334,-11.512925464970229
-11.512925464970229,-9.881659,-2.1316586,-0.13165867,-9.756659
-11.512925464970229,-11.512925464970229,-10.675699,-0.050699543,-3.0506995
-11.512925464970229,-11.512925464970229,-9.501003,-0.0010033934,-7.1260033
-11.512925464970229,-11.512925464970229,-10.133105,-0.00810481,-5.008105
-3.5437834,-0.04378348,-4.4187837,-11.043783,-11.512925464970229
-11.512925464970229,-11.512925464970229,-11.512925464970229,-0.1015903899999999,-2.3515904
-11.512925464970229,-2.8304906,-0.08049066,-4.8304906,-11.512925464970229
-10.441246,-1.3162458,-0.31624585,-6.691246,-11.512925464970229
-11.512925464970229,-5.9820404,-0.48204035,-0.98204035,-10.23204
-11.512925464970229,-7.706297,-0.5812968,-0.8312968,-11.512925464970229
-11.512925464970229,-8.139194,-1.1391937,-0.38919365,-9.389194
-11.512925464970229,-4.8627744,-0.1127745999999999,-2.3627746,-11.512925464970229
-11.512925464970229,-11.512925464970229,-8.399184,-0.024183806,-3.7741838
-11.512925464970229,-9.459527,-2.5845273,-0.0845273059999999,-9.834527
-9.133087,-1.5080875,-0.25808755,-5.5080876,-11.512925464970229
-11.0068,-1.5068002,-0.2568001699999999,-5.6318,-11.512925464970229
-11.512925464970229,-3.9776828,-0.10268274,-2.6026828,-11.512925464970229
-11.512925464970229,-11.512925464970229,-6.6298413,-0.0048411535,-5.8798413
-11.512925464970229,-5.0163074,-0.26630732,-1.5163074,-11.512925464970229
-8.035949,-0.16094889,-1.9109489,-10.160949,-11.512925464970229
-8.315685,-0.3156848799999999,-1.3156849,-8.315685,-11.512925464970229
-10.96013,-2.83513,-0.085129865,-4.2101297,-11.512925464970229
