1,2,3,4,5
-0.57653344,-0.82653344,-7.5765333,-11.512925464970229,-11.512925464970229
-10.5000515,-5.145119000003408e-05,-11.512925464970229,-11.512925464970229,-11.512925464970229
-5.7820597,-2.53206,-1.0320599,-0.6570599,-3.15706
-4.7400055,-1.1150053,-0.6150053,-2.1150053,-6.2400055
-7.13548,-3.0104802,-1.0104802,-0.7604801,-2.1354802
-6.5810437,-2.081044,-0.5810439,-1.206044,-4.2060437
-7.361035,-3.6110349,-1.7360349,-0.86103487,-0.98603487
-10.072077,-4.8220763,-1.4470764,-0.3220764,-3.4470763
-3.5292597,-2.2792597,-2.0292597,-1.5292597,-0.65425974
-10.326631,-4.5766306,-1.2016308,-0.45163077,-2.9516308
-11.512925464970229,-8.936354,-5.0613537,-1.8113539,-0.1863538599999999
-6.2318993,-2.481899,-1.231899,-1.231899,-1.106899
-10.844286,-5.0942864,-1.3442864,-0.3442864,-3.7192864
-5.763027,-1.763027,-0.63802695,-1.263027,-4.263027
-0.8266224000000001,-0.5766224,-7.4516225,-11.512925464970229,-11.512925464970229
-7.5948315,-2.5948317,-0.46983165,-1.2198317,-5.4698315
-1.0541102,-0.42911017,-7.92911,-11.512925464970229,-11.512925464970229
-9.82302,-4.8230205,-1.8230205,-0.5730203999999999,-1.3230205
-9.5963955,-3.9713955,-0.84639555,-0.5963955500000001,-6.8463955
-5.647276,-1.0222762,-0.5222761,-3.1472762,-7.772276
-7.9982104,-2.4982102,-0.3732102199999999,-1.4982102,-5.2482104
-4.5714707,-0.44647095,-1.071471,-4.9464707,-10.383971
-10.859685,-6.672185,-3.4221852,-1.1721852,-0.42218515
-4.9714174,-0.59641725,-0.84641725,-4.3464174,-8.846417
-2.1195068,-0.49450678,-1.3695068,-4.244507,-6.619507
-7.8293457,-2.3293457,-0.3293457599999999,-1.7043457,-7.0793457
-6.2644997,-1.2644998,-0.3894997999999999,-3.2645,-11.512925464970229
-11.512925464970229,-10.446282,-6.696283,-2.6962826,-0.07128263
-8.007458,-2.3824577,-0.38245776,-1.5074577,-5.6324577
-4.942641,-0.4426407799999999,-1.0676408,-5.067641,-11.512925464970229
-1.5032768,-0.25327685,-6.753277,-11.512925464970229,-11.512925464970229
-7.2706614,-2.520661,-0.5206612,-1.1456611,-5.0206614
-3.9247823,-0.0497821639999999,-3.5497823,-11.174782,-11.512925464970229
-9.99989,-4.62489,-1.3748899,-0.3748899,-2.9998899
-11.215741,-7.2157416,-3.8407416,-0.7157416,-0.7157416
-4.0356736,-0.4106735000000001,-1.1606735,-5.1606736,-11.512925464970229
-7.5243945,-2.5243945,-0.6493944999999999,-1.0243945,-3.2743945
-8.952557,-3.7025564,-0.95255643,-0.5775564300000001,-3.5775564
-10.764421,-6.3894215,-3.2644217,-1.2644217,-0.38942167
-8.131262,-3.2562613,-1.0062613,-0.63126135,-2.7562613
-4.0204244,-0.14542432,-2.1454244,-8.020424,-11.512925464970229
-6.420129,-1.7951291,-0.54512906,-1.4201291,-4.545129
-10.309535,-5.434535,-2.5595353,-1.0595353,-0.5595351999999999
-10.310526,-5.4355254,-2.3105254,-0.9355255,-0.6855255000000001
-8.376698,-3.1266975,-0.6266975,-0.8766975,-5.2516975
-9.407521,-5.1575217,-2.5325215,-0.78252155,-0.78252155
-11.512925464970229,-6.183523,-2.3085234,-0.30852333,-1.8085233
-7.3528047,-1.6028047,-0.3528045999999999,-2.3528047,-9.602804
-3.4341698,-0.05916965,-3.6841698,-11.43417,-11.512925464970229
-5.2207227,-0.7207227,-0.7207227,-3.8457227,-9.470722
-9.540701,-4.5407004,-1.2907004,-0.41570047,-2.9157004
-7.2980933,-1.6730934,-0.2980934,-2.6730933,-8.173094
-4.978625,-0.7286247,-0.7286247,-3.6036248,-8.103624
-5.0924935,-0.5924933600000001,-0.84249336,-4.5924935,-9.967493
-7.8997135,-2.6497135,-0.5247136,-1.1497135,-3.8997135
-8.692848,-3.1928484,-0.6928484399999999,-0.81784844,-4.067848
-8.519981,-4.144981,-1.644981,-0.39498103,-2.144981
-6.8750706,-1.7500707,-0.3750706599999999,-2.0000706,-6.0000706
-6.713267,-2.5882668,-0.83826673,-0.83826673,-2.8382668
-8.977772,-4.7277718,-1.9777715,-0.8527716000000001,-0.8527716000000001
-11.512925464970229,-7.588615,-3.713615,-0.3386148199999999,-1.3386148
-9.30274,-3.30274,-0.4277399999999999,-1.17774,-5.80274
-3.3431077,-0.2181077499999999,-1.8431077,-6.2181077,-11.512925464970229
-8.365109,-2.2401092,-0.2401092499999999,-2.2401092,-8.490109
-3.9954896,-0.2454897199999999,-1.6204897,-6.6204896,-11.512925464970229
-8.017127,-1.7671273,-0.2671272199999999,-2.7671273,-8.142127
-6.1736336,-2.5486336,-0.7986337,-0.7986337,-3.9236336
-4.4211473,-0.29614717,-1.4211471,-5.9211473,-11.512925464970229
-6.092574,-1.092574,-0.46757397,-3.342574,-7.842574
-7.092916,-1.7179161,-0.34291613,-2.217916,-6.842916
-8.242304,-3.2423043,-0.86730427,-0.74230427,-2.7423043
-11.512925464970229,-9.14138,-4.7663803,-0.6413805000000001,-0.7663805
-0.7156754,-0.7156754,-3.8406754,-7.8406754,-7.9656754
-5.448086,-1.0730859,-0.5730859,-2.4480858,-5.698086
-7.4550905,-2.0800905,-0.4550904,-1.4550904,-5.0800905
-5.033399,-0.6583988999999999,-0.7833989,-4.033399,-6.783399
-11.340907,-5.6534076,-1.7784073,-0.2784074,-2.6534073
-5.341369,-0.59136933,-0.84136933,-4.591369,-10.27887
-3.9730403,-0.098040245,-2.5980403,-9.223041,-11.512925464970229
-8.90994,-2.53494,-0.2849400000000001,-1.78494,-7.53494
-1.7020957,-0.2020957499999999,-7.452096,-11.512925464970229,-11.512925464970229
-5.264066,-1.014066,-0.5140660400000001,-3.389066,-9.139066
-10.423042,-5.923043,-2.6730428,-0.42304268,-1.2980427
-5.9591384,-0.7091386,-0.7091386,-4.3341384,-10.146639
-5.90223,-1.02723,-0.5272299599999999,-3.02723,-7.65223
-7.9897785,-2.4897785,-0.4897783999999999,-1.2397784,-4.2397785
-7.34432,-1.9693198,-0.4693198,-1.5943198,-3.4693198
-9.150002,-3.7750018,-1.0250018,-0.5250017,-3.6500018
-0.57664645,-0.82664645,-7.3266463,-11.512925464970229,-11.512925464970229
-7.9613523,-2.7113526,-0.4613525599999999,-1.2113526,-5.3363523
-8.280309,-3.155309,-0.905309,-0.6553089999999999,-3.405309
-9.192572,-4.4425716,-1.6925715,-0.6925715,-1.1925715
-10.712516,-4.2750154,-0.7750155,-0.6500155,-5.7750154
-4.5288906,-0.1538907099999999,-2.0288906,-8.278891,-11.512925464970229
-3.9499657,-0.19996566,-1.8249657,-7.3249655,-11.512925464970229
-6.4353027,-1.4353025,-0.4353025599999999,-2.1853025,-7.3103027
-2.1315885,-0.13158844,-5.3815885,-11.512925464970229,-11.512925464970229
-3.2537436,-0.12874366,-2.5037436,-8.128744,-11.512925464970229
-7.002638,-2.5026376,-0.6276376,-1.0026376,-4.127638
-5.855308,-0.48030806,-0.98030806,-5.730308,-11.512925464970229
-6.572419,-1.0724194,-0.4474194,-4.072419,-11.512925464970229
-7.163771,-1.1637712,-0.41377115,-3.6637712,-10.163771
-6.8326955,-2.2076955,-0.58269554,-1.2076955,-3.4576955
-7.795461,-1.7954612,-0.29546115,-2.4204612,-7.920461
-1.3139665,-0.3139664799999999,-7.3139663,-11.512925464970229,-11.512925464970229
-5.706521,-1.3315213,-0.4565211999999999,-2.3315213,-6.331521
-11.512925464970229,-11.512925464970229,-11.512925464970229,-11.512925464970229,-11.512925464970229
-8.533783,-4.6587825,-2.4087827,-1.1587827,-0.53378266
-8.197541,-2.1975412,-0.32254112,-1.8225411,-5.947541
-2.961907,-0.0869068949999999,-3.461907,-9.461906,-11.512925464970229
-3.749508,-0.12450799,-2.374508,-7.874508,-11.512925464970229
-10.500062,-6.229871999996098e-05,-11.512925464970229,-11.512925464970229,-11.512925464970229
-6.675642,-2.425642,-0.6756419500000002,-0.92564195,-5.300642
-9.512815,-4.262816,-1.262816,-0.5128159500000001,-2.262816
-11.512925464970229,-10.102794,-6.1027937,-1.6027938,-0.2277938
-9.030413,-4.5304127,-1.6554128,-0.40541282,-2.030413
-8.944829,-3.444829,-0.81982887,-0.69482887,-3.569829
-10.682294,-6.8072934,-3.4322934,-0.55729353,-0.93229353
-11.512925464970229,-8.983156,-4.7331557,-0.9831557,-0.48315576
-6.853179,-1.8531787,-0.3531788,-1.9781787,-6.603179
-8.732949,-3.607949,-0.8579491000000001,-0.6079490999999999,-5.4829493
-8.8107815,-4.185781,-1.3107811,-0.43578112,-2.685781
-11.512925464970229,-7.0792775,-3.0792775,-0.3292774,-1.4542774
-11.512925464970229,-11.512925464970229,-7.6956162,-2.6956165,-0.0706163699999999
-9.492893,-4.617893,-1.4928935,-0.3678934,-2.6178935
-8.570093,-3.1950936,-0.6950935,-0.8200935,-3.9450936
-3.7268941,-0.22689407,-1.726894,-6.851894,-11.512925464970229
-7.3965793,-2.8965795,-0.64657944,-0.89657944,-4.3965793
-0.8270671,-0.5770671000000002,-6.952067,-11.512925464970229,-11.512925464970229
-9.923898,-3.7988973,-0.5488973,-0.9238973,-6.0488973
-11.512925464970229,-10.930913,-6.9309125,-1.8059127,-0.1809127199999999
-6.4418006,-1.9418006,-0.56680065,-1.3168006,-3.9418006
-6.622021,-2.247021,-0.747021,-0.997021,-2.997021
-11.4511175,-7.576117,-4.451117,-1.326117,-0.3261170999999999
-11.512925464970229,-11.055573,-7.4305735,-2.9305737,-0.05557366
-2.5213158,-0.1463158099999999,-2.8963158,-7.8963156,-11.512925464970229
-0.5787204999999999,-11.512925464970229,-11.512925464970229,-11.512925464970229,-11.512925464970229
-6.870839,-5.495839,-6.995839,-6.245839,-5.370839
-10.215206,-5.902706,-2.652706,-0.2777059,-1.7777059
-11.512925464970229,-10.476506,-7.101506,-2.3515065,-0.1015063799999999
-8.082316,-4.0823164,-1.8323166,-0.5823166400000002,-1.3323166
-4.8611765,-0.3611763999999999,-1.2361764,-5.3611765,-9.8611765
-6.1978235,-11.512925464970229,-5.8228235,-6.3228235,-11.512925464970229
-6.3334136,-1.2084134,-0.45841342,-2.7084134,-7.9584136
-11.512925464970229,-11.512925464970229,-11.512925464970229,-11.512925464970229,-11.512925464970229
-1.9391013,-0.18910134,-3.5641012,-9.564101,-11.512925464970229
-9.779151,-5.279151,-2.4041507,-0.5291508000000001,-1.1541507
-5.990574,-1.1155738,-0.4905737599999999,-2.865574,-7.865574
-6.062483,-1.187483,-0.43748295,-3.0624828,-8.812483
-6.510598,-2.0105984,-0.5105984000000001,-1.3855984,-4.260598
-10.892355,-5.954855,-2.704855,-0.70485497,-0.82985497
-8.588843,-3.5888436,-0.96384364,-0.5888436400000001,-3.3388436
-1.4064384,-0.2814383,-8.281438,-11.512925464970229,-11.512925464970229
-5.720257,-1.3452567,-0.4702566999999999,-2.2202568,-5.970257
-11.512925464970229,-8.141437,-4.266437,-1.516437,-0.2664370199999999
-11.512925464970229,-8.203382,-4.8283815,-2.7033818,-0.0783816899999999
-11.512925464970229,-6.3693824,-2.4943824,-0.3693823999999999,-1.4943824
-0.0076212958,-11.512925464970229,-11.512925464970229,-11.512925464970229,-11.512925464970229
-3.913516,-0.1635161499999999,-2.038516,-7.413516,-11.512925464970229
-10.064111,-4.9391108,-1.564111,-0.31411096,-2.939111
-0.0182360999999999,-4.018236,-11.512925464970229,-11.512925464970229,-11.512925464970229
-3.3856597,-0.1356597699999999,-2.3856597,-7.5106597,-11.512925464970229
-6.6785674,-2.5535674,-0.8035674,-0.8035674,-3.6785674
-4.611911,-0.36191073,-1.2369107,-5.736911,-11.424411
-6.6043086,-1.9793086,-0.60430866,-1.2293086,-3.8543086
-5.4122686,-0.5372688,-0.9122688,-4.6622686,-10.849769
-7.8237762,-3.5737762,-1.5737762,-0.6987762,-1.3237762
-9.829542,-4.329542,-1.2045423,-0.4545422799999999,-2.9545422
-11.512925464970229,-0.00039611853,-11.512925464970229,-11.512925464970229,-11.512925464970229
-11.512925464970229,-6.686249,-3.061249,-0.4362489299999999,-1.1862489
-3.2436724,-0.24367228,-1.7436723,-6.3686724,-11.512925464970229
-11.512925464970229,-10.101901,-6.4769015,-2.3519013,-0.10190135
-10.73893,-5.86393,-2.3639302,-0.4889300999999999,-1.2389301
-0.0298287029999999,-3.5298288,-11.342329,-11.512925464970229,-11.512925464970229
-4.2680573,-0.26805714,-1.5180571,-6.2680573,-11.512925464970229
-0.82722205,-0.5772220499999999,-6.702222,-11.512925464970229,-11.512925464970229
-1.4065259,-0.2815259,-8.031526,-11.512925464970229,-11.512925464970229
-2.498952,-0.12395199,-3.373952,-9.498952,-11.512925464970229
-4.421825,-0.2968251399999999,-1.4218252,-5.671825,-11.512925464970229
-2.0406873,-0.1656872599999999,-3.7906873,-9.665688,-11.512925464970229
-5.65687,-0.6568698,-0.7818698,-3.90687,-9.28187
-4.2996407,-0.5496406,-0.9246406,-4.4246407,-7.6746407
-7.807987,-2.8079875,-0.5579873999999999,-1.1829875,-2.8079875
-9.9507,-5.2007,-1.8256997,-0.3256997199999999,-2.2006998
-6.572009,-0.69700885,-0.69700885,-6.072009,-11.512925464970229
-0.0165676359999999,-11.512925464970229,-11.512925464970229,-11.512925464970229,-11.512925464970229
-5.4564056,-0.95640564,-0.58140564,-2.9564056,-8.331406
-10.243836,-6.993836,-3.9938362,-0.99383605,-0.49383608
-9.399418,-3.024418,-0.3994181499999999,-1.2744181,-7.0244184
-3.925871,-0.4258709,-1.1758709,-4.050871,-6.925871
-0.31355935,-1.3135593,-8.43856,-11.512925464970229,-11.512925464970229
-3.820875,-0.070874825,-3.070875,-9.695875,-11.512925464970229
-0.25342926,-11.512925464970229,-11.512925464970229,-11.512925464970229,-11.512925464970229
-9.951297,-4.4512973,-1.2012973,-0.5762971999999998,-2.0762973
-11.512925464970229,-10.46558,-6.46558,-2.4655802,-0.09058014
-10.700383,-4.7003827,-1.2003827,-0.45038274,-2.9503827
-10.909834,-6.159834,-2.4098341,-0.4098340599999999,-1.409834
-5.7027016,-1.8277013,-0.57770133,-1.4527013,-3.2027013
-11.512925464970229,-11.512925464970229,-11.512925464970229,-11.512925464970229,-11.512925464970229
-10.343952,-5.843952,-2.218952,-0.3439520299999999,-1.7189521
-1.9147432,-0.1647432,-5.4147434,-11.512925464970229,-11.512925464970229
-8.389761,-3.0147614,-0.6397613999999999,-0.8897614,-4.3897614
-10.159812,-4.784812,-1.5348121,-0.5348121,-1.6598121
-8.486324,-3.4863243,-1.2363242,-0.7363242,-1.6113242
-11.512925464970229,-11.512925464970229,-11.512925464970229,-11.512925464970229,-11.512925464970229
-5.4076667,-0.78266656,-0.6576665600000001,-3.9076667,-9.907666
-2.7020822,-0.077082105,-4.952082,-11.512925464970229,-11.512925464970229
-5.531732,-0.5317322600000001,-0.90673226,-5.406732,-11.512925464970229
-1.2239134,-0.34891337,-7.848913,-11.512925464970229,-11.512925464970229
-5.6421213,-1.1421213,-0.51712126,-2.5171213,-8.142121
-9.105496,-5.2304964,-2.4804962,-0.4804962300000001,-1.2304962
-6.496724,-0.99672407,-0.4967240699999999,-3.8717241,-11.512925464970229
-4.95884,-0.20884006,-1.70884,-8.08384,-11.512925464970229
-7.591309,-2.216309,-0.21630915,-2.466309,-10.71631
-10.456353,-6.4563537,-3.7063537,-1.8313537,-0.20635362
-8.864393,-2.8643935,-0.4893935,-1.1143935,-6.6143937
-11.512925464970229,-9.5105295,-11.512925464970229,-11.512925464970229,-11.512925464970229
-11.158005,-3.9705052,-0.5955051,-0.8455050999999999,-7.720505
-8.056791,-3.1817915,-0.8067916,-1.0567915,-1.8067915
-8.824334,-3.449334,-0.82433385,-0.94933385,-1.9493339
-7.7755246,-1.9005247,-0.2755247699999999,-2.4005249,-10.838025
-6.826233,-3.076233,-1.3262329,-0.9512329,-1.2012329
-4.390076,-0.1400761999999999,-2.1400762,-8.015077,-11.512925464970229
-8.486992,-1.7369914,-0.2369914199999999,-3.3619914,-11.512925464970229
-1.9391791,-0.1891790999999999,-3.5641792,-9.939179,-11.512925464970229
-5.9777083,-1.2277082,-0.47770822,-2.4777083,-8.352708
-11.512925464970229,-7.776218,-4.026218,-0.77621806,-0.6512180599999999
-11.512925464970229,-7.061282,-3.3112822,-0.5612821,-0.9362821
-7.0261683,-3.0261683,-1.0261682,-0.6511682,-2.6511683
-11.512925464970229,-9.130356,-5.755356,-1.5053558,-0.2553557799999999
-11.512925464970229,-11.512925464970229,-11.008674,-4.7586737,-0.0086734299999999
-3.83079,-0.45578998,-1.08079,-5.33079,-11.512925464970229
-7.226629000009049e-06,-11.512925464970229,-11.512925464970229,-11.512925464970229,-11.512925464970229
-9.550977,-4.8634768,-1.7384768,-0.36347678,-2.1134768
-10.026888,-5.3393874,-2.0893877,-0.33938763,-1.8393877
-11.512925464970229,-9.87857,-6.6285696,-2.1285694,-0.1285694699999999
-11.512925464970229,-9.130776,-5.630776,-1.5057759,-0.2557759599999999
-5.988995,-0.8639951,-0.6139951000000001,-3.363995,-9.113995
-5.796184700040589e-06,-11.512925464970229,-11.512925464970229,-11.512925464970229,-11.512925464970229
-4.7423677,-0.742368,-0.742368,-3.242368,-9.804868
-9.3141365,-2.8141365,-0.31413656,-1.5641365,-9.0641365
-9.294596,-3.9195955,-1.1695955,-0.5445954000000001,-2.4195955
-7.292469,-3.667469,-1.542469,-0.4174690799999999,-2.292469
-8.50765,-3.1326504,-0.7576503,-0.7576503,-4.0076504
-9.254548,-4.0045485,-1.2545485,-0.5045485,-2.3795485
-11.476419,-5.4139194,-1.7889194,-0.4139194,-1.7889194
-11.512925464970229,-7.201612,-3.8266122,-1.0766121,-0.45161214
-10.980818,-4.7933183,-1.1683182,-0.41831812,-3.793318
-4.205836,-1.2058357,-0.5808357,-2.0808358,-6.705836
-10.703674,-5.8911743,-2.5161743,-0.5161743,-1.1411743
-9.792289,-5.292289,-2.4172888,-0.79228866,-0.79228866
-9.342045,-4.842045,-2.092045,-0.967045,-0.717045
-9.87602,-5.001021,-1.8760207,-0.3760207,-1.8760207
-11.512925464970229,-11.312572,-7.5625715,-2.8125715,-0.06257142
-10.1515665,-4.339067,-1.0890669,-0.4640668599999999,-3.839067
-5.342305,-0.71730524,-0.71730524,-3.9673052,-11.217305
-5.1869845,-0.9369845,-0.5619844999999999,-3.4369845,-11.512925464970229
-7.8054233,-2.5554233,-0.43042323,-1.3054233,-7.9304233
-11.512925464970229,-9.590304,-6.715304,-2.4653041,-0.09030408
-11.512925464970229,-9.566778,-5.691778,-1.3167783,-0.31677833
-11.512925464970229,-9.579484,-5.8294845,-1.7044843,-0.20448436
-11.512925464970229,-7.6009274,-3.7259276,-0.85092753,-0.6009275299999999
-11.512925464970229,-11.512925464970229,-8.0340185,-3.4090188,-0.0340187479999999
-11.512925464970229,-10.570983,-6.9459825,-2.6959827,-0.07098266
-11.063786,-8.938786,-6.438786,-2.8137858,-0.0637858699999999
-11.512925464970229,-10.378536,-6.503536,-2.1285362,-0.1285361299999999
-11.512925464970229,-11.320477,-7.6954765,-2.6954765,-0.0704765099999999
-10.700694,-7.575694,-4.450694,-1.3256941,-0.3256940999999999
-10.713307,-7.0883074,-3.9633076,-0.7133076,-0.7133076
-8.428625,-3.1786246,-0.6786247,-0.8036247,-5.8036246
-10.108961,-4.8589616,-1.2339615,-0.3589614299999999,-5.9839616
-8.1224985,-3.1224985,-0.6224984500000001,-0.87249845,-6.9974985
-2.0228863,-0.14788617,-5.2728863,-11.512925464970229,-11.512925464970229
-5.3584304,-0.8584302,-0.6084302,-3.6084301,-9.60843
-8.99952,-3.9995205,-1.1245205,-0.4995204799999999,-2.9995205
-11.512925464970229,-6.392203000011419e-06,-11.512925464970229,-11.512925464970229,-11.512925464970229
-11.233622,-8.108622,-4.8586216,-1.6086216,-0.2336215699999999
-11.512925464970229,-7.921369,-4.546369,-1.9213692,-0.17136922
-7.466405,-3.091405,-0.9664049,-0.7164049,-2.466405
-10.495161,-5.9951615,-2.4951615,-0.37016147,-1.4951615
-0.029809164,-3.5298092,-10.529809,-11.512925464970229,-11.512925464970229
-11.512925464970229,-9.977515,-5.7275147,-0.9775148,-0.4775148
-11.512925464970229,-11.512925464970229,-11.512925464970229,-11.512925464970229,-11.512925464970229
-10.336321,-6.836321,-3.836321,-1.3363211,-0.3363211
-6.68322,-3.0582201,-1.0582201,-0.5582201,-3.4332201
-4.9749327,-0.9749325,-0.5999324999999999,-2.7249324,-6.5999327
-6.748,-1.7480001,-0.3730001699999999,-1.9980001,-7.998
-9.028568,-4.1535687,-1.2785685,-0.40356854,-3.2785685
-4.7349787,-0.35997856,-1.2349786,-6.2349787,-11.512925464970229
-11.512925464970229,-9.879471,-6.129471,-1.5044707,-0.2544706999999999
-5.3864827,-1.5114828,-0.51148283,-1.7614828,-5.7614827
-5.345946,-1.4709458,-0.4709458399999999,-1.9709458,-6.470946
-5.55946,-1.5594602,-0.5594601999999999,-1.5594602,-5.55946
-2.9848516,-0.23485164,-1.8598516,-5.859852,-11.512925464970229
-9.427304,-4.9273043,-1.8023044,-0.30230442,-2.4273045
-11.512925464970229,-9.976149,-5.976149,-1.2261488,-0.3511488999999999
-3.8005838,-0.4255838399999999,-1.1755838,-4.175584,-10.550584
-11.512925464970229,-10.128569,-6.5035686,-2.1285686,-0.12856862
-11.512925464970229,-10.839885,-7.0898848,-2.4648845,-0.0898845639999999
-11.512925464970229,-11.512925464970229,-8.533945,-3.408945,-0.033945
-11.512925464970229,-11.512925464970229,-9.299284,-3.049284,-0.04928402
-2.6143687,-0.1143687439999999,-3.3643687,-9.114368,-11.512925464970229
-11.512925464970229,-9.154163,-5.154164,-0.9041638,-0.5291638
-4.5444584,-0.2944583,-1.4194583,-6.0444584,-11.512925464970229
-4.982764,-0.4827637699999999,-0.98276377,-6.357764,-11.512925464970229
-10.048058,-5.9230576,-2.6730573,-0.4230573499999999,-1.2980573
-11.512925464970229,-11.28425,-7.5342503,-3.4092503,-0.0342503099999999
-9.227308,-5.1023088,-2.4773088,-0.72730875,-0.85230875
-11.512925464970229,-11.512925464970229,-11.512925464970229,-11.512925464970229,-2.826321
-10.378545,-6.128545,-2.878545,-0.75354505,-0.75354505
-11.512925464970229,-11.512925464970229,-7.663593,-3.2885928,-0.03859287
-11.512925464970229,-11.512925464970229,-11.512925464970229,-11.512925464970229,-2.5998728
-6.4401727,-1.9401729,-0.44017288,-1.5651729,-6.4401727
-11.512925464970229,-8.460752,-4.710752,-1.7107518,-0.21075179
-9.572432,-4.5724316,-1.5724318,-0.4474318,-1.9474318
-11.512925464970229,-11.28425,-7.5342503,-3.4092503,-0.0342503099999999
-11.512925464970229,-11.512925464970229,-11.512925464970229,-11.512925464970229,-11.512925464970229
-9.238857,-4.4888577,-1.6138575,-0.4888575699999999,-1.7388575
-0.016055603,-11.512925464970229,-11.512925464970229,-11.512925464970229,-11.512925464970229
-4.8852825,-0.2602825499999999,-1.5102825,-7.2602825,-11.512925464970229
-6.7353473,-1.3603472,-0.36034715,-3.1103473,-11.297847
-11.101292,-7.101292,-3.7262921,-0.851292,-0.6012919999999999
-9.775364,-5.775364,-2.5253642,-0.40036413,-1.4003642
-11.512925464970229,-8.035774,-4.410774,-0.91077435,-0.53577435
-11.512925464970229,-8.341152,-4.2161517,-0.5911518999999998,-0.8411519
-11.512925464970229,-8.1895485,-4.5645485,-1.0645486,-0.4395486
-11.483926,-7.9839263,-4.6089263,-1.2339262,-0.35892618
-10.848617,-5.723617,-2.0986168,-0.2236168699999999,-2.5986168
-0.3507892000000001,-1.2257892,-6.100789,-11.512925464970229,-11.512925464970229
-11.512925464970229,-10.378771,-6.3787704,-1.5037706,-0.25377053
-9.331044,-4.8310447,-2.0810447,-0.4560446000000001,-1.4560447
-11.512925464970229,-8.86585,-5.86585,-2.24085,-0.11585005
-11.512925464970229,-11.512925464970229,-7.954366,-2.5793662,-0.07936626
-11.512925464970229,-8.284301,-4.534301,-0.90930104,-0.5343010399999999
-6.872908,-1.7479081,-0.3729081499999999,-1.9979081,-9.247909
-5.2337956,-0.48379543,-0.9837954,-5.4837956,-11.512925464970229
-2.0204911,-0.14549111,-5.895491,-11.512925464970229,-11.512925464970229
-5.646541,-1.7715412,-0.39654127,-1.8965412,-5.646541
-11.053204,-7.0532036,-3.5532038,-0.5532037600000002,-0.92820376
-11.512925464970229,-11.512925464970229,-11.512925464970229,-11.512925464970229,-11.512925464970229
-2.0790038,-0.20400387,-2.8290038,-8.079004,-11.512925464970229
-6.110292,-2.360292,-0.7352919,-0.9852919,-2.985292
-9.053287,-5.9282866,-3.1782863,-0.6782863,-0.8032863
-11.512925464970229,-11.512925464970229,-11.512925464970229,-11.512925464970229,-11.512925464970229
-3.7616432,-0.13664311,-2.2616432,-8.261643,-11.512925464970229
-7.66811,-3.5431097,-1.0431097,-0.5431096599999999,-3.2931097
-7.755305,-3.8803048,-1.3803048,-0.38030475,-3.1303048
-11.41226,-8.53726,-5.16226,-1.4122598,-0.28725985
-11.062731,-5.6252313,-1.7502313,-0.2502312,-3.1252313
-6.36668,-1.3666799,-0.3666799699999999,-2.99168,-10.24168
-3.6862729,-0.1862729,-1.9362729,-7.436273,-11.512925464970229
-6.842723,-1.4677228,-0.34272277,-2.842723,-10.342723
-4.9121957,-0.03719557,-3.5371957,-11.412195,-11.512925464970229
-6.2171187,-2.4671185,-0.5921185599999998,-1.0921185,-3.7171185
-6.444276,-2.9442756,-1.1942756,-0.6942757,-1.9442756
-7.450083,-3.325083,-1.075083,-0.5750829999999999,-2.825083
-1.721373,-0.4713729299999999,-1.721373,-4.096373,-6.596373
-4.3271985,-1.3271985,-0.70219857,-1.5771985,-3.9521985
-6.6581535,-2.9081538,-1.0331538,-0.7831538,-2.0331538
-9.46401,-4.8390102,-1.8390104,-0.46401036,-1.5890104
-0.2530720499999999,-1.503072,-7.2530723,-11.512925464970229,-11.512925464970229
-11.512925464970229,-8.396951,-4.2719507,-0.7719508,-0.6469508
-1.3320708,-0.4570708299999999,-2.3320708,-5.207071,-8.707071
-6.6517944,-2.6517944,-0.7767945,-0.9017945,-2.7767944
-4.1396327,-0.5146326,-1.0146326,-3.7646327,-7.6396327
-7.2631803,-2.8881803,-0.7631803,-0.7631803,-4.5131803
-4.8969235,-0.3969236999999999,-1.1469237,-6.0219235,-11.512925464970229
-5.9417562,-1.5667561,-0.4417561299999999,-1.9417561,-6.1917562
-2.1310987,-0.13109882,-5.5060987,-11.512925464970229,-11.512925464970229
-11.512925464970229,-11.512925464970229,-11.512925464970229,-11.512925464970229,-11.512925464970229
-3.8093028,-0.93430287,-0.6843028700000001,-2.5593028,-5.809303
-2.919604,-0.16960405,-2.294604,-7.044604,-11.512925464970229
-4.4827676,-0.73276746,-0.73276746,-3.6077676,-8.232767
-3.9979804,-0.6229803,-0.8729803,-3.6229804,-7.24798
-8.594496,-4.3444963,-1.844496,-0.46949604,-1.594496
-9.230928,-5.2309284,-2.6059284,-0.6059285400000001,-0.98092854
-3.4937687,-1.4937687,-0.99376863,-1.3687687,-2.1187687
-6.701813,-2.3268132,-0.7018131,-0.9518131,-3.9518132
-5.333028,-2.333028,-1.0830281,-0.833028,-2.083028
-6.5644307,-2.439431,-0.9394309,-0.8144309,-2.564431
-7.0306597,-3.1556594,-1.2806594,-0.53065944,-2.4056594
-4.1245184,-0.4995184,-0.9995184,-4.7495184,-9.374518
-1.8221767,-0.1971767,-4.072177,-9.572177,-11.512925464970229
-5.030334,-0.655334,-0.780334,-4.155334,-9.405334
-11.512925464970229,-11.512925464970229,-8.788318,-3.2883174,-0.0383173449999999
-11.512925464970229,-11.512925464970229,-11.512925464970229,-11.512925464970229,-11.512925464970229
-10.800102,-6.800102,-3.6751022,-0.9251021,-0.5501021000000001
-10.958978,-7.8339777,-4.9589777,-1.7089776,-0.20897761
-11.512925464970229,-8.410718,-4.4107184,-0.91071826,-0.5357182599999999
-11.056369,-6.3063693,-2.5563693,-0.4313692,-1.3063692
-10.08941,-5.71441,-2.5894096,-0.71440965,-0.8394096500000001
-11.512925464970229,-7.618364,-3.993364,-0.993364,-0.493364
-3.6222367,-0.62223667,-0.87223667,-3.9972367,-9.497236
-6.299127,-3.424127,-1.7991272,-0.7991272,-1.0491272
-11.512925464970229,-8.731033,-5.231034,-1.6060338,-0.23103379
-11.512925464970229,-11.07974,-7.2047396,-2.5797396,-0.0797395899999999
-10.055354,-6.555354,-3.8053539,-1.4303539,-0.3053539399999999
-11.512925464970229,-9.880265,-5.7552648,-1.5052648,-0.2552647999999999
-4.906109,-0.6561088999999999,-0.7811089,-4.156109,-11.468609
-6.5397468,-1.9147469,-0.41474688,-1.6647469,-6.6647468
-7.2709303,-8.02093,-5.8959303,-6.3959303,-11.512925464970229
-11.281604,-6.406604,-2.9066038,-0.4066038,-1.2816038
-9.107197,-5.107197,-2.6071968,-0.6071968700000001,-0.98219687
-9.135537,-3.1355376,-0.6355375,-0.8855375,-4.2605376
-5.434433,-1.5594327,-0.5594327400000001,-1.5594327,-5.684433
-8.076802,-7.2018023,-4.8268023,-5.2018023,-7.8268023
-8.84809,-4.0980897,-1.2230899,-0.4730899,-2.72309
-11.512925464970229,-7.666972,-3.541972,-0.4169719800000001,-1.1669719
-4.0460906,-1.4210907,-0.9210907,-1.2960907,-2.6710906
-11.512925464970229,-7.7075386,-3.5825388,-0.4575388,-1.0825388
-8.560518,-4.1855183,-1.560518,-0.43551803,-2.060518
-9.082778,-5.207778,-2.707778,-0.832778,-0.707778
-11.116495,-7.2414956,-4.1164956,-0.9914956,-0.49149558
-11.512925464970229,-9.411505,-5.286505,-1.411505,-0.286505
-10.870794,-5.7457943,-2.4957943,-0.3707944000000001,-1.4957944
-7.497683,-1.9976833,-0.3726832299999999,-1.7476833,-7.497683
-0.6333135399999998,-0.75831354,-7.6333137,-11.512925464970229,-11.512925464970229
-11.389106,-7.014106,-3.2641058,-0.5141057,-1.0141057
-11.512925464970229,-9.808822,-5.3088217,-1.0588217,-0.43382168
-7.9534035,-3.4534035,-1.0784034,-0.5784033500000001,-2.7034035
-7.16576,-1.5407598,-0.2907597999999999,-3.2907598,-11.04076
-10.805768,-6.680768,-3.180768,-0.4307680399999999,-1.180768
-10.042761,-5.167761,-1.9177608,-0.2927608,-2.2927608
-7.343926,-11.512925464970229,-5.468926,-5.593926,-7.343926
-0.2255145199999999,-1.6005145,-9.725514,-11.512925464970229,-11.512925464970229
-10.490387,-5.177887,-1.6778868,-0.30288684,-2.677887
-11.512925464970229,-9.767927,-5.142927,-1.1429272,-0.39292717
-11.512925464970229,-8.609361,-4.6093607,-0.9843606,-0.4843605799999999
-11.512925464970229,-6.4578314,-2.7078311,-0.45783123,-1.2078313
-1.7132983,-0.2132983799999999,-4.4632983,-10.963299,-11.512925464970229
-2.7020779,-0.0770778999999999,-4.952078,-11.512925464970229,-11.512925464970229
-8.081553,-2.8315535,-0.7065536,-0.8315536,-4.4565535
-5.8918815,-0.39188126,-1.1418812,-6.1418815,-11.512925464970229
-6.1488857,-0.77388555,-0.64888555,-4.2738857,-11.512925464970229
-4.9958205,-0.74582034,-0.74582034,-3.1208203,-8.24582
-3.0675223,-0.1925223499999999,-2.0675223,-6.3175225,-11.512925464970229
-5.527579,-0.6525789,-0.7775789,-4.152579,-10.965079
-2.9426262,-0.31762624,-1.5676262,-4.567626,-9.067626
-7.1728067,-6.0478067,-4.1728067,-5.4228067,-9.172807
-10.686676,-6.4366765,-3.0616765,-0.4366763999999999,-1.1866764
-2.846979,-0.22197895,-1.9719789,-6.346979,-11.512925464970229
-4.8812084,-1.1312084,-0.6312085,-2.0062084,-5.7562084
-9.323886,-4.698886,-2.0738857,-0.5738857400000001,-1.1988857
-7.4537277,-2.7037277,-0.8287276,-0.9537276,-2.2037277
-7.538779,-2.6637788,-0.66377866,-0.91377866,-4.288779
-11.167411,-0.042410593,-11.512925464970229,-11.512925464970229,-11.512925464970229
-6.7734084,-1.3984083,-0.39840832,-2.5234084,-8.898408
-6.809166,-1.4341661,-0.4341660699999999,-2.184166,-9.184166
-2.474108,-0.09910802,-4.599108,-11.512925464970229,-11.512925464970229
-11.094108,-6.406608,-2.9066079,-0.40660796,-1.281608
-4.9716077,-1.4716077,-0.5966076,-1.5966077,-4.5966077
-5.6496034,-1.7746032,-0.77460325,-1.1496032,-3.0246034
-3.0897672,-0.089767314,-3.2147672,-9.214767,-11.512925464970229
-10.226802,-5.976802,-2.7268019,-0.35180184,-1.4768019
-11.375015,-1.5451682000015437e-05,-11.512925464970229,-11.512925464970229,-11.512925464970229
-11.512925464970229,-8.162392,-4.2873917,-0.9123916,-0.5373915999999999
-0.2259718499999999,-1.6009718,-7.7259717,-11.512925464970229,-11.512925464970229
-10.850878,-6.850878,-3.4758775,-0.7258776,-0.7258776
-5.031926,-1.4069263,-0.6569263,-1.5319263,-4.281926
-11.512925464970229,-8.709186,-4.8341856,-0.8341853600000001,-0.58418536
-10.20649,-5.706489,-2.331489,-0.3314891200000001,-1.7064891
-7.253829,-2.753829,-0.8788289,-0.7538289,-3.003829
-0.25238562,-1.5023856,-7.8773856,-11.512925464970229,-11.512925464970229
-2.8783426,-0.1283427,-2.7533426,-7.8783426,-11.512925464970229
-11.512925464970229,-3.1281633002760384e-07,-11.512925464970229,-11.512925464970229,-11.512925464970229
-7.950749,-3.075749,-0.8257489,-0.7007489,-3.950749
-11.512925464970229,-9.005123,-5.880123,-1.505123,-0.25512302
-11.512925464970229,-11.512925464970229,-11.512925464970229,-11.512925464970229,-11.512925464970229
-8.467395,-3.4673948,-0.9673949,-0.5923949,-3.3423948
-10.726737,-6.3517375,-3.1017375,-0.4767373799999999,-1.1017374
-10.682525,-5.807524,-2.5575242,-0.43252426,-1.3075242
-11.512925464970229,-4.4849444000336985e-06,-11.512925464970229,-11.512925464970229,-11.512925464970229
-5.49179,-1.1167898,-0.4917898,-2.8667898,-10.11679
-10.505834,-6.880833,-3.5058331,-0.5058331999999999,-1.0058331
-11.512925464970229,-9.002055,-11.512925464970229,-11.512925464970229,-2.1270552
-11.512925464970229,-11.512925464970229,-11.512925464970229,-11.512925464970229,-11.512925464970229
-11.269796,-8.269796,-4.8947964,-1.1447961,-0.39479613
-10.525313,-6.275314,-3.0253139,-0.4003137599999999,-1.2753137
-7.540515,-2.2905152,-0.5405152,-1.1655152,-5.540515
-11.512925464970229,-11.512925464970229,-11.512925464970229,-11.512925464970229,-11.512925464970229
-4.3626857,-0.3626854999999999,-1.2376854,-6.6126857,-11.512925464970229
-11.512925464970229,-9.38121,-5.5062103,-2.1312103,-0.13121037
-9.498588,-4.2485876,-1.3735876,-0.3735876399999999,-3.1235876
-11.430628,-6.805628,-3.1806278,-0.4306278800000001,-1.1806278
-11.512925464970229,-9.3184,-5.3184004,-1.3184005,-0.3184005
-0.45984566,-1.0848457,-8.834846,-10.209846,-9.334846
-9.902584,-5.652584,-2.4025843,-0.52758425,-1.1525843
-11.512925464970229,-11.512925464970229,-1.318681199997144e-05,-11.500013,-11.512925464970229
-0.85315806,-11.512925464970229,-11.512925464970229,-11.512925464970229,-11.512925464970229
-4.008104,-0.758104,-0.758104,-3.133104,-7.258104
-9.466352,-4.591352,-1.5913521,-0.46635208,-1.8413521
-11.512925464970229,-8.688208,-4.8132076,-1.8132077,-0.18820778
-8.539434,-2.789435,-0.4144348799999999,-1.2894349,-6.164435
-11.512925464970229,-10.34045,-6.59045,-2.4654498,-0.09044991
-11.512925464970229,-11.512925464970229,-11.512925464970229,-11.512925464970229,-11.512925464970229
-5.5774918,-1.4524918,-0.45249182,-2.0774918,-7.0774918
-0.6942295,-0.6942295,-6.9442296,-11.512925464970229,-11.512925464970229
-11.512925464970229,-10.680982,-6.8059816,-1.8059816,-0.18098165
-10.178657,-6.6786566,-3.5536563,-0.9286564,-0.5536563999999999
-9.545467,-4.7954674,-1.9204674,-0.42046744,-1.6704674
-4.734072,-1.4840722,-0.73407227,-1.3590722,-3.6090722
-11.512925464970229,-9.766083,-5.516083,-1.1410829,-0.39108285
-10.433528,-5.6835284,-2.5585282,-0.55852824,-1.0585282
-11.046285,-6.9212847,-3.4212844,-0.4212845,-1.1712844
-0.5237944,-0.8987944000000001,-7.398794,-11.512925464970229,-11.512925464970229
-9.535693,-4.4106936,-1.2856935,-0.41069356,-3.0356936
-3.0526106,-0.1776106399999999,-2.1776106,-6.1776104,-11.512925464970229
-11.512925464970229,-11.512925464970229,-7.937428,-2.8124278,-0.062427863
-11.512925464970229,-10.658711,-6.0337114,-1.4087117,-0.2837116
-10.898005,-4.9605045,-1.3355043,-0.3355042999999999,-4.2105045
-5.2937374,-1.0437372,-0.5437371999999999,-2.7937372,-7.6687374
-5.1223392,-0.8723395,-0.6223395000000002,-3.2473395,-9.622339
-5.731205,-0.48120522,-0.9812052,-5.606205,-11.512925464970229
-6.397206,-1.6472058,-0.3972059,-2.0222058,-6.897206
-10.608208,-5.4832077,-2.1082077,-0.4832076699999999,-1.3582077
-7.4850683,-3.235068,-0.98506814,-0.73506814,-2.235068
-11.512925464970229,-8.608774,-4.608774,-1.2337742,-0.35877421
-6.830638,-2.080638,-0.5806380500000001,-1.205638,-4.205638
-11.512925464970229,-7.221868,-3.596868,-0.721868,-0.721868
-11.512925464970229,-10.254257,-6.1292577,-1.5042574,-0.2542574699999999
-9.721887,-6.3468866,-3.2218866,-0.47188663,-1.0968866
-9.065914,-4.6909146,-1.8159144,-0.44091442,-1.6909144
-11.512925464970229,-10.863964,-6.8639646,-2.2389646,-0.11396452
-11.512925464970229,-10.715037,-6.9650373,-2.4650373,-0.0900373159999999
-10.247853,-6.747853,-3.872853,-1.622853,-0.247853
-8.825499,-4.5754986,-2.0754983,-0.5754983400000001,-1.2004983
-5.730371,-0.48037088,-0.9803709,-5.855371,-11.512925464970229
-9.728784,-3.8537831,-0.85378325,-0.60378325,-5.103783
-6.8571477,-0.9821477,-0.4821477000000001,-4.9821477,-11.512925464970229
-8.657441,-2.907441,-0.53244084,-1.0324409,-6.4074407
-9.874254,-4.374254,-1.2492542,-0.3742543,-4.374254
-9.909569,-4.284569,-1.1595688,-0.40956873,-4.784569
-7.577482,-2.3274822,-0.4524821,-1.3274821,-7.577482
-6.645986,-1.6459863,-0.39598626,-2.0209863,-8.895987
-10.118582,-4.6185813,-1.2435813,-0.3685813199999999,-4.6185813
-11.512925464970229,-11.512925464970229,-7.8052607,-1.8052607,-0.1802606899999999
-11.512925464970229,-11.512925464970229,-11.512925464970229,-11.512925464970229,-11.512925464970229
-11.512925464970229,-7.4357333,-3.5607333,-0.31073335,-1.4357333
-10.118563,-4.618562,-1.2435625,-0.3685624299999999,-4.618562
-11.333353,-7.583353,-3.958353,-0.33335292,-1.3333529
-10.699377,-6.1993775,-2.6993773,-0.3243774,-1.5743774
-11.400232,-5.0252323,-1.1502324,-0.4002324599999999,-5.0252323
-11.512925464970229,-10.727075,-6.4770746,-1.6020749,-0.22707485
-10.166349,-4.166349,-0.91634905,-0.5413490499999999,-6.041349
-4.0859723,-0.3359721,-1.3359721,-5.2109723,-11.512925464970229
-6.5900598,-2.3400598,-0.5900598,-1.0900598,-4.4650598
-8.435332,-3.9353325,-1.4353325,-0.68533254,-1.4353325
-11.350724,-5.538224,-1.7882245,-0.2882244,-2.5382245
-11.512925464970229,-11.512925464970229,-11.512925464970229,-11.512925464970229,-11.512925464970229
-10.469208,-5.719208,-2.469208,-0.344208,-1.594208
-10.911115,-6.786114,-3.7861142,-1.1611143,-0.4111143
-11.512925464970229,-6.1310444,-2.2560444,-0.2560444199999999,-2.1310444
-5.063178,-1.4381782,-0.5631782,-1.6881782,-6.313178
-11.512925464970229,-7.903561,-3.903561,-0.65356123,-0.77856123
-9.915956,-5.7909555,-2.7909553,-0.54095536,-1.0409553
-11.512925464970229,-9.477376,-6.227376,-2.3523762,-0.102376215
-9.643924,-4.2689238,-1.3939239,-0.3939238500000001,-2.7689238
-11.335933,-6.5859327,-2.9609327,-0.33593267,-1.4609327
-4.463666,-0.9636662,-0.5886662,-2.9636662,-10.901166
-8.453728,-2.328728,-0.3287279,-1.703728,-8.078728
-0.82696855,-0.57696855,-6.9519687,-11.512925464970229,-11.512925464970229
-5.8520203,-1.47702,-0.3520200299999999,-2.72702,-10.10202
-7.8554564,-4.7304564,-2.480456,-0.7304562,-0.8554562
-3.8096352,-0.8096353,-0.6846352999999998,-3.5596352,-10.872135
-3.928695,-0.92869496,-0.67869496,-2.553695,-9.053695
-11.512925464970229,-11.512925464970229,-11.512925464970229,-11.512925464970229,-11.512925464970229
-4.4248896,-1.0498893,-0.5498893000000001,-2.7998893,-9.67489
-4.172221,-0.547221,-0.922221,-4.797221,-11.512925464970229
-0.9788792,-0.4788791799999999,-5.353879,-11.512925464970229,-11.512925464970229
-4.05195,-0.3019499799999999,-1.42695,-5.80195,-11.512925464970229
-11.512925464970229,-11.512925464970229,-11.512925464970229,-11.512925464970229,-11.512925464970229
-7.717362,-4.842362,-2.8423617,-0.96736175,-0.59236175
-7.386267,-3.0112672,-0.88626707,-0.6362670700000002,-4.761267
-8.136147,-3.8861463,-1.6361463,-0.3861463,-2.2611463
-1.067355,-0.44235504,-4.317355,-9.817355,-11.512925464970229
-11.512925464970229,-11.512925464970229,-11.512925464970229,-11.512925464970229,-11.512925464970229
-1.9142493,-0.16424927,-5.5392494,-11.512925464970229,-11.512925464970229
-10.186885,-5.561885,-2.1868849,-0.4368848000000001,-1.4368848
-8.180856,-4.3058558,-1.9308555,-0.8058556,-0.9308556
-9.961362,-4.836362,-1.7113619,-0.4613618600000001,-1.7113619
-10.03477,-5.2847695,-2.1597695,-0.40976965,-1.5347697
-10.871379,-6.371379,-2.996379,-0.7463789,-0.7463789
-9.894721,-5.6447206,-2.7697206,-0.8947206,-0.6447206000000001
-5.056436,-1.3064361,-0.5564360600000001,-1.9314361,-5.431436
-2.0887074,-0.33870733,-1.8387073,-5.4637074,-10.463707
-10.405044,-5.280043,-1.7800432,-0.28004327,-2.6550434
-10.575455,-5.512954,-2.2629542,-0.63795424,-1.0129542
-8.649809,-3.5248091,-1.1498091,-0.77480906,-1.6498091
-6.1160283,-0.9910282,-0.4910281999999999,-4.2410283,-11.512925464970229
-7.727161,-1.9771609,-0.3521608699999999,-1.8521609,-7.102161
-3.0708268,-0.0708267299999999,-3.8208268,-11.195827,-11.512925464970229
-10.258602,-5.383602,-2.1336021,-0.3836020799999999,-1.6336021
-1.2240815,-0.3490814999999999,-7.4740815,-11.512925464970229,-11.512925464970229
-5.815193,-2.3151932,-0.9401932,-1.0651932,-1.8151932
-5.782516,-1.9075162,-0.6575162,-1.1575162,-4.157516
-4.575018,-1.0750177,-0.70001775,-1.9500177,-4.700018
-6.4736185,-2.2236187,-0.8486187,-0.9736187,-2.4736187
-4.7763214,-0.90132123,-0.65132123,-2.7763212,-6.4013214
-7.5560827,-4.0560827,-2.0560825,-1.0560825,-0.68108255
-9.24584,-5.1208396,-2.2458398,-0.3708397399999999,-1.6208397
-0.113474888445529,-2.2384915,-7.4884915,-11.512925464970229,-11.512925464970229
-3.5946512,-0.34465116,-1.3446512,-5.719651,-11.512925464970229
-7.0776906,-3.3276904,-1.4526904,-0.7026904,-1.4526904
-5.9242854,-1.5492854,-0.5492854999999999,-1.6742854,-3.9242854
-6.436505,-2.186505,-0.686505,-1.0615051,-3.311505
-6.9137487,-3.1637487,-1.4137487,-0.9137487,-1.1637487
-2.5036502,-0.12865028,-3.2536502,-8.753651,-11.512925464970229
-4.4499354,-0.44993526,-1.0749352,-4.6999354,-10.824935
-0.28132942,-1.4063294,-9.156329,-11.512925464970229,-11.512925464970229
-11.512925464970229,-11.512925464970229,-11.512925464970229,-11.512925464970229,-11.512925464970229
-4.737054,-1.2370539,-0.6120539,-1.8620539,-5.737054
-11.102642,-5.7901425,-2.2901423,-0.29014236,-1.9151423
-10.098288,-6.4732876,-3.5982876,-0.72328746,-0.72328746
-9.159579,-5.5345793,-2.9095793,-1.0345793,-0.5345792
-8.927029,-4.927028,-2.4270282,-0.9270282,-0.6770282
-9.077437,-4.8274374,-2.2024374,-0.7024373,-0.9524373
-0.9842564,-0.4842564199999999,-4.6092563,-10.234257,-11.512925464970229
-7.497139,-3.372139,-1.3721389,-0.6221388599999998,-1.7471389
-4.952472,-1.3274722,-0.5774722,-1.8274722,-5.202472
-11.512925464970229,-7.8145475,-4.6895475,-1.8145475,-0.1895475399999999
-10.490943,-6.115943,-3.1159427,-0.7409427,-0.7409427
-7.712892,-2.712892,-0.712892,-0.837892,-4.587892
-6.5348067,-2.1598067,-0.65980667,-1.0348067,-4.5348067
-4.9432225,-0.44322255,-1.0682225,-4.9432225,-11.512925464970229
-2.2681236,-0.14312363,-3.5181236,-9.643124,-11.512925464970229
-9.315978,-4.690978,-1.8159783,-0.31597826,-2.3159783
-7.843804,-7.718804,-5.218804,-4.968804,-6.968804
-4.975364,-1.3503641,-0.6003640999999998,-1.7253641,-4.975364
-6.181005,-2.556005,-0.931005,-0.6810050000000001,-3.931005
-8.737701,-4.7377014,-2.1127012,-0.48770124,-1.3627012
-7.811549,-4.436549,-2.311549,-0.81154895,-0.81154895
-9.622014,-4.3720145,-1.3720145,-0.3720144599999999,-3.1220145
-2.2116187,-0.46161872,-1.4616187,-3.5866187,-7.711619
-11.512925464970229,-8.461525,-4.5865245,-0.8365246,-0.5865246
-5.765685,-2.765685,-1.3906852,-0.7656852,-1.5156852
-11.512925464970229,-8.5589,-5.5589004,-1.8089002,-0.1839001899999999
-9.590688,-5.0906878,-2.0906878,-0.34068775,-1.8406878
-11.512925464970229,-9.28586,-5.4108596,-1.4108597,-0.2858596699999999
-11.095727,-6.8457274,-3.2207274,-0.4707273499999999,-1.0957273
-9.679542,-4.679541,-1.5545412,-0.30454123,-3.179541
-4.4868345,-0.1118347399999999,-2.3618348,-8.486835,-11.512925464970229
-7.972248,-3.472248,-0.972248,-0.5972480000000001,-3.222248
-10.682487,-6.6824865,-3.4324868,-0.5574868,-0.9324867999999998
-9.823123,-4.6981235,-1.5731232,-0.32312325,-2.8231232
-8.264609,-3.6396093,-1.1396093,-0.5146093399999999,-2.8896093
-7.3481574,-2.5981576,-0.7231576,-0.8481576,-4.4731574
-11.512925464970229,-7.221774,-3.596774,-0.7217742,-0.7217742
-10.716108,-6.9661083,-3.3411083,-0.46610844,-1.0911084
-1.9869385,-0.2369384499999999,-2.6119385,-7.8619385,-11.512925464970229
-10.970726,-6.845726,-3.2207263,-0.4707262199999999,-1.0957263
-10.024916,-5.8999157,-2.5249157,-0.3999157999999999,-1.3999158
-11.234186,-6.7966866,-3.2966866,-0.6716866500000002,-0.7966866500000002
-8.622461,-4.2474613,-1.4974614,-0.37246147,-2.6224616
-7.782637,-3.032637,-0.90763694,-0.65763694,-3.532637
-10.050471,-5.175472,-1.8004718,-0.30047172,-2.4254718
-6.744101,-1.4941008,-0.36910084,-2.4941008,-8.244101
-3.5902212,-0.090221085,-2.8402212,-8.715221,-11.512925464970229
-7.0390863,-2.2890863,-0.5390862,-1.1640862,-6.2890863
-11.512925464970229,-8.664814,-4.7898145,-1.4148142,-0.2898142599999999
-9.57111,-5.44611,-2.44611,-0.3211099799999999,-1.69611
-11.512925464970229,-11.512925464970229,-11.512925464970229,-11.512925464970229,-11.512925464970229
-9.206292,-3.8937922,-1.0187922,-0.51879215,-3.7687922
-10.381267,-6.506267,-3.5062668,-1.0062668,-0.5062669
-9.855878,-5.6058784,-2.3558784,-0.3558782299999999,-1.6058782
-0.28249472,-1.4074948,-6.7824945,-11.512925464970229,-11.512925464970229
-10.950058,-6.325058,-2.8250577,-0.45005783,-1.2000579
-11.512925464970229,-11.512925464970229,-11.512925464970229,-11.512925464970229,-11.512925464970229
-10.935425,-6.372925,-3.1229246,-0.8729246,-0.6229246
-9.616379,-5.616379,-2.8663788,-0.49137875,-1.1163788
-9.863022,-6.4880223,-3.3630223,-0.61302227,-0.86302227
-7.1707554,-3.1707556,-0.92075557,-0.6707555700000001,-3.0457556
-5.2016153,-0.9516155,-0.5766155,-3.0766156,-9.701615
-11.512925464970229,-11.512925464970229,-11.512925464970229,-11.512925464970229,-11.512925464970229
-8.482393,-3.8573935,-1.1073935,-0.4823935299999999,-3.4823935
-11.512925464970229,-8.087989,-4.462989,-0.83798903,-0.5879890299999999
-3.6222413,-0.6222412999999999,-0.8722413,-3.9972413,-9.247241
-11.512925464970229,-2.2484697000054183e-05,-11.512925464970229,-11.512925464970229,-11.512925464970229
-11.512925464970229,-11.512925464970229,-11.512925464970229,-11.512925464970229,-11.512925464970229
-11.380031,-9.130031,-5.880031,-1.5050309,-0.2550309299999999
-11.512925464970229,-8.534262,-4.5342617,-0.5342618999999998,-0.9092619
-11.512925464970229,-11.512925464970229,-11.512925464970229,-11.512925464970229,-11.512925464970229
-4.61005,-0.3600499999999999,-1.23505,-6.48505,-11.512925464970229
-11.512925464970229,-9.006907,-5.381907,-1.5069071,-0.25690714
-11.512925464970229,-11.512925464970229,-11.512925464970229,-11.512925464970229,-11.512925464970229
-11.512925464970229,-8.393977,-4.518977,-0.7689772,-0.6439772000000001
-11.512925464970229,-8.693714,-5.3187146,-1.3187144,-0.3187144399999999
-5.677374,-0.9273738,-0.5523738000000001,-3.677374,-10.052374
-10.6326685,-6.195168,-2.5701683,-0.19516824,-2.3201683
-3.418141,-0.043140892,-4.668141,-11.512925464970229,-11.512925464970229
-11.512925464970229,-6.380275,-2.3802748,-0.38027486,-1.5052749
-11.512925464970229,-9.455274,-6.705273,-2.5802734,-0.0802732999999999
-10.211133,-6.086133,-2.8361328,-0.5861328,-0.9611328
-8.639159,-3.6391594,-1.0141594,-0.5141593999999999,-4.389159
-10.223578,-6.9735785,-3.8485787,-0.8485786999999999,-0.5985787
-11.512925464970229,-11.512925464970229,-7.3296256,-2.5796256,-0.07962566
-8.708772,-5.2087717,-2.3337715,-0.33377147,-1.7087715
-11.512925464970229,-11.512925464970229,-11.512925464970229,-11.512925464970229,-11.512925464970229
-10.832894,-7.082895,-3.5828946,-0.4578946499999999,-1.0828947
-8.272565,-3.147565,-0.5225648,-1.0225649,-5.522565
-11.512925464970229,-10.79955,-7.04955,-3.0495503,-0.049550194
-11.512925464970229,-11.512925464970229,-11.512925464970229,-11.512925464970229,-11.512925464970229
-9.870817,-5.745817,-2.4958174,-0.37081736,-1.4958174
-1.9185773,-0.1685772699999999,-4.793577,-11.512925464970229,-11.512925464970229
-6.607724,-2.1077242,-0.4827241599999999,-1.3577242,-5.982724
-1.2242278,-0.3492278,-7.224228,-11.512925464970229,-11.512925464970229
-5.230819,-0.8558192,-0.6058192,-3.7308192,-10.48082
-8.449555,-4.449555,-1.949555,-0.4495550399999999,-1.574555
-4.5952806,-1.2202806,-0.59528065,-1.9702806,-5.5952806
-7.0605254,-2.4355254,-0.68552536,-0.93552536,-4.1855254
-5.4384365,-1.5634363,-0.5634362700000001,-1.5634363,-4.9384365
-8.546658,-3.9216576,-1.5466574,-0.54665744,-1.6716574
-11.512925464970229,-8.781898,-4.781898,-0.90689796,-0.5318979600000001
-0.4487083999999999,-1.0737084,-3.9487083,-7.8237085,-11.511209
-9.575269,-4.2002687,-1.2002687,-0.4502687799999999,-3.0752687
-7.3009853,-2.6759853,-0.8009852,-0.8009852,-3.4259853
-11.512925464970229,-11.043618,-7.543618,-3.1686182,-0.04361813
-8.759658,-4.3846574,-1.7596575,-0.38465747,-2.0096574
-5.4100904,-1.2850904,-0.5350904499999999,-2.0350904,-6.0350904
-7.6549964,-3.4049966,-1.1549966,-0.5299966,-2.7799966
-6.086602,-2.2116022,-0.71160233,-0.96160233,-4.211602
-7.33541,-2.08541,-0.33541018,-1.8354101,-7.83541
-4.8289943,-0.9539941,-0.5789940999999998,-3.078994,-8.828994
-7.008174,-2.258174,-0.50817394,-1.258174,-4.758174
-4.597917,-0.59791696,-0.84791696,-4.472917,-10.160417
-6.1734614,-1.5484613,-0.42346132,-2.0484614,-6.5484614
-11.512925464970229,-11.512925464970229,-11.512925464970229,-11.512925464970229,-11.512925464970229
-8.272849,-3.0228493,-0.6478494000000001,-0.8978494,-3.8978493
-11.269876,-6.457376,-2.582376,-0.33237597,-1.582376
-4.0434093,-0.6684092,-0.7934092,-4.0434093,-10.980909
-11.512925464970229,-6.6981006,-2.6981003,-0.3231003999999999,-1.5731003
-9.082005,-4.0820045,-1.3320045,-0.45700455,-2.4570045
-9.888823,-7.263822,-4.513822,-1.5138221,-0.2638220799999999
-11.3175125,-6.692513,-2.942513,-0.4425129299999999,-1.192513
-9.965615,-5.0906153,-1.8406155,-0.3406155,-2.0906155
-6.334401,-1.8344014,-0.4594013,-1.5844014,-6.459401
-6.938617,-11.512925464970229,-11.512925464970229,-11.512925464970229,-11.512925464970229
-10.262783,-5.012783,-1.6377832,-0.2627832,-3.5127833
-11.512925464970229,-9.229807,-5.479807,-1.6048067,-0.22980668
-9.985586,-6.2355857,-3.2355857,-0.73558575,-0.73558575
-11.512925464970229,-9.029966,-5.029966,-0.9049659,-0.5299659
-11.512925464970229,-10.080239,-6.7052393,-2.5802393,-0.0802391899999999
-9.280303,-5.155303,-2.6553028,-0.9053028,-0.6553027999999999
-11.512925464970229,-8.026311,-4.2763104,-1.1513104,-0.40131047
-11.512925464970229,-11.003257,-6.753257,-1.5032569,-0.2532569
-4.1748886,-0.6748884999999999,-0.7998885,-3.6748886,-7.4248886
-10.636426,-6.198926,-2.698926,-0.3239261,-1.5739261
-11.512925464970229,-7.901383,-4.276383,-1.1513829,-0.40138295
-10.926693,-6.6766934,-3.1766932,-0.80169326,-0.67669326
-11.512925464970229,-10.753361,-6.6283607,-1.503361,-0.253361
-10.133017,-5.5705166,-2.4455166,-0.32051647,-1.6955165
-11.512925464970229,-8.517667,-4.642667,-0.7676668,-0.6426668
-10.926219,-6.6762195,-3.3012195,-0.42621934,-1.1762193
-4.917821,-0.1678208099999999,-1.9178208,-8.542821,-11.512925464970229
-11.110064,-7.297563,-4.172563,-1.4225632,-0.29756317
-10.32349,-5.9484897,-3.0734897,-0.9484898,-0.5734898
-11.512925464970229,-7.229569,-3.354569,-0.72956896,-0.72956896
-10.323157,-6.0731573,-3.073157,-0.9481571,-0.5731571000000001
-11.512925464970229,-10.806173,-6.681173,-1.8061731,-0.18117303
-10.558096,-5.8080955,-2.5580955,-0.5580955999999999,-1.0580956
-11.375018,-1.771655099994623e-05,-11.512925464970229,-11.512925464970229,-11.512925464970229
-3.2765312,-0.1515311299999999,-2.2765312,-8.901531,-11.512925464970229
-9.150771,-3.9007716,-1.0257715,-0.5257715,-3.5257716
-9.753225,-6.2532253,-3.6282253,-1.0032253,-0.5032254000000002
-10.32349,-5.9484897,-3.0734897,-0.9484898,-0.5734898
-11.512925464970229,-11.180872,-6.9308724,-1.8058724,-0.18087243
-10.542588,-5.855088,-2.3550882,-0.35508832,-1.6050884
-9.784493,-4.4094934,-1.4094934,-0.4094933999999999,-2.5344934
-8.684287,-3.3092868,-0.80928683,-0.68428683,-4.309287
-7.539638,-1.6646383,-0.28963822,-2.7896383,-9.7896385
-8.718558,-4.0935583,-1.3435582,-0.46855816,-2.343558
-11.028895,-7.2788954,-3.9038951,-0.77889514,-0.6538951400000002
-9.8342705,-5.8342705,-2.7092705,-0.4592705000000001,-1.2092705
-7.1229014,-2.9979014,-0.99790156,-0.6229015600000001,-3.1229014
-6.018921,-2.393921,-0.8939209,-0.7689209,-3.393921
-11.512925464970229,-8.9791355,-5.229135,-1.229135,-0.35413507
-10.678213,-7.1782126,-3.5532126,-0.5532127000000001,-0.9282127
-5.0437684,-0.7937686000000002,-0.6687685999999999,-3.5437686,-9.918769
-11.512925464970229,-3.798117499996892e-05,-11.512925464970229,-11.512925464970229,-11.512925464970229
-8.95617,-4.83117,-2.0811703,-0.45617026,-1.4561703
-10.449416,-7.4494166,-4.5744166,-1.3244166,-0.3244165799999999
-7.104068,-6.854068,-4.354068,-4.229068,-6.229068
-8.690453,-4.9404526,-2.1904526,-0.4404525999999999,-1.4404526
-7.316553,-1.941553,-0.31655303,-2.066553,-8.691553
-6.256594,-1.5065941,-0.3815940599999999,-2.3815942,-7.006594
-5.677487,-0.92748696,-0.5524869600000001,-3.677487,-11.512925464970229
-8.360796,-3.8607965,-1.3607965,-0.4857963999999999,-2.2357965
-11.512925464970229,-7.181952,-3.4319518,-0.5569517999999999,-0.9319518
-11.512925464970229,-11.512925464970229,-11.512925464970229,-11.512925464970229,-11.512925464970229
-8.176926,-2.6769257,-0.55192566,-1.0519257,-5.1769257
-8.314788,-3.5647876,-0.93978757,-0.56478757,-4.4397874
-11.512925464970229,-9.816847,-5.691847,-1.3168466,-0.31684667
-7.1166325,-2.3666325,-0.4916323699999999,-1.2416323,-5.3666325
-0.3135023699999999,-1.3135023,-8.688502,-11.512925464970229,-11.512925464970229
-11.512925464970229,-10.283177,-6.2831774,-1.4081771,-0.28317714
-11.512925464970229,-7.626713,-3.6267128,-0.5017127,-1.0017127
-11.512925464970229,-10.254,-6.254,-1.5040001,-0.2540000699999999
-11.512925464970229,-7.08665,-3.4616501,-0.4616500999999999,-1.0866501
-7.7897687,-3.164769,-0.9147689,-0.6647689000000001,-3.164769
-7.8321958,-2.9571958,-0.8321957600000001,-0.70719576,-3.9571958
-8.328798,-2.3287978,-0.3287978499999999,-1.7037978,-7.953798
-4.2403774,-0.2403774,-1.6153774,-7.8653774,-11.512925464970229
-8.508509,-4.0085087,-1.3835088,-0.3835087699999999,-3.0085087
-10.616413,-7.2414126,-4.1164126,-0.99141276,-0.4914127999999999
-8.194457,-3.9444573,-1.1944574,-0.44445738,-3.3194573
-7.515807,-2.5158074,-0.5158074000000001,-1.1408074,-6.265807
-8.075475,-4.0754743,-1.4504743,-0.4504743,-2.2004743
-11.512925464970229,-10.877817,-7.2528167,-2.127817,-0.12781686
-9.176484,-5.4264836,-2.4264836,-0.1764837499999999,-2.6764836
-8.819825,-6.694825,-4.319825,-1.8198254,-0.1948254099999999
-11.512925464970229,-9.659092,-5.909092,-1.4090918,-0.2840917999999999
-11.512925464970229,-10.181299,-6.5562997,-1.8062996,-0.18129961
-11.512925464970229,-11.430346,-7.9303455,-2.9303458,-0.055345733
-11.503543,-7.9410434,-4.4410434,-1.0660434,-0.4410433499999999
-11.219147,-6.7816467,-2.9066467,-0.53164685,-1.0316468
-5.7484646,-1.1234643,-0.4984644000000001,-2.7484643,-9.498465
-6.7149715,-2.7149713,-0.83997136,-0.71497136,-4.4649715
-7.287772,-1.9127722,-0.2877722399999999,-2.2877722,-9.975272
-11.131369,-5.6938686,-1.9438689,-0.31886888,-2.0688689
-8.69159,-3.44159,-0.81659013,-0.69159013,-3.69159
-9.513908,-5.2639084,-2.2639084,-0.6389084,-1.0139084
-11.512925464970229,-6.6901493,-2.8151493,-0.3151492199999999,-1.5651492
-10.343524,-5.4685235,-2.2185237,-0.4685236499999999,-1.3435236
-4.246537000001284e-06,-11.512925464970229,-11.512925464970229,-11.512925464970229,-11.512925464970229
-11.512925464970229,-9.582368,-5.082368,-0.8323679600000001,-0.58236796
-1.9390852,-0.18908526,-3.5640852,-10.314085,-11.512925464970229
-11.512925464970229,-8.405514,-4.0305133,-0.40551335,-1.1555133
-6.792248,-2.917248,-1.042248,-0.6672479499999999,-2.542248
-5.230152,-2.4801524,-1.3551524,-0.8551523,-1.4801524
-9.617105,-3.742104,-0.8671040999999999,-0.6171041,-4.117104
-8.611682,-3.611682,-0.98668194,-0.6116819400000001,-2.861682
-7.1511226,-1.6511225,-0.27612242,-3.0261223,-10.776122
-7.7334533,-3.1084533,-0.85845315,-0.73345315,-2.9834533
-3.6881614,-0.3131614,-1.4381614,-5.0631614,-11.512925464970229
-7.722338,-3.4723382,-1.3473382,-0.5973381999999999,-1.8473382
-4.8502345,-0.97523445,-0.6002344499999999,-2.7252345,-7.2252345
-8.889717,-4.5147176,-1.7647175,-0.51471746,-1.5147175
-8.217832,-3.5928316,-1.2178317,-0.5928317299999999,-2.0928316
-9.01472,-4.51472,-1.7647197,-0.5147198,-1.5147197
-5.555141,-1.930141,-0.680141,-1.180141,-3.305141
-9.7527895,-4.0027895,-1.0027895,-0.5027895600000001,-4.6277895
-5.3556643,-0.2306641299999999,-1.6056641,-7.7306643,-11.512925464970229
-10.118335,-5.618335,-2.2433348,-0.2433346799999999,-2.2433348
-7.461114,-2.836114,-0.96111405,-0.71111405,-2.711114
-10.746512,-6.746513,-3.8715127,-0.9965128,-0.49651274
-10.664412,-6.1644115,-2.7894115,-0.41441157,-1.2894115
-5.4744277,-0.5994278,-0.8494278,-3.9744277,-9.349428
-7.545643,-3.045643,-0.92064303,-0.6706430300000001,-3.170643
-2.843789,-0.0937891749999999,-3.468789,-9.343789,-11.512925464970229
-10.002797,-0.002796676,-11.512925464970229,-11.512925464970229,-11.512925464970229
-11.512925464970229,-11.512925464970229,-11.512925464970229,-11.512925464970229,-11.512925464970229
-9.730672,-6.3556714,-3.3556714,-0.7306715,-0.7306715
-6.5883408,-2.5883408,-0.8383407600000001,-0.8383407600000001,-2.8383408
-3.4267824,-0.17678238,-2.0517824,-6.9267826,-11.512925464970229
-7.327978,-2.8279784,-0.7029782999999998,-0.8279783,-4.827978
-9.969154,-5.719154,-2.4691541,-0.3441541,-1.5941541
-7.171076,-2.296076,-0.42107606,-1.421076,-7.296076
-5.4879565,-1.4879563,-0.4879563199999999,-1.8629563,-7.3629565
-11.512925464970229,-11.512925464970229,-9.895661,-3.8956609,-0.0206608869999999
-8.828426,-4.453427,-1.7034268,-0.32842678,-2.4534268
-11.512925464970229,-11.512925464970229,-8.180261,-2.930261,-0.055260915
-11.512925464970229,-11.079371,-7.9543715,-2.5793715,-0.0793566909030679
-8.395354,-4.145354,-1.395354,-0.395354,-2.770354
-4.375731,-0.12573092,-2.250731,-8.6257305,-11.512925464970229
-6.8297825,-1.7047822,-0.32978228,-2.3297822,-7.4547825
-3.41443,-0.03942993,-5.16443,-11.512925464970229,-11.512925464970229
-10.936388,-7.2488885,-3.7488885,-0.9988885,-0.49888846
-10.571768,-7.3217683,-4.0717683,-1.0717682,-0.4467681600000001
-9.181959,-4.431959,-1.5569592,-0.43195912,-2.0569592
-8.142888,-3.2678878,-0.8928879,-0.6428879,-3.6428878
-8.691327,-5.566327,-2.9413269,-0.69132686,-0.81632686
-11.166198,-7.666198,-4.666198,-1.4161978,-0.2911977800000001
-10.717797,-6.592797,-2.842797,-0.34279698,-1.467797
-2.258783,-0.133783,-3.883783,-11.383783,-11.512925464970229
-10.542277,-7.1672773,-3.5422773,-0.41727722,-1.1672772
-9.978694,-5.728694,-2.6036942,-0.6036942000000001,-0.9786941999999998
-11.231722,-8.231722,-4.8567214,-1.2317216,-0.3567215999999999
-11.512925464970229,-11.512925464970229,-11.512925464970229,-11.512925464970229,-11.512925464970229
-7.3504505,-2.6004505,-0.72545063,-1.1004506,-2.2254505
-11.512925464970229,-9.629306,-6.1293063,-1.5043061,-0.2543061
-4.1185646,-0.24356484,-1.6185648,-6.6185646,-11.512925464970229
-11.512925464970229,-11.512925464970229,-11.512925464970229,-11.512925464970229,-11.512925464970229
-11.163867,-7.101367,-3.7263668,-0.85136676,-0.6013667599999999
-5.4676666,-1.5926667,-0.59266675,-1.4676667,-4.7176666
-9.5221195,-4.89712,-1.8971198,-0.3971198,-1.7721198
-9.666947,-4.916948,-1.7919476,-0.4169476299999999,-1.7919476
-5.9381986,-2.0631986,-0.68819857,-1.0631986,-3.8131986
-7.3587494,-3.1087494,-0.85874945,-0.73374945,-2.9837494
-11.512925464970229,-8.267779,-4.6427794,-0.76777923,-0.6427792299999999
-3.8851948,-1.1351949,-0.7601949,-1.8851949,-3.2601948
-0.90850353,-11.512925464970229,-11.512925464970229,-11.512925464970229,-11.512925464970229
-10.395,-5.5200005,-2.2700005,-0.39500055,-1.5200006
-10.917185,-7.9171844,-5.0421844,-1.9171845,-0.1671845
-11.512925464970229,-11.512925464970229,-11.512925464970229,-11.512925464970229,-11.512925464970229
-1.4481633,-0.3231632,-3.1981633,-8.448163,-11.512925464970229
-5.98674,-1.4867401,-0.48674014,-1.8617401,-6.73674
-6.4781766,-2.7281764,-0.8531763999999998,-0.7281764,-3.7281764
-4.20204,-0.4520400499999999,-1.0770401,-4.82704,-11.512925464970229
-11.512925464970229,-10.805885,-6.1808853,-1.0558851,-0.4308851399999999
-11.512925464970229,-11.512925464970229,-11.512925464970229,-11.512925464970229,-11.512925464970229
-10.573478,-6.4484773,-2.6984775,-0.19847748,-2.1984775
-11.512925464970229,-11.512925464970229,-8.71421,-2.4642093,-0.0892092399999999
-11.175425,-7.1754246,-3.3004246,-0.42542458,-1.1754246
-11.512925464970229,-11.512925464970229,-10.276431,-3.651431,-0.0264310369999999
-11.512925464970229,-11.512925464970229,-11.512925464970229,-11.512925464970229,-11.512925464970229
-11.512925464970229,-11.512925464970229,-11.512925464970229,-11.512925464970229,-11.512925464970229
-4.4178905,-0.7928906,-0.6678905999999999,-3.7928905,-11.355391
-11.512925464970229,-11.512925464970229,-9.654912,-3.5299125,-0.0299123579999999
-11.512925464970229,-11.512925464970229,-9.055108,-2.930108,-0.055108055
-8.3809595,-3.7559593,-1.0059593,-0.5059593300000002,-4.8809595
-9.745541,-4.9955406,-1.8705409,-0.24554083,-2.8705409
-10.218757,-5.8437567,-2.4687564,-0.21875644,-2.2187564
-11.512925464970229,-8.035836,-4.410836,-0.5358362,-0.9108362
-11.512925464970229,-11.512925464970229,-11.512925464970229,-11.512925464970229,-11.512925464970229
-6.412323,-1.787323,-0.412323,-1.787323,-6.662323
-2.6765373,-0.30153722,-1.6765373,-5.426537,-11.512925464970229
-11.512925464970229,-11.512925464970229,-11.512925464970229,-11.512925464970229,-11.512925464970229
-5.084115,-1.084115,-0.584115,-2.334115,-7.334115
-5.985627,-1.8606269,-0.61062694,-1.2356269,-4.860627
-5.1588793,-0.7838794,-0.6588794000000001,-3.9088793,-11.512925464970229
-7.786025,-3.786025,-1.411025,-0.4110250799999999,-2.661025
-11.512925464970229,-11.512925464970229,-11.512925464970229,-11.512925464970229,-11.512925464970229
-3.9277577,-0.30275783,-1.4277579,-6.4277577,-11.512925464970229
-4.861508,-0.861508,-0.6115080000000002,-3.611508,-11.512925464970229
-6.2472453,-1.9972453,-0.49724528,-1.3722453,-7.6222453
-3.6688967,-0.1688966899999999,-2.0438967,-8.168897,-11.512925464970229
-11.512925464970229,-11.512925464970229,-11.512925464970229,-11.512925464970229,-11.512925464970229
-3.9499333,-0.1999333499999999,-1.8249333,-7.4499335,-11.512925464970229
-4.4524374,-0.32743758,-1.3274376,-6.0774374,-11.512925464970229
-1.603096,-0.2280959999999999,-5.978096,-11.512925464970229,-11.512925464970229
-6.8775797,-2.5025795,-0.6275795,-1.0025795,-4.1275797
-8.827267,-4.202266,-1.5772663,-0.45226637,-1.9522663
-3.9634767,-0.4634767799999999,-1.0884768,-4.2134767,-8.213477
-8.422912,-3.5479116,-1.0479116,-0.5479116,-3.1729116
-10.48809,-5.863089,-2.4880893,-0.61308926,-0.98808926
-10.48639,-5.48639,-2.36139,-0.73639023,-0.86139023
-7.8120704,-3.3120704,-1.1870703,-0.5620702499999999,-2.4370704
-0.1615155299999999,-1.9115155,-6.7865157,-11.512925464970229,-11.512925464970229
-6.660049,-2.660049,-0.910049,-0.785049,-2.660049
-7.991768,-4.116768,-1.8667678,-0.61676776,-1.2417678
-9.406223,-5.4062233,-2.531223,-0.7812231,-0.7812231
-9.4712515,-5.3462515,-2.2212515,-0.3462516,-1.7212516
-4.9603877,-0.83538777,-0.71038777,-2.7103877,-7.2103877
-6.644857,-2.269857,-0.6448568000000001,-1.0198568,-4.644857
-8.215818,-2.8408182,-0.5908180999999999,-0.9658181,-5.090818
-0.20154208,-1.7015421,-9.451542,-11.512925464970229,-11.512925464970229
-5.8734803,-1.1234803,-0.49848026,-2.7484803,-8.62348
-7.972303,-3.2223027,-0.97230273,-0.5973027300000001,-3.4723027
-5.441406,-1.8164058,-0.69140583,-1.1914058,-3.5664058
-8.610808,-3.8608086,-1.3608086,-0.4858086000000001,-2.2358086
-8.917868,-5.042868,-2.2928681,-0.5428679999999999,-1.167868
-4.6590624,-1.6590621,-0.7840622,-1.1590621,-3.5340621
-7.5562963,-3.306296,-1.0562961,-0.55629617,-3.181296
-0.528385,-0.903385,-5.278385,-10.903385,-11.512925464970229
-7.8741016,-3.2491014,-0.99910146,-0.6241014599999999,-2.8741014
-11.512925464970229,-0.18007144,-1.9300715,-3.9300714,-11.512925464970229
-5.679022,-2.0540216,-0.6790216600000001,-1.1790216,-2.9290216
-9.080135,-4.955135,-2.0801349,-0.45513493,-1.4551349
-5.201486,-0.95148593,-0.5764859299999999,-3.0764859,-9.763986
-6.8731527,-1.748153,-0.3731529,-1.998153,-7.6231527
-11.512925464970229,-11.512925464970229,-11.512925464970229,-11.512925464970229,-11.512925464970229
-3.1903493,-0.0653493299999999,-3.8153493,-11.00285,-11.512925464970229
-9.9984045,-6.1234045,-3.1234047,-0.6234047,-0.8734047000000001
-11.512925464970229,-11.512925464970229,-9.033878,-3.408878,-0.0338781599999999
-11.512925464970229,-9.448287,-5.323287,-0.698287,-0.698287
-10.952811,-5.2653112,-1.640311,-0.26531106,-3.390311
-11.512925464970229,-8.910868,-5.4108677,-1.4108675,-0.28586748
-11.481394,-8.106394,-4.981394,-0.981394,-0.481394
-10.65177,-6.2767696,-2.6517694,-0.27676946,-1.7767694
-4.0723925,-0.1973927,-1.8223927,-7.8223925,-11.512925464970229
-8.195727,-3.695727,-1.1957271,-0.4457271,-3.445727
-11.512925464970229,-11.512925464970229,-9.02996,-3.52996,-0.02996002
-11.512925464970229,-11.512925464970229,-9.648379,-3.7733796,-0.023379646
-9.093396,-4.2183967,-1.4683965,-0.34339654,-3.0933967
-11.512925464970229,-9.182356,-5.682356,-1.0573556,-0.4323557
-6.717298,-1.592298,-0.3422981,-2.467298,-10.3422985
-8.386045,-3.8860455,-1.3860455,-0.3860455,-3.0110455
-0.7584101,-0.6334101,-7.50841,-11.512925464970229,-11.512925464970229
-8.203741,-3.5787413,-1.2037413,-0.5787414,-2.2037413
-4.513543,-0.7635431,-0.7635431,-2.8885431,-6.763543
-4.9907427,-0.74074256,-0.74074256,-3.2407427,-7.8657427
-9.217993,-4.4679933,-1.592993,-0.46799308,-1.842993
-5.437093,-1.0620928,-0.56209284,-2.5620928,-5.937093
-5.400815,-1.4008148,-0.52581483,-1.9008148,-4.775815
-7.1113963,-2.1113963,-0.48639622,-1.3613962,-4.9863963
-3.7172759,-0.34227592,-1.3422759,-5.467276,-11.512925464970229
-4.7924814,-0.66748124,-0.79248124,-3.6674812,-8.292481
-5.624329,-2.249329,-0.99932915,-0.87432915,-2.249329
-1.1866201,-0.4366201,-3.06162,-6.56162,-8.68662
-9.957416,-5.4574156,-2.3324156,-0.3324155,-1.7074155
-6.711464,-1.8364639,-0.4614639999999999,-1.5864639,-5.461464
-4.671817,-0.7968166,-0.6718165999999999,-3.5468166,-8.921817
-7.589199,-2.8391988,-0.7141988,-0.8391988,-3.9641988
-1.705298,-0.20529799,-5.580298,-11.512925464970229,-11.512925464970229
-11.512925464970229,-9.977336,-6.3523355,-1.6023356,-0.2273355699999999
-6.15122,-11.512925464970229,-11.512925464970229,-11.512925464970229,-11.512925464970229
-11.512925464970229,-11.512925464970229,-11.512925464970229,-11.512925464970229,-11.512925464970229
-6.9225063,-2.047506,-0.42250618,-1.5475062,-6.4225063
-10.269897,-6.5198975,-3.1448977,-0.51989764,-1.0198977
-11.512925464970229,-11.512925464970229,-11.512925464970229,-11.512925464970229,-11.512925464970229
-8.0226345,-4.0226345,-1.3976346,-0.3976346599999999,-2.7726347
-11.512925464970229,-11.512925464970229,-11.512925464970229,-11.512925464970229,-11.512925464970229
-0.3170467,-11.512925464970229,-11.512925464970229,-11.512925464970229,-11.512925464970229
-10.56796,-7.44296,-4.31796,-1.0679598,-0.44295982
-11.512925464970229,-11.512925464970229,-10.756835,-5.006835,-0.0068349605
-2.3015366,-0.5515366000000002,-1.1765366,-4.1765366,-11.239037
-11.512925464970229,-9.317359,-5.567359,-1.3173592,-0.3173591999999999
-1.8182704,-0.19327049,-4.3182707,-10.818271,-11.512925464970229
-0.52799684,-11.512925464970229,-11.512925464970229,-11.512925464970229,-11.512925464970229
-11.512925464970229,-11.512925464970229,-11.512925464970229,-11.512925464970229,-11.512925464970229
-11.512925464970229,-9.183886,-5.3088856,-1.0588858,-0.4338857799999999
-11.512925464970229,-8.958225,-4.958225,-0.8332249,-0.5832249
-10.34365,-6.21865,-2.84365,-0.3436501,-1.4686501
-11.512925464970229,-11.512925464970229,-11.512925464970229,-11.512925464970229,-11.512925464970229
-9.736081,-5.736081,-2.6110811,-0.36108112,-1.4860811
-11.512925464970229,-11.512925464970229,-8.214369,-2.4643683,-0.08936842
-11.512925464970229,-11.512925464970229,-11.512925464970229,-11.512925464970229,-11.512925464970229
-6.5875435,-4.0875435,-2.2125435,-0.9625435,-0.7125435
-11.512925464970229,-11.512925464970229,-11.512925464970229,-11.512925464970229,-11.512925464970229
-8.439493,-3.6894927,-0.9394927,-0.5644927,-4.1894927
-11.512925464970229,-11.512925464970229,-11.512925464970229,-11.512925464970229,-11.512925464970229
-10.026265,-6.151265,-3.0262651,-0.526265,-1.026265
-11.512925464970229,-7.968273,-4.093273,-0.5932733,-0.8432733
-3.9609761,-0.3359762,-1.3359762,-5.710976,-11.512925464970229
-4.2409577,-0.2409578299999999,-1.6159579,-6.9909577,-11.512925464970229
-5.2867675,-0.2867673,-1.4117672,-7.6617675,-11.512925464970229
-7.891717,-2.7667172,-0.7667171999999999,-0.7667171999999999,-4.891717
-9.388615,-4.6386147,-1.6386144,-0.3886144499999999,-2.1386144
-10.070071,-5.6950717,-2.4450715,-0.3200715,-1.6950715
-10.794085,-7.1690845,-3.9190848,-0.9190847,-0.5440847
-8.005869,-3.5058684,-1.1308684,-0.50586843,-3.1308684
-10.183429,-6.0584283,-3.0584283,-0.68342835,-0.80842835
-10.166597,-9.791597,-6.4165974,-2.2915976,-2.0415976
-11.512925464970229,-11.512925464970229,-11.512925464970229,-11.512925464970229,-11.512925464970229
-9.672657,-4.0476565,-0.92265654,-0.5476565400000001,-5.0476565
-10.146118,-6.8961177,-4.0211177,-1.5211177,-0.2711177199999999
-10.072793,-5.697793,-2.8227928,-0.69779277,-0.82279277
-10.608774,-6.6087737,-3.4837737,-0.6087737700000001,-0.85877377
-7.522418,-3.3974178,-1.1474178,-0.52241784,-2.8974178
-10.730766,-5.355767,-1.8557667,-0.23076664,-3.1057665
-7.307093,-1.6820933,-0.3070933,-2.5570934,-9.682094
-4.544391,-0.0443913339999999,-3.4193914,-11.356892,-11.512925464970229
-7.247307,-1.747307,-0.2473069,-3.1223068,-11.512925464970229
-11.512925464970229,-8.034622,-4.5346227,-0.90962255,-0.5346225499999999
-11.512925464970229,-6.3681192,-2.3681192,-0.24311931,-2.1181192
-8.6219635,-3.6219635,-1.1219635,-0.49696356,-3.2469635
-11.512925464970229,-6.9604654,-2.9604657,-0.33546558,-1.4604656
-11.512925464970229,-11.351026,-7.351026,-2.351026,-0.101026036
-11.512925464970229,-7.6743927,-3.6743925,-0.5493924600000001,-0.92439246
-2.8782008,-0.1282007199999999,-2.7532008,-8.503201,-11.512925464970229
-6.9849753,-2.1099753,-0.48497537,-1.3599753,-5.2349753
-11.512925464970229,-8.289012,-4.9140124,-1.4140122,-0.2890122199999999
-11.512925464970229,-11.113859,-6.988859,-2.2388594,-0.11385932
-9.812953,-5.062953,-1.8129529,-0.3129528799999999,-2.312953
-7.2813954,-2.1563954,-0.40639544,-1.5313954,-6.7813954
-9.59941,-3.9744098,-0.8494097600000001,-0.59940976,-5.4744096
-6.498473,-1.7484732,-0.37347317,-1.9984732,-7.748473
-0.0300022439999999,-3.5300024,-10.280003,-11.512925464970229,-11.512925464970229
-7.8127036,-4.0627036,-1.5627034,-0.43770343,-2.0627034
-3.9381506,-0.5631506400000001,-0.93815064,-3.9381506,-8.81315
-11.131693,-8.319193,-5.1941934,-1.3191934,-0.3191933599999999
-11.512925464970229,-11.512925464970229,-11.512925464970229,-11.512925464970229,-11.512925464970229
-11.512925464970229,-11.512925464970229,-11.512925464970229,-11.512925464970229,-11.512925464970229
-9.54127,-5.6662703,-2.7912703,-0.5412703,-1.0412703
-11.512925464970229,-11.512925464970229,-8.543293,-3.168293,-0.04329307
-5.789695,-4.789695,-3.6646948,-2.1646948,-0.1646948599999999
-9.736005,-5.673505,-2.423505,-0.29850504,-1.7985051
-7.399074,-4.524074,-2.1490743,-0.52407426,-1.2740743
-6.465816,-3.590816,-1.8408159,-0.9658159,-0.8408159
-4.712983,-0.5879832499999998,-0.8379832500000001,-5.837983,-11.512925464970229
-11.512925464970229,-11.512925464970229,-11.512925464970229,-11.512925464970229,-11.512925464970229
-0.023299867,-3.7733,-11.3358,-11.512925464970229,-11.512925464970229
-4.05356,-0.17855999,-1.92856,-7.30356,-11.512925464970229
-1.8408068,-11.512925464970229,-11.512925464970229,-11.512925464970229,-11.512925464970229
-4.8795094,-1.0045093,-0.6295093,-2.3795094,-7.7545094
-11.512925464970229,-8.393951,-4.5189514,-0.6439516500000001,-0.76895165
-5.155506,-1.1555064,-0.5305063,-2.4055064,-7.405506
-9.062861,-4.062861,-1.312861,-0.4378610299999999,-2.687861
-10.734858,-6.234857,-2.6098573,-0.35985726,-1.4848573
-11.512925464970229,-10.704787,-7.2047877,-2.5797877,-0.07978769
-6.380345,-1.5053447,-0.38034472,-2.3803446,-10.130344
-5.2542887,-1.2542889,-0.50428885,-2.254289,-7.8792887
-6.7792563,-2.6542563,-0.77925646,-0.77925646,-4.5292563
-10.900505,-6.5255055,-3.0255055,-0.40050542,-1.2755054
-11.512925464970229,-10.114648,-6.614648,-2.2396479,-0.11464792
-9.97684,-5.97684,-2.72684,-0.3518401399999999,-1.4768401
-11.512925464970229,-11.512925464970229,-11.512925464970229,-11.512925464970229,-11.512925464970229
-4.7300534,-0.73005337,-0.73005337,-3.6050534,-9.480053
-0.63346344,-0.7584634399999999,-7.6334634,-11.512925464970229,-11.512925464970229
-3.8841367,-0.13413656,-2.2591367,-7.7591367,-11.512925464970229
-9.425022,-5.1750226,-2.4250226,-0.9250226,-0.6750225999999999
-9.011817,-4.511817,-1.6368167,-0.5118168,-1.6368167
-8.0404415,-4.165441,-2.040441,-0.7904410399999999,-0.91544104
-6.4492946,-2.4492946,-0.8242947,-0.9492947,-2.4492946
-4.2045026,-0.45450267,-1.0795027,-4.5795026,-9.579503
-9.685998,-7.685998,-5.185998,-1.8109981,-0.1859981
-8.632818,-4.507818,-1.757818,-0.382818,-2.007818
-3.5470612,-0.42206126,-1.1720612,-5.1720614,-11.512925464970229
-11.512925464970229,-11.512925464970229,-7.5025415,-2.1275418,-0.12754174
-11.512925464970229,-7.491223,-4.116223,-0.9912227,-0.49122268
-10.914015,-6.914015,-3.6640146,-1.1640146,-0.4140145799999999
-11.512925464970229,-8.148913,-4.148914,-0.6489137,-0.7739137
-11.184194,-5.9341936,-2.3091936,-0.3091936699999999,-1.8091936
-5.1619177,-0.53691757,-0.91191757,-4.9119177,-11.512925464970229
-7.18921,-1.9392099,-0.4392098799999999,-1.5642099,-6.56421
-4.570755,-0.4457550299999999,-1.070755,-5.070755,-11.512925464970229
-8.969282,-4.344282,-1.5942822,-0.46928215,-1.8442822
-10.784863,-6.909864,-3.659864,-0.7848639,-0.6598639000000001
-5.66175,-1.2867496,-0.5367495999999999,-2.0367496,-5.28675
-7.421487,-3.4214866,-1.2964866,-0.5464867,-2.1714866
-7.125534,-2.5005338,-0.6255338,-1.0005338,-4.250534
-7.377897,-11.512925464970229,-5.127897,-5.627897,-11.512925464970229
-9.321292,-3.6962917,-0.94629174,-0.57129174,-3.8212917
-0.4752274500000001,-0.9752275,-6.8502274,-11.512925464970229,-11.512925464970229
-9.666666,-4.916666,-1.7916663,-0.2916662400000001,-2.5416663
-11.512925464970229,-11.512925464970229,-6.4532633,-6.5782633,-11.512925464970229
-11.512925464970229,-11.512925464970229,-5.1416163,-5.5166163,-11.512925464970229
-11.219196,-5.8441963,-2.2191963,-0.2191961999999999,-2.4691963
-7.422907,-1.6729071,-0.2979070499999999,-2.672907,-9.797907
-5.771956,-0.771956,-0.646956,-4.521956,-11.512925464970229
-2.5892084,-0.089208364,-4.5892086,-11.512925464970229,-11.512925464970229
-5.707693,-0.5826933400000001,-0.83269334,-5.707693,-11.512925464970229
-11.512925464970229,-11.512925464970229,-11.512925464970229,-11.512925464970229,-11.512925464970229
-8.382238,-4.257239,-1.5072389,-0.38223886,-2.5072389
-6.9808354,-2.8558354,-0.7308354,-0.8558354,-3.3558354
-5.2890563,-1.7890562,-0.6640562000000001,-1.2890562,-3.2890563
-9.659299,-5.409299,-2.1592991,-0.4092991,-1.5342991
-9.912426,-5.662426,-2.5374262,-0.66242623,-0.91242623
-8.322007,-5.072007,-2.4470072,-0.57200724,-1.0720072
-0.82932603,-0.57932603,-5.704326,-11.512925464970229,-11.512925464970229
-7.7362967,-3.8612964,-1.4862964,-0.4862964499999999,-1.9862964
-9.541866,-5.4168663,-2.4168665,-0.79186654,-0.79186654
-9.810575,-5.4355745,-2.3105743,-0.6855742999999999,-0.9355743
-10.762367,-6.5748672,-2.8248675,-0.4498674,-1.1998674
-8.560525,-4.185525,-1.435525,-0.43552488,-2.310525
-7.1485224,-2.7735224,-0.6485224,-0.8985223999999999,-5.0235224
-6.7817774,-0.9067773,-0.5317773,-4.9067774,-11.512925464970229
-2.9418545,-0.0668543949999999,-4.4418545,-11.5043545,-11.512925464970229
-11.512925464970229,-11.512925464970229,-6.337155000002012e-05,-10.000063,-11.512925464970229
-10.85824,-6.9832406,-3.4832406,-0.6082405999999999,-0.8582406
-11.512925464970229,-1.147242000007416e-06,-11.512925464970229,-11.512925464970229,-11.512925464970229
-7.135331,-3.010331,-1.0103309,-0.6353309,-2.885331
-7.6113114,-8.111312,-5.7363114,-6.1113114,-8.236312
-8.957276,-5.3322763,-2.707276,-0.70727617,-0.8322761699999999
-7.1558723,-2.7808723,-0.65587234,-0.90587234,-4.2808723
-0.3871181999999999,-1.1371182,-8.512118,-11.512925464970229,-11.512925464970229
-7.8061094,-3.3061092,-1.0561092,-0.5561092499999999,-3.1811092
-7.4807954,-3.9807954,-1.7307955,-0.6057955,-1.3557955
-11.512925464970229,-9.830622,-6.4556212,-2.5806215,-0.08062144
-11.383198,-8.383198,-5.1331973,-1.5081974,-0.2581974
-11.512925464970229,-9.208227,-4.9582267,-0.83322674,-0.5832267399999999
-9.507799,-5.507799,-2.3827991,-0.3827992399999999,-1.5077993
-8.021434,-3.2714338,-0.89643383,-0.6464338299999999,-3.5214338
-1.6018717,-0.22687174,-6.601872,-11.512925464970229,-11.512925464970229
-11.512925464970229,-11.512925464970229,-11.512925464970229,-11.512925464970229,-11.512925464970229
-10.737641,-7.487642,-4.362642,-0.9876417,-0.48764166
-9.003729,-3.8787284,-1.0037284,-0.5037284000000001,-4.8787284
-9.059188,-5.434188,-2.5591877,-0.43418765,-1.3091877
-7.7649984,-3.2649984,-0.88999844,-0.6399984400000001,-3.7649984
-11.512925464970229,-8.081888,-4.3318887,-0.7068885,-0.7068885
-7.9217997,-3.2967994,-1.0467994,-0.5467993999999999,-3.4217994
-2.4068758,-0.15687591,-2.9068758,-8.031876,-11.512925464970229
-4.7549343,-0.8799345,-0.6299344999999998,-3.1299345,-9.129934
-11.512925464970229,-11.393371,-7.51837,-2.0183704,-0.14337032
-11.512925464970229,-11.512925464970229,-7.725735,-2.350735,-0.1007350599999999
-10.216366,-6.5913663,-3.3413663,-0.4663662999999999,-1.0913663
-6.053281,-2.4282808,-0.80328095,-0.80328095,-4.303281
-4.463747,-0.2137472599999999,-1.7137473,-7.338747,-11.512925464970229
-11.512925464970229,-9.571321,-10.071321,-10.446321,-11.196321
-3.1338735,-0.1338734,-2.5088735,-8.133873,-11.512925464970229
-10.030737,-5.1557374,-1.7807372,-0.28073722,-2.6557372
-11.512925464970229,-10.753002,-7.0030026,-2.1280026,-0.12800261
-11.512925464970229,-6.067928,-2.0679278,-0.19292788,-3.0679278
-6.9231467,-2.6731467,-0.79814684,-0.79814684,-3.5481467
-9.059981,-4.6849813,-1.9349816,-0.3099815199999999,-2.1849816
-10.586268,-7.586268,-4.711268,-1.7112681,-0.2112680199999999
-11.512925464970229,-7.6937017,-3.3187015,-0.3187015000000001,-1.4437015
-7.708541,-3.583541,-1.4585408,-0.5835408000000001,-1.7085408
-11.512925464970229,-7.8417764,-3.5917764,-0.3417765,-1.3417765
-10.255953,-6.1934533,-2.9434533,-0.4434532500000001,-1.1934533
-11.512925464970229,-10.851017,-7.226017,-2.3510168,-0.10101676
-11.512925464970229,-10.589933,-7.089933,-2.464933,-0.08993294
-11.512925464970229,-10.806069,-6.8060694,-1.8060695,-0.1810695
-5.7515526,-1.0015525,-0.50155246,-3.7515526,-11.512925464970229
-6.122536,-0.9975362,-0.4975361499999999,-3.8725362,-11.512925464970229
-9.059664,-3.6846642,-0.93466425,-0.55966425,-4.5596642
-11.215658,-7.4656577,-3.840658,-0.7156579,-0.7156579
-9.309643,-5.6846423,-3.0596423,-0.80964243,-0.6846424299999999
-9.882841,-5.5078406,-2.3828406,-0.3828406999999999,-1.5078406
-10.3319435,-5.5819435,-2.3319433,-0.3319432699999999,-1.7069433
-10.947611,-6.3226104,-3.0726104,-0.5726105000000001,-0.9476105
-11.512925464970229,-8.509885,-4.884885,-1.5098847,-0.25988472
-11.512925464970229,-7.1512995,-3.0262995,-0.2762995,-1.6512995
-3.5628412,-0.3128411199999999,-1.4378412,-5.937841,-11.512925464970229
-11.512925464970229,-8.272174,-4.2721734,-0.6471735999999999,-0.7721736
-7.3708997,-3.2459,-1.3708999,-0.87089986,-1.2458999
-7.783956,-3.158956,-1.2839562,-0.90895617,-1.2839562
-11.270985,-8.020985,-4.770985,-1.1459851,-0.3959851299999999
-11.512925464970229,-8.645422,-4.3954215,-0.7704215,-0.6454215
-7.4661674,-2.7161674,-0.7161675,-0.8411675,-4.3411674
-6.9910326,-1.3660326,-0.36603257,-2.9910326,-10.116033
-0.12717,-2.12717,-10.25217,-11.512925464970229,-11.512925464970229
-4.862028,-0.73702794,-0.73702794,-3.362028,-8.237028
-11.512925464970229,-9.755302,-5.7553024,-1.5053025,-0.2553025799999999
-7.122438,-3.8724377,-1.9974377,-0.7474378,-0.9974378
-8.763174,-4.3881745,-1.6381745,-0.5131745,-1.6381745
-10.360245,-6.3602448,-3.2352448,-0.7352448,-0.7352448
-11.512925464970229,-11.512925464970229,-9.764308,-4.264308,-0.014308062
-10.280136,-5.280136,-1.9051361,-0.2801361699999999,-2.405136
-4.803558,-1.553558,-0.803558,-1.303558,-2.8035579
-11.135182,-6.8851824,-3.3851826,-0.5101826,-1.0101826
-11.512925464970229,-9.830427,-6.580427,-2.5804274,-0.080427304
-11.512925464970229,-11.430317,-8.055317,-2.9303172,-0.0553170929999999
-11.031693,-7.031693,-3.7816932,-0.78169316,-0.65669316
-10.917849,-6.855348,-3.6053483,-0.8553483,-0.6053483
-8.193917,-3.3189178,-0.94391763,-0.5689176299999998,-4.8189178
-6.5757966,-2.0757966,-0.5757966999999999,-1.2007967,-4.7007966
-0.63345563,-0.75845563,-7.3834558,-11.512925464970229,-11.512925464970229
-10.0193,-5.769301,-2.7693007,-0.6443007599999999,-0.89430076
-8.284536,-2.9095366,-0.53453654,-1.0345366,-5.6595364
-11.153741,-7.5287404,-3.9037406,-0.6537405999999999,-0.7787405999999999
-11.512925464970229,-10.378843,-6.3788433,-1.5038434,-0.2538434
-6.757192,-3.1321921,-1.3821921,-0.63219213,-1.7571921
-7.902168,-3.7771678,-1.5271678,-0.5271678,-1.7771678
-10.826211,-6.888711,-3.2637112,-0.3887112,-1.2637112
-0.12706335,-2.1270633,-9.752064,-11.512925464970229,-11.512925464970229
-6.914345,-2.4143448,-0.7893448,-0.9143448,-2.9143448
-6.3036957,-2.178696,-0.8036959,-0.9286959,-3.178696
-11.512925464970229,-9.864333,-6.614333,-2.2393332,-0.114333235
-6.9661694,-3.4661696,-1.4661696,-0.46616954,-2.2161696
-11.160732,-7.4732327,-3.8482327,-0.5982327500000001,-0.84823275
-0.0700682549999999,-11.512925464970229,-11.512925464970229,-11.512925464970229,-11.512925464970229
-4.1211724,-0.3711726399999999,-1.2461727,-5.1211724,-11.496173
-6.0786414,-0.7036415,-0.7036415,-4.8286414,-11.512925464970229
-8.325967,-3.4509666,-0.9509666,-0.5759666,-3.9509666
-6.7878895,-3.2878897,-1.2878897,-0.5378897,-2.2878897
-2.1355884,-0.13558845,-4.7605886,-11.448089,-11.512925464970229
-9.158593,-4.7835937,-1.7835934,-0.28359348,-2.6585934
-3.4170156,-0.042015526,-4.7920156,-11.512925464970229,-11.512925464970229
-7.8251114,-3.7001116,-1.2001116,-0.4501116,-3.3251116
-11.512925464970229,-11.512925464970229,-11.512925464970229,-11.512925464970229,-11.512925464970229
-5.150216,-1.4002161,-0.5252160400000001,-1.9002161,-5.025216
-9.665234,-4.790234,-1.6652339,-0.29023388,-2.9152339
-1.8528608,-1.1028608,-3.977861,-6.602861,-6.352861
-6.8899274,-2.8899274,-0.76492727,-0.76492727,-4.3899274
-9.292557,-4.5425572,-1.542557,-0.29255706,-3.542557
-0.98302734,-0.4830272999999999,-4.7330275,-10.733027,-11.512925464970229
-6.1218934,-1.2468935,-0.3718934999999999,-3.8718934,-11.512925464970229
-5.959617,-1.084617,-0.4596170500000001,-3.5846171,-11.209617
-5.4317646,-0.9317647,-0.5567647000000001,-3.5567646,-10.681765
-6.797905,-2.2979047,-0.5479047299999998,-1.1729047,-4.547905
-11.512925464970229,-11.512925464970229,-11.007702,-4.8827014,-0.007701626
-11.512925464970229,-11.512925464970229,-11.512925464970229,-11.512925464970229,-11.512925464970229
-11.512925464970229,-11.512925464970229,-11.512925464970229,-11.512925464970229,-11.512925464970229
-11.512925464970229,-11.512925464970229,-9.391221,-4.1412215,-0.0162214669999999
-11.512925464970229,-11.512925464970229,-11.512925464970229,-5.628688,-0.0036880784
-11.512925464970229,-10.033227,-6.2832274,-1.4082272,-0.28322726
-4.035266,-0.6602657400000002,-0.78526574,-4.660266,-10.285266
-11.512925464970229,-10.227096,-6.477096,-1.602096,-0.2270959499999999
-4.8393893,-1.4643891,-0.58938915,-1.5893891,-6.2143893
-11.512925464970229,-11.512925464970229,-11.381815,-5.0068145,-0.006814589
-11.512925464970229,-11.512925464970229,-10.276433,-3.651433,-0.026432896
-11.46557,-7.5905704,-3.8405704,-0.7155704,-0.7155704
-6.7895393,-6.7895393,-4.9145393,-5.5395393,-7.2895393
-11.512925464970229,-11.512925464970229,-11.512925464970229,-11.512925464970229,-11.512925464970229
-4.61141,-0.2364102599999999,-1.6114103,-7.11141,-11.512925464970229
-5.9285383,-1.8035383,-0.6785383,-1.1785383,-4.0535383
-10.017076,-5.642076,-2.517076,-0.5170759000000001,-1.1420759
-5.089305,-1.2143052,-0.5893051000000001,-1.9643052,-6.339305
-7.8848844,-3.1348844,-1.1348844,-0.6348844000000001,-2.2598844
-9.862171,-4.3621716,-1.4871715,-0.3621715299999999,-2.7371716
-11.428394,-6.9283943,-3.5533943,-0.9283944,-0.5533944000000001
-5.4280396,-1.3030393,-0.5530394000000001,-1.9280393,-5.8030396
-2.301145,-0.17614517,-2.801145,-7.676145,-11.512925464970229
-8.615832,-4.1158323,-1.4908322,-0.36583224,-2.7408323
-8.756065,-4.131066,-1.6310657,-0.38106573,-2.2560658
-10.61593,-7.11593,-4.11593,-1.2409301,-0.36593002
-10.372237,-5.997237,-2.9972372,-0.74723727,-0.74723727
-7.3992615,-3.2742615,-1.3992615,-0.6492614,-1.6492615
-6.016959,-2.0169592,-0.7669592,-1.0169592,-3.2669592
-9.074123,-3.949123,-1.199123,-0.44912302,-3.199123
-1.6084522,-0.23345216,-4.8584523,-11.512925464970229,-11.512925464970229
-6.7875977,-2.5375974,-0.6625975,-0.9125975,-5.9125977
-7.7809973,-4.0309973,-1.4059973,-0.40599725,-2.6559973
-4.018394,-11.512925464970229,-11.512925464970229,-11.512925464970229,-11.512925464970229
-11.512925464970229,-9.807304,-5.6823044,-1.0573045,-0.43230447
-6.7809677,-7.2809677,-5.1559677,-5.1559677,-6.7809677
-11.512925464970229,-8.560791,-5.0607905,-1.0607908,-0.43579075
-7.6061115,-2.1061113,-0.3561113499999999,-1.7311113,-8.606112
-0.9040122,-0.5290122,-5.154012,-11.404013,-11.512925464970229
-10.019485,-5.269486,-1.8944858,-0.2694857999999999,-2.5194857
-11.512925464970229,-11.512925464970229,-11.512925464970229,-11.512925464970229,-11.512925464970229
-11.512925464970229,-11.512925464970229,-8.062398,-2.812398,-0.062397957
-6.2086353,-1.8336356,-0.45863554,-1.5836356,-7.3336353
-11.512925464970229,-7.916838,-4.041838,-0.54183835,-0.91683835
-2.0228658,-0.1478657999999999,-5.272866,-11.512925464970229,-11.512925464970229
-5.91662,-0.9166197,-0.5416197,-4.16662,-11.512925464970229
-8.942926,-2.3179266,-0.19292662,-2.5679266,-11.512925464970229
-11.512925464970229,-10.577819,-6.702819,-1.7028191,-0.20281905
-10.444788,-7.3197875,-4.1947875,-1.0697875,-0.44478753
-7.226287,-3.3512866,-1.3512866,-0.4762867,-2.4762866
-9.847569,-6.5975695,-3.5975692,-0.7225693,-0.7225693
-6.0290456,-2.4040456,-1.0290456,-0.7790455,-2.4040456
-10.450846,-7.3258457,-4.4508457,-1.3258456,-0.3258456
-11.512925464970229,-9.183339,-5.433339,-1.0583389,-0.4333388999999999
-11.512925464970229,-11.512925464970229,-11.512925464970229,-11.512925464970229,-11.512925464970229
-9.785752,-6.5357523,-3.6607523,-0.78575236,-0.66075236
-8.397511,-4.647511,-2.147511,-0.5225110000000001,-1.272511
-10.208506,-6.5835056,-3.5835056,-1.0835055,-0.4585055
-9.105521,-5.230521,-2.4805214,-0.48052135,-1.2305213
-10.868764,-7.1187634,-3.9937634,-0.99376357,-0.49376354
-8.668179,-4.793178,-1.7931783,-0.2931782600000001,-2.5431783
-10.127228,-5.127228,-1.8772277,-0.2522277,-2.7522278
-9.643902,-4.7689023,-1.6439022,-0.26890218,-3.3939023
-11.068992,-6.068992,-2.443992,-0.318992,-1.693992
-11.512925464970229,-11.18074,-7.0557404,-1.8057405,-0.1807404999999999
-11.512925464970229,-10.01949,-6.39449,-2.01949,-0.14448991
-11.512925464970229,-7.5905375,-3.8405375,-0.7155375,-0.7155375
-11.512925464970229,-11.512925464970229,-8.320302,-2.6953015,-0.0703016299999999
-11.512925464970229,-11.512925464970229,-8.66828,-3.1682796,-0.0432796029999999
-11.512925464970229,-7.2633367,-3.2633364,-0.38833648,-1.2633364
-9.724129,-3.8491285,-0.7241285,-0.7241285,-4.7241287
-11.512925464970229,-8.767563,-4.6425633,-0.7675632,-0.6425631999999999
-11.512925464970229,-11.512925464970229,-10.1361475,-4.511148,-0.0111478009999999
-11.512925464970229,-11.512925464970229,-10.757704,-4.882704,-0.0077036339999999
-9.607805,-3.857805,-0.857805,-0.607805,-4.6078053
-11.512925464970229,-10.805578,-7.430578,-2.9305782,-0.0555782899999999
-6.4106884,-0.91068834,-0.53568834,-4.5356884,-11.512925464970229
-5.7991276,-0.9241274,-0.5491274000000002,-3.7991273,-10.486628
-11.512925464970229,-5.613067,-1.6130674,-0.23806737,-4.738067
-6.160543,-1.410543,-0.4105429,-2.410543,-7.535543
-10.416366,-5.6663656,-2.2913656,-0.29136574,-1.9163657
-11.0311775,-5.968677,-2.218677,-0.3436771599999999,-1.7186772
-11.039683,-6.289684,-2.7896836,-0.4146836399999999,-1.2896836
-9.624494,-3.9994936,-1.1244937,-0.49949372,-2.9994936
-11.512925464970229,-8.466169,-4.21617,-0.84116966,-0.5911696599999999
-9.420999,-4.5459986,-1.7959988,-0.42099875,-1.7959988
-2.2165694,-0.21656953,-2.4665694,-7.2165694,-11.512925464970229
-11.512925464970229,-10.532935,-6.407935,-1.4079354,-0.28293535
-10.478345,-5.853345,-2.6033447,-0.60334474,-0.97834474
-8.874599,-4.2495995,-1.6245992,-0.6245992000000001,-1.3745992
-11.163176,-7.038176,-3.5381758,-0.6631759,-0.7881759
-8.297511,-2.6725113,-0.42251137,-1.2975113,-6.2975116
-7.482126,-2.6071262,-0.60712624,-0.98212624,-5.107126
-8.93705,-3.3120499,-0.5620497499999999,-0.93704975,-6.56205
-11.512925464970229,-0.003929268,-11.512925464970229,-11.512925464970229,-11.512925464970229
-8.212379,-3.4623795,-1.0873793,-0.58737934,-2.5873795
-11.512925464970229,-7.8643417,-4.2393417,-0.9893415,-0.48934153
-10.277056,-5.3395557,-2.0895557,-0.3395557999999999,-1.8395557
-11.398509,-5.5860095,-1.9610095,-0.33600944,-1.9610095
-8.624848,-3.8748484,-1.3748484,-0.4998484299999999,-2.1248484
-11.512925464970229,-9.938329,-6.6883283,-2.8133283,-0.06332833
-10.036746,-5.661746,-2.411746,-0.41174594,-1.4117459
-2.3007693,-0.1757693399999999,-2.8007693,-8.80077,-11.512925464970229
-11.512925464970229,-7.1441545,-3.1441545,-0.5191545499999999,-1.0191545
-11.512925464970229,-7.8218346,-4.0718346,-1.0718343,-0.44683436
-10.183764,-6.4337645,-3.6837647,-1.4337647,-0.3087647
-10.068545,-4.568546,-1.4435457,-0.4435457300000001,-2.1935458
-11.512925464970229,-11.512925464970229,-11.512925464970229,-11.512925464970229,-11.512925464970229
-10.621021,-5.3710213,-2.121021,-0.24602105,-2.371021
-8.736471,-3.3614714,-0.73647135,-0.73647135,-4.986471
-1.0541002,-0.4291001299999999,-7.9291,-11.512925464970229,-11.512925464970229
-11.512925464970229,-11.512925464970229,-8.285588,-1.9105884,-0.1605883399999999
-11.512925464970229,-10.518777,-6.893777,-2.0187767,-0.14377666
-11.512925464970229,-11.512925464970229,-11.512925464970229,-11.512925464970229,-11.512925464970229
-9.938601,-4.9386005,-1.6886003,-0.3136003299999999,-2.5636003
-11.512925464970229,-8.393974,-4.518974,-0.6439738999999999,-0.7689739
-11.512925464970229,-11.512925464970229,-10.393233,-4.0182333,-0.018233294
-9.876242,-5.376241,-2.0012414,-0.3762414199999999,-1.7512414
-2.3352692,-0.3352691199999999,-1.7102691,-4.960269,-9.522769
-9.291008,-4.9160085,-2.0410082,-0.2910082600000001,-2.1660082
-7.3210063,-2.9460063,-0.82100624,-0.69600624,-4.8210063
-11.512925464970229,-11.512925464970229,-11.014382,-4.2643824,-0.01438256
-11.512925464970229,-9.557791,-5.5577908,-1.0577906,-0.4327906
-11.512925464970229,-11.512925464970229,-11.512925464970229,-11.512925464970229,-11.512925464970229
-7.384463,-3.0094626,-0.88446265,-0.63446265,-5.009463
-8.454437,-2.9544377,-0.5794377300000001,-0.95443773,-6.0794377
-3.4460235,-0.3210235799999999,-1.4460236,-4.9460235,-10.446024
-8.990116,-4.3651156,-1.7401158,-0.49011576,-1.6151158
-8.477366,-3.4773667,-0.9773666,-0.6023666000000001,-3.1023667
-2.8965054,-0.14650537,-2.5215054,-7.3965054,-11.512925464970229
-6.2333617,-1.7333616,-0.4833616299999999,-1.6083616,-5.4833617
-9.663592,-4.476092,-1.4760921,-0.4760920399999999,-1.9760921
-11.512925464970229,-11.512925464970229,-11.512925464970229,-11.512925464970229,-11.512925464970229
-10.373727,-4.7487273,-1.3737273,-0.3737273,-2.9987273
-1.7057871,-0.20578708,-5.455787,-11.512925464970229,-11.512925464970229
-11.512925464970229,-9.017278,-5.267278,-1.1422781,-0.3922780799999999
-8.2563505,-3.2563508,-1.0063508,-0.6313508000000001,-2.7563508
-4.6393385,-0.88933843,-0.76433843,-2.2643385,-4.6393385
-11.512925464970229,-7.7232285,-3.8482285,-0.5982283999999999,-0.8482284
-3.3431492,-0.2181492399999999,-1.8431492,-6.093149,-11.512925464970229
-3.5323853,-0.15738538,-2.1573853,-7.4073853,-11.512925464970229
-8.808967,-4.308966,-1.5589664,-0.43396637,-2.0589664
-10.29022,-3.2902203,-0.2902201399999999,-1.5402201,-8.91522
-4.424214,-0.54921395,-0.92421395,-4.299214,-10.174214
-4.2608395,-0.76083934,-0.76083934,-3.0108395,-6.2608395
-7.55707,-3.9320698,-1.6820698,-0.8070696999999999,-1.0570698
-4.7003865,-0.32538638,-1.3253864,-5.9503865,-11.512925464970229
-11.512925464970229,-11.512925464970229,-11.512925464970229,-11.512925464970229,-4.3201999994718403e-07
-8.232641,-3.607641,-1.232641,-0.732641,-1.607641
-9.681541,-4.1815414,-0.93154144,-0.5565414399999999,-4.0565414
-2.4990494,-0.1240494999999999,-3.3740494,-9.124049,-11.512925464970229
-11.110157,-5.360157,-1.735157,-0.3601569999999999,-2.110157
-8.344433,-4.594433,-2.094433,-0.96943307,-0.71943307
-9.070809,-5.4458094,-2.9458094,-1.1958094,-0.4458093599999999
-9.920885,-3.9208853,-0.79588526,-0.6708852600000001,-4.045885
-11.512925464970229,-11.512925464970229,-11.512925464970229,-11.512925464970229,-4.3201999994718403e-07
-6.290807,-0.91580683,-0.54080683,-4.165807,-11.512925464970229
-11.512925464970229,-11.512925464970229,-11.512925464970229,-11.512925464970229,0.0
-11.512925464970229,-11.512925464970229,-11.512925464970229,-11.512925464970229,-11.512925464970229
-5.4744997,-1.7245,-0.5994999,-1.3495,-4.7244997
-11.512925464970229,-11.512925464970229,-11.512925464970229,-11.512925464970229,-11.512925464970229
-7.7012424,-4.3262424,-2.2012424,-0.8262424,-0.8262424
-3.7853882,-0.9103882,-0.7853882,-2.1603882,-5.660388
-6.7516146,-3.8766146,-2.1266146,-1.1266146,-0.6266145
-4.9590592,-1.4590592,-0.7090592,-1.4590592,-3.3340592
-9.922172,-6.422172,-3.2971718,-0.7971719,-0.6721719
-1.294356,-0.544356,-2.0443559,-4.419356,-5.544356
-9.155425,-5.1554246,-2.4054248,-0.5304248,-1.1554248
-3.3393035,-1.2143035,-0.83930355,-1.5893035,-3.4643035
-11.512925464970229,-11.512925464970229,-11.512925464970229,-11.512925464970229,-11.512925464970229
-8.459397,-3.9593976,-1.3343976,-0.4593975499999999,-2.4593976
-7.5798564,-3.2048564,-1.0798564,-0.5798564000000002,-2.8298564
-1.3251547,-0.3251546599999999,-4.450155,-10.137654,-11.512925464970229
-4.8645544,-1.1145543,-0.6145543,-2.1145544,-6.1145544
-11.512925464970229,-11.512925464970229,-11.512925464970229,-11.512925464970229,-11.512925464970229
-5.8378797,-2.08788,-0.83787984,-0.96287984,-2.83788
-8.911626,-4.786626,-2.0366256,-0.5366257,-1.2866256
-5.004948,-1.504948,-0.754948,-1.379948,-3.0049481
-6.1594353,-3.284435,-1.659435,-0.7844350300000001,-1.159435
-4.8059983,-1.3059983,-0.6809983,-1.6809983,-3.5559983
-2.7623825,-0.6373825000000001,-1.0123825,-3.1373825,-6.6373825
-6.657917,-2.0329168,-0.5329168400000001,-1.2829168,-5.657917
-11.512925464970229,-11.512925464970229,-11.512925464970229,-11.512925464970229,-11.512925464970229
-3.155167,-0.4051672,-1.2801672,-4.405167,-9.030168
-5.431051,-2.5560508,-1.1810509,-0.8060509,-1.8060509
-8.618202,-4.868202,-2.493202,-0.993202,-0.618202
-6.086292,-2.4612916,-0.8362916,-0.8362916,-3.0862916
-2.5470576,-0.5470576999999999,-1.1720576,-3.4220576,-7.4220576
-4.494297,-0.49429706,-0.994297,-4.744297,-10.931797
-5.658847,-1.658847,-0.533847,-1.533847,-5.533847
-3.7283323,-0.1033322599999999,-2.6033323,-9.4783325,-11.512925464970229
-8.997383,-5.372383,-2.497383,-0.3723831199999999,-1.4973831
-11.512925464970229,-11.238457,-7.488457,-2.238457,-0.11345701
-11.250314,-5.625314,-1.7503141,-0.2503141,-3.125314
-11.512925464970229,-6.8356094,-2.9606094,-0.33560956,-1.4606096
-8.3905735,-3.6405737,-1.0155737,-0.5155738,-4.265574
-9.276832,-4.2768316,-1.4018319,-0.4018318000000001,-2.6518319
-11.512925464970229,-7.390148,-3.2651484,-0.26514837,-1.6401484
-4.1951838,-0.1951839199999999,-1.8201839,-8.445184,-11.512925464970229
-11.001946,-7.2519464,-3.6269464,-0.50194657,-1.0019466
-4.456221,-0.831221,-0.706221,-2.831221,-7.956221
-8.807868,-4.6828685,-2.0578685,-0.30786842,-2.0578685
-11.512925464970229,-8.687235,-4.812235,-1.0622349,-0.4372349399999999
-10.475813,-6.850813,-3.475813,-0.72581303,-0.72581303
-4.813312,-0.18831205,-1.813312,-8.188313,-11.512925464970229
-9.65869,-4.7836905,-1.5336902,-0.2836902399999999,-3.7836902
-0.6935157,-0.6935157,-8.193516,-11.512925464970229,-11.512925464970229
-9.4958515,-4.370852,-1.4958519,-0.4958519,-1.8708519
-9.330984,-4.830984,-2.0809839,-0.4559839699999999,-1.455984
-4.661585,-0.9115851,-0.6615850999999999,-2.661585,-5.911585
-11.512925464970229,-9.684536,-5.1845355,-1.0595356,-0.43453562
-8.432773,-4.4327726,-1.9327724,-0.5577724,-1.3077724
-11.042108,-6.9171076,-3.4171076,-0.6671076399999999,-0.79210764
-9.556026,-4.5560265,-1.3060267,-0.4310267,-2.6810267
-11.512925464970229,-9.807743,-5.5577426,-1.0577427,-0.43274274
-8.30861,-3.1836095,-0.93360955,-0.6836095500000001,-2.8086095
-9.409519,-4.409519,-1.409519,-0.40951896,-2.534519
-11.512925464970229,-8.520726,-4.7707257,-1.1457257,-0.3957258
-10.557822,-6.5578227,-3.4328227,-0.9328226,-0.5578226
-5.208808,-1.0838077,-0.58380777,-2.3338077,-6.583808
-6.9777904,-1.9777905,-0.35279045,-1.8527905,-6.8527904
-4.243391,-0.36839122,-1.2433913,-5.243391,-11.512925464970229
-6.7890053,-1.914005,-0.4140051,-1.664005,-8.039005
-10.346664,-6.846664,-3.971664,-0.8466641,-0.5966640999999999
-10.607756,-6.357756,-2.982756,-0.48275596,-1.1077559
-3.08527,-0.33527005,-1.46027,-5.08527,-10.39777
-8.645147,-5.0201473,-2.5201476,-0.5201474999999999,-1.1451476
-9.923437,-5.798437,-2.673437,-0.42343703,-1.298437
-11.194994,-8.319994,-5.069994,-1.319994,-0.31999403
-10.663371,-6.913371,-3.5383708,-0.66337085,-0.78837085
-1.3381753,-0.33817527,-3.7131753,-9.338175,-11.512925464970229
-7.4002423,-2.7752423,-0.6502424000000001,-0.9002424,-4.7752423
-10.312541,-6.4375415,-3.3125412,-0.5625413,-0.9375413
-11.512925464970229,-7.7875085,-4.2875085,-0.9125086,-0.5375086
-8.990816,-4.615816,-1.7408161,-0.36581618,-2.115816
-2.582756,-0.20775607,-2.207756,-6.332756,-9.707756
-7.0955076,-2.3455074,-0.5955074,-1.0955074,-4.0955076
-7.930725,-2.5557249,-0.43072495,-1.305725,-7.305725
-2.0229425,-0.1479426199999999,-5.2729425,-11.512925464970229,-11.512925464970229
-5.3032384,-1.3032383,-0.5532383,-1.9282383,-5.9282384
-10.866015,-5.8035154,-2.1785154,-0.30351537,-1.9285154
-5.038622,-1.288622,-0.538622,-2.038622,-5.538622
-7.351783,-2.601783,-0.726783,-0.851783,-4.226783
-7.0082836,-2.3832839,-0.6332838,-1.0082839,-4.5082836
-11.512925464970229,-8.730443,-5.3554425,-1.6054426,-0.23044261
-7.9433475,-8.443347,-5.9433475,-5.8183475,-8.068347
-6.984378,-2.7343779,-0.8593778,-0.7343778,-3.4843779
-9.609908,-5.109908,-2.109908,-0.4849080699999999,-1.3599081
-11.479101,-7.5416017,-4.0416017,-0.91660154,-0.5416015400000002
-11.428782,-7.4912825,-4.1162825,-0.99128234,-0.4912822999999999
-10.683123,-5.808122,-2.5581222,-0.5581221600000001,-1.0581222
-6.6244206,-1.9994208,-0.49942073,-1.3744208,-5.7494206
-7.7894745,-2.7894745,-0.6644744999999999,-0.9144745,-3.7894745
-6.3375683,-1.0875684,-0.4625684299999999,-3.4625685,-10.212568
-0.0041782409999999,-5.504178,-11.512925464970229,-11.512925464970229,-11.512925464970229
-7.392983,-2.892983,-0.7679829,-0.7679829,-4.142983
-6.4549603,-2.70496,-0.95496017,-0.70496017,-2.95496
-6.0921154,-1.3421154,-0.4671154,-2.2171154,-7.5921154
-11.512925464970229,-11.512925464970229,-11.512925464970229,-11.512925464970229,-11.512925464970229
-8.089395,-2.7143943,-0.4643943,-1.2143943,-4.839394
-11.512925464970229,-10.306528,-6.431528,-1.8065283,-0.18152831
-8.25537,-3.8803697,-1.3803698,-0.38036978,-3.1303697
-11.512925464970229,-11.512925464970229,-11.512925464970229,-11.512925464970229,-11.512925464970229
-5.7963314,-0.9213313,-0.5463313,-3.9213314,-11.171331
-10.260277,-6.510277,-3.3852766,-1.0102766,-0.5102765999999999
-11.155608,-7.405608,-4.030608,-1.1556083,-0.4056083299999999
-11.512925464970229,-11.512925464970229,-11.512925464970229,-11.512925464970229,-11.512925464970229
-4.793802,-0.5438019,-0.9188019,-4.418802,-10.981302
-6.4066577,-1.2816576,-0.4066576,-2.9066577,-8.906657
-6.767106,-1.892106,-0.3921061,-1.767106,-6.517106
-0.7582149,-0.6332149,-7.508215,-11.512925464970229,-11.512925464970229
-4.762621,-1.1376209,-0.5126209,-2.637621,-9.012621
-11.512925464970229,-9.727863,-6.1028633,-1.6028632,-0.22786318
-8.662956,-3.6629562,-0.7879561,-0.6629561000000002,-5.537956
-11.145092,-7.457592,-3.582592,-0.45759213,-1.0825921
-11.512925464970229,-9.035874,-5.4108744,-1.4108741,-0.2858742
-11.512925464970229,-10.954624,-7.3296247,-2.5796247,-0.07962455
-10.488678,-6.238678,-2.613678,-0.23867789,-1.9886779
-4.5773067,-3.2023067,-2.4523067,-1.9523067,-0.3273067199999999
-10.83836,-6.4633603,-2.7133603,-0.21336031,-2.0883603
-9.424917,-5.5499177,-2.6749177,-0.5499177000000001,-1.0499177
-11.512925464970229,-9.852613,-6.2276134,-1.6026134,-0.2276135099999999
-7.2908254,-2.7908254,-0.5408253699999999,-1.0408254,-6.0408254
-11.03631,-6.16131,-2.5363102,-0.2863102999999999,-1.7863103
-5.2070246,-1.3320243,-0.4570244,-2.3320243,-8.457025
-6.3810687,-11.512925464970229,-6.2560687,-11.512925464970229,-11.512925464970229
-5.6593456,-0.7843458,-0.6593458,-3.7843459,-11.512925464970229
-10.708505,-6.0835047,-2.7085044,-0.4585045,-1.2085044
-9.467788,-4.0927877,-1.0927875,-0.46778756,-3.8427875
-9.172642,-4.0476418,-1.2976418,-0.4226418,-2.9226418
-11.512925464970229,-8.162375,-4.2873755,-0.91237557,-0.5373755700000001
-8.84008,-3.7150803,-0.9650802,-0.5900802000000002,-3.2150803
-11.149824,-7.7748246,-4.3998246,-1.1498246,-0.3998245999999999
-11.512925464970229,-8.395382,-4.3953824,-0.7703823399999999,-0.64538234
-3.297361,-0.2973609599999999,-1.5473609,-4.922361,-11.047361
-10.631801,-5.7568007,-2.3818004,-0.3818004400000001,-1.5068004
-10.631801,-5.7568007,-2.3818004,-0.3818004400000001,-1.5068004
-9.547743,-4.547743,-1.6727428,-0.42274278,-1.9227428
-9.966807,-4.966808,-1.8418078,-0.3418078,-2.0918078
-10.351944,-4.6644435,-1.2894435,-0.41444355,-2.9144435
-10.922847,-5.9853463,-2.6103463,-0.3603464,-1.4853464
-5.592896,-0.59289616,-0.84289616,-4.342896,-11.280396
-0.5235172000000001,-0.8985172,-8.023518,-11.512925464970229,-11.512925464970229
-8.818742,-3.693742,-0.943742,-0.568742,-3.943742
-11.512925464970229,-11.512925464970229,-11.512925464970229,-11.512925464970229,-11.512925464970229
-11.512925464970229,-11.512925464970229,-11.512925464970229,-11.512925464970229,-11.512925464970229
-11.512925464970229,-11.512925464970229,-11.512925464970229,-11.512925464970229,-11.512925464970229
-9.487137,-4.612137,-1.612137,-0.362137,-2.362137
-6.8371706,-2.7121708,-0.8371708,-0.8371708,-2.7121708
-9.968477,-5.7184777,-2.5934777,-0.46847773,-1.2184777
-0.31533736,-1.3153374,-6.315337,-11.512925464970229,-11.512925464970229
-8.000696,-3.5006964,-1.1256964,-0.5006964999999999,-3.2506964
-6.909736,-2.6597362,-0.90973604,-0.78473604,-2.6597362
-10.134402,-7.5094023,-5.0094023,-2.134402,-0.13440213
-11.512925464970229,-11.512925464970229,-11.512925464970229,-11.512925464970229,-11.512925464970229
-6.9808974,-2.6058974,-0.7308974,-0.8558974,-3.9808974
-1.3160005,-0.31600043,-5.9410005,-11.512925464970229,-11.512925464970229
-3.268006,-0.2680060999999999,-1.6430061,-5.6430063,-11.512925464970229
-6.2111025,-0.83610225,-0.58610225,-4.8361025,-11.512925464970229
-11.512925464970229,-11.512925464970229,-7.9303436,-2.9303436,-0.05534371
-11.512925464970229,-11.512925464970229,-8.562324,-2.812324,-0.062323928
-6.79759,-2.04759,-0.42259,-1.54759,-6.42259
-11.512925464970229,-9.977517,-5.727517,-0.97751707,-0.4775170700000001
-7.0955358,-2.2205355,-0.4705356,-1.3455356,-5.2205358
-11.512925464970229,-11.512925464970229,-8.283979,-3.408979,-0.03397899
-11.209617,-7.8971167,-4.2721167,-0.6471166600000001,-0.77211666
-1.7846465,-0.2846465,-2.5346465,-7.5346465,-11.512925464970229
-11.512925464970229,-11.512925464970229,-11.512925464970229,-11.512925464970229,-11.512925464970229
-10.551095,-6.2385945,-2.6135945,-0.2385945899999999,-1.9885945
-11.512925464970229,-11.512925464970229,-10.0087595,-4.7587595,-0.0087596895
-11.512925464970229,-11.512925464970229,-11.512925464970229,-11.512925464970229,-11.512925464970229
-11.512925464970229,-11.2936,-7.5436006,-3.1686003,-0.043600332
-2.2505171,-0.12551717,-4.3755174,-11.512925464970229,-11.512925464970229
-11.512925464970229,-8.7005625,-4.950563,-0.7005628,-0.7005628
-6.781386,-2.156386,-0.40638587,-1.5313859,-7.406386
-2.9115236,-0.28652352,-1.6615236,-5.4115233,-11.512925464970229
-11.401363,-7.5263634,-4.0263634,-0.7763635500000001,-0.6513635499999999
-11.378899,-6.628899,-3.003899,-0.253899,-1.753899
-10.070013,-5.6950126,-2.4450128,-0.3200127199999999,-1.6950127
-8.775592,-4.525592,-1.7755917,-0.4005917299999999,-1.9005917
-10.040333,-5.790333,-2.7903326,-0.4153325599999999,-1.2903326
-11.171195,-7.171195,-3.4211953,-0.4211952,-1.1711953
-11.512925464970229,-11.512925464970229,-11.512925464970229,-11.512925464970229,-11.512925464970229
-6.1970105,-1.8220105,-0.5720105999999999,-1.3220105,-5.4470105
-8.661951,-4.536951,-1.786951,-0.28695095,-2.661951
-11.512925464970229,-9.162644,-6.1626444,-1.9126444,-0.16264442
-11.493242,-6.8057423,-3.180742,-0.4307420999999999,-1.1807421
-6.2052526,-1.8302528,-0.5802527700000001,-1.3302528,-4.3302526
-7.0712485,-2.4462485,-0.5712485299999999,-1.0712485,-5.3212485
-8.9572115,-3.8322113,-1.2072114,-0.45721135,-3.0822113
