1,2,3,4,5,relevance
-2.7729658999976948e-05,-10.500028,-11.512925464970229,-11.512925464970229,-11.512925464970229,2
-1.151796100003602e-05,-11.375011,-11.512925464970229,-11.512925464970229,-11.512925464970229,5
-2.7729658999976948e-05,-10.500028,-11.512925464970229,-11.512925464970229,-11.512925464970229,4
-1.266445700004619e-06,-11.512925464970229,-11.512925464970229,-11.512925464970229,-11.512925464970229,5
-3.412111500025299e-06,-11.512925464970229,-11.512925464970229,-11.512925464970229,-11.512925464970229,1
-3.412111500025299e-06,-11.512925464970229,-11.512925464970229,-11.512925464970229,-11.512925464970229,1
-2.8160931999895433e-06,-11.512925464970229,-11.512925464970229,-11.512925464970229,-11.512925464970229,1
-1.8624638999875201e-06,-11.512925464970229,-11.512925464970229,-11.512925464970229,-11.512925464970229,1
-2.577685999980972e-06,-11.512925464970229,-11.512925464970229,-11.512925464970229,-11.512925464970229,1
-0.00012880703000002814,-11.500129,-11.512925464970229,-11.512925464970229,-9.375129,1
-0.00012880703000002814,-11.500129,-11.512925464970229,-11.512925464970229,-9.375129,1
-0.0007972388400000099,-10.500797,-9.875797,-11.512925464970229,-7.7507973,1
-4.1080468000054833e-05,-10.125041,-11.512925464970229,-11.512925464970229,-11.512925464970229,1
-9.805981999998605e-05,-9.250098,-11.512925464970229,-11.512925464970229,-11.512925464970229,1
-4.1080468000054833e-05,-10.125041,-11.512925464970229,-11.512925464970229,-11.512925464970229,1
0.0,-11.512925464970229,-11.512925464970229,-11.512925464970229,-11.512925464970229,1
0.0,-11.512925464970229,-11.512925464970229,-11.512925464970229,-11.512925464970229,1
0.0,-11.512925464970229,-11.512925464970229,-11.512925464970229,-11.512925464970229,1
-1.0206721000004946e-05,-11.512925464970229,-11.512925464970229,-11.512925464970229,-11.512925464970229,1
-1.0206721000004946e-05,-11.512925464970229,-11.512925464970229,-11.512925464970229,-11.512925464970229,1
-8.418665999980928e-06,-11.512925464970229,-11.512925464970229,-11.512925464970229,-11.512925464970229,1
-0.6546114999999999,-3.4046116,-1.9046116,-2.2796116,-1.6546116,1
-5.5262647,-5.5262647,-2.6512647,-0.77626467,-0.77626467,1
-3.884829,-5.384829,-3.134829,-1.384829,-0.38482907,1
-7.151671,-1.1516709,-0.40167089999999994,-4.276671,-11.02667,3
-6.954313,-1.3293128,-0.32931283000000006,-4.204313,-10.329313,5
-6.237399,-0.98739886,-0.48739889999999997,-4.487399,-10.612399,3
-1.9361265000364793e-07,-11.512925464970229,-11.512925464970229,-11.512925464970229,-11.512925464970229,1
-1.9361265000364793e-07,-11.512925464970229,-11.512925464970229,-11.512925464970229,-11.512925464970229,2
-1.9361265000364793e-07,-11.512925464970229,-11.512925464970229,-11.512925464970229,-11.512925464970229,1
-9.088346399770305e-07,-11.512925464970229,-11.512925464970229,-11.512925464970229,-11.512925464970229,1
-4.596782000004636e-05,-11.512925464970229,-11.512925464970229,-11.512925464970229,-11.250046,1
-4.596782000004636e-05,-11.512925464970229,-11.512925464970229,-11.512925464970229,-11.250046,1
-3.9505773,-4.4505773,-1.5755773,-1.3255773,-0.70057726,1
-6.4851546,-5.4851546,-2.1101546,-1.1101546,-0.6101546,1
-3.6262693,-4.0012693,-1.2512693,-1.3762693,-0.8762694000000001,1
-11.512925464970229,-2.8137872,-0.06378721399999995,-6.313787,-11.512925464970229,4
-11.512925464970229,-1.7019995,-0.20199950000000005,-7.4519997,-11.512925464970229,5
-11.512925464970229,-2.813783,-0.06378285000000004,-6.3137827,-11.512925464970229,4
-0.0004535526399999577,-7.7504535,-10.750454,-11.512925464970229,-11.512925464970229,1
-0.0020785285000000154,-6.2520785,-8.877078,-11.512925464970229,-11.512925464970229,1
-0.01607355100000004,-4.5160737,-5.5160737,-8.141073,-7.2660737,1
-11.512925464970229,-11.512925464970229,-0.82597774,-0.5759777400000001,-10.450977,5
-11.512925464970229,-11.377007,-1.5020065,-0.25200655999999994,-9.627007,2
-11.512925464970229,-11.313275,-0.31327572,-1.3132757,-11.512925464970229,3
-11.512925464970229,-11.512925464970229,-0.38878205000000005,-1.138782,-6.263782,3
-11.512925464970229,-11.512925464970229,-0.69746697,-0.69746697,-5.447467,5
-11.512925464970229,-11.204051,-0.07905084000000002,-2.5790508,-8.829051,5
-11.512925464970229,-10.854407,-2.3544068,-0.10440688000000004,-5.479407,4
-11.512925464970229,-11.512925464970229,-3.0535824,-0.05358249000000002,-5.3035827,5
-11.512925464970229,-11.211867,-2.586867,-0.08686711000000004,-4.8368673,4
-3.5586443,-0.05864424999999996,-3.5586443,-11.512925464970229,-11.512925464970229,2
-3.5473745,-0.04737455,-4.0473747,-11.512925464970229,-11.512925464970229,2
-2.589105,-0.08910478999999995,-4.5891047,-11.512925464970229,-11.512925464970229,2
-11.512925464970229,-3.531038,-0.031038043999999973,-6.656038,-11.512925464970229,3
-11.512925464970229,-1.9108311,-0.16083106,-7.410831,-11.512925464970229,5
-11.512925464970229,-1.7020743,-0.20207430000000004,-7.3270745,-11.512925464970229,4
-1.9361265000364793e-07,-11.512925464970229,-11.512925464970229,-11.512925464970229,-11.512925464970229,1
0.0,-11.512925464970229,-11.512925464970229,-11.512925464970229,-11.512925464970229,1
-1.9361265000364793e-07,-11.512925464970229,-11.512925464970229,-11.512925464970229,-11.512925464970229,1
-11.512925464970229,-11.512925464970229,-11.512925464970229,-0.31326997,-1.31327,4
-11.512925464970229,-11.512925464970229,-11.512925464970229,-0.38688083999999995,-1.1368809,5
-11.512925464970229,-11.512925464970229,-11.512925464970229,-0.6931525,-0.6931525,5
-2.9756121999984128e-05,-11.512925464970229,-11.512925464970229,-11.512925464970229,-11.512925464970229,1
-2.9756121999984128e-05,-11.512925464970229,-11.512925464970229,-11.512925464970229,-11.512925464970229,1
-2.30807159999528e-05,-11.512925464970229,-11.512925464970229,-11.512925464970229,-11.512925464970229,1
-4.9784474,-5.1034474,-2.2284474,-0.60344756,-1.1034476,1
-3.756177,-4.381177,-2.006177,-0.8811769,-0.8811769,1
-5.081703,-5.206703,-2.2067032,-0.70670325,-0.9567032500000001,1
0.0,-11.512925464970229,-11.512925464970229,-11.512925464970229,-11.512925464970229,1
0.0,-11.512925464970229,-11.512925464970229,-11.512925464970229,-11.512925464970229,1
0.0,-11.512925464970229,-11.512925464970229,-11.512925464970229,-11.512925464970229,1
-6.897412999996848e-05,-11.512925464970229,-11.512925464970229,-11.512925464970229,-10.375069,1
-7.5768740000032e-05,-11.512925464970229,-11.512925464970229,-11.512925464970229,-10.375075,1
-6.897412999996848e-05,-11.512925464970229,-11.512925464970229,-11.512925464970229,-10.375069,1
-11.512925464970229,-11.512925464970229,-11.512925464970229,-0.31326413,-1.3132641,4
-11.512925464970229,-11.512925464970229,-11.512925464970229,-0.38687387,-1.1368738,5
-11.512925464970229,-11.512925464970229,-11.512925464970229,-0.38687453000000005,-1.1368746,4
-11.512925464970229,-5.4789047,-0.4789047799999999,-0.9789048,-7.3539047,3
-11.512925464970229,-4.586844,-0.21184399999999998,-1.711844,-8.586844,5
-11.512925464970229,-4.586844,-0.21184399999999998,-1.711844,-8.586844,5
-0.014179966999999993,-4.26418,-11.01418,-11.512925464970229,-11.512925464970229,2
-0.0024799389999999783,-6.00248,-11.512925464970229,-11.512925464970229,-11.512925464970229,5
-0.0024799389999999783,-6.00248,-11.512925464970229,-11.512925464970229,-11.512925464970229,3
-1.1427324,-0.39273240000000004,-5.1427326,-11.512925464970229,-11.512925464970229,2
-3.3055239,-0.05552381999999998,-4.055524,-11.512925464970229,-11.512925464970229,5
-4.0409865,-0.04098671999999994,-3.7909868,-11.512925464970229,-11.512925464970229,5
-1.9361265000364793e-07,-11.512925464970229,-11.512925464970229,-11.512925464970229,-11.512925464970229,1
-1.9361265000364793e-07,-11.512925464970229,-11.512925464970229,-11.512925464970229,-11.512925464970229,1
-1.9361265000364793e-07,-11.512925464970229,-11.512925464970229,-11.512925464970229,-11.512925464970229,1
-1.151796100003602e-05,-11.375011,-11.512925464970229,-11.512925464970229,-11.512925464970229,5
-1.147242000007416e-06,-11.512925464970229,-11.512925464970229,-11.512925464970229,-11.512925464970229,3
-5.43857370001245e-06,-11.512925464970229,-11.512925464970229,-11.512925464970229,-11.512925464970229,3
-0.00010497362999994572,-10.875105,-10.750105,-11.512925464970229,-9.875105,1
-2.1769476000054874e-05,-11.512925464970229,-11.512925464970229,-11.512925464970229,-11.512925464970229,1
-0.00010497362999994572,-10.875105,-10.750105,-11.512925464970229,-9.875105,1
-0.5765978000000002,-0.8265978,-7.3265977,-11.512925464970229,-11.512925464970229,2
-1.1374178,-0.3874177999999999,-7.512418,-11.512925464970229,-11.512925464970229,5
-0.5760864,-0.8260864,-8.826086,-11.512925464970229,-11.512925464970229,3
-5.512236499924152e-07,-11.512925464970229,-11.512925464970229,-11.512925464970229,-11.512925464970229,2
-1.9361265000364793e-07,-11.512925464970229,-11.512925464970229,-11.512925464970229,-11.512925464970229,2
-5.512236499924152e-07,-11.512925464970229,-11.512925464970229,-11.512925464970229,-11.512925464970229,4
-0.30806816,-2.3080683,-1.8080682,-6.4330683,-9.308068,4
-0.31785882,-2.0678587,-1.9428588,-6.0678587,-8.442859,5
-0.82243407,-1.5724341,-1.0724341,-4.572434,-7.447434,5
-11.236548,-2.3615484,-0.11154837999999997,-4.4865484,-11.512925464970229,4
-11.014437,-2.139437,-0.13943692999999993,-4.3894367,-11.512925464970229,4
-11.169663,-1.9196634,-0.16966340999999996,-4.6696634,-11.512925464970229,4
-11.512925464970229,-11.512925464970229,-10.950957,-0.8259572,-0.5759572,3
-11.512925464970229,-11.512925464970229,-11.068163,-0.69316304,-0.69316304,5
-11.512925464970229,-11.512925464970229,-10.825959,-0.8259595,-0.5759595,5
-6.595048,-3.720048,-0.9700479,-0.7200479,-2.220048,1
-5.140178,-2.8901782,-0.6401780999999999,-1.1401781,-2.3901782,1
-6.595048,-3.720048,-0.9700479,-0.7200479,-2.220048,1
-11.512925464970229,-8.637054,-0.38705464999999994,-1.1370547,-11.512925464970229,3
-11.512925464970229,-9.886936,-1.1369365,-0.38693655,-11.136936,5
-11.512925464970229,-9.34917,-0.4741698999999999,-0.9741699,-11.512925464970229,5
-11.512925464970229,-10.879417,-2.129418,-0.12941786999999993,-6.004418,4
-11.512925464970229,-10.32753,-1.7025303,-0.20253023999999994,-6.8275304,5
-11.512925464970229,-10.327838,-1.702838,-0.20283800000000005,-6.577838,5
-0.005235190500000033,-5.255235,-11.512925464970229,-11.512925464970229,-11.512925464970229,2
-0.005235190500000033,-5.255235,-11.512925464970229,-11.512925464970229,-11.512925464970229,4
-0.005234713700000005,-5.2552347,-11.512925464970229,-11.512925464970229,-11.512925464970229,3
-7.622473,-7.122473,-3.1224728,-0.8724726999999999,-0.6224727,1
-11.512925464970229,-9.768612,-5.0186124,-1.1436124,-0.39361234999999994,1
-11.512925464970229,-9.768612,-5.0186124,-1.1436124,-0.39361234999999994,1
-11.31825,-0.6932499,-0.6932499,-9.31825,-11.512925464970229,4
-11.512925464970229,-1.701546,-0.20154597000000005,-8.951546,-11.512925464970229,5
-11.349176,-0.97417676,-0.47417672999999994,-9.349176,-11.512925464970229,5
-8.444602,-0.69460166,-0.69460166,-6.6946015,-11.512925464970229,3
-8.451735,-0.5767342400000001,-0.82673424,-7.451734,-11.512925464970229,5
-8.444602,-0.69460166,-0.69460166,-6.6946015,-11.512925464970229,4
-11.512925464970229,-11.512925464970229,-11.512925464970229,-0.20141762000000002,-1.7014177,3
-11.512925464970229,-11.512925464970229,-11.512925464970229,-0.06197362799999995,-2.8119736,5
-11.512925464970229,-11.512925464970229,-11.512925464970229,-0.061978889999999974,-2.8119788,5
-0.0013285720000000105,-7.6263285,-8.126328,-10.126328,-7.6263285,1
-0.0003834829299999908,-9.250383,-9.125383,-11.512925464970229,-8.750383,1
-0.001041263599999948,-7.6260414,-8.251041,-10.751041,-8.376041,1
-10.53499,-7.0349903,-2.5349903,-0.28499028,-1.7849903,1
-9.967523,-6.3425226,-2.2175226,-0.21752252000000002,-2.4675226,1
-8.936441,-5.3114414,-1.8114415,-0.3114414999999999,-2.3114414,1
-3.1863976,-1.0613976,-0.5613975,-3.1863976,-6.9363976,1
-4.810355,-2.0603552,-0.3103551299999999,-2.0603552,-5.560355,1
-6.624739,-2.4997392,-0.24973905000000002,-1.999739,-6.124739,1
-11.512925464970229,-11.512925464970229,-5.507243,-0.007243355999999963,-5.757243,3
-11.512925464970229,-11.512925464970229,-5.009502,-0.009501774000000029,-5.884502,5
-11.512925464970229,-11.512925464970229,-5.5081406,-0.008140407000000056,-5.5081406,5
-0.0007183883600000046,-9.875718,-9.625718,-11.000718,-7.6257186,1
-0.000201037110000041,-11.512925464970229,-11.512925464970229,-11.512925464970229,-9.875201,1
-0.0005387356500000242,-11.512925464970229,-11.500539,-11.512925464970229,-8.625539,1
-11.512925464970229,-11.512925464970229,-7.6266575,-0.0016576860999999825,-6.7516575,4
-11.512925464970229,-11.512925464970229,-8.376932,-0.0019324434000000353,-6.3769326,5
-11.512925464970229,-11.512925464970229,-7.126609,-0.0016086474999999778,-7.126609,5
-10.905458,-3.5304587,-0.03045862700000005,-7.2804585,-11.512925464970229,3
-11.512925464970229,-3.5301712,-0.030171252999999964,-7.7801714,-11.512925464970229,3
-11.512925464970229,-5.5060015,-0.006001320699999995,-6.2560015,-11.512925464970229,4
-1.9361265000364793e-07,-11.512925464970229,-11.512925464970229,-11.512925464970229,-11.512925464970229,1
-1.9361265000364793e-07,-11.512925464970229,-11.512925464970229,-11.512925464970229,-11.512925464970229,1
0.0,-11.512925464970229,-11.512925464970229,-11.512925464970229,-11.512925464970229,1
-0.04872100399999997,-3.048721,-8.923721,-11.512925464970229,-11.512925464970229,2
-0.029844093999999963,-3.529844,-9.279844,-11.512925464970229,-11.512925464970229,5
-0.12735914000000007,-2.1273592,-7.752359,-11.512925464970229,-11.512925464970229,4
-0.00027551739999999577,-11.512925464970229,-11.000276,-11.512925464970229,-8.500276,1
-0.0003387998999999665,-10.875339,-10.000339,-11.512925464970229,-8.375339,1
-0.0001577698600000051,-11.512925464970229,-11.512925464970229,-11.512925464970229,-9.375157,1
-6.800823,-4.425823,-1.0508232,-0.5508231499999999,-2.8008232,1
-5.5922537,-3.967254,-0.9672539,-0.7172539000000001,-2.217254,1
-6.0177336,-3.8927336,-0.7677336999999999,-0.7677336999999999,-3.0177336,1
-4.4298969999994804e-05,-11.512925464970229,-11.512925464970229,-11.512925464970229,-11.512925464970229,1
-7.941850499986128e-06,-11.512925464970229,-11.512925464970229,-11.512925464970229,-11.512925464970229,1
-4.4298969999994804e-05,-11.512925464970229,-11.512925464970229,-11.512925464970229,-11.512925464970229,1
-0.86154395,-0.6115439500000001,-3.361544,-8.236544,-10.361544,3
-2.0494823,-0.29948231999999997,-2.0494823,-6.7994823,-9.424482,5
-0.8615834,-0.6115834000000001,-3.3615835,-8.111584,-10.236584,4
-0.9546536,-1.2046536,-1.2046536,-4.3296537,-6.0796537,1
-0.46213003999999996,-1.7121301,-1.7121301,-5.08713,-5.83713,1
-0.16134836,-2.1613483,-3.4113483,-7.2863483,-8.786348,1
-11.512925464970229,-2.3517509,-0.10175095000000003,-6.476751,-11.512925464970229,4
-11.512925464970229,-1.3140268,-0.3140268600000001,-7.189027,-11.512925464970229,5
-11.512925464970229,-2.1282544,-0.12825450000000005,-6.6282544,-11.512925464970229,5
-10.70332,-8.82832,-4.7033195,-0.7033194,-0.7033194,1
-11.512925464970229,-11.512925464970229,-7.5025225,-1.5025227,-0.25252267999999994,1
-11.512925464970229,-10.690667,-6.0656676,-1.3156674,-0.31566742000000003,1
-11.512925464970229,-9.981019,-4.981019,-0.9810192,-0.48101920000000004,1
-6.09859,-4.97359,-1.97359,-0.4735900499999999,-1.47359,1
-11.512925464970229,-11.440326,-6.1903257,-1.3153256,-0.31532562,1
-11.512925464970229,-7.773259,-2.1482594,-0.14825933999999996,-3.8982594,1
-11.512925464970229,-8.613578,-2.363578,-0.11357801,-4.363578,1
-11.512925464970229,-8.137171,-2.1371706,-0.13717047999999996,-4.6371703,1
-3.965002500002174e-05,-11.512925464970229,-11.512925464970229,-11.512925464970229,-10.50004,1
-5.0974373000007085e-05,-11.512925464970229,-11.512925464970229,-11.512925464970229,-10.625051,1
-2.3915140999983462e-05,-11.512925464970229,-11.512925464970229,-11.512925464970229,-11.125024,1
-11.512925464970229,-11.512925464970229,-10.224113,-0.97411335,-0.47411331999999995,4
-11.512925464970229,-11.512925464970229,-9.099189,-0.47418874999999994,-0.97418875,5
-11.512925464970229,-11.512925464970229,-10.701436,-1.7014358,-0.20143576000000002,4
-0.03840980000000004,-3.2884097,-7.9134097,-11.512925464970229,-11.512925464970229,5
-0.011143552999999973,-4.5111437,-9.261144,-11.512925464970229,-11.512925464970229,2
-0.01115617249999998,-4.511156,-9.136156,-11.512925464970229,-11.512925464970229,2
-11.512925464970229,-11.512925464970229,-5.25594,-0.005940056000000052,-7.25594,4
-11.512925464970229,-11.512925464970229,-4.2646446,-0.01464479300000005,-7.6396446,5
-11.512925464970229,-11.512925464970229,-5.25594,-0.005940056000000052,-7.25594,5
-4.5411406,-2.6661406,-0.4161405000000001,-1.4161406,-4.0411406,1
-1.4390172,-1.6890172,-0.6890172,-2.6890173,-4.8140173,1
-11.149638,-5.7746387,-1.1496387,-0.3996386,-4.6496387,1
-5.303577,-0.05357673400000001,-3.0535767,-11.512925464970229,-11.512925464970229,2
-2.8182812,-0.06828114999999996,-5.068281,-11.512925464970229,-11.512925464970229,3
-4.781665,-0.031664665999999946,-3.7816646,-11.512925464970229,-11.512925464970229,4
-0.0007100478000000225,-7.25071,-11.512925464970229,-11.512925464970229,-11.512925464970229,5
-0.0007100478000000225,-7.25071,-11.512925464970229,-11.512925464970229,-11.512925464970229,3
-0.0002960167799999675,-8.125296,-11.512925464970229,-11.512925464970229,-11.512925464970229,4
-6.937943,-0.06294289000000003,-2.812943,-11.512925464970229,-11.512925464970229,3
-6.5500255,-0.050025307000000005,-3.0500252,-11.512925464970229,-11.512925464970229,5
-6.905759,-0.03075899200000003,-3.530759,-11.512925464970229,-11.512925464970229,3
-9.472211999996182e-05,-10.625094,-11.512925464970229,-11.512925464970229,-10.000094,1
-9.472211999996182e-05,-10.625094,-11.512925464970229,-11.512925464970229,-10.000094,1
-0.0004659425199999883,-8.625466,-9.500466,-11.512925464970229,-8.750466,1
-11.512925464970229,-7.230173,-0.9801729000000001,-0.48017287,-5.230173,5
-11.512925464970229,-6.5835495,-0.8335496,-0.5835496,-5.0835495,4
-11.512925464970229,-7.826962,-1.3269618,-0.3269618000000001,-4.326962,5
-0.007311165000000014,-7.6323113,-6.8823113,-8.632311,-5.5073113,1
-0.0011284325999999499,-9.751128,-9.501128,-10.751128,-7.001128,1
-0.002668522999999983,-9.127668,-8.627668,-10.127668,-6.1276684,1
-0.001033641899999991,-6.876034,-11.512925464970229,-11.512925464970229,-11.512925464970229,4
-0.0009125363400000103,-7.0009127,-11.512925464970229,-11.512925464970229,-11.512925464970229,5
-0.00043114604000004476,-7.750431,-11.512925464970229,-11.512925464970229,-11.512925464970229,3
-11.512925464970229,-11.512925464970229,-8.779906,-0.029905873999999975,-3.5299058,4
-11.512925464970229,-11.512925464970229,-9.703952,-0.07895203000000002,-2.578952,5
-11.512925464970229,-11.512925464970229,-10.035269,-0.16026901999999998,-1.910269,5
-9.568622,-0.6936218,-0.6936218,-7.8186216,-11.512925464970229,3
-9.763623,-1.1386234,-0.38862340000000006,-6.388623,-11.512925464970229,3
-9.8272295,-0.8272291,-0.5772290999999999,-6.702229,-11.512925464970229,4
0.0,-11.512925464970229,-11.512925464970229,-11.512925464970229,-11.512925464970229,1
0.0,-11.512925464970229,-11.512925464970229,-11.512925464970229,-11.512925464970229,1
0.0,-11.512925464970229,-11.512925464970229,-11.512925464970229,-11.512925464970229,1
-0.0004350797700000006,-7.750435,-11.512925464970229,-11.512925464970229,-11.512925464970229,5
-0.0004929834399999671,-7.625493,-11.512925464970229,-11.512925464970229,-11.512925464970229,3
-0.0006360700399999447,-7.375636,-11.512925464970229,-11.512925464970229,-11.512925464970229,4
-4.584861700003757e-05,-11.512925464970229,-11.512925464970229,-11.512925464970229,-11.375046,1
-5.0855169999975916e-05,-11.512925464970229,-11.512925464970229,-11.512925464970229,-10.875051,1
-0.00010020548500005252,-11.2501,-11.512925464970229,-11.512925464970229,-11.2501,1
-2.1336367,-0.13363678999999995,-5.008637,-11.512925464970229,-11.512925464970229,3
-3.3247435,-0.07474353000000003,-3.3247435,-9.824743,-11.512925464970229,1
-2.133637,-0.13363688999999995,-5.008637,-11.512925464970229,-11.512925464970229,3
-11.512925464970229,-11.512925464970229,-5.0068727,-0.006872848600000026,-8.756873,3
-11.512925464970229,-11.512925464970229,-5.0068727,-0.006872848600000026,-8.756873,5
-11.512925464970229,-11.512925464970229,-5.255612,-0.005611981299999974,-7.880612,5
-9.262024,-0.38702365999999994,-1.1370237,-9.762024,-11.512925464970229,5
-8.762093,-0.38709294999999994,-1.137093,-9.637093,-11.512925464970229,5
-9.826182,-0.8261821,-0.5761821,-8.576182,-11.512925464970229,4
-11.512925464970229,-7.5794034,-0.07940325999999996,-2.5794032,-11.512925464970229,4
-11.512925464970229,-7.454472,-0.07947185000000004,-2.5794718,-11.512925464970229,5
-11.512925464970229,-5.0133862,-0.01338633099999996,-5.0133862,-11.512925464970229,4
-7.1732507,-4.9232507,-1.4232504,-0.6732505,-1.4232504,1
-4.506037,-4.381037,-1.5060371,-1.2560371,-0.7560371000000001,1
-7.48928,-4.98928,-1.2392802,-0.73928016,-1.4892802,1
-8.440078,-1.315078,-0.31507808000000004,-6.4400783,-11.512925464970229,4
-8.350258,-0.9752579,-0.47525786999999997,-6.975258,-11.512925464970229,2
-10.536896,-1.9118959,-0.16189592000000005,-6.4118958,-11.512925464970229,4
-11.512925464970229,-11.512925464970229,-1.5160732,-0.2660733,-4.266073,4
-11.512925464970229,-11.208005,-0.83300513,-0.5830051299999999,-4.958005,5
-11.512925464970229,-9.939166,-0.31416589999999994,-1.3141658,-7.064166,3
-0.00011641718399994783,-10.125116,-11.000116,-11.512925464970229,-9.875116,1
-0.00042555081999995803,-9.250425,-9.625425,-11.500425,-8.375425,1
-0.00042555081999995803,-9.250425,-9.625425,-11.500425,-8.375425,1
-5.1570389999966365e-05,-9.8750515,-11.512925464970229,-11.512925464970229,-11.512925464970229,2
-0.00010914575999997822,-9.125109,-11.512925464970229,-11.512925464970229,-11.512925464970229,5
-5.1570389999966365e-05,-9.8750515,-11.512925464970229,-11.512925464970229,-11.512925464970229,2
-0.004080181999999955,-5.5040803,-11.512925464970229,-11.512925464970229,-11.512925464970229,3
-0.0019298245999999578,-6.2519298,-11.512925464970229,-11.512925464970229,-11.512925464970229,4
-0.0015031944000000192,-6.501503,-11.512925464970229,-11.512925464970229,-11.512925464970229,2
-11.512925464970229,-10.377012,-1.502012,-0.252012,-9.877012,3
-11.512925464970229,-10.377012,-1.502012,-0.252012,-9.877012,5
-11.512925464970229,-9.813408,-1.3134075,-0.31340756999999997,-9.313408,5
-1.8431771999948025e-05,-11.512925464970229,-11.512925464970229,-11.512925464970229,-11.512925464970229,1
-3.416665599996847e-05,-11.512925464970229,-11.512925464970229,-11.512925464970229,-10.750034,1
-6.992776000000605e-05,-11.512925464970229,-11.512925464970229,-11.512925464970229,-10.50007,1
-8.712436,-7.9624352,-4.8374352,-2.5874352,-0.08743536500000001,1
-5.538721,-5.788721,-3.1637213,-2.2887213,-0.16372131999999995,1
-6.6481605,-5.3981605,-2.6481607,-0.77316064,-0.77316064,1
-0.011481366000000019,-4.5114813,-7.7614813,-11.512925464970229,-11.512925464970229,1
-0.004188806000000037,-5.504189,-9.129189,-11.512925464970229,-11.512925464970229,1
-0.0025516463999999853,-6.0025516,-9.502552,-11.512925464970229,-11.512925464970229,1
-11.512925464970229,-9.137054,-1.1370546,-0.38705455999999994,-9.512054,4
-11.512925464970229,-8.13718,-0.38718074999999996,-1.1371808,-11.26218,5
-11.512925464970229,-9.137054,-1.1370546,-0.38705455999999994,-9.512054,5
-0.00039778003999998296,-7.8753977,-11.000398,-11.512925464970229,-11.512925464970229,1
-1.504852999963726e-06,-11.512925464970229,-11.512925464970229,-11.512925464970229,-11.512925464970229,2
-4.961759300002325e-06,-11.512925464970229,-11.512925464970229,-11.512925464970229,-11.512925464970229,1
-11.512925464970229,-11.512925464970229,-3.048723,-0.04872305699999996,-8.923723,4
-11.512925464970229,-11.201541,-1.7015414,-0.20154140999999995,-9.076541,5
-11.512925464970229,-11.512925464970229,-3.048723,-0.04872305699999996,-8.923723,5
-4.808977,-1.5589771,-0.30897716,-3.0589771,-7.933977,1
-0.049187097999999964,-3.0491872,-7.424187,-11.512925464970229,-11.512925464970229,1
-0.038925212,-3.2889252,-7.038925,-11.512925464970229,-11.512925464970229,1
-11.512925464970229,-11.512925464970229,-11.50194,-0.25193940000000004,-1.5019394,5
-11.512925464970229,-11.512925464970229,-11.512925464970229,-0.31326930000000003,-1.3132693,5
-11.512925464970229,-11.512925464970229,-11.512925464970229,-0.31326930000000003,-1.3132693,4
-11.512925464970229,-11.512925464970229,-3.529801,-0.029800826999999943,-9.9048,4
-11.512925464970229,-11.512925464970229,-3.288147,-0.03814694999999999,-9.163147,5
-11.512925464970229,-11.512925464970229,-3.288147,-0.03814694999999999,-9.163147,5
-11.512925464970229,-11.512925464970229,-5.5044575,-0.00445729729999997,-7.8794575,4
-11.512925464970229,-11.512925464970229,-5.00701,-0.007010056000000028,-8.13201,5
-11.512925464970229,-11.512925464970229,-6.252554,-0.0025540231999999683,-7.377554,4
-3.2899487,-0.28994864,-1.5399487,-9.914948,-11.512925464970229,4
-2.3063893,-0.30638940000000003,-1.8063893,-10.30639,-11.512925464970229,5
-3.2018077,-0.2018078,-1.9518077,-10.076808,-11.512925464970229,2
-7.1111836,-3.8611834,-0.6111834599999999,-0.86118346,-4.3611836,1
-11.512925464970229,-7.266775,-1.5167751,-0.26677507,-4.266775,1
-7.4870853,-3.9870856,-0.6120856000000001,-0.8620856,-4.1120853,1
-5.550969,-3.3009691,-0.9259692,-0.6759692,-2.9259691,1
-4.225971,-2.7259712,-0.7259713,-0.9759713,-2.8509712,2
-5.0401635,-3.0401635,-0.7901636,-0.7901636,-3.2901635,1
-2.22007499995055e-06,-11.512925464970229,-11.512925464970229,-11.512925464970229,-11.512925464970229,1
-8.180257999962072e-06,-11.512925464970229,-11.512925464970229,-11.512925464970229,-11.512925464970229,1
-3.643152700003119e-05,-10.250036,-11.512925464970229,-11.512925464970229,-11.512925464970229,1
-11.460182,-8.710182,-4.710182,-0.83518195,-0.58518195,1
-10.705187,-8.205187,-4.455187,-0.70518696,-0.70518696,1
-10.958205,-8.833205,-4.9582047,-0.8332048,-0.5832048000000001,1
-1.9361265000364793e-07,-11.512925464970229,-11.512925464970229,-11.512925464970229,-11.512925464970229,1
-3.1281633002760384e-07,-11.512925464970229,-11.512925464970229,-11.512925464970229,-11.512925464970229,1
-1.9361265000364793e-07,-11.512925464970229,-11.512925464970229,-11.512925464970229,-11.512925464970229,1
-4.961864,-4.211864,-1.336864,-0.5868639299999999,-1.836864,1
-4.961863,-4.211863,-1.3368632,-0.5868631600000002,-1.8368632,1
-4.961864,-4.211864,-1.336864,-0.5868639299999999,-1.836864,1
-11.512925464970229,-11.512925464970229,-8.47542,-0.10041952999999998,-2.3504195,4
-11.512925464970229,-11.512925464970229,-8.187252,-0.06225234600000003,-2.8122523,5
-11.512925464970229,-11.512925464970229,-9.576485,-0.20148486000000002,-1.7014849,5
-11.512925464970229,-5.567193,-0.31719281999999993,-1.3171928,-9.192193,4
-11.512925464970229,-9.32943,-2.5794299,-0.07942978999999996,-7.7044296,5
-11.512925464970229,-5.506075,-0.25607479999999994,-1.5060748,-9.506075,4
0.0,-11.512925464970229,-11.512925464970229,-11.512925464970229,-11.512925464970229,1
0.0,-11.512925464970229,-11.512925464970229,-11.512925464970229,-11.512925464970229,1
0.0,-11.512925464970229,-11.512925464970229,-11.512925464970229,-11.512925464970229,1
-11.512925464970229,-6.129984,-0.004983981999999948,-5.879984,-11.512925464970229,4
-11.512925464970229,-5.0086317,-0.008631941999999988,-6.2586317,-11.512925464970229,5
-11.512925464970229,-5.0086317,-0.008631941999999988,-6.2586317,-11.512925464970229,3
-0.0012536845999999882,-10.251254,-9.376254,-11.512925464970229,-7.6262536,1
-0.00125273100000001,-10.251253,-9.376253,-11.512925464970229,-7.6262527,1
-0.0001833949600000342,-11.512925464970229,-11.512925464970229,-11.512925464970229,-9.000183,1
-11.512925464970229,-11.512925464970229,-6.911222,-0.16122176000000002,-1.9112217,5
-11.512925464970229,-11.512925464970229,-7.0361047,-0.16110446,-1.9111044,5
-11.512925464970229,-11.512925464970229,-6.726407,-0.10140708000000001,-2.351407,5
-11.372851,-6.497852,-1.9978517,-0.24785168,-2.4978516,1
-8.160504,-5.035505,-1.2855048,-0.53550476,-2.0355048,1
-10.087034,-5.9620347,-1.8370347,-0.3370347,-2.0870347,1
-11.512925464970229,-11.512925464970229,-3.5300403,-0.03004030999999995,-8.155041,3
-11.512925464970229,-11.329116,-2.5791154,-0.07911549500000004,-8.454116,5
-11.512925464970229,-11.512925464970229,-2.8122892,-0.06228919700000003,-8.062289,5
0.0,-11.512925464970229,-11.512925464970229,-11.512925464970229,-11.512925464970229,1
0.0,-11.512925464970229,-11.512925464970229,-11.512925464970229,-11.512925464970229,1
0.0,-11.512925464970229,-11.512925464970229,-11.512925464970229,-11.512925464970229,1
-0.0003805064799999718,-7.8753805,-11.512925464970229,-11.512925464970229,-11.512925464970229,2
-0.0006271334000000503,-7.375627,-11.512925464970229,-11.512925464970229,-11.512925464970229,5
-0.0003805064799999718,-7.8753805,-11.512925464970229,-11.512925464970229,-11.512925464970229,3
-4.3201999994718403e-07,-11.512925464970229,-11.512925464970229,-11.512925464970229,-11.512925464970229,3
-7.896310000388943e-07,-11.512925464970229,-11.512925464970229,-11.512925464970229,-11.512925464970229,5
-5.512236499924152e-07,-11.512925464970229,-11.512925464970229,-11.512925464970229,-11.512925464970229,2
-1.3306016000031535e-05,-11.500013,-11.512925464970229,-11.512925464970229,-11.512925464970229,1
-1.104114600002052e-05,-11.512925464970229,-11.512925464970229,-11.512925464970229,-11.512925464970229,1
-3.976922700000718e-05,-10.37504,-11.512925464970229,-11.512925464970229,-11.512925464970229,1
-10.638583,-1.1385832,-0.38858324000000005,-6.388583,-11.512925464970229,3
-11.512925464970229,-3.0550025,-0.05500245500000004,-5.0550027,-11.512925464970229,3
-10.627987,-1.5029871,-0.2529871000000001,-6.877987,-11.512925464970229,5
-11.512925464970229,-11.512925464970229,-11.501939,-0.25193917999999993,-1.5019392,5
-11.512925464970229,-11.512925464970229,-11.512925464970229,-0.974082,-0.47408200000000006,4
-11.512925464970229,-11.512925464970229,-11.512925464970229,-0.9740809000000001,-0.47408095000000006,5
-1.5809293000000883e-05,-11.512925464970229,-11.512925464970229,-11.512925464970229,-11.512925464970229,1
-1.5809293000000883e-05,-11.512925464970229,-11.512925464970229,-11.512925464970229,-11.512925464970229,1
-5.0616762999989455e-05,-11.512925464970229,-11.512925464970229,-11.512925464970229,-10.500051,1
-11.512925464970229,-2.4064496,-0.15644945,-2.9064496,-10.781449,3
-11.512925464970229,-1.741343,-0.24134308,-3.241343,-10.3663435,3
-11.512925464970229,-2.2158031,-0.21580326999999994,-2.4658031,-9.215803,4
-6.375158,-3.7501578,-0.75015795,-0.75015795,-3.5001578,1
-6.864996,-3.8649957,-0.7399958,-0.7399958,-3.7399957,1
-9.00124,-5.12624,-1.00124,-0.5012399599999999,-3.87624,1
-11.512925464970229,-11.512925464970229,-9.818202,-0.69320196,-0.69320196,3
-11.512925464970229,-11.512925464970229,-8.076724,-0.20172420000000002,-1.7017242,5
-11.512925464970229,-11.512925464970229,-9.188364,-0.31336418,-1.3133641,5
-7.107424999986239e-06,-11.512925464970229,-11.512925464970229,-11.512925464970229,-11.512925464970229,1
-1.0445126999998585e-05,-11.512925464970229,-11.512925464970229,-11.512925464970229,-11.512925464970229,1
-1.0564330999981377e-05,-11.512925464970229,-11.512925464970229,-11.512925464970229,-11.512925464970229,1
-11.394313,-2.3943133,-0.14431328000000002,-3.1443133,-10.144313,3
-11.512925464970229,-3.6272078,-0.12720768,-2.3772078,-10.002208,5
-11.512925464970229,-3.685847,-0.18584712999999997,-1.9358472,-8.435847,4
-0.0001620611900000067,-8.750162,-11.512925464970229,-11.512925464970229,-11.512925464970229,1
-0.00023798657999996175,-8.375238,-11.512925464970229,-11.512925464970229,-11.512925464970229,1
-1.9504607000052643e-05,-10.875019,-11.512925464970229,-11.512925464970229,-11.512925464970229,1
-0.064023286,-2.8140233,-6.1890235,-11.512925464970229,-11.512925464970229,3
-0.06378172999999995,-2.8137817,-6.3137817,-11.512925464970229,-11.512925464970229,5
-0.064023286,-2.8140233,-6.1890235,-11.512925464970229,-11.512925464970229,4
-3.1737043000306466e-06,-11.512925464970229,-11.512925464970229,-11.512925464970229,-11.512925464970229,1
-2.22007499995055e-06,-11.512925464970229,-11.512925464970229,-11.512925464970229,-11.512925464970229,1
-2.935296800047246e-06,-11.512925464970229,-11.512925464970229,-11.512925464970229,-11.512925464970229,1
-11.512925464970229,-10.079079,-4.079078,-0.07907826500000001,-2.8290782,3
-11.512925464970229,-8.732862,-3.1078625,-0.10786249999999997,-2.8578625,4
-11.512925464970229,-7.107234,-2.607234,-0.10723409999999997,-3.607234,4
-1.640531000002694e-05,-11.512925464970229,-11.512925464970229,-11.512925464970229,-11.512925464970229,1
-8.418665999980928e-06,-11.512925464970229,-11.512925464970229,-11.512925464970229,-11.512925464970229,1
-1.640531000002694e-05,-11.512925464970229,-11.512925464970229,-11.512925464970229,-11.512925464970229,1
-11.512925464970229,-10.285511,-1.9105109,-0.16051088000000005,-8.285511,5
-11.512925464970229,-11.512925464970229,-3.773941,-0.023941049999999943,-7.273941,5
-11.512925464970229,-10.576587,-1.7015862,-0.20158630000000005,-8.826587,5
-7.393766,-0.01876598599999999,-4.018766,-11.512925464970229,-11.512925464970229,3
-8.01138,-0.011380600000000038,-4.5113807,-11.512925464970229,-11.512925464970229,5
-8.643328,-0.018327865999999974,-4.0183277,-11.512925464970229,-11.512925464970229,4
0.0,-11.512925464970229,-11.512925464970229,-11.512925464970229,-11.512925464970229,1
0.0,-11.512925464970229,-11.512925464970229,-11.512925464970229,-11.512925464970229,1
0.0,-11.512925464970229,-11.512925464970229,-11.512925464970229,-11.512925464970229,1
-7.465035999954211e-06,-11.512925464970229,-11.512925464970229,-11.512925464970229,-11.512925464970229,1
-8.180257999962072e-06,-11.512925464970229,-11.512925464970229,-11.512925464970229,-11.512925464970229,2
-8.299461999972189e-06,-11.512925464970229,-11.512925464970229,-11.512925464970229,-11.512925464970229,2
-6.5347605,-4.1597605,-0.7847605,-0.7847605,-2.6597605,1
-6.6646266,-4.2896266,-0.9146264999999999,-0.6646265,-2.6646266,1
-4.757839,-4.007839,-1.132839,-0.63283896,-2.132839,1
-0.527446,-2.152446,-2.152446,-4.777446,-1.777446,2
-0.47447749999999994,-3.0994775,-3.3494775,-5.5994773,-1.2244775,5
-1.0086396,-1.7586396,-1.5086396,-3.8836396,-1.5086396,4
-0.0024882610000000376,-6.002488,-11.377488,-11.512925464970229,-11.512925464970229,1
-0.000713862299999955,-7.250714,-11.512925464970229,-11.512925464970229,-11.512925464970229,1
-0.0031936356999999584,-5.753194,-11.128194,-11.512925464970229,-11.512925464970229,1
-8.16721,-3.1672094,-0.16720930999999997,-2.6672094,-3.1672094,3
-7.5243587,-2.3993585,-0.14935861999999997,-3.1493585,-5.3993587,5
-7.5243587,-2.3993585,-0.14935861999999997,-3.1493585,-5.3993587,5
-0.0017793068999999951,-10.00178,-9.25178,-10.75178,-7.126779,1
-0.0050118519999999755,-9.005012,-8.130012,-9.630012,-5.880012,1
-0.00328929769999998,-8.378289,-7.628289,-9.503289,-6.253289,1
-7.0773034,-0.8273034699999999,-0.57730347,-7.5773034,-11.512925464970229,2
-4.7606277,-0.26062789999999997,-1.5106279,-9.260628,-11.512925464970229,3
-7.6004157,-0.9754158999999999,-0.47541589999999995,-7.1004157,-11.512925464970229,3
-11.512925464970229,-1.9137069,-0.16370694000000005,-5.663707,-11.512925464970229,4
-9.849531,-0.47453122999999997,-0.9745312299999999,-7.849531,-11.512925464970229,5
-9.974472,-0.47447246000000004,-0.97447246,-7.9744725,-11.512925464970229,4
-11.512925464970229,-8.84928,-0.97428036,-0.47428040000000005,-9.72428,5
-11.512925464970229,-9.563402,-1.3134023,-0.31340227000000004,-9.563402,5
-11.512925464970229,-6.877961,-0.12796107999999998,-2.1279612,-11.512925464970229,5
-0.00018411018999999309,-8.625184,-11.512925464970229,-11.512925464970229,-11.512925464970229,1
-2.021982800001948e-05,-10.87502,-11.512925464970229,-11.512925464970229,-11.512925464970229,1
-1.5809293000000883e-05,-11.125016,-11.512925464970229,-11.512925464970229,-11.512925464970229,1
-2.351407,-0.10140697000000003,-6.726407,-11.512925464970229,-11.512925464970229,4
-0.6936039,-0.6936039,-7.693604,-11.512925464970229,-11.512925464970229,4
-1.9123356,-0.16233566,-6.162336,-11.512925464970229,-11.512925464970229,3
-7.107424999986239e-06,-11.512925464970229,-11.512925464970229,-11.512925464970229,-11.512925464970229,2
-7.107424999986239e-06,-11.512925464970229,-11.512925464970229,-11.512925464970229,-11.512925464970229,4
-1.0325924000002588e-05,-11.5000105,-11.512925464970229,-11.512925464970229,-11.512925464970229,2
-1.0206721000004946e-05,-11.5000105,-11.512925464970229,-11.512925464970229,-11.512925464970229,3
-9.01468400003009e-06,-11.512925464970229,-11.512925464970229,-11.512925464970229,-11.512925464970229,2
-9.01468400003009e-06,-11.512925464970229,-11.512925464970229,-11.512925464970229,-11.512925464970229,2
-11.512925464970229,-7.7256594,-0.10065939,-2.3506594,-11.512925464970229,5
-11.512925464970229,-6.8275023,-0.20250220000000005,-1.7025023,-11.512925464970229,5
-11.512925464970229,-5.956486,-0.08148625000000004,-2.5814862,-11.512925464970229,4
-11.512925464970229,-11.512925464970229,-11.512925464970229,-4.5110493,-0.011049231499999965,4
-11.512925464970229,-11.512925464970229,-11.512925464970229,-4.264166,-0.014165744000000008,5
-11.512925464970229,-11.512925464970229,-11.512925464970229,-3.773247,-0.023246989999999974,5
-0.0027663596000000426,-9.002767,-8.377767,-10.002767,-6.877766,1
-0.0013333364999999773,-9.751333,-8.876333,-11.251333,-7.376333,1
-0.0023190340000000123,-8.627319,-7.627319,-9.877319,-6.877319,1
-11.512925464970229,-5.0176897,-0.01768977200000001,-4.5176897,-11.512925464970229,4
-11.512925464970229,-5.527231,-0.027230989999999976,-3.777231,-11.512925464970229,5
-11.512925464970229,-5.263804,-0.013803921999999953,-4.763804,-11.512925464970229,4
-1.0683534999962759e-05,-11.512925464970229,-11.512925464970229,-11.512925464970229,-11.512925464970229,1
-3.130576800000682e-05,-11.512925464970229,-11.512925464970229,-11.512925464970229,-10.875031,1
-3.130576800000682e-05,-11.512925464970229,-11.512925464970229,-11.512925464970229,-10.875031,1
-11.512925464970229,-1.5055325,-0.25553250000000005,-5.6305323,-11.512925464970229,5
-11.512925464970229,-1.9132955,-0.16329555000000004,-5.7882957,-11.512925464970229,3
-10.939878,-1.3148782,-0.3148782299999999,-6.4398785,-11.512925464970229,2
-6.70427300036294e-07,-11.512925464970229,-11.512925464970229,-11.512925464970229,-11.512925464970229,1
-7.896310000388943e-07,-11.512925464970229,-11.512925464970229,-11.512925464970229,-11.512925464970229,2
-8.657073000007727e-06,-11.512925464970229,-11.512925464970229,-11.512925464970229,-11.512925464970229,1
-11.512925464970229,-11.512925464970229,-6.5046754,-0.004675403699999963,-5.7546754,5
-11.512925464970229,-11.512925464970229,-6.5046754,-0.004675403699999963,-5.7546754,5
-11.512925464970229,-11.512925464970229,-6.2544,-0.0043996170000000535,-6.0044,5
-1.104114600002052e-05,-11.500011,-11.512925464970229,-11.512925464970229,-11.512925464970229,1
-5.557777499991435e-06,-11.512925464970229,-11.512925464970229,-11.512925464970229,-11.512925464970229,1
-2.3392786000151946e-06,-11.512925464970229,-11.512925464970229,-11.512925464970229,-11.512925464970229,1
-4.572438,-0.07243776000000002,-2.8224378,-9.447437,-11.512925464970229,2
-4.8581166,-0.108116545,-2.3581166,-9.108116,-11.512925464970229,2
-6.1292105,-0.12921026000000002,-2.1292102,-9.25421,-11.512925464970229,4
-9.853663499994783e-05,-9.375098,-11.512925464970229,-11.512925464970229,-11.512925464970229,1
-0.003071714199999983,-6.003072,-7.753072,-10.628072,-8.878072,1
-5.3716060000009205e-05,-10.000053,-11.512925464970229,-11.512925464970229,-11.512925464970229,1
-5.8484206000015756e-05,-9.750058,-11.512925464970229,-11.512925464970229,-11.512925464970229,2
-0.0006273718300000015,-7.3756275,-11.512925464970229,-11.512925464970229,-11.512925464970229,5
-0.00029661279999995167,-8.125297,-11.512925464970229,-11.512925464970229,-11.512925464970229,5
-11.512925464970229,-8.136625,-2.8866253,-0.13662532,-2.6366253,1
-6.266449,-3.141449,-0.64144903,-0.89144903,-4.016449,1
-8.054845,-4.679845,-1.1798446,-0.42984468,-3.4298446,1
-11.512925464970229,-11.512925464970229,-4.769568,-0.019568121,-4.519568,3
-11.512925464970229,-11.512925464970229,-4.769568,-0.019568121,-4.519568,5
-11.512925464970229,-11.512925464970229,-6.1452956,-0.020295796999999952,-4.0202956,4
-0.0002442933599999647,-11.500244,-11.125244,-11.512925464970229,-8.750244,1
-0.0005389740700000085,-11.500539,-10.750539,-11.512925464970229,-8.375539,1
-0.0005389740700000085,-11.500539,-10.750539,-11.512925464970229,-8.375539,1
-1.0445126999998585e-05,-11.5000105,-11.512925464970229,-11.512925464970229,-11.512925464970229,5
-1.3186811999971441e-05,-11.250013,-11.512925464970229,-11.512925464970229,-11.512925464970229,1
-4.608701999998111e-05,-10.000046,-11.512925464970229,-11.512925464970229,-11.512925464970229,1
-11.512925464970229,-11.512925464970229,-5.008632,-1.5086322,-0.25863218000000004,4
-11.512925464970229,-11.512925464970229,-2.534079,-0.28407912999999996,-1.7840791,5
-11.512925464970229,-11.512925464970229,-4.0927753,-0.84277546,-0.5927754599999999,5
-1.4617255999960362e-05,-11.512925464970229,-11.512925464970229,-11.512925464970229,-11.375014,1
-1.8431771999948025e-05,-11.512925464970229,-11.512925464970229,-11.512925464970229,-11.250018,1
-1.735894000003668e-05,-11.512925464970229,-11.512925464970229,-11.512925464970229,-11.375017,1
-11.512925464970229,-11.512925464970229,-6.2543993,-0.0043994979999999835,-6.0043993,3
-11.512925464970229,-11.512925464970229,-6.2544,-0.0043996170000000535,-6.0044,5
-11.512925464970229,-11.512925464970229,-6.5046754,-0.004675403699999963,-5.7546754,4
-2.139438,-0.13943796,-4.389438,-10.639438,-11.512925464970229,2
-2.1474583,-0.14745834000000005,-3.8974583,-10.522458,-11.512925464970229,5
-1.5129747,-0.26297473999999993,-4.5129747,-10.887975,-11.512925464970229,3
-11.512925464970229,-11.188053,-7.0630536,-2.8130534,-0.06305348,1
-4.9560714,-5.3310714,-2.3310714,-1.2060715,-0.5810715000000001,1
-8.122275,-7.6222754,-3.747275,-0.8722751,-0.6222751000000001,1
-0.10023492999999997,-2.350235,-10.475235,-11.512925464970229,-11.512925464970229,2
-0.6933373,-0.6933373,-8.568337,-11.512925464970229,-11.512925464970229,3
-0.12696812000000002,-2.1269681,-10.126968,-11.512925464970229,-11.512925464970229,3
-1.052046,-1.052046,-1.302046,-3.8020458,-4.927046,1
-0.015712893999999953,-4.2657127,-6.5157127,-10.140713,-10.515713,1
-0.004262057599999982,-5.504262,-8.629262,-11.512925464970229,-11.512925464970229,1
-0.00016516047999995693,-9.125165,-11.000165,-11.512925464970229,-10.250165,1
-3.8815599999986734e-05,-11.512925464970229,-11.512925464970229,-11.512925464970229,-10.500039,1
-0.001653282900000013,-6.751653,-8.126654,-10.626654,-8.751654,1
-4.692144999996582e-05,-11.512925464970229,-11.512925464970229,-11.512925464970229,-11.512925464970229,1
-0.00012272765000001672,-11.512925464970229,-11.512925464970229,-11.512925464970229,-11.000123,1
-9.651017000005099e-05,-11.512925464970229,-11.512925464970229,-11.512925464970229,-10.625096,1
-11.512925464970229,-11.512925464970229,-10.889182,-0.014182187999999991,-4.264182,4
-11.512925464970229,-11.512925464970229,-10.633638,-0.008638677000000022,-4.758639,5
-11.512925464970229,-11.512925464970229,-10.633638,-0.008638677000000022,-4.758639,5
-11.512925464970229,-4.3016906,-0.05169069800000001,-3.3016906,-11.426691,2
-11.512925464970229,-4.0320625,-0.03206268299999996,-4.2820625,-11.512925464970229,5
-11.512925464970229,-3.7816641,-0.03166420399999997,-4.7816644,-11.512925464970229,4
-11.512925464970229,-2.8121846,-0.06218458299999995,-8.437184,-11.512925464970229,4
-11.512925464970229,-2.1270034,-0.12700338999999994,-9.502004,-11.512925464970229,5
-11.512925464970229,-2.579004,-0.07900403000000002,-9.079004,-11.512925464970229,5
-0.00012797260999997454,-11.512925464970229,-11.512925464970229,-11.512925464970229,-10.000128,1
-0.0003959992999999917,-10.625396,-10.250396,-11.512925464970229,-8.500396,1
-0.0001699286200000507,-11.512925464970229,-11.512925464970229,-11.512925464970229,-9.37517,1
-11.512925464970229,-6.519626,-0.019626097999999946,-4.019626,-11.512925464970229,3
-11.512925464970229,-6.519626,-0.019626097999999946,-4.019626,-11.512925464970229,5
-11.512925464970229,-6.515646,-0.015645765000000016,-4.265646,-11.512925464970229,4
-4.0126839999964675e-05,-10.12504,-11.512925464970229,-11.512925464970229,-11.512925464970229,3
-4.0126839999964675e-05,-10.12504,-11.512925464970229,-11.512925464970229,-11.512925464970229,1
-1.4855664000043098e-05,-11.125015,-11.512925464970229,-11.512925464970229,-11.512925464970229,2
-11.512925464970229,-11.512925464970229,-2.5799806,-0.07998062000000004,-6.829981,4
-11.512925464970229,-9.474281,-0.97428095,-0.47428092,-8.974281,5
-11.512925464970229,-8.951183,-0.8261835,-0.5761835,-9.076183,5
-11.512925464970229,-10.502394,-2.127394,-0.12739387,-7.7523937,5
-11.512925464970229,-8.701214,-0.826214,-0.5762139999999999,-9.201214,3
-11.512925464970229,-9.137168,-1.1371683,-0.38716831999999995,-8.637168,5
-11.512925464970229,-5.707364,-0.08236392599999998,-2.5823638,-10.082364,5
-11.512925464970229,-5.0550094,-0.055009560000000055,-3.0550096,-11.512925464970229,3
-11.512925464970229,-4.788134,-0.03813398299999997,-3.538134,-11.512925464970229,3
-5.1308675,-4.1308675,-1.2558674,-0.75586736,-1.5058674,1
-3.0223994,-3.5223994,-1.6473993,-0.8973993,-1.1473993,1
-5.557492,-4.432492,-1.4324918,-0.6824916999999999,-1.4324918,1
-11.512925464970229,-3.2884579,-0.03845798000000005,-7.788458,-11.512925464970229,3
-11.512925464970229,-2.5801177,-0.08011760999999999,-6.7051177,-11.512925464970229,3
-11.512925464970229,-3.2884579,-0.03845798000000005,-7.788458,-11.512925464970229,4
-11.512925464970229,-11.452509,-6.8275094,-1.7025094,-0.20250938999999996,1
-11.512925464970229,-10.1409445,-5.515944,-1.1409441,-0.39094415000000005,1
-9.942139,-6.9421387,-2.9421387,-0.44213870000000005,-1.1921387,1
-11.512925464970229,-7.5024905,-0.12749043000000002,-2.1274905,-11.512925464970229,4
-11.512925464970229,-7.5024905,-0.12749043000000002,-2.1274905,-11.512925464970229,5
-11.512925464970229,-7.5024905,-0.12749043000000002,-2.1274905,-11.512925464970229,4
-3.412111500025299e-06,-11.512925464970229,-11.512925464970229,-11.512925464970229,-11.512925464970229,1
-5.43857370001245e-06,-11.512925464970229,-11.512925464970229,-11.512925464970229,-11.512925464970229,2
-5.43857370001245e-06,-11.512925464970229,-11.512925464970229,-11.512925464970229,-11.512925464970229,1
-0.00026336228000003564,-8.250263,-11.512925464970229,-11.512925464970229,-11.512925464970229,1
-0.0003392767000000195,-8.0003395,-11.512925464970229,-11.512925464970229,-11.512925464970229,1
-0.00026336228000003564,-8.250263,-11.512925464970229,-11.512925464970229,-11.512925464970229,1
-11.512925464970229,-8.012248,-0.38724761999999996,-1.1372476,-10.012248,4
-11.512925464970229,-9.076123,-0.8261235,-0.5761235,-9.576123,5
-11.512925464970229,-10.752129,-2.1271288,-0.12712893999999994,-8.627129,4
-11.512925464970229,-11.512925464970229,-3.048639,-0.04863914500000002,-9.923639,4
-11.512925464970229,-11.512925464970229,-2.126977,-0.12697694000000004,-10.001977,5
-11.512925464970229,-11.512925464970229,-3.0486317,-0.04863164600000003,-10.048632,5
-11.512925464970229,-11.512925464970229,-2.5789335,-0.07893341999999998,-10.078934,5
-11.512925464970229,-11.512925464970229,-1.5019461,-0.25194612,-11.376946,4
-11.512925464970229,-11.512925464970229,-2.5789058,-0.07890576,-11.078906,5
-11.512925464970229,-11.512925464970229,-7.5091653,-0.009165416500000051,-4.7591653,4
-11.512925464970229,-11.512925464970229,-7.0095186,-0.009518658999999997,-4.7595186,5
-11.512925464970229,-11.512925464970229,-8.51835,-0.018349756999999998,-4.0183496,3
-11.512925464970229,-11.512925464970229,-3.773471,-0.023471177999999943,-8.398471,4
-11.512925464970229,-11.512925464970229,-5.2555676,-0.005567531999999946,-8.005568,5
-11.512925464970229,-11.512925464970229,-6.003506,-0.0035059919999999916,-6.878506,5
-11.512925464970229,-7.5025206,-0.12752033999999995,-2.1275203,-10.127521,5
-11.512925464970229,-9.724299,-0.47429967,-0.97429967,-8.724299,5
-11.512925464970229,-7.9755607,-0.10056086999999996,-2.350561,-11.475561,5
-7.505350999995367e-05,-10.375075,-11.500075,-11.512925464970229,-10.500075,1
-5.681535199999794e-05,-10.875057,-11.512925464970229,-11.512925464970229,-10.625057,1
-0.00219356390000003,-6.8771935,-7.3771935,-9.877193,-7.7521935,1
-11.512925464970229,-2.129732,-0.12973183000000005,-5.8797317,-11.512925464970229,4
-11.512925464970229,-1.7028095,-0.2028095,-6.5778093,-11.512925464970229,5
-11.349657,-0.9746572,-0.47465717999999996,-7.474657,-11.512925464970229,5
-11.512925464970229,-11.512925464970229,-0.25193733000000007,-1.5019374,-11.512925464970229,4
-11.512925464970229,-11.37694,-0.12694009000000006,-2.12694,-11.512925464970229,5
-11.512925464970229,-11.512925464970229,-0.38687778,-1.1368778,-11.512925464970229,5
-11.512925464970229,-11.512925464970229,-9.883666,-0.00866645599999996,-4.7586665,5
-11.512925464970229,-11.512925464970229,-9.256816,-0.006815897000000007,-5.006816,5
-11.512925464970229,-11.512925464970229,-8.383844,-0.008844303000000034,-4.7588444,4
-11.512925464970229,-11.512925464970229,-5.01769,-0.017690007000000056,-4.51769,5
-11.512925464970229,-11.512925464970229,-6.4385676,-0.06356776000000006,-2.8135676,5
-11.512925464970229,-11.512925464970229,-5.01769,-0.017690007000000056,-4.51769,4
-11.512925464970229,-7.826692,-0.8266919,-0.5766919000000001,-7.951692,3
-11.512925464970229,-9.702056,-1.7020558,-0.20205580000000004,-7.452056,5
-11.512925464970229,-9.063837,-1.3138372,-0.31383713999999996,-7.688837,3
-2.8168895,-0.06688963599999996,-5.31689,-11.512925464970229,-11.512925464970229,4
-4.515619,-0.01561889400000005,-5.390619,-11.512925464970229,-11.512925464970229,5
-5.8888254,-0.013825312,-4.5138254,-11.512925464970229,-11.512925464970229,5
-11.512925464970229,-11.512925464970229,-11.512925464970229,-1.7014134,-0.20141344,5
-11.512925464970229,-11.512925464970229,-11.512925464970229,-1.5019293,-0.25192928,5
-11.512925464970229,-11.512925464970229,-11.512925464970229,-1.1368712,-0.38687122,4
-11.512925464970229,-8.062284,-0.06228483000000003,-2.812285,-11.512925464970229,5
-11.512925464970229,-8.062284,-0.06228483000000003,-2.812285,-11.512925464970229,4
-11.512925464970229,-8.704057,-0.07905701,-2.579057,-11.512925464970229,4
-11.512925464970229,-8.224368,-0.47436803999999994,-0.97436804,-10.724368,4
-11.512925464970229,-9.349212,-0.9742116,-0.47421160000000007,-9.974212,3
-11.512925464970229,-8.224368,-0.47436803999999994,-0.97436804,-10.724368,5
-11.512925464970229,-9.099249,-0.9742485,-0.4742485600000001,-9.724249,4
-11.512925464970229,-9.099249,-0.9742485,-0.4742485600000001,-9.724249,4
-11.512925464970229,-7.9513206,-0.5763208,-0.8263208,-10.451321,5
-11.512925464970229,-11.512925464970229,-8.126798,-0.0017979926000000412,-6.501798,5
-11.512925464970229,-11.512925464970229,-8.126798,-0.0017979926000000412,-6.501798,5
-11.512925464970229,-11.512925464970229,-8.753336,-0.003335633300000054,-5.7533355,5
-11.512925464970229,-11.512925464970229,-9.25871,-0.008709830000000017,-4.75871,4
-11.512925464970229,-11.512925464970229,-10.018194,-0.018194660000000057,-4.0181947,5
-11.512925464970229,-11.512925464970229,-9.508689,-0.008688914999999995,-4.758689,5
-11.512925464970229,-11.512925464970229,-4.2641983,-0.01419841000000005,-10.264198,4
-11.512925464970229,-11.512925464970229,-2.1269474,-0.12694731000000004,-10.876947,3
-11.512925464970229,-11.512925464970229,-4.2641983,-0.01419841000000005,-10.264198,5
-11.512925464970229,-11.512925464970229,-6.281623,-0.03162308800000003,-3.5316231,5
-11.512925464970229,-11.512925464970229,-5.2662244,-0.01622416800000002,-4.5162244,4
-11.512925464970229,-11.512925464970229,-6.281623,-0.03162308800000003,-3.5316231,5
-11.512925464970229,-11.512925464970229,-1.701443,-0.20144296999999997,-10.451443,3
-11.512925464970229,-11.512925464970229,-2.1270244,-0.12702438,-9.252025,5
-11.512925464970229,-11.512925464970229,-2.1270244,-0.12702438,-9.252025,4
-11.512925464970229,-11.512925464970229,-8.576128,-0.8261281,-0.5761281,4
-11.512925464970229,-11.512925464970229,-9.563333,-1.3133323,-0.3133323,5
-11.512925464970229,-11.512925464970229,-9.563333,-1.3133323,-0.3133323,5
-11.512925464970229,-11.512925464970229,-11.512925464970229,-0.82594085,-0.57594085,4
-11.512925464970229,-11.512925464970229,-11.512925464970229,-0.9740788999999999,-0.4740789000000001,5
-11.512925464970229,-11.512925464970229,-11.512925464970229,-0.9740788999999999,-0.4740789000000001,5
-11.512925464970229,-11.512925464970229,-6.725278,-0.47527796000000005,-0.97527796,4
-11.512925464970229,-11.512925464970229,-8.326181,-0.82618165,-0.57618165,5
-11.512925464970229,-11.512925464970229,-7.4746447,-0.47464447999999987,-0.9746445,5
-11.512925464970229,-11.512925464970229,-5.6286407,-0.003640453800000048,-10.12864,4
-11.512925464970229,-11.512925464970229,-5.504103,-0.00410309669999998,-10.629103,5
-11.512925464970229,-11.512925464970229,-6.127237,-0.002236732000000052,-9.877236,4
-11.512925464970229,-11.512925464970229,-11.512925464970229,-0.16022727000000003,-1.9102273,5
-11.512925464970229,-11.512925464970229,-11.512925464970229,-0.10020968999999995,-2.3502097,5
-11.512925464970229,-11.512925464970229,-11.512925464970229,-0.16022727000000003,-1.9102273,5
-11.512925464970229,-11.512925464970229,-6.5016418,-0.0016419769000000045,-8.876642,4
-11.512925464970229,-11.512925464970229,-4.264199,-0.01419876400000004,-10.264198,5
-11.512925464970229,-11.512925464970229,-4.264199,-0.01419876400000004,-10.264198,5
-11.512925464970229,-11.512925464970229,-2.1321526,-0.13215250999999995,-5.2571526,4
-11.512925464970229,-11.512925464970229,-3.6064143,-0.10641443999999996,-2.6064143,5
-11.512925464970229,-11.512925464970229,-2.8252861,-0.07528610000000001,-4.325286,4
-11.512925464970229,-11.512925464970229,-11.512925464970229,-0.061977542999999975,-2.8119776,5
-11.512925464970229,-11.512925464970229,-11.512925464970229,-0.10021582999999998,-2.350216,4
-11.512925464970229,-11.512925464970229,-11.512925464970229,-0.10021163000000001,-2.3502116,5
-11.512925464970229,-11.512925464970229,-7.5020547,-0.0020545006000000387,-6.5020547,4
-11.512925464970229,-11.512925464970229,-7.376796,-0.001795966099999975,-6.751796,5
-11.512925464970229,-11.512925464970229,-7.5020547,-0.0020545006000000387,-6.5020547,5
-11.512925464970229,-11.512925464970229,-8.250523,-0.0005230080600000003,-8.250523,4
-11.512925464970229,-11.512925464970229,-8.000539,-0.0005390931999999992,-8.500539,5
-11.512925464970229,-11.512925464970229,-9.251008,-0.001007561900000023,-7.0010076,4
-11.512925464970229,-7.5072646,-0.007264781999999995,-5.0072646,-11.512925464970229,4
-11.512925464970229,-6.505097,-0.0050971373000000385,-5.630097,-11.512925464970229,5
-11.512925464970229,-7.2574205,-0.007420621999999947,-5.0074205,-11.512925464970229,4
-11.512925464970229,-11.512925464970229,-11.512925464970229,-7.000911,-0.0009114635000000113,5
-11.512925464970229,-11.512925464970229,-11.512925464970229,-6.75117,-0.001170225399999985,5
-11.512925464970229,-11.512925464970229,-11.512925464970229,-8.000336,-0.00033546583000001264,5
-11.512925464970229,-11.512925464970229,-11.512925464970229,-4.264168,-0.014167741999999992,5
-11.512925464970229,-11.512925464970229,-11.512925464970229,-5.7531786,-0.0031784254000000204,5
-11.512925464970229,-11.512925464970229,-11.512925464970229,-5.2552347,-0.005234832999999974,5
-11.512925464970229,-11.512925464970229,-2.5794692,-0.07946931600000004,-7.454469,5
-11.512925464970229,-11.512925464970229,-4.265062,-0.015062084000000042,-7.015062,5
-11.512925464970229,-11.512925464970229,-2.5794692,-0.07946931600000004,-7.454469,4
-11.512925464970229,-11.512925464970229,-3.0529892,-0.052989230000000026,-5.427989,5
-11.512925464970229,-11.512925464970229,-2.3527446,-0.10274469999999994,-5.9777446,4
-11.512925464970229,-11.512925464970229,-3.5381138,-0.03811378000000003,-4.7881136,5
-11.512925464970229,-11.512925464970229,-3.0491846,-0.04918449400000004,-7.4241843,5
-11.512925464970229,-11.512925464970229,-4.0188475,-0.018847294000000056,-7.2688475,4
-11.512925464970229,-11.512925464970229,-1.9103608,-0.16036081000000005,-8.91036,4
-11.512925464970229,-10.95096,-0.5759600000000001,-0.8259599999999999,-11.512925464970229,4
-11.512925464970229,-11.318163,-0.6931633,-0.6931633,-11.512925464970229,5
-11.512925464970229,-11.318163,-0.6931633,-0.6931633,-11.512925464970229,5
-11.512925464970229,-11.512925464970229,-11.512925464970229,-1.136879,-0.38687897000000004,4
-11.512925464970229,-11.512925464970229,-11.512925464970229,-1.136879,-0.38687897000000004,5
-11.512925464970229,-11.512925464970229,-11.512925464970229,-1.1368774,-0.38687745000000007,5
-11.512925464970229,-11.512925464970229,-5.0071435,-0.0071433443000000485,-7.7571435,4
-11.512925464970229,-11.512925464970229,-5.007093,-0.007093150600000017,-7.882093,5
-11.512925464970229,-11.512925464970229,-5.007093,-0.007093150600000017,-7.882093,5
-11.512925464970229,-11.512925464970229,-11.075955,-0.8259551,-0.5759551000000002,5
-11.512925464970229,-11.512925464970229,-9.974124,-0.47412370000000004,-0.9741236999999999,4
-11.512925464970229,-11.512925464970229,-10.200976,-0.5759765999999998,-0.8259766,4
-11.512925464970229,-11.512925464970229,-11.512925464970229,-5.006716,-0.006715728400000054,4
-11.512925464970229,-11.512925464970229,-11.512925464970229,-5.504079,-0.004078639700000053,5
-11.512925464970229,-11.512925464970229,-11.512925464970229,-5.504079,-0.004078759000000003,5
-11.512925464970229,-11.512925464970229,-7.3760567,-0.0010568644999999466,-7.7510567,4
-11.512925464970229,-11.512925464970229,-8.37594,-0.0009402851999999518,-7.2509403,5
-11.512925464970229,-11.512925464970229,-8.37594,-0.0009402851999999518,-7.2509403,5
-11.512925464970229,-11.512925464970229,-11.512925464970229,-7.0009117,-0.0009115827000000268,5
-11.512925464970229,-11.512925464970229,-11.512925464970229,-7.25071,-0.0007100478000000225,5
-11.512925464970229,-11.512925464970229,-11.512925464970229,-7.25071,-0.0007100478000000225,4
-11.512925464970229,-11.0019455,-0.12694533000000005,-2.1269453,-11.512925464970229,5
-11.512925464970229,-11.0019455,-0.12694533000000005,-2.1269453,-11.512925464970229,5
-11.512925464970229,-10.298621,-0.04862131999999999,-3.0486214,-11.512925464970229,5
-11.512925464970229,-11.512925464970229,-11.512925464970229,-7.000912,-0.0009122979999999591,5
-11.512925464970229,-11.512925464970229,-11.512925464970229,-6.5015035,-0.0015034328999999637,5
-11.512925464970229,-11.512925464970229,-11.512925464970229,-7.5005536,-0.0005533903000000399,5
-11.512925464970229,-10.0020075,-1.5020077,-0.25200775,-10.3770075,4
-11.512925464970229,-9.813339,-1.3133395,-0.3133394400000001,-10.688339,5
-11.512925464970229,-11.512925464970229,-2.578948,-0.07894795399999996,-9.953948,4
-11.512925464970229,-11.512925464970229,-5.255719,-0.005719146999999977,-7.630719,4
-11.512925464970229,-11.512925464970229,-4.2644553,-0.014455408999999968,-8.139456,5
-11.512925464970229,-11.512925464970229,-3.7736173,-0.023617190000000052,-7.8986173,5
-11.512925464970229,-5.0298185,-0.029818299999999943,-3.7798183,-11.512925464970229,4
-11.512925464970229,-6.0643134,-0.06431329000000004,-2.8143134,-10.939313,5
-11.512925464970229,-6.5634003,-0.06340038000000003,-2.8134003,-10.8134,5
-11.512925464970229,-11.251944,-0.25194334999999995,-1.5019433,-11.512925464970229,5
-11.512925464970229,-10.5119,-0.38689979999999996,-1.1368998,-11.512925464970229,5
-11.512925464970229,-9.7519865,-0.12698669999999998,-2.1269867,-11.512925464970229,4
-11.512925464970229,-11.512925464970229,-4.7617655,-0.011765578999999983,-5.7617655,5
-11.512925464970229,-11.512925464970229,-5.509291,-0.009291322000000015,-5.259291,4
-11.512925464970229,-11.512925464970229,-4.7617655,-0.011765578999999983,-5.7617655,4
-11.512925464970229,-11.512925464970229,-9.326503,-0.20150243000000007,-1.7015024,4
-11.512925464970229,-11.512925464970229,-8.70158,-0.2015796,-1.7015796,5
-11.512925464970229,-11.512925464970229,-9.502004,-0.25200375999999997,-1.5020038,5
-11.512925464970229,-11.512925464970229,-9.006838,-0.006837918399999946,-5.006838,5
-11.512925464970229,-11.512925464970229,-8.630412,-0.005412334999999981,-5.255412,4
-11.512925464970229,-11.512925464970229,-8.3784075,-0.0034075166999999506,-5.7534075,5
-11.512925464970229,-11.512925464970229,-5.505774,-0.005773789000000035,-6.380774,4
-11.512925464970229,-11.512925464970229,-4.264709,-0.014708933000000047,-7.514709,5
-11.512925464970229,-11.512925464970229,-5.7563453,-0.006345495600000022,-5.7563453,5
-11.512925464970229,-11.512925464970229,-5.006781,-0.006781215999999987,-9.631782,4
-11.512925464970229,-11.512925464970229,-5.006894,-0.0068942740000000075,-8.631894,5
-11.512925464970229,-11.512925464970229,-5.7532525,-0.00325245459999998,-9.503252,5
-11.512925464970229,-11.512925464970229,-8.377159,-0.0021587067999999906,-6.2521586,4
-11.512925464970229,-11.512925464970229,-9.63368,-0.008680047499999984,-4.75868,5
-11.512925464970229,-11.512925464970229,-9.1303425,-0.0053421440000000165,-5.255342,5
-11.512925464970229,-11.512925464970229,-6.003184,-0.003183778600000035,-7.253184,5
-11.512925464970229,-11.512925464970229,-6.3778706,-0.00287073079999998,-6.7528706,5
-11.512925464970229,-11.512925464970229,-5.504457,-0.004457177999999981,-7.879457,5
-11.512925464970229,-11.512925464970229,-0.6931517,-0.6931517,-11.512925464970229,4
-11.512925464970229,-11.512925464970229,-0.8259469,-0.5759469,-11.512925464970229,5
-11.512925464970229,-11.261895,-1.1368948,-0.38689485000000007,-11.511895,5
-11.512925464970229,-7.127988,-0.0029878058000000008,-6.127988,-11.512925464970229,4
-11.512925464970229,-7.001943,-0.0019432762999999462,-6.876943,-11.512925464970229,5
-11.512925464970229,-7.376796,-0.001795966099999975,-6.751796,-11.512925464970229,3
-11.512925464970229,-11.512925464970229,-2.8163111,-0.06631113000000001,-5.4413114,5
-11.512925464970229,-11.512925464970229,-5.284831,-0.034831190000000053,-3.5348313,5
-11.512925464970229,-11.512925464970229,-3.291101,-0.04110102700000001,-5.791101,5
-11.512925464970229,-11.512925464970229,-11.512925464970229,-0.10021293000000005,-2.350213,5
-11.512925464970229,-11.512925464970229,-11.512925464970229,-0.02975662800000004,-3.5297565,5
-11.512925464970229,-11.512925464970229,-11.512925464970229,-0.10021293000000005,-2.350213,4
-11.512925464970229,-11.512925464970229,-0.3868972,-1.1368972,-11.512925464970229,4
-11.512925464970229,-11.512925464970229,-0.4740957,-0.9740957,-11.224095,5
-11.512925464970229,-11.512925464970229,-0.4740957,-0.9740957,-11.224095,5
-11.512925464970229,-11.512925464970229,-2.350231,-0.10023093000000004,-10.725231,5
-11.512925464970229,-11.512925464970229,-2.350231,-0.10023093000000004,-10.725231,5
-11.512925464970229,-11.512925464970229,-2.3502238,-0.10022382000000002,-11.100224,5
-11.512925464970229,-11.512925464970229,-8.752088,-0.25208734999999993,-1.5020874,4
-11.512925464970229,-11.512925464970229,-7.7013917,-0.5763918,-0.8263918,5
-11.512925464970229,-11.512925464970229,-7.951292,-0.5762918,-0.8262918,5
-11.512925464970229,-11.512925464970229,-7.780169,-0.03016881800000001,-3.5301688,5
-11.512925464970229,-11.512925464970229,-8.7987385,-0.048738499999999976,-3.0487385,5
-11.512925464970229,-11.512925464970229,-9.475284,-0.10028344399999997,-2.3502834,5
-11.512925464970229,-11.512925464970229,-11.512925464970229,-6.5015025,-0.0015023599999999494,4
-11.512925464970229,-11.512925464970229,-11.512925464970229,-7.0009117,-0.0009115827000000268,5
-11.512925464970229,-11.512925464970229,-11.512925464970229,-7.25071,-0.0007100478000000225,5
-11.512925464970229,-11.512925464970229,-1.9102354,-0.16023540000000003,-11.512925464970229,5
-11.512925464970229,-11.512925464970229,-1.50194,-0.25194000000000005,-11.512925464970229,5
-11.512925464970229,-11.512925464970229,-1.7014253,-0.20142533000000004,-11.512925464970229,5
-11.512925464970229,-11.512925464970229,-11.2986,-0.04859974999999994,-3.0485997,4
-11.512925464970229,-11.512925464970229,-11.512925464970229,-0.12693419000000003,-2.1269343,5
-11.512925464970229,-11.512925464970229,-11.163055,-0.038055717999999995,-3.2880557,5
-11.512925464970229,-11.512925464970229,-8.761205,-0.011204499000000031,-4.5112047,3
-11.512925464970229,-11.512925464970229,-8.393376,-0.018376328000000042,-4.0183764,5
-11.512925464970229,-11.512925464970229,-7.0049863,-0.004986116700000041,-5.5049863,5
-11.512925464970229,-11.512925464970229,-10.011916,-0.38691585999999994,-1.1369159,4
-11.512925464970229,-11.512925464970229,-9.576009,-0.57600886,-0.82600886,5
-11.512925464970229,-11.512925464970229,-10.193185,-0.6931846,-0.6931846,5
-11.512925464970229,-11.512925464970229,-1.701561,-0.20156099000000002,-8.826561,4
-11.512925464970229,-11.512925464970229,-2.1269946,-0.12699457000000006,-9.626994,5
-11.512925464970229,-11.512925464970229,-2.1269946,-0.12699457000000006,-9.626994,5
-11.512925464970229,-11.512925464970229,-2.1277359,-0.12773595999999998,-7.127736,5
-11.512925464970229,-11.099397,-0.97439647,-0.47439646999999996,-8.099397,3
-11.512925464970229,-11.512925464970229,-1.1374973,-0.38749733999999997,-7.3874974,5
-11.512925464970229,-11.512925464970229,-7.812374,-0.06237399600000005,-2.812374,5
-11.512925464970229,-11.512925464970229,-9.127037,-0.12703750999999994,-2.1270375,5
-11.512925464970229,-11.512925464970229,-8.92372,-0.04872077700000001,-3.0487208,5
-11.512925464970229,-11.512925464970229,-2.3504162,-0.100416176,-8.475416,5
-11.512925464970229,-11.512925464970229,-3.2882144,-0.03821453500000005,-8.663215,5
-11.512925464970229,-11.512925464970229,-3.2880917,-0.03809174999999998,-9.913092,5
-11.512925464970229,-4.758689,-0.00868879500000004,-9.508689,-11.512925464970229,5
-11.512925464970229,-4.758689,-0.00868879500000004,-9.508689,-11.512925464970229,5
-11.512925464970229,-4.758723,-0.008722589999999999,-9.133722,-11.512925464970229,5
-11.512925464970229,-11.512925464970229,-5.006781,-0.006781334999999978,-9.631782,4
-11.512925464970229,-11.512925464970229,-4.264231,-0.014231321000000033,-9.639232,5
-11.512925464970229,-11.512925464970229,-4.5111136,-0.011113609000000009,-9.636113,5
-11.512925464970229,-11.512925464970229,-11.512925464970229,-7.7504306,-0.0004307884399999451,5
-11.512925464970229,-11.512925464970229,-11.512925464970229,-7.500553,-0.0005530327299999947,5
-11.512925464970229,-11.512925464970229,-11.512925464970229,-7.7504306,-0.0004307884399999451,5
-11.512925464970229,-0.9745842,-0.47458422000000006,-7.599584,-11.512925464970229,4
-11.512925464970229,-0.9745842,-0.47458422000000006,-7.599584,-11.512925464970229,5
-11.512925464970229,-1.3142354,-0.31423548000000007,-6.9392357,-11.512925464970229,4
-11.512925464970229,-11.512925464970229,-11.512925464970229,-1.9102294,-0.16022949999999994,5
-11.512925464970229,-11.512925464970229,-11.512925464970229,-1.3132713,-0.31327128000000004,5
-11.512925464970229,-11.512925464970229,-11.512925464970229,-1.3132713,-0.31327128000000004,4
-11.512925464970229,-11.512925464970229,-11.512925464970229,-5.504079,-0.004078639700000053,5
-11.512925464970229,-11.512925464970229,-11.512925464970229,-5.504079,-0.004078639700000053,5
-11.512925464970229,-11.512925464970229,-11.512925464970229,-5.504079,-0.004078639700000053,5
-11.512925464970229,-11.512925464970229,-3.050669,-0.05066906999999996,-6.175669,4
-11.512925464970229,-11.512925464970229,-2.5797322,-0.079732105,-7.079732,5
-11.512925464970229,-11.512925464970229,-2.5797322,-0.079732105,-7.079732,5
-11.512925464970229,-11.512925464970229,-3.049264,-0.04926404699999994,-7.299264,4
-11.512925464970229,-11.512925464970229,-2.579251,-0.07925095400000003,-7.954251,5
-11.512925464970229,-11.512925464970229,-2.5792966,-0.07929654999999995,-7.8292966,5
-11.512925464970229,-11.512925464970229,-11.512925464970229,-0.9740814,-0.4740814,4
-11.512925464970229,-11.512925464970229,-11.512925464970229,-0.9740814,-0.4740814,5
-11.512925464970229,-11.512925464970229,-11.512925464970229,-1.7014169,-0.20141683999999996,5
-11.512925464970229,-9.825996,-0.5759967,-0.8259967,-11.512925464970229,4
-11.512925464970229,-11.313284,-1.3132837,-0.3132837399999999,-11.512925464970229,5
-11.512925464970229,-11.512925464970229,-1.3132789,-0.31327893999999995,-11.512925464970229,5
-11.512925464970229,-8.9384,-0.31339989999999995,-1.3133999,-11.512925464970229,5
-11.512925464970229,-8.576606,-0.20160569999999994,-1.7016057,-11.512925464970229,5
-11.512925464970229,-8.563458,-0.31345865,-1.3134587,-11.512925464970229,4
-11.512925464970229,-10.002002,-1.502002,-0.252002,-10.502002,3
-11.512925464970229,-10.002002,-1.502002,-0.252002,-10.502002,5
-11.512925464970229,-11.512925464970229,-3.0486841,-0.048684219999999986,-9.298684,4
-11.512925464970229,-11.127325,-1.502325,-0.25232512,-7.877325,5
-11.512925464970229,-11.512925464970229,-1.7016361,-0.20163601999999997,-8.451636,5
-11.512925464970229,-10.07606,-0.57606065,-0.82606065,-9.45106,4
-11.512925464970229,-11.512925464970229,-2.8124888,-0.062488887000000014,-7.562489,4
-11.512925464970229,-11.512925464970229,-3.0489986,-0.04899868999999998,-7.798999,5
-11.512925464970229,-11.512925464970229,-4.0194526,-0.01945237800000003,-6.6444526,4
-11.512925464970229,-6.2544,-0.0043996170000000535,-6.0044,-11.512925464970229,3
-11.512925464970229,-5.257697,-0.00769689449999998,-6.007697,-11.512925464970229,5
-11.512925464970229,-6.753643,-0.0036429534999999967,-6.003643,-11.512925464970229,4
-11.512925464970229,-11.512925464970229,-11.512925464970229,-0.011049824999999944,-4.5110497,5
-11.512925464970229,-11.512925464970229,-11.512925464970229,-0.011049824999999944,-4.5110497,5
-11.512925464970229,-11.512925464970229,-11.512925464970229,-0.006717385999999972,-5.006717,4
-11.512925464970229,-11.512925464970229,-5.912932,-0.16293200000000002,-1.912932,3
-11.512925464970229,-11.512925464970229,-5.912932,-0.16293200000000002,-1.912932,5
-11.512925464970229,-11.512925464970229,-5.068281,-0.06828103999999999,-2.818281,5
-11.512925464970229,-10.975368,-2.3503675,-0.10036744999999996,-8.850368,3
-11.512925464970229,-9.502056,-1.5020559,-0.25205585,-9.877056,5
-11.512925464970229,-10.725438,-2.350438,-0.10043817000000005,-8.475438,5
-11.512925464970229,-11.512925464970229,-11.512925464970229,-1.1368742,-0.3868742600000001,4
-11.512925464970229,-11.512925464970229,-11.512925464970229,-0.47408256,-0.9740825999999999,5
-11.512925464970229,-11.512925464970229,-11.512925464970229,-0.47408256,-0.9740825999999999,5
-11.512925464970229,-11.512925464970229,-0.69323057,-0.69323057,-9.443231,5
-11.512925464970229,-11.512925464970229,-0.6932225,-0.6932225,-9.568222,5
-11.512925464970229,-11.512925464970229,-0.9742062,-0.4742061799999999,-8.974206,5
-11.512925464970229,-9.005357,-0.005356501299999955,-5.2553563,-11.512925464970229,4
-11.512925464970229,-10.008659,-0.008659722999999949,-4.75866,-11.512925464970229,5
-11.512925464970229,-10.143189,-0.018189513999999952,-4.0181894,-11.512925464970229,5
-11.512925464970229,-11.512925464970229,-5.504413,-0.004413147500000008,-8.004414,5
-11.512925464970229,-11.512925464970229,-5.504413,-0.004413147500000008,-8.004414,4
-11.512925464970229,-11.512925464970229,-5.753408,-0.003407874400000025,-8.3784075,5
-11.512925464970229,-11.512925464970229,-7.9051194,-0.030119542000000037,-3.5301197,3
-11.512925464970229,-11.512925464970229,-8.014494,-0.014494188999999996,-4.2644944,5
-11.512925464970229,-11.512925464970229,-7.9051194,-0.030119542000000037,-3.5301197,5
-11.512925464970229,-8.631894,-0.006893804799999948,-5.0068936,-11.512925464970229,5
-11.512925464970229,-8.758772,-0.008771746000000004,-4.758772,-11.512925464970229,4
-11.512925464970229,-9.136156,-0.011155700000000006,-4.5111556,-11.512925464970229,5
-11.512925464970229,-11.512925464970229,-8.724239,-0.9742397,-0.4742397400000001,5
-11.512925464970229,-11.512925464970229,-8.724239,-0.9742397,-0.4742397400000001,5
-11.512925464970229,-11.512925464970229,-8.193424,-0.693424,-0.693424,5
-11.512925464970229,-11.512925464970229,-1.5025578,-0.25255770000000005,-7.3775578,3
-11.512925464970229,-11.512925464970229,-0.9741475,-0.47414750000000006,-9.599148,5
-11.512925464970229,-11.512925464970229,-1.5019755,-0.2519755000000001,-10.001975,5
-11.512925464970229,-11.512925464970229,-5.2555676,-0.005567651699999977,-8.005568,5
-11.512925464970229,-11.512925464970229,-5.7534733,-0.0034733169999999905,-8.128473,4
-11.512925464970229,-11.512925464970229,-5.7538023,-0.0038022152000000415,-7.3788023,5
-11.512925464970229,-11.512925464970229,-1.136886,-0.38688599999999995,-11.261886,5
-11.512925464970229,-11.512925464970229,-0.6931587,-0.6931587,-11.512925464970229,4
-11.512925464970229,-11.512925464970229,-0.9740906,-0.47409058000000004,-11.474091,5
-11.512925464970229,-11.512925464970229,-5.255258,-0.005257953000000041,-10.630258,5
-11.512925464970229,-11.512925464970229,-5.0067344,-0.006734200000000023,-10.881734,5
-11.512925464970229,-11.512925464970229,-6.002516,-0.002515611999999979,-10.127516,4
-11.512925464970229,-11.512925464970229,-2.1271927,-0.12719277,-8.2521925,4
-11.512925464970229,-11.512925464970229,-1.1369724,-0.38697239999999994,-9.261972,5
-11.512925464970229,-11.512925464970229,-1.5021367,-0.25213664999999996,-8.502136,4
-11.512925464970229,-11.512925464970229,-4.0232897,-0.02328984999999998,-5.2732897,4
-11.512925464970229,-11.512925464970229,-3.5328355,-0.032835524999999983,-5.7828355,5
-11.512925464970229,-11.512925464970229,-3.5328355,-0.032835524999999983,-5.7828355,5
-11.512925464970229,-8.773403,-0.023402711000000007,-3.7734027,-11.512925464970229,4
-11.512925464970229,-9.576511,-0.20151168000000005,-1.7015116,-10.451511,5
-11.512925464970229,-9.225323,-0.10032236999999995,-2.3503225,-10.975323,5
-11.512925464970229,-11.512925464970229,-8.625515,-0.0005149059000000526,-8.000515,4
-11.512925464970229,-11.512925464970229,-8.625515,-0.0005149059000000526,-8.000515,5
-11.512925464970229,-11.512925464970229,-7.375723,-0.0007230373400000328,-9.250723,3
-11.512925464970229,-11.512925464970229,-5.2558575,-0.005857335400000001,-7.3808575,4
-11.512925464970229,-11.512925464970229,-4.2644954,-0.0144952405,-8.014495,5
-11.512925464970229,-11.512925464970229,-5.754207,-0.004207324700000041,-6.879207,5
-11.512925464970229,-11.512925464970229,-4.7596426,-0.00964264599999995,-6.8846426,5
-11.512925464970229,-11.512925464970229,-4.7596397,-0.009639568999999992,-6.8846397,5
-11.512925464970229,-11.512925464970229,-4.7596426,-0.00964264599999995,-6.8846426,5
-11.512925464970229,-11.512925464970229,-6.939232,-0.31423171999999994,-1.3142318,3
-11.512925464970229,-11.512925464970229,-8.224345,-0.9743452,-0.47434519999999997,5
-11.512925464970229,-11.512925464970229,-3.5435042,-0.043504350000000004,-4.293504,5
-11.512925464970229,-7.757144,-0.007144059499999945,-5.007144,-11.512925464970229,4
-11.512925464970229,-8.389392,-0.014391735999999978,-4.264392,-11.512925464970229,5
-11.512925464970229,-8.389392,-0.014391735999999978,-4.264392,-11.512925464970229,5
-11.512925464970229,-11.512925464970229,-10.750283,-0.0002827888200000156,-8.250283,4
-11.512925464970229,-11.512925464970229,-11.512925464970229,-0.0004969134500000137,-7.625497,5
-11.512925464970229,-11.512925464970229,-10.250239,-0.00023929782000001588,-8.500239,5
-11.512925464970229,-11.512925464970229,-10.826433,-1.7014335,-0.20143351000000004,5
-11.512925464970229,-11.512925464970229,-10.501955,-2.1269555,-0.12695550999999997,5
-11.512925464970229,-11.512925464970229,-9.224175,-0.9741758000000001,-0.47417583999999996,4
-11.512925464970229,-11.512925464970229,-5.7712708,-0.021270721999999968,-4.0212708,3
-11.512925464970229,-11.512925464970229,-6.270044,-0.020044026999999985,-4.020044,5
-11.512925464970229,-11.512925464970229,-8.506918,-0.006917484000000055,-5.0069175,4
-11.512925464970229,-11.512925464970229,-11.512925464970229,-3.2880418,-0.03804183000000003,3
-11.512925464970229,-11.512925464970229,-11.512925464970229,-3.7732458,-0.023245712999999998,5
-11.512925464970229,-11.512925464970229,-11.512925464970229,-2.8119683,-0.061968250000000016,5
-11.512925464970229,-10.974135,-0.9741353,-0.47413530000000004,-10.099135,5
-11.512925464970229,-10.099129,-0.47412849999999995,-0.9741285000000001,-11.474129,4
-11.512925464970229,-10.974135,-0.9741353,-0.47413530000000004,-10.099135,5
-11.512925464970229,-6.88707,-0.012070199000000023,-4.51207,-11.512925464970229,3
-11.512925464970229,-7.505784,-0.005783974000000038,-5.255784,-11.512925464970229,5
-11.512925464970229,-7.7556624,-0.005662240999999979,-5.2556624,-11.512925464970229,3
-11.512925464970229,-11.512925464970229,-2.8200717,-0.070071705,-4.8200717,4
-11.512925464970229,-11.512925464970229,-1.5060067,-0.25600678000000004,-5.5060067,5
-11.512925464970229,-11.512925464970229,-5.940895,-0.31589519999999993,-1.3158952,4
-11.512925464970229,-4.2666054,-0.01660538700000004,-6.0166054,-11.512925464970229,4
-11.512925464970229,-4.513499,-0.013499006999999962,-6.013499,-11.512925464970229,5
-11.512925464970229,-4.7652783,-0.015278246000000027,-5.0152783,-11.512925464970229,4
-11.512925464970229,-11.512925464970229,-2.811986,-0.06198594999999998,-10.936986,4
-11.512925464970229,-11.512925464970229,-1.5019481,-0.2519481,-11.001948,5
-11.512925464970229,-11.512925464970229,-1.5019481,-0.2519481,-11.001948,4
-11.512925464970229,-11.512925464970229,-2.1321528,-0.13215272000000003,-5.2571526,4
-11.512925464970229,-11.512925464970229,-2.8163114,-0.06631124000000002,-5.4413114,5
-11.512925464970229,-11.512925464970229,-1.7043589,-0.20435892000000003,-5.829359,4
-11.512925464970229,-11.512925464970229,-8.001045,-0.0010451936000000395,-7.251045,3
-11.512925464970229,-11.512925464970229,-8.001045,-0.0010451936000000395,-7.251045,5
-11.512925464970229,-11.512925464970229,-7.875868,-0.0008678717000000068,-7.625868,5
-11.512925464970229,-11.512925464970229,-1.7018671,-0.20186709999999997,-7.701867,4
-11.512925464970229,-11.512925464970229,-1.7018671,-0.20186709999999997,-7.701867,5
-11.512925464970229,-11.443376,-0.6933756,-0.6933756,-8.443376,5
-11.512925464970229,-11.512925464970229,-8.6603985,-0.16039826999999995,-1.9103982,4
-11.512925464970229,-11.512925464970229,-8.579079,-0.07907837999999995,-2.5790784,5
-11.512925464970229,-11.512925464970229,-8.752088,-0.25208769999999997,-1.5020877,5
-11.512925464970229,-11.512925464970229,-7.2538853,-0.003885342499999948,-5.7538853,5
-11.512925464970229,-11.512925464970229,-5.5047855,-0.0047856304000000035,-7.2547855,4
-11.512925464970229,-11.512925464970229,-6.253252,-0.003252104199999965,-6.628252,5
-11.512925464970229,-11.512925464970229,-9.451492,-0.20149206999999994,-1.7014921,5
-11.512925464970229,-11.512925464970229,-8.423807,-0.048807192999999964,-3.0488071,5
-11.512925464970229,-11.512925464970229,-8.937099,-0.06209933000000005,-2.8120992,5
-11.512925464970229,-11.512925464970229,-11.512925464970229,-0.014167624000000038,-4.264168,5
-11.512925464970229,-11.512925464970229,-11.512925464970229,-0.014167624000000038,-4.264168,5
-11.512925464970229,-11.512925464970229,-11.512925464970229,-0.014167624000000038,-4.264168,5
-11.512925464970229,-11.512925464970229,-10.250371,-0.00037085102000001337,-8.000371,5
-11.512925464970229,-11.512925464970229,-9.5006275,-0.0006279678000000475,-7.500628,5
-11.512925464970229,-11.512925464970229,-9.5006275,-0.0006279678000000475,-7.500628,5
-11.512925464970229,-11.512925464970229,-11.512925464970229,-2.5788898,-0.07888978999999997,4
-11.512925464970229,-11.512925464970229,-11.512925464970229,-3.2880416,-0.03804149500000004,5
-11.512925464970229,-11.512925464970229,-11.512925464970229,-2.3502066,-0.10020667000000001,5
-11.512925464970229,-11.512925464970229,-8.502131,-0.12713116000000005,-2.1271312,4
-11.512925464970229,-11.512925464970229,-7.1877246,-0.06272448599999994,-2.8127246,5
-11.512925464970229,-11.512925464970229,-7.9755507,-0.10055071999999998,-2.3505507,5
-11.512925464970229,-11.512925464970229,-7.389781,-0.014781175999999969,-4.264781,4
-11.512925464970229,-11.512925464970229,-6.7653174,-0.015317327999999972,-4.2653174,5
-11.512925464970229,-11.512925464970229,-7.687426,-0.06242629499999997,-2.8124263,5
-11.512925464970229,-11.512925464970229,-11.512925464970229,-5.7531776,-0.003177713600000045,3
-11.512925464970229,-11.512925464970229,-11.512925464970229,-7.000911,-0.0009114635000000113,5
-11.512925464970229,-11.512925464970229,-11.512925464970229,-4.7586145,-0.00861468800000005,4
-11.512925464970229,-11.512925464970229,-11.512925464970229,-1.1368717,-0.3868717,5
-11.512925464970229,-11.512925464970229,-11.512925464970229,-1.3132622,-0.31326222000000004,5
-11.512925464970229,-11.512925464970229,-11.512925464970229,-0.9740776999999999,-0.47407769999999994,5
-11.512925464970229,-11.512925464970229,-7.1439414,-0.01894145800000004,-4.0189414,5
-11.512925464970229,-11.512925464970229,-7.3866696,-0.011669663000000016,-4.5116696,5
-11.512925464970229,-11.512925464970229,-8.298838,-0.04883748999999995,-3.0488374,4
-11.512925464970229,-11.512925464970229,-10.904769,-0.029769350000000007,-3.5297694,4
-11.512925464970229,-11.512925464970229,-11.512925464970229,-0.04859327500000003,-3.0485933,5
-11.512925464970229,-11.512925464970229,-11.27326,-0.02325969000000002,-3.7732596,5
-11.512925464970229,-11.512925464970229,-4.0290003,-0.029000148000000028,-4.5290003,4
-11.512925464970229,-11.512925464970229,-6.0166044,-0.016604448000000056,-4.2666044,5
-11.512925464970229,-11.512925464970229,-4.0290003,-0.029000148000000028,-4.5290003,3
-11.512925464970229,-11.512925464970229,-6.255999,-0.0059991864999999625,-5.505999,5
-11.512925464970229,-11.512925464970229,-6.1288834,-0.0038835579999999675,-6.3788834,5
-11.512925464970229,-11.512925464970229,-7.509163,-0.009162812499999985,-4.759163,5
-11.512925464970229,-11.512925464970229,-8.163326,-0.03832650600000005,-3.2883265,4
-11.512925464970229,-11.512925464970229,-7.7989974,-0.04899755499999996,-3.0489976,5
-11.512925464970229,-11.512925464970229,-8.95402,-0.07901911399999996,-2.579019,4
-11.512925464970229,-11.512925464970229,-7.7256484,-0.10064818000000006,-2.3506482,5
-11.512925464970229,-11.512925464970229,-7.6874266,-0.062426403,-2.8124263,5
-11.512925464970229,-11.512925464970229,-8.938393,-0.31339294,-1.3133929,5
-11.512925464970229,-8.577116,-1.7021157,-0.20211569999999995,-7.5771155,4
-11.512925464970229,-9.455542,-2.5805416,-0.08054169999999994,-6.4555416,5
-11.512925464970229,-9.455542,-2.5805416,-0.08054169999999994,-6.4555416,5
-11.512925464970229,-3.050425,-0.05042506000000004,-6.300425,-11.512925464970229,5
-11.512925464970229,-2.5806725,-0.08067256999999996,-6.3306727,-11.512925464970229,5
-11.512925464970229,-2.3514068,-0.101406865,-6.726407,-11.512925464970229,3
-11.512925464970229,-8.538238,-0.03823783200000002,-3.2882378,-11.512925464970229,4
-11.512925464970229,-8.812118,-0.062117137000000044,-2.812117,-11.512925464970229,5
-11.512925464970229,-9.350294,-0.10029432999999995,-2.3502944,-11.512925464970229,5
-11.512925464970229,-8.826565,-0.2015644,-1.7015644,-11.512925464970229,3
-11.512925464970229,-8.160516,-0.16051575999999995,-1.9105158,-11.512925464970229,5
-11.512925464970229,-8.826565,-0.2015644,-1.7015644,-11.512925464970229,4
-11.512925464970229,-11.512925464970229,-11.512925464970229,-0.25193834000000004,-1.5019383,4
-11.512925464970229,-11.512925464970229,-11.512925464970229,-0.25193834000000004,-1.5019383,5
-11.512925464970229,-11.512925464970229,-11.512925464970229,-0.25193834000000004,-1.5019383,5
-11.512925464970229,-11.512925464970229,-6.2521896,-0.0021897565999999587,-8.25219,4
-11.512925464970229,-11.512925464970229,-5.255373,-0.005373083500000029,-8.880373,5
-11.512925464970229,-11.512925464970229,-6.8766594,-0.001659351300000054,-7.3766594,5
-11.512925464970229,-11.512925464970229,-7.7523584,-0.0023586407999999525,-6.2523584,3
-11.512925464970229,-11.512925464970229,-8.503381,-0.003380902999999979,-5.753381,5
-11.512925464970229,-11.512925464970229,-8.002263,-0.0022634943000000483,-6.2522635,5
-11.512925464970229,-6.7693024,-0.019302254999999994,-4.0193024,-11.512925464970229,4
-11.512925464970229,-7.1344147,-0.009414745499999964,-4.7594147,-11.512925464970229,5
-11.512925464970229,-7.129882,-0.004882080999999972,-5.504882,-11.512925464970229,4
-11.512925464970229,-8.326661,-0.20166105000000006,-1.7016611,-11.512925464970229,4
-11.512925464970229,-7.187725,-0.06272526000000003,-2.8127253,-11.512925464970229,5
-11.512925464970229,-6.877966,-0.12796591,-2.127966,-11.512925464970229,5
-11.512925464970229,-11.512925464970229,-11.512925464970229,-0.014170327999999949,-4.26417,5
-11.512925464970229,-11.512925464970229,-11.512925464970229,-0.01815427100000005,-4.018154,5
-11.512925464970229,-11.512925464970229,-11.512925464970229,-0.018158019999999997,-4.018158,5
-11.512925464970229,-11.512925464970229,-7.7856407,-0.16064084000000003,-1.9106408,4
-11.512925464970229,-11.512925464970229,-6.227184,-0.10218380399999996,-2.3521838,5
-11.512925464970229,-11.512925464970229,-8.451153,-0.57615316,-0.82615316,4
-11.512925464970229,-11.512925464970229,-5.5051074,-0.005107218999999947,-6.8801074,3
-11.512925464970229,-11.512925464970229,-5.008033,-0.008032673999999984,-6.633033,5
-11.512925464970229,-11.512925464970229,-4.759236,-0.009235928999999999,-7.384236,5
-11.512925464970229,-11.099095,-0.47409558000000007,-0.9740956,-11.512925464970229,5
-11.512925464970229,-11.011918,-1.1369185,-0.3869185,-10.386918,3
-11.512925464970229,-11.474096,-0.9740968,-0.47409675000000007,-11.512925464970229,4
-11.512925464970229,-11.512925464970229,-11.512925464970229,-1.1368737,-0.38687366,4
-11.512925464970229,-11.512925464970229,-11.512925464970229,-1.1368738,-0.38687387,5
-11.512925464970229,-11.512925464970229,-11.512925464970229,-1.1368737,-0.38687366,5
-11.512925464970229,-11.512925464970229,-9.878229,-0.0032290519999999922,-5.753229,5
-11.512925464970229,-11.512925464970229,-10.006762,-0.006761078999999961,-5.006761,4
-11.512925464970229,-11.512925464970229,-10.378209,-0.0032088463000000435,-5.7532086,5
-11.512925464970229,-11.512925464970229,-10.25865,-0.00864967100000003,-4.75865,5
-11.512925464970229,-11.512925464970229,-11.143165,-0.018164575000000054,-4.0181646,5
-11.512925464970229,-11.512925464970229,-10.011093,-0.011092972999999959,-4.511093,5
-11.512925464970229,-11.512925464970229,-6.914036,-0.039035737999999945,-3.2890358,5
-11.512925464970229,-11.512925464970229,-7.1277313,-0.12773133999999997,-2.1277313,5
-11.512925464970229,-11.512925464970229,-8.387099,-0.38709885000000005,-1.1370988,5
-11.512925464970229,-11.512925464970229,-9.03816,-0.03816037599999996,-3.2881603,4
-11.512925464970229,-11.512925464970229,-7.8292875,-0.07928774500000002,-2.5792878,5
-11.512925464970229,-11.512925464970229,-7.8292875,-0.07928774500000002,-2.5792878,5
-11.512925464970229,-11.512925464970229,-8.376142,-0.0011420036000000474,-7.001142,5
-11.512925464970229,-11.512925464970229,-7.8761845,-0.001184396099999953,-7.1261845,5
-11.512925464970229,-11.512925464970229,-7.251045,-0.0010451936000000395,-8.001045,4
-11.512925464970229,-11.512925464970229,-11.512925464970229,-1.7014139,-0.20141392999999994,3
-11.512925464970229,-11.512925464970229,-11.512925464970229,-1.9102247,-0.16022473999999995,5
-11.512925464970229,-11.512925464970229,-11.512925464970229,-1.9102247,-0.16022473999999995,5
-11.512925464970229,-11.512925464970229,-11.512925464970229,-5.5040784,-0.004078520499999977,5
-11.512925464970229,-11.512925464970229,-11.512925464970229,-5.2552342,-0.005234355999999993,4
-11.512925464970229,-11.512925464970229,-11.512925464970229,-6.251929,-0.001928632599999964,4
-11.512925464970229,-11.512925464970229,-1.501972,-0.2519719000000001,-10.126972,3
-11.512925464970229,-11.512925464970229,-3.2881055,-0.038105413000000046,-9.663105,5
-11.512925464970229,-11.512925464970229,-3.2881055,-0.038105413000000046,-9.663105,5
-11.512925464970229,-11.512925464970229,-9.673651,-0.04865027599999996,-3.0486503,5
-11.512925464970229,-11.512925464970229,-9.203991,-0.07899047399999995,-2.5789905,5
-11.512925464970229,-11.512925464970229,-9.203991,-0.07899047399999995,-2.5789905,4
-11.512925464970229,-11.512925464970229,-7.5302877,-0.03028760000000001,-3.5302875,4
-11.512925464970229,-11.512925464970229,-8.0792,-0.07919985999999996,-2.5791998,5
-11.512925464970229,-11.512925464970229,-8.0792,-0.07919985999999996,-2.5791998,5
-11.512925464970229,-11.512925464970229,-0.029797122000000006,-3.529797,-10.154798,4
-11.512925464970229,-11.512925464970229,-0.03809634599999996,-3.2880964,-9.913096,5
-11.512925464970229,-11.512925464970229,-0.01106338199999996,-4.5110636,-11.512925464970229,5
-11.512925464970229,-10.877057,-1.5020568,-0.25205687000000004,-9.127057,4
-11.512925464970229,-11.512925464970229,-2.5791078,-0.07910778400000004,-8.454108,5
-11.512925464970229,-11.512925464970229,-3.530077,-0.03007697000000003,-8.030077,5
-11.512925464970229,-11.512925464970229,-11.512925464970229,-2.3502078,-0.10020774599999999,4
-11.512925464970229,-11.512925464970229,-11.512925464970229,-1.5019337,-0.25193371999999997,5
-11.512925464970229,-11.512925464970229,-11.512925464970229,-1.9102261,-0.16022615,5
-11.512925464970229,-11.512925464970229,-9.753237,-0.0032364171999999616,-5.7532363,4
-11.512925464970229,-11.512925464970229,-8.751861,-0.0018603306999999804,-6.37686,5
-11.512925464970229,-11.512925464970229,-8.626505,-0.001505340099999998,-6.6265054,5
-11.512925464970229,-10.82891,-0.07891016499999996,-2.57891,-11.512925464970229,3
-11.512925464970229,-11.512925464970229,-0.57600915,-0.82600915,-9.701009,5
-11.512925464970229,-11.512925464970229,-0.57600915,-0.82600915,-9.701009,5
-11.512925464970229,-7.20247,-1.7024698,-0.20246987,-8.07747,4
-11.512925464970229,-5.6028037,-0.47780349999999994,-0.97780347,-10.352803,5
-11.512925464970229,-6.1391525,-1.1391525,-0.38915253000000005,-9.014153,4
-11.512925464970229,-11.512925464970229,-11.512925464970229,-6.251929,-0.001928632599999964,4
-11.512925464970229,-11.512925464970229,-11.512925464970229,-5.255234,-0.005233882999999956,5
-11.512925464970229,-11.512925464970229,-11.512925464970229,-5.5040784,-0.004078520499999977,5
-11.512925464970229,-7.288727,-0.03872694999999995,-3.288727,-11.512925464970229,4
-11.512925464970229,-6.5247154,-0.024715453000000002,-3.7747154,-11.512925464970229,5
-11.512925464970229,-7.288727,-0.03872694999999995,-3.288727,-11.512925464970229,4
-11.512925464970229,-11.512925464970229,-10.563288,-0.31328767999999996,-1.3132877,5
-11.512925464970229,-11.512925464970229,-11.011888,-0.38688757999999995,-1.1368876,4
-11.512925464970229,-11.512925464970229,-11.474088,-0.47408740000000005,-0.9740873600000001,5
-11.512925464970229,-11.512925464970229,-10.936986,-0.06198583499999996,-2.8119857,4
-11.512925464970229,-11.512925464970229,-11.061984,-0.06198359699999995,-2.8119836,5
-11.512925464970229,-11.512925464970229,-11.328902,-0.07890224000000004,-2.5789022,5
-11.512925464970229,-11.512925464970229,-2.3505104,-0.10051029,-8.100511,5
-11.512925464970229,-11.512925464970229,-3.288194,-0.03819401000000005,-8.788194,4
-11.512925464970229,-11.512925464970229,-2.3505104,-0.10051029,-8.100511,4
-11.512925464970229,-11.512925464970229,-11.512925464970229,-0.16023286000000006,-1.9102329,5
-11.512925464970229,-11.512925464970229,-11.512925464970229,-0.47407936999999994,-0.9740794000000002,4
-11.512925464970229,-11.512925464970229,-11.512925464970229,-0.25193400000000005,-1.501934,5
-11.512925464970229,-11.512925464970229,-11.512925464970229,-2.350207,-0.10020698999999997,5
-11.512925464970229,-11.512925464970229,-11.512925464970229,-1.9102248,-0.16022484,5
-11.512925464970229,-11.512925464970229,-11.512925464970229,-2.8119678,-0.061967912999999965,5
-11.512925464970229,-11.512925464970229,-5.7544994,-0.004499550399999995,-6.6294994,5
-11.512925464970229,-11.512925464970229,-6.0033846,-0.0033848186000000487,-7.0033846,5
-11.512925464970229,-11.512925464970229,-6.0030274,-0.0030272674999999465,-7.5030274,5
-11.512925464970229,-11.512925464970229,-11.512925464970229,-2.5788903,-0.07889023000000002,5
-11.512925464970229,-11.512925464970229,-11.512925464970229,-2.5788903,-0.07889034,4
-11.512925464970229,-11.512925464970229,-11.512925464970229,-1.7014139,-0.20141392999999994,5
-11.512925464970229,-4.022688,-0.022687785,-5.397688,-11.512925464970229,2
-11.512925464970229,-3.0498507,-0.04985067,-6.6748505,-11.512925464970229,5
-11.512925464970229,-3.0498507,-0.04985067,-6.6748505,-11.512925464970229,3
-11.512925464970229,-11.512925464970229,-0.47480810000000007,-0.9748081,-7.224808,4
-11.512925464970229,-11.512925464970229,-0.47480810000000007,-0.9748081,-7.224808,5
-11.512925464970229,-11.512925464970229,-2.1301005,-0.13010052,-5.7551007,4
-11.512925464970229,-11.512925464970229,-0.8259495,-0.5759494999999999,-11.512925464970229,4
-11.512925464970229,-11.512925464970229,-0.9740912,-0.47409120000000005,-11.512925464970229,5
-11.512925464970229,-11.512925464970229,-0.8259495,-0.5759494999999999,-11.512925464970229,4
-11.512925464970229,-11.512925464970229,-11.512925464970229,-0.07889837999999999,-2.5788984,4
-11.512925464970229,-11.512925464970229,-11.512925464970229,-0.12693609999999997,-2.1269362,5
-11.512925464970229,-11.512925464970229,-11.512925464970229,-0.12693136999999996,-2.1269314,5
-11.512925464970229,-11.512925464970229,-1.9159491,-0.16594905000000001,-5.165949,4
-11.512925464970229,-11.512925464970229,-1.1381848,-0.38818484999999997,-6.638185,5
-11.512925464970229,-11.512925464970229,-1.7028061,-0.20280608999999997,-6.577806,5
-11.512925464970229,-11.512925464970229,-4.525057,-0.025056969999999953,-4.275057,5
-11.512925464970229,-11.512925464970229,-4.796336,-0.046336006000000006,-3.296336,5
-11.512925464970229,-11.512925464970229,-5.791101,-0.04110091,-3.291101,5
-11.512925464970229,-11.512925464970229,-1.5019563,-0.25195633999999995,-10.876956,5
-11.512925464970229,-11.512925464970229,-3.0486376,-0.04863767000000003,-9.923637,4
-11.512925464970229,-11.512925464970229,-3.0486376,-0.04863767000000003,-9.923637,5
-11.512925464970229,-11.512925464970229,-11.512925464970229,-3.0485883,-0.04858816799999998,5
-11.512925464970229,-11.512925464970229,-11.512925464970229,-4.0181503,-0.018150296000000034,5
-11.512925464970229,-11.512925464970229,-11.512925464970229,-2.1269298,-0.12692969,5
-11.512925464970229,-7.3775682,-0.12756841,-2.1275685,-11.127568,5
-11.512925464970229,-7.3775682,-0.12756841,-2.1275685,-11.127568,5
-11.512925464970229,-8.535424,-0.16042458000000004,-1.9104246,-11.512925464970229,5
-11.512925464970229,-11.512925464970229,-11.512925464970229,-4.0181503,-0.018150296000000034,5
-11.512925464970229,-11.512925464970229,-11.512925464970229,-2.578891,-0.07889099399999995,5
-11.512925464970229,-11.512925464970229,-11.512925464970229,-2.1269305,-0.12693042,5
-11.512925464970229,-11.512925464970229,-7.3508496,-0.10084951000000002,-2.3508496,4
-11.512925464970229,-11.512925464970229,-8.326655,-0.20165578999999995,-1.7016557,5
-11.512925464970229,-11.512925464970229,-7.3508496,-0.10084951000000002,-2.3508496,5
-11.512925464970229,-11.512925464970229,-0.01106479899999996,-4.511065,-11.261065,5
-11.512925464970229,-11.381729,-0.006729576699999993,-5.0067296,-11.512925464970229,4
-11.512925464970229,-11.258631,-0.008630402999999948,-4.7586303,-11.512925464970229,5
-11.512925464970229,-11.512925464970229,-9.631781,-0.006780977400000008,-5.006781,4
-11.512925464970229,-11.512925464970229,-9.631781,-0.006780977400000008,-5.006781,5
-11.512925464970229,-11.512925464970229,-9.8892145,-0.014214274999999981,-4.264214,5
-11.512925464970229,-11.512925464970229,-9.761929,-0.38692877,-1.1369288,4
-11.512925464970229,-11.512925464970229,-8.974204,-0.47420390000000007,-0.97420394,5
-11.512925464970229,-11.512925464970229,-8.95402,-0.07901911399999996,-2.579019,5
-11.512925464970229,-11.512925464970229,-5.0067434,-0.006743319999999957,-10.506743,5
-11.512925464970229,-11.512925464970229,-3.2880733,-0.038073394000000024,-10.413074,5
-11.512925464970229,-11.512925464970229,-3.529757,-0.029757090000000055,-11.512925464970229,4
-11.512925464970229,-11.512925464970229,-4.0359764,-0.03597664499999997,-4.0359764,4
-11.512925464970229,-11.512925464970229,-6.032154,-0.03215388600000004,-3.5321538,5
-11.512925464970229,-11.512925464970229,-4.525057,-0.025056969999999953,-4.275057,5
-11.512925464970229,-11.512925464970229,-7.518693,-0.01869297800000003,-4.018693,5
-11.512925464970229,-11.512925464970229,-7.643629,-0.01862908899999995,-4.018629,4
-11.512925464970229,-11.512925464970229,-7.0494556,-0.049455576000000015,-3.0494556,5
-11.512925464970229,-11.512925464970229,-6.5030026,-0.0030026621999999573,-6.5030026,4
-11.512925464970229,-11.512925464970229,-7.501357,-0.001357256100000043,-7.126357,5
-11.512925464970229,-11.512925464970229,-7.501357,-0.001357256100000043,-7.126357,5
-11.512925464970229,-11.512925464970229,-7.812372,-0.062372419999999956,-2.8123724,5
-11.512925464970229,-11.512925464970229,-6.258631,-0.008631111000000039,-5.008631,5
-11.512925464970229,-11.512925464970229,-6.258631,-0.008631111000000039,-5.008631,4
-11.512925464970229,-11.512925464970229,-11.076449,-0.20144928999999998,-1.7014493,4
-11.512925464970229,-11.512925464970229,-7.2593193,-0.00931908200000003,-4.7593193,5
-11.512925464970229,-11.512925464970229,-6.004946,-0.004946377999999987,-6.004946,5
-11.512925464970229,-11.512925464970229,-11.130248,-0.005248464000000036,-5.2552485,4
-11.512925464970229,-11.512925464970229,-11.128193,-0.0031924476000000056,-5.7531924,5
-11.512925464970229,-11.512925464970229,-11.128193,-0.0031924476000000056,-5.7531924,4
-11.512925464970229,-11.512925464970229,-8.201216,-0.82621527,-0.5762152699999998,4
-11.512925464970229,-11.512925464970229,-7.701393,-0.826393,-0.5763930000000002,5
-11.512925464970229,-11.512925464970229,-8.099381,-0.97438145,-0.47438145000000004,5
-11.512925464970229,-11.512925464970229,-8.876842,-0.0018417751000000219,-6.3768415,5
-11.512925464970229,-11.512925464970229,-8.376556,-0.001556163100000016,-6.6265564,5
-11.512925464970229,-11.512925464970229,-8.505436,-0.005436170000000055,-5.255436,5
-11.512925464970229,-11.512925464970229,-8.253439,-0.0034387463000000516,-5.753439,5
-11.512925464970229,-11.512925464970229,-8.376733,-0.0017330137000000022,-6.501733,4
-11.512925464970229,-11.512925464970229,-7.8773084,-0.0023085770000000443,-6.2523084,4
-11.512925464970229,-11.512925464970229,-6.2544,-0.0043997364000000335,-6.0044,4
-11.512925464970229,-11.512925464970229,-6.003975,-0.003974866599999992,-6.503975,5
-11.512925464970229,-11.512925464970229,-5.7546763,-0.004676472399999952,-6.5046763,4
-11.512925464970229,-11.512925464970229,-4.7589917,-0.008991528999999984,-7.8839917,3
-11.512925464970229,-11.512925464970229,-5.8782916,-0.0032914249999999802,-7.6282916,5
-11.512925464970229,-11.512925464970229,-5.380171,-0.005170781600000046,-7.505171,5
-11.512925464970229,-11.512925464970229,-0.97562504,-0.47562504000000005,-6.475625,4
-11.512925464970229,-11.512925464970229,-1.316644,-0.31664397999999994,-5.691644,5
-11.512925464970229,-11.512925464970229,-0.69474286,-0.69474286,-6.4447427,3
-11.512925464970229,-11.512925464970229,-3.7733395,-0.023339583000000004,-9.273339,5
-11.512925464970229,-11.512925464970229,-5.25594,-0.005940056000000052,-7.25594,4
-11.512925464970229,-11.512925464970229,-4.2644567,-0.014456586999999944,-8.139457,4
-11.512925464970229,-11.512925464970229,-3.2919688,-0.04196888600000001,-5.541969,4
-11.512925464970229,-11.512925464970229,-3.5328379,-0.032837834000000045,-5.782838,5
-11.512925464970229,-11.512925464970229,-3.2901473,-0.04014719299999999,-6.1651473,5
-11.512925464970229,-11.512925464970229,-2.1269357,-0.12693568,-11.512925464970229,4
-11.512925464970229,-11.512925464970229,-1.5019392,-0.25193917999999993,-11.512925464970229,5
-11.512925464970229,-11.512925464970229,-1.5019392,-0.25193917999999993,-11.512925464970229,5
-11.512925464970229,-11.512925464970229,-2.5789487,-0.07894873,-9.828949,5
-11.512925464970229,-11.512925464970229,-2.350266,-0.10026587999999996,-9.8502655,5
-11.512925464970229,-11.512925464970229,-2.1269712,-0.12697126,-10.251971,4
-11.512925464970229,-11.512925464970229,-1.5019633,-0.2519633,-10.501964,4
-11.512925464970229,-11.512925464970229,-1.5019459,-0.2519458500000001,-11.3769455,5
-11.512925464970229,-11.512925464970229,-1.7014266,-0.20142659999999998,-11.4514265,4
