group,COT1,COT2,COT3,COT4,COT5
0_0,1.3569711956678447,1.7750463999624313,1.956846350696629,1.22040595619545,1.1848029937361313
0_1,2.2567752521405153,2.4938747232257503,3.0,2.3858863329603572,2.0056554990704543
0_2,2.7723275226308886,3.3107654356966423,2.5091842865374345,3.0,2.5687149924153254
0_3,1.1226155426797724,2.916202932042338,2.10506374010951,3.0,2.280694571078753
0_4,3.055878430336211,3.4111952326487796,3.669074880737716,3.0563348128441303,2.910998774697104
0_5,2.1455180134379166,2.878416712504347,1.1664616412032542,1.2623886051114022,2.397001909735362
0_6,2.6971880383901885,3.350415042870559,3.6167810915508176,3.2276137077439655,2.8975780033736727
0_7,3.0275822612372583,3.240663104590678,3.0,3.0,3.023219188946535
0_8,3.0,2.418361059798474,3.0,3.0,1.2416211727846551
0_9,3.1904264368410784,3.568178592418018,3.3755543226287594,3.297484150778035,2.9960017768568026
0_10,3.5742474164972,3.599036320530713,3.0,3.5829552911976053,3.3248740569253243
0_11,3.0,2.1902977209870724,2.692795539859308,3.0,3.0
0_12,3.1698060975044133,3.585739014559571,3.0,3.583194348772487,1.3664257160468567
0_13,1.0769616424281963,2.772767838181867,1.0847846596523156,2.3972131942440527,1.1211968471146414
0_14,1.0616805849482405,2.8975377358129677,1.03950544628231,1.0135882490986383,1.2780424946921465
0_15,3.396128031863711,3.024276578100452,3.0,3.3681591096809314,2.512614471089766
1_0,1.7795464738104627,1.6040139655961085,1.773353349602139,1.2335766691110555,1.1406181196406104
1_1,3.6350910785899355,4.059065211028939,3.8391730539926567,3.4949448390180504,2.6778584183219327
1_2,3.060265440162896,3.2883913223295798,3.0,2.7194760676570056,1.2020087191014392
1_3,3.0,3.546696789274098,3.5304018948163183,3.0,1.3419617139439155
1_4,2.5279613429648657,3.9626310155645195,3.0,3.0,3.0
1_5,2.742370816577498,2.215015411853101,3.0,2.35598507636074,3.0
1_6,3.468288920378232,3.999502979278127,3.0,3.215882949532784,3.0456726670971617
1_7,1.9285378245324483,3.4774549624283986,3.0,1.139585960956128,3.0
1_8,3.0,3.0,3.0,3.0,3.0
1_9,3.1952409443618515,3.4404212336809974,2.981225149207289,2.9855601382917754,2.3631859392883894
1_10,2.092328151301437,2.794317526163728,1.1521174121008386,2.0665142696054,1.6451809588770088
1_11,3.8347757451444284,3.8048687739914624,4.329248923596867,3.569464535860183,3.0
1_12,2.7686145764108443,3.682466820721046,3.0,2.8227993025784905,1.1917663587823084
1_13,2.9544930700064604,3.1398410018583007,1.9684926804779312,3.0,1.6689428609351895
1_14,1.0425407176362353,2.567652374623979,3.0,1.062126741668024,1.1265593692796239
1_15,2.667787149230726,3.406401907454875,3.0,2.7821919150298906,3.0
2_0,1.0644912051660347,2.737088455100677,3.0,1.5031505195044477,2.3209909844873167
2_1,3.464536621132438,3.59395128546576,3.0,3.088873024387919,3.025319042042857
2_2,3.3406014625063385,3.836795027317409,4.36796593674332,3.212527747742774,3.1212803348422664
2_3,2.3472848873676813,2.604895266655785,3.0,3.0,3.0
2_4,2.999999999999999,3.2182687074833027,1.0643950859751292,3.0050663403681304,2.368756794993857
2_5,3.3394794807597963,3.0677534696388307,3.0,3.1700242415924547,3.2671962989093397
2_6,3.516276559235862,3.940513089622898,3.0,3.0,3.376669414922948
2_7,2.060966340912778,2.7911999565555203,3.0,3.0,2.9368084950805162
2_8,1.1311413975772386,1.0269468299583477,3.0,1.222293522276191,1.7395968686431902
2_9,2.77682301915166,3.3246346696727533,3.0,1.0647921394804454,2.894118998283597
2_10,3.4420770091872916,3.5187091548714995,3.0,3.208887298544831,3.2673952568751656
2_11,3.4737986776615313,3.801646554983952,3.0,2.981149250467073,2.79679633227145
2_12,3.0,3.5273738387450657,3.0,1.044505393546069,2.6705550024158877
2_13,3.4816186875723774,2.8235014426848046,3.0,3.2282705776252802,1.8021030361231747
2_14,2.821200234353114,2.8007270775723287,3.0,3.14070001833384,3.195574284817342
2_15,3.184296208057126,2.907210837398633,3.0,3.0,2.3994445698347584
3_0,2.1153333865549184,2.7937914057675166,2.278579928749247,1.4041787980873843,1.5949581518175144
3_1,1.9625021371838436,3.0529875916082223,3.0,2.0633429980880758,1.1551418827538822
3_2,3.370930167982934,3.699186034347279,3.0,2.97827789505046,2.924393422530148
3_3,1.173733319124181,3.1867906417247953,1.2029616032765027,2.2957414945170185,1.2376221014591584
3_4,2.092945808360009,2.3557922265003928,1.1170695482472153,2.606594586159528,3.0
3_5,2.2226073830232367,2.764302277261705,2.529765164124996,2.210270008989,2.0568673927243957
3_6,3.0,3.4699599464528044,3.0,1.360723230220593,1.5268882763992286
3_7,3.365863424377142,3.4810533552557605,3.0,3.0,3.0
3_8,1.2107809626941972,3.4498701694077636,3.0,3.4311574874749287,3.2236866577598997
3_9,1.6159853251559593,2.869622560506518,3.2038782762256606,2.762594498274867,1.4260696253264467
3_10,1.9627246291894493,3.3195601540723185,3.0,1.9705092020146262,1.6467634402098557
3_11,3.45234637449949,3.251057437647905,2.5240323442893313,2.1526379801929085,2.8652765863064547
3_12,1.3819452493877562,3.800751816239005,3.0,3.4941021174121585,3.5381539218483766
3_13,1.206931468011308,3.232076224201374,1.2360917090309256,2.7944914468956514,1.1197503948338003
3_14,1.0606306427305903,2.3239493191939093,1.0286100173502406,1.1714935642840238,1.291847483275869
3_15,3.0,3.1475695047741286,3.0,2.9034025182547754,1.4053383708718408
4_0,3.0,1.0300889178432888,1.0350662007855254,1.071703541573875,1.1078899284818131
4_1,2.0680958526845292,3.0862317390266276,3.0,2.2105903826921898,1.0748231714572773
4_2,2.388870728290347,3.1687987404861064,2.7131927383331584,2.632486960229421,2.811692813095356
4_3,1.5550514094733945,2.1353515085578194,1.0611494290948889,3.0,3.0
4_4,3.0,3.126800336420434,1.076476770156575,3.0,3.0
4_5,3.2022821715385796,3.3036001747737003,3.957315936249064,2.6246268053295005,2.6208462744573886
4_6,3.0161651384270227,3.0569553249449695,1.0328091250993487,2.4269383919051033,1.6555396689182347
4_7,3.7159815463116446,3.8250040932526055,3.0812263059463434,3.529829351849468,2.662699281363738
4_8,1.1035930344997815,1.0075982834923727,1.033851115497496,1.0590759469755415,1.039107827203698
4_9,2.9999999999999996,2.87472825978024,3.0,2.4362359371807547,1.2303335252699417
4_10,3.3573176903492805,2.9175975369189384,3.0,2.466432097945639,1.2898705037689022
4_11,1.7087576166545557,2.169696019317196,1.0747172283625759,1.8014225136591788,1.3258580213768836
4_12,1.9870252261372365,3.7172934314099084,3.0,3.2632434823103096,1.2373578458128665
4_13,1.1282617746373862,2.9730980085261556,2.2824025205900944,1.6985189045298903,1.3726882465923689
4_14,1.879899143524116,2.5736919797619384,1.8505555898067532,1.0634547052575059,1.093699845232457
4_15,2.844619771856115,3.003586155948229,2.5881743337635412,2.5416309401777224,1.684637911669058
5_0,1.2875166337487056,2.011366501708401,3.0,1.1600704899103154,1.4722235514601931
5_1,3.431101783940867,3.262859442784503,3.0,2.7677272557531643,2.370207843475682
5_2,3.3800034865118365,3.7098554738609435,3.445183708029198,3.261927093617438,3.2974914725621973
5_3,2.473853543736304,2.861886574963834,2.4242659478064494,1.3254596480676724,2.519412569810305
5_4,1.174803701734604,3.293116462483469,3.0,2.7689377704600977,1.4056849013305668
5_5,2.823202271631986,3.4539016078133393,2.9775419473373996,3.085136765123857,2.5098810732386023
5_6,2.0167046411656058,3.2834589356756525,3.0,1.844782158393273,2.627261569794281
5_7,3.1925133618463293,3.371595288467045,1.8307537118090105,2.7693403834569525,2.877030603415847
5_8,1.1909899939528417,1.0316217298998505,3.0,1.633733768315479,1.3523708139776762
5_9,3.129116927042556,3.4347020043155516,3.0,3.0,1.6022858918684373
5_10,3.1364494989458613,3.5879194958949805,3.163785089082976,2.971858562136603,2.9546870661608757
5_11,3.489683986527587,3.7320480078052087,3.3372261993893444,3.4986371740379636,3.263513765305813
5_12,3.148172746894503,3.4717284717036905,3.594600312988818,2.50427752507238,3.10555217586539
5_13,2.4541966584741357,1.9424970347974098,1.1341142503360515,1.2471052623985437,3.0
5_14,1.0755520647579435,2.8297030431983123,3.0,1.1732406934253667,3.0
5_15,2.7675434017470777,3.1877685755546703,3.0,3.0,1.3608334410938172
6_0,1.6149724099780756,1.8786275179228766,1.0567830911257778,1.6212611542835547,1.1917681617162352
6_1,3.0,1.2376394831235853,1.0577845858384647,1.2100043208269395,3.0
6_2,3.0,3.327630713323036,1.1450725135426174,2.7155834996294383,1.0891732333931767
6_3,2.1516971084570558,2.358029644288676,3.0,1.3388046881447455,3.0
6_4,1.0634739044961308,2.5957387503114204,1.060124662901282,1.891832395353194,1.0537977263259022
6_5,3.0,3.1315023126187875,3.0,1.4557343024773133,2.3039967176408163
6_6,1.8919110283392335,2.5274581607414928,3.0,2.98913037416351,2.8353775496364575
6_7,3.0963355635186236,3.055843914574904,1.241259524958164,2.4368761512035637,3.0
6_8,1.118665229770783,1.572927246371609,1.1383355193517641,1.056361207520504,1.3099207661983465
6_9,2.3536512225367594,2.6824566199932187,3.0,2.239096120796675,1.7207820673182157
6_10,3.0,1.8007687176094072,1.0634797754956644,3.0,3.0
6_11,3.0000000000000004,3.7190721635391712,1.0947439088932758,1.4805469298921008,2.0779497688443778
6_12,1.8933896982419685,2.736308451265024,2.064650344494962,1.3316587703088598,1.14180867803518
6_13,1.1053734760379579,1.3673645356776214,3.0,1.8656253833845795,1.1909890907756047
6_14,1.0686275506459066,1.8499514012697504,1.7846629257918152,1.2258377699003942,2.0081861446310336
6_15,2.299478539197933,1.817081150258044,3.0,1.4809396545184121,1.9019733442708102
7_0,2.770299828025345,3.6314854205731417,3.0,2.934330836625853,2.9113242203512097
7_1,2.4923518226514134,3.024719734008294,3.1238503506250166,2.749006349466623,2.997290566222419
7_2,3.608981672959501,3.8154126478487194,3.0,2.5850154884669307,2.073546828551085
7_3,2.9053356988064283,3.7060728411560855,3.0,3.382517035460858,3.1979971106437954
7_4,2.6129081371590157,2.9321116102072384,3.0,2.690516732368035,1.423134452776986
7_5,3.480435088427714,3.837456452083796,3.9027182843897577,3.5268112213741096,3.5127692355789932
7_6,3.7590228703652304,3.946703017385924,3.0,3.8477950048448015,3.692405399289502
7_7,2.4113645693238475,1.9860546217903898,3.0,3.0,2.2303525847143955
7_8,3.069173214339472,1.9428708540276676,3.2072212032859784,2.7866636493624672,3.0270940755505023
7_9,3.260680177214732,2.235697140687227,2.7961780719511355,3.413350729627374,3.149890862566659
7_10,3.3570756382731703,3.4451548923836923,3.0,3.1282277895848747,3.0
7_11,3.5004295563661554,3.7933119540662377,3.0,3.104045365385344,3.0471616099136867
7_12,3.1974145981759037,2.7342892860104215,2.6402571894165936,3.2269972481874802,2.564987456191659
7_13,3.3291499530409,3.4610843146645087,2.618641549760632,3.065869479339558,3.151579267025442
7_14,1.3184231381999585,3.352511097554877,3.0,2.0939033126100894,2.6821629317346547
7_15,2.2093101478827033,3.1671536294129687,3.0,2.7729669549167895,3.149946687582389
8_0,1.8288917632032065,2.061601077482862,3.0,1.5498264280312564,1.1138447375702263
8_1,2.133969442960478,3.4906147554444793,3.0000000000000004,3.0,2.0067134647918947
8_2,3.760894274671106,3.853247953755148,3.6733885532630692,3.62040966149924,3.2884798071572576
8_3,3.178564025994605,3.174812063770888,1.0888632174922932,3.3654751481123695,2.7095836132571227
8_4,3.0,2.7638493630795855,3.003905812070261,2.831512744017259,1.2489116435640024
8_5,3.4555677291940126,3.7425300835136057,3.893435249806399,3.543232269419141,3.1670443733052225
8_6,3.8920086796613234,3.858220283479398,3.0,3.8936899542611085,3.5332634967624292
8_7,2.928122209268082,2.6338591328826024,3.0,1.093698853169715,3.0
8_8,3.0,2.594070939556397,3.0,3.0,1.056219397168778
8_9,3.0,2.9941604739582175,3.0,3.0,1.3712153666658877
8_10,3.5857481330675887,4.030370173384104,3.509655280249617,3.4618117732020517,3.481013244816001
8_11,3.824832355021183,3.875872287968838,3.627381424672759,3.6853310539126682,3.5759055699948705
8_12,3.3940943493476436,3.0959101963749727,2.436460186766256,3.3674003775473595,1.2445724824265743
8_13,2.525612931616055,3.065540155683195,1.2041912497029494,3.0,3.0
8_14,2.6676189614937895,3.1309928719356983,2.243187031836453,2.225111065693815,3.0
8_15,1.0779083140968546,3.1095888209901954,3.0,3.3668076277997643,1.536302649749485
9_0,3.0,1.70821843631229,3.0,1.5273507208717108,1.3862738301289024
9_1,1.2281956880944886,1.966215487285468,1.1813943124234634,1.4176811742316886,1.4720667312516877
9_2,3.0,3.69437199723055,3.1783154988141487,3.549397758757707,1.420528918506764
9_3,2.215673870715331,3.131646308645265,2.370246388645768,2.749568078093505,1.8297764764500424
9_4,1.2173238584244264,3.4066263041882325,3.0,3.0,2.396399246682149
9_5,2.022702665072564,2.9635319527174,1.0854482421353882,2.40519345231645,2.0283849163631635
9_6,3.4677184249962476,4.115877153149368,3.576427209499839,3.615459953819057,3.618211332995167
9_7,2.951353643121466,3.5207409456886816,1.1001210711243183,2.7976709991679156,3.3523697645610966
9_8,1.1853681455883576,1.18840794043781,1.0546926641533285,3.0,3.0
9_9,3.0,3.4995786218992935,3.0,3.3194462123512842,1.1413967509316123
9_10,3.427723349434697,3.264385866741412,3.0,3.5946255081757843,3.4949682388531134
9_11,3.0,3.6674537753610705,3.0,3.922387285524593,3.309891285272024
9_12,3.4454301181982645,3.63695358932934,3.0,3.8367897430832514,2.3438270446127043
9_13,1.1538495322272955,2.7895008187626362,3.0,3.0,1.0707769683025101
9_14,2.626839938594379,3.2502129326242524,3.0,2.354669671930034,1.0742061842693276
9_15,3.251411515980757,3.5630795378936053,3.4375020406618995,3.207519364590026,2.491080397309716
10_0,1.059395724036449,1.0032268090853587,1.0327387019649408,1.1378006776829739,1.452284333306888
10_1,3.0,2.078176557261679,1.948854278003067,1.1080087304502897,1.068113436216662
10_2,2.9659742415442336,1.009017142875005,3.0,3.453119257144964,1.2941370896638185
10_3,2.4889859891105663,2.5141313714782103,3.0,2.228937397091301,1.659864225976972
10_4,3.0576008595225157,2.8263947449459126,1.1713144635934734,3.0,3.0
10_5,2.792192481647162,2.512831687585685,1.0439230317523536,2.519649905990297,1.4305128997474474
10_6,3.302021471327067,3.5232260146780803,2.410866033766174,3.4767894983182397,2.936081128304091
10_7,3.397862427117113,3.4119404306391767,2.9126182289869074,3.2401998729299573,2.9993634702135537
10_8,1.6537299198497866,2.4639873907259875,3.0,2.5747937324079424,1.155740542101039
10_9,3.5127694630091986,3.3863343628489186,3.3825622088138183,3.511218078568316,3.1457206333221563
10_10,2.0388246480248675,3.0631574578949476,1.029164552214133,1.6603551307397282,1.1420380983768235
10_11,3.7698788729353434,3.6658387676252913,3.0,3.619744033575753,2.7205642098334293
10_12,3.5367041490123667,3.538002718272307,3.3538061886895596,3.277353997064972,1.5458709181461268
10_13,1.021524969622993,1.0079690540378778,1.0375452507835103,1.1602543292266492,1.1114594775164592
10_14,2.945086045909513,1.8466530842000966,1.9002554133030694,1.7289982769685683,1.303991985057893
10_15,3.0,1.0037454224511333,1.0269995378862744,1.0428857865044083,1.1086493274272713
11_0,1.429877761644523,1.5487087450405508,3.0,1.0219294705667374,1.5833172036147118
11_1,1.3443737495015233,1.426949623152962,1.07532762893814,1.2003093872182524,1.1427152815478037
11_2,1.0688623705657272,2.0012774628797416,2.583239879794605,1.8895912344001602,1.2539661755891547
11_3,1.0217226883739865,1.5637013056155382,3.0,1.0138688541945526,1.1151811759642292
11_4,1.6316426289938843,2.0726618951216857,2.1771116486186894,1.361221490625156,1.5098830363175908
11_5,1.0543703405302323,2.02233824625561,2.8293132593793286,1.0427219327435882,1.8446539022885873
11_6,3.260831593130495,3.6481397363527037,2.4135634840857914,3.1391492441084097,3.1120160291771994
11_7,3.0777946438760213,3.698929555074606,3.0,3.3838894668561683,2.9836632712419697
11_8,2.3871069540306573,2.823853178710605,1.260213098099018,1.5746320302857053,1.9418566823566057
11_9,1.4973745862760446,1.1247116956272987,1.0652256157917936,1.4855328115359225,1.6596044427829038
11_10,1.0756275241649857,3.384285735377321,3.352743991087686,2.6175788982618826,1.1178440021553624
11_11,3.1348490790739976,3.696887706195928,3.5259515386762574,3.462918390967994,2.79805103715257
11_12,2.693316704619283,3.3846020665748964,3.0,2.66193974803051,2.353888222718432
11_13,1.5979905812821704,1.3907244808641268,2.4970558886159715,1.6347170767224033,1.5254018361273443
11_14,3.0,1.0842036813489042,1.0301595620952608,3.0,1.064480380862057
11_15,1.4618420303700035,1.4262708061989224,1.1740153688098787,1.106628016278815,1.301095244459841
12_0,3.0,2.805510719586921,3.0,2.4141011036216247,1.5872763245629835
12_1,3.1772767834116253,3.427490366760226,3.0,3.3014837108346646,1.2651009825979294
12_2,3.675473059510531,3.9309530163350574,4.174082168937503,3.6030296998331863,3.5535997273914814
12_3,3.0,3.6097858581539883,3.0,2.821621773879771,2.2840769738218314
12_4,2.882487889160522,3.483512334313563,3.0,2.9781906751540865,3.064150923430282
12_5,3.369047032364203,3.3166301243269736,3.0,2.768570128188989,1.6667330810980945
12_6,3.0,2.776177252918414,3.0,3.3693904284924443,1.7505404139683283
12_7,2.0234813281785065,3.6293518390868327,3.0,3.2109324961239523,3.3055715994614014
12_8,3.0,1.613668481409801,3.0,1.646169488947186,1.1539546994901746
12_9,1.8100908267888491,3.4306437029361656,3.0,2.7372118776847283,1.188551043306499
12_10,2.9999999999999996,3.456240259695596,3.0,3.721058971752179,3.0
12_11,2.9545074748598013,3.1750298402923836,3.0,3.2887575653106236,3.198729818091697
12_12,1.5317054339580576,3.5688036278188675,3.0,3.164903839447394,2.8013973433417743
12_13,3.0,1.0235763926671575,3.0,1.9022912238836105,1.723236864236832
12_14,1.2279789377306112,2.5809754568363403,3.0,3.0,1.5262262735064513
12_15,2.19542662548053,1.0847403906486206,3.4797800309598768,2.882480246598128,1.2120355425577491
13_0,1.0739096807524289,1.150214438800536,1.1534029601488351,1.3525311266536904,1.610296767284254
13_1,2.628807818212798,2.854647120855079,2.0242923432412483,3.0,2.1765577989672553
13_2,3.2663267753594436,3.9837506940492418,1.218201933192888,3.123270660024071,1.977260533140247
13_3,2.604385528255676,3.0844699839079497,3.0,2.175344870955883,2.54169808174951
13_4,2.714414611776495,2.3268213920924796,1.0562981247652272,1.8603932529753395,2.339101661984633
13_5,2.5863435288839245,2.3669733150780004,1.264173747891848,2.1516509995018795,2.285295986137511
13_6,3.506033329937275,3.9035843221653357,4.342078344865434,2.454773401517689,2.581079170290528
13_7,3.146951087969971,3.5026890003700966,1.1541396047365684,2.5522315634480703,2.658956973209239
13_8,1.1036416231679262,2.850317923320431,3.0,1.1306117243052332,2.4118311595520945
13_9,3.2962743606017924,3.630883652902158,3.0,3.0576268499341555,2.9926915727393095
13_10,3.0679084832037287,3.4595538846318914,1.9800853142262183,1.1063269521766883,3.0
13_11,2.9059201722070247,3.3215965939596312,3.0,2.8788879393553843,2.1480061571586626
13_12,2.1958438199935935,2.628858997022801,3.0,2.400282306596567,2.870252386106509
13_13,3.0,3.0407710024829955,3.0,1.674743431656073,3.0
13_14,1.3845720988057408,3.1114101300782373,2.651472412976507,1.360257998370702,2.612067582403744
13_15,1.9302324066441945,3.340325349498237,1.3469144261619836,3.0,3.0
14_0,1.0650018462572244,2.410559857507716,3.0,3.0,1.2308799929728909
14_1,3.0066984420758587,2.8885076665619867,1.1379905094790017,1.6278328633717931,2.0416482066592514
14_2,3.44355248451263,3.7618153975952953,3.3931852856977684,2.7948395666368713,2.6258332560347175
14_3,3.41682799520028,3.7783321362703775,3.551077327815211,3.126874069072822,2.6083686420845185
14_4,3.10684422937252,3.414631759480781,2.718249908204293,2.436543131649875,1.9221418182139036
14_5,3.5172043936927007,3.809937090384075,3.807206696812564,3.198033264142431,3.1442150576746353
14_6,3.739886958122633,3.7380253384368682,3.6132443378627848,3.507264175821424,3.436426312256903
14_7,2.633026718257111,2.0931439956751308,2.672122894874035,1.6072314377879808,2.0698602375301385
14_8,1.4129529207370186,1.1452860870849135,1.0637306798681625,1.0483097858229007,1.1229518271584882
14_9,3.278464063594635,3.3497246800696217,2.6408205887053002,1.0527796657488657,2.6752061733934616
14_10,3.3958455277905824,3.7450347209904136,3.6221907959995634,3.43132551916986,3.297371680691055
14_11,3.638612157459368,3.8011199355757315,3.201312218313017,3.7468826852340222,3.3974741042184977
14_12,3.5238773811140174,3.8187712300840557,3.294546440694982,2.526941603353233,3.3222722220291896
14_13,2.915807362822691,3.253982508730945,3.0,2.5358518049109104,1.4712222102922505
14_14,3.0,3.4104908976843054,3.0,3.1010598005158805,1.853860341848526
14_15,2.9342326435592727,3.233183749076008,3.0,2.2502307051088515,1.129846698508562
15_0,2.6219250389168693,2.838179951717215,1.1398185323455832,2.7602713085854256,2.8658729517002497
15_1,3.3547319626765226,3.588397382925918,3.284063786597062,2.502159233118644,2.7838097428208757
15_2,3.1195646393962493,3.825870614947647,3.6069527828117094,3.144309164927389,3.420350720998112
15_3,2.976346472618524,3.6534844646330367,2.7733033941216414,2.309918191696296,2.8237198018462037
15_4,3.4227285420259834,3.4871023304366844,3.9314087900707286,3.159756589447947,2.901690677302633
15_5,3.4095894429293088,3.7392746677802906,3.143528726720543,3.6191958544067693,3.553271413075596
15_6,3.672234924397712,3.189460721378055,3.949888086880337,3.3712347082215843,3.6170056836718394
15_7,3.2562926193011092,3.549191381841572,2.769873248451811,3.2881114991496965,3.3060463160376248
15_8,1.2258041627102845,3.13874463886734,1.0583135134841783,1.9419817305990354,1.7962954049783628
15_9,3.3531737296904787,3.6465452407349015,3.4067764106387295,2.850945117811838,3.155983768761842
15_10,3.1463923996421244,3.6420300658199665,3.4943873461243813,3.6956520730638256,3.3272589937493597
15_11,3.2558718307002543,3.6420300658199665,3.4983489092660225,3.523822352138792,3.4684674759711167
15_12,3.197791531466374,3.6510981676338283,3.5637091591869257,2.6368830901481832,3.1259142088246814
15_13,3.8834113067440326,3.971799897468797,3.0913025065039097,3.656638593390171,3.571112223977068
15_14,3.538101638963766,3.6647604869552453,3.66549111219862,3.4635096381660397,3.420542500673451
15_15,2.9606417579815916,3.3075411518765296,2.915739848257375,2.083004206647015,1.193518546985995
16_0,2.8202509372779576,3.6392548602040975,2.923967091108922,2.968794870967259,1.5280950266358833
16_1,3.286896811400876,2.9252946461833202,1.89644950150807,3.395853038176348,1.436466627634423
16_2,3.5509182084854873,3.9694218617299963,3.0,3.680238229257366,3.6181999184681
16_3,3.41910042325634,4.014633447465796,3.9668795769201335,3.7842632790457875,3.7453193969225818
16_4,3.090655231292347,3.9455810685212187,3.0731686196043717,2.780269095622498,3.552672622318908
16_5,3.0539700717296103,3.751182156513011,3.0,3.286807421674128,2.971370147354498
16_6,3.783304033901055,4.0683677017392315,3.3319266067695907,3.6291774076550594,3.055414802422784
16_7,3.394962878377178,3.7319246648228583,1.1404262133560488,3.6215254318316075,3.615588098249925
16_8,1.1173640107970864,3.6938343465723937,3.0,2.9463651220811453,3.37034855764093
16_9,3.619871734863066,4.008274794054779,1.1404262133560488,3.0,3.8300456130518072
16_10,3.352459727769861,4.1216887811911675,3.2552691780403697,3.68385128223611,3.7471761832375856
16_11,1.2546989559135098,3.5698578876962594,3.0,3.5139390991042374,3.0
16_12,3.497243776339584,3.7306915642506744,3.0,3.57947795822554,2.210629838252138
16_13,2.514678396618337,3.5520990051517596,3.0,3.698801273777815,2.5056432734322516
16_14,3.1953388941245913,3.4484383127530913,3.0,3.0891718516979862,3.234829528055051
16_15,1.150026638410124,3.393561619258933,1.2389093433497078,3.7206421588304712,3.5532701606631822
17_0,1.0799375125415391,1.287231206671807,3.0,3.0,1.2280263263262854
17_1,1.0816410631285605,2.858108029328842,3.0,3.0,1.0946408956407432
17_2,3.0,3.103952517965374,3.0,2.311944972924831,1.8846051513065507
17_3,2.8402723975098967,2.9812297746147167,3.0,2.554880478150009,1.1889590326985386
17_4,3.7472698554921515,3.805066621142302,3.0,3.5067961815719038,1.3642542330182867
17_5,3.7502191893439116,3.79354305790174,2.2404256269660006,2.764974678324997,1.281450547622647
17_6,2.929726672951697,3.602125831448659,3.852019229620188,2.986528322485652,2.7469283300805682
17_7,1.0769091988984767,3.6680806437004447,3.0,2.8409551777294837,2.5990622595493345
17_8,1.0263596143936409,1.0108386345909959,1.0298660166926916,1.0243817219040068,1.2632775555623639
17_9,3.4524008344192727,3.812846702584559,3.8234601861902706,3.625264772473354,2.049938667137548
17_10,1.0692328245064813,3.118921815083997,1.1015871237303245,1.721148237854294,1.2906499320880112
17_11,3.4924685727569447,3.933360591826847,2.875112972421437,3.002812541485548,3.0265141653765872
17_12,3.496304082985745,3.774910207396625,3.0,1.2147359925907406,2.593894031991321
17_13,1.8937582152937749,3.2424769962865057,3.0,1.614865789367348,2.4046877030229217
17_14,2.711116961679146,3.014825266218837,3.0,1.1184615980957378,1.7699179817202604
17_15,2.6847652846173253,3.144016530469254,3.0,2.8836432742853026,1.266935732782357
18_0,2.723022792391775,2.4758386593797157,1.1047709298597328,2.485716795021721,1.8560511036525482
18_1,3.4220475046484515,3.8330840589266346,2.3358864373674306,2.422439968140931,2.6087925307367326
18_2,2.9771743297838826,3.220083113821239,3.0,2.3586949820900576,1.9077419885132603
18_3,2.773415468726853,2.8919984139885972,3.0,2.2683086297595927,2.8367633548939026
18_4,2.728821783372936,3.2067394729346534,3.0,2.811848451510584,2.405775191879586
18_5,2.018147552452138,1.6837124231119187,1.7869263494689869,1.1914998814305386,1.4947314317007636
18_6,3.4562914399928633,3.7566170424475147,3.4659360266907644,2.7430416785789324,3.5198011555832815
18_7,3.768008662724351,4.061826463518718,3.0,3.480431621368438,3.572320856136821
18_8,1.6143545064092386,1.8704217864403496,1.0750579005278291,1.6327238969619993,1.1063806060488275
18_9,3.4683756318956633,4.262144072946249,3.669615279532141,3.8932834581703144,3.7383303241333836
18_10,3.0821726679173898,4.028067271979563,3.6648177279249787,3.694286954835731,3.775800731737819
18_11,3.612131237752796,4.289172413384906,3.857928076190865,3.6860201772854344,3.775800731737819
18_12,3.548611079179116,3.930269863067129,3.910509596911914,3.505699845883144,3.445757410022851
18_13,1.0608929547452592,1.156563855673536,3.0,1.8366319426334097,1.348273958421426
18_14,3.774932524103361,3.9288997761018316,3.0,3.3211783667352,3.3447689047844364
18_15,2.7661603462593307,2.5671637609070608,2.8352744838579254,2.284203244910311,2.501003939914555
19_0,2.759228005347096,3.116432660917068,2.5296207281667145,1.1478448715659566,3.0
19_1,1.1076442414023744,3.514854103948712,1.19339057346508,3.0,1.2725634838053914
19_2,3.3813084848198995,3.887157306416473,3.498561487032834,3.788999461543354,3.3290929876084348
19_3,3.0,3.4021669839364845,3.0,2.975101060213141,3.0
19_4,3.0,3.555578309138728,3.1243572500078463,2.864164493244149,2.3340602449044052
19_5,3.0,3.0353356324504115,3.0,3.4948028435914935,1.1157763963749385
19_6,3.0,4.095333460791926,3.0,3.5746120199891234,3.5213273605460396
19_7,1.1516706417225782,3.8949896400083777,1.1649165832699226,1.1447147305105225,3.342543984042357
19_8,2.3697546077465987,3.139572288077666,3.0,2.9888874274907296,3.0
19_9,2.0735484644174855,3.7224779471593545,3.0,2.6471974638997424,1.770530699802885
19_10,1.484937254049853,3.6695825901761365,3.236420894595404,3.1526515669804382,3.0
19_11,3.3813084848198995,4.111829631164072,3.498561487032834,3.7490033457590255,3.674900740529016
19_12,1.1150713513311599,3.3637525083763253,3.0,2.823345994121948,3.0
19_13,3.0,3.5032007690532585,3.0,3.0000000000000004,1.0725246526555614
19_14,2.8334510649852302,3.4396429436035465,3.0,1.1626459445778894,2.181221668734714
19_15,1.156252504498989,2.9545074333246544,3.0,2.2498003515310065,1.4383339329625124
20_0,3.117757119900359,3.2604916808013744,3.2943366180237827,3.1874558794645798,2.988366530122963
20_1,3.4435110690469255,3.904399520305545,3.7285384449634513,3.675522134238697,3.4517759442653495
20_2,3.4707178115746826,3.5889328064234345,3.518703729215606,3.58072015773072,3.3530554338122927
20_3,3.3458969464438235,3.7213026603979817,3.470237244911081,3.3948308546645904,3.43023669595102
20_4,3.4678858726865136,3.489449982769497,3.495991782581645,3.382417284527543,3.3071157110868383
20_5,3.520086154016333,3.6115435550030535,3.4151779519938756,3.554815471523812,2.667937422691851
20_6,3.371777539405896,3.5663837368071127,3.4798820069183014,3.2821057619460112,3.2211491331410986
20_7,3.371052547781955,3.573882909939721,3.198562756391214,3.502368297391205,3.3135403182594745
20_8,1.0366953022771497,1.4406824875573778,2.5113296036720096,1.2159367884259582,1.1837868041951816
20_9,3.8258153513684663,3.7799287117972895,3.566770272710181,3.6367855975796415,3.3832840869313214
20_10,3.399868020472617,3.5814031321734388,3.0,3.244330049704206,3.358172847927791
20_11,3.898826223718285,4.031998293275885,3.5467520880716217,3.5688239810285864,3.428316968242773
20_12,3.487056496430924,3.7048704604500116,3.508226360922115,3.3930056658216676,3.5656311163419216
20_13,3.3774604321996695,3.715323776301763,2.973590409775453,3.2480636922466526,3.174963196746531
20_14,2.944961910097131,3.405290947673044,2.722550635639873,3.2589368910427834,2.5695062848846018
20_15,2.108602098030737,2.880857466411101,2.5218772713810704,2.3638069847273986,2.641025324496118
21_0,1.1294796791228414,2.89325759435154,3.0,1.1722559985468994,3.0
21_1,3.0,3.449627150414658,3.0,3.0,2.658607218764091
21_2,3.856257432947738,3.4746330878966845,3.8145051342719416,3.0,3.134371793050922
21_3,3.0,2.2006022790395185,3.0,1.4643230703606704,3.0
21_4,1.9228341738652186,1.4226910703801308,3.0,1.8440600988574252,1.648142876868417
21_5,2.008466453664249,3.5156952754904434,3.0,2.58358506038358,1.1740731122205916
21_6,3.4632846604173437,1.0308659299618521,3.0,3.3552340436785673,2.4015781044865308
21_7,1.1273525922485899,3.6302492795495684,3.0,2.9204403099159557,3.0
21_8,3.0,1.0399618808324795,3.0,1.3896325956756523,1.3952884002273818
21_9,2.756549117074992,2.8938479897087417,3.0,1.3167549648361028,3.0773231774068632
21_10,3.413591884958544,2.6951821994994245,3.5582810151921005,1.972325454957096,3.4405882904247678
21_11,3.3962908696785306,3.28210856119283,3.0,3.0,2.6525107396101126
21_12,3.700300421859229,1.0673018461470483,3.0,3.043793967424455,3.0
21_13,3.0000000000000004,2.1172887252416546,3.0,2.6036972855265708,1.3134615903030742
21_14,1.7713106692472764,1.430592299682256,3.0,1.3187926047902123,1.2233223786626475
21_15,1.1699667948793069,3.3308259870252854,3.0,3.0,3.0
22_0,2.6071347621899146,2.1419878232163225,2.0058730959805806,2.344974205027787,2.5344098273593394
22_1,3.0247052696534014,3.769962923810433,3.4887284161344567,2.9774487620699466,3.6319180632285466
22_2,2.667749199174849,3.679156555221634,2.928690859481137,2.5296757761818616,3.059738436434988
22_3,3.372318772762534,3.6854586019789117,3.2207760586885152,1.1315404538841405,3.471378196367369
22_4,1.612381431555587,2.740173239932522,1.837504222403185,1.7470696295470292,2.214785980694935
22_5,3.0276460769175344,3.640445670549549,3.0,3.2755432633478834,1.8518060089064654
22_6,3.27258492994799,3.8175507374246394,3.218579093048329,3.4972972093292287,2.747522242214212
22_7,3.4321528479221226,3.6752272357326863,2.9127386584003636,3.1497688983219803,3.1184569359342285
22_8,1.0125571183348034,1.6610432447159573,1.0329633509902794,1.0567252493005435,1.0749804260757405
22_9,3.5969921740798636,3.6675338439372447,3.035936946711161,3.0547713424660223,3.4655433882275655
22_10,1.7483676903150351,3.1383905321973513,3.0,2.496311111530101,2.2973461860331197
22_11,2.9888375741844975,3.4864688526307233,3.029600212402779,3.5156821229757496,3.354015822692153
22_12,2.0727156778732136,3.0613601172372658,1.0602677994055136,1.5825552961630864,1.5132787240300227
22_13,3.5116091148846724,3.442799192890507,2.8630660832046386,3.203838360712224,3.1935898768304876
22_14,2.7454161477406673,3.3205047303313746,1.2260231422811059,3.2056349084100306,3.1544727474551975
22_15,3.227763540784838,3.285286422335327,2.9837393732036896,3.031932753283364,2.8151883519844523
23_0,1.8021491256564364,2.0052221941985233,2.458575079604297,2.0989488552243176,1.921529715022711
23_1,2.5671226241778795,3.0487487622478517,3.0,2.3559249602942294,1.4615288356048282
23_2,2.4153145448299305,2.8319358140686406,2.777216220104819,2.6867821584977785,1.5705150198767375
23_3,2.2331700222452735,1.3222801245514724,3.0,1.5858241486336138,2.3374431266444438
23_4,2.375041588234439,3.210697092818059,2.7467832630437545,2.27587664479794,2.060204708844901
23_5,3.0,2.6627240203866283,1.3433145825657418,2.871840788288238,2.3909263371075453
23_6,2.1493985848053723,3.3755533924054255,3.0,3.0,1.111623651459731
23_7,3.340378681752734,3.72660607709337,3.251009968268644,3.2525808088993933,3.0503943474970767
23_8,2.685767715891408,3.0206407755487894,1.9414992183081503,2.954176146754183,1.7306989611770887
23_9,3.331663158045217,3.5196553787928067,3.1664203053064766,2.9565804365144754,3.149174382666908
23_10,2.4684458637578612,3.185990516751026,1.0391183572705247,2.996595240937718,2.509410162939975
23_11,3.2002850835710883,3.370001851488511,3.6229517525418884,3.073349629549965,3.213669959456686
23_12,2.3713571951798063,3.410090873972296,1.1607553965076334,2.986958862325274,2.576220792402008
23_13,2.037063773574342,3.087063114288225,2.4127223880562054,2.463522595313617,1.7339219809771116
23_14,2.2336670305510515,1.9935811916210995,1.1729779508694156,1.9931349058643884,1.1347599047993606
23_15,2.333168968727135,3.0791376129499977,2.5347707914557813,1.1925601184642616,1.0492357550279512
24_0,3.354505131241584,3.8658068396807312,3.652757889975672,3.803975641156721,3.382930784214875
24_1,3.195714212020335,3.744195905155415,3.0,3.3631648498761044,3.4778532496581347
24_2,3.5642109203334074,3.5058118654265042,3.486478732347884,3.5231034833810897,3.447767476222594
24_3,3.649783129295597,3.9676109022713133,3.0,3.6171038080684776,1.4600989131572832
24_4,3.1167579585728724,3.777621863049464,2.8736512994233103,3.099322776011643,3.323088088713852
24_5,2.8892029731530333,3.591066184242811,2.773827441002676,3.4160232202277094,2.594752960151757
24_6,2.8019556531098897,3.0979910930260495,3.234735290436225,3.6039407282440776,3.691072820052469
24_7,3.11892103415139,3.6832759438491918,2.430420680132877,3.3619734749001267,3.115713886710523
24_8,2.680300751113284,2.697308772660107,1.0376623802836564,2.102204395414368,2.394505947947889
24_9,1.093016856623154,3.0928687521097875,3.0,2.492312449745775,2.399457211860366
24_10,3.6762091366557934,3.786719574242921,3.5949737834586912,3.479363731355292,2.22647628465711
24_11,3.160373421475992,4.10952778442204,4.865243410053305,3.5954181326419787,3.5546780357984136
24_12,2.6883124440698207,3.5897696789042923,1.1602617684822496,2.961938544320136,1.1028800228287128
24_13,3.416679834979865,3.6720434174003342,3.8801240800756096,3.616045790613625,3.074733707123946
24_14,2.0293251678908306,3.067150553365721,2.7156671779906705,2.5796374082158837,1.8237524917371637
24_15,3.0,2.796012601426317,3.0,3.1070144572738854,1.206074493077867
25_0,2.9942946848751166,3.1741211486831244,3.0,2.1716889274307127,1.183861462125447
25_1,2.6930560433947,3.6678306120672324,1.9806113934132068,3.096794672984876,2.8643458591683264
25_2,3.359664888298674,3.7967567989690014,2.867306733911475,3.21243007579289,1.991458475045702
25_3,3.272793526655153,3.3620231793694053,1.3988421501621195,2.7485605807512297,1.3357634347204572
25_4,3.0561496993267365,3.2318429305040564,2.971167612615707,3.0192918432235585,3.114495175518096
25_5,3.3297725993989458,3.5641388487478594,2.870799132159247,2.9742744571584487,2.5567086453973196
25_6,3.2820587176732907,3.809454862028108,3.0,3.348588299254248,3.22199586182132
25_7,3.339168638280869,3.625172610309235,3.4675678472500775,3.198924930990466,3.2274957679282696
25_8,3.3096105281104564,3.4034145330141405,3.0,2.7143583995059624,2.4832100725396744
25_9,3.430040735204881,3.553872328736215,3.272641002845454,2.599994377895132,2.928854059580079
25_10,3.1127516574907905,3.575725963863003,3.296205949170993,3.327051371184459,2.930185504441923
25_11,3.0249838807125764,3.9155373969054375,3.5830651692040902,3.4740860066979193,3.353154671469403
25_12,2.742635879691847,3.475637130364422,3.367295880514983,3.18393573648214,1.9927070902699693
25_13,3.397946574323525,3.6834244045842337,3.0,3.38256957925245,3.4089034637579783
25_14,3.3319291023986795,3.139600461946857,1.35835877144619,2.931224121297483,2.466273330936822
25_15,3.0412839249539125,3.3567091841739507,3.0,2.5774026756095383,2.648539960601438
26_0,1.0566660523892577,1.0553868534676296,1.4634264750795745,1.0418174167420455,1.2462852248764322
26_1,3.1592096500682896,3.6328447171130454,3.9132193526336363,3.185108092550172,1.2002206224214291
26_2,3.1601758404486007,3.8826715115942543,3.4795643301953225,3.2984074386986064,1.9621172173167443
26_3,2.4217011666996373,3.243327224275282,3.0,2.7722809631548015,2.4624190922311664
26_4,3.129990650154761,3.039696108749412,3.0,2.36623695943684,3.0309257742881393
26_5,2.764876029596961,3.7990360790287325,3.0,3.3789809212087136,2.9934454371701165
26_6,3.495525939308719,4.12496728006134,3.0,3.702451823291956,3.3708978305397967
26_7,3.401593962201456,4.027836409964696,1.2377147983232428,3.3878108647763607,2.3685379527575634
26_8,1.0818549369083108,1.0819548457269332,1.3839516702108645,1.0898138210169908,1.1414397268918595
26_9,2.9829291211594886,3.680254839788132,3.0,3.3493566625800124,3.5094624092913183
26_10,3.4023641145928933,3.930107756352047,3.0,3.284617414266616,2.6207851085365856
26_11,3.4629401676862024,3.76624205999785,3.804601816096382,3.5101585217688096,3.309226300901694
26_12,2.978234448672985,3.4554766454875074,3.0,1.236290935246262,3.330424693499931
26_13,1.453204328820575,1.094705880397711,3.0,1.0794438818986827,1.038332190379352
26_14,1.1270328011447788,2.1248410015915895,3.0,1.9009687620429112,1.1989124236294357
26_15,3.115724995743114,3.451109865407981,3.0,3.0682204155604795,2.8531391110048556
27_0,2.372780358565953,2.9923786242269723,3.491841913100913,2.525413615805939,2.480341771359952
27_1,2.8634981970750673,3.228860846367255,3.033325589340179,3.1126457760183768,1.2478291837040656
27_2,3.1067543411622776,3.0181629415431757,3.0632048022638707,3.1235854046077134,2.5368944601583454
27_3,1.877997366383283,2.450432692236945,3.0,1.0763355538314583,1.5536847745429787
27_4,2.9062218860375006,3.0674590117047957,3.359349762862902,2.585078177640057,2.880687440740213
27_5,2.1284172608351035,2.995343886157494,3.0,2.0324517203133037,2.5798812031814116
27_6,3.03144350567885,3.43302344253433,3.43197921555101,3.09688836713165,2.744955132765617
27_7,3.242454178489134,3.536506777930521,2.5508917954500467,3.1276321835101886,3.1635117895075187
27_8,1.735049561301835,2.2692460100156966,3.0,2.2537685280866033,2.1127020339034526
27_9,2.9114140844122205,3.4025194319570913,3.044668908808533,2.51581042080546,1.0766418905984863
27_10,3.050117017022516,3.5237142895522138,3.4127742958173757,3.1799457824771777,2.965030776769008
27_11,2.671531410444634,3.952140844446625,3.5024757319795983,3.1799457824771777,3.048942612998593
27_12,2.7888661843979565,3.1874309759305794,3.500522644615745,1.0914032901409407,2.6863355078169224
27_13,2.0299730028153107,2.9033324134887635,2.814613190814185,2.8383800634774308,3.0
27_14,3.1402710925623407,3.1911914803178703,3.2128393971865576,3.8960877911403164,2.4778798159014603
27_15,2.9531499298251673,3.2596119100145993,3.362366865207871,2.286779014752268,2.8066502283480976
28_0,1.836473148686423,1.45391392801092,1.099398355215348,3.0,1.4416656217400095
28_1,3.058925163527822,3.7955154698790077,3.2933434816967058,3.640313001758307,3.2763081605417814
28_2,2.921492003906269,3.4244382084757685,2.5303125258296766,1.9983004575764198,1.8154780526457843
28_3,3.0,3.227056009548067,1.1031193383994056,1.7700517699947271,2.035393414140818
28_4,1.0504380024194238,1.6523340996408589,3.0,1.2850734963550074,1.452696559907533
28_5,3.4990418839163415,3.557525151707912,3.9467067153773785,3.2199951840098366,3.3580333213782825
28_6,3.0,3.2648601759585016,3.314636592740193,2.77830318474821,2.97755183726663
28_7,3.059073327660064,3.6979397942149848,2.3279307405217837,3.362216421570505,2.312805395260021
28_8,1.0394561752106735,1.7091691719819198,1.0618014388860135,1.2786799709282732,1.1140078394568764
28_9,2.851936878020247,3.5147571053808235,3.019832053744936,3.3727132179516977,1.2330708095945886
28_10,2.8964408381571176,3.223949729772362,2.6154905306575524,2.6541633242149874,1.9231656908340797
28_11,3.7389936137937414,3.705985998151917,2.8358157300683406,3.4912566835467587,3.3040194833359533
28_12,3.291102719572143,3.8550687602411613,3.598280617730979,2.871608455691017,3.0
28_13,2.8881640540772837,3.225221906717289,1.2393594457732529,2.727585327001516,2.614557847228732
28_14,1.882127287572375,2.275050721520202,1.0326199496758204,1.0546440786621853,1.0765184092196645
28_15,2.280252748978668,1.9634885993883564,1.079473824783642,1.2163162375198118,1.7618712565298658
29_0,3.0,3.038846778400756,3.0,1.3336613798214971,3.0
29_1,3.0,3.416709092751996,3.0,1.2360860434980543,3.0
29_2,3.0,3.670773509210489,3.0,3.2656420634653687,1.1216811440673518
29_3,2.0118995727049045,3.5820696902985754,3.0,2.2934675389533297,1.153699011004185
29_4,2.1601940272556064,3.2631376851421043,3.0,1.0700422781918766,1.2920692521009949
29_5,3.0242535189012365,2.420126970758172,3.0,1.3403379005237603,3.0
29_6,2.943931935397104,3.7131490998015453,3.0,2.4593846939303794,1.079534512504277
29_7,3.0,3.476225898909143,3.0,3.0,1.0792563443020444
29_8,3.0,2.9117034991102537,3.0,1.2067791070838583,3.0
29_9,3.0,3.8717181701582666,3.0,3.0,2.149786027012795
29_10,3.0,3.7243306239876346,3.0,2.447820050494045,3.0
29_11,3.0,3.4245575241805364,1.2413247079631253,3.0,3.0
29_12,3.5311598679657648,3.746199277622312,3.0,1.3878171985833676,1.5731887943021676
29_13,3.0,2.362827401092518,3.0,1.1025155227257848,1.0747740696420305
29_14,3.0,3.368285976719617,3.0,1.8524593377716991,1.0812757274163969
29_15,3.0,2.1823828519906665,3.0,1.1672325228387186,1.3370059457158705
30_0,1.8248292496173286,2.014989113160991,1.1709073578753801,1.9342085114050473,1.7204657001099173
30_1,3.4562642616028816,3.63964343180873,3.0,3.0806541023098686,3.540143086166103
30_2,3.0,3.3105525026899767,3.0,3.0,1.6740476096583976
30_3,3.48009194151188,3.678370665220986,3.0,2.93073455203891,2.1664719469702005
30_4,3.3598967716833776,3.6123328881917702,3.0,3.1236335297657334,2.5025757211282045
30_5,3.0,3.495924940090542,3.0,3.3630486428784527,3.2144294274332057
30_6,3.1447629963221857,3.542455629897475,3.0,1.0560095936392564,2.4335741811109934
30_7,1.065251583023921,3.45750410394532,3.0,2.9334896908764576,3.0918347709114995
30_8,1.0094487480140764,1.0093738119186602,3.0,3.0,3.0
30_9,3.0,2.7409128033062418,3.0,3.0,1.270792372348461
30_10,3.4230907342345076,3.288932865360389,2.6309216717474335,3.099274910417762,2.779359921676937
30_11,2.8120659747499066,3.3738915400557117,3.0,1.8552798955307548,1.2145378408171057
30_12,3.0082251358375807,3.4607873464438885,3.0,2.523537664441875,2.4903423613336786
30_13,1.0878272462324436,3.3795345147166787,3.0,3.0806219254941003,1.5377517647221683
30_14,2.7581401746690415,2.5404683349462953,1.2017414373957769,2.421044635693492,3.0
30_15,2.7014368144829692,2.9043095034673656,3.0,1.5925722172364274,1.1915417238364712
31_0,1.0346279959249272,1.044561174523959,3.0,2.0055636267317274,1.0871305490669319
31_1,3.20905946823329,3.6024031104941114,3.784418152860542,3.4285620106777897,3.3186743513593044
31_2,2.216216627576016,3.4899199536810457,3.0,3.6680082311031033,3.0247711454481716
31_3,3.02444201026794,3.5864444403293128,3.0,3.4301629126989552,3.4063555045372462
31_4,2.1037334171126627,2.488875277821144,1.0738289613969152,1.0463276054734676,1.2354307338708344
31_5,3.102556783015226,3.6540311219208723,3.529713484725792,3.5150962006058295,2.6594563972650542
31_6,2.8903275399664476,3.5116091097077233,3.0,3.1181929692368744,2.5410884412975894
31_7,3.1432947710080583,3.6213927364112615,3.0,3.3165193954856673,2.122947992902989
31_8,3.0,1.1238320122173777,3.0,1.0523295136005966,1.1021367109888616
31_9,3.3144377266938436,3.6221391025565506,3.0000000000000004,3.1507306443265266,1.161026708706333
31_10,1.0589963202903971,1.6595355601046156,3.0,1.0716432310217698,1.1164487511662256
31_11,3.2401358766644353,3.794992703906827,3.6358968788725687,3.475398362788497,3.272793967528111
31_12,3.449277460106549,3.5938242065887622,3.0,2.9794862927423154,1.9953799095892433
31_13,3.3151521956449206,3.3518343591485276,3.0,3.244646093882189,2.7142702719944585
31_14,1.05296035739254,2.8748367296456867,3.0,1.699650425349597,1.681423427736644
31_15,1.7220546720286818,2.1725367964587137,3.0,1.9545779844079436,2.149664484328321
32_0,3.0,2.9773823799773504,3.0,1.362653949125724,3.0
32_1,2.1896370192897674,2.7772156241566637,1.08503245632073,1.4608414626124997,3.0
32_2,1.3211651387381413,3.5665542792261187,2.8664038696301364,2.1241204269891356,2.799190440732363
32_3,3.314071805063879,3.3096083468757813,2.0200376809801486,2.764204794055099,2.626859529418558
32_4,3.568637909425907,3.6616938244915973,1.3276895025903495,2.4288598813851694,2.556568250535937
32_5,2.1338597380688666,2.7747412406094787,3.0,2.3720466826230138,1.0841060302346164
32_6,3.430236705573429,3.7673463116191317,3.0,3.8374514890163223,2.494982661919229
32_7,3.31909888393949,3.7882474294649064,3.0,3.409998894814449,1.4084640397390895
32_8,2.861049200528329,3.7154552873390365,3.0,2.7222634655107574,3.0
32_9,2.9773893948812127,3.304568946861278,1.0157142925492832,2.381412105249404,1.6154609444266892
32_10,3.4581718143476694,3.7454767120559773,3.5085075387182654,1.320088202674542,3.0
32_11,3.586287753448131,2.5984415837534796,2.699105162465883,3.4675016052226293,3.0
32_12,2.349364962656137,3.411637371662449,1.1577130076923112,2.979617865237323,1.1233539477807928
32_13,2.7896130410285895,3.3904678785576516,3.133390329113364,2.8984212659922846,1.8151766371082931
32_14,1.1473551887080264,3.2929742811355536,2.3314195464802387,3.220635240901654,1.227620567654611
32_15,2.341831412605621,3.368375098060848,1.246248310764492,2.287839514241279,1.8530729115901794
33_0,2.950724007460602,3.2352951428112613,3.0,2.739276541387909,2.181717558516556
33_1,3.4863090737032407,3.5101262726645523,3.0,3.07618550523722,2.1055351352601055
33_2,2.7309946879200386,3.462628345591209,3.0,3.4623595199358337,3.2818783894153873
33_3,1.1039317406603897,3.5423972063720335,3.0,3.463027496937578,2.920646215948998
33_4,2.250874086007634,3.284232087586788,2.5240630063262626,2.914580243022026,2.709439828373187
33_5,1.1554214323292256,2.4689874399233935,3.0,2.761132449647191,1.9277711010460201
33_6,3.398924736359172,3.662971363620873,3.0,3.3229336399529066,3.2843964283999356
33_7,3.5394350080428394,3.8196715821424188,3.8296923783633465,3.7050783853775475,3.5252665317196095
33_8,2.5377020557040932,2.9155898860049514,2.2398828087324367,2.97623711600355,3.1980312616824675
33_9,2.798421744754484,3.5570802424442016,1.0710753376926487,3.260668424641199,3.209150904719059
33_10,3.398870472511211,3.5423972063720335,3.0,3.463027496937578,3.4090482072580466
33_11,3.1861223083024206,3.7470300545699105,3.0,3.6408700719997533,3.402950788454158
33_12,3.0475287597738445,3.655509608843969,3.0,3.40349222183586,3.4312540143275103
33_13,3.0672587399986044,3.7025429052787775,3.5215670292479366,3.1806428398636304,2.7465500879903963
33_14,3.503655886483362,3.722854089719775,3.2946036898688695,3.55411092030888,3.2921641463421416
33_15,3.209029211123664,3.526861659159906,1.0803060173378285,3.3905643579564857,3.4934212679637358
34_0,2.924338108745539,2.7747070074136526,2.247962075125712,1.5687353034011893,1.0802387413126873
34_1,2.9422630101717284,3.18795505711965,2.861248291889496,2.7791651407213456,3.101774405703776
34_2,3.3205090886996724,3.700929826619338,2.0578120357246807,3.2339620491481584,3.1161783168350317
34_3,2.2364916921799085,3.499532747998012,3.4919403178255295,3.1817480830035105,3.410422821551399
34_4,2.940022687022422,3.405323033299467,3.180905304575631,3.0725888392568685,2.835481643230102
34_5,3.014242939462252,3.5054768415151267,3.1620011194280795,3.2318029105538217,1.6069745146152306
34_6,3.5571758367262434,3.8363243366739352,3.4465749044730134,3.384501609892725,3.4873307830159983
34_7,3.453737504690174,3.7988542357476343,3.711391830325786,3.101551543640487,2.807344143553943
34_8,2.496081557577412,2.369895952289339,3.16646806185915,2.3370041887944586,1.2076680313251766
34_9,3.0672113443974833,3.43569078017493,3.8951033675980202,3.3467005026836736,2.6091773751189806
34_10,3.6850727792066307,3.5429282231890866,3.615015818468293,3.257093063835968,3.0299063272148414
34_11,3.67043326866239,3.946741187677939,3.6528764945840684,3.3186449488816683,3.7397446169948108
34_12,2.7436755055919098,3.3646186013736155,3.0,3.2762743304549176,2.215567375939411
34_13,3.4066397192759648,3.6465452128988263,1.1919580749790455,3.326901822870359,3.203692421476664
34_14,1.8429989204752122,3.1201010321807248,1.1506183340213008,2.130729024811722,2.526045963490883
34_15,2.9241376398819146,3.2947010209469707,2.86065371913384,2.7973836971545136,2.650433902361459
35_0,1.1227014677065599,1.0113488682429093,3.0,1.170990857718192,1.0816262961020233
35_1,1.0892422250562181,3.3623668822754142,2.632800334115828,3.0,2.79148938656412
35_2,3.0715359907022024,1.0032336592995061,3.5347509930267207,3.1522468196715137,2.591736403055239
35_3,1.7107936070719638,2.049406007726661,2.065533771960331,1.163390873860229,1.3547630824535715
35_4,2.0705249585099206,2.2170397412959395,3.0,3.0,1.1880713243694057
35_5,3.0,2.8003092039634927,2.257589131766101,2.0358138426419092,1.7867132402195065
35_6,2.0130179362795517,2.9118977750895887,3.0,2.3072960124055246,1.1954568127791003
35_7,2.8776055861201857,2.200920128072986,3.0,2.863802046454671,2.6683508217973926
35_8,1.044451090715458,1.0063018257582712,3.0,3.0,1.0221194377448748
35_9,1.7279060890442735,1.0290909748782207,1.0716483321545376,2.209582084956218,2.022597744233254
35_10,2.8956096353887135,1.9621077920017351,3.3504961024379885,3.4269389036364055,2.4793786970727583
35_11,2.7855980089118524,3.277345343591013,3.0,2.9582684334179996,2.786980705643596
35_12,2.8763376604241726,3.607580780348361,1.1887120133778157,3.494527546779036,3.0
35_13,2.902820550527403,3.196629430881024,3.0,2.981973539420392,1.4356310831343466
35_14,1.0390631161059136,1.6611336394541985,3.0,1.0301794751081157,3.0
35_15,2.3785662619065575,3.2630243155360508,2.6455854031794845,3.255075270202076,2.2854938554543134
36_0,1.5975016560593254,2.2233372449541573,3.0,1.1433054813105457,3.0
36_1,3.028644120751861,3.5653520484029317,2.5381804337636584,2.9104605520215983,2.7077149448682416
36_2,2.8962321086127,3.222525629222072,2.600323211723695,2.9280022538805914,2.1976896793935
36_3,3.0229325764392696,3.390082902797927,3.214031818399494,1.1850361561002019,1.535562736711559
36_4,3.114827845501487,3.3256553828251443,2.324157630874425,2.74935441695618,2.3892366331237644
36_5,2.8845003260801034,3.3717329439544943,3.231633452906249,2.9732040089304785,2.1081568876871133
36_6,3.055831133896522,3.3006989771558315,1.185663416994655,2.84937214690911,2.875711240606457
36_7,2.9252388465216694,3.2168459663473548,3.0,2.439173880337723,2.1517330318639045
36_8,2.05767194596273,2.6090655036153216,1.0567573346729946,2.173965726879524,1.580736386722618
36_9,2.88507321917887,3.17480281811427,2.513740280796486,2.9564141517772007,3.2094748439432674
36_10,3.2312838315329753,3.6642587579801673,3.2348183845761107,3.283309066709334,2.768309395131607
36_11,3.309544290120093,3.6335984081526473,2.6620414483501804,3.266693619739117,2.320091812344221
36_12,2.538121863616686,2.566764628861189,2.768004994717649,2.0667097442236724,1.8545749304663346
36_13,2.9748833184342587,3.0667685866565813,2.526154091339084,2.7106145945321165,2.0823493836072005
36_14,1.0526259893835759,1.157809858722517,1.0254732867817025,1.6046901946152967,1.0948717339491307
36_15,3.0407475309603855,3.3765030493769177,2.3263395227890014,2.8282336607744254,2.600961295967767
37_0,1.5162016327122374,1.3991644805660248,1.2218881526204712,1.0566803617577978,1.6413103302369971
37_1,2.8315719409510898,3.3278935693851204,3.120556780252692,1.5136119631410856,1.4991211238441624
37_2,3.0930491954676977,3.332362880240149,2.825141129287302,2.9395035923417963,2.7775531520274677
37_3,1.0582828633735506,2.8062809214002806,1.1683398259774536,3.0,1.2607512235352503
37_4,2.8377249162433777,3.4343544283028904,3.0187161930197504,2.544537707473181,1.5723024025477412
37_5,2.3093476643290485,3.06394756131085,2.9183467736376967,2.5983786404900733,1.9592669444005315
37_6,2.7204915784605186,3.425706802510851,2.9201342311944045,2.3547855523244703,2.8708304814547576
37_7,3.1288384654301633,3.758127517499186,3.518176158384365,3.391415590886139,3.3499390657789374
37_8,1.0238450136323918,1.7446094941446975,3.0,1.0439226822278762,1.7608912504830005
37_9,1.0483566632169528,2.316036500416384,1.2811018150200193,2.1949798984517956,1.823385529141251
37_10,2.348866663687992,3.1256474562398564,1.6825937742521404,2.8538560569418623,2.2849973250278075
37_11,2.078959332271476,3.1266946932827056,2.5698213822232217,3.0986273185817423,2.9857467397525435
37_12,2.726134167475152,3.166695539543747,2.825327916183105,2.611778362384935,2.5944074428097688
37_13,1.0884735898198665,3.3278935693851204,3.120556780252692,1.7829870310762768,1.4991211238441624
37_14,1.1182125652082362,2.6897065516532543,1.5831217227484058,3.0,1.5374450561022937
37_15,2.59388740155441,2.6837105244273167,2.4264943603357545,2.0139225392706086,1.9386023443996379
38_0,1.3753011116628975,1.0200685376720033,3.0,3.0,1.1990103966544952
38_1,2.881632562985025,3.4560658246912124,2.791535524305366,1.2883334190357931,2.606148175799847
38_2,2.07473459227186,3.3019931336673705,1.178275880311771,3.132379404885497,3.0
38_3,1.2300274007947567,3.6921479337943715,1.1970913141770974,3.0241801183683608,1.2619203322482049
38_4,2.886689987501678,3.5821080276241344,3.4030066907615204,3.642485826112877,2.5688163115238813
38_5,1.4477540014107966,3.9511328194244095,3.0,3.39846145963339,3.0
38_6,3.4768479584041274,3.9367518654699376,3.0,3.4752447702135236,2.7217034861785656
38_7,3.0,3.3006160399122764,3.0,3.0,1.7157488606798943
38_8,1.7391232497274691,1.5895092830701896,3.0,1.3205089242901729,1.1311239794218055
38_9,2.4441451624543586,2.2119841978467636,3.0,2.30368801020934,3.0
38_10,2.557662750752235,3.332188054603846,3.0,3.1341469466150023,3.0
38_11,3.069668670102241,3.8306468721859783,3.0,3.446515126738841,3.0
38_12,3.0,3.054969999145641,3.0,3.0,1.8200814956246405
38_13,2.071203028575478,3.4165721401295968,3.0,3.00479825400164,3.0
38_14,2.801749931917242,2.0151763010708845,3.0,2.4895478438025207,3.0
38_15,1.1026340145598243,3.2514942113974223,1.1085960251267308,1.926032613311772,1.4365321998170777
39_0,2.5269312565737336,2.1145435523260097,2.3259501314774345,2.3158397004452627,1.5979275031764164
39_1,3.403810115631804,3.824363355649509,3.4615201566006304,3.305848841923193,3.071839820419715
39_2,3.5376854971413274,3.8326285045373902,2.925664138107487,3.3195335113243587,3.2765856626785874
39_3,1.9591446157504102,3.2440613661759254,1.3208377906773194,3.1790119770719563,2.5945177661905796
39_4,2.165059477030468,3.489418809841998,3.0,3.030940908905665,2.5578341029623073
39_5,3.0,3.9153139735290656,2.5147721664899465,2.9235198123768846,3.023768084022194
39_6,3.0,3.785390544677866,3.0,3.263133006631165,2.9023330661666393
39_7,2.582408024149695,3.639762697469799,1.186930277836123,3.474850722831249,3.3572873760134474
39_8,2.0315515504825723,3.145764322532094,3.0,1.0247606469124342,1.5863568465233446
39_9,3.590881519139093,3.6553499068151583,3.0,3.371848346967339,3.3982091212558982
39_10,2.819688784581061,3.553238633099432,2.569671005896038,2.7802734164985523,2.372130321104071
39_11,3.4986149338950545,4.112852480620266,3.4123841151739955,3.4597993416744353,3.518109675987341
39_12,1.2754526223911467,3.4936616847329725,3.0,3.303454413580605,3.1849010542525877
39_13,3.55612028979843,3.694294918021227,3.7608738320179462,3.383065736323924,2.991285424224615
39_14,3.0,3.5160281770699573,3.0,3.418882183409274,3.1872505757104586
39_15,3.0235963455841137,3.5531249283125037,3.4617399988058786,3.538857341402604,3.1870537297845205
40_0,2.7406085430298543,3.2699979412225626,3.0,2.651556085926834,1.4637626304975049
40_1,3.2209966932043193,3.6592242754655433,3.0,2.8297853963665838,3.1193678699282414
40_2,2.7678230298465305,3.5481827026971953,3.0,3.0209751843030728,2.8937420424430056
40_3,2.7536021227107406,3.3960079366620066,3.0,2.8479974767851006,2.6764844575920828
40_4,3.2723462905460137,3.677942232966665,3.0,2.0376148602086466,2.197777919959097
40_5,3.2470569235219306,3.234420813384145,1.073699130172585,3.1661554397246174,2.6852405219923257
40_6,3.4038930168079604,3.5816247063098103,3.479212480872685,3.1308712952930637,3.1803137436647066
40_7,3.0,3.767291616185968,1.069028411668822,3.404443287032863,2.377159873318694
40_8,3.0,2.763213552944953,3.0,1.052200308818598,3.0
40_9,2.9585953587492755,3.8457159317475025,3.0,3.449758848061747,3.07500748202806
40_10,3.4252667945730733,3.7537054743467584,2.694132368857188,3.274054509250935,2.745089938428519
40_11,3.5240360727456363,3.79910979400464,3.5320823634750274,3.3634700670276563,3.513390408816912
40_12,3.0593217547014553,3.7264849049019637,3.0,1.2313437019985274,2.529508050549241
40_13,2.2480273228643024,3.4077361742846217,3.0,2.932000482069052,2.519843514157666
40_14,3.5311734461009765,3.610332221538747,2.240088916578702,3.2278525045679918,2.4282120420507125
40_15,3.4306821560220535,3.393811923317837,3.0,2.4188826845453764,2.063238901826404
41_0,1.7897649335002987,2.5672480705367358,3.0,1.0592261990606993,1.3066573174549656
41_1,3.0432470254380726,3.5908485224952233,3.0,2.3682200065913293,2.67561921667417
41_2,3.177021784648523,3.7329579662574277,1.0666118028061136,3.385299195966641,3.3094145520751894
41_3,3.1710201006558068,3.480870705559259,3.0,2.840148454622745,1.170071740713659
41_4,3.320734424796624,3.522180428640628,2.418911264185846,2.813109666173956,2.975499746377798
41_5,2.507340141408301,3.5610486876467475,1.0420177424349757,2.5980061186243586,1.1526494249995671
41_6,3.1110880343133593,3.6224248379016126,2.4519544054946687,2.8581935814187442,3.4100636193698923
41_7,3.381652037860756,3.5559701635108136,3.0,3.0,2.7053678901425573
41_8,3.0,1.011958742876249,3.0,1.064481128392063,1.0684850833823736
41_9,2.99864251971695,3.453019288969577,3.0,2.373049102429863,2.724056242908094
41_10,1.0744200089001397,3.086467828574377,3.0,1.9450319418517523,2.617139664183677
41_11,2.940215046316068,3.73295797095971,1.0684969607680268,3.3034265106228506,3.2271780003783
41_12,3.1573102635305235,2.868154197970924,3.0,2.874220951067631,2.499588892304402
41_13,3.2041568794600632,3.3137002368761683,1.8391029988680032,3.39438515763095,2.957940912795456
41_14,1.058396740346227,3.3256553828251443,3.0,2.7503803415111787,3.0
41_15,2.5360243493739905,3.1755696139773044,2.3205080453752736,2.02942326277101,2.9699169465491253
42_0,3.0,3.364719056777785,3.0,1.0593209235291359,1.2172318036242158
42_1,1.075246547726437,1.0288979997586167,3.0,3.0,3.0
42_2,2.471546807840106,3.7452970691942746,3.0,3.6379026558839946,2.9800296136793936
42_3,3.0,1.0334202811888642,3.0,3.0,3.0
42_4,1.05183782958896,3.4635932878659563,3.0,2.661420845551709,2.873780201338272
42_5,1.0737455077965699,3.750395712968275,3.0,1.364030021333757,1.1520477677335632
42_6,1.2774553337165637,3.2463782569582276,3.0,3.673125149155489,2.209810850657563
42_7,3.0,3.240816492137048,3.0,4.5469700744641015,1.031925374042552
42_8,3.0,1.011853873370163,3.0,3.0,3.0
42_9,3.0,2.490929565755807,3.0,1.0826541757732504,1.1695838558718203
42_10,2.9748393220291005,2.6369425356588514,3.0,3.0,1.1397325335905062
42_11,1.063497688714641,2.658390109504849,3.0,3.159725605582425,3.492292384262124
42_12,3.204926528755657,1.0129209898437235,3.0,2.3330306893521033,3.0264964320623684
42_13,2.8824994996200974,2.409079222702812,3.0,2.7807257231084987,2.4592128596460148
42_14,1.2189211633205743,3.30141811711462,3.0,2.5117801899107848,1.0879683062994865
42_15,3.0,1.0225446578808133,3.0,1.131858658317813,1.1090614164028247
43_0,3.0,1.9916047009962734,3.0,3.0,1.6572101456015198
43_1,3.0,3.0,3.0,3.0,2.7644901483732927
43_2,3.0,3.777305030533179,3.0,3.0997163265099412,2.9771258752608682
43_3,1.8376846676779244,3.578238469578363,3.0,2.6503276085291554,1.1737458966944252
43_4,1.964480504988663,1.0187675174568422,1.0841933079803738,3.0,3.0
43_5,3.0,1.5203783964604303,3.0,3.0,1.7049845077837202
43_6,3.0,4.001527950492008,2.9080946211209366,3.348411538401594,2.2099508870423175
43_7,3.0,2.9059294491283794,3.0,3.0,1.1721250885278751
43_8,3.0,2.86949855009558,3.0,3.0,3.0
43_9,3.0,3.580778517037581,3.0,3.1021548497103777,2.8509702323129256
43_10,3.0,1.0155957132108442,3.0,3.0,1.2548310896064037
43_11,1.0430463695398384,3.2793294649530904,3.0,3.0,1.3586271646735166
43_12,2.6474406394546515,3.2428909118426397,3.0,3.0,3.0
43_13,3.0,2.5047902235794077,3.0,3.0,2.31404221826868
43_14,1.0879011116732564,1.2710933536973974,3.0,3.0,1.1186922474973346
43_15,3.0,1.93899458282766,3.0,2.8669308802986517,1.2799469863436495
44_0,1.0630007506716637,2.1178514904581136,1.8541377758734348,1.0518859747509361,1.1000445656576578
44_1,2.128834486189096,3.0171979478506397,3.0,2.695977440638199,1.5755229837125948
44_2,2.91467749399287,3.505019570902781,3.0,2.746312559578512,2.832257607330396
44_3,2.425559071081719,3.4099792604665335,2.5316333561770348,2.606420625798525,2.420391552832549
44_4,2.553559280553941,3.2946028792992608,3.0,3.1936208531160273,2.0712706227033952
44_5,2.7058101347933294,2.945266473804212,1.1652077372420788,2.827441808595858,1.4938389781390529
44_6,3.3890272186304,3.585010841319446,3.214730610681545,3.348121329919019,1.6231885858943889
44_7,3.6539490957493648,3.6301491364308602,2.8764784479704817,3.0598738010394335,2.9434280882330346
44_8,3.0,1.3114191867607679,3.0,1.9241695484069632,3.0
44_9,3.3567479912839406,3.411064672709535,3.5728429644942956,2.585275829641359,2.554560372623248
44_10,3.1609089682511278,3.53211174653843,3.0,2.880441166483177,1.2204122769010906
44_11,3.583880929476583,3.946344886576293,3.9395867096802717,3.583969955603704,3.5999065256507983
44_12,3.1376627599597797,3.611749421485571,3.0,2.8760304519405895,3.2219845487145404
44_13,2.8550392031331318,2.932934262981539,1.0719217886649892,2.2579865604198712,2.3223959551202813
44_14,2.9748969501738296,3.5336422539951315,1.1442803714687126,3.2110526631700025,2.849813689116156
44_15,3.094445187199309,3.0036652890459337,3.0,2.666219881398157,2.8646510280655604
45_0,1.3048991767025016,3.4003321678988083,3.0,1.0766174522060166,2.264533118576621
45_1,1.1640558213026275,2.2624072933490145,3.0,3.055812955370212,1.1176378313002575
45_2,2.6497226598013044,3.5347863284010037,3.0,2.686118952547175,1.3733053260514727
45_3,1.668058379525856,2.6064533088291837,3.0,1.0741480131058454,1.0612061735118465
45_4,3.0,3.186020583596386,1.1037439968483385,1.0951023994505902,2.0577855644059917
45_5,1.8948057446860647,3.5999342501965876,3.0,3.0499029695533446,1.5236501977581345
45_6,1.0393788780247701,3.254805830104078,3.0,1.0335712626981624,2.9731671745698725
45_7,1.2242012252664443,2.7138313391934297,3.0,3.0,3.203622941265934
45_8,1.65807022530033,1.5778851152273148,3.0,1.0396537400893329,2.299208430986936
45_9,3.0,3.1211216828125736,3.0,2.3794224055310407,2.205330541317278
45_10,2.9095460322383366,3.466159213248283,2.8511489527306764,3.392817011052106,2.853959376624098
45_11,3.0,4.23177423415383,3.0,2.9696758439327415,3.025182551308891
45_12,1.1009978718752536,3.7638329479083446,2.651289590497663,1.7996892341192394,2.025706470619423
45_13,1.1245702180204218,3.3310171221425056,3.0,2.9935108774716115,2.3829849573869213
45_14,1.0715753353385502,3.134475349658474,3.0,2.8771148074136805,1.5789017129671856
45_15,1.0990481825791187,2.99082811974688,2.5089772335772906,2.83618054699376,2.7042376566298945
46_0,3.0,3.865366372967259,1.08865404448123,3.2334315048955466,2.8640839038286328
46_1,3.5013115253944846,4.214161039240458,3.196150511646394,3.9519266214990987,3.233421142241054
46_2,1.1694942462553077,3.860685344900454,3.6203454990527812,3.5062527326965993,2.146107934962937
46_3,1.0840297125301592,3.5514315456038736,3.0,3.0,3.139129238481931
46_4,3.7612323141625623,3.62801160336104,3.0,3.7283502044605217,2.680388674586225
46_5,3.341917994180215,3.3524038133992233,3.9845419613513062,3.05408048524498,3.2315067470490892
46_6,2.6743288251301576,3.8670549436861767,3.4605809893002375,3.514768796253965,3.2414528681369545
46_7,3.872693276398161,3.4718169065029327,3.0,3.0,3.0
46_8,2.4843275587276383,3.4769506091655535,1.8849116154568277,3.0,3.0
46_9,3.3822635085050945,2.9056645677754065,3.0,3.0,3.0
46_10,3.426493130461993,3.9687091038776163,3.4647367170026993,3.3400435636076575,3.313530611899829
46_11,2.935627551838841,3.939244859430255,2.6149416841958257,3.2727790646959063,3.08555392654941
46_12,3.676306144829896,3.9552787818273405,3.0,3.7948666063745167,3.475165501008655
46_13,3.5413733340987683,3.344101516886763,3.0,3.2186316049130212,2.934139101344225
46_14,3.053315904336562,3.227176633970874,1.0606981041960721,3.382312386971008,3.084862498651618
46_15,3.293884780771126,3.766303178798924,1.0831043785618408,1.3936093982505617,2.1765246070061095
47_0,2.162699476241769,3.1144960143551343,1.272933803432437,1.0578327620450492,1.9128985296902306
47_1,3.6114259758981344,3.7549880078651263,1.3187108402570709,2.25617371105034,3.4813534374783237
47_2,3.730668407081548,3.84087845866801,3.9094153271525403,3.3270580468745217,3.437767452934968
47_3,3.0617267379403885,3.6084961506571784,3.170442892498877,3.3038758162647213,3.55197939413445
47_4,3.451809634821437,3.685649780230238,3.0,3.1043601407724766,3.437767452934968
47_5,3.573515726826047,3.7160678771581828,3.8502408567820825,3.1753039218766013,3.400181484802679
47_6,3.482426231021131,3.5770358963498454,3.586733156918711,3.142973010651812,3.467321883970928
47_7,3.196975510844668,3.5418984688843147,3.4059011239293895,3.1603896028802825,3.2367559048773877
47_8,2.252126681413358,1.401826496628365,1.0693584314513045,1.143946153512676,1.2984670866207624
47_9,3.048904901231976,3.528812746418914,1.1276720183597488,3.40210421813713,2.4575706699188933
47_10,3.3765044553248984,3.607911234651441,2.969217264049411,3.2649160306370066,3.4617144790644616
47_11,3.730668407081548,3.8404576086887596,3.430159960102838,3.445420947071004,3.437767452934968
47_12,3.1036407089169042,4.006157132560272,3.0,3.464827781502666,3.1919120732889685
47_13,3.496554829366429,3.610132805225106,3.5876273938104806,2.429850929203681,3.468784617741284
47_14,2.708852833809857,3.7252972717121535,3.497543169403115,3.250496176731793,2.6127046688126385
47_15,2.8605386815865192,3.38686795244331,3.095084048315297,3.2369028221727056,3.1237592405743007
48_0,2.632041152135612,3.2787169563891134,3.0,1.2824301113936487,1.1318686509934315
48_1,2.7610356303973504,3.52261822447231,3.0,2.9510238280176915,2.188687271899694
48_2,2.8403513707652444,2.907866749256532,3.0,3.401026761240744,2.062757192741829
48_3,3.2486475296374686,3.490815637671964,3.936740294054199,1.1107949155902845,1.4856873858391302
48_4,3.0709654998029654,3.316803966103751,1.0670479170813538,2.932168210126488,3.0
48_5,2.5694968371067053,3.3475577984685487,3.0,2.2969304620927904,1.0390081129912276
48_6,3.4299429664975674,3.8605404573625917,3.5555190053898076,3.5219758445574874,2.8205489151709386
48_7,3.0242585697487305,3.8848258588592106,3.0,2.929265160819129,1.2064579849908876
48_8,1.09816951448852,3.195446165098497,1.0916777330075966,2.3647739593910324,2.371979018308528
48_9,2.012523850433016,3.675329060633988,3.0,3.03342169281957,2.7628893516472766
48_10,3.4472089798450236,3.8027203931766707,3.371915161473936,3.5697993881957903,2.425392107522218
48_11,3.442952670270432,3.965784629560737,3.5849158722642436,3.6225363088274274,3.449426171416567
48_12,3.505615389283082,3.746672815194805,3.0,3.3901733636196174,1.2109871304392745
48_13,3.6256303571632107,3.8450543595874707,1.2310344634853365,2.689049568555941,3.174778470647731
48_14,2.001610972584285,3.2362546534026033,3.0,2.5471175903844108,1.7591305153278414
48_15,2.6463067528476762,3.4903068371010715,3.0,1.1081521157854448,2.3841709201753045
49_0,3.0,2.8856742477777066,3.0,3.0,1.1556932031387739
49_1,3.520304414347474,3.5673382521895087,3.0,3.0,1.320586178126342
49_2,3.4838392342621067,3.789623847007932,3.0,3.0,3.129178343760634
49_3,2.634575121994549,2.940723157261205,3.0,3.5855666633256766,3.0
49_4,1.246367657764957,1.4963100381246237,3.0,3.1334806036852827,1.8689139123128806
49_5,3.2945182837602727,3.6434502172949337,3.0,3.0,2.1781288762501423
49_6,3.602365334453552,3.9695552503560183,3.0,1.0995076606676544,3.0269479577416085
49_7,2.7507005514920877,3.235072415434884,3.0,3.0,2.130922515587273
49_8,3.0,1.007358984680757,3.0,1.0814019500593353,1.1546789786540956
49_9,3.2560285947537837,3.404482880668372,2.7964864611253732,3.3672420031779144,3.4157786917555892
49_10,3.0,2.8138408413233336,3.0,3.496172195436083,3.0
49_11,3.6126459158371667,3.878869367220406,3.0,3.0,2.556373821020507
49_12,2.5387988537439083,2.833223921402759,3.0,3.600491417359639,3.1390022819725076
49_13,2.9999999999999996,3.788544696661248,3.0,1.1676615815892797,3.249881084022922
49_14,2.8116767535220384,3.275963530902524,3.0,3.0,1.1500405016140107
49_15,3.06683900998497,3.487450426079422,3.0,1.1112275911247615,1.178207018400009
50_0,1.1541329805408664,2.3578295069080912,3.0,1.1034837202300543,3.0
50_1,2.677187614987958,2.944361876162332,3.0610466150007674,2.640739219408567,2.729012594623114
50_2,3.221188644161339,3.4545269990201777,3.0,3.06430981260055,3.4294573656925893
50_3,2.9041930744413893,3.753826700605279,3.4914771073491697,2.9811254250780688,3.0354097751897764
50_4,2.8820728921412635,2.3779726583800738,3.0,3.4356116505955536,2.7860984957295285
50_5,1.4714107428093892,3.195259843767542,3.0,3.0,3.0
50_6,1.2293221064353428,3.292758094057114,2.8048167076601405,3.417154135362451,3.3469881550524874
50_7,2.807915602479623,3.87412116580965,3.0,2.7651822520255207,1.51803177378765
50_8,1.9090450485478088,2.285097386751211,3.0,1.3176159796088442,2.488841602564643
50_9,3.1488091055777554,2.9476820174860725,3.0,3.0,2.54908579735179
50_10,3.424279693162935,3.700504259737965,3.0,1.6063249518312068,1.0906299645036932
50_11,3.532996041738329,3.7500353213326094,3.9224827651257894,3.647065358503351,3.5600941316558443
50_12,3.1403437493658792,3.517059920303536,3.0,1.8435085583691928,2.6253955630507955
50_13,2.5557881832821554,3.64573768461094,3.650476923165688,3.0,2.579533621310647
50_14,3.0,2.8517646602940787,3.0,2.324550211146712,2.7837014609365442
50_15,3.4644351232516217,3.49355335960927,3.0,2.72433628136183,2.1325672589286513
51_0,3.1625843551843515,3.1643748187432292,3.0314410981314692,2.6994954566796325,2.838817078626258
51_1,3.4603462285619235,3.5082033524374205,3.0344120263038725,3.4633647724482226,2.9531911221086844
51_2,3.232934077056529,3.6324609172013003,3.373690985086358,3.4942468636374397,3.2435618345225383
51_3,3.0537222032271316,3.351884918034046,3.287156820335185,3.3436484465104015,1.3768524898826473
51_4,3.3021392944387897,3.5789182125768115,3.296577875810485,3.5311323877662764,2.7600760205633628
51_5,3.1995682298698447,3.5433535108899243,3.10595983392635,3.30612703267182,2.8248152204995653
51_6,2.8629911893036537,3.455057348817305,3.0,2.7283155000556616,1.074570233086267
51_7,3.4246651447646768,3.967377200444468,3.6385115445811613,3.861241789170185,3.537564457691875
51_8,1.0445672591658883,1.4390711088198236,1.0628715806755293,1.056367174138104,1.113709423242919
51_9,3.1713640462782067,3.8299230090815355,3.64539790764745,3.839407457150795,3.444145086531077
51_10,2.9532528048793325,3.5405685309587884,2.669823067106953,2.7569348083567276,3.125130802950088
51_11,2.8831669750462843,3.3827709394749466,3.2788236637142183,3.4420313140498964,2.3516744102509484
51_12,3.1470489165909123,3.414788500495958,3.0,3.47817362033053,2.938736261395871
51_13,3.3742455137990794,3.5081640428314436,1.0926912071403525,2.69754301804996,3.1879517733977925
51_14,2.9207320550892972,2.5879491996053074,3.307642340301483,2.223647207317816,2.61265334258001
51_15,3.266349723822916,3.3871525981761903,3.3407649395418586,2.7531846938522926,2.932250375606096
52_0,1.4181541356368592,2.4618180511263636,2.2296808305212297,2.5150526900235297,1.3906821821103386
52_1,1.1515897394936967,3.4364142062780267,2.3229269843186855,2.6704111089878215,2.783733665193318
52_2,2.4004050504362073,2.902720022870939,2.9443752058864856,2.4157335327826734,1.7270463190598937
52_3,3.3870788495912127,3.4690774684140058,2.4999542498413403,3.0731644719896156,2.999779515050188
52_4,2.984749456224582,3.143532369386114,2.509225353927008,2.5415564776437547,2.7764574639392774
52_5,3.3870788495912127,3.52001504843217,3.2354870528857935,3.0193907694242244,2.9603255923392298
52_6,2.415152553686042,3.4029308907932156,3.394910059126008,3.0624318935892325,2.662289652448194
52_7,3.0520073045248903,3.602160094386786,3.146136912902402,3.056474028326137,2.269768024049229
52_8,2.9937551234443567,2.4070781375077517,3.182596424257624,1.83340356025721,2.5406136974743334
52_9,3.4924347783907215,3.573993351448812,3.5250856335354377,3.0,3.196461242509588
52_10,3.1455112289083487,3.041020146790486,1.0855383751750856,2.7707465825322726,2.2621467198740253
52_11,3.126340870951063,3.9714622312141943,1.1297989306839737,3.4488709860168716,3.25938778889061
52_12,3.0282037614527644,3.7053310680514593,3.5335226938553808,3.230289449608798,3.321794920955679
52_13,2.5689877943864943,2.805437837309637,2.737125126694201,2.5376381340984793,2.4026077215149946
52_14,3.032788885245487,3.497237995084378,1.0763456191142526,1.1588195189223336,2.8809712441753788
52_15,1.4636081907708804,1.5390252198160845,2.286239604537981,1.6005559442597406,1.2462882509688455
53_0,3.0,2.5472083513695947,3.0,3.0,3.0
53_1,3.0,3.499807979970886,1.2543416415595312,3.0535094575510606,3.0
53_2,1.0326215916271841,3.8776610927718935,3.0,3.495274034980551,3.0
53_3,1.9204881978318613,2.8757623805855452,1.251646436805869,2.150383700586658,3.0
53_4,1.07811852179236,2.8805350077456047,3.0,3.0,3.0
53_5,3.0,2.6256250145164457,3.0,2.692039134732276,3.0
53_6,3.0,3.636798096237137,3.0828873086694277,3.3850073371544656,1.2475636292739485
53_7,3.0,3.504488391831689,3.6246418128087883,1.4890054268774662,3.0
53_8,1.2251519964025577,3.2497397482316415,3.0,3.0,1.795397383709211
53_9,2.9111547584216027,3.921415164134982,3.909180336206184,3.4773593564283725,3.751658204229585
53_10,3.0,3.3228613638873474,3.0,3.0,3.0
53_11,3.1530078090196554,3.815286650859611,3.0,3.5361376406803395,3.4872632641862036
53_12,3.0,3.3421657470683885,2.031714502210189,3.0,1.1387742411918422
53_13,1.0607174202693757,3.2251589021810405,3.0,2.339752165551004,3.0
53_14,1.0710492672969811,2.582196956301845,3.0,3.0,3.0
53_15,2.7408714106000813,3.18577832473802,3.0,1.0906662718535403,3.0
54_0,1.0749803298804899,2.4658576168819044,3.0,1.2035096625395487,1.2067706245296799
54_1,3.5036483069069666,3.287947119307603,3.0,3.4988807977385203,3.070234413017341
54_2,3.0,3.7287718453353946,3.0,3.2473892864324543,3.0
54_3,1.016715812511065,3.1720328535792,3.0,3.0,2.242408480076624
54_4,3.0,3.3844459789075185,3.220133051456468,3.107284586409295,1.894134083157087
54_5,3.063234765106326,3.7108015094420246,3.0,3.1917339147069104,2.9802741059283346
54_6,3.3223160460218835,3.775070683772834,3.0,3.544014179946779,3.0188422047084997
54_7,2.71337366043697,3.754030523242808,3.0,3.644740855798755,2.8773034574097682
54_8,1.0584101445247054,2.179844007539141,3.0,1.077422237047593,1.4339354496310286
54_9,2.2972407063444367,3.3690619174460816,3.0,3.8457264079745093,1.101629234437539
54_10,2.4995204949609935,3.4326378981215577,1.0308929939256966,2.9841259800310733,2.33062890090204
54_11,2.805929618960119,3.6541159519009287,3.0,3.4358235705839717,3.231633448848448
54_12,1.9640967727436984,3.8147295184311854,3.0,3.754734925205348,1.1955956290156755
54_13,2.2145563500975576,1.4091299785627405,3.0,2.4756342902264326,1.6104007421855948
54_14,2.8215165688950568,3.501694269968927,3.0,3.5230709745367355,2.44842147147402
54_15,1.2150453532108632,2.6015506672218143,1.0815646499437774,1.832342094558239,2.3038612863637584
55_0,1.0949838149754632,3.094451186106147,1.0465836242049542,1.4837458295798234,1.1018670148738445
55_1,3.5601510593725427,3.679599624534593,1.100144169241669,3.417579148521223,2.7631365735972833
55_2,2.676899107234706,2.771763743355026,3.0,2.140780453704345,1.8504212934401711
55_3,3.129155651708396,3.4761697202485764,2.3258139678423473,3.251607884875029,1.5354164720020735
55_4,3.464968296198286,2.036521752199239,3.0,2.565302363780593,2.3182968939885003
55_5,1.1402198612527856,3.8919197508104073,1.089894451217198,2.5683980362859353,1.8674897070215923
55_6,3.124754566438684,3.62443127917342,3.0,2.795761548115523,2.7631237402864084
55_7,1.1225382238930202,3.597777991558113,2.8409009610322995,3.2670994189296843,3.3271144655735307
55_8,2.6568170338365857,2.8433600322384605,3.0,1.1929631302857202,3.0
55_9,3.118523444005589,3.7997358820699203,3.0,3.265059953167711,2.523809663906542
55_10,3.2895640175603975,3.6973213384403225,2.7977131819123495,2.6332258758203952,2.2171252150284246
55_11,3.1731549000231745,3.965426831905332,3.0,3.2647050265580164,3.4724641043481825
55_12,3.0320195405100785,3.8725727517830366,3.3912723846648176,3.46795811419865,2.5954410686893965
55_13,1.121848640319434,2.288185363076059,3.0,1.5165418692033081,1.1772874588646862
55_14,2.048845545372308,3.3164504044113197,1.083630208691805,2.429069949723132,1.302336975785231
55_15,3.121964209006874,3.3787562603755306,1.0807505538557303,2.828930918371168,2.5235870124770488
56_0,3.0,2.696938048568377,3.0,1.8345708063096484,3.0
56_1,3.0,2.7643632565688185,3.0,3.737674642655158,2.62856984958076
56_2,3.3244560551378033,3.5913238693763776,3.0,3.491847340738706,1.1418927458685129
56_3,3.2157760391860326,2.036238508827646,3.0,3.0,3.0
56_4,3.2274191979724525,3.9287574651101185,3.0,3.348148162164949,3.3596193107323553
56_5,1.1247098066847616,3.751423214103382,3.0,3.0,3.0
56_6,3.7124610572702865,3.5485114516219003,3.0,1.10882072879611,2.247333912836108
56_7,3.0,1.011977331970465,3.0,3.0,3.0
56_8,1.0414737525777504,1.8041553573449922,3.0,1.0489920251769451,3.0
56_9,3.0,3.082178856127191,3.0,2.4419576468993567,1.5090203431337539
56_10,3.227294218255114,3.729137140093222,3.0,1.161810316825439,3.0
56_11,3.630707148266761,3.729137140093222,3.5021905792865233,3.738724334721643,3.0
56_12,3.0,3.4433168137306165,3.0,2.583835923758052,3.0
56_13,3.0000000000000004,3.7248836714231204,3.0,3.3472357229631915,1.1097330113156154
56_14,3.0,3.2058174242977753,3.0,3.0,3.0
56_15,3.434318077014363,1.0099326334081964,3.0,3.5679947202071265,2.1163312981106936
57_0,1.0728185593127506,2.6478288298033648,1.1396859722615897,3.0,3.0
57_1,2.404295609413925,2.598070804724297,3.0,3.703322463425585,2.2733732778899824
57_2,1.0755913467352327,3.134483424555104,3.0,2.258454223078967,1.4376701294904022
57_3,1.8398787236775458,3.1877856599063974,3.0,2.8848739921021647,1.3699382642547207
57_4,3.0,3.084723836177281,3.0,2.1548995846413654,2.154417860315696
57_5,1.1887288326968368,3.4916586571187542,1.1006232352221632,2.4506195620371725,2.246427454144865
57_6,3.0184820389483393,3.393181341268488,2.867525800236935,3.0667224461257354,2.676211729417301
57_7,3.0,3.5351101967459897,2.5514218318911643,2.850962095150361,2.967674940080945
57_8,3.0,1.11438967955382,3.0,1.037242435796043,1.1063622534938538
57_9,1.2337093809055222,1.9902304386411398,3.0,2.6935253462860027,2.3164752510796216
57_10,3.370050001636842,3.4813280790733288,3.0,2.8853154676967567,2.633232313259933
57_11,3.4105978422797745,3.625323584321637,1.062192265376618,3.118295045614383,2.816787775180783
57_12,1.0985643203448108,2.7924091632622794,3.0,1.9625822985691308,1.2867447813523536
57_13,1.10392964884915,2.1254046754185323,1.0949621614608789,1.2486656636636713,1.35299564581591
57_14,3.0,3.07538019762245,3.0,3.0,1.7478480099576006
57_15,1.1223949224828933,2.763876701977756,2.3519037998867556,2.600452039936073,1.2436437480481066
58_0,1.6316025914659764,1.4837845882437117,1.0745768530250446,2.0172212827669815,1.711894980624877
58_1,2.9236856323839717,3.611980560145572,3.004535406290591,3.284723137662684,3.1326009101996246
58_2,3.3938640887890696,3.6701793877446383,3.252877703151257,3.412864883434397,3.264746648596436
58_3,1.9804803105944844,2.8929662850089235,2.5710628830641533,2.732236348887993,2.219761761624401
58_4,3.366033606115744,3.3106355839962753,3.1899072925166703,3.019609025177146,2.4573744551806045
58_5,3.3442935638400924,3.8063441067949277,3.3489590029533685,3.6943244931389247,3.2700565502893086
58_6,3.6010279107624545,3.6663922737428094,3.655410305831016,3.39867937614619,3.5366485133020364
58_7,3.0169944095625425,3.5498886029804133,2.987614550809259,3.1343268809293017,2.9321806014752156
58_8,1.2788068295883332,1.0150496403214864,1.2939116786386322,1.0692190192800246,1.0441699040825538
58_9,1.1518116048482059,3.248685930091887,3.0,3.01557230853248,1.199565883801433
58_10,2.6537690289064404,3.592408525511457,3.027057510226577,2.806771063194869,2.9372548926694577
58_11,3.4654777493281084,3.694793898391961,3.522968162646576,3.424545978615581,3.432068563455175
58_12,3.5381811748844734,3.828991158485157,3.305346968354255,3.342518425407232,3.2905824320709733
58_13,2.57165926856127,3.180742602486896,3.0,1.78742549558717,2.1787677093665376
58_14,2.220873661204476,3.2486859525448324,3.1897187252414416,2.937222294156846,2.860521632521549
58_15,2.523090228989354,3.0794270107670547,3.0,2.4497914613670075,2.671443742694688
59_0,3.0,1.6907023311010607,3.0,3.0,3.0
59_1,2.851086572923864,1.010300548806405,3.0,3.0,3.0
59_2,1.902117889591047,3.592591446218671,3.0,3.0,1.056658124808242
59_3,3.0,3.608319427626857,3.0,1.0691796650590086,1.0748379509270158
59_4,2.8612615993295543,3.7450542902984094,3.0,3.293182768956802,1.4125682538221505
59_5,2.8210560475650555,3.675981487471295,3.0,3.0,1.0961664228510952
59_6,3.4803204083892583,3.629513703995136,3.0,1.9507966375095651,1.109998293821363
59_7,3.0,3.022641394580409,3.0,2.2814992564155854,3.0
59_8,3.0,1.013255148484301,3.0,3.0,3.0
59_9,3.0,3.5341878855361006,3.0,3.0,1.1797610803998335
59_10,3.0,3.238943868400649,1.1495732279437039,3.0,1.276906983958855
59_11,3.5185113629520526,3.3957496356850454,3.0,2.8310307049748173,1.086817699170458
59_12,1.975800939502627,3.5098177785904703,3.0,3.0,3.0
59_13,1.0889002064176116,3.2521631399558286,3.0,3.0,1.062493208404716
59_14,2.6038566708370396,3.380307880899879,3.0,3.0,3.0
59_15,3.0,1.0244835682454123,3.0,1.0276998261474228,3.0
60_0,1.98175941997174,3.041919205104116,1.308891817490072,1.4651694682397027,2.006527690363695
60_1,3.3222153699087125,3.6755512759535907,3.53692480029748,3.3640818833090487,1.9810586465576963
60_2,3.8282579769904403,3.9013359834184342,3.5459391279666352,3.5984598019596916,3.7977529515360064
60_3,2.926480677135329,3.909645669460044,3.501636767212853,3.3493688228934038,3.1936678174102657
60_4,1.852058215868843,2.957405777462164,2.7895268830574222,3.02769553043916,3.1854713241717976
60_5,3.6581558044270115,3.4253476672751217,3.1132531079573837,3.5859520307908253,3.195924347471274
60_6,3.715012241418383,4.085895702486712,3.4255261076087264,3.600216445182432,3.503070000233067
60_7,3.5318690522867415,3.678051437320179,3.5006018642309096,3.5069521160619543,3.0919910090074447
60_8,1.509826451205861,1.9898209889905538,3.0,1.9134023378603005,1.1290513423237902
60_9,2.984837145349148,3.5120164327122363,3.02759418761482,3.324202895545869,3.1570551031155416
60_10,3.603247572124426,3.7701531768853673,3.614434854624937,3.50782873346039,3.400618275595523
60_11,3.6965460330496605,3.600620184358791,3.7996511959119754,3.649293115013959,3.400618275595523
60_12,3.189979320839383,3.6726442691786967,3.4896478722684234,3.3375913333664435,2.993005507720232
60_13,3.592735750873702,3.8488865704247726,2.510809959055019,3.550001010632699,3.444007693997721
60_14,2.4323136312380043,3.023660790983987,1.1700616444152296,2.504481657478029,1.8445734146784956
60_15,3.484002022887247,3.467525909854465,2.4151036447211505,3.1370614694559755,2.5853678688509523
61_0,1.0451909636565728,1.5757051187349418,3.0,1.2542694041142224,1.0882848356320765
61_1,1.074518559269794,3.004457767583189,1.0243736398413394,2.8351763375318204,2.722099984199597
61_2,2.1881289812310087,2.4126817229419735,3.0,1.8334807152574553,1.3999953738380362
61_3,2.6610188328465236,2.792931556400342,3.0,2.3584506754283177,1.9238242206767882
61_4,3.0,3.004457767583189,1.0472030801787091,2.895159476775664,2.5868738596558676
61_5,1.9263379040529367,2.5210972509013474,1.0609133534513302,1.9237879232618809,1.9843656846980597
61_6,2.553176544380946,2.954740706028822,1.077417158046434,2.0922281224807397,1.7675477186208823
61_7,1.2661666879316877,3.2451447101533506,3.0,2.6293728716063156,1.6308782789142173
61_8,1.1088981935583302,1.9904580913526206,3.0,2.2672812783770557,2.1067023237164966
61_9,2.5134803920540048,2.986672128210248,3.0,1.1723594770260977,2.4907874899287155
61_10,2.8507214297656973,3.003801237585374,2.3614699528544465,2.1669619390233987,2.5089485979442743
61_11,1.018438970460043,1.123104226233532,3.0,3.0,1.157658491695022
61_12,2.5625919359730673,3.1108132292697785,1.1062022196591914,3.002567902543079,2.520671636729464
61_13,3.0,2.4487726978437783,3.0,2.329758151336463,1.5786173578482727
61_14,1.0688856851113218,2.9708738571776934,1.1150083131343214,1.4001956408897445,1.3759426386967653
61_15,1.155202354940714,2.7874751274466267,1.2330432731903906,2.6719799331324796,2.6465136595207737
62_0,3.0,1.0290423170936107,3.0,3.0,3.0
62_1,1.0684554952167271,1.0061238199339906,3.0,3.0,1.159767623402146
62_2,3.0,1.0325949119775542,3.0,1.2591811254136271,3.0
62_3,2.5853437057287656,3.3314318346090355,3.0,3.0,3.0
62_4,2.5446246842809153,1.9031043146802322,3.0,2.709399350869412,1.2115683064149516
62_5,3.0,1.0235647348436454,3.0,4.926398940867375,3.0
62_6,3.0,1.0073009847799796,2.655689893765339,2.437755729339556,2.591635800956428
62_7,3.0417501763359835,2.5491599182335527,3.0,3.3093200278039596,3.0
62_8,3.0,3.0,3.0,3.0,3.0
62_9,1.0319034105270148,1.0084947237170068,3.0,2.1936483741754516,1.0822266841687964
62_10,3.678389516461566,1.026548144612111,3.0,1.1202680074985116,3.071441275525496
62_11,3.345618777718475,2.8542045082337553,3.0,3.7559094081239257,3.5790706201235327
62_12,1.0816836413551905,1.7308708036789637,3.0,1.761764191569541,1.1736970137959188
62_13,2.670976322908572,3.53344639046757,3.0,3.153266928639642,2.925078882462938
62_14,3.0,1.965284779039473,3.0,3.0,3.0
62_15,1.0328398633037372,3.4632974409046393,3.0,2.3467248028327905,2.3879711070311616
63_0,1.1337663585697093,2.7246535102365717,3.0,1.3195571618292885,1.9143985735190585
63_1,3.136322430006108,3.9584754317150503,3.0,3.229645863647529,3.473795239839302
63_2,3.188618881417012,3.9916694168571873,3.0,2.183125936790957,1.8431988982839749
63_3,2.5144441772841035,3.6043641572922724,3.0,1.1433144786295393,3.0
63_4,1.1563694415983692,3.745808897306339,3.0,3.588701348709667,2.8033189771037503
63_5,2.7037573769878245,3.62415207839872,3.0,3.324929072516895,3.0
63_6,3.411359436476394,3.629133595109215,3.0,3.3189920638567507,3.456521106331759
63_7,2.0208255272653215,2.889646657457249,3.0,1.2123390037287312,2.1565489124052846
63_8,3.0,3.2932435920189382,3.0,3.0,1.1849026745299778
63_9,3.0,2.4596974856488734,3.0,3.0,3.0
63_10,2.805697991181191,3.4354113634469403,3.0,3.0,2.028477263101182
63_11,3.8486322465715475,4.071439701390278,3.0,2.7850735630056143,2.7239820358044597
63_12,3.0,2.934298493466321,3.0,1.2406374385053338,3.0
63_13,2.970622728158988,3.5374240163652257,3.0,1.1834515357254662,3.0
63_14,1.1044003222392873,3.0,3.0,1.0674972489771477,1.203177843448997
63_15,3.0,2.5153754985771637,3.0,2.9415612719797917,3.0
64_0,2.018285205924252,2.2501581010581333,2.4547214201240415,1.1858253538393935,2.4722559842647143
64_1,2.4804991450064455,3.5529601305651015,3.0,3.244815392935074,3.2943910616208734
64_2,3.3709655094552224,3.7498319484487634,3.2611050812419817,2.363906893277205,3.3565562760393743
64_3,3.1073221801747195,3.589879921783208,3.0,2.914491656351429,3.099787316618784
64_4,3.3577954520299285,3.6984191332721945,3.0,3.5093333518222574,2.8819504916644134
64_5,3.131791658728191,3.5370610711081962,2.904109994825977,3.138891022349254,3.064524610685539
64_6,3.381291295002042,3.8016648688883654,2.634972600800229,3.4899020484064245,3.297713265217597
64_7,2.3597142273602048,3.6292036795783758,3.36555194185648,3.6652284412295155,2.691418636806291
64_8,2.5198488361560103,2.511209315903589,3.0,3.0,3.0
64_9,3.0646191695313405,3.6960961803804793,3.0,3.0,1.120873849052269
64_10,3.432227651182361,3.7387306818628665,3.57276760702059,3.772225647425644,3.665559104562286
64_11,3.1285052568575273,3.487084198546875,3.5090846285002115,3.085256471049132,3.0594797837973693
64_12,3.4338918967222427,3.5347728185503935,3.570402173247199,3.464475779951154,1.3354609638810964
64_13,3.2657887442092832,3.6020768187840204,2.62022731354973,3.211007354489827,1.4985389529603406
64_14,3.0233210406958233,3.833621191766436,3.0,3.5551530371836764,2.9437327333848144
64_15,2.672923076454123,3.2880763223588136,2.5576460153852154,2.048557133999103,2.6336795052463193
65_0,2.337736225206591,2.294679385058972,2.5284732892253583,1.6755750608104878,1.0599535181327417
65_1,3.2959439037863825,1.0076734338443334,3.0,2.1558371986827813,1.559532710599274
65_2,3.0,3.726931561960586,2.9121582091917317,3.4358371342382577,3.05611022123254
65_3,2.2122190735695213,3.4731767664065014,1.0749210764005999,3.125461033553133,3.3343760587542857
65_4,2.4118638301577944,2.114135310481797,3.0,2.4953593956443054,1.1079406793056428
65_5,3.0,3.8363525535289114,1.0254796843003233,3.0393937190347726,2.688623449767481
65_6,3.5119837691539946,3.7175495339268387,3.5564123340383422,3.898810904607749,3.5638131506148016
65_7,3.3526729843902467,3.91619867264097,3.3255348250642385,3.406931687661222,3.22704433593502
65_8,1.617139642135624,1.0033549257380263,3.0,3.0,1.106255141903825
65_9,1.3978632638470947,3.315320487997326,2.0412359680446537,1.9122682922232173,1.2083541825182846
65_10,3.0,3.7818056306454713,2.9805041877044145,3.5931418932199426,2.91920155174796
65_11,3.4261004624238214,3.801741136247275,3.556801495223482,3.9490595964187083,3.3970866901512045
65_12,3.209842423566528,3.813922735691979,1.4116348638137455,3.3819931586122784,3.281479728121625
65_13,1.8060417047376303,3.4026619980368444,3.0,1.8211526159163443,1.4996561916050295
65_14,3.0,3.251539293284168,3.0,2.1858189333414884,2.644309975283702
65_15,2.779503916997221,2.746572642861395,1.7037415855422353,2.6194302510566527,1.664684204883678
66_0,3.0,1.1694995612686858,1.08215357901893,3.0,3.0
66_1,3.0,2.43130847168768,3.0,2.8726892122707643,3.0
66_2,1.5574275145230723,2.533975120231361,3.0,3.0,3.0
66_3,3.9321411313461123,1.0057526515914956,3.0,3.0,3.0
66_4,2.4923098185947787,3.338096660902445,3.0,3.1697276033943136,3.0
66_5,3.0,3.4925875559862245,3.0,3.693011651239053,1.0948895882633223
66_6,3.0,3.7250025863212466,3.0,3.0,2.4735331697376
66_7,2.8560666573649476,4.048469400137435,3.0,3.629193848016188,3.0
66_8,2.7856391424444036,2.5570032110862857,3.0,3.0,1.1198909729966213
66_9,3.0,2.750861725165689,3.0,3.5806087013800982,3.0
66_10,2.5074361526190283,3.074169581717936,3.0,3.0,1.1846496405077398
66_11,2.6310557332970843,3.5429281668408565,3.0,3.0,1.052177738149556
66_12,1.0702368675108522,2.857094825124393,3.0,2.285145897018745,3.0
66_13,3.0,2.6891493284155334,3.0,3.224708226962622,3.0
66_14,3.0,1.0067473061469712,1.0527578467026946,3.0,3.0
66_15,3.0,2.910292833028509,3.0,3.0,3.0
67_0,1.9068785879841381,2.457912806960065,3.0,1.6637707655188783,1.068900283209954
67_1,3.0597778864845564,3.130355312770404,1.0683741801667788,2.545515183564287,1.9894722418205162
67_2,3.5523613684171376,3.701679311810673,1.3043173778514083,3.3044075148006185,3.3111181188341394
67_3,2.878851529081169,3.0920696358229103,3.0,2.6585754403264543,1.1151871642723308
67_4,2.8580279558147734,3.439941595307893,1.049670893605532,3.204960080467233,2.447178798789965
67_5,2.9999999999999996,3.5068774278896195,2.419775455655218,3.2227787108872064,2.2340449757534513
67_6,3.538912636006253,4.025171801340023,3.455800947565271,3.5212508992309832,3.5156261347124524
67_7,2.650416758899109,3.0754492018756885,2.7386539978885636,1.1879442261306243,2.5121632405755068
67_8,1.0456179730414694,3.432866662093527,3.0,2.3783368435772845,1.3261235029794671
67_9,1.2557303847620773,3.5655177581404542,2.970920221026638,2.555377761187118,2.895608541169143
67_10,2.858532657795607,3.661988487272003,3.0,3.3096660792433488,3.308696984349405
67_11,3.6221930019859694,3.9667812045657107,3.0,3.5199286177464115,3.589987821943195
67_12,2.6734259544664436,3.462996280708685,3.0,3.7870105245663317,2.057488342794744
67_13,2.0292256827703476,3.4079919770551306,3.0,1.107992713516079,1.3707001111964043
67_14,3.0,2.947872359977018,3.0,2.6324523189131837,3.0
67_15,1.0531450715011863,1.5879984516196275,1.0451657217306358,1.2477977301936016,1.0669348928613407
68_0,1.7731535156608045,2.819588832575501,1.189330153404198,2.4677089871467555,1.8313099008762252
68_1,3.0,3.5894800395772632,3.0,3.259279356407576,1.6912221221540475
68_2,3.46458369821613,3.5926123602555182,1.284356329382101,3.026835066163257,3.1994001139661856
68_3,3.0,3.3561790817146697,3.0,3.153669870213878,1.654925174413993
68_4,1.099425045446986,3.4969170514454673,3.0,2.684638487094118,1.6912221221540475
68_5,3.0,3.533326941709432,3.0,1.0988557360268956,1.131753940640346
68_6,3.495432232984918,4.045499444752627,3.149314026271022,3.5930077781961693,3.3105209523584413
68_7,3.1931162514692013,3.540217172689201,1.130917322679029,3.35697413895415,1.223844703051718
68_8,1.3012396335224292,2.393453543867515,1.177913373245118,2.293600477694049,1.4451089210905839
68_9,3.6524456335093567,3.935640074399544,3.568524231931792,3.589429406117717,3.4572786408890215
68_10,3.4595304817969708,3.825899443817291,1.1739735215845066,3.5533473621279787,3.225686829961665
68_11,3.20754537893602,3.6522020952755447,3.9345181476701696,3.4478852599833427,2.4486703644501264
68_12,3.208176878928403,3.8138941129893595,3.0,3.37108724266598,3.068288800766804
68_13,1.127271347077292,3.5374675402678224,1.14538586419556,3.0,1.4633872834871893
68_14,1.2320439056090071,2.922146817313383,1.9747386913459748,2.42176575712722,1.3479950648504049
68_15,2.936601923724902,3.465815275608308,3.0,3.0198754944670876,2.7488267550423036
69_0,1.0952731011784649,2.856747293934998,2.2367740219408425,2.331149676685729,3.0626251270136122
69_1,3.209483138613156,3.6511022495725967,2.0545087834818694,3.2288608242819485,2.9629665680985604
69_2,3.5026376827259544,3.7865977886446323,3.317348823468507,3.2693873142994962,3.457804859284182
69_3,2.692232773782221,3.0637612130787946,1.1385824258181325,2.8725151048280666,2.799018492408664
69_4,3.3826226529773176,3.702300506013927,2.9707983570815393,3.2427487894904568,3.2091029308053507
69_5,3.1911935452951443,3.503104483423357,1.9737269666850956,1.1382948962971149,3.2800193798658897
69_6,3.2316901457387766,3.5970559536527125,3.496981008466859,3.0376984768089264,3.3070283080012146
69_7,3.288423852945469,3.276290389682506,3.30875409874129,2.369743454933824,3.0151110278574813
69_8,1.0310945170577392,1.0621518602327185,1.1425157782103965,1.0304854574496813,3.0
69_9,3.3060147982128454,3.432305478229959,3.4588371162597853,3.225350065520777,3.2899460353379126
69_10,3.460757697840894,3.3916448300622593,3.496981008466859,3.147858866352581,3.3070283080012146
69_11,3.405088423649388,3.7214784767732834,3.496981008466859,3.1701476088545695,3.3070283080012146
69_12,1.802301166088148,3.491513809576556,2.2777445225104147,3.2402810426604485,3.021332333303336
69_13,2.983317744265336,3.2131942706047916,2.237002385782175,2.9013794947137415,3.1792740211749315
69_14,1.202871363199182,2.4127257740878427,1.0356906152091088,2.56799240166497,2.728846437456183
69_15,2.3783385563998327,1.395603490213415,1.051745551939,1.5248313560357338,2.1225450079992982
70_0,2.739842539457302,3.3838995264508576,3.0,2.1654894226749843,2.196356734464034
70_1,3.000000000000001,3.6712368317035806,3.0,3.5914451543978476,3.172816584329257
70_2,3.7389355630838166,3.5979750112209743,3.0348319809253157,3.1189454768447673,2.9453854782541815
70_3,1.103657827547455,3.6714690225262605,2.70336115957485,2.6083149607609344,2.882869447778395
70_4,3.345724428911455,3.608507886162424,3.0,2.386360805742587,2.3057236366225977
70_5,2.418910285775562,3.6271298902352314,3.0,2.521981950838962,3.09534848314443
70_6,3.3561791081724146,3.806589775638967,3.977581521182656,3.0214973381260704,3.440524078855151
70_7,3.504916614539815,3.760295227649377,1.7755724037873866,2.547795803980942,3.3152588030145576
70_8,1.0384624087011685,1.9600435776682068,3.0,1.048231189775197,1.071452751534814
70_9,3.0808330003973494,3.0,3.0,2.7150208655807484,1.7410114953866676
70_10,2.655429237384853,3.6983119522962618,3.0,3.00224801562759,3.718033248063854
70_11,3.1013505738697105,3.684186905622777,3.0,3.5819551513250545,3.4080061951013243
70_12,3.398321741858002,3.68640478743573,1.267346593993723,3.4413809848327883,3.2862730392878214
70_13,1.1472763608489225,3.563868235657777,1.1904719555958514,3.493997875770502,2.985277661693715
70_14,2.46727144075485,3.6009047330275394,2.700948104274544,3.092514797444552,2.492046816084322
70_15,2.396310561934468,3.31645040441132,3.0,2.477237534306886,2.9613447264221513
71_0,1.0929697258263302,1.0291990318184097,3.0,2.107075370299887,1.0597392100666552
71_1,1.0869813804634711,3.5883973874845623,3.1426543776854885,3.4959968304614675,3.3793343626347943
71_2,3.050051624403109,3.5242209608175785,3.038118234997266,3.573325753333319,3.0888922094179714
71_3,3.0,3.1119148689775735,1.0840138545765245,3.0,1.0719314289632662
71_4,3.0,3.4509270816664177,1.1699359072759412,3.0386744263479155,1.076685229728771
71_5,3.2241033056376827,3.5329560318018283,3.3454467644105974,1.906962004197049,3.191579570000229
71_6,3.6866347351826936,3.667948704221008,3.13890378963083,2.9497563193344445,3.2123935577021285
71_7,2.714639568818673,3.4366379209397544,3.0,2.811970512235244,1.5863642312809556
71_8,3.0,1.5242771943383153,1.2821003402074866,1.2826634327372195,1.0541419752091703
71_9,2.7327086789175357,3.559819189859254,3.0,3.3536170484469814,1.2058637583028122
71_10,2.9323112073138637,3.6084269414539643,3.2989068988508254,2.8389567712190567,2.9663335555091557
71_11,2.7308327607923855,4.018038734305112,3.457577209620238,3.510550886140922,3.4174860617514056
71_12,1.229582118111027,3.77331730551487,1.5611016685744243,4.246522479424549,3.5141094899683543
71_13,3.3635686708474597,3.538490018913128,3.401960821660642,3.0,3.080091065545721
71_14,2.6522925613842396,3.849880483097536,3.0,3.578727832188306,3.0963693347204253
71_15,2.6989044431152838,3.5648837453325832,3.0,2.8869888868514315,2.641788920718356
72_0,1.1742024595607394,1.4807624298969921,1.1726266370209348,1.74736516260488,1.4231617334393598
72_1,3.033594081159519,3.3190008169412186,3.0,3.0,2.803240775271869
72_2,3.643941201936748,3.613045452232667,3.0,2.975431227432276,3.3799421045283315
72_3,2.9999999999999996,3.4272995095846746,1.927913338716423,3.363219277895029,1.6634793827741017
72_4,3.028982383058018,3.5528940165056073,3.1836046589947755,3.5049675620645453,3.2335669148984967
72_5,1.1186624265923972,2.8391304752146684,1.2660663408419504,2.8404226495282563,2.7555905392847553
72_6,3.5111786216118905,3.4539032588251755,3.16791352748135,3.538045974512981,2.993026625703043
72_7,2.871392403367417,3.2169740831778735,1.105588246340947,1.466874482674196,2.3994153076542615
72_8,1.0692347093668333,1.052216170721358,1.0914527671443783,3.0,1.4458994466956305
72_9,2.2475362025388343,3.056095108932036,2.9958243410522467,1.6720033851864289,1.1412479107246634
72_10,3.6936568949357413,3.666355162580361,3.9471755450644483,3.3296840055931685,3.4595254344875657
72_11,2.9767637832285674,3.6319421831175385,2.615017026605662,3.7497095037863684,3.3877863052472184
72_12,2.7926184463191865,3.3545934967919853,3.0766872254771522,2.086413471184709,3.471145189161021
72_13,1.098469108584244,3.4209745469537802,3.02557456216191,2.8630193212937805,3.01428965263884
72_14,1.1587653303066692,1.0253617892974591,3.0,3.0,2.622548244419848
72_15,3.0,2.5896603185341784,1.1200555236984882,1.0451111595712914,2.2577699677643803
73_0,1.7776373560343575,1.5677671798104047,3.0,3.0,3.0
73_1,2.902096140363385,3.6660690424971727,2.6011208176410228,3.194949404413069,1.143439361050581
73_2,3.6449338067828037,3.8391350623485474,3.7141292180738823,3.2274572908468624,3.481051879816148
73_3,3.4586173101266295,3.566186397278765,2.9075035616820126,3.459772462635106,1.0818450089645266
73_4,3.332483839738324,3.755081515213627,3.0,3.160111602313233,2.0022834666675244
73_5,3.4161544868876743,3.567672424776748,3.203922372575904,3.08052995768175,3.102514199304809
73_6,3.500456520033187,3.4452719610690976,3.0,3.444909406545978,3.2841404430004326
73_7,3.285412629251081,3.5195176196398377,2.7178846813729463,3.5131904750283343,3.544721392916936
73_8,3.0214380062464254,3.251674823505124,3.3750183856819245,2.8566290258971248,3.0
73_9,3.4651893101058255,3.698518896429542,3.880170956951798,3.571764983716491,3.3681977237135534
73_10,3.35918114428988,3.52261822447231,1.2553633504046915,3.3385357539526086,2.9135267443079544
73_11,3.909433346128878,3.744773491384768,3.9618617911128213,3.5213979068005847,3.515065767538466
73_12,3.7671152891776014,4.039579889017364,3.6188675127206493,3.709876020351664,3.25961152178165
73_13,3.4281951794738967,3.627524794954698,2.8699329985291238,1.6260591216063394,3.3385707918374026
73_14,2.4701701505530544,3.42757685774247,2.1212924324632203,2.9826521083991198,1.0615362183946035
73_15,2.9537708741224376,3.1723069789245075,3.733921157445507,2.955564639370508,2.944619415646229
74_0,3.294120924251803,3.4900456759874317,3.093803904946957,3.1606366780638666,3.2514903993024142
74_1,3.3029398721559002,3.5686733655100444,1.1139860796895682,3.2669657019957477,2.996112280866559
74_2,3.3241962117931383,3.5533010211292972,3.1364168322718644,3.1537375255046403,3.2222982450962374
74_3,3.435007423941105,3.518228530434532,3.031347010533613,3.5220015235698647,3.3936282964836795
74_4,3.2230830105855715,3.7473954136323537,3.2397102077861906,3.0521392968336425,3.292649699720625
74_5,3.300931566853154,3.8258124485560656,3.2063163266448913,3.512901418091382,3.5164982208478537
74_6,3.651302640562034,4.093414023006277,3.5054551500096762,3.499775993941944,3.6627199907253623
74_7,3.2628012352521387,3.6864200392094757,3.0325210452154248,2.9429902460788573,3.1136241698271303
74_8,1.021968109373073,1.815741110734094,1.2462256684038941,1.1260688838698165,2.0372979061248415
74_9,3.6405536916148136,3.7790315875916316,3.5155969331728816,3.6029602643372636,3.3906942743686725
74_10,3.520276712920112,3.786758568294339,2.768943979584025,2.731640495331929,3.1484560116107434
74_11,2.927448604788054,3.7867585692123837,3.341518409555113,3.0075157645649035,3.101348392390959
74_12,2.5213416219834595,3.749548223453533,3.0673508972315138,3.17928489120288,2.557802504548839
74_13,3.445427197327865,3.608167349616013,3.562608467202558,3.440884036035529,3.280652261782237
74_14,2.98088601977309,3.2351166344598052,2.6588270672743746,2.877908410994261,2.906992983153905
74_15,2.8414999461084114,3.154648003585283,1.3120280915272442,2.023072170612819,2.2130942396913005
75_0,3.0,1.4104626091953705,3.0,1.028444189650283,1.0115111005348891
75_1,1.0547675767751508,3.286514145175774,3.0,2.396508810921294,1.9875322869169385
75_2,3.024076681913997,3.5351101967459897,2.95957778846516,3.2058767205845733,3.2798162982767343
75_3,2.6464816565487697,3.0951940058649527,3.0,2.681398088055341,1.7227095509698367
75_4,3.0637193144482975,3.3374383915677046,3.023991184759922,3.0205382449462537,3.0680450312327423
75_5,3.0,3.864917942020695,3.0,2.1587926108924145,2.7164961799903806
75_6,3.7274054899929445,3.88230430751812,3.5304049463263687,3.3999416012061103,3.196850404913093
75_7,2.941772250615592,3.1004135203857968,1.1959258191734483,2.4620076712201104,3.076649369145787
75_8,2.67057647817825,2.206657085029283,3.0,2.466248238236084,2.5014649242811315
75_9,3.2712875191644,3.5281777133891783,3.6389895290250647,3.263595684484001,1.6622223907860192
75_10,3.6314775666238868,3.714333405206146,3.498749177170309,3.6809715622008072,3.5609458667324643
75_11,3.5230695207008047,4.125192391913499,3.8914373475517197,3.7203035905378488,3.5802583599727438
75_12,3.497194057783987,3.8615856251909286,2.8533187603567156,3.4463143892747876,3.351697306514146
75_13,3.3290755378178956,3.502662106301213,3.9505875870007774,3.2132486476073936,3.3002365558932976
75_14,3.1490149432205397,3.4350063094725947,2.345564444678358,2.859061918108102,2.7449352844812416
75_15,3.1453953296863424,3.421165994212995,1.1324394169557042,2.497983173232595,2.6529168433871377
76_0,1.0290032756340612,1.1287618396415442,2.2483551905033345,1.0874177737325366,1.1282370390771155
76_1,2.9408178343376727,3.6404456567699692,3.164582773703279,2.8700026895492474,2.438640071543851
76_2,2.93975347041749,3.1269886751008418,2.244961713696407,2.689462037187966,2.0394273096693962
76_3,3.487566820768798,3.7687813691428476,3.2598172268073244,3.0307092346778637,3.5654625997563985
76_4,3.4835372056201845,3.7080742515688376,3.571564634416836,3.379719740692182,3.337837476309232
76_5,1.6076398292022873,3.4498059224885957,3.1741575461472458,2.932365719981425,2.976674048232016
76_6,3.0445255220075094,3.4958140003451548,3.383643182833208,3.1945526080830726,2.7936854182098814
76_7,3.235598102667196,3.4643607373810923,2.261919886457061,1.0445954882403767,3.1416619462159785
76_8,1.0318582072102087,1.227040355639362,1.0256623393820317,1.272375273814254,1.4096071224780427
76_9,2.872660190157546,2.956835148779942,2.8360611849348945,2.9855905352914625,2.703400232423778
76_10,3.106507306673919,2.754155626872701,3.0,2.8316522551460235,2.0179765066518414
76_11,3.4499117841786404,3.707018617268975,3.534679662130313,3.4507080782670365,3.371560559798622
76_12,2.9774475867439394,3.523229171678351,2.3012095323853727,3.2811803763392824,2.6347631465640546
76_13,3.316121761657301,3.617128698861336,3.1131789301388473,3.311374158380908,3.336936037588102
76_14,1.0183633705387278,2.443020803708252,1.0240027574210961,1.4878676598275562,1.4102594851657775
76_15,2.7317231419325436,3.015171945905637,3.0,2.4816014859627646,2.43831399529575
77_0,3.0,1.9432004380922796,3.0,3.0,1.1393028254114115
77_1,2.783461156459199,3.228047823551622,2.9696615883585737,2.6002498098847235,3.0
77_2,1.0751180894780694,3.3425478266619515,2.8431125665327963,2.900942459440135,3.0
77_3,1.0579581777347131,2.360107893947773,3.0,1.0573271898656715,1.064595077641852
77_4,2.33821068141526,3.408288656837824,3.0,3.4163122259213075,1.6067418484403224
77_5,3.0,1.00609151201267,1.0515525161299066,1.0457464340171778,3.0
77_6,1.1338502618366884,3.363049696774774,3.0,3.6380788999763825,2.7161069555904165
77_7,2.6167881197006997,2.5301831739577145,3.0,1.9435722235575095,3.0
77_8,3.0,2.536304055078689,3.0,1.055578050527271,3.0
77_9,3.0,2.8169289041132197,3.0,3.0,3.0
77_10,3.0,2.808763854082721,2.143077912972879,3.0,3.0
77_11,1.0666598897944817,2.2184920630717415,3.0,3.9236075007361304,3.0
77_12,3.0296837444205824,3.4868624248202513,3.0,1.1444275845494043,3.0
77_13,3.0,1.011600767969298,3.0,1.0568188876711972,3.0
77_14,1.7172671349309974,2.452630342104278,3.0,3.0,3.0
77_15,1.2547740187019307,3.3927092726505643,3.0,3.0,1.7003253807115923
78_0,3.066407368645479,3.1717599206219567,3.0,2.3296449760071782,2.105482133375739
78_1,3.0,3.020256682684453,3.0,2.8512228430156994,1.1658737720520433
78_2,4.024392541325165,4.0590810667174075,3.5722225477778675,3.546359835043615,3.46638398494233
78_3,2.800969413642341,3.7440187220439864,2.4176016454464144,2.793025808772612,2.7506843833382666
78_4,3.2353259336781344,3.785756288078597,2.513170022746551,3.3073157683214047,1.189856850052431
78_5,3.534948928716018,3.9805915053547283,3.0,3.593729868365508,2.7885905516659752
78_6,3.96948156616968,3.9212637921363784,3.0,3.3579781706853957,2.785857761211449
78_7,3.6102888304182823,3.724626915898811,3.0,3.613707798539346,3.0
78_8,1.0192343514206466,2.77937440752928,3.0,1.9331177618874131,1.0656096335117684
78_9,2.8722005417579144,3.7351243679736865,3.0,3.382264035522581,1.2161063016640796
78_10,2.646955060472703,2.2581275008797266,2.355679763098591,1.0485850973159099,1.605369419661131
78_11,3.8419290810689577,4.0590810667174075,3.5546434367084805,3.9925102280120885,3.4256678944864447
78_12,3.7888961775348844,3.791459506947424,3.8077122643616943,1.354610893193795,3.3716952427345026
78_13,3.0703854884983404,3.785756288078597,2.5136673898685773,2.9003145807073203,3.20310822278519
78_14,3.1350012488276833,3.415435465938013,2.939294262638467,3.1693200635478327,3.0034781457375015
78_15,3.1682761045010936,3.65939333037482,2.9737814068513586,3.9211969253768646,2.8422707732261503
79_0,2.7503985716148422,2.8491117542499262,2.9795983140658016,3.144030430266418,1.946430921174905
79_1,1.9719360437747113,3.232610090787258,2.3379696130232475,2.964299475840019,2.533727570583538
79_2,3.0438848332310124,3.4205458523008496,2.9142288528587676,1.0756387899580842,3.2117608381030123
79_3,2.4264899362185868,3.021860848435748,3.1338021956883244,1.1755107855797886,1.9287086186755231
79_4,3.0426462405585157,3.3984496838522125,1.120324849236983,3.189633008737841,2.7893158041277224
79_5,3.248807433424545,3.6186351187380144,3.21644185087265,3.3031211267533465,3.2377282743673104
79_6,3.487239558601973,3.9614300192362326,3.8191299441472664,3.843382739191111,3.430128449740993
79_7,2.281923431944086,2.484700907776642,2.3910464463026475,2.3550148844155037,1.487131355172576
79_8,1.4197944653341825,2.217708286101034,2.5772611752199612,1.1185895886279889,1.5775102832009553
79_9,3.0644732144788693,3.4680977067345924,2.4811972041907606,3.0498148195761026,2.7833274662528873
79_10,3.2791813798497977,3.680252955598353,2.711424257868125,3.19550215497114,3.1104832644312106
79_11,3.4051481545407856,3.989535861850599,3.426284878079138,3.5572057190471047,3.374322008143294
79_12,3.126579288633856,3.7185326067801965,3.279664733466,3.0269044624936488,2.7181473429492318
79_13,3.085527256046251,3.3662249847258803,1.0253792252820026,2.8481105528185484,1.5730741575263076
79_14,2.757858635052759,3.412625383924516,2.1960838043416,2.4286583793223087,2.913616421274887
79_15,3.1844037496286703,3.320121283698798,1.2848117823081378,3.210399857291366,2.707491593222663
80_0,1.4718501416069674,1.4600438890588163,3.0,3.0,1.1817392728276683
80_1,3.0,3.1174616720635466,3.0,2.65327018942154,1.901184657877481
80_2,3.310852300383544,3.0889142085516803,3.0,3.8161154480641684,3.00502310707748
80_3,2.8824053051747622,1.0097166283721097,3.0,2.86500776112244,3.1567034919938717
80_4,3.589199551635448,3.665238636173671,3.9453927129336974,2.8669473919478277,1.09669689199612
80_5,3.3503689715967693,2.552505115739311,3.0,3.0,1.2412597211375909
80_6,3.579239369462154,3.7213734359677475,3.424975025559707,3.4968079022856267,3.3450863738858163
80_7,3.0025649375359142,3.380047602774173,3.0,3.128454877392222,1.0621913375131151
80_8,3.0,2.31865748278753,3.0,3.0,3.0
80_9,3.4930336389952474,3.5820993426579193,3.4622488731721934,3.0736292982303874,2.758971460792837
80_10,2.0171205194151645,3.4982350954815242,3.0,3.0,3.0
80_11,3.470574966287876,3.8827369174810915,3.0,3.6344726138766155,2.936481722984291
80_12,1.030885443304365,3.0287210330350622,3.0,3.0,1.4651770013052663
80_13,3.4564867187465036,3.628784131040658,3.0,3.612742332579631,3.3471154298393935
80_14,1.5014568638328694,1.1545197786014754,1.0217830664220788,1.139754910340082,1.0766557101724499
80_15,1.0768693953577337,2.8023732922631934,1.052980479629208,3.0,1.2927219752313557
81_0,3.169780739471953,3.234632637889976,3.0,3.2132142445307608,2.9278398319541226
81_1,1.1890318159322548,3.804352254901306,3.0,3.534481934233498,2.80217346073486
81_2,3.4045652557912085,3.828257158940188,3.0,3.0,3.209113016950821
81_3,3.4817037211296102,3.6100669556819294,3.0,2.5331211499380335,2.930167756145325
81_4,3.399981866898395,3.592637967717487,3.0,1.1700227067543276,2.530741507219282
81_5,2.240470772726236,3.383563635969114,3.0,3.2766913995353373,1.9098232928415453
81_6,3.314940384815424,3.0529459281625533,1.1914358253861446,3.640090692637438,3.191326959178436
81_7,3.2635972491749463,3.2527242955839792,3.0,3.2715064077384244,2.61256218107036
81_8,1.0880722923830584,1.4750220802881597,3.0,1.210331955561316,1.2829433392257805
81_9,3.415058340933384,3.938595234721018,3.0,3.7267028129449025,3.8210775592102593
81_10,3.3597528490656754,3.4829436058859233,1.1460300906911318,3.271901283528965,2.850383348932733
81_11,3.4435085418424594,2.676197330240469,3.0,3.326940831959236,3.721927248149576
81_12,2.928559276375395,3.8363439583813586,3.1618888624643073,3.5249357362555878,2.5857294652548823
81_13,2.3178132005953698,4.032443750619776,3.0,3.662095571292474,3.6584181470700363
81_14,2.7274585856069637,3.4658113600205094,3.0,3.3084246842670835,3.0
81_15,3.11539711790505,3.4493510851561195,3.0,3.3746612997080376,3.2243072758294664
82_0,3.344645533705321,3.6306790065262646,3.0,3.3161567618983767,2.609489649128031
82_1,3.191834656835114,3.599002013932008,3.0361848434930128,3.364477844066532,3.2877938352081886
82_2,3.625744658036951,3.7625045337939094,3.371234127172271,3.35479045388266,2.97635918004569
82_3,3.4017538636648923,3.8393596273859867,3.4933010745639725,3.4975437493043504,3.268957095170433
82_4,3.4444347481745323,3.7184094341794394,3.0,2.80707328049634,3.2779877051419253
82_5,3.465431022814026,4.008732345833713,3.4775422747993976,3.643562260315286,3.428301494066066
82_6,3.5477538176084358,4.117149821129516,3.7434126829078296,3.5636927793803324,3.352730814741428
82_7,3.3119654337526296,3.8674622448591918,3.0,3.3395705547170382,2.8911787103133832
82_8,1.0712689739384182,3.500982042952686,1.0961360427268731,2.357782300588375,2.717574172116027
82_9,3.477276308166874,3.8654917940490914,3.0,3.145367942726244,3.4855710309136243
82_10,3.5318877496994223,4.1154986695574065,3.6043253954524186,3.7239958184178934,3.731150873607527
82_11,3.764390329395841,3.989185598151151,3.8632151458588093,3.4696254620904323,3.8515781324356286
82_12,3.0,3.4224010333468446,1.1984218856415592,1.319753425401503,1.8652998724570287
82_13,3.0238087940345606,3.7759183873974824,3.0,3.3808850311522542,3.290169683134492
82_14,2.9826885720824134,3.215098650089866,3.063079227609948,2.735429286720527,2.5130631968801
82_15,2.670255141171656,3.2491782903604394,3.0341743656408995,2.8042756453959665,2.2240695808585165
83_0,3.195720593998823,3.5943234138841063,3.599723526499432,3.2562289136938922,2.775196242832695
83_1,1.9686848067182667,2.9826493214909555,1.11152377266812,2.651078268869474,1.6966284405659315
83_2,3.3092069305706144,3.729177803363186,3.542198984344565,2.8514721073538096,3.208990535768286
83_3,2.9834178917259186,3.4566386184173896,3.290313902516233,3.208665535882971,1.2536708521917248
83_4,3.2821516953696994,3.406165944906572,3.0,3.000000000000001,1.736456227304785
83_5,2.99166487375953,3.518058023175843,3.3474051275307213,2.0498252906839722,2.5242052459553217
83_6,3.3403133487288637,3.8094940090685707,3.6896239997511495,3.1769267138608774,3.3580909479099414
83_7,2.689808643567356,3.235136909620152,3.0,2.707307828595859,1.7364623480824044
83_8,1.05034347391801,2.550667036983061,1.0377533710893914,1.171247342573572,1.9576440598883986
83_9,3.475529329541166,3.82839954108291,3.073024270093737,3.5105020762956887,3.453745803672837
83_10,3.2242368041379623,3.9849317267962827,3.640239743899489,3.296615208613818,3.308009191303288
83_11,3.246932849803536,3.753605960478887,3.470403245220788,2.478530852470058,2.8128153895367882
83_12,2.7327969396662817,3.6008297067793444,2.699698443886291,1.7039796632466333,3.119669474928815
83_13,2.6631638417219126,3.2478808297276744,1.1014520923881757,2.3614066178742723,1.5898483903127019
83_14,2.5876041678553805,3.3917016913831097,3.4839476651407715,3.029156432410861,2.5600018173887586
83_15,2.5250606665075663,3.275538117902915,3.143940536753062,3.083451520246995,1.3726920521640136
84_0,2.9775751803105326,3.395955609187729,3.9786946791948368,2.859214687972288,2.818459680912605
84_1,3.410027617593447,3.5171169277810814,3.399303814577652,2.957367437818951,2.936302207862264
84_2,3.4956845926881126,4.01799975344356,3.3610886971521086,3.3100234225728684,2.497856908357767
84_3,3.170948382008521,3.5563263961119045,3.307552319009033,2.5747353794597783,2.280898045708686
84_4,3.1499169791868633,3.731636001033211,3.582270858714386,2.9144041476802087,3.249885331896138
84_5,2.78597984628933,3.5882679972501554,1.0509782381678532,2.9842108779767686,2.8406746092135826
84_6,3.6310147824102064,3.804901614862203,3.7199410601753375,3.3307366395306404,3.460438156945325
84_7,3.449729789127169,3.572670670421758,3.4098932999726603,3.163246628908407,1.7955570539292378
84_8,1.4233741070304913,2.905169532885152,1.063995662371253,1.8973983288425422,1.4096568952082655
84_9,3.858531674326776,3.549784892434451,3.6165507246492896,3.267671795191464,2.5327630160161814
84_10,3.6596068295689568,3.792114985689939,3.7400586579087567,3.630908714994928,3.4981997880156976
84_11,3.767961874451309,3.7979751473346965,3.5953756907895946,3.4639601043789603,3.5360381971789447
84_12,3.2104165619588407,3.4470840063818153,3.4324594375836526,2.8892164628850536,2.8576189895705646
84_13,2.631829797713555,3.3403736019466788,2.3809909287966273,2.614169490049143,1.0737498092840867
84_14,3.448271062069576,3.645775263145597,2.2314538714251717,1.583966374996924,3.0
84_15,2.97421420488974,3.5351311322549375,3.406684136350628,2.0601265751550617,2.956291541501301
85_0,1.1212320480494116,1.2456623809455603,1.0955770852795053,1.0315610299480549,1.2609069341774275
85_1,3.505080106087131,3.939710104505736,3.0,3.4384732324128975,3.4794981900420625
85_2,3.3262210032220443,3.727074213844185,3.374641671423336,3.671327643007846,3.460259486587902
85_3,3.394005237453298,3.784505163602286,3.0,3.2890667173724166,2.6578247548013683
85_4,3.390398195140209,3.5433551503181193,3.8713289994074307,3.570510459987013,3.302036350925828
85_5,3.454311503885724,3.7735944852080983,3.1333914833040573,3.407835893192171,2.7269892333056016
85_6,3.552329470446365,3.904654647418224,3.0,3.8222433669637486,3.660574636585812
85_7,3.459901673203617,3.6754397946772674,3.0,3.769210416552742,3.199214586772616
85_8,1.0881349789478783,1.7933971341374493,3.0,1.0779116353043718,1.1271350297988956
85_9,3.2444092627937633,3.620610890777171,3.8662143263187976,2.944415845623429,3.3602962598380373
85_10,3.216216845355536,2.5702127615358195,3.0,1.180902175184651,2.7115017577484655
85_11,3.773515930348843,3.8258412543434637,3.0,3.7896005783284394,1.3918268198931294
85_12,3.793897000169692,3.697982901940012,1.1936769702530377,3.312683085965421,3.336248077127743
85_13,2.727574921780277,3.2339153500478295,3.2040727011601966,3.311517914250482,1.327649641421823
85_14,3.3995805559360246,3.4975195964664008,3.0,3.3893842221530024,2.809867303143856
85_15,2.976501028877747,3.2685273408067053,3.0,3.3605248066167506,3.1947331789943334
86_0,2.1903828049621703,2.6632023060390995,3.0,2.065340158476407,1.0640132869590981
86_1,3.0873510863550737,3.361091846343145,3.3631252556825744,2.9959439563053363,2.6277091984365923
86_2,3.223789794869215,3.6497816634725417,1.9836378262339482,2.766610249393078,2.3821413505113647
86_3,1.1768927302554955,3.1200351747650457,2.6991133163752163,1.079460313932956,1.114351012477264
86_4,1.0735741117887556,3.5953668517466375,1.4323673165568513,1.0904925759276678,2.5976092182724164
86_5,3.1926522511462294,3.3234361069870175,2.424046859258114,2.808935773164589,2.9203377536764266
86_6,3.195545303759,3.6944149437622658,3.100763305514483,3.0898331289960317,2.99230456795366
86_7,3.0212875256929506,3.5987936534399347,2.116887873461301,3.0642644940480186,2.1504293320135144
86_8,1.27204010410443,1.2104407447469312,1.4190886248209085,1.2539520883590218,1.1376950283868092
86_9,2.7228938037915915,3.731507651725612,3.4612363784329934,3.0,3.2259284463094757
86_10,2.696948429236035,3.6100915550041854,3.0765953956567493,3.036399698223711,2.7989058094712114
86_11,2.6049415203932984,3.0723449333083868,2.7729014782354655,2.7030644333088105,1.9531400373130259
86_12,2.6696876740706226,3.7546315198039673,3.1247671359733715,3.5010589788306605,3.177784732882228
86_13,1.0518948975820617,2.7171217872641074,1.0736032736255243,1.1598878498115865,1.4385218911309763
86_14,1.0977573054576726,2.071063229879631,1.7913987767134485,1.2115650141527992,1.5926636372897092
86_15,3.3561790817146697,3.3947475368581106,3.2885129234006922,3.1401020761014897,2.931810143991144
87_0,2.7052787847563904,3.2428398943972527,1.2271043927342706,2.9894498549175834,1.2548462631288873
87_1,2.610699584106525,2.7766511390594655,3.1738851009033042,2.4660978635557256,2.218198409438319
87_2,1.1056188217763816,1.0274615327833807,3.0,2.4805503945370884,2.9391160024894933
87_3,2.6389031075375717,3.382612256273725,2.8443608742046207,2.755190885232569,2.5308505965721384
87_4,2.021920472233249,2.838353517166065,2.078630361285021,1.7581859048594186,2.2266408556690265
87_5,2.2582791680186594,2.9272857561566017,1.2412452914310759,2.8173764079982244,3.1278100258054042
87_6,3.4038788087693383,2.2373583427672994,1.268174295920377,2.956266607678534,2.938481335769461
87_7,2.8484678428424464,3.364071821526869,3.0,3.0173056458123213,2.569266124537932
87_8,3.0,2.565524407715514,1.436199375263993,1.3575297761733869,1.050391266993305
87_9,3.3910833386286185,3.3893943814698737,3.085706485679085,3.329209992518511,3.151847466616377
87_10,3.0495763785458245,3.7359259131312634,2.7355256827226064,3.2604070498355417,3.0981101766574706
87_11,3.3898059576654123,3.7392407987737695,3.817625977654811,3.2302829636251453,2.9330939072032263
87_12,1.7638455438428657,3.459210500422129,1.1608892155011814,2.996670344306234,2.859618505392191
87_13,1.739591900364206,2.9272857561566017,1.217919494725447,3.2628530404446776,3.1278100258054042
87_14,1.8051452646543107,3.1771630221212344,3.0,2.7869201242744044,2.966971930872521
87_15,2.3158399602992046,2.986539475532245,3.1174239286391714,2.2801202953105455,2.748606698163647
88_0,3.0,2.3678193680610278,3.0,1.5937372345991134,1.11233587951214
88_1,3.514002387292402,1.0150545247356417,3.0,3.164263507631824,1.4025027818356375
88_2,3.0,3.1996725365339245,3.0,1.2139212171535754,2.350112452125231
88_3,3.0312514868383182,3.2968501708814886,3.0,2.949858027754694,1.2584257188786465
88_4,2.57528075695487,2.2663704973574825,3.0,2.5510654209317654,2.980444364562016
88_5,1.9523828778508314,3.264511185073885,3.0,3.0,3.2625473834461616
88_6,3.0,3.4778503598809554,2.734005345553633,3.3093971031848692,2.799181383132137
88_7,1.961561680154724,3.300063346606546,3.0,3.433212880076053,2.5774124710331696
88_8,1.0503412393317295,1.005699352451913,1.042851152794712,3.505596946802565,1.761518805212868
88_9,3.0,3.592447279594041,1.1775211175913292,2.8333584239464216,3.064347815708032
88_10,1.0238933671568708,3.5730518106953264,3.0,3.8409627289779116,2.2470108164486304
88_11,1.0484821143201788,3.0867176198324326,3.0,2.5004131185398357,2.7640882903649167
88_12,2.5763941039908174,3.0246522597283554,3.0,1.4136931863073183,1.9238369641571036
88_13,2.724692771364472,3.101447763787784,2.8754579723904525,2.6566812495310086,2.5655752921868884
88_14,1.1080097638787714,1.59268737838426,3.0,1.8310455222180282,1.6561981677205075
88_15,1.1740791693428148,2.8767906369883534,3.0,1.4482884998699739,1.8335939518755735
89_0,3.0,2.5981309956784555,3.0,1.3135589413643438,3.0
89_1,3.0,3.01956130530581,3.235146579267737,1.7628447045477627,1.0414060414980002
89_2,1.1526288586285631,3.1257743428495712,3.0744625432495982,2.316447083915099,2.4264883554071948
89_3,1.1231550501725638,3.2615787541541468,2.8848442221995603,2.8831703871956704,1.9447720287281676
89_4,2.199178037050076,3.4502754846204873,3.0,2.3557079878211202,1.2786157797877942
89_5,3.0,3.3971855624715435,2.9020237628229726,1.5539694691012453,3.0
89_6,1.0723926038073703,3.3027485571097372,3.0,1.9313102569972527,2.0776365529914753
89_7,3.0,3.156985958475996,1.6334714988765389,2.379420161881288,1.1875266278841272
89_8,3.0,1.9632993418102997,3.0,1.0817812018110577,1.245063417642063
89_9,3.0,2.4273333185079258,3.0,1.6263311312451556,1.8475904303491155
89_10,1.1722115445423194,2.556839990127076,3.0,2.0120643474518762,1.2786157797877942
89_11,2.136976578581529,2.501590038470155,2.6994877458976845,2.0188196256274806,1.8759634153426585
89_12,1.148507911522765,3.6231387718737857,2.419669980455329,1.9989507403712763,2.7922094007733462
89_13,1.0470013760730945,2.31708792923367,1.1345448920464476,1.2087502271746169,3.0
89_14,1.1468401412887135,3.0052340134474695,2.5293382150477224,1.9814920123918458,1.2895170516061727
89_15,2.0506769375508465,3.1307079559932744,3.192620709895521,2.39026239923193,1.1495567757399854
90_0,1.085726159979379,2.4171126722038356,3.0,3.0,1.1657345944976225
90_1,1.0730265279329312,3.6190495656506227,2.516534107396609,3.0,1.6375392160838413
90_2,3.471889399547518,3.7939803321440912,3.0,2.5209361842044036,2.9817621901642175
90_3,1.063976396732864,3.2893846658446715,3.0,1.1059539958529196,1.38081889405044
90_4,3.020592672773544,3.6719237726047247,3.0,3.0,2.510668335580715
90_5,3.0,3.472009649169182,3.0,3.0,3.0
90_6,3.0,3.092731930444857,4.476563832004545,3.408943878753437,3.0
90_7,3.0,3.593559926083717,3.0,3.0520928175720945,1.197032934537275
90_8,1.062785182257995,2.3507428034888824,3.0,1.0797297725148531,3.0
90_9,1.0425553769175104,3.6083785864079676,3.0,3.0,3.0
90_10,1.0599150502195855,3.0261982616708094,3.0,3.0,1.1061186918543477
90_11,1.0697946212210583,3.542996217776912,3.0,3.359807751373337,1.1831065007023585
90_12,3.2081302861833056,3.668253716921749,3.0,1.8332471747394783,1.1392892773377947
90_13,3.024879937978026,3.4618117732020517,3.0,3.068059651181416,2.537941246815951
90_14,2.2254112447185204,3.224664597352681,3.0,2.2699582651133436,1.0785051502644503
90_15,1.319256554000778,3.564380067470927,1.0664989175596677,3.22173229041531,1.6496501102011396
91_0,1.3115130148344583,1.1450245300400226,1.2318614822268155,1.0784162686052263,1.038485991167474
91_1,3.42757685774247,3.6210756001547133,3.6625446858102753,3.2679324420781213,2.982588690473737
91_2,3.5482542774211523,3.70071880336478,3.4066833508723238,3.470617054749494,3.349539768536256
91_3,3.0404587831410903,2.7950608135861383,3.0,1.5533140097978693,1.553040290897068
91_4,3.3347303468602227,3.9776557880639745,3.789806252754386,3.5478154323759314,3.7021606382758145
91_5,3.323820751597431,3.617562025967197,3.2568226687199053,3.440161433070194,2.900840200500627
91_6,3.6336587800019133,3.6805551067301088,3.6318084009468983,3.577012036740846,3.318655990692587
91_7,3.2349335463529263,3.5099583820050593,3.421101469568786,3.36092618609778,3.354664514906921
91_8,3.8326186780957787,3.8075032442606833,3.7472683741436352,3.519710707994758,3.4807815776907254
91_9,3.0681246893954013,3.2476696867979107,3.0267914620373078,2.262770288575044,2.570720764525155
91_10,3.350595665178235,3.8128858011108706,1.0955057785140179,3.1304563726221124,2.4745026552117473
91_11,3.6422718978960784,3.950045191080197,3.578986594844288,3.788329028557447,3.634642748604893
91_12,3.389741770432012,3.603430354573024,3.209757714393948,3.0722703273097607,3.0513621035402547
91_13,2.781858174231276,3.349973146784844,1.1548577329415237,2.979673983525385,2.4457331836600735
91_14,2.981403462290072,3.339216598449939,3.3372011374148887,2.8118731523645866,2.8355349208076257
91_15,1.897830169859806,3.10298825379026,2.9336557038681486,2.6035123984283235,2.682422616031931
92_0,3.307541166038089,3.582662638356044,1.207687835617083,3.024113091656614,3.0001475164900806
92_1,3.6209368450763932,3.779110576931737,3.5220179275387937,3.4916076091673305,3.2692929468859813
92_2,3.533815391494229,3.631330120929976,3.571524828696799,3.3690331056197778,3.456466496657698
92_3,1.0820138788731346,1.7302831008708366,3.0,1.600815396776303,2.192226747873801
92_4,3.6159557879621516,3.891501789763723,3.6825542117952423,3.442048265445119,3.3468401135735726
92_5,3.5459569990958064,3.7817922925105982,3.5238328370122094,3.73437689377975,3.5717236950774875
92_6,3.8369547441454004,3.8220373498778826,3.625175831957609,3.3973895878429627,3.4313171812684016
92_7,3.3527630605167316,3.5868188844876348,1.4972300803662328,3.337259282691275,3.2135216352793123
92_8,1.7751873665713285,1.879163554910992,2.049994837595472,1.8437069384490263,1.5381893788528718
92_9,3.1627192063722713,3.5496267861015167,3.2995446036875657,3.2175103215137386,3.0798277220735426
92_10,3.49741221456659,3.8804165317643102,3.600364932858012,3.445168970254993,3.4341085857985756
92_11,3.7869557451960674,3.9093831731995046,3.8230646833671003,3.608670039533491,3.7541743021449294
92_12,3.178231473485452,3.5696106517994637,3.0,3.3143909188864327,3.1164805110426497
92_13,2.1255856331607594,2.168164834965611,1.4744915892266492,2.149197927243397,1.3151093880500753
92_14,2.9742372416412817,2.9322326617118732,2.90686270231778,2.4259698901902276,2.2169192216883626
92_15,3.3228966162760822,3.414997938312545,3.0,3.2204548834053375,3.0231985489076516
93_0,2.0029297379511353,1.633713820758027,1.131550311619412,1.2582155389068945,1.9616477907037428
93_1,3.116663078143496,2.544166191174819,3.1534229986317763,2.568633580456447,2.3642273126954105
93_2,3.3062013869239086,3.5484675615567416,3.0845266881534443,3.331284507855109,3.4582138652775622
93_3,3.0291280629831987,2.9859703885872957,2.4904718701832382,2.639734487274516,1.8965529812879873
93_4,3.041881634934572,3.416894675043202,2.6634027102782847,3.387702303126314,3.362161870978173
93_5,3.050361213584319,3.5800392415192475,3.1173147915258763,3.1062479984678135,3.0043109314972036
93_6,3.7761108703091266,3.8026174620510336,3.144059779988902,3.6118880484149365,3.5152087187942724
93_7,3.412655124891964,3.5221279283716758,3.1494258209419943,3.1259399615869086,3.2644988650817197
93_8,3.127636288255641,3.655335208706223,3.0,3.2613221428946884,3.114794424311972
93_9,3.477970531786768,3.7688139480942753,3.427683924149304,3.374581353256789,3.089351008209627
93_10,3.6186108642398334,3.849437553908838,3.5310558281394044,3.6590618457936888,3.5748124489388204
93_11,3.6262142303261014,3.8078828369291453,3.5776586548807527,3.4137573443658953,3.549541131988179
93_12,3.1514079975579143,3.74423607173804,2.2267615295751253,3.680210681468716,3.496372996709415
93_13,3.221230265297623,3.25823410420929,3.378214804582953,2.9019386225159787,3.2039747667112333
93_14,3.1634414981255325,3.341811003419315,3.321202628667159,3.2629981615169283,2.878230310642665
93_15,2.832795347932684,3.1799859258655725,3.141301156713819,2.8065599725603785,3.0784568738826876
94_0,1.0835144610525895,1.0559758118032168,3.0,1.2226206393112211,2.0245786809950816
94_1,3.0,2.47532575562896,3.0,1.2293500183740915,1.5497595193672367
94_2,2.7159928966499316,3.296790701544957,3.0,1.8958612780688817,1.6921734115922362
94_3,2.5677394563428804,2.969526021610568,1.9130431099308347,2.3805474060058294,2.9008506964388823
94_4,1.0430866837530777,1.008403513057651,3.0,1.1583338355436956,1.9944483676129978
94_5,1.103828861337879,1.0633723624361908,3.0,1.285713460612976,2.9121918980567623
94_6,2.9164212394663336,3.6975671908016428,3.5089205321944434,2.813223231366933,3.057048379610763
94_7,3.0,3.8005826183677245,1.1059654618208885,2.759606575334944,3.1869863810735803
94_8,3.0,2.3962123982628443,3.0,3.0,1.4518740088643434
94_9,3.0,3.3792161458960894,3.0,1.215503160178772,1.5526447306477205
94_10,3.0,3.6499336271403724,3.0,2.24356740559896,1.2791958570127604
94_11,2.3452704357759497,3.7564397768571247,1.1778645143933768,2.7929796417220136,1.4254034017876873
94_12,1.1734955709139483,2.4093392418089823,3.0,3.52898332532065,2.835494634376652
94_13,3.0,3.319237190099698,3.0,1.6761757504129302,1.4483674389713304
94_14,3.0,3.1252121363554224,3.0,1.7780240179938729,1.3940861967590448
94_15,2.750573314135605,3.2920673149496404,3.0,1.327408284625876,1.643999561764418
95_0,1.1030034310845398,2.1065976348873177,3.0,1.0357184189354487,1.3673915810460848
95_1,3.188303944946317,3.51105862982653,3.0,3.221839370225719,2.9583188372200797
95_2,3.457450330523776,4.148898930931351,3.657493410159158,3.35916907530174,3.2018890333413568
95_3,2.961328175586604,3.550895695605087,1.2354893868287533,3.0850962407656084,3.3180256364096286
95_4,2.6473098094785423,3.7856101710430723,3.0829747651709662,3.3441306127790233,2.868730382179684
95_5,3.453431992644663,3.7860029756803986,3.0,3.540552402366862,3.3715591528096076
95_6,3.746849209560327,3.8424712821517097,3.6561723758048412,3.5698221345445265,3.633119757162187
95_7,2.8540357791362094,3.7825039264429026,3.0,3.3196317025327646,2.5252209862444444
95_8,3.021351840430059,2.5202537602248425,3.0,2.668041163453901,1.2592287530756088
95_9,3.2718407702840566,3.6815675471592373,3.0,3.518946859022911,3.5217543347432634
95_10,3.5723471441945027,3.998379197058009,3.0,3.491238833178759,3.187254584408573
95_11,3.457450330523776,3.9007536390200115,3.2894402921172903,3.604075066298983,3.236448197969069
95_12,3.0,3.100244330307967,3.0,2.976105477453035,3.132380753297298
95_13,3.2860643203772586,3.5894535354433708,1.1318151984989158,3.326288477789783,3.248437156421356
95_14,1.125645933961829,3.083871766046807,1.0691528312479164,2.7283537189787976,2.443835419581969
95_15,2.0756329952597574,2.739450901903825,1.1353753734823553,2.9581147126150045,1.9919800661522173
96_0,1.2056733209781827,3.0751887956220627,3.204661200744587,2.038877424940792,2.195136238891012
96_1,3.5591758238914695,3.5973321165309318,3.72106828425496,3.3066404802292073,3.2701043976026476
96_2,3.3885825735226303,3.553701389225054,3.5872732778185585,3.4163397872169483,3.2426740651296555
96_3,3.4428538965296416,3.3912733279391087,3.3817947357388274,2.9452944853057987,2.580475109372423
96_4,3.576713680879229,3.7746974736180685,3.4961000942373714,3.3652236041300463,3.4423114739748364
96_5,2.8256889085208337,3.453026287057026,3.848426175100453,2.985893798271564,2.905755311059792
96_6,3.619312282937205,3.7207565775004747,3.766896067210107,3.333272184493231,3.4003498852845895
96_7,3.5867286072749502,3.647893001799216,3.7570596733770087,3.426221596685097,3.251325365304622
96_8,1.089389498658762,1.9418695783762159,2.189942052969564,1.6965599252513743,3.0
96_9,3.526165412871151,3.4590417496303414,3.666513870345072,3.234411236587684,3.1407658376721677
96_10,3.526165412871151,3.715492254135699,3.666513870345072,3.3216503557764154,3.1407658376721677
96_11,3.3577634320568133,3.713847974660811,3.7260688497674233,2.7912132434329076,2.753845037085688
96_12,3.3054020664749277,3.6855627380276346,2.9812571876781444,3.1626356306875434,3.313945463277464
96_13,3.100855179406376,3.5073398883834006,3.524878001758104,3.202137619759436,3.063774409899861
96_14,3.4407540965719834,3.4090533833000376,3.5654165806600444,2.9817140287125983,3.0624179812823678
96_15,2.7503607595986486,2.816154624277057,3.0971934407850723,2.7373054232045826,3.1587525110608503
97_0,1.1131887139071837,1.2689134658610584,3.0,1.0151118517926043,1.1911466423489063
97_1,2.980357172216405,3.539123214695086,2.167893085155068,3.1327519615558352,1.9969864841668161
97_2,1.7724532691942516,3.553373710426701,1.0591275694637416,1.1644881989889766,1.123681253545645
97_3,1.0674045779301453,2.6347061153636573,3.0,2.9319939203917516,2.076786696585878
97_4,1.0572275720093762,2.4928089132881537,1.0664079546965737,2.442463881191147,1.1428994260520475
97_5,3.05224087774362,3.4042293182147185,3.0,3.0,2.921841118808803
97_6,1.8354435167863468,3.5992951229907795,1.2114819483389452,2.79506205759884,2.59395555992281
97_7,2.520697265843947,3.610517630744522,1.9765893812604818,1.8457047676305043,2.6899535549772624
97_8,1.0163372091714487,1.0196174986816817,3.0,1.02258104974087,1.1350040636158323
97_9,1.2586945591201943,3.3182465603137756,3.0,1.0423847506914397,1.9777685372438256
97_10,2.743880659314568,3.588831830012452,3.0,2.4998331131225964,3.0
97_11,2.6604980807689858,3.8555757725589346,2.8413244415573202,3.2822907287115544,3.2522668152332534
97_12,3.156915449980399,3.6665931808950263,3.0,2.5850260242868943,1.4729436859378344
97_13,2.1030113679015594,3.268924318040897,3.0,1.9722639135322073,2.4800281975121905
97_14,1.1680091621826294,1.543641778080799,3.0,1.6012226602055026,1.1966990262809525
97_15,1.0603769385231923,2.8271492955270396,3.0,3.0,1.0556556773507206
98_0,1.1076461985966046,2.498258476086802,2.8720821349555323,2.1566938442481045,1.7062263322977824
98_1,3.2325345205753884,3.6166179345099603,2.881712638475018,3.4165721541877563,3.353667597182634
98_2,3.3734195909563445,4.17255750346003,3.5815450682604446,3.652796789933589,2.821650628014217
98_3,2.2673088800827412,3.558297746817747,3.0,3.11896899746637,2.7653702976381855
98_4,3.1644565200374477,3.7979275227154137,3.162156891760346,2.8479268251179555,3.4120612474892664
98_5,2.869725659987806,3.5064282310370176,3.0,3.111992299028405,3.2760388032034724
98_6,3.814861447435381,3.796937699684859,3.6690046742531255,2.9320854713436533,3.5775426379241217
98_7,3.1687156207353153,3.8446485069589946,3.0,3.3439320297451522,3.0905379946904454
98_8,1.0203010445222132,3.440785623205802,3.0,2.3527949753291515,2.629418230008905
98_9,2.971547983939937,2.8908908941871863,3.0,3.405556385418844,2.817250072371411
98_10,3.2985461810438754,3.959489386203231,3.0,3.6743304203160863,3.032878339901926
98_11,3.1735484369534426,3.7231758515972104,2.9591214049392325,3.613546879680298,3.4166406559574662
98_12,3.380736046660679,3.3971178106872313,3.0,3.466407088519951,2.8010781331882755
98_13,3.057844977918836,3.823578493500313,3.767021073350476,3.6773618673253035,3.129590288789622
98_14,1.9588565728351464,1.7446417902846192,3.0,1.9657220733151433,2.0870317860766425
98_15,3.53246882419291,3.726360090683876,3.595492577476438,3.6806805084319594,3.283624926406406
99_0,2.5266845996950487,3.2148406102155302,3.0,1.063288926958941,1.1458764825759646
99_1,2.5498840021314026,2.831935803887201,3.0,2.442888771703876,1.1131730456545095
99_2,3.0263382110684347,3.7406065598047995,3.0317174004268947,3.345150080102789,1.1066770382491073
99_3,2.7046176867917455,3.48674826474373,1.0774321108885971,2.9320572591112315,2.235253632482238
99_4,3.0,3.6612436768473158,3.0,3.4694347659043343,2.9358219813376736
99_5,3.0,3.4860964355635997,3.2924459765558582,3.465540666847153,2.7282270646848334
99_6,3.3904839083247342,3.854730440572368,2.971755613811863,3.356057831367584,3.2473327590316208
99_7,3.6176837545221137,3.4854475123201603,3.0,3.2442041546668334,3.0343211191855555
99_8,2.6714985038743935,3.3116849079278468,3.0,1.8927420164886424,1.451998111453113
99_9,2.56119079735973,3.353435937128194,3.0,2.908598812738943,2.7301836900304814
99_10,3.0,3.432271821431005,3.0,3.094237790090008,1.1690539493057424
99_11,3.4369438141369635,3.6983317636135196,3.7959981659934385,3.457319476756434,1.2463518676985255
99_12,3.4208378031164224,3.5547028632483473,3.3489584814545688,3.400867812898765,3.2133578931352913
99_13,2.905974153674172,2.5113700026540466,3.0,1.2169273815934467,3.0
99_14,3.0,3.372705617483515,3.0,3.0,1.2478594372754215
99_15,3.162057516157409,3.41634788303199,1.1941752132659915,3.0,1.1516037805408028
