group,COT1,COT2,COT3,COT4,COT5
0_0,1.037415764083169,1.0180828840198781,1.026078458834519,1.0377034129867446,1.0110775099550928
0_1,3.098200988199374,3.0285265171958913,3.103489837791524,3.04463547789885,2.8528762801675787
0_2,2.628111925571194,2.2708228496971077,2.6557323527146472,2.7946890221139205,2.3744836170342576
0_3,2.9808715259147442,2.2944187828951503,2.9557226776207366,2.3784021333928105,2.474798108504886
0_4,3.031542640009894,3.1537898016086348,2.9526581685108115,3.0521443867100975,2.5971746262448843
0_5,3.399217849580579,3.069560702627102,3.8159228630499995,3.619864581062459,2.8579127760881007
0_6,3.9043767121270965,3.310889017547647,2.9189337369331287,3.554169053378688,2.8599507524441203
0_7,3.9050295612439556,3.9238601710469436,3.924025394068141,3.0826409783854185,3.112076394701611
0_8,3.979663598198523,3.9999270288423086,4.004822913123391,3.850362560493523,3.9907824167016583
0_9,3.754105277992615,3.046895165475991,3.9768827706333223,3.3361245711754255,2.5140753965014446
0_10,3.9996598018322693,3.0901986855156576,2.919015234120737,3.2406491437392675,2.5040939307503
0_11,3.3419644522842087,3.011307316616636,3.0428283762541453,3.0990925017080366,2.5504607681592186
0_12,4.022801895802711,3.9965050587558744,4.000776007630716,3.998397992438361,3.991966044997033
0_13,3.3454774493831185,3.1279679121558104,2.9071235291640414,3.308058463598983,2.537483708256294
0_14,1.3777443434369303,1.835587370226812,1.680170600344372,1.8372137585490538,1.3805891980402243
0_15,3.0377340176294934,3.0047681749739645,3.4668546114025505,2.99664300607839,2.5349953271042116
1_0,1.708741619258649,1.7315912327584755,1.9483440158373693,1.8730629722543193,1.4405474523596795
1_1,4.002687473353777,3.9903813618227586,3.6449538159754677,3.939313240441448,3.8480971562417796
1_2,3.9881355311848345,3.924511798898235,3.4635805063405964,3.1741133399693977,3.180380432453122
1_3,3.400145882574976,3.7279970701079703,3.4094261098955254,3.2851988898855446,3.728232482192753
1_4,3.9748912507002894,2.8915891053028413,3.699751473282844,3.9312270417521975,2.183110298715732
1_5,3.495551668112612,3.064849081619653,3.2828227932920573,3.5584226190714294,2.768085578709788
1_6,4.007731433709648,3.9830540393252805,3.9798620419848865,3.972887324859288,3.6097773542826426
1_7,3.2032724809242663,3.0112189732782806,2.316124434619668,3.0393681697099897,2.350296091005676
1_8,4.022881978568856,3.541804411582126,3.641901103685094,3.0317684441876445,3.2692460577877176
1_9,3.4677467967691333,3.0813929349452023,3.4351131306909974,3.435530894464722,2.4405900222819215
1_10,3.261892585352153,3.0074807092140894,3.8312224379147257,3.1460841270171915,2.509404425409614
1_11,4.011831010463433,3.9945356219624855,3.9395191709803816,3.8799334997716133,3.1084260202840004
1_12,4.028635308073743,3.9710302017847883,3.863943224496608,3.997490611710878,3.957498212452536
1_13,3.703045744922238,3.0176434512261836,3.1502275326551965,2.907235451746961,2.5063738249165843
1_14,2.0385539186851718,2.0128068978017586,1.887473970460053,2.023867214346615,1.9501663653326513
1_15,3.97971409955282,2.9946388732428226,3.834932584051985,3.1372342422561594,2.5657084181487657
2_0,2.0072618657277586,1.9701829723483333,2.0431439704568644,2.0854901933361547,1.9334127353524357
2_1,3.8511794425594754,2.7371844512478294,2.879228403797375,3.033664885103117,2.091997719587876
2_2,3.525780227984784,3.815743195858063,2.3221215784446256,3.146088689884582,2.2781999014713104
2_3,2.8268369111201697,2.0586726074430457,2.4457867108772335,2.711106043302212,1.763691675566298
2_4,3.2703307163713475,3.0071345674536194,3.0302936690968356,3.1561370593181035,2.7790739542456087
2_5,3.4949528483153447,2.981923426801168,3.144651427549762,3.4206199982434478,2.5160743837219535
2_6,3.9670760351552103,3.334245303889536,3.675021087009779,3.677413913906366,3.182297388030587
2_7,3.2204825766345078,2.356555038965689,2.8170838166182754,3.0383080680964247,2.9035316334035888
2_8,4.1822973316869625,4.002547671787284,3.9745217929812267,3.99809111621428,3.9959671662447858
2_9,2.7123900076205523,2.1183895389333416,2.238298311607312,2.5825961620603772,2.1142324123730916
2_10,3.9843865345726797,3.118000511856262,3.8924769038699827,3.2841268921102102,2.0391443496215325
2_11,3.9930794438069257,2.9262914262331265,3.2521490416957155,3.2841268921102102,2.1306325635784065
2_12,4.004828753077967,3.6504072579208198,3.991534365451948,3.9901981577114913,3.5838277205323186
2_13,3.992283608069402,3.1571270886104723,3.398075781593657,3.4626400695990336,3.3326866362907723
2_14,2.9808715265767054,2.5649427158113474,2.680772119836345,3.2586680602170945,2.321613750176233
2_15,2.2941945354360285,2.0306655088177608,2.161630050895657,2.3531177830614003,1.89452057021747
3_0,2.000050003494047,2.0010543860150465,2.0402968953201093,2.0179361636093653,1.9420141115174034
3_1,3.1987638283322006,2.7906303784545052,2.9522923376703716,3.004427124616681,2.8287435244983423
3_2,3.995675477567952,3.7011396528449443,3.9841072497651595,3.4316479001792017,2.1828120601241108
3_3,2.7117429927445342,2.5009116004640224,3.259907269933758,2.994651447768043,2.3803176351027537
3_4,3.647498993748474,2.564238959633529,2.7629194091001428,2.959002389010933,2.6344248563341055
3_5,3.8804153815669635,3.182194214999497,3.00562784536501,3.016145459250397,2.57074366125086
3_6,3.9527398204962205,3.0431618789819725,3.9625134806180347,2.985811447806421,3.2280863440739584
3_7,3.139156362024938,2.762005150278366,2.8035503229203935,2.9744738736557426,2.9932166716271036
3_8,4.952484721453868,4.376856639006093,4.946468745666426,3.910642875089147,4.8513287222367225
3_9,3.4978863206419804,3.461029478853348,3.9842974788068415,3.06487517936393,2.1639436257315166
3_10,3.9930273654134636,3.0,3.042147112122945,3.8509586481909586,2.771104468973001
3_11,3.988066216148712,3.6186283656894394,3.815656138837476,3.041660557414135,2.650556244552779
3_12,4.531132786393593,4.002353290381488,3.988276215633229,3.994678461793988,3.992337056462497
3_13,3.9582298584895033,2.900781229332887,3.8904862023277893,3.0113795822154583,2.9464750938290463
3_14,2.0380891591744543,2.0058634009292047,2.003049585494196,2.0354994395651604,1.9829407640091326
3_15,3.3450575148107284,3.033100443345097,2.8677058095203227,3.1129008691758866,2.3219896183137365
4_0,2.049392927140858,2.0045598710745764,1.9999262174735233,2.0103288808444812,1.9922284460547766
4_1,2.9957539318050515,3.023384523499094,3.0582190026550107,2.9758862422843584,2.5949792461060563
4_2,3.6209304773325455,3.0377975636542094,3.4961120767651024,2.947028273507867,2.199856152420974
4_3,2.7664494705808735,2.164983651494792,2.736032910592401,2.737315811585081,2.0928110175702437
4_4,2.9421250472439167,2.438927917481118,2.3241364471667945,2.944843302696063,2.182223298341133
4_5,3.344581462738633,3.0799125602265045,3.2729674973973144,3.4333202644092355,2.645116657961014
4_6,3.9537437642820548,3.1537990518823706,3.2776603075459745,3.042141654521512,2.6358658047461154
4_7,4.015044613138593,3.9240001298217253,3.704378405306752,3.9447934165019407,3.494287266416837
4_8,4.6503115424774055,4.892973497930414,4.068188520678175,3.971099885407982,3.994131946702545
4_9,2.3812272016199203,2.7103455263770018,2.2944239521247067,2.752567199277284,2.147774939700246
4_10,3.2154822002770573,3.105312984424758,2.977456852819692,3.435803576168913,2.270499272390688
4_11,3.104033348454467,2.952274335491299,3.117876410740301,3.0090136656098667,3.052146555005993
4_12,4.037166384081754,4.007363772437649,3.9881999315838135,3.987500131016627,4.000416907635102
4_13,2.5648502841431453,2.6811101207278027,2.904001843179311,2.985638577506689,2.2442447497569744
4_14,2.2225596197507036,2.269422469352975,2.4098245816455353,2.148264322992099,2.131857070182628
4_15,2.9131091722326095,2.4395336276739346,2.2449191730908287,2.5724921074096825,2.0088991347930416
5_0,2.501525371537179,2.1645939753966754,2.242265569334928,2.690926977432555,2.295212305122187
5_1,3.5605245961739014,2.852959634530978,3.043674798808212,3.796638625480484,2.7791150307165036
5_2,3.817222000637801,3.753076605311166,2.962840200788885,3.1507597035323434,3.48259862307713
5_3,3.977390427393307,2.8657562711784488,3.0595563870454097,3.496196255385437,3.186477195939745
5_4,3.650900296244005,3.559591104670438,2.9661341437657813,3.5302145425049445,2.9578500558273793
5_5,3.3701541578525154,3.5257095100007794,2.8603451852030135,3.9043255837884256,3.115523089072517
5_6,3.8347817029559326,3.0143619606316543,2.2209600146694526,3.742822102345871,2.9403363777377822
5_7,4.012000778628333,3.932211619153855,3.978633836437413,3.9648187864212843,3.8667602559344183
5_8,3.729956420141777,2.7717845721840435,2.752373361618568,2.9999999999999996,3.123665243475282
5_9,3.9978489734194707,3.174115476317296,3.617002302703297,3.861683794643609,2.9907045171700943
5_10,3.0683188389993585,2.5937416542630256,2.658076360897395,3.0371579751035642,3.077501454034927
5_11,3.7963974956418785,3.9707879595418207,3.999263498165391,3.79661104549868,3.923612438092259
5_12,4.007265905684647,3.9896861272974946,3.96633188122057,3.9763827021651177,3.9518843513071533
5_13,2.5635302846896026,2.1826594410550295,2.177471869585821,2.5683660614639443,1.975157633679497
5_14,2.7918225652181077,3.053327465051619,2.937667158430234,2.909088323113474,2.163182612674437
5_15,2.9981568596765262,2.6823155349011976,2.0152402713174222,2.4089154588909594,2.245203233433558
6_0,1.974329211167297,1.9055127297371526,1.965194106472914,1.9881465311863087,1.8199911569155647
6_1,2.013966819260822,1.9646504782817222,2.0665429352362996,2.0327990828637543,1.7350750640961923
6_2,3.4972899946211133,3.1034901196197393,3.004757327737998,3.0927535955173906,2.4435594050411313
6_3,2.76508285754317,2.145899046274107,2.960156472179692,2.74421760578572,2.077656381104046
6_4,3.866194291472253,3.10734304352713,3.0795549200444183,3.030824858550741,2.5730984998920685
6_5,2.8232762687193236,2.2956185302312284,2.2933299122675566,2.947114083771573,2.567628767024195
6_6,3.8508573132483206,3.249932288112358,2.6102253413607674,3.055156703281038,3.0987953811537032
6_7,2.993269769192667,2.7090279926542395,2.408370796513788,2.94643195866572,2.564653473888703
6_8,2.268399626737334,2.4076278165167353,2.8554921434412894,2.5945424831783304,2.349163767514837
6_9,2.999999478976515,2.935134871640062,2.377107128548665,2.502724740775135,2.269060985937626
6_10,2.033787179834169,2.1174736280891864,2.082202161681607,2.3207764061351894,1.9608106392460039
6_11,3.980216679761131,3.3692225351920033,3.587787141630059,3.431528418072262,2.4115587695075016
6_12,3.96298869438071,3.0673228052907096,3.2942284328198084,3.0371175920294626,3.1003050692363683
6_13,2.0314363967228024,2.001500716649896,2.1022011757061367,2.145929914454467,1.979310876228325
6_14,2.008379995165548,1.997915545816358,1.9831375657177839,2.147999955202158,1.9625376545425692
6_15,2.0100460804697535,2.006434215899063,2.0241464354219807,2.0224332720973575,1.8885313837357092
7_0,3.3458611177257582,3.1587549983368364,2.8771896691310777,3.067162933634373,2.506509516426535
7_1,3.9865127795369353,3.866750734666738,3.8104686823232727,3.8929678928602103,3.09020323370785
7_2,3.9779115518016095,3.7962714492305447,3.6093053253945317,3.432342855094161,2.871992600613476
7_3,3.979913629182818,3.797093685022024,3.5882680465016517,3.753864280880786,3.5122481716357328
7_4,3.9957204505969397,3.9239384661770296,3.64150562262446,3.6483634828029925,3.432914033032515
7_5,3.996441169264256,3.8930524385818317,3.8351758997123655,3.923760880410237,2.973326233976194
7_6,3.925243724928475,3.9830269325450343,2.898717601004207,3.160006730263566,3.726542838263006
7_7,3.851718080640949,3.923851200798509,3.6442035037268097,3.293758352938417,2.9880399952572034
7_8,4.24498166948547,4.028419249201793,4.014856585954649,3.99698089309331,4.0028524167539015
7_9,3.5903302970561057,3.371778236555952,3.725369784423357,3.8502714575287027,3.042150426344233
7_10,3.924295427936195,3.0964766067713017,2.939961045790575,3.337628856462437,3.282518754014815
7_11,4.000965537022444,3.3389850604829867,3.7295823210768857,3.8146072220033194,3.0
7_12,4.084938990911458,4.007147303051166,4.013653297799085,4.00278261114714,3.9959499141430253
7_13,3.9824888173125546,3.6772346631296107,3.0935267493049423,3.4522798435618056,3.42636382202172
7_14,1.9952819118027372,1.9912120011738583,1.9917775904477921,2.018452608233166,1.7599510334536868
7_15,3.7763259020927116,3.040996962230678,3.010114932481167,3.11129642302633,2.2880227391345116
8_0,1.9263638246793178,1.6793969618828233,1.4077632348051103,1.9749764650796606,1.4734164423021947
8_1,3.939941580651452,3.5809210599802137,3.325010563352018,3.215473107246091,2.908644553618249
8_2,3.986797430290559,3.047923258959713,3.924116694655463,3.7968796784892382,2.2040047540740844
8_3,3.0618592959796116,2.2233928901841056,2.439963475437759,2.8897076406957383,2.984158884536239
8_4,2.946268965847674,3.055604675000123,3.1912241570957613,3.1206972947934726,2.445974078405987
8_5,3.9147219138262144,3.212188395420833,3.233891802821416,3.9037502333927905,3.0576290420834193
8_6,3.967275169277552,3.427742853305547,3.3550680767377403,3.2826437985152,2.5053245081137936
8_7,2.596738241482866,2.0358934043856016,2.4750869163800124,2.6280898251122133,2.0831516522009075
8_8,4.160762970380759,3.38968003452752,4.09546161478911,3.749475072951538,3.3403877932878436
8_9,2.627853253334256,2.558237212906279,2.9134272975884703,2.983895357691129,2.8957718409452577
8_10,3.977565632034131,3.9045466494215217,3.6479310349737712,3.557444759864767,2.4420007621104047
8_11,3.997211558565292,3.798031812769751,3.5555137879207264,3.649394644695689,3.1771093631118132
8_12,3.8509449160284994,3.004768229239293,3.4263689135141355,3.393955443532182,2.8330438073257205
8_13,3.2092956643391273,2.382849246691164,2.163600580394276,3.0083462260570735,2.607595537380784
8_14,2.131612325055349,1.993679136113843,1.9290930962770882,2.379188633934636,2.010244330163277
8_15,2.531827426208243,2.350114028788595,2.4388080658443356,2.502720567658992,2.0667060130685497
9_0,2.9045650712483,2.3510110655106105,2.680033142515787,2.8657672069586275,2.6026637608523515
9_1,2.045335467997695,2.024292624475303,2.038958078615869,2.480751778932928,1.9459574387238474
9_2,3.97093392672328,3.6437238420332134,3.0964833851806235,3.7246654038683262,3.0534396792739433
9_3,3.816940380174726,2.9563176196414878,2.9098358508763007,3.9147823437789424,2.2235287354998157
9_4,3.9628798418140883,2.919080621205482,2.9316815693182994,3.6778753788663723,3.0437070348459097
9_5,3.776827630512138,3.4049847876902355,2.958138931242406,2.922511588400777,2.9028330065485615
9_6,4.0154255643625865,3.996952669387994,3.974191064975461,3.9870852999680664,3.9138904844189413
9_7,3.5306213228047536,3.210843293920747,3.0460501675266642,2.933797257243629,2.926831080979874
9_8,3.953489771507262,3.431639735007308,3.9158523922407245,3.8504424275559095,3.4947439290565336
9_9,3.2145281393613176,3.28634926708179,2.244791543861546,3.5288570866937046,2.036594800130978
9_10,4.0090090540167145,3.7973539523983613,3.585569133124505,3.9736755130012806,3.4712400631593594
9_11,4.00632701430873,3.9397573295555484,2.9915974092841187,3.9235326420178196,3.8498524939854755
9_12,4.075780878600811,3.994298524218851,3.9917098754653346,3.9991888594848928,3.9577182236040294
9_13,3.866286296606433,3.645758285481482,2.8926531059182237,3.794712644818287,2.6396783227955245
9_14,3.344044253153028,3.1280933355833107,2.3495613977898384,3.7297147015402867,2.2704961444081886
9_15,3.677836842900976,3.197850351232304,3.3710173227639193,3.6476465606686843,2.7181552649664606
10_0,1.0046994353075231,1.1074267849187518,1.006001008558633,1.2480169431604782,1.006790056703579
10_1,2.094853335950652,2.0137935831433382,2.049896084375866,2.351338400640656,1.99878314076842
10_2,3.9847361602692657,3.062452028844503,3.753581246414894,2.9856383121423207,2.7809650616163206
10_3,2.0288637506529077,2.025316579799171,2.627205751290299,2.2945319342084036,2.040989413692755
10_4,2.9957386919944704,2.294317993096914,2.966895418074004,3.08010746305575,2.181806648712542
10_5,2.0747507615201313,2.0402605409608774,1.9970347283482526,2.0362692578380934,1.954851573024641
10_6,3.962771678031521,3.400244491422388,2.8278941361674677,3.2369710866088237,2.7806714237674424
10_7,3.967463609885422,3.213447345653553,3.79586405343834,3.1429327848518493,3.1156739516680356
10_8,2.0229769550708103,2.010379469409515,2.123263857255972,2.067569869616423,1.7148714585176517
10_9,3.7975500539923814,3.041660581897086,3.2154779076620974,3.766915721724542,2.5133174743287223
10_10,3.1358559984653525,3.0595310975254413,2.813384693873315,2.7156958430930165,2.112249852382827
10_11,4.00329805833187,4.010840507898936,3.962671878979221,3.9796810220989167,3.962501156198005
10_12,4.025476554523119,3.9249365641368192,3.9993799777446544,3.998189768528511,3.984052370727665
10_13,3.080949887914964,2.16472239834916,2.2695699384573227,2.909088333887208,2.038560554295445
10_14,2.0048820044828894,2.1039724695103392,1.9216063116671,2.0587126317436324,1.8445836619897928
10_15,1.757954308501454,1.9244561314245003,1.6232128000956063,1.9542136938053873,1.7092645111431135
11_0,1.9751437030320866,1.867827788374882,1.4093432221526359,2.057819615596945,1.9799070370876857
11_1,3.1221532838509645,2.80870869501559,2.930411771410688,2.883565818225791,2.248425073670548
11_2,2.972492020652796,2.9337204978847584,3.4544492694840687,2.9135272476323975,2.2936598699008437
11_3,2.1764732451973705,2.0095208004325866,2.199024654445309,2.408383234657107,2.06849037321764
11_4,3.039370308747014,2.5337737982955377,2.7620422557643494,3.016106913234259,2.130801192182201
11_5,3.9740783958263184,2.9919752860517836,2.7076612269558766,3.0090125333150834,2.9896006238996646
11_6,3.996034288783327,3.5572503195596408,3.423066574795876,3.288750829229777,2.842793799715493
11_7,3.9469173026241484,3.317154100520591,3.9139261118676925,3.75389188049424,3.1734817777244437
11_8,3.9978544333520705,3.938823324132154,3.9792634316960784,3.6196286077381368,3.9166207569270064
11_9,4.006615616648077,3.977043200192175,3.4276026577785457,3.4665458707333467,2.9613739134072943
11_10,3.059547904839018,3.059270513807302,3.0059920844744603,2.9578749996849725,2.8086986746322102
11_11,3.28420958974567,2.9873046082132535,2.937569101820089,2.9896686353287665,2.2204367098354023
11_12,3.984273945050713,3.374019454224989,3.9621640065083086,3.8346038621739886,3.2572416107193845
11_13,3.9322920057789297,2.853798547423124,2.8531405872628426,3.0161454518027195,2.3242659094163725
11_14,1.0602759260201742,1.3211553938222995,1.4728989674432962,1.4831949913712132,1.042401191435629
11_15,3.266910019921278,3.006689051658935,2.593495277208818,2.900818595643465,2.7404594240907563
12_0,2.01631341335865,1.8936596869546587,1.9911819633168353,2.0206856760531515,1.948592013348465
12_1,3.212233316164978,3.374446426676785,2.2712488677974383,3.649677582784114,2.161563637802668
12_2,3.9399445870648053,3.5583388422099635,2.4442917117923573,3.22997047033831,2.5144568373296643
12_3,3.4635644301789856,2.4385209152106464,2.7187362517848364,2.962242362620532,2.5353909887006796
12_4,3.8931954591756064,3.433002711779662,3.0082551449650916,2.981958221171965,2.4799644988001983
12_5,3.556399868573115,2.2702887648069554,2.2261246613087824,2.8330151687070244,2.6114290717329194
12_6,3.2258776784325858,2.008059063032796,2.7081806801124118,3.255114943543403,2.4456143272675868
12_7,3.9991680644881926,3.866705009753302,3.3108729128953174,3.2073893278650187,3.2280122407869594
12_8,4.562095385213966,3.999270358707136,4.047294170922623,4.001646234354975,3.998147312530733
12_9,3.038633196138954,2.911154530036044,2.5025519807929326,2.994652215241291,2.0997423565199433
12_10,3.0982010033664587,3.075158115654499,2.7624234979158997,3.047273345372808,2.802185935965726
12_11,3.9978665416129875,3.5264304739704104,3.644122439156338,3.0378079968790366,2.9671714150133304
12_12,4.531133369638213,4.294143757403172,4.033130933702059,3.998731840195081,3.9999816594224007
12_13,2.1176952969544787,2.045992789460435,2.5011990580998624,2.581105656847816,2.031384801720756
12_14,1.7800181525739867,1.7312454576637275,1.5694693129665112,1.9852990315431012,1.0954716230775992
12_15,3.066220891379457,2.440537997022996,2.036257003109054,2.628024957156166,1.979390131245019
13_0,1.8386254906135977,1.4076121044618448,1.4087717043991526,1.8398349087677077,1.4086753104738468
13_1,2.6280070837829768,2.5026772100592622,2.246877129052948,2.50172455554955,2.440556896243701
13_2,3.1385348907426582,3.0864530654021087,2.834377550636232,3.403364762296329,3.091385286188038
13_3,3.8515299688873785,3.077368638727754,2.9658067696410284,3.1391403290953543,2.937572747091664
13_4,3.0964876224045965,2.758740932489797,2.4695646532941953,2.94102591852218,2.6529026526454946
13_5,3.962770623611875,3.880281621771432,3.0860658942140815,3.9524793345460023,3.1040537324311166
13_6,3.99187369258934,3.9949518438965304,3.8904539861812535,3.774171304812637,3.2827998230418247
13_7,4.002891086057309,4.000126185578262,3.9558365971395566,3.9956669467585306,3.9886807336721932
13_8,3.1650746652070176,2.978491222162307,2.8880295080115883,3.0000000000000004,2.773671402079342
13_9,4.00131363881584,3.992476394748902,3.9875505791618027,3.9939016005969954,3.9616695593980538
13_10,3.963078484174694,3.7954044841275087,3.4298099807201075,3.9502648703900944,3.273042287247357
13_11,3.993966854711728,3.8884133398947114,3.3701420371186326,3.9725688594653072,3.273042287247357
13_12,4.75483216680245,4.319913811492953,4.006772964822847,4.0001963804999985,4.009121331283517
13_13,3.8922691187261154,3.1129330177574404,3.062951009223561,3.5267983736288127,3.119184489134354
13_14,3.0913745732223266,3.2092836872622605,2.2010720330562044,2.7087124625569876,2.5058247980719672
13_15,3.3376647013890923,3.1605558618475067,2.7833013893688165,3.0279203041297214,2.687626350090598
14_0,2.064455760196613,2.013096015479427,2.0252946923091466,2.1182026572595256,1.980758401155173
14_1,3.8508446624914954,3.4628365074188765,2.892534410278656,3.150768370091465,2.100684137434332
14_2,3.986099596078729,3.066220515215857,2.763948400023098,3.0,2.8876755882416285
14_3,3.9823216287523566,3.98900894427215,3.142044947602813,3.528085143108929,2.9531143699035285
14_4,3.0203384837185823,2.0837132590976513,2.0337897431696286,2.6241647498561447,1.9737167341543325
14_5,3.984450695928847,3.334511148887143,2.969705561739663,3.5894761830609205,3.127957579076649
14_6,4.002696157383675,3.9041238502829936,3.957806801673439,3.6213875447950183,2.9782123090725725
14_7,3.4976961768784,2.3783166406178684,2.1270503730255252,3.028528242353831,2.062646235594889
14_8,3.7259602300674555,2.3495575742236947,2.4393321106857115,2.6558477371886493,2.0934275677371477
14_9,3.4629166606486215,3.619890509811509,3.2093172050564815,3.0383010802386283,3.048133342694762
14_10,3.7959917718003306,3.846142594807548,3.5870780614589046,3.1434068768974597,3.066006498828347
14_11,3.992692378444119,3.365376600118933,2.564953146916929,3.952233660739182,3.146086630394174
14_12,4.0156224672677645,3.776978205090397,4.000012910117413,3.995343381904398,3.9320804129800413
14_13,3.5903724741866014,2.355943596821637,2.4196721123794362,2.922437872963622,2.3810479589624873
14_14,3.046836242180978,3.07748836290331,2.4414162357946743,2.634759381983264,2.3804498009450956
14_15,2.294153397995916,2.1840743053457885,2.083396246873681,2.0674714324200907,1.9967891259187707
15_0,3.1172945848451907,1.9950672350030878,2.5330753590801587,2.5668187530563347,2.0558855431855574
15_1,4.001049954080902,3.5289549014148776,3.3710049075265553,3.752118293168676,3.0083527552923823
15_2,3.9398947183249957,3.880758320106189,3.3064838287768166,3.676839550202988,3.237662779978386
15_3,3.7971447146900816,3.8515854998491306,3.4616224471956962,3.5599148341518916,3.6719147103466994
15_4,3.9980562340497,3.9626992410377837,3.8797421001803487,3.179608815200558,2.860446786943117
15_5,3.9239882224220644,3.376072382014128,3.650726797212133,3.586010018364784,3.7946172065627737
15_6,4.013100563163549,3.9712753010617563,3.7949288990197165,3.9665592304491444,3.891413421202118
15_7,4.017674543117105,3.9973203383555886,3.932252133644051,3.973418906128749,3.9038589770557652
15_8,3.939557546503314,3.7544401116821877,3.9892168848397587,3.396576579115538,3.39794435791141
15_9,3.982750801728204,3.4052478113537945,3.38477743589843,3.9235514392870723,2.8497489828319087
15_10,3.980628068204561,3.9329949057684495,3.2205087773585004,3.914592168934086,2.7809998151722697
15_11,3.971052045524436,3.952658251244422,3.903417696539484,3.5891725199113274,2.7809998151722697
15_12,4.0059327924303885,3.98632539527135,3.9233893402851354,3.9540980726394057,3.9705843108412116
15_13,4.017777462370178,3.9842744648306385,3.9396634977806015,3.979493492620726,3.966848406345977
15_14,3.984635944103858,3.9401146291803197,3.9465339005090714,3.9852864957094973,3.9032024997769827
15_15,2.760316483150842,2.0906756182028787,2.003525971145381,2.02890792582213,2.0801106095243695
16_0,2.7104566522617315,2.084936868735063,2.063594794366686,2.5999048384875842,2.019975043880896
16_1,3.993082443212627,3.2387786520950517,3.752666429939232,3.316641862766057,2.766673833357312
16_2,3.990632410593076,3.879926010888461,3.135982751740435,3.615345906718334,3.034425636690079
16_3,4.000965541915735,3.3376471481633785,3.9843647656399526,3.4355069918668475,2.75504005231629
16_4,3.9962308717605346,3.4338815247145926,3.9234819369841727,3.432865299000412,3.255288122169486
16_5,3.9801427508656,3.6772290504764187,3.946649370929558,3.701841157420909,2.744885206012613
16_6,3.9975252365688245,3.4932611521293104,3.774736339938134,3.754004384160576,2.699941407060649
16_7,3.991860361962571,3.8348350612153457,2.97444358643489,3.812401549356622,2.9463322414549875
16_8,4.985838584206046,4.132187907718308,4.37657794879586,3.9671171152951135,4.03515061289993
16_9,3.999690839240333,3.6202442686787717,3.94613759565904,3.921639661944362,3.7269885127938025
16_10,4.005837507437799,3.904889575832397,3.752606192676605,3.9463308737482627,3.282446875855637
16_11,3.851124462553172,3.0691987960610008,3.4277351073563973,3.213434115571472,2.73248410911144
16_12,4.268873244624307,4.001155909367251,3.993713736873138,3.981745042517661,3.9830207441113337
16_13,3.4976062310133513,3.0991000871574146,3.0101153197529067,3.213424540486733,3.146068544555701
16_14,3.754458596599922,3.2599037706359333,3.2387785901344843,3.097066323309401,2.349163596984312
16_15,3.6207486410940724,3.0079746657057953,3.7528958118839792,3.088711247993209,2.567040505770331
17_0,1.955828452860872,1.5623482973064768,1.9498137373425384,1.8407169238565,1.6805843907837268
17_1,2.769445943955066,3.005959407190754,2.7048844079045797,2.325977059269865,1.9509325609262425
17_2,3.049619748857534,3.0727424110457737,3.0201835546482374,3.1868174186510454,2.810103211566317
17_3,2.8607227612810604,2.40806235495636,2.502092969009133,2.8492838050548337,1.9917776131441811
17_4,3.9929985749530297,3.9744459296578185,3.9464327269448405,3.976515267700198,3.6724019725271897
17_5,3.850088216843929,3.3878094917789796,3.2122203913275205,3.5449339370698363,3.150232649625752
17_6,3.8349026510911757,3.043118131603087,2.9271646624941656,3.284098045886467,2.9999846604929976
17_7,4.0417726388964725,3.994551111074286,3.891107454763052,3.9228826910192556,3.8772153470223985
17_8,2.049105119948401,2.2679509400067186,2.4736352602588285,2.1778019752654143,1.99209344410414
17_9,4.000148908064493,3.8746776216345435,3.9738944128535802,3.8152699820813627,3.153932816449625
17_10,3.136144679127944,2.9479374171836494,3.618330449291967,3.0990781910694056,2.27121741204194
17_11,3.9957204123659618,3.9964892879932488,3.970646824697635,3.952420955591747,3.8143530654125484
17_12,3.99946276376067,3.8925299773356796,3.966822493725143,3.9132078022576002,3.392196745719905
17_13,3.0556104836862845,2.1645884763415997,2.8806682643281367,2.908628388280636,2.595025549339827
17_14,2.5998467514253907,2.270076664380466,2.2665853747944804,2.4099220646849666,2.0699829882736758
17_15,3.0241283508606753,2.441763825246011,2.708157900424166,2.964555078215097,2.2682910902160587
18_0,1.9645998180038478,1.1646018654080676,1.8883615627641779,1.9638115707834152,1.0602470875690018
18_1,3.9957204145470517,3.8909841764704294,3.985919798816506,3.9839986489519856,3.887682517076026
18_2,3.073356403029115,2.7673877122029613,2.439532544613599,2.5977161491826326,2.145936231299506
18_3,2.571048605752264,2.9823526057893965,2.2665303721586154,2.505826138842066,2.179242971163947
18_4,3.2205175397990633,2.9188328875186316,2.1522778393597966,2.694870607471367,2.19120304654555
18_5,3.216325378432236,2.627382556556933,2.7616901473257602,2.9745009996993566,2.322857831804478
18_6,3.098200990572295,3.5886976554851664,3.3224251166882652,3.051683202602531,3.0534730431517163
18_7,3.9968394903401556,3.9034947856782587,3.9411866191806872,3.9505319444488225,3.5863071208625947
18_8,2.163445685186163,1.9921040090436108,2.3146912230204744,2.2933137330247573,2.294490917696964
18_9,3.9949499725442346,3.9656272017839833,3.9458493357895095,3.677308473131954,3.1102513693514515
18_10,3.9844740721191187,3.9237747454120533,3.892314024462231,3.3735015311026078,3.1279672416001523
18_11,3.989334405710977,3.9237747454120533,3.8506098611438198,3.5562396701462644,2.9404810381261406
18_12,4.015743619382529,3.9673621622291573,4.000580842184962,3.9840182299941524,3.991397300219881
18_13,2.6901727021775295,2.007395004564306,2.4384418091172217,2.8883103217795916,2.11919940685673
18_14,3.9772205301419747,3.77565715642416,3.489067360371335,3.4013009674201418,3.5691325452992317
18_15,2.771528658954948,2.056308157453406,1.99674181064124,2.3210717193183124,2.008366365518768
19_0,2.407502921114191,2.244523571775636,2.1462206529042858,2.6638886778791173,2.048383839396726
19_1,3.8167509549914587,3.6195710011024254,3.9220056430903734,3.645439135579877,3.424852927240831
19_2,3.991860070559079,4.000346457576247,3.9818720149952003,3.9985394512037495,3.9521503023204194
19_3,3.9996935348566973,3.914792902799197,3.9925298395923337,3.369106343334239,3.3701420276942273
19_4,4.0020411841016275,3.9946601262096846,3.962669106842244,3.9702921506970066,3.7958950480256064
19_5,4.002987305341153,4.006961776528634,4.001579037331869,3.9560877804493177,3.957636497951869
19_6,4.006202050677533,3.8801746624659845,3.997263772232461,3.9935665959504614,3.8506197726239915
19_7,4.294145965780167,4.022803948958196,4.002664094461289,3.9967312977290517,3.9721638376447173
19_8,2.9957340303855657,2.051620477978556,2.566743223811468,2.803141166522939,2.16360704224022
19_9,4.164412484824836,4.006551710948662,3.9951089141413414,3.995416503914402,3.93921111249103
19_10,3.9395199388051942,3.9625629945115857,3.64752715616304,3.7534757159422663,3.1236739962001008
19_11,4.008227300508464,3.9985072615386956,3.9990229301467006,3.9705453337547274,3.9521503023204194
19_12,4.002710376841214,4.004655845038263,4.00320644541763,3.9973535268157767,3.999279396998842
19_13,4.006089769385369,3.9943633195151946,3.7940822634685625,3.7973684604571334,3.313095884935038
19_14,3.9927523820790505,3.558072922037723,3.073129889582667,3.4357729096418623,3.119246820293254
19_15,3.028758024148962,3.0673193441885145,3.0345363015576345,2.975887819975548,2.1181377145070703
20_0,2.1818380577900203,2.0234632393936316,1.9788609973422866,2.1469850272227196,1.9586130612544421
20_1,3.866248640441741,3.8654856636612314,3.7238530415401287,3.1867874588751155,3.1823037452998144
20_2,3.7757259532868,3.369086238510016,3.2618945943183753,3.217265132061634,3.2702922305270814
20_3,3.9969822319779507,3.924042033850529,3.992447711885379,3.9701860718734974,3.1572058279593413
20_4,3.9972672909708464,3.9148515201091527,3.973918965146138,3.9857218678280013,3.8926548167277644
20_5,3.994298204997725,3.7044086308990267,3.9774233441196243,3.5914985160179462,3.903225102148788
20_6,3.77522612022112,3.834922539596339,3.514241408036878,3.4651574612784337,3.169854190509692
20_7,4.003112935558037,3.9971299634175503,3.9915305259745364,3.9395342832645266,3.991275584218864
20_8,1.5024432543370334,1.439397954343238,1.1195024473209456,1.3801251242292034,1.3784190344187586
20_9,4.005306272105885,3.893169368598101,3.9411865900898175,3.9617828812441607,3.9577976833806185
20_10,3.287272367207932,3.4677447287300502,3.6199395016729508,3.15237217683887,2.886949926014314
20_11,3.8165843332200757,3.989316286480295,3.2006564429134046,3.4355346654525407,3.3648139426235977
20_12,4.084996202466349,4.002084271680219,3.9999637093255336,4.002179420349679,3.996602661669381
20_13,3.273075005570422,2.9287279638127868,2.8580705790316707,3.285244793160721,2.787682622094279
20_14,2.9293353746605906,3.0792248106155777,3.055159096600964,3.8516130218382956,2.3218063709531207
20_15,2.439117870548259,2.0352756133305885,2.084693110122415,2.1329729152480006,2.0490881517041633
21_0,1.955092575519886,1.798415896102215,1.4694817818197348,1.7062929496920738,1.5930435142611998
21_1,3.3410977382864675,2.3790409886924198,2.8693947823428982,3.6981059524737776,3.194213115099495
21_2,4.01073314279394,3.9768522468201697,3.9985068203937253,3.9874641870592797,3.970522444970004
21_3,3.12638133694184,2.9506570739569646,2.811986911416015,2.8038908252885175,2.0947615132090442
21_4,2.4416213038425467,2.0193543521599167,2.0806305599581463,2.2010460296992114,2.0073024842997165
21_5,3.402962060323255,3.230123802126372,2.9808715482061316,3.2413617448055065,2.2943995767236447
21_6,3.797309033443918,3.8800343500982746,3.851318013467067,3.1881687101669,2.9277948447793225
21_7,3.9879490185401925,3.7040108254046773,3.668797247768693,3.7963613168311765,2.9748642233131197
21_8,3.999578213841418,3.9741092692855737,4.0006450787898995,3.9936645284248073,3.945849297227365
21_9,3.4324123587693873,2.956871486226338,2.965823315219198,3.1626168364995504,2.812670564690528
21_10,3.979944009893069,3.6984365274429334,3.244661417274543,3.337400481621252,3.0196281786132806
21_11,4.017812488061304,3.9982090296573314,3.9944187825211066,3.9577528270521154,3.962495312355635
21_12,4.0035270837873975,3.9870257021384394,3.998439566127919,3.9033535711685676,3.849515616467003
21_13,3.2646546347310412,2.811638791766886,3.080502099587459,3.1599572974282886,2.6851771850946102
21_14,2.0333114947938116,2.0021937113960804,2.000099041028127,2.0415839557576083,1.9076885724359358
21_15,2.132286278618904,2.2021010740974196,2.5347975195694583,2.3215959423673107,1.9864175521561052
22_0,2.1286882162364646,1.981081128870614,1.8712125121316425,2.1825023167726596,1.967344307478031
22_1,3.9670777716443317,3.9578838254813404,3.865367124451636,3.8694416275092345,3.5096877720670823
22_2,2.950001721589711,3.099107472308411,2.245405824867532,3.0074846801057245,2.1636012448579818
22_3,3.999190600178063,3.463523508228621,3.8922718162024452,3.618485782654755,2.6377205073758416
22_4,2.1632430948057957,2.013429146666603,2.0265180043430346,2.3798695250737527,1.9585342627206301
22_5,2.3793784293734004,2.378993598959151,2.03624683082866,2.0951617856181266,1.9578723481486107
22_6,3.9953556572573765,3.9662498791113325,3.193852177314302,3.8795519671009293,3.200726013496584
22_7,3.9973651856102266,3.993834063605356,3.614599386011849,3.832913364874531,3.519299547413796
22_8,4.407250343341208,4.019478304583313,3.9709757591492116,4.000955031486505,3.9904951015880905
22_9,4.0155601749703465,3.962600130126417,3.148976438103871,3.775426226770559,3.330635255361599
22_10,1.9811413798895683,1.9048595255489367,1.438314001360978,1.965530430002306,1.5633187204141663
22_11,3.9863776546098193,3.648646623728371,3.0774685953052034,3.080949481379003,3.277656008845339
22_12,3.9986461915658404,3.7528265110942036,3.999571001665069,3.9875551297615317,3.9767615887390817
22_13,3.7759470083624342,3.2130507551545553,3.5846230079204235,3.4610460725105727,2.8119436332121968
22_14,3.0,2.3521656665851673,2.0049331114297146,2.321921008247419,2.1314136673393786
22_15,2.072883730763016,2.201853831798021,1.9806872494291032,2.1307797111119595,1.8681040769455812
23_0,2.0071234482800695,1.9735632657551057,1.7560775972662819,2.02107792932954,1.8788019311081523
23_1,2.7596406095279473,2.7581918773537115,2.080058092643283,2.184682640271642,2.064315194525623
23_2,2.5985096195523103,2.502695688846921,2.320459477691795,2.6311674598513393,2.0476718011195723
23_3,2.2454630955780304,2.084334387772825,2.163410505980476,2.3494329440269124,2.007393964896652
23_4,3.754463285020762,3.215501082769557,2.5732419730987974,3.5282486698647,3.503835367647656
23_5,3.903742161742587,3.2233419749178736,2.9885669933519594,3.365004336075738,3.0483657533441257
23_6,3.79767490879598,3.144660110878348,3.0214931514810965,2.879274697357607,2.1612262526854202
23_7,3.991411081147,3.946586160535952,3.992572736835146,3.9667533019903445,3.1978722022510686
23_8,3.997836421487535,3.882966485815179,3.9552924918643475,3.94661074690098,3.9986697070390904
23_9,3.992873696005084,3.8785493656429546,3.8495364672825465,3.9817682382712367,2.7582975775693304
23_10,3.066104595577049,2.5371145798935064,2.19918724025535,3.0811185369785354,2.68717604279192
23_11,3.9906215029181284,3.2775797460942537,3.6177611185967664,3.632489522323664,3.0813107037252716
23_12,4.006064787121109,3.9940118090487005,3.9999387200284127,3.976908625958222,3.952323476112266
23_13,3.7964771726918807,2.933789483514855,2.9857296091514933,3.082215458375729,2.838973549589072
23_14,1.7325072105568569,1.320978783452745,1.7558549007619004,1.9459051946305068,1.0760388891196344
23_15,2.2675713085205906,2.0100469921365653,2.019661645271899,2.271837910098264,2.0095898541734787
24_0,3.9949488846042787,3.5588784180793422,3.866604205531717,3.9315020006270918,3.0158429106932543
24_1,3.9583375898717015,3.1571930533059396,3.6763616767147393,3.5596804676238034,2.9798183406411987
24_2,3.939948038432006,3.9974845524789937,3.9525742772548695,3.344743422152422,3.4588645904579756
24_3,3.9983524605387006,3.923884759936936,3.973794828011183,3.8461700859537307,3.5854405765073083
24_4,3.817074367196942,3.064923336610192,3.1539152093521436,3.8785153170183273,2.792319994875607
24_5,4.0359529118603295,3.996839469722672,4.00053735394436,3.9911384853030287,3.6474339874770627
24_6,3.9581657340395004,2.9872103510726102,3.4345073029995428,3.554148647736286,2.3540435172059304
24_7,4.029195600525398,3.9859074861095274,4.00118919469291,3.989772504022124,3.6753999315855053
24_8,4.094810282590567,4.006030972722456,4.002670209173293,4.011388794021331,4.020909286627382
24_9,3.9999499991824354,3.9397291015087257,3.958000241118102,3.7302357056505095,2.918587472026592
24_10,3.9954989320652157,3.9466443911911853,3.86516467324537,3.863401085252702,3.281299023096625
24_11,3.9948878548540634,3.9321691219452997,3.343431039020479,3.9042384199262385,2.9274599127640983
24_12,4.041897290839102,4.002686423123822,3.9918913118199315,3.96503553761598,3.99367343942162
24_13,4.032983603443348,4.000080156756979,3.9465951377906037,3.957674722782701,3.9764502700575584
24_14,2.3207059167108945,2.841966240230568,2.145023597780576,2.500704299300028,2.062864649845727
24_15,3.4366005365130072,3.5553914991411175,3.125509926243487,3.177367023165763,2.268285038058483
25_0,2.4082937075046686,2.095372897938149,2.053604894915917,2.3216451115389334,2.0073820726402385
25_1,3.9241007281303206,3.559982291238725,3.7995021809399323,3.8166688336782872,3.258812231181721
25_2,3.9041385603125907,2.9404613235096533,2.409750100191074,3.420976811074793,3.053311120754299
25_3,4.003588601609291,3.9705194456108015,3.9676152936260367,3.9381474046273133,3.889430741766723
25_4,3.0901724268888766,2.9391199373238206,2.8987025082457354,2.935076442197139,2.736042541048646
25_5,3.7768928189542814,3.4976130485648977,2.7904956894152706,3.72459129289967,2.891793717093597
25_6,3.982233834862255,3.1550522015458617,3.31479715884929,3.1063623905111757,2.8491439693119203
25_7,3.984568549770314,3.7966956945516745,2.630403192569068,2.971448952035891,3.3654913508925945
25_8,4.428803817352817,4.138540343982159,3.8965806529382636,3.5735759565223635,3.127841835125028
25_9,3.648339811580819,3.2108334775253575,3.6232782168585174,3.6192152440227345,2.5414368686459476
25_10,3.8510958997033398,3.369162053357803,3.0000000000000004,3.4861459069687495,2.7580660900894647
25_11,3.994686354862533,3.675552542608517,3.4776056617962077,3.2841269148967434,3.541775645571639
25_12,4.008451922808215,3.9941325688054334,3.9862428287213114,3.9964055756595296,3.9971548518186752
25_13,3.9931766060706875,3.892940833993121,3.9013310104844674,3.8348200951095066,3.892188819913831
25_14,3.8517841025193515,3.561256745445801,3.479470627694902,3.753266142334287,2.9830957874914508
25_15,2.1324026869762225,2.18323151739156,2.1474243198218423,2.2691708679481772,2.245502642710751
26_0,2.0083290380043888,1.9427608355244572,1.8284904102924755,2.0124859063072975,1.8930253978058857
26_1,4.000630488279834,3.866452876702167,3.231802089187827,3.993110853990148,3.962337318784119
26_2,3.9832607050225195,3.865731698993681,3.9796495882394103,3.939437737176476,3.42770342340436
26_3,3.923730033677104,2.993654265903488,3.740880903323038,3.5232474639502023,2.8807708780033647
26_4,3.6156963313884543,2.412819300610079,2.8778125329027673,2.7878030347886535,2.116642630573958
26_5,4.000566272117364,3.997509800201531,3.9487982269712036,3.9642918213955007,3.988969347483644
26_6,4.003522651896525,3.9928548174927543,3.957953763268356,3.8505833928102624,3.4969313985148776
26_7,3.946586968987466,3.4275084083280247,3.6324088424731262,3.9142053966597925,3.462833162540727
26_8,3.9925744031268597,3.6779762943976215,3.9890185824387823,3.939238273315765,3.676632755798734
26_9,3.9986999887679127,3.4274160891703094,3.9523383514185113,3.728816563085874,3.4960933494570745
26_10,4.029102803611425,3.931713769371696,3.9967387385129816,3.9886832510658894,3.998773753835016
26_11,3.999949769327657,3.9696700590500678,3.957312963870311,3.9238705303165613,3.783611145136884
26_12,4.16442598026212,4.164389506200212,4.029172512752073,4.01228631187278,4.00836860563777
26_13,2.980130883518506,2.471778007869482,2.293785311221046,2.7498928026756495,2.0583738223019186
26_14,2.111256460241317,1.91528656862324,1.8586090260669286,2.0249706625821173,1.9427578977002895
26_15,3.9927957538435033,3.463506664656217,3.957902333222889,3.702536505770662,3.1734225525963184
27_0,2.0092643434455977,1.9680695145951659,1.9421413020002376,2.200741624354747,1.7076530556852723
27_1,3.014194238246783,2.3209406849747647,2.013794357644446,2.4393428641019206,2.0235585732769805
27_2,3.308150210503401,2.3504445485575713,2.1181029786940475,2.9225641044157356,2.094128015845314
27_3,2.984745408452163,2.3218743218063382,2.795196360723742,2.687961430612049,2.5727003950451435
27_4,2.707520712321486,2.053189567099967,2.0005162723245458,2.625310848106444,2.1186105877460837
27_5,2.5623744076575403,2.201815929613724,2.9464791524141005,2.73597345951569,2.3848642890128895
27_6,2.955362289918467,2.067394675436469,2.739003999613208,2.9689631563473218,2.0198623085165504
27_7,3.4323887756219107,3.0227732852644937,3.0981931997022683,3.1172370681548416,2.7553726828263994
27_8,3.5242881372716064,3.2521197821039136,3.751421522752699,3.903496088351494,3.4905217069235883
27_9,3.3760738891731847,3.401719521095631,3.069438017537692,3.0201654426920643,2.887128726928609
27_10,3.235933170014408,3.0838993630199942,2.9448400661116447,3.0622315815634487,2.1823745366549567
27_11,3.223377034097002,3.0428765788449543,2.8985681583554954,2.9434070998142317,2.322331106478572
27_12,2.500884414024657,2.949761864845518,2.472950319882816,2.6277431590966525,2.448242980187933
27_13,2.6812976721699493,2.53689767739553,2.40750825858922,2.918946551730688,2.045021770106485
27_14,2.710435349790954,2.1319257805428387,2.165770364579836,2.597994839383254,2.001064978286912
27_15,2.376725986234266,2.074282318742826,2.0517100807571893,2.3509499053380636,1.969150737376225
28_0,2.7093142366205183,2.223029598825265,2.0741363136976365,2.5684244896438124,2.0446904795582217
28_1,3.105350221219665,3.275362404958437,2.9261517174287293,3.301685236679076,2.180041071464187
28_2,2.563982176032287,2.164219019513681,2.046816316941908,2.2487896885049903,1.9969525191557547
28_3,3.073863873178463,3.030294275704565,2.771572721191072,2.9012046770382507,2.2446188712882025
28_4,2.7074894017633193,2.0371012426168695,2.732935789556421,2.707504144286265,2.0594819514191944
28_5,2.7597628294911822,3.0529713366231697,2.3222386356284437,3.011379975813708,2.105279358676589
28_6,3.2154821747620277,2.946543401254649,2.3779950980408384,3.0774937563769273,2.24392451642797
28_7,3.2233460712984683,3.125456232100228,3.1412436875367713,3.0774864736928995,2.8843378620437794
28_8,2.6967541369349033,2.0811601994617805,2.186095813979212,2.181796749643686,2.0703145690640627
28_9,3.4264832076948966,2.947683455615002,3.674576154676301,3.0516943557208283,2.7793544477640935
28_10,2.294110791624012,2.3494566565779857,2.041106781507619,2.1475374943552934,1.9807584025795744
28_11,3.4191534327523785,3.4935287495409764,3.0059857157412964,3.23762210435963,2.9617924194714575
28_12,3.952615278044515,3.8803954553921387,3.4937170858973228,3.5299558283876307,3.315483117941241
28_13,2.9793375887561497,2.222813759983912,2.7156234116577638,2.9624771080190087,2.094498396622194
28_14,1.1826179090471727,1.9252206846456268,1.4436966042192036,1.7803973889365825,1.5966966534000662
28_15,2.320954667556225,2.533698483364629,2.320103136329733,2.270275753734267,2.222525082055806
29_0,2.0184333852231338,1.9774306684156773,1.8207111559814264,2.029692840996269,1.73373109116508
29_1,3.366826681995296,3.0345370509301737,2.506597497387616,2.9999999999999996,2.6931841270355177
29_2,3.990728728036449,3.8348494929480648,3.9738089555077574,3.987353268606147,3.879123241204735
29_3,3.621542910053976,3.1221493764899555,2.9696547271660325,3.3697423504722424,3.143407205882192
29_4,3.880411197323595,3.893115581303051,3.6964753562850623,3.5564647720152247,2.867569257458094
29_5,3.9897883974629935,3.263421806728968,3.5145584047187066,3.8412279256410415,2.9873606288686876
29_6,3.6772566347950253,3.62090303013221,3.7223362409445855,3.3077191735718494,2.9720250005151536
29_7,3.952935478083159,3.866655373087679,3.633571177673502,3.4314679620608706,3.0
29_8,3.9150166852785513,3.2108478258254873,3.033860057583289,3.090001641475925,2.860612542809268
29_9,4.028924906239611,3.983015473300908,3.6417347639756112,3.649593971074414,3.8638821703409203
29_10,3.1385350759230386,2.7379752213457382,3.186449717458375,2.8603596757583656,2.507687344808287
29_11,3.0446377114568612,2.6544421042769972,3.0217419696613153,3.128006755876193,2.3521904780766483
29_12,4.106609352302277,4.003399919545097,3.9154573819492775,4.000583125859258,3.9909033234774096
29_13,3.9714878429161296,3.9440152584469823,3.810579395781797,3.2904370204719893,3.6408217783208645
29_14,3.421295520807136,2.2695352287471,2.161954894507038,2.6838608140620193,2.1155157729248915
29_15,2.349893328698959,2.017288445298811,2.112236211486275,2.811987230678239,1.955609657102439
30_0,2.131917439815603,1.999678371395201,2.011887013440188,2.474394668291583,1.9921051619578412
30_1,3.9822251251574334,3.9042871614763497,3.8119125624018553,3.1844528344175878,3.1910048703769838
30_2,2.9350523334097742,2.084911955665263,3.212082512999406,2.8945853113234503,2.0931741529362013
30_3,3.314797978119804,3.4646928138093296,3.465190617741745,3.1102923715377586,2.7905480616479887
30_4,3.9398218302618675,2.919043278031938,3.3853817331586025,3.518345893917768,2.413379875665376
30_5,3.6509810652016736,3.729669571507653,3.87789891055286,3.223294158605053,3.0980527164224654
30_6,3.9578255388137538,3.0727376901515018,2.728146089985162,2.9865883746283113,2.379661417652589
30_7,2.894639240701433,2.036324591869944,2.008238479896157,2.3917898599589087,2.0934944974575687
30_8,3.2476364689805544,2.969144250827105,3.666546006768605,2.947055914898838,3.0574894589386026
30_9,2.378021196415267,2.739961430495182,2.2706104210789055,2.2987333593380574,2.2469234201276205
30_10,3.678786366803189,3.2394895527233434,2.8391960957129045,3.324475873505495,2.8349663615427767
30_11,3.892969974773842,3.096487212176039,3.2013145025644945,3.1649239179229145,2.7185254735684
30_12,4.019572560216731,3.9244389443015444,3.9793461651210187,3.795798513354204,3.0803338663624467
30_13,3.9871880296515214,3.0725295080413124,3.0380546303334564,3.130371398075151,2.6311327846464434
30_14,2.24519700442027,2.5386669129314368,2.0719148319036655,2.5377159589851845,1.998269281745532
30_15,2.5023100322235172,2.010327476516057,2.500784951351096,2.323484523974591,2.1309433324937923
31_0,2.000050023404522,1.9894868233348881,1.9930539279115451,2.0367440820067086,1.9988480291593063
31_1,3.996141775563607,3.95224457174288,3.8918569014792723,3.9888666725032014,3.2552456996012666
31_2,3.9669473007908844,3.1669631928446167,3.6092351522964394,3.4355260117287965,2.9758743319307794
31_3,3.9981023293488382,3.728819982551749,3.9961365002049134,3.8906657929168498,3.2474760632338344
31_4,2.8640739399019814,2.382798253511572,2.7369788209537065,2.811846271749534,2.6039526498016685
31_5,3.99563996224815,3.9322073682304834,3.861058037180362,3.343731326296502,3.1523923822069797
31_6,3.9707401087943395,3.9238102966425177,3.3450439451821774,3.851221585373337,2.4428918166458184
31_7,4.0033930325097,3.754320818057619,3.7689927043689893,3.939351928434361,3.273063242779615
31_8,4.62231120152814,4.002578630146954,4.02100323186463,4.003586897550815,3.9849804002796856
31_9,3.98618217876862,3.5853416836580787,2.9856455920400413,3.250148085447618,2.7258706952003866
31_10,2.105361720415948,2.006703885454484,2.093324204627458,2.4821346449683865,1.9637603401081614
31_11,4.001360666779031,3.914658145633381,3.9603227535756904,3.7504681580849457,3.896762177989612
31_12,4.05332366697765,3.994005543291302,4.017492979357092,3.9928930566713987,3.998002007168189
31_13,3.971429522945504,3.496254581961481,3.7254907961465977,3.8511151776815664,2.903763706958788
31_14,3.5197170598332987,2.8087941900594844,3.100283660556277,2.759182834524785,2.323245599855017
31_15,2.093729943013211,2.005492412474345,2.0150327372968966,2.1191363361289084,1.9831731124337684
32_0,1.9922276399738716,1.9655226138194848,1.99352945094528,2.037412256856472,1.8717155100528053
32_1,3.3826104081342634,3.7538258208656536,3.9145877930290656,3.9667676361223076,3.0721620954011475
32_2,4.001097580688037,4.004073926436098,3.979722080088769,3.979315529118047,3.8116595270916367
32_3,4.0006498217082065,3.993514654453206,3.996096039653481,3.979544501497224,3.7734691244463985
32_4,3.880688654701599,4.000457104671218,3.9999447433830895,3.976918057303607,3.6958521491462393
32_5,3.9876583778019516,3.5593988817956355,3.914204865094229,3.3112781011363026,2.844848434555478
32_6,3.3257096055952418,3.583429604608266,3.04789464497448,3.3153919126063083,3.090202527612666
32_7,3.9927140531580094,3.977206009254956,3.996406538254784,3.6185881870919,3.8158523071882837
32_8,4.437742333397647,4.164097610238733,4.016532101149368,3.988253010215742,3.993802287759859
32_9,4.006866819304811,3.90387703870791,3.9302863506405634,3.9140281849709146,3.1277155422129455
32_10,3.997380746303356,3.7530029745351774,3.7906110833994537,3.795847605992374,3.2233419357542235
32_11,3.999177972561589,3.5596836515016443,3.9707172248943245,3.966674022144376,3.4619752867747975
32_12,4.468706846057207,4.002375892709742,4.0291222957669035,3.9939120482448898,3.9952059215184343
32_13,3.9848301731396196,3.528267454547999,3.602564173152739,3.05571098832815,3.694987348883928
32_14,2.0128068255086586,1.9828731856811657,1.8619379605181388,2.038696666285783,1.928040214373536
32_15,3.4927629376524303,3.9324003938914154,3.175943707260493,3.790303247780023,3.1361676290509886
33_0,3.932278951220407,3.776022389118405,2.9838551729267806,3.100291110363506,2.9085293606055536
33_1,3.9144681794939524,3.3632254877327936,3.0371579842664413,3.3978938140781816,2.690364131140697
33_2,3.6486830136624118,2.8767781232974245,3.2541025504941916,3.8719268847203248,2.708888395131561
33_3,3.8667776105107183,3.4917202708704442,3.5545824401802473,3.8719268847203248,2.8499578838841506
33_4,2.0669718632185523,2.0283303587604053,2.293887357911563,2.0753283504066524,1.9307307149543054
33_5,2.6816415095833466,2.0349197606539167,2.294235165408158,2.322716293266487,2.0296767375274958
33_6,3.9771111501025143,2.8767781232974245,3.4262378208830215,3.3175681591415973,2.583439093791828
33_7,3.9822600083388866,3.9876969390074652,3.2317981707923265,3.7959721645153905,3.463532528799984
33_8,4.851866688821715,4.074115450381976,4.072594188670157,3.9948783489376867,4.029145679656022
33_9,3.9327583898353113,3.4299120905155593,3.0695269911850684,3.07252604926388,2.994008110463628
33_10,3.7303275004690413,3.1358467704143784,3.4262378208830215,3.8719268847203248,2.294911060424648
33_11,4.004400872070568,4.0020944580234294,4.002908805637192,3.9931101047142947,3.9923792465810277
33_12,4.562085359065126,4.012489091300941,4.015734687415481,3.9879620220032566,4.001668898461754
33_13,3.9524997303173515,3.0813849970800833,2.872034667897213,3.2841027987024867,2.8613684325101127
33_14,3.7054145646559395,3.970646766928249,3.816467167569912,3.328943840079021,2.7527607172485165
33_15,3.797822227691349,3.5820815189884043,3.458972899668453,3.086418051940378,2.349485872278232
34_0,1.5625424551766838,1.7994063207205306,1.56254263264555,1.779302296856794,1.7784837859583424
34_1,3.620187448375295,3.9146028469984535,3.44556580553973,3.2092531872596926,3.089724236389519
34_2,3.729151725154316,3.2872426252359017,3.5827539798582944,3.7032506069896933,2.7551128485772614
34_3,3.524206406824832,2.9352073013488345,3.194196306539924,3.009002411945266,2.334883740437856
34_4,3.7283445159795434,3.9140121754103787,3.794709979446433,3.914565598537599,2.675869276241862
34_5,3.967059437834339,3.892245490376057,3.535983517351058,3.8658935201536058,3.3408278370879567
34_6,3.210872781538585,2.9999771408638845,2.473970354175144,2.9465077316403656,2.2248689765291894
34_7,3.964228657244993,3.9829184396023307,3.9520201635796086,3.9462334832232404,3.984032904701953
34_8,2.6549713763384926,2.0392153459426363,2.5704894825766895,2.352791521118303,2.0114735803991963
34_9,3.9995776963140126,3.9708410220369927,3.945817335445267,3.6492349876738084,3.1945289356546955
34_10,3.9324307679410797,3.5589518495183787,3.5249887261021207,3.752610172255185,2.48185646034301
34_11,3.9991557017386152,3.8931326044605563,3.7746872775840927,3.70315077027981,2.5781476695722643
34_12,4.164136875185782,3.9945747659591175,3.9969603001818528,3.9839978369020215,3.946126817333143
34_13,3.8932462909712178,3.8157434096690404,3.7500193249205855,3.4934613878311516,2.8360558001096328
34_14,2.8174230962836657,2.238674970456624,2.6886051935476374,3.0000000000000004,2.3835548468306182
34_15,3.018383359815127,2.7104252019491026,2.697151777386774,3.098194813596478,2.2708810686835452
35_0,1.8376612430490298,1.6238199456622164,1.6239880419645045,1.5640299910249742,1.7801660337319016
35_1,3.497886395335859,2.9272290244054675,3.006704375353359,3.2154630018441126,2.442535580506338
35_2,3.4943037654424978,2.846042218490909,2.9336772903880557,2.685299042654513,2.561219997150831
35_3,3.0648878487403968,2.084964237249356,2.7739727125528457,3.204981410544376,2.146624473271178
35_4,3.1120737885453784,2.813363058526706,2.8227142871977944,3.3326796475378044,2.790004150264203
35_5,3.0201850710711677,2.8640005468343475,2.837273769434113,3.2414955974674657,2.790004150264203
35_6,3.20074552835926,2.2706694003392207,2.18219940704676,2.896517379476136,2.064859756685028
35_7,4.002632422437614,3.893335727549303,3.7283144003050492,3.3450439141076043,2.926151708264942
35_8,2.7171947516284067,2.224524860686406,2.2214796000731023,2.4946797859938763,2.1149606702218637
35_9,2.874433271182429,2.5642150856884682,2.3804217417430817,2.901800749179088,2.7825205683074032
35_10,2.9857553250640683,3.0074826405349064,2.655616704331324,3.006704010591881,2.389269211710708
35_11,2.5077785129982684,2.5045991453106473,2.8602850774063984,3.0600200356334932,2.2233017169126246
35_12,4.005317661495307,3.981947077249054,3.9625163947026034,3.914240409423515,3.7284915136734496
35_13,3.8346921401300285,2.566345979466219,3.1054606880972035,3.053472705175013,2.6073869093786866
35_14,1.9960663330588158,1.9713941991298158,1.8779365379318405,2.1064585098464175,1.7069443281402914
35_15,3.0472783218204555,2.9135311011447413,2.832894873497943,2.7924895960408382,2.7719409903890284
36_0,1.469016733439858,1.6521878120282494,1.076120850222993,1.1652155071885384,1.0853477990700295
36_1,3.9578048446209904,3.796687563367896,3.35759022376963,3.07338840586899,2.5708424412038817
36_2,3.0157475138167493,2.9932616585614613,2.3245536034903846,3.164566725359156,2.131607439230852
36_3,3.0416579219136652,3.1656960821339637,2.709831358364547,3.4539191765196318,2.1830499382059587
36_4,3.9148213220251944,3.080951988399319,3.7722987681036972,3.6475680280452756,2.785416915670003
36_5,2.9872089787311804,2.6903059798044238,2.4716944805620416,3.025136254920194,2.0630434387596632
36_6,3.395537489177645,2.6008749787652965,3.03542780794041,3.0581477182259826,2.572007797240186
36_7,2.2220629470013407,1.9981653711999223,1.9787017635915307,2.204166551459905,2.0977785193124645
36_8,3.456438469135924,2.850934752946574,2.986179014785096,3.0623607160995996,2.633890498013144
36_9,3.060022950100384,2.2959969829440263,2.468672875572172,3.0720430429557504,2.7876177306363457
36_10,3.2339213326661067,2.79675871448215,2.9886613481152526,3.3937976919120083,2.750148286692903
36_11,3.275523934069697,3.098853994415235,2.502323413175538,3.286331248172911,2.183618663702359
36_12,3.9861093823383302,3.9711600361957893,3.996699867888806,3.9939119281033446,3.8503424107499606
36_13,2.7601108092427378,2.3237640851999415,2.2199157155066525,2.752583343239244,2.22895119128175
36_14,2.761030508858611,2.2020588615947254,2.0504013142743718,2.2025363910934304,2.009508510829389
36_15,3.8930085475424203,2.859796042876654,3.275503242788853,3.08200523466608,2.8763163501148417
37_0,1.7777635508524519,1.7986253614217136,1.7793149591988646,2.013589453319898,1.7797061190979289
37_1,3.0393696076960133,3.3171577385521767,2.7887722505588375,3.23005119047496,2.037833672064555
37_2,2.810057600355888,2.4077972540502515,2.4700484999805443,2.4409155767860886,1.9793482978154404
37_3,2.852955731976474,2.3211412564342107,2.0817323286221407,2.6289404645640353,2.062583824298355
37_4,3.1601184257902646,2.634193349358694,2.9295065602719697,3.0000000000000004,2.570538538557588
37_5,3.1015249465448242,3.0067022977238143,2.9578569720273253,3.0214936941823938,2.5417685741381404
37_6,3.0809427228097532,2.222067971569168,2.8946102457911898,2.669379683224329,2.219330112392308
37_7,3.985970036419017,3.984524528387981,3.989850964733573,3.914338709117555,3.967218926152094
37_8,2.1581240644615853,2.0736980118756714,2.0996450136209175,2.2044102146375497,2.028567771445267
37_9,2.7816750599051128,2.5014299487968805,2.59457565102358,2.1481897071194824,2.1178976664945486
37_10,3.941090739042258,3.6739482747639123,2.9416295588321453,3.3918904990903465,2.692577076843232
37_11,3.49886269343547,3.8168217214672,2.95270918328011,3.3437679438778116,2.904635050608107
37_12,4.201687110064476,3.9995082806688753,3.987320702198673,3.9926766955383948,3.998590433166314
37_13,3.3307291189936046,2.864095359525388,2.737533365458535,3.1804565759157666,2.5045961885608174
37_14,1.872219807862669,1.9253932594638141,1.7070539353170187,1.9761307399923962,1.680632973013841
37_15,2.021399913791262,2.018432418796019,1.9927211383306103,2.0488653097169864,1.9201423002173126
38_0,1.9751437834556214,1.852751239397334,1.469863166152033,1.9648699761552,1.5029784809165412
38_1,3.892814830225849,3.132131294837219,2.9873531486629425,3.586995892344943,3.0887438166469736
38_2,3.3065067327368594,3.3939909845877536,2.721640699603313,2.9999999999999996,2.9224615102714737
38_3,3.866770992713137,3.31612051683293,3.237940311434141,3.0671629426890314,2.1806618310268204
38_4,3.146079904261925,2.6691174552300727,2.7597638018415855,2.738087312004712,2.3868787101535953
38_5,3.36922022536121,3.144664727893989,2.3491936578160435,3.550633830715212,2.7439534394633913
38_6,2.9422413744808265,2.63270366035176,2.2212109034288114,3.0141928308712647,2.1646900763776897
38_7,3.997952991678467,3.9999111295355836,3.9668001684359853,3.8641948407137883,3.702464173832616
38_8,1.8999828459000023,1.6516152511420934,1.4722361636997787,1.5339112219546798,1.5018690830752044
38_9,3.939543376138887,3.771852517185296,2.2529216400750744,3.9746040108090663,3.541716710819876
38_10,2.9999301970804684,2.8581518304670728,2.3237069000972586,3.021771183096923,2.200547795124107
38_11,3.36922022536121,3.2812990138405365,2.3208583223574673,3.338849942837377,2.2009520863254775
38_12,4.0033896526134605,3.9577471881664064,3.947104862517889,3.8338498227703717,3.946036226925707
38_13,2.6633890065783765,2.5390941386737396,2.0153398917661587,2.5082741897181617,1.9867371668471765
38_14,2.8625669565342227,2.00075023172674,2.1813330705471206,2.5014055056854625,2.0801317029705717
38_15,2.626210296666786,2.033271801694493,2.011868769958231,2.094476786880747,1.8820178441226163
39_0,2.962816370278966,2.3795027821732426,2.0937850434841456,2.818566668104416,2.4760695348209625
39_1,3.96277090164695,3.020351893060019,2.8114097208339786,3.063478442260739,2.1819310929556606
39_2,3.9824136436831856,2.932794583828416,2.8230222109284018,3.3701447504204167,3.2507196397684024
39_3,3.0383095423240665,2.924543753105518,2.7338911996575463,2.7334201282119293,2.510220760148519
39_4,3.317965882563501,2.935129046427419,3.0888725855614587,2.9519258753178206,2.8539621780635445
39_5,3.2401670194073517,2.9134364326598385,3.047277063797051,2.901809036576814,2.3797556468114833
39_6,3.932068071453923,3.0481691710804197,2.9034079966092987,3.086426497108385,2.200214182591178
39_7,3.932401136490767,3.5257697921020084,3.191229117671378,3.1502142885785,3.0053485890766716
39_8,1.1487138019512437,1.2947992824598995,1.323384404813686,1.6276221277719458,1.564216372525053
39_9,4.06725941146823,3.9812466880869284,3.9830169618930635,3.9462538410535046,3.9388888980270917
39_10,3.005318421463684,2.3784442766722833,2.6283735601532934,2.6268093926742484,2.1056782707425925
39_11,4.025610748726521,3.990142218230106,3.9998859717474624,3.966117626114241,3.7241204530349243
39_12,4.041776140464619,4.004156852439202,4.001294649393136,3.9624440685245372,3.9912963646879
39_13,4.003917983135786,3.776784838309491,3.7266278271406703,3.835028298677246,3.9033432216818817
39_14,3.988127434157573,3.4010537819642797,3.9318167321661095,3.0338624022992207,2.899629925657284
39_15,3.776435521581744,2.9808651656883107,3.0424396500240736,2.922401611933683,2.7429701601296
40_0,2.0088940115842226,1.971861325177272,1.9540214666589668,1.9773977850348066,1.8199931630281445
40_1,3.992750693435397,3.952564003838609,3.3967672749884867,3.8798413024416547,3.5845286838896553
40_2,3.9876354288943894,3.957586102631782,3.4783618727438994,3.484183845778244,3.066211613020447
40_3,3.9042783494758053,3.9903638074871925,3.035449660616123,3.7495906016341243,3.0000000000000004
40_4,3.559011793612944,2.9645612276416755,2.682348320821027,3.083903342367157,2.072874071792795
40_5,3.9147539293483256,3.795575872868041,3.677074020720395,3.265095745660415,3.3599272682412535
40_6,3.9905024508612557,3.4330189615005753,3.728775215137726,3.5149416731692544,3.4776286356063446
40_7,3.9945807366502315,3.9825101988976614,3.1073430880545745,3.7726706805572237,3.6431490571399365
40_8,4.147102973162915,3.9649832658796966,4.052578950031571,3.9976562433043688,3.9784233617737277
40_9,3.9145609110135555,3.490401882177308,2.722177074429969,3.877885448265718,2.8848224206036996
40_10,3.974019354195243,3.994239626973781,3.9033775899341996,3.7730433699427404,3.7252427768097913
40_11,3.966907671095688,3.9740716250345693,3.2233332912851607,3.9521405151220135,3.4009744158959925
40_12,4.005525553710958,3.893140938743557,3.989827326855192,3.935189156870253,3.457638743828644
40_13,3.9042530432511966,3.7013463177162484,3.3449557484812713,3.540612603040351,2.9056205142457294
40_14,3.977012506776606,3.6787805705343364,3.7950514412433893,3.848941911624309,2.936466547271557
40_15,3.2541128832670747,2.955366965470113,2.3203517788405565,2.9327863833129455,2.0690672009452102
41_0,2.1443423895204043,1.9861356371577834,1.9917404479186718,2.0497564824217105,1.9032031009834263
41_1,3.5903591778562625,2.808636406180033,3.2495415347675705,3.5428452949638918,2.201321963174516
41_2,3.989023502707699,3.9144310842162753,3.999345516743672,3.979157959071179,3.0888563743994277
41_3,3.434086820444677,2.4106520434091236,3.1120825450202534,2.5693043680744685,2.0075786349388873
41_4,3.621403846844477,3.85085255335577,3.583029430333095,3.526843396765343,2.534748578143754
41_5,3.9626452652592983,3.2163243063303786,3.1359924172227225,3.9235995595254596,2.4179639609331693
41_6,3.998646899738905,3.904480885003161,3.8912062745433347,3.9900357157242734,3.718638414011223
41_7,3.9324287402644633,3.986432068631402,3.284135068164731,3.702741597449783,2.850434687023304
41_8,2.0665214575452757,2.042472259380547,1.99255587951606,2.0069401082410674,1.8861588047259135
41_9,3.4955669225582384,3.1946614259667303,3.7493957456908444,3.2107262863729606,2.3489969405762596
41_10,2.9695224536078686,2.502864256927135,2.9440513618003226,2.919061398599355,1.972038902113208
41_11,3.982658721644368,3.9322989950539124,3.984155682432597,3.954931851224859,3.1358561018570823
41_12,4.015676533020959,3.954543261397051,3.9985852860616458,3.96648685635533,3.9947460909048282
41_13,3.880456122963715,2.6993555349645644,3.29428144247022,3.0083503966642646,2.0395243360824966
41_14,2.445062137645215,2.9483077779042137,3.321840046087987,3.0721172232795886,2.685128371768202
41_15,2.1187531459838844,1.978106098329478,1.9951421283302009,1.9578487890209328,1.595770860437834
42_0,2.147627012950882,2.147635003485916,1.943614116133402,2.028258665225681,1.9631889820098805
42_1,3.8164695914446245,2.5669977754519246,3.038633392104721,2.9521743958700344,2.180171737565069
42_2,3.4046755243798037,2.909817291374584,2.578147476689245,2.9841614917387638,2.2923606590281596
42_3,2.0458937548942897,1.9900649135513804,1.932997749639309,2.0033727068104716,1.89613405138772
42_4,3.1192495788099546,2.028678423422964,2.3517175500927694,2.914292745843571,2.007902252379171
42_5,2.7998100559543175,2.2955986239033233,2.066301896376608,2.900210659737806,2.4854831923786644
42_6,3.880621108822803,3.067208222466781,3.2521572744933973,3.123389747798977,2.6636564609148468
42_7,3.835284061572377,2.947014537468247,3.6486905115153565,3.957726012946974,2.9744939134593276
42_8,3.282817322800986,2.9138441439015117,2.9621777099841182,3.0265809412215985,2.410125476932696
42_9,3.753864473755423,2.471229731960885,2.8812966721511675,3.0308009752376965,2.5440105914345006
42_10,3.7535657651824934,2.5691705787522436,3.4277147480996693,3.086433076845266,2.702450341689672
42_11,3.979634673068012,3.0927443517005497,3.021773571383136,3.6768545358454956,2.6610232804190077
42_12,4.348574015765477,3.9962030582827617,3.9964669262736345,3.991765646431803,3.9763979254713253
42_13,3.8806481531275923,3.0196243760740447,2.9270847605905947,3.0943561366516446,2.6265901355371954
42_14,2.182221711055006,2.020049163913947,2.105437795575953,2.625117323439491,2.017511091768195
42_15,2.6818712045043975,1.9933849281254636,1.9766461491606586,2.440986991889715,1.8383653041932302
43_0,2.2014494635620023,1.99801618173627,2.011490311770388,2.246843941468228,1.9288664446135921
43_1,3.9994183664830785,3.4323797034574914,3.865382289054318,3.9570294247520454,3.9320855196774467
43_2,3.9932814362050184,3.994083193077605,3.8472466027706225,3.9572931930738284,3.9235506376143263
43_3,3.9933970943729538,3.944313496849904,3.9971025697310703,3.8668173497987226,3.1501890395847676
43_4,2.983877561592962,2.6547678522580798,3.3710049066774466,3.024116830832587,2.8025997938049305
43_5,3.914140429866684,3.9770644424613866,3.79222913282153,3.752629571610901,3.035465255054477
43_6,3.9668321314458903,3.775849049371171,3.797125188675874,3.0446316679144445,2.6400984309872935
43_7,3.797288237697929,3.1129303305841503,3.0481213715396036,3.0103185542401047,3.6143568366948418
43_8,4.170877336250008,3.778432718488474,3.6630028511658193,3.5825033698557687,3.0674790477447433
43_9,2.5930355964215126,3.3419637837764005,2.6655183147645567,3.2763209204306225,2.8020361752091865
43_10,3.9323820249949173,3.835331844689375,3.405259910579184,3.1322734034429915,3.080046408094294
43_11,3.980515621552352,3.7048094783710015,3.2899922891507427,3.369105079548602,3.033877786627746
43_12,4.002206340537714,3.997997232386788,4.009375938752556,3.996004164560271,3.9874830697845347
43_13,3.3109180183838838,3.6479235257587823,3.4305924183506673,3.8790225544503607,3.1460771710720747
43_14,3.675227408614127,2.9748648481170337,3.2365908102897163,2.9541644571465433,3.0897304498393154
43_15,3.2108505048573877,3.8164843376525255,2.9943636097019106,3.703466514159315,2.834608211740913
44_0,2.01931751310527,1.9915118166401307,1.7341261654146962,1.9767988740014735,1.9375138293161962
44_1,2.9072350980315402,2.3207861835938095,2.061311460240273,2.3235495143955895,1.9950861679631744
44_2,3.7979129971107617,2.980871694062437,3.796218330042041,2.996225014944723,2.7765892735005195
44_3,3.1978816749349486,2.930468428224047,3.143381732665161,3.3342448679453685,2.6050592035928477
44_4,3.674064251458249,3.4039223080458583,2.2457719655023696,2.9684607539487335,2.858505844047197
44_5,2.9110627564120195,2.603849041565378,2.668306052944634,2.961713503617427,2.200519341792899
44_6,3.491760121338805,2.8984315105912657,2.5718225999818958,2.965518938130942,2.2677111575562807
44_7,3.9967323605309844,3.9567900032883787,3.8493936118514394,3.2639875573336257,3.081299653283473
44_8,1.0261707559480222,1.269818932643321,1.5334738115939885,1.2485086953739957,1.352815053963159
44_9,4.019850081835936,3.7540390696259345,2.833100709129978,3.976302766395619,3.462106753647835
44_10,3.703536508244006,2.9304355666936086,2.8132732093327664,3.4619853415982846,2.3227273046405448
44_11,3.9708321317875943,3.433539565842981,3.1083556830989876,3.776731724285563,3.0114216092594117
44_12,4.001578578577255,3.98201910513489,3.998890984505341,3.903352850465997,3.2471261137138088
44_13,3.1712565401037573,2.6844549325917186,2.145839585479701,2.6268949009923888,2.050062254137825
44_14,2.9557640855504737,2.924549170387026,3.1304003846208515,2.996224090274895,2.118814684323316
44_15,3.275530660707697,2.1321297340795557,2.2990698661933044,3.010112451131474,2.246814549195035
45_0,3.0504065703206225,2.5640646354864707,2.5339150727147706,2.965478904555841,2.502803091027504
45_1,3.4316695459276554,2.132900275722296,2.24495371907359,2.8205318926470833,2.104894886751549
45_2,3.622075973786698,3.157962405444963,2.855382604134031,3.286105979561155,2.3884553038521297
45_3,3.1225582528040734,2.4432348619770354,2.535595855412139,2.8827132079107427,2.1595739898596076
45_4,3.1898526708335275,2.995006878824593,2.6607884982780026,2.7828066581660087,2.542745965198536
45_5,2.095071608230262,2.041241240617243,2.0150879766603267,2.603272068238978,2.0585086694802324
45_6,3.1507986933069785,3.8930910303826467,2.34930184144379,2.9970183516216076,2.662003266459804
45_7,3.9957693626380966,3.5545673243503564,2.975525363187868,3.4325298579178045,3.0897358987911883
45_8,2.985799684107797,2.2021564848400037,2.6312345005966242,2.7365017120761213,2.737910737426975
45_9,3.9899953013916827,3.1864955975983675,2.893925671141915,3.727400924005672,2.294869703158965
45_10,3.903968994342695,3.9627064014453697,3.84944599438532,3.850270966859072,3.580381870475417
45_11,3.223360457629784,2.6580088560646016,3.051694800865946,3.077488431201206,2.5981865157586412
45_12,4.005464818037565,4.002025030591177,4.000142342045344,3.993141895971156,3.978911546342624
45_13,3.989336998002693,3.002981649173685,3.2573067953992947,3.1117202196872285,3.3654913748876303
45_14,2.7740262689575332,2.297246184969727,2.8135739790774865,2.598356450031303,2.1311904168511826
45_15,3.1759439262777396,2.6258399208385668,2.5628337010815865,2.6638446360478185,2.574333077350894
46_0,3.9626751573537486,3.7545293591063094,3.7005521256416003,3.9234856413150156,3.204826573351264
46_1,3.8667039778229197,3.979616442908561,3.3919285774032257,3.7962664409288323,3.0217736628703755
46_2,2.8583670261207326,3.866539478869258,2.8287000522835872,3.0446330197244507,2.749867880908622
46_3,3.209674085837171,3.1053116583371723,3.2646545016496655,3.436428641362468,2.1053043957071744
46_4,3.9465569023899114,3.7296047032647515,3.4620486193768567,3.6491935586039794,2.9465008644561315
46_5,3.962760969417581,3.7048071515267655,3.5239268189498616,2.9705372875227,3.0535476389341056
46_6,3.958706583919003,3.952418630585205,3.4335449800385454,3.5579471571424217,2.807471049398979
46_7,4.029161899538678,3.9963708459427343,3.9932935486558176,3.981400900820176,3.979459029170624
46_8,3.548563066986314,2.965796192427753,3.038059605648472,2.9841514520133057,2.9260006439210042
46_9,3.914830843887982,3.1000651938706962,3.125280761499934,3.0345185111858815,2.9744752734774567
46_10,3.9524887049540753,3.9320175736145733,3.553422013325773,3.6487743282109633,3.249851727336464
46_11,3.9831237537020248,3.939800676825793,3.7033669848171504,3.7530914139604024,3.573183592995459
46_12,4.000540079983129,3.9891945688194532,3.9396457048487967,3.9952665021453133,3.9971326816233885
46_13,3.9821901330664473,3.529401946907083,3.26366375937386,3.2609247428405705,2.9039480412789507
46_14,3.219678262971035,3.3735701743178654,2.95714984287842,3.914318215890837,3.2776011938387364
46_15,3.6499475697671215,3.9740937019449256,3.2346921012524414,3.1911684386431545,2.8385740794967402
47_0,3.134260420780525,2.2456284574990986,2.626475290105623,2.8385906959099243,2.144642286206907
47_1,4.006088269626473,3.9880733645390447,3.9138682106421445,3.978306333890225,3.3327271425350884
47_2,4.003101389055193,3.9880120454566836,3.9704489344866007,3.9232054252827266,3.5807871524711303
47_3,4.011577247059991,3.993438239641253,3.9761956159071503,3.985570029500889,3.931801355089479
47_4,4.067450145483866,3.9977634615294853,3.8450908535221417,3.938752700677044,3.0887228039286843
47_5,4.037224660723638,3.982034511887393,3.9922298277478028,3.9961652751807883,3.9956567138233177
47_6,3.9799530319935172,3.977133031870023,3.795893577860619,3.939617607597665,3.035454541838549
47_7,4.0596638554515625,3.996451742875002,3.9283359677670995,3.843575326824855,3.2868674840293823
47_8,3.112933372307983,2.9399959790213623,2.5352700255657323,2.9553669878961863,2.7364806135544844
47_9,4.041481969915964,3.984417137761714,4.000663937768999,3.9925648912111145,3.991189615937706
47_10,3.9468900111065808,3.9819392851207565,3.957691391718251,3.527718099200332,3.7274427574425166
47_11,4.067450145483866,3.9956108992119916,3.9138682106421445,3.949235410997343,3.6690567044627422
47_12,4.106612376101334,4.084847808655692,3.9964809429216612,4.002648628166401,3.9934222128361103
47_13,4.037191390261816,4.007039814391953,3.9972204891082517,3.9907799978175196,3.9851134329713367
47_14,4.005609043087836,3.999554319085664,3.9878661585763058,3.936223193353656,3.5108196028609964
47_15,3.8173409087677386,2.908664421524111,2.7626769943761,3.003776569571466,2.533053183964713
48_0,2.687780471335011,2.003068955436521,2.0279260556427765,2.0216958135457883,1.9846547586160368
48_1,2.7516352199651917,2.1458584637535463,2.867633793905124,2.8232649267504786,1.9911229050066555
48_2,3.088873158577181,3.016095735194213,2.0118444323214044,2.8987597140649886,2.0708476079478344
48_3,3.015108441668386,2.843777659128161,2.112753356265903,2.501628655052335,2.349911764120152
48_4,2.9713441879160967,2.666806626659858,2.179976519211442,2.107128174116952,1.9503170931120195
48_5,2.6322737319320004,2.016342598859097,2.1633993766510047,2.3233023789641996,1.9913442133480501
48_6,3.914536389422219,3.340077075570944,3.7508852027415847,3.3179507971692326,2.739056746487416
48_7,3.7974466648265692,3.4324089031535565,3.031079033922527,3.259673112409762,2.956839899166705
48_8,4.4375535702795155,3.9939368821383363,4.002785971271608,3.9739407073217445,3.978293141153884
48_9,3.939996942740468,3.587719818788657,3.2823846317639056,3.1446475699168848,2.796671371527928
48_10,3.7764978936095077,3.2474963447512084,3.5459326056326557,3.067213917833556,2.6832256041683604
48_11,3.946572946894715,3.923856304682112,3.557566449191112,3.3730216481366813,2.8551984074311387
48_12,3.8516911499233792,3.4659655302628996,3.515817443160613,3.2133739393816665,2.722452476925812
48_13,2.038569782581568,2.786093059340284,2.088897744615518,2.6745728631671817,2.0192946074902087
48_14,3.0721641287296717,2.1818966502134423,2.19945446582549,2.2699566295581985,1.9650671791400058
48_15,2.0919818330513857,2.013430598637504,2.1099585117776525,2.0695844933784358,1.996693844897897
49_0,2.409952686411633,2.00059168831168,2.201377264171633,2.378414665209873,1.997465600872525
49_1,3.5569678540100567,3.1924770331482986,2.9621852763473067,2.9999999999999996,2.3797974801882837
49_2,3.005076102837792,3.0958139664197017,2.8695591338952533,3.044211646160813,2.572063805213517
49_3,3.946485510692674,2.94653758685891,2.864021438585001,3.4253520397824486,2.9645359849776955
49_4,3.434908535722459,2.409885648995411,3.0581573884963023,3.065828255557319,2.8281456356218158
49_5,3.797845951612838,3.010105206474303,3.0,3.2596431580164196,2.990699437460078
49_6,3.835081390794143,3.3109328300092096,3.0535328402277044,3.0909261924523648,2.4721993482189895
49_7,3.984394756735055,3.1013968344232836,2.835055034904541,3.337432071490045,2.163845629093225
49_8,2.662772626995276,2.160499609815893,2.144713218266997,2.6146657422815838,1.9768332222330338
49_9,3.974138753304943,3.967017944081487,3.99135464375829,3.9618828864379543,3.7520328382439856
49_10,3.9465419386227336,2.8947059519640668,3.639471844353209,3.6132236656452883,3.088728458145788
49_11,3.5606705517262203,3.049998008559334,2.269082333783736,3.108341746554732,2.7185668525308366
49_12,3.9990550821095403,3.9771809024380245,3.9871489108735476,3.9236791430690507,3.914328759358342
49_13,3.6205032221010285,2.974858539605011,3.02254416230684,3.465919263813737,2.477407435688496
49_14,2.919027606994879,2.6565365248266155,2.9774733276817686,3.0319790715979753,2.1169853587378498
49_15,2.5631336149010178,2.003496044609817,2.0540751713833663,2.075635354732583,2.012320126775398
50_0,2.292923985967213,1.9711278492853415,2.0440947489810974,2.350341412150227,1.8571607823721235
50_1,3.4340812681198125,3.796901505480852,2.813362803708541,3.170781606882587,2.723988370563417
50_2,2.9748048539256535,3.0865137711176467,3.3059707764854998,3.132249920173844,2.9337433806363356
50_3,3.727985673189828,3.880215642254714,2.966211130673175,3.8141287630206486,2.696018868200321
50_4,3.6209342105881466,2.7138163127515575,2.9720332775655547,3.0,2.4392767213979054
50_5,3.1446675834401634,2.3789566437590626,2.597421221495967,2.9465412370746304,2.0106372467438782
50_6,2.842742278629402,2.768221444188981,3.0,3.0127890221215385,2.020767675134622
50_7,3.867007064506808,3.0600225536398633,3.4918006728544384,3.052904973702504,2.53706798448785
50_8,3.0724929985728067,2.784965884830021,2.7965254059296143,2.885923373605344,2.99997916597171
50_9,3.915211494722986,3.0822354335566557,2.9019936214031694,3.8154263918225433,2.775315399161749
50_10,3.400145863782776,2.9523104777569222,2.6240586716215573,2.975875852208082,2.323411908601583
50_11,3.9891157444293586,3.89740078730741,3.4892702097263006,3.812342171910079,3.3282329875838146
50_12,4.095239122433031,3.9976454702036,3.998002063388533,3.9705557225938133,3.9875501798112616
50_13,3.914833953461339,3.030287048491434,2.7110643947414794,3.2169722705167283,2.7203228345951698
50_14,3.8661849622762627,2.8744367685371075,3.8092872534855724,2.9533728971889985,2.5017264223404623
50_15,3.021490570004441,2.2461330437978253,2.093257941788309,2.9684726155995453,2.200638542857933
51_0,3.1039186178688003,3.027964614053684,2.8883402241405736,3.092722066089028,2.3238795712563647
51_1,3.649572022593954,3.1523834966155886,3.2204421260427925,3.3372775541293582,2.730238188163779
51_2,3.705152711929956,3.052147757281124,2.378790731624944,3.105309839213684,2.163524655065129
51_3,3.9241708587585427,3.1703659427509,2.2491776369385468,3.4588832931963784,2.929817812830261
51_4,3.0113803190368813,3.025129248395277,2.2937851838461167,3.465389318094343,2.922515738818853
51_5,3.9046033454498947,3.835262197639663,3.0864797242143833,3.1600705498556287,3.115522237896856
51_6,2.0492351837464846,1.9827736121543367,1.9808871929763017,2.5214248002548474,1.9542290938981721
51_7,3.9824346471032612,3.6148030084548535,3.913674883616367,3.946153406472686,3.454802837046788
51_8,2.0742591265959076,2.0221316401262523,2.12005591012658,2.202495562489417,2.0299787513016514
51_9,4.008753555529629,3.0830144449494603,3.119228788025445,3.217045505607617,3.0101166558441097
51_10,2.057939592893645,1.9939468459234497,1.9068675608972772,2.1815278045369664,1.819080563183641
51_11,2.036052949411031,2.1192372233409666,2.563047590855752,2.6078597956999396,2.033766824898959
51_12,3.9525284187218084,3.8661631796957994,2.956838796925505,3.522163572280879,3.277690896225579
51_13,3.177961984145207,3.0595552619268584,2.6932730471654653,3.7012648105087615,2.450722691473189
51_14,2.0584407348674625,2.1475242667810805,2.0356206766829112,2.4090897829802027,1.9787812081089706
51_15,3.4926694520473465,3.0101153197790578,3.1687737861422547,3.0,2.834922032977322
52_0,2.1638924866785723,2.0469242456982353,2.0376582639778933,2.132526704750675,2.163991346246056
52_1,2.9272219908081647,3.4316659552843722,2.8343435056891684,2.733091374821309,2.3503724843832763
52_2,3.0428757195275864,2.182226262936342,2.2223912526571685,2.5073631510259626,2.0602701991982784
52_3,2.4399044431727885,2.269160242942162,2.1467415664285,2.6815409174968656,2.0432100163915523
52_4,3.526945537636732,3.218309949554646,3.522199531150274,2.896517376017687,2.9999150088128124
52_5,2.920760114704393,2.270408097104365,2.504598215521229,2.3939957641272387,2.136012632940265
52_6,2.0719024522614125,2.0582216845410173,2.032510271614617,2.2698438523359905,2.019677464184037
52_7,2.379395082191388,2.0467521239808524,2.7945227850067953,2.896867379751355,2.350800921644437
52_8,3.984587592744171,3.5256391650010666,3.771096552530603,3.6183508884058715,3.4641460742088923
52_9,3.8805357775829967,2.974813000954805,3.19785751698645,3.335580143169747,2.918935907054938
52_10,2.922477591245411,2.5677694075394046,2.7082717212860583,2.662398055440963,2.5785091306854717
52_11,3.0000000000000004,2.973601576604177,2.8119555822331948,2.961979198664721,2.0217037189393117
52_12,3.556986327256369,3.041525584713038,3.4611358555018623,3.3433976374593857,3.0
52_13,2.43927151836012,2.2691807366444157,2.539449464728131,2.50023206477225,2.0645201232333212
52_14,2.7816587680279214,2.3209518406786334,2.6956996330675396,2.680389417362563,2.0525471450479116
52_15,1.7789712741890893,1.8528069689734012,1.9075389307649957,1.8501026753397098,1.321036610955453
53_0,1.9956233016299494,1.9935349604963502,1.950715435183405,1.9852176981060239,1.9475468437287147
53_1,3.817372564655417,3.987656872913186,2.880794991876197,3.880029003243866,2.544924458460648
53_2,3.258719617428489,3.157126161363761,2.944054422940248,3.047864016264567,2.114642937379524
53_3,3.390278598455923,3.952674936444918,3.2173305692707155,3.6765869915680804,2.639769598747777
53_4,2.569961229601405,2.002733434033951,2.0410299057641628,2.295821447336167,2.0436446444918395
53_5,3.0535328365564935,3.399186832276741,2.1189326940067894,2.927473176650694,2.128289151836415
53_6,3.1844929951904426,2.9304414045247893,2.5706336579895814,3.1324151914015204,2.11918169712756
53_7,3.999949087781617,3.9236879339864963,3.8921512120494164,3.9890296339739764,3.8665222781831545
53_8,2.7142984233631995,2.059964733141961,2.3493378612146336,2.5032949553847748,2.2440898152169426
53_9,3.9400234772377023,3.2318242824038514,3.048127654201922,3.9664154704076404,3.4231466648448614
53_10,2.8791523566776434,3.6759690077096163,2.965468017586934,2.8898693790672243,2.575210112743216
53_11,3.998453727092842,3.9996855845523074,3.8930106872737604,3.9146662282657556,3.903883570431945
53_12,4.20173859956783,4.095084117085343,4.014685116460707,3.9998226607814455,3.9996487420876474
53_13,3.957965580835333,3.9625526751217457,3.845380415591719,3.589922811671065,2.604036859042048
53_14,2.7714758140887636,2.63595574582772,2.72182622699857,3.0071344710745747,2.2682134579832347
53_15,3.3130986586750155,2.9133707694145357,2.9885702417429507,3.0201697732502195,2.470140224094305
54_0,1.998206979543636,1.99586254632075,2.006586023051483,2.0756035009953537,1.9581907887421695
54_1,3.89274399669985,2.5357342412626216,2.9304073019759085,3.1303848816548383,2.9518614383353468
54_2,3.9626414336944866,3.07386258010155,3.974166720528709,3.77485798392569,2.940325942533268
54_3,3.982100592186288,3.209283674088619,3.938955469612519,3.903849075340179,3.2591365811135096
54_4,3.527441261862848,2.9365135580786252,2.889650011311888,3.0101160396493873,2.2464421082010957
54_5,3.932258589742513,3.004427301000093,2.902832991773521,3.1107097022288075,3.096111192435837
54_6,3.287272396510141,2.9910837075156747,3.247091823659746,3.020340556606511,2.3841701842784917
54_7,3.9957394016507246,3.9822444484860022,3.982452263687579,3.8664798739620365,3.0913792637530286
54_8,2.268182927833365,2.103869694206427,2.4401600042367018,2.0384194981051094,2.0427561916512134
54_9,3.992404800770386,3.132415233508495,3.1084905103731195,3.0467863194243447,2.9661225312348254
54_10,3.5604766788414794,3.254033503119296,2.8679855272798402,3.4209044241474507,2.6341441385072186
54_11,3.8802776094198346,2.8807527889742697,3.5255942906421707,3.454332759425434,2.771687242738875
54_12,4.0756982262749295,3.987865313423129,3.9965849792366894,3.8502650764922564,3.946229101809175
54_13,3.5182687065155243,3.619145245937733,3.021752344145601,3.2345935401905983,2.248614666452676
54_14,3.974240217867673,2.712610526384464,2.930344889204024,3.096425407267915,2.105686049558025
54_15,3.012696693958678,2.1187393557402814,2.2224509990469725,2.7365988719867276,1.9958139788096303
55_0,2.2435445971758603,2.010051882572599,2.031810507108585,2.1684034966890113,1.9914642878306437
55_1,3.9862665309976744,3.0292909130754,2.935100265757155,3.496027761063715,3.116268858004849
55_2,2.785339673288014,2.1625095478355685,2.1161507568555877,2.6620244786719236,2.076954486236074
55_3,3.9911411198090168,3.1649752809968708,2.961140950334965,3.8719263387695046,3.2942945258806624
55_4,3.164979636858865,2.8053906045754133,2.377518588133855,3.047920080244068,2.853945673650009
55_5,3.774665012952697,2.570647340329485,2.2690963362971557,2.9856384219468826,2.2227298315162862
55_6,2.743886531961594,2.571072115745942,2.6386546637577,2.3520633440290633,2.147737553974158
55_7,3.996841512249494,3.989061616371618,3.8803170848998434,3.8337072118919733,2.919723461339572
55_8,4.939822937616105,4.9705948520395165,4.147329168951537,4.092186411922496,4.880643479767377
55_9,2.806064117454195,3.047917173354733,3.0047584413167887,2.9693595080296067,2.534957319487573
55_10,3.924072188249254,3.7760841983435154,2.946426745811469,3.401025021043067,2.9562666292370356
55_11,2.8073635325158106,2.0123201011875382,2.294265037784342,3.2607144220440007,2.1483129332850046
55_12,4.022851728528416,3.9399252380641543,3.994665650963776,3.9496228786011387,3.9883102756470157
55_13,2.812576608505596,2.2961385235660057,2.37806153122921,2.4416477356930395,2.2301513971919786
55_14,3.1008408941535217,2.9520958366430925,3.107474284738899,3.080949489797893,2.4415207547028466
55_15,2.9785054579916648,2.884722834716323,2.5007078897027912,2.6514277742683308,2.200471323631224
56_0,2.5634540326047257,1.9937537984686449,2.6560893179777296,2.2233303076046176,2.0000623708911744
56_1,4.001162036248348,3.9841494409151665,3.973735097314296,3.966117674663132,3.880033371879624
56_2,3.6483320149490543,3.0067022974917283,3.368069526670103,2.94408426386762,3.3307710087652906
56_3,3.9844569447555473,3.6478706076625302,3.0738581342779887,3.7040808748170337,2.922513530571793
56_4,3.9975799076922423,3.979677678928442,3.7948406537741373,3.525347724248382,3.583370753185496
56_5,3.9958273273095037,3.2651490109639068,3.614539966295358,3.8506861062391557,3.581620904069116
56_6,4.00107145469147,3.994085563436907,3.815597817589101,3.9950571997376034,3.8157835912788127
56_7,3.8151875622541196,2.7691356896432557,3.0844403309195574,3.031835136123853,2.951603572392272
56_8,3.9141727224117964,3.037808011660978,2.8614801911500587,3.1323762745471466,2.9160893009279336
56_9,3.4358138674699634,2.410775121019013,2.9758830073794384,3.1083399231326925,2.7031237554857306
56_10,4.00064750158946,3.9797138543518797,3.999531614074914,3.9397365829049886,3.931538373721826
56_11,3.9996181263203865,3.993513848415258,3.9969258185043524,3.9397365829049886,3.832195269278578
56_12,4.025808898263432,3.9764352274664354,4.00071004761734,3.989354301930551,3.944576799582971
56_13,3.9943341911357306,3.259452205222484,3.876765113051675,3.135838251902445,3.3991382868146522
56_14,3.9741561443258653,3.9739076456694677,3.402381788550587,3.4287508233247332,3.309325488746004
56_15,3.5602601117019774,3.5596743011970684,3.267180577577391,3.5560055391419167,2.618001077844269
57_0,3.062242138198101,2.766518316823505,2.9872380808808083,2.794548185869374,2.4400231920007025
57_1,3.146962091170794,2.533933882305231,2.982373751792783,2.961366637400397,2.222570786656335
57_2,3.4317365597178795,2.9668947459761443,2.843016676040339,2.8330370922645245,2.1008641861214903
57_3,3.7305475117728184,3.932407279491258,3.702799760325776,3.809546687926818,3.254110179317007
57_4,3.851691131868453,2.9098358277919605,3.991248853530602,2.9466083830830327,2.7220349305252567
57_5,3.851747806123379,3.5895811625617733,3.925554034555319,3.892629582679718,3.5417735388766403
57_6,3.9238885270853707,3.7941494104580045,3.098327326995385,3.0990743686728592,2.7966992545249147
57_7,3.9776798891724106,3.753119895062518,3.285312244301755,3.3734541538767866,2.899705734084358
57_8,2.0535090361792934,2.0838573736132027,2.044950927150608,2.2221656764658544,2.005774635401302
57_9,2.5632927077124203,2.0947295543664084,2.294593586060105,2.3803865550626964,2.015168093427969
57_10,3.977006133762245,3.0648926374992103,3.8153592746632063,3.088832761541541,2.893326558801685
57_11,3.8931134613429106,3.1391426060798047,3.073860448612641,3.7480270287969524,2.472605920593347
57_12,3.99280281373867,3.5259349816577448,3.9733266270534666,3.7974880945916354,3.269935133962008
57_13,2.294267239389316,2.0273680285838194,2.1647265600815917,2.2725989841856062,2.038012196969071
57_14,2.3795474160692294,2.0753374126019644,2.029485589878827,2.106404272726396,2.20249343311508
57_15,3.754172778607927,3.213262016312439,2.981958212339777,3.027481941268056,2.05184764184847
58_0,1.967937630552544,1.9921961675652566,1.6242095497685076,1.9977227009190701,1.2987941952322908
58_1,2.8239640464086224,2.245254441775503,2.2940299511522415,2.6855848685280868,2.0550437438850073
58_2,3.7531713517708862,3.2154604968288734,3.288082588696249,3.0388624788675456,2.440439648662627
58_3,2.0345788814524046,2.2227359321704134,2.028327423706047,2.0596637194423537,1.962028074698197
58_4,3.496930472489209,3.0089849958991075,3.194527688246055,3.396576253860098,2.3212517486625464
58_5,2.9645495396349824,3.043714685879099,2.89162384569949,2.9962231904599683,2.4085315291100007
58_6,3.2401673526290984,2.9074243423171837,3.0496195866252265,3.346132429227323,2.2694570873050055
58_7,3.995761543767433,3.266909439060674,3.966865121968597,3.729124057740166,2.7146278919935964
58_8,1.029413591886697,1.0374691777346847,1.0332471794952514,1.1339577205324578,1.0602856107999608
58_9,3.999251063361203,3.988081765813681,3.969039433963137,3.9390069510159815,3.392156839665415
58_10,3.5597049592022203,3.402380280757393,2.9848915777967338,3.1014046212118953,2.348334154918438
58_11,3.9042945152206716,3.0049931211233196,3.099191381731078,3.1146391686958883,2.6264237200950404
58_12,4.02254597405841,3.9997078184743877,3.9945244140098835,3.9737835985775547,3.833978704951286
58_13,3.6379752874911837,3.0943791127203983,3.3454652718533198,3.0059913501670654,2.7456439572865645
58_14,2.9979196276506626,2.5644391448442874,2.566839454961769,2.5714449015870167,2.202455057009606
58_15,2.057961507458696,2.046458388376651,2.1175164070212835,2.6810969847855555,1.9564895462014815
59_0,2.0297227323948923,1.9743416092703499,1.930890978314734,1.9753618638588755,1.4696038683393278
59_1,2.947010174488496,2.636061325522119,3.2205183561413544,2.6895030359316228,2.0750863675054045
59_2,3.404323532741561,3.1868966177692553,3.207501197168059,3.1083126398527066,2.7295630986915054
59_3,2.987284980770203,2.871972724576745,3.0393467032469226,2.9266215260294413,2.4089749011726984
59_4,3.834679958832985,3.0496196716688444,3.0529719366370904,3.100245763748483,2.2705422315159143
59_5,3.939730706109627,3.528288568930188,3.009014108888044,3.544760107770922,2.966122926230772
59_6,2.7360931337427856,2.5465225380568532,2.702206507750259,2.9860254790516976,2.166195271703114
59_7,3.4367430901791876,3.8352550443875857,3.2585730958422507,3.341895117966174,3.1053127590162175
59_8,3.798853983537701,3.2561946101079613,3.166707861488851,3.432353259171126,2.9841614704255384
59_9,2.8605587509071393,2.074898572049316,2.5039528188704714,2.7719111897655626,2.0523905907248436
59_10,3.6211079616226187,3.7289144441066067,2.9302631610930465,3.330553365082561,2.782907754267961
59_11,3.012672961107367,2.471020009244716,2.0664507179900604,2.510467272509086,2.138196044410365
59_12,4.164368862340172,3.9966353893730373,4.020040522623526,3.928335244177657,3.9892748753165854
59_13,2.969142271517122,3.255827437785661,3.026621866960179,2.969538472117997,2.3542070892024887
59_14,3.497672383815817,3.109618211058935,3.524147443659939,3.2118932533090465,2.6849295609951715
59_15,2.221761208739359,1.9946557961305325,2.4495430813879726,2.0450299338094475,2.0090302327509177
60_0,2.6547110166308805,2.1060043935851875,2.0000958043218215,2.29670505531679,1.997090991981799
60_1,3.776223355256682,3.2007409421769357,3.4066858626030174,3.135838073539849,2.6398174834022536
60_2,3.9827508025198353,3.987431910118808,3.993547303917272,3.9931312063873285,3.850122766501691
60_3,3.9985084610708164,3.987128909323034,3.791180940929912,3.9558503085399153,3.5460430793013282
60_4,3.982194457304843,3.4035659057126955,3.7518510610586104,3.923446322919462,2.7191504527560957
60_5,4.00453583294152,3.8667506508652476,3.9134119791222624,3.923085849609859,2.9999999999999996
60_6,3.9990755900252966,4.0036193003212865,3.7027944239149906,3.966596088457103,3.9521645585582936
60_7,3.8350729298690798,3.9040853319321123,3.639381238601239,3.5571833938852837,3.1867694629792593
60_8,3.939969021176939,3.0516592087872514,3.39981545125038,3.7540832299922084,3.1571855934036415
60_9,3.8667397693084085,3.4955114235629234,3.3161426700891545,3.404833229938281,2.9023694629239936
60_10,3.992803398540356,3.99966169168371,3.99980475850913,3.9961548776039075,3.795608637156734
60_11,4.001842299255622,3.9903508506609824,4.000165227779842,3.9929751321241866,3.7959395466959562
60_12,3.9250214396433294,2.9943721432227832,3.391590149529453,2.9773781608331857,2.720661766953894
60_13,3.9993594490137205,3.9043627166875274,3.6167959505658973,3.8155383264600347,3.3991608060845744
60_14,2.8419546956989867,3.052157540677454,2.761259494477847,3.0101124431115203,2.5747121629777885
60_15,3.754253486295362,3.176699503838912,2.627159030495395,3.1489156008607484,3.1054075571433093
61_0,2.0049047684920427,1.9958400318590293,1.960601031935356,2.116973587376531,2.0001141983776964
61_1,3.7544761549387546,3.051691508254197,2.6818323688520276,3.8803521992755123,3.2869198611295305
61_2,3.2813169759440317,2.1834563087339816,2.871534839511013,2.764115641514345,2.1150370831766354
61_3,2.8995489706094935,3.0251292456906653,2.8807708262685883,2.955389251458637,2.7002685486379656
61_4,3.946567705457842,3.156156053773426,3.1254521221563234,3.675456178532056,2.9478086469765916
61_5,2.269189985040508,2.222293996304224,2.319818365050494,2.8462102392875632,2.0428030837107727
61_6,2.116952639368996,2.0269047017678115,2.0135853395874883,2.0583282796932014,1.974806532750665
61_7,3.434518977765656,3.4010245386955797,2.905631736303198,2.9616956010533855,2.6710556354594224
61_8,3.434547915388425,2.914287463455203,3.047916348298965,3.089139219296674,2.8046425682608924
61_9,2.5337357907962708,2.8053223040376034,2.807343653206588,2.7597658415053106,2.0321046383322523
61_10,2.9203965481749243,2.066682182548641,2.24559233733492,2.0947437843968513,2.0282569474065046
61_11,2.0422855800781896,1.969414072431366,2.0114958556280476,2.267978053235683,1.9056861918387615
61_12,3.9046971443312177,3.727900096813128,3.9703747255993105,3.7899304074035673,3.9463096281990686
61_13,3.5845996217487044,2.958338911085274,3.560241657696884,3.027480593083476,2.9261183769871795
61_14,2.3212443085166403,2.059441886522995,2.6272045542120215,2.543304544437588,2.0122131733762765
61_15,2.623400710109153,2.925801450499981,2.9784868896769887,2.900941302306044,2.56569388962993
62_0,1.5005298968277307,1.562386218930894,1.2232640463841016,1.7338741348043194,1.1331781586629315
62_1,3.9992516522092743,3.402364350886786,3.986043018095618,3.983999349011657,3.3224690483183794
62_2,2.876469424144881,2.821946973780927,2.7425164643093862,2.844962267255431,1.9857466440140956
62_3,2.9686275606718637,1.9966892654402215,2.1417790926443847,2.6879402608404637,2.0235626528702277
62_4,2.896453701368732,2.653504187853054,2.3213320456263165,2.8946009607617595,2.1034968922332618
62_5,3.9976201447082564,3.9988311046411456,3.9719723806991394,3.957663009495264,3.0394242900158495
62_6,2.949996131796792,2.9729466457175224,2.8428554237274226,2.8343776268988075,2.201806078396722
62_7,3.6202501851157067,2.8330417761725397,3.5553914926177668,3.7502124770587364,2.96532580497937
62_8,3.982848308116379,3.706161331164234,3.821538731303282,3.7962259533929,3.149964691271405
62_9,2.942031791271117,2.840528675817613,2.501967956364797,3.0,2.2689994667758815
62_10,3.79610678520935,3.0738622238053166,3.8610673886508105,3.1391336818648408,3.44557163980564
62_11,4.001023332953099,3.9874634713959836,3.9524199463178746,3.992206075961922,3.4205538323879225
62_12,3.9983890123416286,3.8498828576767976,3.9733579089239908,3.939617190100425,3.9237729635951135
62_13,3.946779459965508,3.2369805556723072,2.9925140708755156,3.3618160332140943,2.9363204526588698
62_14,1.9451673789294261,1.9726693621574412,1.9334116294499866,2.088237055196038,1.962291761392411
62_15,3.1255109480201826,2.839780640665746,2.7148166272834646,2.9424699266380254,2.3831548448046087
63_0,2.8964882675959798,2.0129542836288903,2.1312639055881375,2.502508456171814,2.0168460184241903
63_1,3.9741698727009798,3.396830656830089,3.3570850131902623,3.326971423802853,2.7995662897770024
63_2,3.7300259608579722,3.059563913631986,3.2972028253721377,3.055882816058221,2.477922478032948
63_3,3.138535024849371,2.974862388562105,2.8920015274033255,3.119068342311914,2.105290834564829
63_4,3.0579498387688937,3.05358983529066,2.9350668008669545,3.1225056558418953,2.749891622632477
63_5,3.2640867183105375,2.9873054546036863,3.1501130142419393,2.924552333947606,2.3498888616649456
63_6,3.4992153991621633,3.162668555529946,2.778918946631404,3.5551491783615443,2.89260230232714
63_7,2.9681193713070244,2.6588165317930286,2.7582855369148014,2.8021458912874233,2.221378906535667
63_8,4.306355507684029,3.993445094194575,3.481939522003105,2.634246486747223,3.9173249771015
63_9,3.8930017058371265,3.053568035304418,3.393775208614026,2.9029292031850513,3.069638450538048
63_10,3.258714771259667,2.8135260813397873,2.933816961352625,3.010110532536541,2.183517992242174
63_11,3.974017050874982,3.6782406916371007,3.079559515874023,3.2631750005339284,2.955363216718765
63_12,4.003384765895575,3.967092269444966,3.964722119766632,3.9892382070059376,3.985777545154658
63_13,3.880451800879586,3.3410758180403044,2.438557250003754,3.1978539887295296,2.144436962472586
63_14,2.995006879901791,2.2964158648797204,2.0915812632153346,2.833188708854221,1.8387462426503336
63_15,2.377676343702425,1.992103046189542,1.9694349534489053,2.3795798400012855,1.954567836188265
64_0,2.350195527994888,2.4706278646781548,2.8552740702156747,3.053424438762164,3.1278670491831075
64_1,2.147793582646544,2.2958914220488706,2.7648733505587555,2.806392749482738,2.5572940796028574
64_2,3.262717289042851,2.2450942369934364,2.9998698618060318,3.022542793369167,2.650996972452031
64_3,3.066187123385941,2.8677510360257275,2.5236103862699184,2.7780352268617645,2.163904871703838
64_4,3.995280262260463,3.6155526685047525,3.371767291674734,3.7956566759768315,3.2258142355043335
64_5,2.946585795993579,2.8877713534620155,2.8792407143326337,2.972954823826311,2.4768102547266535
64_6,2.9886556423588684,3.1013242287252085,2.3853889264402577,2.999999999999999,2.6971259579896385
64_7,3.754302947824028,3.9704632637956436,3.59787334046815,3.7029151343347237,2.8639571708273075
64_8,3.9326226481657036,3.584416166593425,3.536708889086648,3.5291567249751803,3.479973326216558
64_9,2.9909825879607976,2.877294909440616,2.1843447280815935,2.9841814532483526,2.2983053634206785
64_10,3.966940221475949,3.52239114237481,3.0893893364334555,3.5588615911601096,2.6670796297819344
64_11,3.049619773026673,3.304565843763813,3.0588567778793636,3.286345820210928,2.808843941974488
64_12,4.000242354290394,3.9666424100550652,3.8281255966598327,3.9895550858273086,3.5310575155006645
64_13,3.8793410995912474,2.79935541197468,3.5523946582763077,2.913998673235075,2.762754784765167
64_14,3.850359332718834,3.86613382918124,2.935089003316966,3.4451734587080067,3.649060348442986
64_15,3.004993123109177,2.222438554123611,2.146854918458316,2.85128653835541,2.045154289184604
65_0,2.1165952439247087,1.9935973276328662,2.0217027188917975,2.0826854603556315,2.009047222355278
65_1,3.979919545177295,3.2186200239782505,3.6754966672874194,3.831914081154183,3.4480229922963783
65_2,3.330687166918687,3.6779086673900125,3.7009337268145557,3.55824236671634,2.874456245196084
65_3,3.27771248111067,3.0901979807568236,3.227889780760146,3.498356620987374,2.9744639529469006
65_4,3.139644257954182,3.173012395310749,3.676722858917016,3.046058051737106,2.180750438304627
65_5,3.988003601127928,3.893627309632189,3.6766546940737066,3.111296419390989,3.7527005672487506
65_6,4.003755420401356,3.9978090953540937,3.991538026177081,3.9816065236398384,3.4575946830938085
65_7,3.9884204197799558,3.4308475198290904,3.930068122410474,3.4340220146688822,3.4390676964606715
65_8,4.730976619150289,4.093871938036622,3.981954194732293,4.006030512733829,4.017805804162648
65_9,3.8935557176963167,3.9745625615262283,3.9943444109927357,3.9962645808234325,3.123261035892315
65_10,3.0624567708039536,3.06245664238759,3.233356988004154,2.9785686432251457,2.5950911954579015
65_11,3.9825111575038963,3.997805978776871,3.987656234568407,3.973869990766229,3.987635266824725
65_12,4.084619538032001,4.075626743166487,4.0005332900159845,3.9976551502193827,3.9796391809284075
65_13,3.051534681397018,2.473517345948136,2.2942307757851803,2.865767269137565,2.184648499646709
65_14,3.9240025399016067,3.284092376229093,3.6145205632073902,3.850293225508083,2.908620747429445
65_15,3.3701781242617534,2.084822194712805,2.9225608182608975,2.770325276131287,2.0401127719408194
66_0,1.7993630095451882,1.705945095870563,1.2455006762914227,1.9062197185978078,1.1069997456103617
66_1,2.2213049022740696,2.017878357569112,1.980859098969704,2.0407344332049777,1.8191750018114232
66_2,2.917577498610379,2.352624461091206,2.477322050785764,2.745660207892777,2.0963106782805396
66_3,3.134260408653344,2.5975440772119343,2.5361878848270036,2.8429117173355984,2.269681457466061
66_4,2.9327627167418338,2.1833731092516158,3.122555006671213,2.892130576190762,2.073072772728404
66_5,2.3488401927778555,2.0224072581784887,2.067520978457217,2.24536487571247,2.1321206061284586
66_6,3.100317509558453,3.004246013409972,2.9351324174205637,2.919990884841549,2.4784789337149387
66_7,4.013387002022014,4.017304517086526,3.94638310826677,3.7976406572622134,3.3679817413717044
66_8,4.845395374141672,4.478576054694294,1.956872950422079,1.9330159817990764,1.1688954052207288
66_9,3.2407425864258337,2.9077907950206865,2.946453919433672,3.3386426222254686,2.9568123210881248
66_10,2.3215625594946636,2.059579774130144,2.015186454830161,2.2697035894504887,1.9933673668251577
66_11,3.5269630510894534,3.9627005535965147,2.2932426632462093,3.5882535572851575,3.4674963968688264
66_12,3.9916338197733547,3.2899913830889913,3.071118582538371,3.5268432666121456,3.495996439685617
66_13,2.8008576889513126,2.7820742929680624,2.2942948170343924,2.790818743572361,2.03553166535176
66_14,1.2024973001916854,1.0374436057994334,1.0676921731286577,1.1484037414556936,1.0475916016327647
66_15,1.707214444202613,1.7774265443648822,1.6810137526986524,1.981730687445905,1.3777759852664884
67_0,1.99202675327373,1.6231298541464558,1.624191952693726,1.9839220816120973,1.5655002154057491
67_1,3.0927642725829543,2.5971462888717283,2.4701617246603482,3.039219876107377,1.9952249672863036
67_2,3.9907944140569196,3.9837930300873605,3.9319027995401425,3.9022618946294365,3.8497075385695116
67_3,3.8931538638462517,2.977455004409674,3.42546468976958,3.483257602058499,2.7822176077094967
67_4,3.992999134161103,3.9576481531080736,3.9819831984154623,3.9103901171977973,3.903989579339654
67_5,3.998315004897076,3.8796972386010644,3.992512805559337,3.9838797384587816,3.8276404501128325
67_6,4.0001473442510145,3.9985602648777645,3.970692125606004,3.9576541101911076,3.923768410606056
67_7,3.999092197934922,3.797750489314907,3.207523702441504,3.7507230773580145,3.153569627122182
67_8,2.9915196012931045,2.9007686626463394,2.7439280895735707,2.9098201263979306,2.632753417775779
67_9,3.6783555212680357,3.4931392449464376,2.9350575720757055,3.288791749561873,2.926486997052441
67_10,3.982225869078706,3.4029646443909707,3.3740310651340777,3.95721613685246,2.7525727835017433
67_11,3.998649468666191,3.9820959944601437,3.496928882847676,3.8514839866890145,3.9577637546215687
67_12,4.002568944379981,3.9534042579708855,3.9972843343590236,3.952609305123315,3.984050420988158
67_13,3.9918314739061436,3.9740298815028923,3.905435871523059,3.8273796959641335,3.51912543476054
67_14,2.0849523171954596,2.0471263450091453,2.204153761356864,2.0473036081107385,2.0632079897284714
67_15,2.001181127264142,1.996536546482211,2.012817932873663,2.1329247640240854,1.8838176561636324
68_0,2.1573301532616407,1.8526426875966175,1.9572270656384598,1.9422831685636193,1.6522924945984578
68_1,3.169840993007343,2.7806918291768135,2.7347776458606368,2.8641024940914295,2.321875415269801
68_2,3.590592632791943,2.0376205572048383,2.8894154964628367,2.5740014256439703,1.9925992433030948
68_3,3.4289132850619466,2.7806918291768135,2.5380490972192744,2.869597628992563,2.0506358861315706
68_4,3.797388316038953,2.831083112472921,2.94196820746996,2.849195406800787,2.0926128250797635
68_5,2.2687181537912493,2.052544187561986,2.0675911095541673,2.022694262828896,1.9545491146198044
68_6,3.1069275022176956,2.9523134152887396,2.8001875835050085,3.357419071580254,2.3202859777706935
68_7,2.979642662943661,2.3510243983485553,2.8673779199934324,2.8438528449658986,2.1242833172812676
68_8,4.6223647371018295,4.320673716823272,4.027418832932195,4.009554720359938,4.083720800244089
68_9,3.9159562071155936,3.5609920544814924,3.106925734661783,3.6780101449069904,3.0270537908341213
68_10,3.0000000000000004,2.887391086443655,2.201768841585772,2.976725925894774,2.2233416648398894
68_11,3.6780056029952215,2.9316875316961397,2.9131200346537653,2.9186081077559476,2.2233416648398894
68_12,3.9525100470496546,3.817024421126159,3.1912329535067294,3.3722569913320317,3.0217817247165124
68_13,3.816776665611898,2.8576397232474027,3.9396997141348558,2.973802149395996,2.5117987918271645
68_14,2.3486178238266,1.9960930839115292,1.9882991463358504,2.0198950019014323,1.929393279179303
68_15,2.438595139848968,1.9935893211593092,2.0024603464216573,2.0086093509562946,1.8594838230267963
69_0,2.8447535976337806,2.9198951934518,2.5317573626696714,2.8249402192946724,2.1024380578696205
69_1,2.599464003577748,2.8958634271710486,2.8418151823025335,3.379111524336634,2.049336952138181
69_2,3.977345532365001,3.4341310873989244,2.6265851152947577,3.4049697193692903,3.0659660747880313
69_3,2.96686357530341,2.244806408875882,3.1773519323838273,3.0161076003523166,2.625644639492308
69_4,3.092764261785935,2.6359860556911325,2.4408463220208585,2.9909884951563415,1.981041505029586
69_5,3.014402439032782,2.482632220574756,2.1043386693737527,2.8965688638237896,2.1157103885988806
69_6,2.2455640783608812,2.899375136306802,2.8344991926082446,2.7821674864850086,2.0135697525603278
69_7,3.9326046246507254,3.9578238120316205,3.432978423105863,3.904334335089596,3.073437584145206
69_8,2.930198163392819,2.3230122107154596,2.6484444394438222,2.9404555339242764,2.569410747730055
69_9,3.014181649431004,2.7219338780077247,2.5379767576281376,2.918750836904861,2.0463055274750737
69_10,3.2796169343430575,2.4129398218940734,3.2730422928854352,3.1819588457047967,2.036401478244681
69_11,2.9784982170981595,3.161074391412707,2.9616931927285477,3.0865406046584334,2.0297549051198285
69_12,4.000631319423689,3.9148091909096387,3.9970984626464396,3.985845858667994,3.9312111182528837
69_13,3.0354504487919987,3.5870388973596246,3.117298782818702,2.930726807473475,2.8002242350455973
69_14,2.4695118786157213,2.148613670957441,2.8399167975603286,2.6817219467071913,2.3098542737954175
69_15,2.020098986589173,1.9900912490608793,1.9092938085035291,2.0499497210351416,1.8867778357621756
70_0,3.984764224479472,3.9466360094249477,3.920087484342343,3.498064518723655,3.3344894407630523
70_1,4.03293899102545,3.9987964702623633,3.99917565684813,3.963450727499526,3.9395347357045476
70_2,3.998185374733894,3.9396662813101133,3.9960939411550296,3.5852942190990644,3.0421598730873507
70_3,3.9938078540597934,3.9711630348994387,3.774924574720555,3.7756721064754517,2.8987177279539256
70_4,3.9579855974096225,3.9321919587133967,3.977167955884636,3.9819045688064865,3.2007420853127786
70_5,4.000149471425002,3.9983403053989104,3.92281610013051,3.9392032091983356,3.775287073455014
70_6,3.997946785023437,3.9769206437435023,3.9851214919445437,3.992155773775131,3.7013831419228067
70_7,3.9975785046432915,3.9864113119570783,3.796310613146135,3.921339488037076,3.1970777135284507
70_8,3.958384012034474,2.95000069283787,3.569237782801216,3.8749987673897257,3.879383171873951
70_9,3.8806517183225324,3.257348420187932,3.1321331540737067,3.6715924883840505,3.1279635884287846
70_10,4.013809332581545,3.996888667735651,3.962459491115661,3.9847905420881955,3.832767419744376
70_11,4.010640762979031,3.9988231785257637,3.9902872720725986,3.99723285858269,3.832767419744376
70_12,4.003246077431274,3.9968141462516895,3.9968765062711054,3.9900316219738596,3.966741827196704
70_13,4.00559944084807,3.9466944410359477,3.9524857426821023,3.9850089659397714,3.0953773113775096
70_14,3.9147428707883365,3.923816783830798,3.096108590872723,3.6488601630888575,3.4105083826209266
70_15,3.033106199259796,3.2108240334642995,2.320953222064711,2.7907952492693426,2.8537968026548044
71_0,2.2015846705974034,1.9762886235901342,1.9060157814700684,2.026554983675127,1.8686878476014717
71_1,3.6502834020570747,3.313993183684281,3.010137333155098,3.3454572794930963,2.695063801652901
71_2,3.8931873218321167,2.9744823196090926,3.1073468582145374,3.427332069735085,2.9621804670407905
71_3,2.0019347076725245,2.047700634230832,2.007887030317194,2.0469838634373363,2.0407953358291953
71_4,3.939887506991902,3.0318299623243776,2.541788330383724,3.851032798670596,3.0378542925125305
71_5,3.9800967548109494,3.0398020327709823,3.484353435321166,3.2316489933075965,2.779390165724077
71_6,3.704673529390213,3.034534407573056,2.728871883742169,2.5957141532060493,2.1297665475855303
71_7,2.813260028509044,2.663188171527637,2.9195688099886024,2.9160851789482165,2.158504532989452
71_8,2.6579195391923736,2.300332046977286,2.6038592280564963,2.597290374813849,2.2244527458418575
71_9,3.1277424871275303,2.8528568961475873,2.3588527306006806,2.4085232613740413,2.1814175957932664
71_10,3.7302024567076244,2.927471083958221,3.155838747801792,2.9381415899192924,2.3809895802316716
71_11,3.957882377298369,3.216310407689709,3.059541742303027,3.0090107612505346,2.411790568303261
71_12,4.095275801905617,4.010684615264202,4.005686315579412,3.9985108201625064,3.99827522262038
71_13,3.105313727422093,2.947041147017913,2.732957263353177,3.1687581751416203,2.1618040511241055
71_14,3.998317284670338,2.889166531129043,3.1645665514299743,3.210773973990397,2.651198455357162
71_15,2.803100583715324,2.24487288799363,2.0746336634749034,2.148011146644235,1.9786200381744066
72_0,1.9557911592073391,1.7312173314492834,1.708359775280938,1.8013147888087002,1.2691102398643246
72_1,2.837550726879539,2.3216428465049037,2.147411448497905,2.508309770132498,2.011655431944105
72_2,3.645733979340671,3.1053091775065114,3.0141877889132727,2.8827054891996466,2.7197756883088307
72_3,3.374447605050708,3.748794553209312,2.9896664642784296,2.713717605339046,2.962175589476544
72_4,3.132450072591356,2.987209037298105,2.893394888460048,3.048123536361138,2.040451479047219
72_5,2.3484396836869905,2.0182066628312585,2.874451133199345,2.5347576747486964,1.9990506691210206
72_6,2.9936609961064766,3.0383071771299632,2.4798205482053177,2.7710354735520926,2.1293904618073496
72_7,3.5307490155966144,3.4663309394248976,3.237941748056415,3.316092645248201,3.4308829040681523
72_8,2.4399042831083686,1.9868975455827524,2.1765191273152156,2.411539210108118,2.089830589506717
72_9,2.320841903713322,2.0740446490227455,2.051977361020651,2.4707699827718335,2.0769468621542417
72_10,3.9770763993484706,3.0774853138440528,3.0170050080713544,3.02619754222973,2.956838342197074
72_11,3.957916460312066,3.1129308794347614,3.0170050080713544,3.3152691628828137,2.9999999999999996
72_12,3.9324084882963417,3.6198535955061057,3.794983941825399,3.094369899045599,3.796013725342398
72_13,2.6563008313013627,2.9214634394488868,2.2223455972473674,2.2224599138230063,2.0182656927706835
72_14,2.3485728952238363,1.9949849615004305,1.9177625090680044,2.0527263030825194,2.0080392875931454
72_15,2.0949488260313878,1.9944755521973125,1.9301335965053374,2.060313224621232,1.8372493439409423
73_0,2.6866863581646343,2.349058506414139,2.1620885626234903,2.8492125277942515,2.0208460334845917
73_1,3.9580686454698975,3.648732896120979,3.6470608141393175,3.0812687850924685,2.891223443934821
73_2,3.83533459121126,3.1254911715298865,3.8169490280835188,3.0970680026668203,2.9780811406948726
73_3,3.1173035475353053,2.842725775235026,2.822579522202298,2.3791927540339697,2.1185650601890953
73_4,3.111333334770677,3.0901760984830298,2.8626591027152464,2.8696106283508485,2.145749134381514
73_5,3.01960664168269,3.4299991446294946,3.089773072881616,3.1489929286241405,2.4164605351587025
73_6,3.9844147306948816,3.7976864882475114,3.234724141585668,3.946407287197883,2.9583136449365006
73_7,3.9933913908973,3.9240360310475935,3.7484959050053517,3.79444525357082,2.3359160823647924
73_8,4.222546024473997,4.001832160035237,3.9974014423797977,3.990483733693505,3.9973539196260366
73_9,3.9962308417591177,3.991577868024131,3.683334608219157,3.9304114498794727,3.6680535013378193
73_10,3.7037452988608437,2.9257585189996567,2.5340867285174458,2.9886606593586675,2.0738709873400745
73_11,3.9149676039407475,3.957919208995589,3.993339618951628,3.7301616666063997,3.459051025412658
73_12,4.032739630700516,3.999391681556613,3.9872335646010746,3.996258430137358,3.9810036213604247
73_13,3.8516811484009823,2.919356238744475,3.3701567775304446,3.1263687586141358,3.073457645004802
73_14,3.4330272967051574,2.88055024052036,2.9288669994584953,3.0727424027773678,2.180385254859068
73_15,2.855166136139081,2.243621171477084,2.083009299040707,2.3799895411952106,2.031258098093814
74_0,3.3735737471865677,2.8553889356754745,2.4713488734954283,2.95793504649269,2.017381382870959
74_1,3.958113824702279,3.237826613132292,3.1669998600684424,3.0933690804364447,3.2092779156983737
74_2,3.9397415757050354,3.1911928147269513,3.6333047425701865,2.97964758671912,2.6594654713550057
74_3,3.816857241765741,3.371782543583688,3.492701925486167,3.3108584099180174,2.745751968846621
74_4,3.9578500093749662,3.0000000000000004,3.011331567213963,2.9465434727776043,2.132265001329004
74_5,3.99199283933626,3.9626617561965047,3.939221614276653,3.931779361989958,3.5416748067621002
74_6,3.924080580940563,3.776567391921358,3.0822397927912863,3.218808732951426,3.3620041767213853
74_7,3.457904008706946,3.4847003909180168,3.314002939050448,3.141961130239437,2.9798150715257234
74_8,3.8657995801699014,3.144647580478162,3.211893352563981,3.3064614741796694,2.974860186253209
74_9,4.012117086768636,3.9982844050707387,3.9960449291300524,3.995098143367364,3.880023932657965
74_10,3.9942882906358155,3.3389377934200324,3.8996470641110497,3.752911500673522,2.9998961156143316
74_11,4.000126120663821,3.7538187822348212,3.864247258875863,3.966017017525091,3.234695990709796
74_12,3.9955400546574764,3.91483238170439,3.90222701933951,3.8351750766877495,3.5256111581703333
74_13,3.2359331804730167,3.9321459266068577,3.230051196861618,3.587537536523583,2.7158492329317747
74_14,2.777767014215557,2.2011111174981215,2.5325388661822523,2.2235944852075136,2.0175110432939674
74_15,2.501050064965293,2.040006122058332,2.031723615898065,2.0947160588638956,1.182778709165081
75_0,1.6524395831659002,1.531655222184779,1.182813016451056,1.5640405675007405,1.378108245034972
75_1,2.378302612480219,2.0365735831043494,2.064928219292667,2.599914131044836,2.009004170242281
75_2,3.7027982581351293,3.0499955057230324,2.5017171088099555,3.0279814249486345,2.5059218937753074
75_3,2.68425195195978,2.0109457658085783,2.115952867035097,2.132734454656417,2.0035349572363037
75_4,3.109619124735284,2.853099811326419,3.030461197733524,3.02748059568852,2.5652432276171764
75_5,3.041661535308976,2.633584068316961,2.469868735507201,3.0800940566451738,2.4101414705835107
75_6,3.3461753264549494,3.6499533521592973,3.5269319613488177,3.52851436403716,3.0354650656675393
75_7,3.9670145504333227,3.9044845745796533,3.0000000000000004,3.8474261817562767,3.2172728671154567
75_8,4.347787387749346,4.073344824844155,3.993920626781889,4.02188588884569,4.199846496717086
75_9,3.0151084355169333,3.247450255488131,2.5697253095771817,2.9689529701765327,2.3249635131197546
75_10,3.1587566010239736,3.43490472675283,2.8837767447284204,3.5892362051932754,2.947821494182851
75_11,3.851738230873871,3.0622328033145965,3.851076998391729,3.796615471411328,3.2841357191555995
75_12,4.095273458171604,4.001149086069676,3.993873052928603,4.001189191911346,4.005593525723561
75_13,2.951804326052051,3.1469607051770527,2.823129432081317,3.05925482624813,2.09042221121937
75_14,2.86753061929901,2.4091108804112658,2.3529127130968805,2.5873061223384908,2.0945212603660175
75_15,3.9042271920998437,2.972950201926206,2.974510071218676,3.010115574714968,2.4384769054679913
76_0,1.6232066096853006,1.6793913790971513,1.349319982406728,1.5627228597322036,1.6229950065823429
76_1,3.9991565698107268,3.9978953779347575,3.9626268398482485,3.892312491900827,3.672831116256807
76_2,3.7056025631712384,3.1096155387396025,3.5902994858773147,3.0467222994612375,2.8584662964286456
76_3,3.977043459469139,3.4662849092295214,3.278229056215719,3.866151828069221,2.6361642696313656
76_4,3.9949058971706357,3.0908377456134994,3.3440286994020445,3.527172011694089,2.884714927557575
76_5,2.6544838516089393,2.438969930900904,2.6552240589339755,2.727418057444684,2.018478935315581
76_6,2.6250257191523247,2.712433881777788,2.9758549964028544,2.89859536473379,2.243809274807909
76_7,3.987779623531978,3.6218854300115244,3.1280903769937702,3.2278896011617593,2.9034903973129165
76_8,1.9569030680526063,1.983913804908002,1.965552090295256,2.0010988962605794,1.6284757020278697
76_9,4.0149450528617585,3.9630436365646857,3.8780044306383092,3.981965250436252,3.923560672087437
76_10,3.939900681441814,3.40391945328682,3.554149062534648,3.2196629893709217,2.8450059312033473
76_11,3.0711190978752994,3.215480196141535,3.086543990910205,3.4343575667002604,3.106618417461716
76_12,4.025671912098829,4.005410437316372,4.015618679580504,3.9928325004594725,3.994705533587423
76_13,3.9466450025309827,3.1561042213627917,3.834926830844806,3.4967450876359076,2.682322936714106
76_14,2.594425309136083,2.3504035649632775,2.1468448391310613,2.8744902380511306,2.0375984076698135
76_15,2.104891183567157,1.9941787667830482,1.9613541147703746,2.0412620550846188,1.995209459496788
77_0,2.1816089574673247,2.0024871263970123,2.056098861596867,2.1342319532524447,1.988889159296647
77_1,2.6230597874076222,2.2230060095962307,2.7650188244833833,2.5058570086649885,2.1185268032268456
77_2,3.8931626984315684,2.6842930711115716,2.502859798804648,2.97552582561859,3.025129239382565
77_3,2.106214145020155,2.2018066128237654,2.0094624063105093,2.2260418277897225,1.9976563767305524
77_4,3.3362583169631415,2.896585700767853,2.687764390492399,3.0332604933302,2.412687320443847
77_5,2.0106001676767566,1.971000798471492,1.9960558599563356,2.003168891543527,1.5942322229329045
77_6,3.9399559157788344,3.194587395344673,2.95900758939195,2.966895409476878,3.149971642981854
77_7,3.9747634672638523,2.876503490639944,3.9397916674567246,3.307851447807333,2.8807568373682417
77_8,3.9908895806020497,3.4317342115929708,3.67122172910439,3.91357497159592,3.2290213588293097
77_9,3.0661918370144163,3.0809552253733443,3.4425534547398065,3.0534664347538714,2.514676844122877
77_10,3.111724340547241,2.4730416750891475,2.6027711672583447,3.0241159329603193,3.016103632743842
77_11,3.1271505440173017,2.6815406498130767,2.8391624746839335,2.9029320577400375,2.9010877361378777
77_12,3.4993867005941186,2.6548299892206813,3.022542419883688,3.2811795008370166,2.9819582142503016
77_13,2.377997742279994,2.000843699336025,2.0152504491509,2.08502187573795,1.9266696329896087
77_14,2.6416428516775605,2.2019983530781357,2.690445517746828,2.9527240331930895,2.9478499094620187
77_15,2.9856379242498043,2.084433927890218,2.2896983258086125,2.950006949521954,2.5379688139199796
78_0,2.879232181634193,2.0670234360556843,2.7333031233043363,2.817869810392548,2.409158400700497
78_1,3.9741839385339706,2.9858073634301543,2.8837263240285798,3.1536470372658583,2.896524359929597
78_2,4.015828368021938,3.9944678863633953,3.9935042611396145,3.834848032696178,3.9383501418670495
78_3,3.9916030961137055,3.9947322961136753,3.9840959926267647,3.7016202455599796,3.892202316729482
78_4,3.9994287376991435,3.9739843029273487,3.8897396858572857,3.9693917653778765,3.6689203388568106
78_5,4.017877031513726,4.000236313003761,3.994008116190351,3.851177374199817,3.2754970029088586
78_6,4.008417515338531,3.974296142877465,3.9986197008494093,3.914691776952331,3.9042758990314335
78_7,3.998847883749736,3.9625460413565006,3.9622495603473578,3.991326560704571,3.9667805942792707
78_8,4.984002978551899,4.9913327257243205,4.4662849637456965,3.986862834418169,4.9577412222918
78_9,3.9964274651467497,3.910392492386586,3.991532503905407,3.939565407090481,3.617082305807893
78_10,1.9703789939570422,1.9559463047927372,2.0346097623992385,2.115574167941631,1.8513046054717122
78_11,4.015828368021938,3.9976978060418085,3.9994725943831737,3.9142950762839694,3.9383501418670495
78_12,4.437746032007487,4.015477127913823,4.007040635981392,3.998585787676059,4.010706717706738
78_13,4.0013881766774135,3.677975709263434,3.8897396858572857,3.6150478947978466,3.549308470915728
78_14,3.3740376205349825,2.53425023358456,2.7561169158456735,3.1356575209569733,2.180614205636019
78_15,3.620764088152962,3.340137044921408,3.0278142922212594,3.2346702760304034,2.8011877466802844
79_0,2.4087742105218237,2.117755402948866,2.004459845100216,2.0745729578834475,2.0118460303938184
79_1,3.284140852440188,3.0385821751443474,3.1523933417009076,3.2257475639403546,2.77937111388335
79_2,3.866323899364127,3.1192468135286258,3.741346302628503,2.9274749444820833,2.4230818136405876
79_3,2.6302075858692575,2.145132854672544,2.0677175758874866,2.0947579960508027,2.0570909167936873
79_4,2.3801746958048793,2.0662574994137244,2.4715795123841207,2.8607902443848685,2.0101745259794903
79_5,3.8345511782276205,3.9524210118726946,3.7441746516496877,3.4632393397038763,3.143424724144561
79_6,3.6782659857712985,3.4357920303722147,2.763905644062061,3.2775794153769606,2.9645290674001408
79_7,3.7291634050598357,2.9131419407625727,2.922288584741299,3.0481049005831355,2.991604876635109
79_8,3.246930173302075,3.188759337856587,3.479048801600343,3.6977620276239045,3.1144851849377075
79_9,3.9877667870363758,3.796716115358405,3.080519115661367,3.0304607547180016,2.645387182184221
79_10,3.3345869664507815,2.4108525067778204,2.8964339707630944,2.747886955484142,2.084460322329585
79_11,3.89277209088368,3.341027020149126,3.2073509209231608,3.262687940994367,2.440703052218238
79_12,4.003234477936831,3.8922242850489885,3.9605630518064174,3.981971554531921,3.970401807568674
79_13,3.0958140005420964,2.9234064419841963,2.9083973875370597,3.0559052023383986,2.538601771892972
79_14,3.0888731522966015,2.6026702800417887,3.031811246388183,2.627507856385692,2.779247647151724
79_15,3.00234696027498,2.9616970461961323,2.6842243514213817,2.5648514684869252,2.0505720654886783
80_0,2.0742998742800047,2.010555670824418,2.061774501549031,2.201766537654584,1.9895099729583456
80_1,3.157209309788712,2.2954578414134414,2.3786472478256955,2.762159332330582,2.0423128496741567
80_2,3.9146887412138125,3.904296354676173,3.6192044473774754,3.2122228215664395,2.413790710664367
80_3,3.498995593201643,2.940691347108287,3.0964720909649683,3.797283228207006,2.934009993017495
80_4,4.004354596232055,3.9841858688665392,3.923241653227564,3.797165131493737,2.865663128725682
80_5,4.005826097591178,3.404677088306999,3.281222470022354,3.7749963742888784,3.355045381247381
80_6,4.001219176321788,3.946376603735081,3.9040024304570795,3.7029088951486333,3.913780774127372
80_7,2.626237838336025,2.1472201379094655,2.595876845633365,2.4126146769152306,2.009135553503893
80_8,3.994414299259813,3.3391126711630568,3.946899059816726,3.557574037306558,3.365407773773436
80_9,3.962747001261599,3.4983540532131556,2.850895071126457,3.078420644698347,2.184840474781529
80_10,3.7306703657500653,2.8983500450739417,3.970807611221626,3.4037456349892454,3.2379213356591676
80_11,4.005300566958379,3.998104966444035,3.994987267985592,3.9907663723041344,3.9461440257000553
80_12,2.924792272615028,2.6558101117130337,2.595885525268742,2.132887641602078,2.3847381195608364
80_13,3.9892978786274638,3.9040879855368806,2.8461664984402555,3.340966691109938,3.6704166765097463
80_14,2.201144684719822,2.00084782261284,2.3246074060860855,2.2981523029964364,2.0275275933373194
80_15,3.077494598235282,2.653710441386893,2.8268462085603163,2.833019579287773,2.904098275636746
81_0,3.0318316933819887,2.222874239671484,2.131164046536361,2.8510844322616222,2.1479836259152782
81_1,3.990692051316773,3.7283100605163275,3.81587426804724,3.6494089756145573,2.758530489962639
81_2,2.9138350916087137,2.6280575158915562,3.069562225213826,2.972050867023847,2.5407664736311015
81_3,2.4385183845850413,2.2229388431824284,2.2447103175943357,2.6590080354730423,2.016318630484286
81_4,2.957850901661548,2.571620778325185,2.6748530252707443,2.9204600712747943,2.0151330909580536
81_5,3.9579735127876505,3.6772274737444723,2.968174510632872,3.6143568195010363,2.705638266298588
81_6,3.991707573011654,3.9904354335372485,3.946485587480838,3.4960364064586154,3.3521011643122285
81_7,3.9671331825281535,3.2879654168013324,3.815426119706903,3.1045270557009252,3.197696444161872
81_8,4.777061196544551,4.92405386684328,4.032602557349184,4.058519046341198,4.036405777550979
81_9,3.977056970956166,3.8805264206118344,3.5285777616833043,3.7051706779981086,3.033862995119638
81_10,3.0878339185772337,2.9176341618436483,2.692009424209873,3.075158097591662,2.4410716187889006
81_11,3.999052823717796,4.001732042715871,3.8162094365755816,3.923880421627501,2.3255150817901953
81_12,3.9525844442730502,3.096479448768834,3.7020170041219798,3.009014071782536,3.336206219159257
81_13,3.939720458804184,3.993961690907572,3.426174621543571,3.6774202064267256,3.361536018558207
81_14,2.0100439003051918,2.0369185486272117,2.199702509244621,2.1820358110656097,1.9737155611135522
81_15,3.5299810526775666,3.218295141124846,2.861029913720554,3.1507344935037014,2.421189645216503
82_0,2.066100939041608,2.0074559224422637,2.101330106617593,1.9984481815414104,1.9542542688698257
82_1,3.1255109514895016,3.8164266781835727,2.918731162852825,3.605457675623389,2.583067808376456
82_2,3.400145965815602,3.6771777949287254,3.505364139810884,3.850018576398399,2.937502967828861
82_3,3.8667951752434546,3.8928605879179536,3.371171729141171,3.4687614105934435,2.565890087124052
82_4,3.3691775497803076,3.496884180303638,3.062399490536901,3.588697576233197,2.8053301543733844
82_5,4.0033103146741515,3.992846848410677,3.8337339644406248,3.9857217085213135,3.9235815485558345
82_6,4.003588709057123,4.001714164939235,3.7963787776910545,3.9575988679266185,3.864690618429509
82_7,3.866678548525189,3.399019177037894,3.024118291958344,3.6743453885944746,3.1517003414821607
82_8,4.730973258935858,4.002592473536785,4.002110479768089,3.9978360113799987,4.075739321152821
82_9,4.00183979815072,3.9790925452798196,3.972778248309739,3.9805214458947455,3.6133416382823267
82_10,3.9970493910282836,3.9953797609271464,3.9890153547652933,3.975134579130486,3.751668710133257
82_11,4.000281653071126,3.997750112047807,3.986343115565524,3.9357382111254746,3.795028211320048
82_12,3.9627704275265163,3.282567490077758,3.6674412301589605,3.2277527825697128,3.7023928436617375
82_13,3.9950697318344837,3.9145739297872932,3.90074205273008,3.8778789001335734,2.9798169983192744
82_14,3.589338414583632,3.334559484581562,2.922396904719202,3.062181291930304,2.9774673750590077
82_15,3.497886371346666,2.8054125584368848,2.6834989752274603,2.9690034297927594,2.7862731751841165
83_0,2.6837522155205997,2.0945836171105547,2.1461332524147965,2.2502117113531557,1.9707982081232243
83_1,2.5649473242821763,2.008014507953371,2.0536021646318896,2.6252473051823233,1.9612021854721744
83_2,3.9581112375839718,3.1155014744969827,3.5905897387965,3.465546409673761,3.0114426068070617
83_3,3.9029685536388645,3.1594284659153984,3.0901641578481684,3.1898511184329994,2.439313558614899
83_4,3.6171851497085843,3.37092509136036,2.8745313132365395,3.879977555522839,3.7504664069115092
83_5,3.7973251429205033,3.157178821379771,2.8510058135769127,3.193560440081642,2.9272427202017606
83_6,3.9948429152923692,3.817278894480698,2.9406721265436726,3.223275507406511,3.304575474954537
83_7,3.9584811607928265,3.344527945720225,3.3636212745773126,3.3185540317247924,3.16308910985435
83_8,2.38094362012271,2.083427901809717,2.852926083443823,2.6713943657351464,2.0743938899049916
83_9,3.9398080124322594,3.289988283867793,3.005345477585319,3.554746776627591,2.1966078317041307
83_10,4.008625729857844,3.982876391615735,3.902691153625328,3.9792621205638636,3.4137506171494088
83_11,3.9709197967058483,3.7028134743869257,2.785934186165929,3.6434628271475624,3.1161483121800773
83_12,4.059939367151643,3.958067360046671,3.9928226793851294,3.9983164663415365,3.93964297551175
83_13,3.254114110892717,2.886992285524687,2.1043135834795454,2.6282925960716663,2.1158714581872915
83_14,3.0727428822924536,2.9142523203801134,2.437913115252261,2.9465335785054885,2.4514645488589193
83_15,3.07417985149486,2.348990555770475,2.293805319789982,2.930023920487648,2.5685753221313905
84_0,3.3188554610195093,2.9522917056639795,2.7692444939914305,3.1324411972360786,2.828583221597489
84_1,3.994544979117902,3.9821993648537304,3.9955977818984345,3.9397876953255073,3.4904823874156943
84_2,3.81697035354673,3.33603881792932,3.722658419139391,3.586550410981885,2.9516171804115263
84_3,3.7529459808305417,3.0927603800295915,3.160722698888958,3.178476406581879,3.197867408255178
84_4,3.979702733227767,3.9238801081146497,3.0421438611409233,3.6498905786111795,3.027939730226054
84_5,3.4983591641581646,2.8807778779583986,2.9898811011114916,3.1357870611183234,2.739781979533057
84_6,4.002694814882677,3.9847149674150004,3.9863743149076534,3.9222032336846784,3.97694896323118
84_7,3.454628560032612,3.4672784725951282,2.9621687012016085,3.23172649677828,2.856298750584103
84_8,2.5653842766945583,2.2944363859955197,2.290006494231691,2.4082108718241586,2.2450570861710033
84_9,3.9401116407219994,3.4138436112048507,3.6432751323048778,3.776409511025633,3.4231601308144146
84_10,4.003531302811084,3.9962803386392687,3.9981174157081503,3.996865945924679,3.877188956569036
84_11,4.008191506610945,3.9962803386392687,3.9981174157081503,3.996072838349223,3.8653089121883424
84_12,4.0043594075920765,3.5888224840946994,3.8328041746062094,3.9144589355163015,3.9666312605110896
84_13,3.9982834522160657,3.9980458955744003,3.9213407227971304,3.8160774978568774,3.726572303798924
84_14,3.8804296817121955,3.0943787081569916,3.456817764722615,3.4348645542058356,2.992511313252379
84_15,2.9719598621764964,2.999983384644778,2.9808745260797944,3.000000000000001,2.3799458446528363
85_0,1.87108869517469,1.3488528089953427,1.3209817067389076,1.6847017821161192,1.3210458319365541
85_1,3.559004209741271,2.911129127850828,2.0573686367563333,3.0,2.7125437781440023
85_2,3.73025103822858,3.9734762711812714,3.523154933700613,3.5254581540049013,3.4676543256770977
85_3,3.8931498366174115,3.072741997483991,3.051694788576311,3.7842117747802377,3.1844892880946314
85_4,3.560670487797536,3.1446568295434236,2.5008691475517772,3.027115820238887,2.74572455032127
85_5,3.310928154862003,2.471209511407761,3.0468481851355995,3.2519714658583228,3.1876581909803656
85_6,3.9707511106580715,2.7423727372613507,2.8959373431711297,3.5904521074085616,3.0520651914006853
85_7,4.001575200477594,3.8805157550399767,3.0480596694707387,3.64430977074258,3.2868652976349257
85_8,2.037615547994333,1.9780455457726258,2.2665918533715894,2.0270439483209963,2.086289230644294
85_9,3.9995242244214313,3.996490345247375,3.9523986031954803,3.946314533289541,3.7270401849351478
85_10,3.035416487107787,2.094495571782881,2.322340924400934,2.298001970621546,2.0610216255542286
85_11,4.000044407474842,3.952574177910145,3.923849077800353,3.9576470933765493,3.939224765859756
85_12,4.0109012127681964,3.9848373260862147,3.9980301514368737,3.988246019299385,3.99602185267484
85_13,3.923785980879258,2.570184299708433,2.9873500522723844,2.5064288007432407,2.658664478975862
85_14,2.7473683781138587,2.0753982245477873,2.1010673883837168,2.7698662060323462,2.50431680627114
85_15,2.799775734349489,2.348823574350143,2.3200665490011594,2.440602614493999,2.2473828696828204
86_0,2.0591407087407037,1.9775434685508257,1.9776846757890247,2.027939213809296,1.8206225643027834
86_1,3.8352526814438526,3.7041795945047427,3.255834253204799,3.423708109177658,2.4722397615777214
86_2,3.2281099252239125,3.1103109187780604,3.0734277970373216,3.4188991921112337,2.5705190129211672
86_3,2.2008274152521774,2.05281580515668,2.4816537484802,2.565872963294155,2.0381492150529743
86_4,2.9302234651950907,2.6330260202047144,2.4796913923070796,2.5032513974785684,2.294590669257946
86_5,3.904557816619121,3.4299313287709214,3.9741301051608975,3.432899264679049,2.892545496586975
86_6,3.3419641834815885,2.794414989193782,2.6179327033909905,2.903527927963688,2.65650836075009
86_7,3.776846838739335,3.5298086927221997,2.5989705149856506,3.498318701464959,2.9898840431752767
86_8,3.982733968622287,3.8802673672530084,3.988908375587738,3.887039853265657,3.9440151973901925
86_9,3.402384985403775,3.1770814016896263,2.8958510813739755,3.1796386664994833,2.801996354049181
86_10,3.946552159161783,2.2028977877953695,2.443340164794244,2.7823177734711826,2.9223814866148463
86_11,3.115251363117413,3.0499909734229322,3.154303553138365,3.1649620403773584,2.350043207664651
86_12,4.084988208002668,4.002763716137766,3.9975770856466757,3.9973701696656616,3.9676387577727263
86_13,3.0909367194000423,2.9327865795108203,3.2205239490385913,2.752582973414304,2.5068104833444576
86_14,1.9984187836248926,1.9993661064144035,2.0228875049869868,2.1653079855911876,1.960695032077003
86_15,2.9532692466855193,2.4435123702041435,2.3248129344054638,2.439880188723046,2.0021414804240454
87_0,3.1263813083152274,2.909023747066606,2.4724641659311266,2.9418426355478076,2.2698984701075413
87_1,2.7549121821699214,2.474270717423715,2.2941136525500023,2.714499178289448,2.881855353863896
87_2,2.7717551839651478,2.6888316101031338,2.41091033159204,2.543223468876367,1.986523321741711
87_3,3.970784221453087,3.492645400272044,3.421188178010046,3.9432945456790374,3.5087550015212816
87_4,2.7692171958765526,2.0072825702325017,2.3204993006729087,2.69330779710888,2.0711935732741695
87_5,3.91430897590715,3.6195902014795145,3.142071001359917,3.9132147856730177,3.9574251479880203
87_6,3.9842704116816683,3.365367176650511,3.0240198492311277,3.9319680406986453,3.985788260102155
87_7,4.006854012088068,3.94640925550474,3.645654901201411,3.9396041511235964,3.8487098808422906
87_8,2.093557532215361,2.0636796308186205,2.2439983954670586,2.2971497574852666,1.9989204109828544
87_9,4.002572590751582,3.9824865680451826,3.970593648035806,3.9659028205021287,3.6177914594014364
87_10,3.6474995927528644,3.7042726050443284,3.0894866273841917,3.7020242139980706,2.50523159570623
87_11,3.5222640015110493,3.3724232375172845,3.796686436191623,3.4323611133520875,3.0902015123297977
87_12,4.106456693550262,4.007183120644538,4.00199469315224,3.999895051307628,3.9993986122922673
87_13,3.931993014724981,3.555507211473487,2.955764516245723,3.7760263269083545,3.0636951503346563
87_14,2.92234270617825,2.7075787127188122,2.5351427640757507,3.253825601691986,2.5019765142810058
87_15,2.2223805582669236,2.8983697692454156,2.075784613896433,2.9316904197800437,2.037836737751931
88_0,1.5006633097788922,1.6515704491717493,1.7349904985288203,1.906550618432037,1.3216919771161697
88_1,1.8551103438175547,1.88300436100144,1.8992682984635683,2.016412240758144,1.6236557382737546
88_2,2.146927987159176,2.6577866365862826,2.0652063205565527,2.470672201612861,2.0583342528780695
88_3,2.3800300192352513,2.0232760526198197,2.099870859387091,2.807461380838177,2.114061315325553
88_4,1.9921476413612216,1.9164435790862273,1.5024817135085005,1.3794051802500726,1.5641075128517634
88_5,2.181875061270583,2.183425018217754,2.2941120271742146,2.736502959113334,2.0494667389557364
88_6,2.268275083853561,2.4721475992637374,2.1776748708471216,2.5698634353957996,2.0071440750098066
88_7,2.7601558870674303,2.083858363103382,2.051769118482309,2.44565907619375,2.18186756233443
88_8,3.1821507597371195,3.072725719599509,3.616197624610383,3.000000000000001,2.322099112684556
88_9,2.8570282744639757,2.2941707058875997,2.221713701150568,3.0181367846965976,2.608950831323125
88_10,2.808677148719106,2.041642557036456,2.0197749285357243,2.2707615346351773,1.682554396872915
88_11,2.14550674289962,1.9667896470248776,2.015024913979899,2.050329275791459,1.8874564468332196
88_12,2.406843521419091,1.9955430721026957,2.05788450088254,2.181691144728275,1.9964874056137891
88_13,2.910911211800044,2.1176956824032276,1.9665348616347438,2.147804161313778,2.071198785680369
88_14,1.060174850115498,1.4379617279449808,1.1489131063695819,1.7089779067115005,1.0204256314807727
88_15,1.8958066239012448,1.967667703702078,1.7381741203842178,2.0220972337750642,1.8003452307152523
89_0,1.9893190584120541,1.9950582512518062,1.8018072918402672,2.011021447362999,1.6803027847632117
89_1,2.6243998672781257,2.041511674213148,2.1471044684764844,2.3220623707156163,1.9612657734836236
89_2,3.0333838404643627,2.7654437461562607,2.750352705712476,2.89916925182034,2.1027417995590367
89_3,3.0143621435626873,2.321698789280834,2.7295631099248028,2.869596588593419,2.132402877464195
89_4,3.1978902379584038,3.3306382017163143,2.9689247263465233,2.8820290935772808,2.5034877140468983
89_5,3.016108227765482,2.2699032856223265,2.7295631099248028,3.0960971415071405,2.014706486344973
89_6,2.0163367383148656,1.9823291776796144,1.9728712117170302,2.013695846854454,1.9718462713155456
89_7,2.2223729450022955,2.0283546145873,2.2710601264516295,2.96546299481654,2.1648158622895037
89_8,2.6213151257320386,2.0434335680240854,2.6052928692298596,2.8475071085258916,2.884321449362066
89_9,1.909113375177087,2.0197319831517873,2.026254707647114,2.163889939056785,1.8883364800504676
89_10,3.2333703133709584,2.957805755024754,2.9655550638425456,3.111307889517188,2.0916267818856737
89_11,3.008985051843853,2.932787628742572,3.1717735400400997,3.084447083797957,2.266500500878533
89_12,2.625271378996318,2.0531270616878423,2.736000689879583,2.708367787152433,2.503282161980405
89_13,2.0376234358484573,1.9727264142078555,1.9690145684669236,2.0393750589554567,1.9804477771205828
89_14,2.0832577189640964,1.989179366667212,2.0180256432702484,2.0849512896523996,2.027059820895716
89_15,1.9722383191811543,1.9945027761275502,1.941000483361982,2.013654841298545,1.5624179492628867
90_0,2.865688223726795,2.1814278989355618,2.1459253086930747,2.8449393013270874,2.2973755378623206
90_1,3.07749460942455,2.411711763519102,2.802245316064497,2.9907060197086697,2.9613635647162146
90_2,4.00055085564054,3.9238484566925047,3.9145279788162335,3.9315042436011214,3.648988297238861
90_3,3.9991563127225462,3.463501833777094,3.7502129838034395,3.83270388842946,3.0083462346403484
90_4,3.9918604480859816,3.3730385050604266,3.9227180146719483,3.784287325050699,2.853977171904947
90_5,3.81694820994247,2.7688422285608043,2.9579474745735164,2.9470082016320336,2.183790418471892
90_6,3.904514958175857,3.400140659176982,3.095813985807182,3.0,2.96217925351741
90_7,3.946595218644745,3.0648678984100974,3.2333489611126542,3.2849082117134154,2.9051527850811367
90_8,3.970841996438505,3.72857984367957,3.402916890485344,3.9386856345134005,3.6735983382854362
90_9,3.991045538650254,3.904014249294824,3.2557824572539045,3.399138252464881,3.4769818567957547
90_10,2.7618352830672475,2.029860322024776,2.101035427253931,2.2019829791022114,2.061201604438374
90_11,3.9577599811195157,3.096097184579729,2.900794979056273,3.0520492719945205,2.8442717945147558
90_12,4.075698195341645,3.9905430638590755,4.000601170862153,3.9947009289323576,3.98367137246426
90_13,3.985944454093264,3.2347115414091947,3.0180420721199916,3.2839236407621777,2.9744793742127955
90_14,3.011380327607706,2.933799853165113,2.7034199560665035,2.94939437826329,2.075339548522416
90_15,2.7796106910952565,2.6008315853491104,2.803739127152887,3.339852739643597,2.6292488166478942
91_0,1.7313885258904989,1.6798602412024395,1.8943829621506523,1.9441525624979377,1.59881728137318
91_1,3.082239479382772,3.7973674334262024,3.0217784342506757,3.3956129614781543,2.6709959541907526
91_2,4.010453461734113,4.000235261579919,3.9823452513211253,3.9836850458733624,3.9707504338838224
91_3,3.9748456699743264,3.286334023278604,3.061858026718908,3.61984107295182,3.1539173376987066
91_4,3.9928032780313525,3.2573596776616447,3.0472781538292772,3.140618339510021,2.411640524430017
91_5,3.9961409848008054,3.9936320200902724,3.9924435377361354,3.973405620029783,3.892330278058945
91_6,4.000239566689734,3.9963460216640603,3.7973349180708986,3.496496281439585,3.108022861508621
91_7,3.990663634139905,3.4316177612012946,3.4732964876469126,3.865617163995784,3.1869025507765727
91_8,3.006270394184854,3.1232218649262617,2.5322704986365583,2.9009555656800203,2.8000865528303422
91_9,4.0071857024675985,3.9580027257130874,3.900386073868021,3.8169405394674825,2.88354058223575
91_10,4.0057313395215735,3.9237314293499064,3.8890740679564573,3.7964756463312606,3.233311532099693
91_11,4.066175947864695,3.9987269795270923,4.00102243144568,3.9993791100025726,3.9918067283764604
91_12,4.017777392815913,4.00038009063437,4.003709015269929,3.999212444659312,3.9138029209636493
91_13,3.974756346716312,3.6502800333944183,3.535093627981903,3.492626723381027,3.1771324405496437
91_14,3.9152655087448585,3.328279704349284,3.371374886423498,3.976983573798426,3.2908498052795467
91_15,2.181315252663249,2.378734483011331,2.0580179870931032,2.623478919882796,2.1526925859083064
92_0,2.062404432664876,2.246283610224974,1.9882949974432034,2.5708282813596393,1.9593093904452503
92_1,3.9896594839312822,3.982798025071446,2.8841764559556067,3.205095488450713,2.8115252666007815
92_2,3.7760731086589,3.310928938354818,2.902065084400792,2.952076975703387,2.2227736828022713
92_3,2.5390188479538223,2.5024826664216007,1.9896400203049671,2.2251040776840267,2.000321233269525
92_4,3.9460255988943542,3.1487762172349933,3.122795611681577,3.069777570408613,3.197078322514966
92_5,3.7050640108869315,3.2280315479998296,2.9047617465640427,2.981969658099703,2.2097151273667284
92_6,3.279623065436149,3.338982442399797,3.0153692803529326,3.332353580533373,2.775202391840892
92_7,3.266335809432292,2.826283110582867,2.2684442452144515,2.6153115611110165,2.050214318934201
92_8,3.8332884145285187,3.0345364970669992,3.587079955427201,3.055156696001891,3.0603682854146013
92_9,2.5372753041907634,2.951800707149358,2.0949424449662812,2.837325956321909,2.761146705581189
92_10,3.9671018906608735,3.612400740884494,2.883606838428093,3.157335819037186,2.77476988613432
92_11,3.677238235224791,2.6876775833572153,3.311102721323092,3.6728143421791537,2.144672225690677
92_12,4.002366714026182,3.795239149584079,3.9535402517092217,3.9978674132081005,3.8648034757873755
92_13,2.1434944470482007,2.030991286381168,1.9353115413705726,2.056663927935938,2.00014179411505
92_14,3.3970565008119054,3.7164581692105565,2.545332771090554,2.909847184613647,3.034418012381095
92_15,3.188280212714038,3.06373220020573,2.362622776072754,2.8599055874790835,2.2226223223684904
93_0,1.974805418443521,1.9833155846601827,1.9073104132079366,2.0086951720286312,1.682278877506437
93_1,3.4945168188939904,3.9628299461687497,3.4927745858523913,3.423023308025902,2.780447556362239
93_2,3.939695365735831,3.521653877197185,2.6939932558390614,3.703180852486167,2.8538733474333755
93_3,2.8475466202886643,2.903484562644822,2.3488753993154154,2.4194299599399107,2.201232442691304
93_4,3.70441749569755,3.1103166160982405,2.439486970367664,3.8339664613372944,2.6175045584923993
93_5,2.999957378341749,2.6288820521257548,2.0507600831483894,2.4408645829917655,2.32278436356105
93_6,3.9892984444547657,3.3154999607510787,2.9758720610766147,3.089477737839374,2.2229739355168805
93_7,4.019794175302924,4.0071083961327565,3.98545543783104,3.996366128055244,3.701856202631424
93_8,4.0368960757775065,4.008639302128926,3.985264641810815,3.990486617464942,4.001229571225541
93_9,4.008747311321754,4.000846535740752,3.9189514210722334,4.0007180127475515,3.8920122706680393
93_10,3.5616150552839434,3.057874512382761,3.231812326589638,3.495379299334248,2.573207359489271
93_11,3.1797128203501104,3.1489894305371764,3.932021746736054,3.259809056770956,2.3808585191064573
93_12,4.046822699236389,3.996581314490392,3.999830124915042,3.9993598319852834,3.9997333667300365
93_13,2.977441951581627,2.7343134333533,3.116294683877152,2.978569547232328,2.293736660950131
93_14,3.835538329631112,2.911137025285821,2.7833608443612547,3.649493449024898,3.150018317484172
93_15,2.9819558280825893,2.32173569194718,2.8005086392696126,2.874548577538115,2.132275167833845
94_0,1.7348949852228532,1.8811119474508127,1.3519352235256332,1.7827754407906835,1.8950482496197727
94_1,3.5904363170522746,3.0308265571143087,3.7536685609773444,3.1013968267831133,2.951484247352844
94_2,2.3790981587598963,2.0739761768231557,2.181918388179528,2.785438196605782,2.0882287111738065
94_3,2.8736029453980088,2.032451442890071,2.187654683387872,2.2948659644435305,1.961591389059427
94_4,2.9160324948295377,2.2967510581718487,2.2433799159722603,2.0757382150893355,2.084031544115851
94_5,3.157131923912874,2.7244743320577043,2.76392923027737,2.9583397426832923,2.539131087219524
94_6,3.2828118641520025,2.0228948467485024,2.752397211073521,2.7612847010966552,1.982909731553763
94_7,2.789847520043851,2.5021605787691055,2.917772966277168,2.688999343388416,2.482367326657193
94_8,3.753231315817836,3.493978161394296,3.1876904998848365,3.4420895086336927,2.875440517823942
94_9,2.73995984847008,2.742537142121715,2.2433542220067424,2.3222156347816885,2.1459860813740983
94_10,3.9999471872909393,2.9886590542534277,3.190972626582377,3.290859060700273,3.2414912769110855
94_11,3.9999471872848824,3.4348922118986067,3.866061124414982,3.767109899434101,3.012672071346477
94_12,4.0005444783165345,3.9431569373315836,3.9988876959692,3.8989872756026163,3.788681264527875
94_13,2.164438019152433,2.0316594856956436,2.074326417778025,2.5374950185144667,2.11837988888366
94_14,2.9798150418175116,3.0,2.9375436996615236,2.842012857086326,2.0926639823641517
94_15,3.0634851233596847,2.2016913749966056,2.3832636648106624,2.921550417372259,2.1455099802916493
95_0,2.143928361182205,1.9939451870741514,1.9987715182815717,2.04161159406736,1.7161356097966916
95_1,3.7758943980878032,2.658782770056729,2.6031220278982827,2.718610418429917,2.0171475906391123
95_2,3.8508327419114363,3.5265513094028904,2.832951531096566,3.4742189739474947,3.5143930408895026
95_3,3.5611376596681277,2.4504616103085133,2.848979984450636,3.164916790013851,2.045154486952478
95_4,3.7296975370802787,2.990985890020185,3.168786477733455,2.6859951247950384,2.891229221558654
95_5,3.9579131933464007,3.4982093145527275,3.153930915042382,3.2499443310851803,2.512790715869422
95_6,3.987814019334132,3.797165243569579,3.7298947305608636,3.345805165809242,3.4562928324464974
95_7,3.9775865580323417,2.990709062513263,3.521045650285519,3.293995986226804,2.676284631731489
95_8,4.880706359614596,4.9819242862542525,4.406070077935004,4.019888984468384,4.753413048634805
95_9,3.998924518305366,3.904529370317,3.4043218185897786,3.7298429434980176,3.406048730244205
95_10,3.994852936494701,2.6621068563512003,3.580918766165158,3.2838945681695257,2.5531231752428276
95_11,3.9923629236125686,2.9658155436513707,3.4335853238464353,3.4841844293303583,3.2636838521049123
95_12,4.1191037687455285,4.00392998627049,3.9997169677052127,3.9805218551170647,3.9795739425454535
95_13,3.9841009838294257,3.3874560731048087,3.0534727621351507,3.5585483917111755,3.052016702313277
95_14,2.1819867479975033,2.0389723288342774,2.244271797194851,2.071927953837317,1.9625307811618549
95_15,2.8765167147624537,2.1483748819015243,2.007195945647274,2.106451238067087,1.9371235802585312
96_0,2.907187607109878,2.106700878114853,2.7173035553900347,2.6879071242725474,2.065722149168695
96_1,3.9865961620360384,3.8664065157721867,3.5563056807483324,3.2852354074587162,2.782458198330215
96_2,3.8804681742752662,3.4947685370629986,3.5541115595103716,3.134232923175072,2.7989886681563902
96_3,3.9707914847089154,3.775289160885575,3.4610739896698384,3.650338553233186,3.070577052680418
96_4,3.6215464430964572,3.645700894488569,3.557545712323421,3.1945173535021056,2.474452739235957
96_5,3.7304783823724095,3.775289160885575,3.7676128630079835,3.3171127467871306,3.0552061213324815
96_6,3.9926331750646455,3.962618111346571,3.366822828409119,3.9315585851312314,3.1080448926277318
96_7,3.9847401815016985,3.8669981185275804,3.6077588167527157,3.926487510268067,3.284134285795698
96_8,2.984030257480882,3.0721172393572074,2.872857831213822,2.969541447870396,2.2018014753905106
96_9,3.994073366095947,3.8664065157721867,3.6147589808314664,3.3105471033562432,2.8643058455065185
96_10,3.989973557132831,3.775017213505721,3.7903034537859797,3.558543469586708,3.3902141946126285
96_11,3.984531643373387,3.9219867478811588,3.9611366208064607,3.914171195117704,3.2381820289491716
96_12,4.075747601092218,4.022033650695554,4.0255318697159455,3.997095903436843,3.9945055055469427
96_13,3.952756194514936,3.191238290212726,3.496078331404174,3.7976126234515912,3.3991828151680936
96_14,3.880671394971475,3.1291771520236016,3.6994497348125805,3.8664868530485377,2.836357298073335
96_15,1.9786172200960639,2.0089213145244242,2.12979501489641,2.0240379250770673,1.5656379070354485
97_0,1.9787000931057834,1.9633493599276133,1.4706606429938176,1.9917801329582208,1.651620820462463
97_1,2.949593442798809,2.682803894119266,2.0167941557934337,2.965822717341255,2.104227026084883
97_2,3.7306205010410807,3.370177230235528,2.93735434662619,3.426197701077279,2.6287394856736035
97_3,2.5963506991176355,2.4388377221066038,2.3840138936747803,2.686932258056568,2.0695551449786844
97_4,1.871089900033937,1.9933975237465655,1.8830477037086202,1.9680876638007578,1.7071594773576417
97_5,2.377961394436318,2.0415861992819755,2.0593282903047245,2.9170087512471827,2.0380921790245523
97_6,2.2687285387722214,2.162775005247848,2.2950051957646687,2.201598752868341,1.9846487281649756
97_7,3.816817302707567,2.83113061176231,3.962616944004257,3.316116269049338,2.8817924917585955
97_8,2.320822107013501,2.117508877932919,2.6895447350078383,2.5370790527099247,2.1440185983004336
97_9,3.4943003609876957,2.978137861460455,2.830941112572469,3.4164191913947874,2.8641295478608213
97_10,3.0595323247568285,2.269562119293792,2.6117016349006406,2.937767211962428,2.0367613882001296
97_11,3.1263813150337008,3.2587035861643163,3.4335850178572307,3.132422875879878,2.411011740795833
97_12,4.004531908674118,3.991798163104543,3.8915640525153035,3.8154573266014,3.939000412031642
97_13,2.221896026252059,2.1645607181386457,2.000067894747177,2.2958974705436583,1.9939247452066353
97_14,1.9837974513580503,1.9247523206704276,1.5635974591655544,1.9988006285038762,1.9258983541902353
97_15,3.0161081926727444,2.626813078332959,2.29191435218566,2.9169995428750943,2.02496250677322
98_0,2.033787257980125,1.993854405061832,2.012807829175253,2.0385792335359167,1.9594067245920905
98_1,3.9587720750790516,3.644754991434477,3.9144622620844802,3.8798893062091695,3.6231991285298353
98_2,3.4969312063523246,3.7268376237802547,3.8163611308614303,3.957342717817561,3.0394102132855663
98_3,2.823998006976636,2.380880378549413,2.855337130005089,3.1151677334939394,2.296263248262454
98_4,3.99340451956712,3.9950592135368486,3.9668611192982737,3.9234041498746466,2.8704566339808273
98_5,3.9148128034141636,3.053424883903012,2.8876825447862533,3.3730275193803405,3.374143743472149
98_6,3.97057120867852,3.6205180041535643,2.9403334994705848,3.96953816246586,3.7921008625216994
98_7,3.992899175963395,3.923806212842561,3.9914125079496063,3.913932845725392,3.1414062421776565
98_8,4.966824932811044,4.3484499073229,4.293996532833451,3.99160903752702,4.222076311358593
98_9,4.000807126419143,3.993289924490192,3.9963411806492024,3.9829182472911615,3.957473802797731
98_10,2.9946484254792582,2.3517616289977235,2.7943136964409567,3.010115954630778,2.6916827522669133
98_11,4.005586277741985,3.9736269332834833,3.1609973519124477,3.9238699569780287,3.8919873026227356
98_12,4.2688592213418,3.99108067275641,4.016513137339146,3.9961934806570545,4.000648254244056
98_13,3.9978569845305962,3.9920493832839705,3.7472801890043295,3.923914360666065,3.9226150322711315
98_14,2.2942640541868875,2.036591686425492,2.1765217276004187,2.2020738587192357,1.8867120280622145
98_15,3.7298910023103375,3.9654642430854263,3.7020360360478395,3.560964500230497,3.354978719740175
99_0,2.56311487714792,2.825782911134714,3.0659841406621497,2.3785357949572843,2.2669514929955064
99_1,3.816665157555883,3.646986663989125,3.720138897815502,3.1321135398719044,2.423498617790867
99_2,3.061859299333963,3.0774212454900134,3.112028657062164,3.0191274987798065,2.940458260669901
99_3,3.9744754113210905,3.893070869537145,3.0961092503464154,3.4307699032766266,3.4844993930112578
99_4,3.8667551235083533,3.9916607144333485,3.8501913302993676,3.7739163234253246,3.495995183014687
99_5,3.3166737104990274,3.10031627611061,3.030822929005447,3.35199227148495,3.1968559360772195
99_6,3.150021896357521,3.1103182074660927,3.3955344050842124,3.1446514246489063,2.3544545858694437
99_7,3.429944857848216,3.1358422269563677,3.865476265152907,3.031542049766997,3.3081330855193434
99_8,2.8884677797424185,2.1192539789669755,2.926270908391672,2.991647872592237,2.5090175078547703
99_9,2.1640654398281263,2.899607429033436,2.2938178328897574,2.824908337262091,2.5062304257879253
99_10,3.0964827030525424,2.88854314354553,2.566866411840273,2.4194302047640996,2.243529767662012
99_11,4.000124223389438,3.932349673240922,3.730488339328421,3.9575214411194612,3.1898531127740646
99_12,3.962863780946191,3.850422978520932,3.987729495659709,3.9014858190559982,3.81583800575806
99_13,2.2011427225717752,2.2234026229027353,2.7421733222459492,2.8870665734285845,2.223437593892473
99_14,2.781574920410658,2.7853189272820846,2.7889659959408934,2.892626992656843,1.9550948113854913
99_15,2.760357414359618,2.714223407216327,3.173018683624379,3.10348438026242,2.3266929287608176
