group,COT1,COT2,COT3,COT4,COT5
0_0,1.223084146531237,1.7669482227507116,1.0185673602699625,1.3762504955655648,1.1550349420243335
0_1,2.6234585626294358,2.6260355650110845,2.082933911527016,2.143112959004764,2.184202255817723
0_2,2.968457356021156,3.2033435500614487,2.9672023606978932,3.8961851043561566,3.7858378359593696
0_3,2.437785019688421,2.6918409665037997,2.0858616105100136,2.658825903918454,2.750346834422698
0_4,3.146881038602676,3.2204757620401736,2.959897088262936,3.4388333265690156,3.4799303382232183
0_5,2.9281912276243354,2.793066549768419,2.2909028057202367,2.144867228544203,2.2992554609913265
0_6,3.9892244101055643,3.904726752406224,3.880080107098019,3.9882802759610336,3.977148762647332
0_7,3.9973795946512958,3.9862527669766092,3.982357646956017,3.9984526725540337,3.9943344837009973
0_8,1.7315665644080507,1.8946417626208942,1.1106185066557235,1.8948757971400276,1.8426255994540104
0_9,3.118182860408273,3.31761768957119,3.4973225977301343,3.820878989102889,3.8464987759999887
0_10,4.022787155447833,4.001388800368548,3.9982808488281742,4.003751100053232,3.9978001682564774
0_11,3.853025878853797,3.9533939973405876,3.8775752161550012,3.993616010324254,3.966674115078429
0_12,4.022916670972097,4.002591929912641,4.001510614311723,4.009590433675629,4.003721484020555
0_13,2.933766958431098,2.6852088781561974,2.136129372737943,2.815649278519284,2.357455836583134
0_14,1.9666661713877458,2.0607241422307627,1.6675970307386259,1.3932333808307762,1.4332545380237607
0_15,3.498713374757301,3.2619069848618136,3.314004724026271,3.7578723899684667,3.724498249965821
1_0,1.9269788810608315,2.013389038000179,1.111127539099043,1.6642113346601992,1.5381190387870622
1_1,3.4991534077943487,3.215524956857449,2.930000174450674,3.7404468283342567,3.6432137829277123
1_2,2.782866939791925,3.0156285502938514,3.104794763021964,3.7593753860542796,2.5962378309987875
1_3,2.500682083121141,2.769381101299787,2.1996128260277588,2.4777109574571643,2.807445963855638
1_4,2.2226301029241067,2.6609263757216435,2.285800120711285,2.9054388412923386,2.588943768136854
1_5,2.119195558850036,2.375776493812442,2.160771545839542,2.369426033658698,2.407370225390143
1_6,3.621666505837945,3.265654799185631,3.142101205802649,3.9010790673677533,3.6098447008071393
1_7,2.0078645787406937,2.064307023163575,1.925433559662588,2.003129739931395,2.0666195275676533
1_8,1.0475906011147065,1.1247432504847565,1.007891871847017,1.737605079643745,1.2684141606485353
1_9,3.2674054023977663,2.9999638695018254,2.8759419841288856,3.1940825230458483,2.996805776167425
1_10,2.222625604693303,2.5159001732195554,2.0619716116182705,2.2854269996396157,2.0139451493116867
1_11,4.18195560396732,3.559546018071057,3.904338330902885,3.990289508836987,4.000266952307996
1_12,3.046061015491171,3.01006669049745,3.1970748361152785,3.2940961375183284,3.7481732293298684
1_13,1.9722382943179837,2.0484347906638196,1.4213208915112132,2.0456594537132444,1.9392315552534154
1_14,1.98613344363656,2.08315009533664,1.360999882008805,1.3838337910622798,1.6403480236146393
1_15,3.047689677885813,3.071120700433573,2.837092281527791,3.500812783482083,3.3012134479908575
2_0,2.2187405411647108,2.5361770570775044,2.5217991212960533,2.5598390941036397,2.3963230493056877
2_1,3.971648352372165,3.989766418465289,3.9966827354129952,4.001094942430443,3.9945617458274594
2_2,4.029152825481947,4.000370808806911,4.006462619476051,4.015674691564351,4.0049473735269165
2_3,3.880872683025702,3.7305601156800194,3.5613544936857484,3.7337990575151503,3.7448515697164093
2_4,3.984377973286794,3.8804183543060944,3.9468487376731383,3.9862289708668475,3.9738231433351525
2_5,3.9241021213250455,3.9526266962852685,3.8929735030758734,3.985990255021709,3.962234532679782
2_6,4.182198172859531,3.9932828383392596,4.003756269275466,4.009469046740921,4.000843042972207
2_7,4.008147276786309,3.9975006735824055,3.9898644471704143,4.00236164136476,4.001148800512609
2_8,3.042145148852842,3.0157637333258305,2.6372975832121215,2.9976881643695026,2.933739444605018
2_9,3.952747109175717,3.5556811761754585,3.272191095545914,3.9254811136844094,3.7452173574072525
2_10,4.0123123770883735,3.9999489879724743,4.001712500646941,4.017673021920733,3.9994021521022876
2_11,4.015753611949003,3.9994725984366166,4.002089869642559,4.0080952569699235,4.001247465993617
2_12,2.9910835548165533,3.1221564976111624,3.3710486569784632,3.80884758527479,3.305632302503302
2_13,3.125694382956761,3.150308908174176,2.8116755987227005,3.3096078303239778,2.889374720069706
2_14,4.001050122297798,3.982445130898288,3.979726269582792,4.000121830130298,3.996090918236638
2_15,3.1160718052751673,3.2387832515073165,3.775014755535504,3.8798912111090753,3.6156630590627907
3_0,1.8716198273541782,2.029531812183907,1.8315458731486418,1.6104159841334063,1.483849843508137
3_1,2.269106783589115,2.340237978746851,2.0218303081606814,2.224241958172093,2.1571423432919565
3_2,2.9702425363981937,3.1073500912941503,3.498155055296383,3.684244717599055,3.7657118504093146
3_3,2.500272904317307,2.4053848927170507,2.5414434269536814,2.6333567819533976,2.4461065875493913
3_4,2.0529164412669996,2.434974630847953,1.915461239852977,2.037691047296294,2.153309698180721
3_5,2.0744328416404136,2.016722822212259,2.0713655145850196,2.3628585061384246,2.241351038265447
3_6,2.993660998017227,2.9475401669617813,2.589309479320841,3.091265297870293,3.063094383549991
3_7,3.983208499205739,3.40332020955615,2.80669993014334,3.790271870142315,3.8767285357761088
3_8,4.016611177678302,3.9395689451714304,3.5379758091514124,3.9980873962299808,3.9868477133501816
3_9,2.50013716983003,2.466679062682983,2.4991792995974293,2.426073916251474,2.4901566607041783
3_10,2.932676856165173,2.892276254577569,3.03087408982958,3.2414658260117344,3.14141142258162
3_11,2.980646715497912,3.0838824646234997,3.0382955762914143,3.453409120974423,3.6158062247240257
3_12,3.999994582388447,4.001189127620384,3.9984073537220524,4.005749334518648,4.004378375589875
3_13,2.9723721363582416,2.6909635798243845,2.454102911916245,2.493447265405291,2.5283042691592397
3_14,1.8531499513403233,1.9061616774764147,1.6140439318948199,1.1834093173586064,1.1153285321631925
3_15,2.9445086658340056,2.901406586441609,3.016490032119159,3.057367657968126,2.821589207088027
4_0,1.9405886818193085,2.0194478323155094,1.511077547440615,1.609184016507299,1.8253709054434872
4_1,2.907428579071982,2.685589290683999,2.854776715345081,2.9794795129140486,2.583779084818899
4_2,2.77935448378873,2.6371089594161887,2.2840033725900533,2.6203040618641027,2.6168118102377704
4_3,1.9939351012924709,1.9422837524831957,1.6128266571779803,1.669297207778838,1.5683251990656688
4_4,2.3209552732552146,2.842310442625331,2.691613604652722,2.9350079595218084,2.466273814772652
4_5,3.0217393810150086,2.866977490366583,2.7029618872939265,2.6947434897722076,2.7350154113442535
4_6,3.066197126665611,3.0308229708714074,3.3521953178271713,3.6478611058451524,3.2919362770830154
4_7,4.2225901894245785,4.022543861473008,4.001248839917919,4.022583147259877,4.013673998382871
4_8,1.0004253383424186,1.0095054666745422,1.0036468573828332,1.0319148455049676,1.1076896375484426
4_9,2.3223466446688836,2.3929535145501064,2.2133054943325683,2.271726836154777,2.3082863398063127
4_10,2.984745419210404,2.994584189742393,2.8881148551556817,2.731900195242684,2.6919818308489334
4_11,2.009504515911057,2.040625841617099,1.5714585456376702,1.8441111407734427,1.732880287737027
4_12,3.9991128326719223,3.9991925499899055,3.903614905433524,3.997318512128416,3.992748568179497
4_13,2.22247016238004,2.252159959139712,2.1208958997275347,1.8157797780459601,1.8965331995102974
4_14,2.318670737559742,2.4348206891479864,2.1686603261403414,2.222625667278562,2.344106407822849
4_15,2.5030207277333316,2.6926205096307094,2.6571642907616035,2.966842457256117,2.6499301393310546
5_0,2.028829991604654,2.1806909835314228,1.9066271113089681,1.9330438639844651,1.9056876058940748
5_1,3.9775990772192036,3.9242427999538476,3.8799263602657317,3.9961719964270523,3.989416494522743
5_2,4.0054366816105755,3.7769383522501583,3.9579727694788738,3.993938780263814,3.9881983918693753
5_3,3.852027033186742,3.62205237478138,3.754756460657965,3.9289540020306295,3.931873277265205
5_4,3.9630537759025515,3.914983020857311,3.3600413826856275,3.9502932465660265,3.8456897163004626
5_5,4.006826710205334,3.8808351497484948,3.8807609254021176,3.9992933891332973,3.9843703078006567
5_6,3.9964297266948687,3.4956315645326637,3.713599636756768,3.969734303306453,3.808874340592332
5_7,3.146174382867096,3.130427647742122,3.0175843918346654,3.5672487439929057,3.746188886216692
5_8,2.0364244793592006,2.1922316131187216,2.0358055162390714,2.3134419421155146,2.0033709436239775
5_9,3.731247645978352,3.376785162628411,3.5617718239201315,3.951800750288178,3.8932504462123574
5_10,3.8806370705723165,3.5613202029477873,3.775818043437101,3.9658451187156283,3.9307366098952192
5_11,3.99758059713638,3.9863145746310376,3.9940587549944273,3.998590623849379,3.996397535858322
5_12,3.880627675396891,3.4368790058538705,3.5210492835259792,3.9666466405120993,3.9143088741593117
5_13,3.0931842668261824,2.9380444663506053,2.811718708420932,3.3279333342123647,3.300373712606066
5_14,2.922360195841806,3.035188159973514,2.449309035088008,2.82337999814506,3.2804957769815792
5_15,3.018138494100599,3.4635463451989175,3.205004183380779,3.495538240896756,3.5921266896947537
6_0,1.9817321412325684,1.9781690612691087,1.6321427553554895,1.7944305611294253,1.8161529112052281
6_1,2.213682986783243,2.437256009971091,1.3562143654592134,2.012445457272389,2.1431555987950346
6_2,2.8220343376775867,3.0865417974530382,3.057518031221103,3.811757543908947,3.4469035026364097
6_3,2.500468467408428,2.501776988180498,2.317372853030299,2.276984380995407,2.332266993500555
6_4,3.0894870307835127,3.125540649669766,2.9773450595519613,3.6358508357216355,3.5837222317522834
6_5,3.0240953068980474,3.0037636911995063,2.84251150485997,3.2075951700721594,3.043676211292691
6_6,3.1422577575534247,3.3736298388587485,3.7740367770117795,3.949424793355754,3.843052533660603
6_7,3.268018317848584,3.1773895288644773,2.9683460414253475,3.1785581569570973,3.30528306415705
6_8,1.7340595995214452,1.953118021779418,1.5907287794102034,1.7044914177459618,1.420856139751444
6_9,2.2232313541723427,2.38143651351034,2.0132607734514627,2.315118374879414,2.374420928518174
6_10,2.008888271581538,2.055752366980101,1.533255514896356,1.7831674279144178,1.6891811064624624
6_11,3.0,3.1627435762650062,2.9224666764180243,3.665699856777742,3.3088389027685077
6_12,2.8540665154124487,2.6937292353264124,2.298607774824048,2.275150233735032,2.792219205309595
6_13,1.9929766997573646,1.9618200086372126,1.0348000161091135,1.2599808683489548,1.3649857859755454
6_14,2.1806887005748665,2.7595337973711436,1.8772585772607135,2.3418619459278567,2.416725438993912
6_15,2.144030441577615,2.1682429044851768,2.083415210100201,2.3411096150788464,2.5404006726733734
7_0,3.0181275634517286,3.3620565007087118,3.3655228223267795,3.8950967471575115,3.860952605914952
7_1,2.9308009348081385,2.9132666494966157,2.070670314582418,2.687191905376827,2.7660082190388158
7_2,4.320712573279917,3.9931744296617624,4.000738130033252,4.003232568893653,4.001252004883291
7_3,3.9037438549447825,3.2944085692172895,2.8697629704667196,3.5383710216954514,3.341431631012085
7_4,2.680604260510123,2.3142946884960125,2.0488865802983294,2.0976265891054466,2.196314348602679
7_5,4.182236578603188,4.009227438331217,4.001194687494397,4.019979722092302,4.006899209274343
7_6,4.118973516143004,3.999416814599716,3.979788012085665,4.004931349713036,3.9936685791310595
7_7,2.7822712235860116,2.319480503807768,1.981314313100133,2.0715057222906155,2.1668937231201775
7_8,3.9996940040990903,3.996588745328763,3.993363617027999,3.997753645371202,3.992872226308349
7_9,2.9816691721820043,2.9476220439680447,2.9287607548919112,2.863938988318844,3.149697456184544
7_10,3.678663519567372,3.9242708387133973,3.431716154624768,3.9919948902144298,3.992943439392083
7_11,4.437493625858229,4.000567452137384,3.9966641394053806,4.008851520330107,3.9999486451067074
7_12,4.017600583750568,3.7755425713133004,3.7744194262115647,3.310142101293817,3.742133848356895
7_13,3.0039234964665544,2.7067268427317615,2.6483970666360817,2.5375487049086973,2.471173227778824
7_14,1.999268209458588,2.1925321736751884,1.7637056432217821,1.6097037915560546,1.9550052977217727
7_15,3.995640961008334,3.8501961115693226,3.9144170695703004,3.964683739138677,3.8586693682611117
8_0,2.0142557733372786,1.9442968211028304,1.9053372130715815,1.9344095053080081,1.7828156858090958
8_1,4.017131886606724,3.9957393155682257,3.9466122102094525,3.990010122944285,3.984120396340347
8_2,4.046344984023264,3.9711689501231917,3.992802270473231,4.000935459018626,3.987818436754601
8_3,3.5617870071840745,3.0821669681440436,3.187910254903385,3.168867822482469,2.6231788632047497
8_4,2.9533814432223653,2.5132990199525347,2.0270128250558215,1.9816949824465504,1.902544704804913
8_5,4.022747372269585,3.9883156856388564,4.001617265682449,3.999557549914878,3.997229324216823
8_6,4.8174899023921505,3.995897417995568,4.001717012755599,4.002842176468796,3.99609104463828
8_7,1.9811413765362331,2.012373989685228,1.7276392807458762,1.7601747753567796,1.8077968639503814
8_8,1.004177679055516,1.8333021696334542,1.015105932894388,1.8481870747920055,1.8833187230546042
8_9,2.88181713088792,2.4383261302435484,2.4500385075346056,2.4619652017871796,2.45675081613114
8_10,4.094500700486745,3.9975802966909213,3.9988021171051265,4.002085637471535,3.9962074738318454
8_11,4.377308673128,3.9966643201380068,4.00269442009733,4.0010951342820205,3.9740463435400866
8_12,3.941977441472682,3.4251029464619522,3.070262709845518,3.138142697229931,2.9941720842258603
8_13,2.059272697410811,2.0510481129422744,1.675336828018903,1.9067498686859632,1.931993233837873
8_14,2.118579472916851,2.4062788300826385,1.9288176727004755,2.3287550196786087,2.201421204307945
8_15,3.3155022431738583,3.2243797085985655,3.363833676411138,3.897071179578376,3.6341138309533583
9_0,2.146603014680818,2.130487744011473,2.4248671943318256,2.077108719270689,2.2640989176536186
9_1,1.7829799544653822,2.0952663099957967,1.4302138162495976,1.861650119553212,1.8139646748425027
9_2,3.1650450476411702,2.636503685463976,3.098909947886724,3.96764923171481,3.733920242134498
9_3,3.0351463334972304,3.0822242453249165,3.012647354340375,3.4786942637640466,3.2235477161460033
9_4,3.9797724097822873,3.7774179606502845,3.255907574540799,3.998411029854498,3.91064392339731
9_5,3.0113317615009154,2.977788244564845,3.1079516741781625,3.06712045519554,2.717901257915891
9_6,4.222590088585259,3.997806335656776,3.9962305038863977,4.00760956209774,3.999090348254048
9_7,3.94084801015881,3.8814614824903546,3.67700003129548,3.9546838563584115,3.937962539807961
9_8,1.321148023386952,1.6978864310099442,1.0429709888819585,1.243081587850562,1.1559575949976717
9_9,3.9955093110520683,3.2382025672508417,2.7095417092089167,3.9383362297194604,3.631821083092609
9_10,4.095140492155249,3.998665274305865,3.9945419441715813,4.003225522119762,3.9799774621704347
9_11,4.046749989467673,3.9630191012388343,3.9531576271904303,3.9850250275077364,3.9318020950166592
9_12,4.00251886174801,4.001425261449068,3.998933553947248,4.000960167226821,3.9996262588788105
9_13,2.8248058617658085,2.3731797254596274,2.6424742622645585,2.4316432444589164,2.6197742709639256
9_14,2.737701001465107,2.840875061993187,2.3764615789488315,2.992054117809937,2.7793951628227793
9_15,4.002999144002593,3.997580867179537,3.9996910595122843,4.001711765253943,3.995729847445041
10_0,1.0007163219131103,1.0008357150955227,1.0002503834979586,1.0043958170260348,1.0077254531501025
10_1,1.378415417797521,1.3876455633633942,1.0793901092697114,1.2065315435091335,1.1711035396133744
10_2,2.178260269911472,2.6427605910146643,2.0900462426084987,3.0529591538291485,2.794550549310019
10_3,2.055541354152146,1.9616157300534038,2.020708712017836,2.0425126840585452,2.3161326342450392
10_4,2.1820643336290737,2.649073144428728,2.5812529007373626,2.917216695897645,2.9661635049115422
10_5,2.1447306668266464,2.3831196180124024,2.373843520840011,2.525069160118062,2.467885894208571
10_6,2.935052292729994,3.5465738193806327,3.1093662773216657,3.59051957359672,3.654206468198335
10_7,3.3196607078227154,3.374867218264803,3.372533218554315,3.9616197723585707,3.8614774869652457
10_8,1.0969874620257327,2.097633517635648,1.349090929845284,3.745824694852492,3.308318985894556
10_9,4.095069148813387,4.0045357905571235,3.9955392243620835,4.025722881954454,4.005427808363068
10_10,1.0180845382773487,1.278736462722819,1.0270900018082023,1.0467621777064349,1.1611027297707652
10_11,4.033318001868833,3.8169608261774766,3.993285901880239,3.974774216794802,3.986400839314119
10_12,4.059832706109053,4.002986799066176,3.9898986385335107,4.012040847366622,4.002358704973161
10_13,1.0004253378465018,1.0265971192678467,1.0025691039695324,1.0113661247761194,1.0155178594219891
10_14,1.9937110019231836,2.0322694623382316,1.7709958240193548,2.435939763483139,2.1402825634498925
10_15,1.3214413871223043,1.0554177263327802,1.007961562816277,1.0285957088666624,1.0634766903980328
11_0,1.9702926718885676,2.0888182830207387,2.081572551950918,1.6752102475760577,1.7607803121222152
11_1,1.9694089610135357,2.0494185932361115,1.2368999965538945,1.1146084286143036,1.261364529317151
11_2,1.9973835023916715,2.0276882998481165,1.947846879703081,1.8488705923470177,1.9686512183749414
11_3,1.9782419892771943,1.9044386644911078,1.1110050358888985,1.4208988037716201,1.4922662162475346
11_4,2.147424977727968,2.1720562552742324,1.9872754825043122,1.840702716995748,1.8023763328392726
11_5,2.0058170471978842,2.0031504964438547,1.0354812425245454,1.3049532453402335,1.2471350191108805
11_6,2.9571752020481377,3.2032902048044027,2.694618814671546,2.9540291489129147,2.5381208917619036
11_7,3.8517860541172766,3.8168674701260876,3.8157989390274105,3.968937399455535,3.937277589991467
11_8,2.819620648034363,2.6355181630216302,2.8906444904596107,2.8809152503744127,2.5268593825724017
11_9,2.0815524275807484,2.1626602772268013,2.3523981051106793,2.468572675926219,2.4654745093414863
11_10,2.1824030158732137,2.852400968786163,2.2164942758089006,2.5132587967595845,2.4141381109368374
11_11,2.818961353115335,2.7605940199368373,2.5056121887242377,2.948628118645045,2.78458181750733
11_12,2.6233873257999893,2.8228187221271415,2.663980840119992,2.7797067718250723,2.6997807227256048
11_13,2.0582604964589772,2.0585575233240467,1.4542576779371787,1.18575031636047,1.4427668751871279
11_14,1.0760441354592964,1.004309547152933,1.0005925745685382,1.0276067568976923,1.0256084370170775
11_15,2.0950438454739366,2.2167718387618667,2.1881426346251587,2.0046841816922027,2.1431043241437466
12_0,2.0337954053942675,2.0787042988920788,2.007486122178449,2.0096721057554054,2.0051842798513855
12_1,3.094550723927092,3.4352722483638582,3.04783750876507,3.5409013721694773,3.315264342664884
12_2,4.001837386641697,3.9946641789940887,3.9797988255785195,3.995064673379242,3.9946644749747424
12_3,3.090215961463112,3.0216639888829757,2.696265451812916,3.0941314356943077,3.2065901815517655
12_4,2.990369131358874,2.9087852753122676,2.618027303325731,2.965227961611393,3.106346542437131
12_5,2.0952907464994532,2.641442254312948,2.2470770867310095,2.1748984676420937,2.5687001802942544
12_6,2.2230877328246885,2.4425346322152293,2.0510908835419066,2.2476973283624346,2.2288726283708065
12_7,2.985606753379081,2.9817996908913416,2.69085474013372,2.8523971395917322,3.048195084166571
12_8,1.998426511685046,2.0807266840215473,1.9587841294052861,1.7508501438872506,1.6061166389269608
12_9,2.8859485115944743,2.578249742544508,2.3829556423214684,2.4791421646782035,2.5933377185526094
12_10,3.0061149668508147,3.317183793028377,3.1502207727733254,3.540929072803362,3.1357794389089095
12_11,3.0723807630135163,2.9403097310307307,3.2243331601845107,3.3852275867469084,3.332918896970301
12_12,3.8520160292627765,3.2134931554621535,3.31551482521512,3.1403225716931757,3.3359617565296475
12_13,2.2689281049283987,2.405780947328477,2.226646587314522,2.00150749964665,1.9824861255500665
12_14,1.9611866307456283,1.9900929374034892,1.2816586499895197,1.5017943168923626,1.4738982997023535
12_15,2.8848136277392924,2.687388898214711,3.0987154939342867,3.2003660630746342,2.9258953327360118
13_0,1.7323436843471278,2.05739485281674,1.7193169670355444,2.3078401321001083,1.9088069872281181
13_1,2.0422908885988873,2.4358805077077124,2.242007212953511,2.320660223585324,2.472136482983444
13_2,4.047266134480475,3.9999467356161067,3.998796290477086,3.9933958669684055,4.00023806343389
13_3,3.9709649153065483,3.7750873679771595,3.6172129167753804,3.926345220214912,3.913578085840219
13_4,3.023275013505441,2.8551355601382444,2.818685229428958,3.1512483806011358,3.210206498166419
13_5,3.147350053091355,3.0194886074578533,3.0697104372690074,3.2757193628585934,3.4245097623368568
13_6,4.075775521251948,3.9931700012772504,3.9969794725087033,4.003976262633099,3.998671348804956
13_7,4.013633413668542,3.99642734723218,3.9981019015041075,4.006954819038874,4.00375671677959
13_8,1.2694304881811445,1.9470261700174496,1.518069714383364,1.689901079752776,1.5123996876701358
13_9,4.006546547688334,3.99933023080141,3.999789132167925,4.006198746648349,4.001948949830826
13_10,4.006016375483315,3.9671154548378667,3.99887496652911,3.9973712768177654,3.993497055197755
13_11,4.003648423351996,3.9671154548378667,3.997579102714833,3.999057285090867,3.993497055197755
13_12,3.9991927584978004,3.991700262635634,3.794194210733615,3.989151396147179,3.998782436710852
13_13,3.24801330579265,3.4214970899627084,3.1005337172652743,3.6226254849448734,3.1866060832465566
13_14,2.3203103403372434,2.8167363460609276,2.100100985463838,2.2306562609132605,2.569718272438993
13_15,3.989258989942185,3.672537973969445,3.6716420685618107,3.9048603716878807,3.945136797772111
14_0,2.065045775997707,1.94878667202314,1.3337584317288402,1.9594959093647584,1.8021361859748364
14_1,2.0659390654289425,2.173776650295696,1.9230182778136136,2.20104086212315,1.962182415444966
14_2,3.011993218677583,3.214598295180685,3.618889562620662,3.7827501538120987,3.6732910974971196
14_3,4.007616320763506,3.993882995965091,3.9938090936778985,3.998632650890179,3.997635073486728
14_4,2.7791205043157,2.9944268001734713,2.9475117888902167,3.287617319839227,3.1524532336500064
14_5,4.028709327051623,3.997380179682917,3.996258713437293,4.0046144290755095,3.9994276652326484
14_6,4.147929618779985,3.998100928801389,3.9910100624403815,4.009721642889259,3.9990397855337556
14_7,4.0076163287742235,3.988000397787809,3.996586567026383,3.9986303878094347,3.9917421151870554
14_8,1.886680541169923,1.903567471895011,1.43070507116931,1.3703187017891223,1.375071659920912
14_9,3.986797511952848,3.851777283556491,3.7289463015246644,3.9128698540112645,3.932091043807334
14_10,3.9774438703756596,3.7306780773963575,3.9578644673170054,3.9917293031884844,3.9842513529937715
14_11,4.222542162454568,3.9981013678665143,3.9974855029603367,4.007712677865452,3.999478944587177
14_12,3.963615369283583,3.495633141527333,3.8509105732318,3.8287909892430836,3.673271105835111
14_13,3.0287580304799544,3.0191259593080373,3.047889218959188,3.46769140860979,3.3004402487979156
14_14,2.9293285208510063,2.633892185574715,2.9515227949860647,2.9176273058476836,2.998192131217818
14_15,2.9458062638601232,2.7364055149271462,3.0378365873345925,2.997189370038636,3.011622514448332
15_0,2.9666161514824596,3.041631558528328,3.7739855487439193,3.9343447884818805,3.8872650462484537
15_1,4.017309662711828,3.9711736754687106,4.001796595671392,4.006523690178509,3.998055799096187
15_2,2.971361081893331,3.421748688509838,3.8487978835064576,3.866510562738195,3.6976608419347725
15_3,4.022496489122509,3.9801686439208397,4.001422267696054,4.003383314862232,3.994684860761828
15_4,4.029031232938915,3.9850753999508304,4.001221048104229,4.016997893053857,3.9989324359454153
15_5,4.000560447608316,3.9844222136156935,4.000844050425745,3.9998110543318335,3.984698339024836
15_6,4.147666171082546,3.9932818115299296,4.0008393939552915,4.001995765968642,3.997505647209402
15_7,4.075683885954275,4.005233710058046,4.020019861682027,4.032919279536372,4.008366394149293
15_8,1.9911457972848203,2.2932244085098694,2.0662098465923253,2.8851807828197447,2.7854236061566824
15_9,2.9856384535591696,3.318348788451902,3.488170337564844,3.9489377408583977,3.8439588820396056
15_10,2.13995816058364,2.581058885496169,3.2246048248883294,3.15647623196716,2.963151089047673
15_11,2.027214559223022,2.5180194829908045,3.3993446873593007,3.221664847702813,2.963151089047673
15_12,3.90463541180173,3.88062681740727,3.8794848126152637,3.9369005632161054,3.967120161600934
15_13,4.182315311091655,4.003844637835305,4.017599439585021,4.018498008789089,4.003840686857372
15_14,4.00990450025637,3.9884274558392954,4.001540783029229,4.019641900914365,4.0038456015697355
15_15,2.6259257382859356,3.104016111474492,3.28260743411572,3.794297140460576,2.8581580210038933
16_0,2.9999999999999996,3.0341531288636534,3.0238396628940567,3.543002902222178,3.0675949797801505
16_1,3.817379150500937,3.62077656060421,3.620762629920438,3.844777718686816,3.771689493604606
16_2,3.731339618920588,3.9720692513815443,3.88083503414235,4.036637832458974,3.9958673074176865
16_3,4.320705630231254,4.020122371047157,4.000372760088439,4.015765273514478,4.002546106423114
16_4,3.999949995452003,3.9940710198156615,3.162721444185142,3.9932421524924404,3.9907552144714735
16_5,4.03480678058273,3.924524560628148,3.212229758793485,3.9862749596824227,3.987665715675086
16_6,4.777211227771489,4.005048331998847,3.978849229770642,3.9970342467452054,4.001219634035723
16_7,4.985846761872008,4.0228028567695375,4.010849960879335,4.020073730074992,4.0095904893141325
16_8,3.9985073635023607,3.987163498657149,3.816750006292383,3.9876996999392844,3.966214274072881
16_9,4.962584213403034,4.029164699623914,4.002190705070231,4.047296453665563,4.008428035804766
16_10,4.221971111408244,3.9976299730065743,3.9246274867529674,4.002789361113856,4.003004962201711
16_11,4.003589487997108,3.9845864306680676,3.9322211812134573,3.997577495612648,3.9973126650378616
16_12,4.00291918116433,4.001162231832679,3.9950247106594174,4.0026313138342715,4.000087083226819
16_13,3.499003927344909,3.3744662082033305,3.776273341612403,3.8741432783761316,3.8107937556051
16_14,3.9822252230706385,3.904439995692973,3.6126775746885476,3.991604879664204,3.985914851510502
16_15,3.0661971288887027,3.35510711296557,3.7244799533675876,3.9731327699657726,3.9701697772236204
17_0,1.9009930078499335,2.1069519171955715,2.0098495300231822,2.018693387304924,2.098677443075383
17_1,2.6796950923216403,2.9185046382247775,2.5677154821641297,2.7277575742046114,2.575312916230123
17_2,3.2213418808006247,3.093190151853585,3.217154225359391,3.7845077696817118,3.323274539644208
17_3,2.881685157003706,3.0556266402780734,2.951480061581659,3.321864174806266,3.0819219374300815
17_4,3.263122589853649,3.370434190460142,3.6176204480317793,3.896992600271799,3.762109571318756
17_5,3.114078131987622,3.0138937823140854,3.3693401488584636,3.749172461048562,3.3107923367588583
17_6,2.1465836196326538,2.838605265032659,2.890171197032843,2.8453694436457564,2.579120666135256
17_7,4.016766700942149,3.977776453665458,3.904973521591905,4.006719067632584,3.9971686603654604
17_8,1.439803515973405,1.547725196849156,1.5798733470589459,1.6005589883026852,1.4681578665767265
17_9,4.499924882257282,4.012149735192892,4.013928100020567,4.0674651153503145,4.00349116703849
17_10,2.1454865973557613,2.7494547175395634,2.625107115523394,2.811647857828969,2.1193249612861953
17_11,3.315337125505076,3.4333857033681894,3.8517206681615583,3.9895432513298963,3.4583509601227997
17_12,2.988668225327542,2.9945997284242463,3.2055745088026146,3.874266754824937,3.6649343234727554
17_13,2.3775322991264307,2.977197415317632,2.7147165765453236,3.0802370184902594,2.7392795369853893
17_14,3.0162866964520076,3.052532247381362,3.0661211498941316,3.387347668640418,3.5461461593340164
17_15,3.977516861381231,3.727998366481922,3.3521773277404003,3.977097597638718,3.7800637600583964
18_0,2.5005374700495735,2.8126227907846655,2.6723947056967052,2.8422736714338215,2.595010245473448
18_1,3.9834593533652605,3.17039832160528,3.35516869802309,3.8686490059387544,3.8576055211744906
18_2,1.9466358322419544,2.075597878828388,1.8778288045194125,1.9603969496852205,1.8203831807733895
18_3,2.092981539611938,2.2657702135102094,1.9353563142257566,2.126382654974669,2.055615970164469
18_4,2.092981539611938,2.0704843968255315,1.9353563142257566,2.131255562567951,2.103189179779276
18_5,1.9293854086610964,2.0491262317937426,2.157969307927559,2.627766739614901,1.9829383093503676
18_6,2.6823629328980303,3.020308480793199,3.421288994251148,3.8534934603038438,3.3074417617480467
18_7,4.222633422828846,4.0003254540324615,3.999480713362922,4.002029031193141,4.001381828124058
18_8,2.216108144507934,1.7006411467339764,1.9236213248726708,2.2806283553861837,1.7796577759832983
18_9,4.021602479926214,3.993873592486398,3.9743666159891786,4.002589941583514,3.9970107254279794
18_10,4.022217414070288,3.9966651552996844,3.9776757318340272,4.004065484653044,3.997643463565651
18_11,4.022217414070288,3.996841117309497,3.9776757318340272,4.004065484653044,3.9982985119583443
18_12,4.0039111470297515,4.000539929891064,3.9999494531133224,4.009496719464325,4.010732135278739
18_13,1.9496435013974278,2.0114062527020242,1.7069880973729743,2.615694764922295,1.6483947484538646
18_14,4.013717425339128,3.97106778196611,3.987897794399436,3.9990009905307344,3.995542876214589
18_15,2.268679368887115,2.4374897603654717,2.574039952503036,2.55780059481441,2.346637068400239
19_0,3.0750571700223643,3.029464109168839,2.714791442436936,3.2117431536451004,3.113788402486639
19_1,3.989343175733971,3.9972061794451297,3.99263242616582,3.9994092798953087,3.9996259910069205
19_2,4.622380513060113,4.022829341115513,4.005775229140487,4.041948355827988,4.0084278559487405
19_3,3.970973215571162,3.8806215226178318,3.851840741137212,3.9509433058586563,3.962492030493253
19_4,3.67905706082816,3.9944683308871505,3.979795206338783,3.999083287914109,3.9915172126838754
19_5,3.437629320773054,3.85162566463189,3.8808159296161926,3.9370237396813192,3.945876728771949
19_6,4.147977623692004,4.012294848154943,4.005010005275337,4.037188706771378,4.037214714351537
19_7,4.029165534872888,4.001421391555656,4.0003547791892675,4.002740536089612,4.001579039142251
19_8,2.779792754179193,3.0416375971349865,2.9751253006716154,3.056096100394958,2.749022238238331
19_9,4.010675475523029,3.999722028448511,3.9989578192629494,4.001324585782032,4.000055731343825
19_10,3.9906636981817054,3.9907269408114527,3.958003612554776,3.9973620512413057,3.9877076640423312
19_11,4.4999248792353255,4.022829341115513,4.010859281353495,4.037175627379708,4.005760927035603
19_12,3.731002531124386,3.621792248139973,3.4360824929351077,3.7423292721107297,3.8926080045087272
19_13,3.777271939245082,3.7302469535569123,3.730407351587013,3.961286879016943,3.970615995907144
19_14,3.1820544892293863,3.4360844360663676,3.5614977476971994,3.9819250159919277,3.9464838016679593
19_15,2.975904689263322,2.9220740262177536,2.7817674039931197,2.7778218909015746,2.6452061629873356
20_0,2.1121882945770514,2.6054527930999845,2.844783649622948,3.091326546569185,2.700220346513406
20_1,4.147666103835445,4.002687936575805,4.011465052930966,4.028765856034193,4.004905048548386
20_2,3.987211377428246,3.9529155551602146,3.99780879065993,4.013205166045241,3.9845543678418034
20_3,4.622344862066809,4.075683388920621,4.005140363462398,4.053207894749387,4.010303786763598
20_4,4.028926536999124,4.022768084077736,4.008146462113226,4.095197410603643,4.00884177115655
20_5,4.028552561222576,3.9938441716212743,4.000740549431717,4.025276769656923,4.001131988436405
20_6,3.9634863704469483,3.9644417928331657,3.9845267180331674,4.01081607095651,3.9928107232565573
20_7,4.00020841945176,3.997402635924483,3.994268058585579,4.003528953526188,3.9978888289855057
20_8,1.0375062731828735,1.6849523560963,1.1629668603389351,1.301219724949943,1.1935785657840934
20_9,4.01067553276707,3.9983179206879704,4.000548980618993,4.005303546515637,3.998248860699305
20_10,2.9155374342363993,3.1870878613324694,3.5929834311284683,3.9755039617478762,3.8322945142650897
20_11,4.268738972596013,4.046822295387505,4.047169224614011,4.20167732600016,4.032595789462527
20_12,4.047216734897274,4.005429715972643,4.003112347288891,4.03716308870286,4.003280433194276
20_13,3.9934140515021124,3.9885475123372585,3.992694907040339,4.025258940828879,3.9924696890222275
20_14,2.9287175985306644,3.0868412067008832,3.0959888075981303,3.7451372583665234,3.3927304543447145
20_15,2.8576272766590947,2.7138822981455752,2.9430411175182023,3.164662090213684,2.716603943244491
21_0,2.140086613333054,2.2675382410415947,2.1178307070319735,2.5472370668148487,2.149596598214819
21_1,3.265602975399781,3.495000583320472,3.4716408491671458,3.8109775652835824,3.5753324383435934
21_2,4.013678060784905,3.9948363399301035,3.999689908597626,4.037173807067166,4.001245989451583
21_3,2.005126124832631,2.1265184294839985,2.0642712144621855,2.026597074046111,2.086667758470676
21_4,1.3211477925997976,1.9182528592828303,1.0391906097885506,1.0282646802305953,1.0756583458576998
21_5,3.776207036366381,3.433629139512828,3.366976299028617,3.720519892255546,3.5244720391869695
21_6,4.021895197928832,4.00074013293999,4.015714349075925,4.017868075280564,3.999791175870757
21_7,4.095284657995489,3.9984744664146077,3.997071788951121,4.003837482329548,4.000278916680698
21_8,2.3215454710531156,2.9345709844966152,2.8842931111576173,3.0483662272194656,3.034143302832317
21_9,3.8174822184877866,3.6188823325257817,3.7294280465403946,3.950842004934633,3.9622869797316596
21_10,3.9982785179219893,3.8518366461657654,3.989760081859148,4.00108818560555,3.9877714262102986
21_11,4.047316734852386,3.99416153455882,4.000201867149235,4.025773818678487,3.9966116370931144
21_12,3.730980460870356,3.8805792120657054,3.5594362220162417,3.8613087998000073,3.670498604089462
21_13,3.436298420272615,3.8171996102370787,3.726621785983467,3.9561630286684872,3.663171123395549
21_14,2.5623735408895296,2.627843338663191,2.541856579932666,2.1550885216450397,2.570188497180657
21_15,3.9525720304500194,3.9240155206143723,3.970364840270851,3.9609485150812356,3.9378696305767305
22_0,2.0243072295493016,2.2408607293941825,2.035998877643511,2.155328271868314,2.213631741392941
22_1,3.7771425198813118,3.3657751850171787,3.659001259726233,3.9768232236448116,3.97008420981941
22_2,3.0006105559147254,2.7888536870269003,2.999976978846163,3.4277502042096266,3.373802096381647
22_3,3.9116864233162634,3.4909122095815968,3.539501764543773,3.963961956917427,3.912514399672571
22_4,2.0588601690045376,2.045874158577863,2.0043703699589765,2.187145530600346,2.243784773885256
22_5,2.9085409884703903,2.9496705264257086,2.8530146762048276,3.3105918522245097,2.946369309172739
22_6,3.971056135808569,3.730418894775046,3.997774742303177,4.0045265966789705,3.996091544402513
22_7,2.9981590611794813,2.8243766215289186,2.8287188497274887,3.5990669988895796,3.036506674392594
22_8,1.883287636389261,2.0051590873096994,1.299996329533982,1.4162944367347128,1.433939961040393
22_9,3.953000444811403,3.5598518102127525,3.421337320897377,3.99129642603017,3.9700761913388725
22_10,2.3780727006996267,2.1414751341226,2.3875221039815218,2.412055464923735,2.295601205115063
22_11,3.995539983980142,3.8171502464902027,4.000618228259125,4.002035802470023,3.9917416657698723
22_12,2.0009344324983096,2.054119261540716,1.7562388256044117,2.0332806899724516,2.006239132530135
22_13,3.0,3.04768954333426,3.224333021617184,3.9733484216960715,3.890571815637504
22_14,2.7785588596123163,2.7779558273309437,2.2950246888131343,2.8630342343312574,2.695130195112947
22_15,2.1823293912538198,2.3445072975920738,2.5554499575546146,2.4550367046030894,2.601185726105124
23_0,1.9829817363892146,2.137908166563801,2.0948357370219,1.9757360099986399,1.8766753497809145
23_1,2.5621512964372664,2.9125511369720485,3.00996113416883,2.941898877163557,2.854739321251995
23_2,2.0526270827142086,2.1708025420984782,2.3704111333467317,2.1915310025192576,2.1806842517499545
23_3,2.1191636290982614,2.2175768554702002,2.0813627482478365,2.2260410582129775,2.0109121918111534
23_4,2.8543597809127053,2.793068179304291,2.927359450475909,2.4461105656380306,2.8306579331974673
23_5,2.625154892463249,2.4612257652701484,2.5474777682066843,2.857858195384193,2.8769348942126136
23_6,3.9841461760941166,3.49967963321586,3.816643882421663,3.9983150871130726,3.9143263853359747
23_7,3.992542058661463,3.9404136545149795,3.979878447785143,3.99946509436143,3.9526953340362714
23_8,2.5922691538297644,2.273771578691841,2.703554971910394,2.4863986162504097,2.5514892689067117
23_9,3.051534684353937,3.105323338667276,3.1759691037530606,3.820690844268516,3.4776484613887115
23_10,2.782728799079581,2.4462921434478164,2.545846114587112,2.6126365514173364,2.7235517566140173
23_11,3.561309585116596,3.095845479222614,3.4966437239214985,3.715658092685641,3.323993636892285
23_12,3.997403686329241,3.6787834978956,3.8173859953657607,3.979532836293426,3.974064695396974
23_13,2.7319054963123985,2.882105921481753,2.506723852119771,2.7319210327523917,2.7858661459242557
23_14,1.9552046047718483,2.0658135670203115,1.488011744830569,1.7302694614930587,1.801370181280677
23_15,2.2690610201102968,2.4376308617143527,2.711165712852328,2.3938057657602805,2.2950577746246092
24_0,4.924054053715345,4.075695305892256,4.007323351292087,4.084880299640415,4.047211101232719
24_1,3.9776770293176225,3.4951097291142883,3.4749146347131608,3.960678110620511,3.7778485573067973
24_2,4.036650657450625,3.9560902786808985,3.989515707110872,4.017498300845457,3.9945716335895343
24_3,4.094814103070414,3.9902852092018923,3.92322759726009,3.9998340534793746,3.970126125568327
24_4,4.047144649383059,3.999245749037854,3.988143807528304,4.005724949861908,3.999627971214106
24_5,3.2678841088185453,3.6786181483197944,3.4336530485852625,3.9098506378994005,3.5287873484505243
24_6,4.8806890847090045,4.0176742379844965,3.996220582071363,4.019647847132009,4.004603002860718
24_7,3.9640967187600675,3.971507385304832,3.3718478975703294,3.993213929764714,3.9657816623657274
24_8,3.125303944151521,3.5147854962543104,2.562896181620167,3.868507569255735,2.710606031306157
24_9,3.6822994591479934,3.425629412139145,2.763120580558361,3.2858493388397907,2.9330018523988195
24_10,4.0950959511088545,3.985742657925659,3.923537971740795,4.0122479328474165,3.99464462749483
24_11,4.880710546218377,4.015474996412858,4.0041285079835625,4.075619551547876,4.006305551449217
24_12,3.997857581096713,3.9965094914916586,3.8159104226140057,3.9762381656999706,3.984044270166491
24_13,4.004682165852409,3.9948418659492124,3.990470060572242,4.003527643768836,3.9967539587015155
24_14,2.9999999999999996,2.9531801355907685,2.9819308042061885,3.826889268171588,2.978522483069689
24_15,3.6784677344253733,3.314881066412329,3.8513285698347026,3.9826368401740684,3.7735275071515852
25_0,3.0249062911585605,3.2610155634751874,3.090920992631933,3.859674179084181,3.580838963430975
25_1,4.00593306660102,3.9984754688873734,3.9627636553529744,4.0030457148797725,4.001163330454517
25_2,3.040745136517931,3.497999828602084,3.620345879435654,3.999812645187388,3.9867472499590075
25_3,3.115656538657874,3.0927907109916264,2.940117900558077,2.958170774850949,3.0684399566782976
25_4,3.561951382018486,3.134279066603831,3.144685694335003,3.7421784646087763,3.8335077880598063
25_5,3.8521644785146707,3.9628479292435337,3.8807285726860203,4.000236010086754,3.9971082940563605
25_6,3.9954801575267807,3.9771258182104754,3.9926298832848692,3.9989501882791747,3.993502553858071
25_7,3.998163095641242,3.995635490251843,3.998854295970941,4.001215249945349,3.9998533288534
25_8,1.0377353424796067,1.4478081316166667,1.6383157175214484,1.632187797449622,2.544915703472469
25_9,3.9708415542866655,3.7309765918925044,3.6220226708503387,3.9861140317607107,3.9706849197786496
25_10,3.817944026089234,3.4342400611936372,3.6786007821522673,4.00035996060969,3.9878350167608647
25_11,4.013904236606588,3.993807712575841,3.998827809955877,4.000320652165455,3.998400640254937
25_12,3.92417753003788,3.9527384848712224,3.3179899618604156,3.8458031695527506,3.775568938189173
25_13,4.022830809876287,3.9992809118539903,3.9983143464120507,4.002564246974925,4.000476175312928
25_14,3.996231079288789,3.982449324524949,3.880669681796263,3.998308470764617,3.9987953357930013
25_15,3.880761272607446,3.560103381644133,3.904267302835529,3.986350594235629,3.9663795032470306
26_0,1.9593048945620655,2.1959795161432543,1.2900429429600453,1.9361283808818868,1.79085463781848
26_1,3.6800607990878884,3.4947373180078096,3.904536635777729,3.9569878492458637,3.962632155191672
26_2,4.11892323281974,4.000324479627432,4.003999564880034,4.017792188216724,4.004678221748287
26_3,2.1426099021661407,2.8360116828888238,2.6991504797011756,2.498717080300469,2.7193114879367553
26_4,2.981846626022903,2.999946088058258,3.237955762767997,3.391711783017107,3.4959160222852814
26_5,4.01623649613511,3.924369994342233,3.9399669663056716,3.997088820168245,3.9920032743882943
26_6,4.679098290002973,4.007403479007053,4.006567453905977,4.0123106880727475,4.006532356217728
26_7,4.025194551332695,3.9243940005392046,3.924240672202714,4.001043919043444,3.998977255375423
26_8,1.8746056708401821,2.1429643137396783,1.380539139347833,1.7168928030483634,1.800930901563966
26_9,4.5620068551519015,3.9999490467374783,3.993808863087809,4.005049799916113,4.004219288612915
26_10,4.222474878286779,3.999571049912763,3.999251910474203,4.005697739839675,4.005563388646095
26_11,4.6223563367120075,4.004681509203754,4.00041727558525,4.008290088585147,4.0024860894963
26_12,4.0115411200651225,3.997204510136204,3.9943342733020537,4.000802518559835,3.999772395491426
26_13,2.0365273467479037,2.304090818319505,1.401769229383801,1.9783081881238431,2.183770221977735
26_14,1.8194913885057922,2.167918182877493,1.5291648997453589,1.8596240946940097,1.8310445561996995
26_15,4.017674651149603,3.9995236199848665,3.9943723116909697,3.999944242975334,3.9989996821543348
27_0,2.116732404065197,2.114371017829295,2.121403693722485,2.284986093493882,2.311064847437236
27_1,2.819969501113974,2.8889043475017915,2.7891843978085693,3.068431466270433,3.0798296531268887
27_2,2.181390152769132,2.2076406888972144,2.3853581761689737,2.451950379011506,2.4827620058052546
27_3,2.0367626057782102,2.104670864070816,2.104833360633181,2.5223689338355797,2.265337437046575
27_4,2.62253156713032,2.8878663239102647,2.90823811726465,2.8872061080209943,3.2080133786915317
27_5,1.9816807223034794,2.141469293261817,1.8615551166524644,1.9068213303749435,2.14031374990329
27_6,2.562732104258969,2.835804736520997,2.286414026927803,2.5908782032401834,2.7678150272689837
27_7,3.9949578398029812,3.9048582516000185,3.9450415022245,3.9777843804296813,3.8982179811903013
27_8,1.9327268468868843,2.0265396457866056,1.9132557806106172,2.412713604025309,2.2350477443132526
27_9,2.6231271854437854,2.197334274643053,2.2963351361786426,2.2879839332909895,2.4296487281295844
27_10,3.181294661366678,3.433492235185705,3.851629432316948,3.941137258539684,3.874503633966393
27_11,3.181294661366678,3.433492235185705,3.851629432316948,3.941137258539684,3.8752576692104883
27_12,3.0054866953102137,3.0711225008847984,3.079902829048357,3.1983406132827605,3.2029501645309923
27_13,2.118492714489808,2.197001701179971,2.037317937784797,2.151298429390915,2.249316989927897
27_14,3.087833919691351,3.115258266676429,3.6138164613209995,3.8111133772306798,3.841378038991158
27_15,2.8847663793412273,2.9998631416203376,3.54818325490653,3.509099938460204,3.559156895390465
28_0,1.8585583073197616,2.17935824322193,2.2086647367549186,2.481932852529008,2.108600895190211
28_1,3.9778782939086414,3.99454477365465,4.002375983927389,4.03277018023703,4.0094247166799315
28_2,2.1790801847764247,2.7381801264911756,2.784695313912197,3.021787787708266,2.9549114177686637
28_3,2.7943819160909142,2.325140574334588,2.624163298767359,3.1493017389035733,3.0483993521916837
28_4,1.9269786987814406,2.114018951320333,2.044727522389644,2.068013846324759,1.8978429648677686
28_5,3.9988289481892174,3.977748888995779,4.002040203969259,4.025700689936487,4.0014215492501535
28_6,2.9622644055619856,2.9552656163977495,3.494350066007321,3.878560945962626,3.4587091434827553
28_7,2.9627556974953606,3.171899302243812,3.208859618985803,3.8511052979148968,3.7278376211270445
28_8,1.4403475751214705,1.4682188869464166,1.039260951732555,1.2739458029645683,1.3015654069642044
28_9,2.9508494294282537,3.0579546045168535,2.7009523903425463,3.5992671285238487,3.7361065441700667
28_10,2.1790801847764247,2.736986903646146,2.8710408209880467,3.0494948770315533,2.9364718556672544
28_11,4.000426527026204,3.99683935669897,4.003932019631436,4.059892664821201,4.007400851357416
28_12,3.1164385405147654,3.111740409340014,3.6741507183933084,3.9801038532378605,3.9623775524442193
28_13,2.5645665353786384,2.383490510152341,2.715011758540407,3.276169997759135,3.091085962208957
28_14,1.73445081774869,2.138017832277049,1.9747833885373718,2.047134191982388,1.9908529683010685
28_15,2.086098722839845,2.793380507141499,3.015819696193796,3.157934505578573,2.722248412624412
29_0,2.1321553023024826,2.4673978898688356,1.865869511619966,2.331219736004254,2.6154464097566046
29_1,3.7772037935079052,3.3065334475836625,3.3140395797505815,3.292335382803352,3.4845147349313317
29_2,4.182360025448241,3.993070743683537,3.9990526347247775,4.00171468020474,4.000629422401655
29_3,3.9990525437312923,3.679183438921785,3.730964192818248,3.9861313403225362,3.9046894807731594
29_4,3.622230597257344,3.137310953389701,3.1507899564366264,3.2386950910443946,3.4189526151148524
29_5,3.982103920153923,3.8174083617611076,3.932505220221478,3.9821348698668633,3.957666616334473
29_6,3.777061797099675,3.4331454454098083,3.6767570971678505,3.5992385317837075,3.7235941148798806
29_7,4.013904459051823,3.9582256878670927,3.730782398135697,3.9905330175180445,3.996305655891514
29_8,2.2217492304447757,2.7933918257260615,2.8114681535325396,3.262094508637605,2.5831700683575547
29_9,4.017756378490691,3.97814037513834,3.952605237106329,3.998785623231301,3.998252855183332
29_10,3.991998952006382,3.970956126502689,3.9903773797641438,4.000146319750866,3.9988257704312997
29_11,3.9974870109792686,3.9710549783958777,3.990443569354376,3.999671579460305,3.999159466835351
29_12,4.002740737827965,3.99994880703025,4.000417294938295,4.004461205129343,4.001188122280914
29_13,3.9891666340259664,3.952855498047327,3.9859809991320456,3.9986738851431363,3.997905998019075
29_14,3.9866905640510537,3.1789575461642623,3.1245254641450595,3.7172784915181203,3.490604564759161
29_15,2.1438469911724956,2.2111812713902332,2.666588009634949,2.482033725851966,2.6268494772179
30_0,2.733906272107033,2.719720169697821,2.3385313924465447,3.037012509195165,2.638805742176419
30_1,3.995282246377612,3.963268183257058,3.776612270052429,3.9977278288704623,3.9623025127944227
30_2,3.678966105633329,3.5611927283287876,3.7308061777191552,3.9622785322539134,3.849664665056361
30_3,3.9965597809192714,3.9982761301955287,3.7766849503801336,3.9978228630417565,3.9936116939965607
30_4,4.000141756041778,3.984260278393551,3.9986275016086994,3.9997193720099986,3.9961085468717825
30_5,3.9906213666456156,3.9401625272880803,3.85164718402868,3.9945030786370688,3.962267910675844
30_6,3.9929989853660084,3.9938767588872675,3.946461190569217,3.9982455647807478,3.9999326895287037
30_7,3.99686213257378,3.9148134331889395,3.9524479375122143,3.990241739572613,3.970562171461188
30_8,1.3220625367543646,1.771948138356934,1.0913417571681479,1.390836636711722,1.5231960385401615
30_9,2.04377775073272,2.6239398926242754,1.8490360699889217,1.6399520148776523,2.0049371894853873
30_10,3.962919078731077,3.77689765153853,3.4352696267262037,3.9906315740173124,3.913466153313294
30_11,3.9825895740200865,3.971007031728617,3.9581748313780296,3.9943944185901774,3.993546143824174
30_12,3.0151857410719263,3.02967096901206,3.1789452672604686,3.560982990053741,3.464693605162898
30_13,3.9825900744201355,3.9582580078556697,3.940130424413516,3.9983983858956407,3.995174198679698
30_14,2.56282687602388,2.906819087742238,2.3186131839843216,2.947160132176231,2.497407087735499
30_15,2.052682940158276,2.825717952681283,2.2947710712300884,2.7187108808223597,2.4021414234474783
31_0,1.8565173910108896,1.5157637149847671,1.089289700586056,1.1607514489549529,1.2148660921206809
31_1,4.029000420376657,4.0006491909254684,4.000148610141588,4.006302051110837,4.000562426945487
31_2,4.01546378658019,3.995539500356895,3.9980555531513127,4.001574309716666,3.999946714135497
31_3,3.8177206651607243,3.561513626989434,3.7294411685306463,3.987013457849357,3.9575909277744796
31_4,2.9420824479695233,2.9886520834088093,2.9271259767815274,3.1619140918532063,2.9800101445001945
31_5,4.020126910195745,4.002041562275639,3.989341920730485,4.002200240697855,3.9991578496140936
31_6,3.374612560103782,3.2575467407432006,3.0980752657274055,3.9367908892778707,3.84649447372067
31_7,4.000321728342268,3.994167968963734,3.7296590643342835,3.9945230964743716,3.9877782339879997
31_8,1.07607748501721,1.8994739004913488,1.0152320848563372,1.4253903910551162,1.2517728712421046
31_9,4.010420334362495,3.9778772648514553,3.5582168898619297,3.9959791142725374,3.9964084349184805
31_10,2.0718731251522517,2.044155016734237,1.2335235111505394,1.6489999056872136,1.8004479305215058
31_11,4.029058218450209,4.001615623905093,4.00204005462796,4.032824945451413,4.001865547522111
31_12,3.437686660964877,3.7309290549765386,3.730687155438041,3.986040915670901,3.9890268846974624
31_13,3.0306410748421295,3.173024734618079,3.3000722915408676,3.740394721153043,3.340614138583465
31_14,2.2221878976064886,2.3727697767071962,2.0982860044087164,2.417331925261989,2.2324042808564033
31_15,2.819647710972619,2.895549809267251,3.145980704231833,3.598812905001811,3.255975787663536
32_0,2.268833849756876,2.688898201424729,2.953248387648938,2.7422610799046834,2.628907555694856
32_1,3.3767669346496603,3.7764382247196973,3.92418638785194,3.8807623194454113,3.7639342997684464
32_2,3.9999499607420734,3.984935734773212,3.939888772647147,3.9992431264370167,3.9623619991242185
32_3,3.4898225298038548,3.4944403479660493,3.5888429061385745,3.8726585638169424,3.670436016283882
32_4,3.989058741346718,3.9713590854823626,3.880225010318448,3.997947576358305,3.9819717384021667
32_5,2.5018517050171805,2.9576689354876824,2.842109734890525,3.3052517016736807,3.0544672180120527
32_6,4.222565085555222,4.004459635635838,4.003057406240583,4.00351859232089,4.003529807912036
32_7,4.952485506306937,4.075745879175024,4.07576570316605,4.222594915900427,4.017724467229656
32_8,3.8807179132395766,4.001249637601568,4.004965229746822,4.009531293808015,4.001609395280675
32_9,3.9957297028615684,3.9880033990709536,3.9628355342967874,3.993683710264978,3.9861694261908167
32_10,4.4376870223617235,4.005050418866368,4.0003737431266195,4.012113082299581,4.0004067444571145
32_11,4.4376870223617235,4.005050418866368,4.000173696128325,4.0093574433571035,4.0004067444571145
32_12,2.439482128744068,3.1713885128684165,2.9530395505095757,3.2197231686398062,2.9096042226703185
32_13,3.4292533456716394,3.200803904350284,3.5739623411912134,3.702455866913167,3.439629969751086
32_14,2.7787004730018574,2.9398460288351047,3.0173752122570474,3.3479383322777556,3.060952405859582
32_15,3.9972652153992647,3.984325977801817,3.952303716083858,3.9938666303792565,3.951399233084432
33_0,3.037484669340704,3.3710732990775085,3.776082529499221,3.7247514066008867,3.9012000399332605
33_1,4.029195603304118,3.9992812118293717,3.999949329459864,4.0074618047003865,4.001096703121749
33_2,4.005030165032242,3.9986780878639014,3.9939662366217106,4.006709804542691,3.999446330872391
33_3,4.005046601158587,3.999348036533809,3.9983194196588667,4.005118913908442,3.9986556776266924
33_4,3.9859827007169395,3.9149123898349587,3.987642342579085,3.986213927250474,3.97977352749002
33_5,3.9957710197359946,3.932508566031723,3.847621783765339,3.9794271636698193,3.9513352958041508
33_6,4.006557877567986,3.999348036533809,3.9939662366217106,4.005118913908442,3.9995085470947944
33_7,4.037224725306124,3.992924099951105,3.999949549955945,4.005986413017585,4.000705482084172
33_8,4.147900223633624,4.00299032376309,3.9929236661214,4.000959807689434,4.001248712739437
33_9,4.095213465203835,4.001195537828794,4.001620403544323,4.010544813876523,4.004453848926705
33_10,4.008452442497359,3.9994806903997624,3.9983194196588667,4.004124088134728,3.9995085470947944
33_11,4.182360006345447,4.0472899627109795,4.029175812754966,4.0531094042212015,4.022762701992524
33_12,4.075795835012518,4.00422383812273,4.002160966924474,4.015743554983419,4.003528174718256
33_13,3.0196089391996956,3.094391641075479,3.433602861392791,3.897441146372543,3.8318802479433707
33_14,3.972135701215052,3.9630835220461633,3.974113301229097,3.984792258150578,3.9625188882182165
33_15,3.994888367823102,3.9942983727274366,3.9991770197185286,4.001712859808487,4.000278732914123
34_0,2.0010502914509525,1.9718621350967303,2.163805376443963,2.2251257945228353,1.9165184555747545
34_1,2.3742631380668158,2.702589855688409,2.6843801276994386,3.130603347212074,2.864722917853884
34_2,3.0034753578132354,3.263506093192298,3.371851351331447,3.8534541592341482,3.5707042729012626
34_3,4.013209373115615,3.728471278547378,3.9917104837496042,3.9997108678285143,3.9908375830144505
34_4,2.501070059797333,2.8494874780887143,2.610630519982973,2.8563201786684598,2.6460759089569037
34_5,3.6785236160154753,3.730401469994317,3.6770264941332833,3.956787787031166,3.863668431647888
34_6,3.556850295350602,3.365533218006564,3.3097590354496047,3.9673826250289337,3.7311913016365
34_7,3.991925390130299,3.8806893973487973,3.8804134227681564,3.9954754862784436,3.9796836619987874
34_8,2.012921234801897,2.4690013547793743,2.405117964462313,2.1548859567461545,2.230991181855924
34_9,3.9904642607363296,3.992280341283005,3.997945981303346,4.003658541038777,3.99769767797855
34_10,2.98166917828646,3.170431497980651,3.8162280233222963,3.971708581266989,3.9361022871147693
34_11,3.9064343402848056,3.7293287056995172,3.985509950366267,3.9438590819623833,3.9570719168965507
34_12,2.911288540311446,3.2415804963837718,3.0721799125403044,3.791029156319009,3.636240843560539
34_13,3.3741071611954574,3.7290899667302155,3.8504016208949317,3.9771672986384323,3.943706102860981
34_14,2.981669178218388,3.2446225183191197,3.4712184335306393,3.641089837651929,3.1200562325399743
34_15,3.0398621529151164,3.560084597736241,3.8513791362156464,3.936156409009804,3.8476523917177303
35_0,1.6246393558971974,1.6164931404713772,1.2816614274897047,1.2696163995329681,1.3402358912147083
35_1,4.010227080866168,3.9906191479140025,3.9997935150279504,4.013666823922657,4.00061132538714
35_2,2.9566367637178863,3.1036727370082446,2.989316611757867,3.616770067420285,3.7153714325810774
35_3,3.904673857099017,3.546454825772931,3.850979279374863,3.9687868055866673,3.9856217842811237
35_4,3.971602546065034,3.923830325313963,3.938706352369957,3.9982972827480423,3.9914515430895214
35_5,3.9832549964393102,3.952696102975779,3.938706352369957,3.998780873952154,3.988912246982268
35_6,3.965780465136071,3.8808203076484875,3.9909504683911785,3.9992483762382,3.99630534813941
35_7,3.88083088322436,3.7305949307200157,3.939873418021591,3.989292637664966,3.9916091505473315
35_8,1.2697988231891388,1.3572545157757472,1.1929547859082132,1.2105639112049653,1.157257322877777
35_9,2.732609012258012,3.0958213992596937,3.031621844409123,3.176462417441297,3.619184735988551
35_10,2.7791311341474136,3.052980795808058,3.0902243115788153,3.2567812447696,3.332800949416051
35_11,3.978292076561286,3.7299075140447484,3.7296252345894727,3.9893038816807476,3.976751919129268
35_12,4.006723031188621,3.999855186645218,4.000470734485431,4.010754057782623,4.003845865977653
35_13,3.1180475021141154,3.560925909292276,3.373680749212463,3.752300892122693,3.7947210579538564
35_14,1.953420340826038,1.5491150590405682,1.241003816864864,1.5477567548699769,1.3962401056261988
35_15,3.016286695037169,3.421317056476786,3.421295979142516,3.9561550940956987,3.9512200524551773
36_0,1.7800179505438336,1.7968875043862311,1.1371976813793518,1.5267604127626722,1.4102350213183938
36_1,3.3682379321100266,3.203332246949702,3.015733026977792,3.3415453546199094,3.124170323120666
36_2,2.9771459748298987,2.84176965439807,2.5683077674312424,2.700037934308108,2.459038652665964
36_3,3.0691990767857606,3.0397892380738334,3.023868106066618,2.7784095631540278,3.05376511500368
36_4,3.433772368838744,3.062484008490016,2.981753828235303,3.1632270411028136,3.041030768775326
36_5,3.3710599022651797,3.427895576084337,3.61662407179149,3.3628533435416816,3.018690621520244
36_6,2.930022908137817,2.9516463311936545,2.933488272625356,2.885037864486603,2.7416758050006074
36_7,2.9999999999999996,2.886758770463828,2.8346261809015156,3.392557903331847,2.9822383104046226
36_8,2.1442425070067723,2.20131048094938,1.7386828157843397,2.1800714312244707,2.0013929490225073
36_9,4.022910206836633,3.9934875898286473,3.9933315236966465,3.9975750202793154,3.9942087112695965
36_10,3.142288261390688,3.168824965830366,3.2215558802066266,3.4242232485498416,3.048249469216394
36_11,3.0000000000000004,3.051691742872459,2.835169075590328,3.0194439955054335,2.7515925837499777
36_12,3.939838289676837,3.816864832539903,3.6202650285903646,3.8321898910686425,3.7734564066141485
36_13,3.0,2.741957051356432,2.9747364387194897,2.9953074502156065,2.8016388859291896
36_14,2.1084958174453483,2.160463904389331,2.1100498903416005,2.113858483664042,2.101940325497069
36_15,3.1396442595822207,2.999870951655177,3.0623614456586843,3.150269606414807,2.9974253217962317
37_0,1.9533240435585464,1.9066955535428634,1.8834000443611765,1.8041860790834912,1.6539864031745481
37_1,2.4436665634690504,3.187021024935351,2.2061827478364138,2.3431005137215917,2.963593029373862
37_2,2.778301222524638,3.005326127510886,2.75931168188614,3.438516551106384,2.575994985889358
37_3,2.0189710815060753,2.5870264907203766,2.197993680590324,2.16130317760581,2.2109322693506948
37_4,2.570007464943566,3.046813325027224,2.3521866229423956,2.642804386972754,2.9296357753958775
37_5,2.8835614538553256,2.9129541014040106,2.34255026794214,2.3946125103844254,1.9336759721196524
37_6,3.0294641954471966,3.1503289745858623,3.3489675185551704,3.9189662349499894,3.057407011176757
37_7,3.9898714322430244,3.880368219625229,3.880005686397845,3.9795910793472413,3.9450824192369285
37_8,1.3218022124112994,1.6487071264611295,1.0437416506527657,1.6897445464118697,1.7635995446374386
37_9,2.9920252868260118,3.040997610577916,3.105220307757814,3.2694501727376912,3.015323439499505
37_10,3.040745126895068,3.3142371803155926,3.8159374684811898,3.75278855761047,3.6609719075742713
37_11,3.4376002334393267,3.621329886123188,3.244865543021114,3.8035926281915935,3.287992512796274
37_12,2.623048216187691,2.9683990386971124,2.5018265385595506,2.9940921566031724,2.7975159598648447
37_13,2.5082292686382344,3.197956992659228,2.2061827478364138,2.3431005137215917,2.8780970050131316
37_14,1.119652525738083,1.5472503893897687,1.3478562786418267,1.3438362915299304,1.2147944714873042
37_15,2.141019675821481,2.517954375630772,2.422004463029871,3.053634026633925,2.5854679659781903
38_0,1.7837498481152974,1.9427708464464877,1.5819333325444025,1.7678597868296533,1.704229796895681
38_1,4.02263107759017,4.0019961429804916,3.9958278495882364,4.000168539500718,3.9958264289600085
38_2,2.7360932989071074,3.0156071241442137,2.43861857464783,2.960304178249305,2.6963139389770485
38_3,3.092581029214927,2.941669704408895,2.983721314557704,3.8109634590112855,3.0972844343068386
38_4,3.99940563122189,3.9907928755947757,3.9979070076960697,4.005653934732539,3.998061389235144
38_5,4.022768541546993,3.9831328718112924,3.952570837356623,4.0003215879691245,3.9878369692061537
38_6,4.147857382817494,3.9912724236799493,3.9891151035503944,4.0010472350730435,3.9968424965984974
38_7,4.010025769435113,3.9528036549151038,3.850026704782915,3.995981140765939,3.9799285867644785
38_8,1.00531926824855,1.5507997146352295,1.4369707539049272,1.056459490418692,1.0227543893372093
38_9,3.9908897686172864,3.852079294597932,3.37610118814018,3.921763466753859,3.3245344883136863
38_10,2.8858436765389106,2.871425931410117,2.5756487569696636,3.551684505394746,2.8636702715677473
38_11,4.017732446888326,3.9831328718112924,3.9626296823012472,3.999567507552826,3.9878369692061537
38_12,4.003668889444924,3.9958988862240132,3.977268160895244,3.9963328143169035,3.9931668891021532
38_13,4.002632485126219,3.9325983865841714,3.9961437600026106,4.00129958939102,3.9981019835182137
38_14,3.117523662956767,3.114070793108371,3.0376098716654854,3.6956971215426284,3.2938606297186426
38_15,3.0534142071180232,3.31482625698384,3.310928287985998,3.8015160614451826,3.5441074129096997
39_0,2.2686849741243154,2.687239111394288,2.4105982323990327,2.7547481150410973,2.4910525005835504
39_1,3.776206410721097,3.486508928714005,3.8132440773799576,3.9439126444356156,3.8989398447668115
39_2,3.028415928966901,3.29748951038545,3.5372223370430347,3.855580911822647,3.8493456557110206
39_3,2.780331683638006,2.9093476172668327,2.9010603597714923,3.256041436284388,3.222506822850129
39_4,2.985636883444705,3.0911518963131535,2.774432325650663,3.289562064366712,3.206549698184653
39_5,3.083055931851483,3.2448354492755747,3.2552542409490774,3.830538501669626,3.669716610583495
39_6,2.563538464416228,2.921924981162426,2.910358759852446,3.5088986786762093,3.440315756948721
39_7,4.182359198239125,3.9944265318659316,3.9398600934394215,3.9946620036501828,3.994490699461131
39_8,1.909943481901842,1.9442547968013046,1.2879815307120233,2.007839822955825,1.798369323808322
39_9,4.060024662761143,3.9995739524735865,3.993744599123284,4.000563403595303,3.9977828035571488
39_10,2.3121330250935253,2.7589995385457553,1.8953349150149728,2.622915767157971,2.58412178471361
39_11,3.9965925261089668,3.994173232714031,3.9720975131130154,4.005142985324585,4.00157707934304
39_12,4.001718648614226,3.9743222588438063,3.9905765096111083,3.997190143530314,3.989277960494514
39_13,4.036941223557216,3.98442076860226,3.9526656334797003,3.9951883169116456,3.9926875648256965
39_14,4.0173831671995295,3.9921740087508892,3.990776257254011,4.001383660631165,3.9976278575185913
39_15,4.017756310064708,3.9628797111571226,3.9919925422604634,4.000200686906429,3.9987951778706465
40_0,2.8678283703598124,2.8445680138656875,2.415721737804701,2.911622303419029,2.8875951433107385
40_1,3.437439821190346,3.817606918221562,3.3188649724154806,3.9620901499894856,3.771736647051133
40_2,4.0022184882251155,3.9902879037943655,3.977095833129721,3.9973144121776603,3.9769850574041605
40_3,3.998278509235398,3.9242273230867215,3.6215460979239835,3.9799466636026657,3.8789627552979034
40_4,3.81767275866633,3.6220076118880837,3.020295970219362,3.9013269616753,3.848190526313723
40_5,3.3771879767515776,3.318348798152587,3.49856143869778,3.945409678541872,3.832668160197657
40_6,3.9719570826997206,3.953194494985374,3.4324924338011953,3.9962017661918936,3.9524376831961194
40_7,4.0005605374432225,3.9956399976922463,3.9242315209333087,3.998038366362706,3.9964992439597227
40_8,2.820518260240046,3.667139282046456,2.2776330198186945,3.107324362499175,3.1402288296607637
40_9,3.9949579055762214,3.989393071581813,3.7301783910287645,3.9969086015735558,3.9963659692717215
40_10,3.9404578216068953,3.817292539657999,3.621433460002565,3.979679686150585,3.9622063014322197
40_11,3.9892591093874326,3.992802579404071,3.9977715485275516,3.9997845073413316,3.9928157960472204
40_12,3.9990416897898453,3.986065351010736,3.9525570200066196,3.9967163184602703,3.989020056874406
40_13,3.5620406259431237,3.3765717520708693,3.170416154340211,3.8091913158545316,3.427684120955048
40_14,3.118047490282885,3.436289787627969,3.146983195028294,3.888796126634272,3.551265792034477
40_15,3.0673231518631896,3.3001466126892844,3.3488913204328674,3.921042848898338,3.844795741683776
41_0,2.3777479768140792,2.871246516309613,2.690731863151053,2.4816379413706384,2.684029992934027
41_1,3.3758798202018645,3.258729514917688,3.37016434830641,3.8867769235299643,3.768092363971108
41_2,3.9637592951976366,3.25416589134152,3.7293431766460583,3.917824019776329,3.913966815121157
41_3,3.9242086590904885,3.034536676814088,3.205567663067724,3.595937810743225,3.637985069955953
41_4,3.9525702420031843,3.4317010363306104,3.8516049521531786,3.9964793641578074,3.9388952416227605
41_5,3.4370975228768494,3.21347090466542,3.61891429244168,3.6655393408622374,3.6432261589574586
41_6,3.905040163245806,3.4330818331574116,3.8507712920227,3.8973696266343993,3.923353434032633
41_7,3.9933532719199154,3.3718373217642807,3.4826517233361027,3.8621900255006625,3.8293088998716054
41_8,1.7794297546017848,1.64852906324328,1.5693114345186945,1.9366547738592188,1.6189031027784968
41_9,3.49836254999871,3.3097372678907178,3.0901377770997245,3.799230846722852,3.439593653717251
41_10,2.8219967439612317,2.9193088224055566,2.9727625811877543,3.142897665061148,3.0758596745874325
41_11,3.9533955158889698,3.4309751009509646,3.7293431766460583,3.927806064411458,3.914075521688737
41_12,3.999268325350831,3.8667051668305192,3.9962594612423157,3.9843070212257206,3.982084261948115
41_13,3.621505125143145,3.213518886557913,3.069568914621059,3.7458112997289508,3.690874858167696
41_14,2.9855975643106696,2.9087422131626233,2.710624500224102,2.706946111034631,2.7704948888524736
41_15,2.939976152724146,2.86362928962486,2.766499010037585,2.897711298845633,2.8399720792316563
42_0,3.144061000999531,3.13964505364962,3.4299478758924775,3.665109284953571,3.5390303378936006
42_1,3.970868579708537,3.9929982773094084,3.9882271756075602,4.001313194097405,3.9972036556836863
42_2,3.9989600261097396,3.941494554838706,3.9400422397304724,4.0026294809839165,3.9467949504144877
42_3,2.3719708509968016,2.369702388407382,1.8521000539449757,1.9528576102614794,2.0982924745130482
42_4,3.9867975125609885,3.730869931534994,3.776747721532366,3.9947233053224034,3.8663096642939223
42_5,3.99909229676976,3.9770616460305024,3.9903970052507556,3.9996157370403504,3.880293368912277
42_6,4.037015307662405,3.9945811165614895,3.995719129350692,4.013454479494772,3.99284605353898
42_7,4.002087218716722,3.9907292826511034,3.9148565725820177,4.002916683541853,3.9962581191894353
42_8,2.268676048694221,2.2401681011757635,2.162705009609047,2.6898924769051953,2.2738483367099978
42_9,3.0189086238886405,2.9175510004738765,2.8008851774495858,3.1528411976335464,3.0645062916691996
42_10,3.999348263547843,3.9630432211197446,3.9802430649378215,4.002914600633275,3.9824665935238506
42_11,4.013809919064768,3.998703603200173,4.0021973807324285,4.020116591387687,4.00037301008854
42_12,4.222633449110857,4.000965462038707,3.9975794446861945,4.000538215467839,4.001615245600116
42_13,3.982030164784486,3.9743270629852936,3.946605822028982,4.001794154596071,3.984195941078998
42_14,2.8819524902862774,2.5633257253583883,2.1164249031145577,2.432720748172824,2.3742570653662893
42_15,3.8807493916348843,3.880504096693278,3.880289822193858,3.9999471746561817,3.970800905714115
43_0,2.5004360264545897,2.7858134801845265,2.806958822789455,2.762324302943515,2.7259691529122394
43_1,4.118669603010213,4.0061996619480995,3.998677606233465,4.006087251826215,4.002633807725578
43_2,4.222542171917636,4.006482764892872,4.0012485394729085,4.010702926381806,4.001700526768167
43_3,4.9240301162407505,4.028349863548909,3.9996590353428867,4.019978951085133,4.000961881267331
43_4,3.622060226104445,3.816859160056214,3.730156924608527,3.9952503163354103,3.966931512074656
43_5,4.319575764564832,3.9764634254469455,3.953232508450872,4.004532279576355,4.004948786122365
43_6,4.981924326121208,4.095268835751581,4.012305915228411,4.1823458528993935,4.022866688500757
43_7,4.006357655899297,4.005472344485416,4.001614869810252,4.008094873684309,4.003308030358629
43_8,1.0014149806726307,1.0246509634226697,1.005182437015155,1.0286903070588425,1.0165965161774182
43_9,3.9996915406478823,3.999191262625421,3.996784476366371,4.0001492624018535,3.991590448142591
43_10,4.118973533429955,4.000965030483635,3.9906624306534466,4.000102555369535,3.999948276894132
43_11,4.730943248317162,4.003233568473727,4.001757439362676,4.0156720016880465,4.0014221472355125
43_12,3.9892591817035483,3.999178469333549,3.9980629052159964,4.002124659384391,3.9991146553865713
43_13,3.320498832409221,3.9715473125770875,3.8524316378761156,3.99460601143274,3.977564869727062
43_14,2.268007607854534,2.3645597142993804,2.192681911756773,2.9092396491859343,2.50008583585794
43_15,3.851901950296773,3.9240246203972164,3.974189158601962,3.9905326788991147,3.9796820825374652
44_0,2.0215085955055563,2.021615231422974,1.172500020438396,2.0626043360296853,1.5830036261547415
44_1,2.499744689878352,2.7642321996599684,2.338488757870655,2.8082399988257287,2.2287055413318693
44_2,3.9921355895701773,3.952843114667994,3.8518442344835893,3.996645160663128,3.991703410253404
44_3,2.3188894687762414,2.79955399851242,2.211204489842448,2.527391272732777,2.429485613448111
44_4,3.8812941916867283,3.4988159661091567,3.1245532517671832,3.962823944204493,3.7284096777183677
44_5,2.0133217082101615,2.5030456217402475,2.285933228563068,2.344119826669985,2.2662726859167055
44_6,2.117491099698726,2.450362667303198,2.141460466126089,2.0591207549132298,1.9741314305242383
44_7,4.022886852168833,4.000207795601538,3.9996330245270975,4.005559361983792,4.000372112856153
44_8,1.047789611988218,1.2055328776012724,1.0008524128020122,1.026098613904666,1.0385821920514882
44_9,3.9925786603807616,3.73124412958264,3.3766764915182863,3.9802337484258103,3.984525216677893
44_10,2.8536647844488563,3.0191077644682003,2.748058761082519,3.3688483978583674,2.9799984495246425
44_11,4.007723279490488,4.008230533065301,4.0225458674584855,4.005358589104705,4.005601147598772
44_12,3.8173226136141625,3.9042288079134133,3.773442516730892,3.9512698785611846,3.9519940043320405
44_13,2.3772351635928652,2.9897289121679806,2.623026947069374,2.6475992487507414,2.544450995614027
44_14,3.9777767145437584,3.9709328864923736,3.6784386049790987,3.9865370343841238,3.9706483293866253
44_15,2.8206848324338534,3.05814813871745,2.781843469773659,3.5434537760534126,2.830723727377446
45_0,3.1467479795659505,3.0330979551880284,3.1172880949881794,3.474222249849845,3.115034370179688
45_1,2.562912835354491,2.7980309843846856,2.9270452017150994,2.6482304492529174,2.4107751313971604
45_2,3.0,3.062253888978037,3.1718695504268495,3.4667990660602426,3.0635859538171664
45_3,2.0555610202071493,2.5872216132711485,2.3797115355140357,2.350050745179034,2.1841829581642975
45_4,2.778686639931438,2.4958872832988575,2.5023679069269136,2.3750156054226217,2.4141417224930293
45_5,3.8176214901993113,3.4353181135289668,3.1372808785348827,3.9523914652968384,3.213556830166724
45_6,3.0913129222036004,2.987039074478273,2.952918554032738,3.404246743693918,3.152595436018217
45_7,4.004547956702735,3.9876121434923477,3.9999488600064397,3.998371399084332,3.996512235272344
45_8,3.998147276108596,3.9969803732595524,4.000492407694867,3.998935035918389,3.9992675099823476
45_9,4.002731850913499,3.9626421043812976,3.9968726383725697,3.9984751605560196,3.9961046845118466
45_10,3.042824810359939,3.0495959758018407,3.16268306675862,3.733985212704543,3.31510642797088
45_11,3.9046855116540105,3.851854684130083,3.9771587901485783,3.984503928781342,3.8908703463089283
45_12,3.851873795783746,3.5611593181201475,3.7760346666487865,3.8135010301057077,3.730266238254895
45_13,3.962884515840921,3.375682146333664,3.9045482361144583,3.9577411505102473,3.7754943834114902
45_14,2.731787860995608,2.5630808523282655,2.744014063063549,2.4754793357426217,2.445498757929777
45_15,2.8210201607016256,2.7916376454206566,2.753670705616831,2.9658676659918553,2.6435051743880935
46_0,4.000375521669711,3.97071957860439,3.9892018975019194,3.995646453859819,3.985864343881107
46_1,3.9917638552475476,3.9640321903774316,3.9871939548214352,3.998267373375663,3.9746163137175348
46_2,3.777464194710142,3.308236622412875,3.940251330347583,3.9701426573942635,3.8599060243073553
46_3,3.9711905690711875,3.776609427854926,3.946876003629489,3.989901552617268,3.9624343379450773
46_4,4.021000886126668,3.730303645513383,3.995898744416647,4.00032930178535,3.995178551225604
46_5,2.975525319087134,3.112968680644168,3.176890468472474,3.6404497634781197,3.3557388025520387
46_6,4.1478573544078285,3.9917603345314343,4.0154757529176095,4.025640434688715,4.001165043425606
46_7,4.499924804577781,4.002089594658312,4.0122574517200125,4.005368140954499,4.008366241871298
46_8,2.7550358565936492,3.0473393517533323,2.764867439041793,3.056602583941671,3.154812369977447
46_9,4.060024797325424,3.998319593785514,4.0005248237659385,4.004664232554781,3.9989908576374495
46_10,4.075512184204291,3.9919410441732412,4.007722664237329,4.012485782559352,3.999721767073104
46_11,4.075512184204291,3.9919410441732412,4.004365163634193,4.01451010543192,3.99946480988221
46_12,4.003923899194226,3.9944682242766203,3.9995437286276445,4.001577069853308,4.000031327954593
46_13,2.826656754027944,2.778958674091037,3.28701115260545,3.3631860901732544,3.3230617390137325
46_14,3.9866905410714386,3.99287199928816,4.001424396841028,4.046976717427681,3.999521614374504
46_15,4.00007111205528,3.9527950133527714,3.9893423403572497,4.0031576500059,3.9953642990798226
47_0,2.7779340559887675,2.7259770653995736,2.478337799399075,2.457513272273869,2.3373208335072717
47_1,4.147453510211685,3.9631086683235686,3.986489463918511,4.0049254481477154,3.9820422513786307
47_2,4.4376366413477815,3.971046539039024,3.993956805199182,4.0050839234303,3.99327473735362
47_3,3.9943114936022504,3.7304952770941875,3.23799955632578,3.9653975817684723,3.7488468125391323
47_4,4.182047590420757,3.9242958403072956,3.946762039895738,4.003834037919183,3.9945595004403245
47_5,4.004460325086734,3.980041884528869,3.9525437309221854,3.9949386782828893,3.9568778346237794
47_6,3.4961272037298325,3.9246012554909293,3.4864732210842044,3.9936085684195533,3.46324447230877
47_7,3.6224294165233895,3.318701494499355,3.0647903270239425,3.718486781869471,3.7435759091915
47_8,2.800529882369439,2.7410606440717102,1.8865186093243838,2.249219784585768,2.394755882833685
47_9,3.094822591654979,3.040745073779238,3.127938983846873,3.4859191525604887,3.165771209296935
47_10,2.83077895506969,3.10825993846745,2.65956730623269,3.835024703103251,3.1612286554026703
47_11,4.1479000823373084,3.9402177068235935,3.993956805199182,4.002063439888278,3.989241733856743
47_12,4.268873318308578,4.002197746557136,3.997771294752349,4.002207293763114,3.997359795759656
47_13,3.7310201178168922,3.7769148619607273,3.553660873719145,3.960588998403451,3.9230030242204683
47_14,3.0748303146005553,3.049131101417485,3.006665969948315,3.546828355172907,3.1358651896389835
47_15,2.9287278863601776,2.9414484577453797,3.0467165067412,3.5655446419760217,3.043539480354347
48_0,2.9269286852704886,3.0446034022450994,3.161090321205259,3.630118520077041,3.482040906821316
48_1,3.965766171727548,3.9471499779485972,3.7743752440222846,3.9712167333077333,3.945997137286429
48_2,3.9962310632096667,3.924249681544438,3.977103950144654,3.9891263696285986,3.984360169823416
48_3,4.059606419242178,3.9999447770711805,3.9865128023469745,4.010128073049756,3.9991628646269213
48_4,2.8576094884139303,2.9821187441505934,3.398711632600607,3.779112746172892,3.3480320840329663
48_5,3.119322247209231,2.9893591679118314,3.083563348185636,3.38683998407579,3.4666758932669954
48_6,4.320653930464136,4.002517351212183,4.022494997339841,4.025640000067904,4.007343662240744
48_7,4.012688573324719,3.9898732633919916,3.989195790550832,4.01188730525453,3.999357386294102
48_8,2.0732193878548246,3.030785216786725,2.0943721011962473,2.6014673322481685,2.697613035638345
48_9,4.004258958397934,3.998959454578065,3.992404522897219,4.010730684620494,4.00157866989036
48_10,3.4339152488196323,3.61876744769713,3.942255557099057,4.013601461273418,3.9709863911064596
48_11,4.730969879217285,4.004542779843975,4.0175553987909955,4.037032063067945,4.000822141730316
48_12,4.047364412210877,4.007402500775608,4.003477097255785,4.02283928822276,3.9997018018501143
48_13,2.8873464353399947,3.015730793039986,3.554089960167201,3.956570838474718,3.4863279142791375
48_14,3.0422153525061786,3.317615196457552,3.8131124602954847,3.9845548380049993,3.8476409371756537
48_15,2.861289532949423,3.088212253565612,2.9559274938637596,3.773833106115628,3.3233531985627875
49_0,3.023275014880042,3.2007450716405845,3.7283202764560226,3.969662249879045,3.533525282600589
49_1,2.9785594082008076,3.0953246559874374,2.842019743826654,3.555814020025716,3.0874847285272358
49_2,3.4984178151838243,3.7767542793119784,3.9936857287520913,3.997164440394221,3.970738078018182
49_3,3.880647852412102,3.480399450849291,2.944595889040911,3.956868681512224,3.4533334140618654
49_4,3.075151043756685,3.178493821362518,3.080118612908421,3.5139880051296344,3.7488306385633914
49_5,4.001421930535132,3.9847459106249032,3.9579460672880113,4.0020266836800875,3.9966325836573646
49_6,4.147857405469355,3.9928592827984843,3.9960489407940423,4.028427677413327,3.998656359927072
49_7,3.0265129470043504,3.008982393084362,3.019353237807053,3.2039487110732976,3.243938031626491
49_8,2.025095894388058,1.9702243495850367,1.607444380769469,1.8659257339913395,1.7705760312032253
49_9,4.075795071396978,4.00353066593146,4.001445571376496,4.020069026885164,4.003304144083741
49_10,3.9875870304498,3.9803257352309673,3.977066828555632,4.002627317771964,3.9957996718337294
49_11,4.00749512914459,3.9922819080437746,4.00042870147261,4.00592423065955,3.9935221697427057
49_12,3.924236436126063,3.939920571154565,3.81697540855308,3.9912090568586054,3.981940340748432
49_13,3.0350141617412456,3.2416156828548623,2.9686696096316654,3.6475073068366894,3.299603820795007
49_14,3.022623365720174,3.069306863708468,3.0126596703698834,3.724445870260111,3.4909501578178186
49_15,2.967277708289371,3.022742984163222,3.557003622270744,3.8702419996101947,3.523955660234241
50_0,2.215669290492942,2.3531843344909413,2.403138136386396,2.501987348600791,2.3769463043301413
50_1,3.029464206565607,2.8364012406426484,2.5709716833088763,2.9958692110012026,2.9601092598208836
50_2,3.9801441944546374,3.265638122315806,3.8172330209871177,3.984471255003891,3.850447292319387
50_3,3.732325569406422,2.9128673826567555,3.015716771808652,3.4392245848856984,3.193598980807198
50_4,3.2222864411593397,3.678494197107766,3.434936298830893,3.9513339187891576,3.8322072245044074
50_5,2.438384038446317,2.699346523096866,2.658129279127912,2.898095181907381,2.7479378984873963
50_6,4.0291656167754635,3.989140594803891,3.9876970091188633,3.996415984087368,3.9949076450546825
50_7,4.060024830958763,4.001447150684446,4.000995022412715,4.012320818902795,4.004434469778967
50_8,2.4281790655050006,1.9858329661424912,2.211169245110224,2.6679486284035088,2.378195832993286
50_9,4.007343466594319,3.988322158299488,3.8807417275429055,3.982323620142139,3.987811466599268
50_10,4.0046172499179695,3.9579791166777274,3.9860074952866995,3.997787298160263,3.9978114412695334
50_11,3.9995742761063373,3.991564649518036,3.996690589646968,4.002040790455387,4.0004900576322955
50_12,3.035014169697547,3.0157987908333093,3.0200228350605847,3.258381638843386,2.9981379357844906
50_13,3.1187195842256497,3.7768476062669354,3.0727427253268615,3.6842070947751027,3.297153558385987
50_14,3.018369378744436,3.0809412839236985,2.988564481755228,3.466721137660691,3.141240457797692
50_15,3.081393351329774,3.302504554578349,3.492727340178732,3.6744805626000416,3.4525635064951588
51_0,3.113369465377252,3.142945141957505,3.676756061442874,3.9767094410508275,3.5565622982661926
51_1,3.994299516145312,3.8172764786093993,3.8508291479695034,3.9864800466226806,3.9796084328598806
51_2,4.008136082014061,3.9745330605207974,3.9799782887644253,4.003645289517797,3.992840873315334
51_3,3.999949905256428,3.816897467200713,3.904487640229114,3.999817976368458,3.9615917807506738
51_4,4.046995644516211,3.7300244860888117,3.939391357128518,3.9983380181819212,3.99730841807168
51_5,4.002307148078044,3.9530730742608804,3.971139539180121,4.00235717009646,3.9879726751506004
51_6,2.8559084475346896,2.7913889595846615,3.1302575240344916,3.5184820341838465,3.3327285899987387
51_7,4.017674675452464,3.9628796754357603,3.9985090235876406,4.006896449963827,4.000643950213118
51_8,1.8270342701928155,1.5329481899791007,1.4181763737229323,1.2494688019455997,1.4257619424677173
51_9,4.022891547592807,3.9979519834898327,4.002860484797504,4.013830915359495,4.001084623981948
51_10,3.054193740957885,2.9568729607696103,3.0082720409269013,3.585075964743382,3.5136360940698648
51_11,2.0469233879204976,2.5037737833791165,2.3818189375710177,2.4341560102755713,2.449361839288043
51_12,3.8811073159841065,3.37453951160449,3.2447134048942408,3.951940683176641,3.902462059737224
51_13,4.0077316751086265,3.924199053315392,3.8799845152184784,3.9949386326908463,3.9859839979467133
51_14,2.8835401013133066,2.9627082646740974,2.9400278675620304,3.639925072818902,3.5070127396452317
51_15,3.9399292335260707,3.6760943683292395,3.923199603284991,4.00368827100291,3.9610110753004992
52_0,1.8893166488912674,2.251522694167232,2.0614582987829064,2.222864675564746,2.217835508624455
52_1,2.9856384536804965,3.105339485423987,3.3081619471497192,3.3106326504612236,3.193502307723236
52_2,2.0345841741353,2.468347500452151,2.3354398148259055,2.2280996314961086,2.2210556224230897
52_3,2.960137842446585,3.0416562695068095,3.1360407688900946,3.078977805368112,3.1507297057685038
52_4,2.9326768478719982,3.0175564448318406,2.9458365359235295,3.0848461776400633,3.1332543384756737
52_5,2.9865881676419685,2.9415872747699154,3.1647529437271094,3.3113134787920817,3.124271958342596
52_6,2.095071003634014,2.695083770279049,2.661706361538332,2.4553954576418406,2.615147372344751
52_7,3.9400428798698113,3.9046761713126767,3.998801704884552,3.99329537952747,3.9820313004183316
52_8,2.0888709859963974,2.6034614106865663,2.849425670013161,2.542403065405635,2.189464032883866
52_9,4.005111715740265,3.9904715944197475,3.99665059381982,4.004176117409572,4.00031242230292
52_10,2.953931870122395,2.9742754222940153,2.9399415862956406,2.7153921561823777,3.0864404756576604
52_11,3.678802754054478,3.6775980064579414,3.9672523350549405,3.976933288365245,3.9195077786272754
52_12,3.621406434783028,3.492745621462205,3.913200619679251,3.961586056705411,3.8416300972196544
52_13,2.0055367470526897,2.316328788791878,2.0847138641589646,2.14177686791271,2.1679192332256916
52_14,2.819911340120286,2.789314382795314,2.9521434301819385,2.5312489483380296,2.7310994265764172
52_15,1.91221680151642,2.0310917430868787,1.808896539463782,1.9643267484556266,1.7027947783322108
53_0,1.9767750253747136,1.9775985591073948,1.9035832237646637,2.0036966299332293,1.8021570997040495
53_1,3.3205515924133246,3.4358687048285157,3.371045441802048,3.804921339685134,3.544113592470806
53_2,3.6219805425615004,3.851531114029894,3.9629698919621563,3.9928717105143616,3.974172415419014
53_3,1.973863363816004,2.2305670263663213,2.183097528875827,2.1110571604230115,1.9980205214760527
53_4,2.0281931219041374,2.320823736178984,2.0756249827949564,2.001245617216463,2.1733276779421216
53_5,2.3774315407953845,2.313257264605026,2.729867774563549,2.503356774492518,2.226852665512742
53_6,3.8174736878829383,3.5614580966573963,3.9669215395833985,3.9982844333754923,3.9578192833896715
53_7,3.953118286544231,3.730443392164114,3.306545591799089,3.803403039693466,3.9569258741083813
53_8,2.9905900117202533,3.0865393774286503,2.9463901201955722,3.2507564264021305,3.0411798302414588
53_9,4.002692070721882,4.000736453642874,4.009548350371832,4.025793587051283,4.002591197351161
53_10,3.730697344872411,3.7765679212506593,3.5576283326755003,3.841646216520497,3.813444786987061
53_11,3.221270976800724,3.940121997855528,3.990536593315167,3.9976051460167215,3.9943721194896926
53_12,4.000392384997354,4.001900206444892,4.00029840699793,4.005717399665821,4.002962571978035
53_13,2.9712419645733577,2.9999478040936496,3.176716811869813,3.665521881806985,3.664953302827694
53_14,2.0191069763652894,2.2023981210444092,2.1443982130892048,1.9811577352172738,2.0215473870279324
53_15,2.3775909235655726,2.789762300269344,2.8434580150105386,3.213346632280244,2.816846436211717
54_0,2.0001058429519265,2.036609537090762,1.9286300971627166,1.9126421625053411,2.036245599900436
54_1,4.047144901753488,3.999073853019007,3.9979646476128536,4.0016976839871665,4.000823254069143
54_2,3.4371219931356793,3.985211767634209,3.9801515058689616,4.000956124503996,3.999772017596374
54_3,4.0682687725611935,3.940138270939334,3.265206356600872,3.9798825564329054,3.979768810158694
54_4,3.9402430978909155,3.9744175877407755,3.9670166396935955,3.9740673718995234,3.98777274984728
54_5,4.009236176486636,3.9972033674217173,3.998102360722801,3.9986430693619113,3.996308997965734
54_6,3.9048963043139544,3.7765543463067135,3.817153746800701,3.99231959891325,3.9145088772517043
54_7,4.0756280638311235,3.994424712107521,3.9150339875969964,4.004176297477752,3.9961385640983234
54_8,2.628738712137869,2.8286311611916015,2.406378376279436,2.759537076318244,2.5005899187692244
54_9,3.995356254731211,3.8522095663137432,3.9916675058733064,4.000736171069864,3.982154398197564
54_10,4.023354672957115,3.9826725007088006,3.9711874817577417,4.004255847700278,3.998848205529122
54_11,4.017309670582169,4.000567553836785,3.9967862462097767,4.003243316076526,4.000565054141467
54_12,4.004007034734956,4.001310931007468,3.999501830045134,4.003361530769007,4.002055772237778
54_13,2.376914387590006,2.628356606734648,2.748908964323599,2.636530411220032,2.669398297097049
54_14,4.119135982816168,4.001617442069654,3.9998110127387685,4.003894331657381,4.0006297046223915
54_15,2.074941770615359,2.669075865782005,2.7254922597203284,2.6601613476719006,2.685878652395013
55_0,2.2222824308547553,2.4352150067834324,2.298101344377771,2.421315456352194,2.225135910485704
55_1,3.9956555208394153,3.729861142159916,3.5557101641604727,4.000486856109723,3.9033229332637367
55_2,2.4362267412547443,2.5693125770886707,2.432252179165694,2.505278304097032,2.1054312260815395
55_3,3.320428572421158,3.2669352024700102,3.2646707081311233,3.4961790529937224,3.5555343301887894
55_4,3.0008844172791025,3.0245149163865586,2.9577462038496636,3.180449303887035,3.0971754710614596
55_5,2.8327171794286117,2.792146328890635,2.5225600245520696,3.19856628207077,2.9216052853377277
55_6,3.2677196279464806,3.317222829577442,3.111351218453141,3.938368287726974,3.4674514581767912
55_7,3.999158379854211,3.6215325788830186,3.904093773235961,3.9816201880199884,3.9033177595641173
55_8,1.6816041413948426,2.104416629826667,1.243737399976017,1.4796361243792686,1.2260830004168803
55_9,4.021757982467237,3.9049781584833743,3.8176414767626814,3.9977994057930437,3.995167840501805
55_10,3.9886553978190733,3.1774767604338354,3.0517239088452173,3.8259430165031914,3.6016003699866737
55_11,3.9994105537488513,3.989994009716422,3.9995237004888766,4.010375196891938,3.9992337486955725
55_12,3.999693132461682,3.994299748898289,3.9840939796109587,3.9971484068156626,3.9996644612765655
55_13,2.854623052960979,2.377198352752102,2.17917881290832,2.3343060240018287,2.50315542811068
55_14,3.0123132465180045,2.8265020941458405,2.8447574847895276,2.967136397828337,2.8751412375682723
55_15,2.926928697456722,2.9756680532156183,3.1722599592255785,3.6886838011238066,3.091335412673085
56_0,2.868182379299929,2.7871104960656257,2.9085213565398456,2.847241468153696,2.915361336893746
56_1,4.0229054442450165,3.9985735719469497,3.9964500540096903,4.002486870032859,3.998025848869867
56_2,3.9241098574660995,3.9241252939270415,3.9465813499571785,3.9994245150514094,3.9890569691823545
56_3,3.970778023880259,3.8172187702266425,3.8518873930920607,3.997303641301935,3.9321247781826916
56_4,4.060007810002052,3.9994668214951856,3.9925491710963668,4.004377530071609,3.9991108716282713
56_5,3.8806628642898366,3.2416983610582064,3.7974491423444166,3.9914670700676673,3.768092590763053
56_6,4.377469123529599,4.006084669947811,4.0035311579789745,4.033001686860227,4.00132252173218
56_7,3.9952826868533147,3.851723233508886,3.3155179801592327,3.9616795451913767,3.879320714385466
56_8,2.9300160748158013,2.925802186084168,2.809037612758377,3.0250231164846975,2.7510963550849943
56_9,3.181644439183032,3.6220389904649632,3.7283723867442173,3.9936706979605927,3.904110879550087
56_10,4.182359675794795,4.003162216041855,4.001928049495734,4.013975927763379,4.000032321291352
56_11,4.222633409246597,4.003391771703915,4.000977510782521,4.037237440918216,4.000032321291352
56_12,3.0027234485371186,3.1289612187478473,3.3131097800673124,3.901369236064117,3.795066701020237
56_13,3.9401244821763646,3.0878489628286108,3.376122644480447,3.985928533350911,3.7743374887618515
56_14,3.993415700755408,3.6219578140033026,3.957793289800852,4.00006470493168,3.996705264826029
56_15,3.982072972370692,3.9525966715113694,4.002159417586295,4.002485865102858,3.9957265056401154
57_0,3.0026664989034644,3.052532214407702,3.027483271317235,3.089303248691432,3.037231304056327
57_1,3.051534694410522,3.210919486144103,2.9413511443797877,2.9734625534603527,2.9472255448649025
57_2,2.780669151548682,2.87121960068957,2.2028728500439705,2.566662273760967,2.59056702768203
57_3,3.025720822856413,3.024101115433858,3.0590020853584816,3.129333220876945,3.0821151252333823
57_4,3.008843971976968,3.1255193331356717,3.0160745427455313,3.2212929988676127,3.0808512973827877
57_5,3.0104703470064487,3.139665163104307,3.1014392794474737,3.740424437459954,3.2181597804550837
57_6,3.033383839896243,3.619420501252106,3.164998089196497,3.6152981691474904,3.3615488027754936
57_7,3.991633696216017,3.880655726166377,3.7757555493852255,3.962280991729103,3.7495511713632057
57_8,1.0067854564592462,1.1284147621773837,1.0116640231499041,1.0375796709668255,1.0519343102102765
57_9,3.316673689546663,3.3718319693823404,3.0241124489279505,3.526870140827174,3.294335711062625
57_10,3.140636046115103,3.6210680435083478,2.957579356940033,3.7053663475670735,3.398334503382178
57_11,3.621569327710196,3.7770411237718067,3.776891857373376,3.9456919192446627,3.8792057905001167
57_12,2.9263138122847296,2.9557060815408542,2.6908768162661456,2.6933105287101218,2.756614235473972
57_13,2.622656993096794,2.684095896386612,2.3460880384539133,2.2103426446854533,2.325688426529489
57_14,2.994223419428034,3.049130811623471,2.8841411846632043,2.7255231004256744,2.968150807167444
57_15,3.0548826435239036,3.217083294410007,3.0053202803906878,3.39089842416399,2.999527525011261
58_0,2.024150374655475,2.016719408311958,2.019217938911583,1.8766128472035988,1.9476171453599163
58_1,3.9776823319345067,3.9712307888785423,3.957997673632591,3.9957297060406103,3.970468807428977
58_2,3.004993123278146,3.2634904462301324,3.730053453492212,3.80904697513245,3.6063563807741796
58_3,2.9810913766953355,3.1422683035393044,2.97951663931912,3.356852539922497,3.049197903779997
58_4,3.0189086248832573,3.0673331569808253,3.038275771478296,3.4405311561500835,3.135816552790462
58_5,4.022374410893999,3.9988287731854903,3.9934145073282616,4.00435648053883,3.9860503572619517
58_6,4.02122704024137,3.998141050860046,3.999189415467299,4.011825704810799,3.9970545650813585
58_7,3.3765992389980486,3.678483559110621,3.559088246338638,3.945628456404925,3.832960040368184
58_8,1.000198892528262,1.0132902472567054,1.0252939249317925,1.0938131128375888,1.0296414124735451
58_9,2.906561975178459,2.842228286726468,2.80801776952433,3.1248032379905952,2.632348177519181
58_10,3.4979762405980788,3.8164281187229885,3.9897170045190493,3.998881736192219,3.984249469745827
58_11,4.028458236778483,3.9944254474020724,3.9981854384573894,4.009025014514332,3.997846028787766
58_12,3.0554913295542745,3.4317049535134676,3.4802957891968465,3.519428470872225,3.2379182105453554
58_13,2.0362164304716597,2.150605559684279,2.517951820142902,2.5687623525502237,2.3073237533344755
58_14,2.9773766338146164,3.0046843683770237,3.0073952946516394,3.3573018894036437,3.01610399007019
58_15,3.498543566376635,3.4324177307884116,3.774656907607235,3.9736069854472045,3.7131061674554973
59_0,1.1828800920477518,1.8135397632224188,1.215771114707921,1.371438078393826,1.3784130831328834
59_1,2.994513305620373,2.9463841456878646,2.8078793693963955,2.9477048511383153,2.925440976272012
59_2,3.4999197398493127,3.1785111376235733,3.2134967684001596,3.8470136199418503,3.6157194608838226
59_3,2.059536263792565,2.5119708551243916,1.9786837714300687,2.105999017707631,2.1310297343099065
59_4,3.1779619963949606,3.1015248764754926,3.162694857162263,3.738547752292247,3.26707542055516
59_5,3.116762367744441,3.264111382721744,3.36543113478289,3.8597487635685686,3.7202006887631165
59_6,3.0333838394335952,3.4300560671414377,3.031043382460741,3.5269405208008666,3.016191468531912
59_7,3.8809359970508823,3.6208678504793386,3.4265133194157067,3.9666127775106217,3.913746875025443
59_8,1.0604104042999258,1.9196923432153803,1.420812454063702,1.4720141380361436,1.6061590546771496
59_9,3.90584600298856,3.49711000367731,3.203318034736177,3.9622565137615764,3.2971499743374286
59_10,3.0118978307379956,3.1650452702343492,2.9419533912833904,3.275743849064651,3.0975305750389897
59_11,3.3674388687113037,3.20516569154853,3.1779450298511076,3.7613266821620077,3.356127587620575
59_12,4.0011515691408075,3.974008268836629,3.720195976468235,3.944833995843407,3.9125951846407427
59_13,2.9444840726270884,3.0100254545354015,3.020121620591813,3.194090790049235,3.1995012121966413
59_14,3.058165479451585,3.0460609158081793,3.031760376659256,3.573318244072595,3.18667817617538
59_15,2.033471848255547,2.154398906443664,1.9922203700650583,2.038942296720248,2.048365805710875
60_0,2.0265713952160835,2.074560469556781,2.102323985249313,1.9737289958914435,1.8642659301921713
60_1,3.9778782714595184,3.9672705974326283,3.9235026863112217,3.9867732610384814,3.9312635056717657
60_2,4.3207454140237544,4.005524055609332,4.020077328529399,4.028995501259533,4.00552299388017
60_3,3.999949926039077,3.7768070643807055,3.904265183204203,3.990736734574035,3.9667026180941445
60_4,3.9939668282600453,3.677898226567571,3.880147370655265,3.9736565033765943,3.939146268653472
60_5,4.002318431271566,3.9846909268275956,3.996588216816839,4.003928827656917,4.00220557865643
60_6,4.095068889374075,3.904805794194677,3.9527346797376612,3.979920528952482,3.970913766251472
60_7,3.995183852539859,3.880646088599981,3.9465689451657116,3.998500746370703,3.9864283626296104
60_8,2.882948990065903,2.832385223417439,3.1770525377619188,3.0502031804547225,2.8222351269200696
60_9,3.777218685785939,3.2109039095039242,3.426463977842048,3.9662358285729975,3.844784691882053
60_10,4.182341289955022,4.005367770802787,4.015731381377173,4.066981568330085,4.005627776384589
60_11,4.3207454140237544,4.005524055609332,4.009426584981394,4.059920743272231,4.00552299388017
60_12,2.9592548587269607,2.956471342621666,3.2094836017812645,3.736744265575807,3.6228476982093163
60_13,4.000495740360375,3.904609422426321,3.9323156076428925,3.991772452932419,3.973906656407375
60_14,3.0345288803244004,3.047271353039835,3.1320775538376893,3.7886579829016322,3.6378351919558316
60_15,3.2196782749409674,3.127947570094954,3.6207522311410347,3.7579193916923943,3.614979572639312
61_0,1.680052649188399,1.7335967397510827,1.5201783876272015,1.1555390283474383,1.3429963963373444
61_1,2.9955954235529165,2.9827652326896517,2.9399804697971783,2.9420257749610013,3.011952311552849
61_2,2.437684124923423,2.112624072119257,1.9355025513118231,2.0645993768482613,2.0602417772269903
61_3,2.1470127971692015,2.317049231894949,2.1848413256247055,2.2494068348068206,2.4451695517734637
61_4,2.9942234197627164,2.9827652326896517,2.965932709136435,2.9420257749610013,2.974045088774585
61_5,2.3777452675408854,2.319477163576414,2.5169811776038107,2.435435843122061,2.3565187742835803
61_6,2.046160688638141,2.1697064549080287,2.044439483864186,2.280183045782366,2.271756549760707
61_7,2.964372289662978,2.7565103246701024,2.838239124548708,3.025583760039786,2.8744866208848943
61_8,3.035014166157008,3.0878339613917984,2.97761845453683,3.449294059656399,3.3411324076883666
61_9,2.852072723507381,2.6784470524817205,2.2514636484216566,2.5229439792436756,2.6302573605734043
61_10,2.679997835510076,2.8070001139654277,3.020329573497452,3.0822934208058284,3.1479667506973903
61_11,1.023093850416979,1.5201703768781227,1.0584637132277772,1.1448805814868965,1.1520200591755008
61_12,3.147431584494324,3.2659903681544566,3.2521636308226887,3.5441397858787114,3.8098486486501746
61_13,2.9635836495272527,2.9140648789018626,2.7358332275658714,2.6089628636050466,2.867677062034706
61_14,2.1462718130458143,2.3744381391020757,2.036916893841446,2.3646452433288268,2.296380609974578
61_15,3.0039234976663574,2.9415602919993535,3.2121897685274523,3.2926558359306615,3.1712317866355844
62_0,1.7331409021423376,1.607340539482579,1.0373338562745593,1.6342768492037625,1.3170985270974296
62_1,3.8804699439168275,3.9399718711854828,3.9465038154999372,3.9956676644785216,3.9511697719087815
62_2,3.008329989459499,3.027454605584537,3.1910565464056573,3.740474779940578,3.5524755174782388
62_3,3.0039679895852345,3.0127861762187322,2.8455947264700545,3.3176809128862685,3.319086624115728
62_4,3.006486948565449,3.1750951280110917,3.06956246968237,3.822503751152227,3.5197102229225172
62_5,3.0722828268978586,3.3148137884373403,3.6732451241613,3.8348663783860597,3.7404115514581973
62_6,3.9951604316640945,3.958019806819077,3.9324610484713705,3.9904219204318285,3.9860333145584645
62_7,3.8176430991836625,3.376959474438765,3.5609183977504757,3.9316986910518263,3.79553998246847
62_8,1.3776887824924755,1.5936239425397531,1.4524686619409155,1.2680586508998861,1.8612276472132034
62_9,2.6232360919725743,3.117315122679126,2.7204978907061967,3.5561406525295203,3.2768174194699355
62_10,3.8807094354271796,3.777091520381521,3.851801632195993,3.9668296029861283,3.9575852992440947
62_11,4.006381531158509,4.0004090900371905,4.000043136226167,4.005561882756606,4.003751416696486
62_12,3.2673576364259986,3.25875214423604,3.4138806518747717,3.7781009615157406,3.808784093444184
62_13,2.9873403303344617,3.019589522124369,2.4452179879651115,3.2447668843493087,2.928699112527838
62_14,2.083902760557001,2.14878258658607,1.7703968625177824,2.601293574090128,2.131260433835018
62_15,3.5615418072677723,3.494307345085685,3.621106793027295,3.9378651124689337,3.9317288238238826
63_0,2.9881021593478203,3.0580846101021866,3.5562947643066742,3.8381048091624645,3.4288366347492643
63_1,3.9723373463869365,3.9402369355553577,3.9681789400479808,4.002562461867441,3.997258509351129
63_2,3.963332408075023,3.8174924452964,3.963314978336455,4.017808539222869,4.000821696755501
63_3,3.116438621569674,3.266985981746392,3.315603592380488,3.990023319032318,3.8922511272126794
63_4,3.2679781479234467,3.777033730062693,3.9046985268719205,4.001163417722421,3.987749341536945
63_5,3.9938100166655586,3.9943734348816697,3.923922691626925,4.0001317725283565,3.9820994076817624
63_6,4.017904533500773,4.0073466518904315,4.0025909156607495,4.1479652415676815,4.009611246161916
63_7,3.92997285316769,3.268919715506103,3.146759102014587,3.977806743003647,3.797381013572244
63_8,1.18535597082876,2.1766785979255734,1.7171959998368653,1.891042187630195,1.9454535051282065
63_9,3.9577346072171933,3.5620986715649527,3.4378061958906723,3.9958953899665604,3.775569503810585
63_10,3.376280601165392,3.237975084307812,3.3741272178006696,3.994575728718749,3.7280788328455357
63_11,4.029121900538466,4.004871571072975,4.00149419020278,4.053310358582334,4.000359461027322
63_12,3.9822599559445866,3.9905374460395118,3.9324370483439086,3.99443991080828,3.9984000101089845
63_13,3.679132231970567,3.817553507127733,3.9711889575562966,4.006377660041192,3.9823342555026544
63_14,2.376406575852767,2.7815368802646767,2.5566863038906913,2.7568988725543044,2.6599102054370998
63_15,2.3173358385281078,2.411127535597902,2.2630616888465966,2.844756373610453,2.238802178287985
64_0,2.856381942823642,2.943644197518684,3.090200684820522,3.0215721665959903,2.9709812221867145
64_1,3.4991764258382263,3.621246226338892,3.8802901915894785,3.9700501822042793,3.9613710175414454
64_2,3.4279551337543768,3.5557761455576324,3.6721374786819707,3.8478959601219485,3.8240708382663167
64_3,3.988830475426879,3.9987983291080167,3.9958258707775007,3.99660189948991,3.9957990665985603
64_4,4.047114066666482,3.997040586094464,3.9863463125518956,4.00413612641039,3.9995310971187
64_5,3.5609959743110897,3.314853932341902,3.9405842679136116,3.978220527802631,3.956293147629164
64_6,4.0063272336802935,3.952815718330164,3.9749949335584316,4.058795658114264,4.003211969788322
64_7,3.999473344601873,3.9931764848551476,3.998508893500682,4.006813977519565,3.999945191965675
64_8,2.5020883002379177,2.898169047528503,2.934393371156801,2.9553698247958886,2.945121707765878
64_9,3.9974869078866035,3.958053724363698,3.6760913855636,3.976147864603371,3.9374513486612592
64_10,4.015135680762748,3.992693367878366,4.000634463002089,4.018933239939798,4.013204594858933
64_11,3.14407611351306,3.435325135850255,3.728173265322048,3.971467585026251,3.919322951164212
64_12,3.991145694512312,3.9581652636742763,3.9864113421537444,4.002354764976162,3.9978135777750317
64_13,2.9380696332972374,3.019976647275409,3.2719800502509657,3.7158015979932895,3.1593936524959583
64_14,3.982590196969179,3.9799126610722815,3.970716894162549,3.9950757252236717,3.992614318629576
64_15,2.979951037380838,3.037136955711782,3.3691898362020596,3.6240415179401593,3.4235998089164403
65_0,2.4381483760691514,2.3751814096206365,2.065244056431237,2.237319615206097,2.4362176150986965
65_1,3.1107364506480653,3.26600579913586,3.1609434429312233,3.364910894441911,3.2827622319588463
65_2,3.6740123815929726,3.8665291894088667,3.9529138472755685,3.9988171303572715,3.9660627448982764
65_3,3.9898741231849066,3.940153229525039,3.880784973958466,3.986734329619884,3.976843604803054
65_4,3.1767050792802594,3.0909387987582115,3.2244866232486666,3.7208205716477654,3.5402456886881373
65_5,3.987211326334618,3.924120506470337,3.962962963257036,3.997631722406823,3.9943539806041617
65_6,4.037096811240954,3.9962495504003286,3.9938726274946545,4.059824486237509,4.006406617241235
65_7,3.9932992085773766,3.905247775924996,3.677911933953139,3.9866561675177823,3.9881310046173257
65_8,1.9572252078958492,2.0161686286550577,1.8933346128597786,1.8178881130823947,1.7340492059368857
65_9,2.8530800332228825,2.9349287130359745,2.6281504404188945,2.886298052173553,2.7782837760774397
65_10,3.9822598725746507,3.8517382525913644,3.952847766430937,3.988989962783803,3.989185408704944
65_11,4.095189492168552,3.992402245134312,3.9971563037195135,4.047207826773478,4.002260897848674
65_12,4.00990461078742,3.974252969854889,3.992512120159161,4.0024126635020645,3.9979042709218056
65_13,2.9752944995243022,2.8991742635508033,2.871250499741279,3.19961640836363,2.9582263634219563
65_14,3.3186096101978686,3.034181560945348,3.277655475613346,3.883489078494735,3.7276922594341837
65_15,2.97288087884796,2.8990989216776115,2.799478602985781,3.6886376556997034,3.3443277702868595
66_0,1.3215154082188052,1.152605899858771,1.174931139965615,1.2445163999709146,1.211624449444382
66_1,2.9810913790980593,2.624361638937717,2.9998855011008008,3.2874024735085623,2.9988087497463605
66_2,2.6234144053688913,2.3767902806099155,2.568955100426692,2.912521199902103,2.5680003508604217
66_3,2.819689006534321,2.699167227150209,3.1063017920327516,3.578531555307235,2.8024224825304773
66_4,2.976595247847571,2.937503318047687,3.1688289802045344,3.6981011405368824,3.058122369834029
66_5,3.0127670220884735,2.9657077669018963,3.061852755139187,3.8459132360059227,3.322154842338228
66_6,3.8809437652269483,3.258748809372949,3.498695431221668,3.922300083057389,3.903170095700461
66_7,4.1477047261657285,4.059547427198795,4.028828977199176,4.032795252416979,4.011196832322852
66_8,1.002164714736353,1.0598589465006292,1.2027856048666183,1.0493624498474883,1.292642330984102
66_9,3.9997504428081365,3.6786174617377565,3.7310777797943784,3.9954356177381083,3.982230836563656
66_10,2.778711264545219,2.748746661761224,3.0392750585168256,3.17302542610096,2.5811407244909015
66_11,3.2655991810325236,3.149031521651765,3.5514758725062423,3.9580443367422333,3.8310580282822295
66_12,3.4375075457662616,3.1406248761591953,3.4231743337602913,3.8857245811760226,3.2553570551354367
66_13,3.117300786736667,3.105325220474807,3.497329556220446,3.9739607666968544,3.813574481575603
66_14,1.3778669233670187,1.7012397595592812,1.0434032977436978,1.037974354691474,1.2265316147230165
66_15,2.8188414558983395,2.3473409829035914,2.5940883464781788,2.7357964970850963,2.7995199184738397
67_0,2.2688736612118774,2.2586330031950017,2.2986023142963687,2.1423869859591758,2.040279137112398
67_1,2.6229915279133658,2.8127338831992885,2.657231564641196,2.7186205937157673,2.51697044637105
67_2,3.998187048597386,3.9821657051594372,3.995518757880267,3.999045482440397,3.9974085336437066
67_3,2.8178656103223383,2.909681988732533,2.8261850132142055,2.9371511870187335,2.571250029832239
67_4,3.4994017006349276,3.560876899867185,3.4965555994871234,3.7450220701547665,3.7495829156187424
67_5,3.4367547617690892,3.6785022814495747,3.8167718589627566,3.8099131637252994,3.7244623212877
67_6,3.9941682150467384,3.957932083667742,3.9797251444546813,3.9964970047821,3.9770018860028116
67_7,3.9994694496538266,3.3131177843022273,3.7302986761122616,3.9791596963597433,3.9705806755054205
67_8,2.9508580647790876,2.946946018657764,2.81612608745495,3.175769411318365,3.1067736597311666
67_9,3.2669113478792156,3.371885752109029,3.4300002392626063,3.780506584007363,3.5731168664582063
67_10,3.731600300838735,3.498468796962924,3.8169118890267866,3.9942320507698073,3.91405733240528
67_11,4.013460629872123,3.97984738097834,3.952572237731966,3.984380014235989,3.9575907779159443
67_12,4.000458116529122,3.9934149917428465,3.99414661546528,3.998460796548079,3.9988785612591897
67_13,3.01129449554731,2.84311774715389,2.7891213888450572,3.039532303159437,3.030918238034409
67_14,2.118373780187219,2.316772433997686,2.03243509257672,2.1167213075880573,1.980469658668773
67_15,1.9930494961617924,2.025390671946761,2.2731569058253815,2.527866479730249,2.137330270355223
68_0,2.004970280963276,2.281100574182588,2.3354238818370345,1.97818583621871,1.9516801965215536
68_1,2.969182562204017,2.964164898027308,2.1788490837883696,2.571970682759019,2.4170942310046013
68_2,3.0491311507802856,3.207556211791303,3.3577246592820083,3.5086987013867783,3.588277710915413
68_3,3.030872032789127,2.9474106219096305,2.592553579095251,2.44929596291593,2.402839485684252
68_4,2.989898133632073,2.968574941801938,2.311115242033933,2.5284484863809786,2.5136460372420286
68_5,2.4379662009467227,2.838859998291761,2.483486914324683,2.2790303662605647,2.5065867426513204
68_6,3.677822530770974,3.6197356267644083,3.923913576046665,3.916637026789407,3.9702575553180495
68_7,3.181644410724598,3.3161816396299635,3.816283677467131,3.5408890841084215,3.7402460961813335
68_8,2.973801647854129,2.9334219257414396,2.7646909756747893,2.7744327497111394,2.807566089868316
68_9,4.013717446643255,3.9959642851269113,3.9998552205331177,4.002500845706869,3.9905936020195276
68_10,3.940228018524401,3.5571014975172175,3.670580509140334,3.736443336453733,3.659925454814474
68_11,3.851884555153502,3.5582361696108977,3.670580509140334,3.745590944246228,3.4493076170036465
68_12,3.939864690168645,3.932543898522297,3.985981194870739,3.9840802602786924,3.930935475309652
68_13,3.319108888042103,3.064876118832584,3.009090112824732,3.221169624608224,3.331619788294692
68_14,2.180205107182395,2.5830647530820503,2.4886834298159646,2.494581104977899,2.2742600436058593
68_15,2.9803910624227155,2.99383779717349,3.1002628821913802,3.559845671797584,3.5401296573250707
69_0,2.954156278469969,2.8823450299236923,2.955955813113705,2.9221927726744994,2.8360366315094088
69_1,3.436877325847291,3.3730827274599173,3.4973634601784953,3.8981881567450465,3.9307376485717755
69_2,3.9860447280461244,3.9324801350631535,3.994989421381863,3.9989005936077544,3.9956872517586786
69_3,2.9798226613882908,2.5659422752037266,2.9258734459923317,2.8139334881369367,2.854324557411904
69_4,3.218835595480281,3.6214825948650815,3.9043473347384707,3.9842811385645986,3.945128726397415
69_5,3.088711462632209,3.142272225616021,3.496986170998594,3.617027967768965,3.5731945022650806
69_6,3.499024263431771,3.317644982228094,3.962975586847056,3.9867960817220816,3.9707157541426925
69_7,3.9709072074128406,3.560708295743054,3.816546022275721,3.8712249600525213,3.6629883943301964
69_8,1.7791862916418886,1.5157650185816138,1.447887390223336,1.6544488520263467,1.7249782740717368
69_9,3.9821225133172686,3.880732236083668,3.9240356494898854,3.9613069852411407,3.9121504871829798
69_10,3.7304206500167036,3.317644982228094,3.971019824923323,3.9867960817220816,3.9229634304678282
69_11,3.7304206500167036,3.375452581540455,3.9581878981954772,3.9867960817220816,3.984262408545047
69_12,3.0314221241323085,3.016147614319742,3.1750959233753546,3.6779216475309706,3.810729593780281
69_13,3.777016228906762,3.893132831584662,3.9963671528974465,3.989321046125554,3.984271554163938
69_14,2.99727655096097,2.845559691823191,2.9214811142426726,2.302149824272282,2.547041436643837
69_15,1.9828700693563046,2.172931718812325,2.391731832713431,2.3016886150132496,2.114690214886648
70_0,2.9919767262413086,3.0979235260263907,3.3096097852791484,3.8970843798330335,3.604634408478447
70_1,4.022868595675842,3.9918579722190075,3.974094525954305,4.000042120752064,3.9943550393434557
70_2,4.679005426359481,4.001621115089831,3.9974863260852116,4.008092786036828,4.002038457725602
70_3,3.267723655189627,3.0844674082230616,3.498155012581806,3.8416641734461368,3.9387480752868775
70_4,3.5599591650502713,3.3161611552045542,3.6746374474003094,3.9768603357087056,3.9229068094304296
70_5,3.999949949372956,3.8519672328357135,3.9398350249888585,3.9995027510303762,3.998957332351177
70_6,4.182236081616661,3.9773335732506565,3.999268213989162,4.022491746340342,4.0004283047011535
70_7,4.1190668221053395,3.994165765554427,4.000617770952409,4.0080922250700635,4.003279854744459
70_8,1.9724221898895944,1.7303194338464265,1.7197548459644472,1.5777414928760773,1.6533053322241733
70_9,3.955571532911307,3.7737059436796883,3.6019869900053467,3.960127000276465,3.7363313499801425
70_10,4.1475729148671014,3.9964311112869506,3.9990752816812156,4.007033941030838,4.000537400568451
70_11,4.14762235415,3.996504449485522,3.9990752816812156,4.012145854810197,3.9992793393870434
70_12,3.962763454075751,3.957897690743974,3.977012645983743,3.99157491289653,3.9740258920626164
70_13,3.377359505735227,3.4372678055146295,3.8171861216272718,3.979684249255584,3.9038419402182263
70_14,3.991707962970775,3.499148789038638,3.9992108738204015,3.996418976858132,3.9876827120411744
70_15,3.2212684787138803,3.1207373930049656,3.816853840903009,3.8978488503466324,3.7460767719269943
71_0,2.021101406171293,2.043943398886791,2.321786226482133,2.060440501587069,2.068323421745579
71_1,2.8852556512787397,3.132474628396326,3.3552682271612753,3.910127189406392,3.3164556870191277
71_2,3.6224636336323943,3.946775396438267,3.4989518445593815,3.9741506292552153,3.87978778520273
71_3,2.927470140824424,3.1773248710064133,2.889092306749215,3.7047169384053715,3.450589566627431
71_4,2.9728808736832293,3.1113527905986427,2.910052150710977,3.422731710220268,3.242418896924264
71_5,3.221841489963539,3.880762915187973,3.2634906595897757,3.9895066887826047,3.914520822481694
71_6,3.108460246361139,3.431911241658437,3.7704569487155273,3.9980257237391883,3.931921245396549
71_7,3.6221040076765134,3.924397837139601,3.4982216925376597,3.9891930035421095,3.952270773258013
71_8,1.0230883579271675,1.8894483970140954,1.3945261785378573,1.5503685322844718,1.6124649615863937
71_9,4.268486513873036,4.009911257778171,3.8659798077100795,3.98697166781581,4.001518502781756
71_10,2.9767249808526106,3.157331240197936,3.8112942009391615,3.961674596386046,3.9203126885171513
71_11,4.095189622537129,4.00132802144815,4.000086190763061,4.013831698489337,4.004788901352327
71_12,4.851867234130698,4.047299949611772,4.002510898972819,4.029151091733463,4.012083927959183
71_13,3.9822993669918922,3.9400118949889693,3.678168404209009,3.9905770860762093,3.974042803330378
71_14,3.9571049427931917,3.9775160327496217,3.4928785231460067,3.9993008805234815,3.995077676868483
71_15,2.5622657761677066,2.852402985615626,2.5217936393900064,3.2760829645480194,2.6909617894094087
72_0,1.6239761257264858,1.677708609068751,1.3338481404889686,1.6809479143664623,1.3123142649114943
72_1,2.9865881738445195,3.1358772576205514,3.3096319761700177,3.6937661957674335,3.294064700357783
72_2,3.216337131669442,3.5583928544046692,3.880216017413217,3.9843894688758863,3.9569723048924406
72_3,3.011331768019503,3.0385376934123354,3.4880669654373273,3.7805495110166545,3.4738031937480356
72_4,3.177962935128549,3.3736404555019903,3.7301855279861904,3.9372105577831675,3.848247105515698
72_5,2.9293353760347207,2.831829466941006,3.0428360853975134,3.2813836993712098,3.2413494237433773
72_6,2.984156573349183,3.1461132705893515,3.250016228475196,3.8788600202448,3.467532789749142
72_7,4.004691456494338,3.9527992860509826,3.904563638176553,4.0020567245304175,3.9906540086075593
72_8,1.950957872442882,1.7101651676649492,1.3269757177480945,1.7595762033560542,1.6627004639636915
72_9,3.1449509553409856,3.262803001594016,3.007335665879058,3.894857933631523,3.65571799072419
72_10,4.0175559481576935,3.9778399881642015,3.998315993410428,4.0081881917765925,3.999190668779298
72_11,4.01358278519808,3.9773826266782324,4.000280455616598,4.010503298604547,3.999572465758732
72_12,3.9525446948156935,4.000375026253172,3.9905758901925976,4.0080347529815015,3.997325526691125
72_13,3.0162866955830467,2.9525726206800837,3.2134540698347744,3.812415073241843,3.4068017581042542
72_14,2.221619087601681,2.6849844207689375,2.7152959918237864,2.8898880151468616,2.914942398298864
72_15,2.024307234510394,2.345015632863564,2.5639594405166077,2.067870131020188,2.048616320964502
73_0,2.4349769979277704,2.63390367590779,2.647250686468511,2.7468941487126974,2.3757873301046866
73_1,3.9918604739349846,3.3710585510369873,3.6165836327504985,3.8605753042844495,3.770979549546083
73_2,3.9995782274613476,3.9901316731785803,3.9823305310157546,3.9948971564085616,3.9862263525922303
73_3,4.000807655769969,3.851629476350429,3.9236113774535624,3.99654843576853,3.9459458435972734
73_4,2.0306147066870084,2.2793948050021897,2.3068285882775994,2.156787008739731,2.033248301259071
73_5,2.9584743945830487,3.0775893440426296,3.233917083538507,3.4360036746126745,3.1609412805612904
73_6,3.9630274739124913,3.880560459689699,3.984659209841242,3.9819368362743472,3.9943750664137987
73_7,3.9951604952137516,3.619341753498914,3.9740738123700847,3.9797432420275642,3.976971504285883
73_8,2.683246493168548,2.5940927684609263,2.1415396630247745,2.4743069111462987,2.6367414155765587
73_9,4.001390322227182,3.8517974231728376,3.8928710444152017,3.9958732464597877,3.992477882471246
73_10,3.9772010017126935,3.730735574531421,3.9942689630817934,3.9995814511852457,3.996689363638745
73_11,4.268831903180014,4.0054721676890725,4.004354032388745,4.0045015297944015,4.012042729112589
73_12,4.0600001799127385,4.00186844371765,3.994240994466862,4.0037195330430215,3.9986783564662276
73_13,4.010733283524477,3.989102854433134,3.9822246543520996,3.9983839893522974,3.9946863740136607
73_14,3.0,2.907113812630344,3.0428080133785764,3.188736017401,2.9961667647868393
73_15,2.8853247878262347,3.01136583753974,3.3668512961310033,3.5920651704043687,3.068443752279832
74_0,3.952946777193341,3.9045713851273707,3.994242035685599,4.003843204727484,3.987876916806865
74_1,4.075473193822767,3.5616413673768625,3.99368756635175,4.007814346241537,3.999747873457653
74_2,3.173498415265869,3.3134187986062953,3.881406537367631,3.9729362943443496,3.877629582533751
74_3,3.1805683311769957,3.678466543647302,3.952252927338296,3.994502011538776,3.9518922618457375
74_4,3.777161568946956,3.6218090450781717,3.982385192820832,3.99792913760038,3.9624636309632426
74_5,4.147857162573616,3.9867969499686438,4.0061545971336034,4.032694369676192,4.001095529022726
74_6,4.147900127195523,3.998472887405964,4.00004340529673,4.037133266866691,4.00726324539634
74_7,3.998936784672935,3.977130969962959,3.993517976399164,4.002689361416048,3.9979059924962703
74_8,2.1322718826416898,2.3598041950721886,2.5967883538720224,2.6204018211093025,2.2739922944591986
74_9,4.182351073251314,4.001221438730923,4.004355686693847,4.0258291764357645,4.002980833735605
74_10,3.819372779358698,3.9533304045306807,3.9880464278554006,4.0053047789902525,3.988192967692435
74_11,3.9758068500887997,3.924568520953409,3.9896870943656646,4.0042992826093124,3.986648505850851
74_12,4.1191318637784775,4.02012322425012,4.003861443622134,4.075729609510054,4.0292245135295035
74_13,3.9921766524750364,3.946695758305723,3.9927021677013568,4.000623283156203,3.9919795867543337
74_14,2.882476196067998,2.686231725540681,2.7938570307354813,3.508633891295769,3.1618490861491546
74_15,2.6801275092828596,2.639536241277771,2.907948008003269,3.142922287560192,2.6997227437999936
75_0,1.378161485748677,1.6702833476587169,1.366840239879978,1.3156965979999005,1.886209742485384
75_1,2.034207612952162,1.968558313957386,2.2253022511155707,1.9709249683677998,1.8762049082651926
75_2,3.777104309270729,3.904782593392176,3.977549968372902,3.999223237597934,3.9576388877229505
75_3,3.081393357703447,3.1013067787121327,2.798987430939451,3.264097857580755,2.855735522907159
75_4,2.9423785735461205,3.0047038576462524,3.02849073051181,3.48648668136651,2.962327878397713
75_5,3.994758089879756,3.90433073766538,3.9320747800075884,3.9921407482040765,3.9768645169954153
75_6,4.562099155315521,4.015422397364599,4.095257320924347,4.377375362134304,4.047303032708937
75_7,3.92446724667993,3.436139152697972,3.7767546776456418,3.944832937756091,3.7886060920528744
75_8,2.5245961199689124,2.430783814327178,1.6105779693713311,2.5002459018798797,2.8448876714105924
75_9,3.147153025464743,3.215514505928918,3.9144905059549746,3.979658806136788,3.930783409221126
75_10,4.059912382368529,3.991995697715519,4.002194800508025,4.041851888824551,4.0020825612209725
75_11,4.777215907667974,4.005471301750264,4.0419989928225215,4.164227617895156,4.0256679538680835
75_12,3.8809740012375484,3.9781194309277597,3.982437246896583,3.9914134908396024,3.992936817964535
75_13,3.1767112807642954,3.7299933500790514,3.923728148185618,3.9865337905916256,3.922361218124586
75_14,2.9806467152134455,3.06953950287071,3.2378587884418084,3.6605028648355034,3.249532979845641
75_15,2.2196282331339536,2.7894849970657933,2.457233241365307,2.455364329442462,2.3104470919125504
76_0,1.9712920045790705,2.0892756536234036,2.131909921061222,2.13141850735339,1.955707705500072
76_1,3.437128128263104,2.89444671707414,3.2033435493626237,3.5520903233351016,3.3489563560049485
76_2,3.0593783168591266,3.0217809498454073,2.9955652071223122,3.1953125603665367,2.8329082172752407
76_3,4.000568178378796,3.995532570040915,3.9969071429917884,4.003929595184967,3.999250745541094
76_4,4.001249703690043,3.987946170838374,3.9862654136813114,4.000963454767831,3.994333243785832
76_5,3.0104101788895528,3.0127906448590966,3.0771164765715224,3.6773199546056463,3.2085041367104217
76_6,3.0754285759202893,3.2203633359184765,3.815898367624639,3.98761006011942,3.912787412224003
76_7,4.0109265879776625,4.001341949888882,3.9999491046059132,4.015553774556746,4.002546070405568
76_8,1.629923714599482,1.7897978459605364,1.6225708599365654,1.4533300682179884,1.392414856948126
76_9,3.042836225904639,2.720740931482729,2.5910005352056085,2.981063818592693,2.6289591169921644
76_10,2.9738585459352427,2.8279698692408717,2.913729191315254,2.932334748028561,2.5638406672513208
76_11,4.0034692973712245,3.977265636745151,3.9978549897618785,4.0080910124865525,3.9959419426465743
76_12,3.0,3.014333267384325,3.091366461711931,3.424556461468782,3.3102451674209727
76_13,4.013387110625955,3.9774016209261616,3.979912332046132,3.999932768381327,3.9966902756329814
76_14,2.0264076461646785,2.309256361729993,2.116986552843099,2.1384237324100153,1.8986879886290686
76_15,2.9065619760025756,2.735823322353011,2.999743594967074,2.868939385623335,2.854953944776489
77_0,2.9844860303795397,3.0033438269209123,3.0725160376324943,3.3801396612445287,3.1281163610167844
77_1,3.019805732104969,3.012751195112448,3.0377859936454343,3.5410985560990857,3.282001359906622
77_2,3.0377340136051223,3.1084429512761558,3.207577035048088,3.738662092157443,3.488062835845099
77_3,1.8531498220111284,1.5791461974897891,1.6900950911918922,1.5181929339455134,1.7192702598362963
77_4,3.072701520681522,3.4991657473428277,3.7305111657484384,3.984261009016425,3.816731867006211
77_5,2.0010503550810386,2.043518383906097,2.134842247005043,2.1559294260158133,1.8383415997529575
77_6,4.0013608454708605,3.994058795904232,3.9882052352581225,4.001803750610815,3.990554046644811
77_7,4.017639983548658,3.9844185848204865,3.7306573435407158,3.9974750988596934,3.962409998905581
77_8,2.0694001933549337,2.9087803336245077,2.2150366468782177,3.2046961722374205,2.8656892225432595
77_9,4.320733141904251,4.00305307252165,3.9877166750538415,4.004611691780741,3.9996109925627046
77_10,3.7767913054009457,3.6778201290653434,3.6140175948350914,3.9820414967040274,3.9140572666576823
77_11,3.9243439454625313,3.9526765279943703,3.8158899925319787,3.996058405414742,3.9462955772015427
77_12,3.320428576690316,3.7768413966434142,3.6783669790384423,3.9519144636129084,3.9237853006530123
77_13,1.9951952686338663,1.8645899812043987,1.579254224729613,1.6030019950477938,1.7100625781090708
77_14,3.6222081930227943,3.1015241247666334,2.96960631512026,3.6779022912783432,3.176803787914981
77_15,3.265599145289044,3.1304163459628778,3.2258893992082776,3.9440519026516054,3.7941745547951222
78_0,3.0016322287012507,2.979696450053563,3.042062508096934,3.7280549086812065,3.276715520696099
78_1,2.9960765035699053,2.7672678091445304,2.600127933136786,2.8967310280565433,2.8463810353562606
78_2,4.962584103403788,4.047328722928686,4.0292231123221915,4.147959619097737,4.059991915438672
78_3,4.047343668652057,3.994525129058636,4.001043273017908,4.012217293687997,4.0034321273147455
78_4,3.994991015506771,3.7770134416244723,3.993486446688495,4.000354104974026,3.9988730478922974
78_5,4.67909799047617,4.010674637485561,4.010870354206743,4.106588001892349,4.01378101193578
78_6,4.9240537963466755,4.04729711481086,4.075777809446902,4.222610643359571,4.015822414985105
78_7,4.377469145185216,4.007402518450522,4.001470312259869,4.025814557252885,4.010893555741309
78_8,1.69401245748721,2.041222731030917,1.2544148467579959,1.7976837799906955,1.9645215971082852
78_9,4.377433092618779,4.009396896585163,3.9988730346372776,4.013869079986747,4.007364652415785
78_10,3.011331765270971,2.8670475484138103,2.6168746876415465,3.7406185734792423,3.6112680419570746
78_11,4.962584103403788,4.047322564371207,4.042018432316457,4.147959619097737,4.041994416386026
78_12,4.679098155314957,4.060014693738153,4.014002515616804,4.047347773840593,4.020248771115649
78_13,3.9860898997229195,3.9046708193455655,3.993486446688495,3.998457356639923,3.999331540551017
78_14,3.9772685595065607,3.9046668869603587,3.8174989711224523,3.9880647892302674,3.9624787609391063
78_15,3.998936753451503,3.952688687834385,3.9962590445953756,3.999546809654115,3.9950341654052948
79_0,2.2185240816892384,2.4143669837272332,2.508760357366238,2.8158668868392365,2.6788550328368466
79_1,3.140655397398477,3.0241044779424495,3.0734565576332518,3.02115357565044,3.6558207573788333
79_2,3.0070734221135744,3.0472780659810432,3.134262420991844,3.3577210048061064,3.2503557149735083
79_3,2.9451173665700345,2.8254059115327,2.9184559148397184,3.156128613300207,3.2740106834303395
79_4,2.926918361166167,2.9808185667557465,2.8930735546724393,3.54092904761474,3.2576748977206513
79_5,3.5602733629131107,3.4355695107805104,3.914675720416448,3.9906422943763897,3.861365440091205
79_6,4.222606321654313,3.997377831571106,4.011211558082755,4.1478658850028305,4.00935678168561
79_7,2.0342194243467797,2.091898149496467,1.9000810038868432,1.9475497801372081,2.2087348980490753
79_8,1.4410456256478585,2.022239579453221,1.1509771071963273,1.3742412593293296,1.397365565344319
79_9,2.955741042402394,2.8635114663921137,2.895356686015107,3.0492789477491815,2.7932417445386792
79_10,3.0727158357029594,3.0244586643122653,2.951959552859341,3.6655296603031755,3.528595499410968
79_11,4.0462078023554575,3.984747337232821,3.9999478413107163,4.041852187028449,4.000322405060829
79_12,2.9792604521134534,3.1173111315239046,3.355094373962017,3.526982839357852,3.41392729056843
79_13,2.0399277034686403,2.213537754618978,1.465081439197072,2.0847302001161387,2.3720091324514567
79_14,2.9792047182473067,2.7110397666810213,2.6006481784750775,3.260939257678596,2.8510470735200846
79_15,3.3179704825772935,3.1324671763959406,3.4308778304072285,3.942621277635453,3.919538486257135
80_0,1.9848168397943995,2.039317858254748,1.695699736010822,1.6049724777114527,1.6695835475208036
80_1,2.564776717772554,2.747903609353198,2.3918897750537313,2.593237886321209,2.6963253373941893
80_2,2.9826166049611795,3.0052333549774364,2.80461879187729,3.367807080738513,3.2651399511781865
80_3,3.9399874342598338,3.622186025813461,3.620992009155679,3.973725598804443,3.952191616313363
80_4,4.006262727428513,3.9822941380944483,3.9934338391869266,3.999944810790906,3.999251446254156
80_5,3.9970660611222004,3.8519084669370076,3.8806442096845983,3.9839253073339336,3.9770362325531505
80_6,4.003589375669576,3.9822220068292586,3.993308165461648,4.000958635920622,3.992689617894097
80_7,3.02327500961592,2.81974237699637,2.9462638695084915,3.5087951665796093,3.0695247305412408
80_8,1.0603541021114455,1.529669473675081,1.2464926275514552,1.172836134587684,1.1606042929724905
80_9,3.437628400725801,3.5604921653859427,3.6212735896361785,3.873271929490791,3.7970353917958986
80_10,3.852026312468381,3.2432778557546964,3.3755512830806853,3.989573244824434,3.833065406459328
80_11,3.9966839793306708,3.9324661381257435,3.952500568471422,3.9765294195502303,3.9705707787898605
80_12,2.9672777125697922,2.9690739817188483,2.9296641722539176,2.880068883352092,2.865758176172704
80_13,4.037072869793729,3.9708761100561345,3.9846416146340573,3.9958512950574003,3.9923428539331858
80_14,2.0365226105418013,2.1023383282529373,2.3718645919340324,2.1777570546212344,1.920813194358256
80_15,3.1750868021828706,3.037770428348817,3.2587766957228466,3.6235658986942787,3.268324674189147
81_0,3.005486691703567,3.2599490506255124,3.9143238422103517,3.926959343655345,3.8312461228518053
81_1,4.047290284815592,4.008230939721705,3.999177264455536,4.003846980226707,3.9991763348909957
81_2,2.914271861321848,3.006470038631539,3.1492305717090985,3.0843381245505928,3.088719917292086
81_3,3.0,2.9996978153056606,3.171276725094129,3.4003717476244115,3.379826527630695
81_4,3.0917854805942393,3.363972776741494,3.5514405214147873,3.9668512522605464,3.9306531256975665
81_5,3.060023007489858,3.157468318638229,2.999959491288409,3.6325921919558994,3.4327095499807205
81_6,4.962584070177929,4.075683577514704,4.041990551793387,4.222562259870401,4.075663144645707
81_7,4.147900166771149,4.007494745289913,3.9965054858070146,4.008226910768906,4.002985256153194
81_8,2.0183951185038103,2.631256725584363,2.1333829412787337,3.4340417477825884,3.369354138619208
81_9,4.1823375486925976,4.037152690160969,4.006718851164738,4.037087382201948,4.00236778314973
81_10,3.0529720775999993,3.297410676781394,3.2589278690386454,3.916927911996965,3.500328587414465
81_11,4.976933242755996,4.095201615566916,4.119118755893847,4.0849454039112585,4.037186887142294
81_12,4.029058377619244,4.000939645900252,3.9983935101214954,4.011824181404167,4.002372504318872
81_13,4.90456329679734,4.119066746679821,4.0227231084945725,4.320683507933657,4.0418911323175255
81_14,3.7750922478855204,3.729090711213605,3.2294704456790213,3.9452100389992486,3.8606227352898554
81_15,4.003758800377452,3.9898367794437615,3.9895386245093882,4.008032469970367,3.996676868631559
82_0,2.9577846554966407,3.14294572393057,3.6776901159079816,3.8368089189856747,3.698697941084832
82_1,3.3204285829380322,3.621952282820009,3.8353397978620682,3.86472019043249,3.9036291804627954
82_2,4.002370845232263,3.9919244671754983,3.998392332841682,4.0009618518428605,3.998501610846619
82_3,2.883928199495117,3.2109071947382826,3.3121683345876276,3.4072217651314816,3.604304712022048
82_4,3.9628845526837653,3.9466835421848723,3.939892283417098,3.9894919455344646,3.9891215528200767
82_5,4.059896078090764,4.001509551165742,4.01223899117453,4.029108302765024,4.005762673061286
82_6,4.001422860396157,3.9997729033359084,3.9995832772172255,4.0017919260087105,4.000684448835767
82_7,4.00149658048515,3.997634958269553,3.999891567278077,4.003583132354521,4.003102644834711
82_8,3.679083132784658,3.9465712524790106,3.8352950999751854,3.970592197010665,3.9738948221316046
82_9,4.010840609256538,3.998026898861827,3.9985441938089847,4.000240334515009,4.000321414414108
82_10,4.095175089724549,4.006261202170094,4.013871459956961,4.029160592700928,4.029197065805536
82_11,4.095189527104703,4.002493725239788,4.009452267748064,4.0258191235688034,4.022626646588943
82_12,3.376763058682858,3.2170804657230025,3.1396712761902443,3.573404616067379,3.4029536580098707
82_13,3.0706654913461997,3.55832944924045,3.3552640076355784,3.7173359185605923,3.809012475649705
82_14,2.818650829342125,2.7417612442881625,2.7762322849487364,2.8111144586369177,2.6932303625632246
82_15,3.111724321885796,3.1649984883304167,3.5462836285255177,3.4745904547343383,3.4664638249732875
83_0,3.9045675217342386,3.817358211885883,3.985981456975772,3.99932308554191,3.984085565075864
83_1,2.3208220579745937,2.6552319809133538,2.434174336403738,2.6188142373897603,2.8675711315166343
83_2,3.6222626246614404,3.1107459524987213,3.2183327039012766,3.9865010183303937,3.8797429629659463
83_3,3.376843445810697,3.1456274289458803,3.3577062693507607,3.9737597014297923,3.879798219294904
83_4,3.4985671006786543,3.240174490308298,3.0240934573487763,3.89791426490311,3.7225977606355323
83_5,3.1470344757395634,3.0364569353904898,2.9657843548343146,3.9209340971244644,3.3282089767478715
83_6,4.00028165376693,3.924107856234559,3.996734941836907,4.000333734938329,3.9978544284615514
83_7,2.9736497690985693,3.0774937316033317,2.8719158801354636,3.832621145496268,3.3793671956471933
83_8,2.029568446584148,2.3420865556873163,2.429763146451223,2.208329869297652,2.0650675808861343
83_9,4.010870633142119,3.9998272856675956,4.000493785097608,4.010790145625806,4.001577150912234
83_10,4.095246354089539,3.9797653903012513,3.986129645264824,4.0012003544787875,3.997769837512
83_11,3.8807225387737265,3.374863118915486,3.7290035173279352,3.9818069032028482,3.7214775594957947
83_12,3.963053640380621,3.2671594102257835,3.177964196540713,3.9893143432102756,3.9317521406977276
83_13,2.906140160011392,2.9408540049030023,2.6561695620457346,2.9751126386667757,2.984660604629618
83_14,3.0917854538655862,3.2183268192414527,3.677026890092418,3.981720174159859,3.814367413308073
83_15,2.9691530824820105,2.899381242625927,3.0883928754323753,3.4007019081994327,3.230793839908013
84_0,2.99791962784571,3.0442216090944516,3.262721440955035,3.5959705705073985,3.4389717901396164
84_1,2.3207724580247495,2.500028862711457,2.637572787914689,3.0944742965139764,2.723068542145004
84_2,3.9936372367530124,3.730480395697707,3.8805390332339287,3.989342335349405,3.9796705612027985
84_3,3.499690552974332,3.4361262727801787,3.5597983811947937,3.952165291882885,3.9626583554489403
84_4,3.114654055140469,3.2155058802268357,3.2618921083676136,3.6888531264032647,3.3407226768553935
84_5,2.5007679880016354,2.64135224824816,2.0136588272438147,2.1775885954339023,2.1616068102374784
84_6,3.9398865578235487,3.4985896027639662,3.85158313057201,3.9793569351363525,3.7729644689167414
84_7,2.9973335006404143,2.9623568371594526,3.010068333965334,3.269232712863914,3.0961683512039735
84_8,2.163286403431818,2.2464290841178007,2.3166828711631413,2.311366650169693,2.227525935797793
84_9,2.959254862343541,3.0830195512804663,3.171786594631584,3.4393569199250753,2.9664653017554885
84_10,3.904749423439641,3.8805105623990896,3.880590154994528,3.9903988354075666,3.903350370929479
84_11,3.971068461538142,3.678390305479938,3.92373582324937,3.991696750114359,3.8151274198358105
84_12,2.0756963715795154,2.628743131300564,2.332566733919424,2.27951397650292,2.337440966884906
84_13,2.8215119978527197,2.974280510905577,2.6476172065345374,2.7845341584028014,2.7157229551283817
84_14,3.0162526466374477,3.047692637360539,2.957063149564312,3.2695527967214493,2.9554368373030333
84_15,2.8874023586829467,2.696056957423033,2.854776968879375,3.70482742030928,3.114297016234005
85_0,1.92610955258643,1.896445535307376,1.0687453941344096,1.5387943206533914,1.2836986992441117
85_1,4.777216435014163,4.009517124309209,4.0201969660793315,4.106594699648989,4.015794695574566
85_2,4.013717386459902,3.9879486395390997,3.9821640402636214,4.0083436588497205,3.9991763675021694
85_3,3.999404054486332,3.9400305337136214,3.95251924565894,4.000098135554566,3.99636047962337
85_4,3.9988023343535644,3.992802375474358,4.002370588515285,3.99977075142458,3.9942684568725246
85_5,4.004941990475054,3.9948420064395327,3.9978058497282722,4.017698959458723,4.001505272315524
85_6,4.562099345106885,4.00556378023626,4.015815048724971,4.16443293376677,4.012339581681137
85_7,4.147982658828539,4.000741036467135,4.00847559380916,4.015744709293926,4.00311043199097
85_8,2.0504343965167697,2.1396490012812692,1.860156726506342,2.258432540287215,2.2828694631090354
85_9,3.998479738967003,3.9146993785407362,3.966960814728824,3.9962274773891684,3.9903367651933155
85_10,2.885345943474893,3.0308104171558212,3.3654482556163465,3.951375244373356,3.379191772605696
85_11,4.880710597679673,4.0228729735408875,4.04734749808755,4.320743165869442,4.033020623869455
85_12,4.037224752076018,4.010840414923025,4.000145456250172,4.020212972658659,4.002546847057208
85_13,3.0088439721595073,3.259954489558537,3.123426365182486,3.8889949681723404,3.674610896641503
85_14,3.0080232730713625,3.3668507917382278,3.2415447013415575,3.9276548972360774,3.3982054805143376
85_15,4.00056531366823,3.99166740980417,4.000070098522494,4.002487607276505,3.999002173047436
86_0,2.057682433747496,2.140312787896979,1.9066206458772141,2.319857425357198,2.124259011538805
86_1,2.778107610672013,2.886993883497801,2.741433427265122,2.72679617496362,2.4725204377511965
86_2,3.9773082465005425,3.904708052802481,3.992480885114699,4.012198887437787,3.99690576396347
86_3,2.143635673461391,2.1000503771603753,1.809647883139354,2.1637100322709455,2.060565850545271
86_4,2.623522777600088,2.83396953956353,2.9349921957130696,3.366714158962665,3.380239858290222
86_5,2.6802503377306195,2.918416639336825,3.073796367487011,3.021011645898528,3.1768461786796873
86_6,3.953434072479835,3.958140710558144,3.7762871657885277,4.002575636482659,3.9920100202601096
86_7,4.007974574437213,3.998703569620616,3.991602476275563,4.00181534398423,3.9997292135527576
86_8,2.1142627087145645,2.124242286220569,1.3396940202929941,1.860648994158248,1.9502408545092538
86_9,3.9870559309806763,3.560798761847769,3.9239302694963096,3.997815704530868,3.986114478986624
86_10,2.883555920316768,2.9525486983065283,3.0593554095270066,2.8766897693654307,2.7705081680212142
86_11,2.6796228104192057,2.682388056989765,2.002358262297311,2.508935695243658,2.495370795832025
86_12,4.562099626460468,4.047346910118936,4.003363743460676,4.017723956106196,4.009452765481345
86_13,2.1799278571690315,2.85051845498718,2.8532151620767037,2.876966462815836,2.663790820387867
86_14,2.058654664104178,2.216494369250865,1.4805851318520382,2.2427842567227296,2.1403475761974957
86_15,3.024095305469248,3.7764590992913356,3.9461068999869835,3.9270885510504288,3.6987003177476754
87_0,2.6803633744687576,2.960157002699609,2.999926116665221,3.026460095383441,2.9021830950878074
87_1,2.118010645398362,2.4374855443202392,2.1057143936469966,2.125476489419279,2.0619270566612475
87_2,2.500509471932424,2.8688511584701195,2.312253337906453,2.476803801013154,2.561170202091747
87_3,3.0,3.016143586813866,2.9674084485298926,3.0591627731992577,2.9984835806993195
87_4,2.267097695498927,2.8069508142853463,2.422013709151174,2.7999219072330717,2.354021874927165
87_5,2.7802768656530144,2.951759662678722,2.9857415138294288,3.0240908306324803,2.9975894237097465
87_6,2.9970182945668955,3.060029101114245,3.129985693725522,3.188705496225091,3.0759466534827062
87_7,3.9527041678147112,3.318000172797591,3.55760902370436,3.7860386666087753,3.554652048445469
87_8,2.0817319453616094,2.181935902765722,1.4648174913639629,2.0625534072006064,2.070273268940964
87_9,3.6786361019468816,3.3179928901869316,3.3155304561522567,3.7887304911051722,3.50366677798012
87_10,2.9850256163549798,3.0754533764721863,3.728934480418707,3.7216296616529863,3.1908426183014766
87_11,3.020739539527997,3.1140568139562648,3.619623670075719,3.6362931481663536,3.249854851488271
87_12,3.6223899987777983,3.0551602495446084,3.434923022429168,3.3358054533149835,3.308089440868851
87_13,2.958474383353544,2.965392479272033,2.970282012102992,2.9982944057695353,2.9975894237097465
87_14,2.7321453918079164,2.6254029514728416,2.4124702402812472,2.917908750897222,2.717141059905638
87_15,2.9557410386468437,2.659933637764165,2.3811746232387323,2.4975313598702322,2.453528562068368
88_0,2.4386563027715678,2.7910785085170855,2.5173072697179975,2.4733731910245287,2.371517552856282
88_1,2.9975903635638734,2.98558870462796,2.8839775291458234,3.2564713532847565,2.8990079271860982
88_2,2.2678712835455754,2.2668365136672546,1.9044635287955123,2.1565591729562477,2.1616126795068706
88_3,2.8554677986840447,2.721583960962045,2.104597070435104,2.565557375892474,2.424107775233361
88_4,2.858375615899039,2.601255500261966,2.3246755050449357,3.5157115853413967,3.173098648884617
88_5,2.6240777515129547,2.8817283054475555,2.22414856192412,3.5317065340518514,3.134411582155571
88_6,3.049998263652297,3.257438268096569,3.542032518749324,3.866928746774087,3.604152696954985
88_7,3.18164443952107,3.1774091392153183,3.0695619572894253,3.910211433724324,3.7435607870961776
88_8,1.2245967509505857,1.9637089383946937,1.0512625304779089,1.669944282602919,1.6197990906625386
88_9,3.045246934147305,3.039370304823033,2.9757769277665824,3.674342997227777,3.3254954757697357
88_10,2.0120433350804037,2.4476386927164464,2.081785062364466,2.1784946156524136,2.1399942282662012
88_11,2.378322140558812,3.2522728891201447,2.0064496205690494,3.631757044925112,3.182537221735179
88_12,2.9074286077617635,3.0371552788292036,2.3214971342841357,3.0539985757956134,2.9200376313609087
88_13,2.967887621972477,2.8962002119540804,2.580649712193962,3.2003841689307255,2.8667852170347863
88_14,1.3789419414693256,1.8487317501504155,1.5161993600874932,1.6010075996805788,1.5388286472227886
88_15,2.623031793482852,2.566513643317562,2.554539754342355,2.8098651316256404,2.76063993021975
89_0,2.0870848444086207,2.288726062180483,2.2658652648383524,2.2480906163642738,2.3088705809926116
89_1,2.0222286352922914,2.7421739864739694,2.0582563352588363,2.215374950129887,2.248760007048053
89_2,2.9061401614526243,3.005807523471829,2.919442188215105,2.752322244454055,2.6948713630321386
89_3,2.047116156228309,2.5726131812585957,2.0996367781843213,2.372898451957905,2.3260084031281756
89_4,2.2226900731558956,2.759927461687871,2.4386250975286616,2.3660307122401267,2.600192152057517
89_5,2.0471161574214247,2.5726131812585957,2.0704700562062075,2.2780238663974433,2.3260084031281756
89_6,1.9186567349137968,2.0773398511509837,1.735906091702446,1.9175685918122154,1.7976403571824295
89_7,2.0582305695912853,2.7379069569866274,2.5682595974875606,2.4241226981368675,2.6911307330197793
89_8,1.9536723712979713,2.8278413243798703,1.7920119222974007,2.3287795212838494,2.162128712168645
89_9,2.0467375243371677,2.9350607684855916,2.0949478250599127,2.549279126345196,2.9628981820024696
89_10,2.4378224257109697,2.6279202501167545,2.3779416510917692,2.301156137594125,2.7014060242234508
89_11,3.074539122774294,3.1571705924704583,3.430046124749135,3.918397353636946,3.6318306770369033
89_12,2.5000256264464933,2.74203308172146,2.4300664852729437,2.4309244180793677,2.197364853645491
89_13,1.438912431178883,1.9491630213347362,1.5978097023967335,1.4482045892356343,1.5368592217802612
89_14,2.072347188865656,2.624123677286262,2.032808662337281,2.385109925200376,2.370753294967336
89_15,2.1805606457651545,2.4358733747906784,2.0402665346005917,2.2902254853574955,2.2846071231665315
90_0,2.267386462079518,2.5980588798642312,2.730816795900261,2.5166213603960963,2.4511876650438604
90_1,3.180616810956782,3.1053727002357254,3.0839143529528648,3.7279527388666223,3.211955889309833
90_2,4.037217880583755,3.998316881299538,3.997155588838451,4.009451226785788,4.000313236798178
90_3,2.9900061398130457,3.0214841363378504,2.9221048893169232,3.176422328400377,2.9275489208516388
90_4,3.3773354336719796,3.1797176563614538,3.2421012286144344,3.910784456205355,3.6755615338623566
90_5,2.9844860311502406,2.996619658963081,2.921911621517532,3.0794028328788476,3.011944873867436
90_6,2.949593434071299,3.1718332687751336,2.992352047635412,3.4510029924091152,3.467574876949411
90_7,3.9533273385836596,3.31668233501667,3.1730282410280126,3.9124050018376164,3.751706801887533
90_8,3.090777965234358,3.265155786883394,3.5554960290784656,3.55945996666236,3.722628714138204
90_9,3.0265129507032618,3.1133714852677854,3.046630910960455,3.5791419930563677,3.3254740482636302
90_10,2.320412907895112,2.7668487440075586,2.37906584429262,2.6907146302587863,2.8950545109244636
90_11,4.002511255650995,3.988313871435615,3.9626542794457964,3.998785870040973,3.9977002715499403
90_12,3.377279308995642,3.1800304360287233,3.3196255987115824,3.9034871730200305,3.6763636617737006
90_13,3.0587651285196373,3.1580003983292926,3.143533567904131,3.7406666784833114,3.4927150252934793
90_14,2.2687911470021955,2.2102312383804965,2.2834736024686966,2.4674922192991855,2.1852972895567597
90_15,3.7771726784673096,3.170390885601698,3.3740542446045163,3.803212070033254,3.644146679663422
91_0,1.3783200373850293,1.2311017121017553,1.069782611995193,1.2507333412621924,1.2411786928140496
91_1,4.004457235001791,3.866275565808144,3.963168130699476,3.991517692902072,3.8447102849095343
91_2,3.9847640554369086,3.9471500809366296,3.904717917984136,4.002336406704921,3.937399571077742
91_3,1.9807013757887122,2.1222357177987607,1.019339321698948,1.891118151187814,1.7637927533664435
91_4,3.6785001047457224,3.6203729577665102,3.9800821719313313,3.9889207110481304,3.7907813424462167
91_5,3.4951603491839287,3.368195825475257,2.9997289209625233,3.6473805924385094,3.39111050449848
91_6,3.979149368989273,3.1361026173241004,3.1946754739836005,3.811720935703942,3.465725966831277
91_7,3.0534142151152106,3.0416522117035467,3.100243221421099,3.36941410528239,3.1241243150674145
91_8,3.9916686017178593,3.9916004931432534,3.9903375398245378,4.009358019397544,3.9914816465250342
91_9,2.3210133190580566,2.5039382168606967,2.3239446476311842,2.469523992332119,2.4860572187474363
91_10,3.3762479955073257,3.3736140460858985,3.553675610916334,3.896048110367677,3.7691146320733995
91_11,4.2688378195291445,4.000567331483526,4.001579977241313,4.028601769784774,4.004118958499722
91_12,3.142934674051105,3.1446885580010315,3.1080447278930827,3.0511040721671776,3.5407986527373576
91_13,2.8946862841411147,3.048065231824288,2.4001457790647254,2.4813134961616834,2.4187122510443797
91_14,2.8538101380362275,3.0274660094095127,2.922336163810557,3.72441407940208,3.0394293989259635
91_15,2.1308466755331996,2.5140818859591367,2.1236623640297267,2.853347300890403,2.3937661769994363
92_0,3.777024586574223,3.7764964546485342,3.9879202028874468,3.984259008747782,3.969932203586012
92_1,4.095069067625071,4.0036770910207835,4.041484138631341,4.059170574275088,4.0325416676338355
92_2,4.377444154493424,4.015302344628918,4.006501720694615,4.041632198707181,4.025794067644996
92_3,1.9831636304658682,2.3207275003692565,2.21280311098137,2.3022100103669754,2.1149865787539377
92_4,4.047195767822868,4.008038536001945,4.015770860983143,4.032590325983121,4.0107540540694595
92_5,4.679098301836403,4.0226653670988854,4.022694438840505,4.022424803920221,4.025669925770422
92_6,4.0357769795194205,4.005048767325516,4.02519675951832,4.059282999096362,4.028049387480918
92_7,4.01084062376376,4.003932397360052,4.000207329919353,4.004809391597155,4.002487281829062
92_8,1.7968868140627685,2.093216799307638,2.0015172170225206,2.3438648531827613,2.2026750399842014
92_9,3.9993317858827555,3.9847441667456116,3.992802321412618,3.998237259308891,3.992811470131438
92_10,4.027562282518463,4.007342865452713,4.019248860930693,4.035688724986107,4.058979640341042
92_11,4.851867189447141,4.182298890087191,4.119091673588766,4.182148553966503,4.1643447330663115
92_12,4.006381496223926,3.9988494190234474,3.997807652785762,4.003094333379705,4.0004766191650125
92_13,1.778613967904899,1.9857906351655084,1.7834089953717343,1.7242092519777776,1.7575750734282953
92_14,3.0922028211601664,3.497137274032965,3.616580658477867,3.903872798804209,3.8439261299763983
92_15,3.2188239670719545,3.9240900978381745,3.974160401776421,3.9940592753611486,3.974205213398055
93_0,1.9928141233630794,1.8652089710088724,1.1666407932847322,1.8132894425399326,1.8307126622925602
93_1,2.0592525544648024,2.325713837098448,2.1446611076298745,2.507178582888991,2.3428033014957763
93_2,4.009904595932166,3.999523797632378,3.989384275222679,4.00155795773071,3.9984303121956715
93_3,2.058860163939347,2.0501500801199897,2.0608088216473877,2.0519339900508493,2.228503443836219
93_4,3.1470344879652408,3.6218923724557177,3.5600747371399604,3.873693370062666,3.7897307371139037
93_5,3.5608206158368376,3.7758482402485605,3.536308743077896,3.9251073638146954,3.8995139636125913
93_6,4.437711342655174,4.022766055485865,4.03716540498863,4.106570413349449,4.010809399261333
93_7,3.924571413164449,3.924388951895508,3.6184873361083665,3.9610185586401965,3.9704727822390726
93_8,3.986797506291329,3.9831269180637667,3.407198261451335,3.989302334133342,3.9860051237931677
93_9,4.059701295395509,4.003844141155575,3.9944178628685254,4.005037240096582,4.007229200487588
93_10,4.880710635916154,4.047078010973411,4.0179034594424765,4.053003538754273,4.020167757810855
93_11,4.851867217142301,4.022817219266241,4.037199766807801,4.052997725680604,4.020200843278446
93_12,4.222528362188132,4.007265666993207,3.99711234872864,4.010634150416066,4.0025669177894185
93_13,2.986588177235987,3.006666746126597,3.7244973377388435,3.9353268535604786,3.789652218183634
93_14,3.7309061018269394,3.9046367998086096,3.7724062257868614,3.950446921309401,3.9572200781879494
93_15,2.779306388117018,2.8186903677881663,2.805117111028706,3.0227213391671204,3.0962869678293496
94_0,1.119703252877658,1.2403946758601392,1.025101582870594,1.1064679864034397,1.125854302217837
94_1,3.268189961905945,3.6215889534610626,3.56092650529136,3.951801711997375,3.7507861201045114
94_2,3.1801382315083333,3.213615615795091,3.0815153137583056,3.6235872125538116,3.5512734420178944
94_3,2.943076323829756,3.0330969480167096,2.915301096843032,2.7373916780221794,2.6550861641721335
94_4,1.9911335637838172,2.1116263801045903,2.198532400604082,2.0164604698545427,2.0355510471758267
94_5,3.4997336823484364,3.1008409843377462,2.974303080268877,3.4633201051481683,3.05146196103193
94_6,3.9633116524316367,3.9712334227875172,3.8478709934369566,3.970361984898366,3.9231754058453654
94_7,4.006016410688292,3.99494921556992,3.9892606990265316,3.999519438074844,3.9991108040760763
94_8,1.6363235797858382,2.665472012913137,1.3533737612800738,1.7766813739802265,1.81441016283987
94_9,4.0469453245813645,3.9529715113074855,3.7299644239505407,3.9931688273516692,3.95782775733754
94_10,4.562019581379465,4.009006103672714,3.986452521362073,4.032646519197307,4.00547845078172
94_11,4.679056395624077,4.028826232883698,4.000821618051868,4.029048177727311,4.000614839797911
94_12,3.9917080010652723,3.9241236889978874,3.8517752177650575,3.961718036376161,3.9315000785192824
94_13,2.562559416689858,2.8798999627926953,2.27469217636025,2.815618882423662,2.6690122227668374
94_14,3.181860335138796,3.041560428135949,2.93721713331611,3.081938047181647,3.080778989012052
94_15,3.2163253905585307,3.4264227639518565,3.29429523720081,3.4331296069600516,3.447351325313388
95_0,2.0516476863498037,2.13191417495969,1.963148953680033,2.023495136368488,1.9670490798894522
95_1,3.0460610245615594,3.096442007967479,3.6172407043390993,3.9213212312632817,3.7700870826526516
95_2,3.982516568040371,3.984338259861473,4.001248847922321,4.006302401687278,3.997856501291958
95_3,3.0,3.219277472418691,3.182171053972294,3.8064933366029283,3.4863173795977946
95_4,3.992135579061323,3.962872039573557,3.9920760533121933,4.001097148296294,3.995809161423546
95_5,3.9996216558003432,3.9997231361034493,4.002210973267587,4.004123342503871,3.9996549810770765
95_6,3.9960548390946684,3.9954386750091517,3.9985095828821415,4.0070901432395365,4.001325721764319
95_7,4.000844442739834,3.99752868472979,3.9982020554243767,4.003681683919693,3.998312458935031
95_8,1.5273904327424497,2.2898279384220155,1.871708246808138,1.968182135112993,1.4889675734588612
95_9,4.000630642976894,3.9975787735765262,3.999780130955652,4.000460473353056,3.9995422137076373
95_10,3.318890407878643,3.4342945015051867,3.9397018484595496,3.9515176697288568,3.6409195840736936
95_11,3.9825900745923595,3.9862645409583175,4.001071918499667,4.00392656072805,3.99864742552199
95_12,3.018330826975647,3.620786169485429,3.6782548800796584,3.8129562259662158,3.768083868740294
95_13,3.268377013825503,3.7306509138843715,3.81479948389121,3.9011610381320776,3.482520849805527
95_14,3.0297574713705018,3.498599274737408,3.620534904598864,3.801434766113622,3.3662750086596986
95_15,2.624329174851613,2.522565631797623,2.7391969961305938,2.7332107665006222,2.2966911374156602
96_0,2.2687349512650363,2.88922485491107,2.8880228219419815,2.833489311248277,2.9448619258230435
96_1,2.996524642208011,3.168830508728795,2.9915708652938178,3.3224001340256915,3.0980272704429224
96_2,3.0094099870631066,2.970434535571519,3.0661275126909637,3.1751842373011283,3.104409854657444
96_3,2.9635428048843124,3.1040587260784704,2.9331279087902256,3.275957906833551,3.207989895418332
96_4,3.9961408288162903,3.9893871588582326,3.9918360735010396,3.9953385945736115,3.994939665829011
96_5,2.9635428048843124,3.1040587260784704,2.9331279087902256,3.275957906833551,3.207989895418332
96_6,3.9957297467304245,3.984752939643204,3.998277306994352,3.9955319292775893,3.996553339893206
96_7,3.8515425722579404,3.9241175169255795,3.7743692216331124,3.9093374442847244,3.899349131065348
96_8,2.565806732705189,2.6348161991222456,2.0595486407694215,2.642874234020917,2.361059254774819
96_9,3.008279014137411,3.261931410770491,3.238011638630056,3.346412455874993,3.1402677229679408
96_10,3.007000509549841,3.261931410770491,3.238011638630056,3.391869402714293,3.1402677229679408
96_11,3.62216210352827,3.9245809377487864,3.6210352699633135,3.976813476604035,3.957831600274252
96_12,2.9829317213295767,3.1614304918906044,3.030759968368593,3.2893220294828875,3.152142203958656
96_13,2.995644341594349,3.109633568699996,2.947298080754355,3.4329762461556923,3.1773532697718303
96_14,3.181430134384267,3.174154917643572,3.1538467185118177,3.9373227034132237,3.7859648350453794
96_15,2.1758422730939437,2.73203274211344,2.526850079543662,2.7571827646383076,2.6811802644636167
97_0,1.7800185479742816,1.9409896161189866,1.4431901302697028,1.4023850832881484,1.6089499361456594
97_1,3.221589142806944,3.2610599303445174,3.205568290416457,3.847321495673431,3.553638018698989
97_2,2.6804305900951015,2.983920227880079,3.0134958997366437,2.682609965594233,2.646033070204199
97_3,2.8231093738059316,3.042801545374625,3.027730326917287,3.16624120374998,2.8554924485633926
97_4,1.9702925425137916,2.0207118566078694,1.4645450692531736,1.530214134895711,1.7622822447564288
97_5,3.1817638564009263,3.561092569132814,3.4956286809693786,3.9576408361822004,3.9398646032035862
97_6,2.9611350682981548,3.2599607266269137,3.34525356489674,3.7526169265560396,3.044917206464806
97_7,4.022496568389898,3.9978086307099288,3.9928029821090996,4.013455828725612,3.9990544124196257
97_8,1.7866204685396732,1.8636138328240919,1.213624822679214,1.220098581660825,1.4013638801084463
97_9,4.730969700592608,4.023106428939618,3.997687946057169,4.004680120505683,3.9991759661794934
97_10,2.117630013419513,2.501849600029258,2.492356342981807,2.3102793973208517,2.20138321245898
97_11,3.8807168796234475,3.8515252285410773,3.9771068929673614,3.9999469127481184,3.96687167937754
97_12,4.320603812473035,4.009396669379672,3.99962102977089,4.059947878220978,4.009427060168335
97_13,2.99423296727858,3.0333765336265,2.946736568041553,3.5242725842992297,3.169498654100509
97_14,2.49978768466539,2.829004716808731,2.205728922279732,2.6666246457144993,2.3806568979498306
97_15,2.0555523014317205,2.318027984540875,2.1446657122071917,2.201673767545794,2.1915420866559323
98_0,2.9186006994307543,2.882237753857177,2.7014303830776707,3.164479386069108,2.8657338126596392
98_1,4.003077166531672,4.0021255421351265,3.998783119270568,4.000798816399802,3.998508366286296
98_2,4.014003182665477,4.002740149456572,4.001043447316264,4.004488644320305,3.9998412628554476
98_3,2.9427057833931647,3.0174937122991445,3.0385925623505803,3.486352886673551,3.1633824803144837
98_4,4.0757936910103245,4.001672548222471,4.00055131081398,4.005067567204922,3.999333503261366
98_5,3.8807277851208934,3.998677115713147,3.851629497543661,3.9991550723079525,3.987698491212807
98_6,4.004507972895171,4.002568842137766,4.000893459960087,4.020212887959066,4.005680521413829
98_7,4.0051532687971205,4.001220993358483,4.000355529316264,4.001746784154274,3.9994887593058976
98_8,3.072943355311788,3.0218722742356854,3.5884100614729757,2.9295734005497716,3.1202997127958576
98_9,2.8192227321193877,3.069562458851551,2.850811387567844,2.6403727962754964,2.934390583057026
98_10,3.8807366802026615,3.8513765668075917,3.9045115390471254,3.9960772937943756,3.938724896544617
98_11,4.047350575941569,4.0079704830856935,4.000056018079177,4.000490921632401,4.00072004012515
98_12,4.000679220001379,3.9969560502172996,3.9972336480017434,4.000562078286215,3.9988751896892833
98_13,4.006602588001428,4.002281701364393,4.0004922382404775,4.005759063833169,3.99958379991444
98_14,1.9831757891982806,2.1426449728145553,2.035531933795514,1.9680345727691442,1.9991449721342989
98_15,4.095286518395025,4.000491650393685,4.001696441989238,4.002954203896594,4.000166522589014
99_0,2.948465312731137,3.146977041788514,3.4879852478201157,3.877084558363017,3.564038338980739
99_1,2.732609028813076,2.8248354814831473,2.7087608634035436,3.180393167818578,3.0076776638446625
99_2,3.3740802838170225,3.8172529153657258,3.982639232582044,3.992231364497559,3.9027746797589504
99_3,3.437164532895303,3.85185497402071,3.9625560951760357,3.9695627481780247,3.9614094374734763
99_4,3.678771475472631,3.728734127894583,3.9522489913083314,3.987076752339661,3.9703297828244626
99_5,3.086841257966828,3.1469831960684522,3.115523019001031,3.693880420572268,3.48326709981604
99_6,4.022696493923765,3.953167372430188,4.00330937658853,4.005143375482074,3.9978063657401126
99_7,3.924019567319758,3.8168423130777716,3.922954695013326,3.9919449516004195,3.966335236993978
99_8,2.7820961585889274,2.933279408628844,2.4276914576925064,3.7508548729847373,2.9106980471556834
99_9,2.7816779462545265,2.8075967588738013,2.8927812139892475,2.8898388577394796,2.8864609337318567
99_10,3.0556104800582817,3.259968510017905,3.8134969940028087,3.94170945449317,3.901035879268116
99_11,4.001425845556701,3.99199637505536,4.000614247216897,4.005369072173407,3.9960811976190485
99_12,3.2145281179758785,3.316701386439462,3.618835733913844,3.929914792419442,3.845543766391621
99_13,2.147775671796608,2.3041092308671867,2.656613457293364,2.4369752763280452,2.4876966184951326
99_14,2.269082054801666,2.957241528229307,2.377930208566562,2.576424670329924,2.8457285292828995
99_15,2.955763824693175,3.2007661183411957,3.3692111963109856,3.865237868485797,3.53247052090886
